iatiidentifier,donor_ref,donor,org_type,x1_donor_type,a01,a02,modality,declared_activity,declared_transaction,status_code,status_name,title
44000-P101177,44000,EN: World Bank,40,Multilateral,0,1,A02_sector,1,0,3,Finalisation,Second Results and Accountability (REACT) Development Policy Loan-Deferred Drawdawn Option
44000-P101471,44000,EN: World Bank,40,Multilateral,0,1,A02_sector,1,0,3,Finalisation,Peru First Progrmmatic Environmental Development Policy Loan /DDO
44000-P110836,44000,EN: World Bank,40,Multilateral,0,1,A02_sector,1,0,3,Finalisation,Tanzania Poverty Reduction Support Credit 10
44000-P111926,44000,EN: World Bank,40,Multilateral,0,1,A02_sector,1,0,3,Finalisation,Costa Rica Catastrophe Deferred Draw Down Option (CAT DDO)
44000-P112346,44000,EN: World Bank,40,Multilateral,0,1,A02_sector,1,0,3,Finalisation,Affordable Mortgage Finance DPL
44000-P120536,44000,EN: World Bank,40,Multilateral,0,1,A02_sector,1,0,3,Finalisation,Tanzania Poverty Reduction Support Credit 11
44000-P120566,44000,EN: World Bank,40,Multilateral,0,1,A02_sector,1,0,3,Finalisation,Morocco First Skills and Employment DPL
44000-P120860,44000,EN: World Bank,40,Multilateral,0,1,A02_sector,1,0,3,Finalisation,Catastrophe Development Policy Loan DDO
44000-P122667,44000,EN: World Bank,40,Multilateral,0,1,A02_sector,1,0,3,Finalisation,Vietnam Climate Change Development Policy
44000-P122738,44000,EN: World Bank,40,Multilateral,0,1,A02_sector,1,0,3,Finalisation,Disaster Risk Management Development Policy Loan with a CAT DDO
44000-P122793,44000,EN: World Bank,40,Multilateral,0,1,A02_sector,1,0,3,Finalisation,Economic Management Competitiveness Credit 1
44000-P123352,44000,EN: World Bank,40,Multilateral,0,1,A02_sector,1,0,3,Finalisation,Nigeria Lagos Second State Development Policy Credit
44000-P123353,44000,EN: World Bank,40,Multilateral,0,1,A02_sector,1,0,3,Finalisation,Nigeria Edo State First Development Policy Operation
44000-P124041,44000,EN: World Bank,40,Multilateral,0,1,A02_sector,1,0,3,Finalisation,IN: Development Policy Loan (DPL) to Promote Inclusive Green Growth and Sustainable Development in Himachal Pradesh
44000-P124174,44000,EN: World Bank,40,Multilateral,0,1,A02_sector,1,0,3,Finalisation,Vietnam Power Sector Reform DPO2
44000-P125202,44000,EN: World Bank,40,Multilateral,0,1,A02_sector,1,0,3,Finalisation,FIRST SUSTAINABILITY AND COMPETITVENESS DEVELOPMENT POLICY LOAN
44000-P125272,44000,EN: World Bank,40,Multilateral,0,1,A02_sector,1,0,3,Finalisation,NIGER - Shared Growth Credit I
44000-P125694,44000,EN: World Bank,40,Multilateral,0,1,A02_sector,1,0,3,Finalisation,Mauritius First Public Sector Performance Development Policy Loan
44000-P125943,44000,EN: World Bank,40,Multilateral,0,1,A02_sector,1,0,3,Finalisation,Disaster Risk Management Development Loan with a CAT DDO
44000-P126034,44000,EN: World Bank,40,Multilateral,0,1,A02_sector,1,0,3,Finalisation,Programmatic Development Policy Operation 1
44000-P126038,44000,EN: World Bank,40,Multilateral,0,1,A02_sector,1,0,3,Finalisation,Competitiveness DPL
44000-P126274,44000,EN: World Bank,40,Multilateral,0,1,A02_sector,1,0,3,Finalisation,Programmatic Development Policy Operation 2
44000-P126297,44000,EN: World Bank,40,Multilateral,0,1,A02_sector,1,0,3,Finalisation,Second Programmatic Upper Secondary Education Development Policy Loan
44000-P126351,44000,EN: World Bank,40,Multilateral,0,1,A02_sector,1,0,3,Finalisation,Bahia Inclusion and Economic Development DPL
44000-P126470,44000,EN: World Bank,40,Multilateral,0,1,A02_sector,1,0,3,Finalisation,SN- Second Governance and Growth Support Credit
44000-P126580,44000,EN: World Bank,40,Multilateral,0,1,A02_sector,1,0,3,Finalisation,PH - PH Development Policy Loan 2
44000-P126583,44000,EN: World Bank,40,Multilateral,0,1,A02_sector,1,0,3,Finalisation,Second Disaster Risk Management DPL with Catastrophe Deferred Draw Down Option
44000-P126749,44000,EN: World Bank,40,Multilateral,0,1,A02_sector,1,0,3,Finalisation,Belo Horizonte Urban Development Policy Loan
44000-P126903,44000,EN: World Bank,40,Multilateral,0,1,A02_sector,1,0,3,Finalisation,Mauritius -  Priv Sec Competitiveness Development Policy Loan (PSC - DPL)
44000-P127038,44000,EN: World Bank,40,Multilateral,0,1,A02_sector,1,0,3,Finalisation,Economic Competitiveness Support Program DPL
44000-P127201,44000,EN: World Bank,40,Multilateral,0,1,A02_sector,1,0,3,Finalisation,Vietnam Climate Change Development Policy 2
44000-P127332,44000,EN: World Bank,40,Multilateral,0,1,A02_sector,1,0,3,Finalisation,Second Programmatic Development Policy Loan
44000-P127408,44000,EN: World Bank,40,Multilateral,0,1,A02_sector,1,0,3,Finalisation,First Programmatic State Owned Enterprises Reform DPL
44000-P127411,44000,EN: World Bank,40,Multilateral,0,1,A02_sector,1,0,3,Finalisation,CV-DPL 4-PRSC VIII
44000-P127433,44000,EN: World Bank,40,Multilateral,0,1,A02_sector,1,0,3,Finalisation,First Development Policy Loan
44000-P127449,44000,EN: World Bank,40,Multilateral,0,1,A02_sector,1,0,3,Finalisation,Cote d'Ivoire PRSC 1
44000-P127665,44000,EN: World Bank,40,Multilateral,0,1,A02_sector,1,0,3,Finalisation,Second Economic Recovery Development Policy Loan
44000-P127754,44000,EN: World Bank,40,Multilateral,0,1,A02_sector,1,0,3,Finalisation,Development Policy Operation 1 New Series
44000-P127787,44000,EN: World Bank,40,Multilateral,0,1,A02_sector,1,0,3,Finalisation,Competitiveness and Savings Development Policy Loan (CSDPL)
44000-P127822,44000,EN: World Bank,40,Multilateral,0,1,A02_sector,1,0,3,Finalisation,Second DPL in support of the Plan Maroc Vert
44000-P127955,44000,EN: World Bank,40,Multilateral,0,1,A02_sector,1,0,3,Finalisation,Solid Waste Sector DPL3
44000-P127956,44000,EN: World Bank,40,Multilateral,0,1,A02_sector,1,0,3,Finalisation,MA-Inclusive Green Growth DPL
44000-P128140,44000,EN: World Bank,40,Multilateral,0,1,A02_sector,1,0,3,Finalisation,MU -Second Public Sector Performance DPL
44000-P128251,44000,EN: World Bank,40,Multilateral,0,1,A02_sector,1,0,3,Finalisation,"Tunisia - Governance, Opportunities and Jobs DPL"
44000-P128258,44000,EN: World Bank,40,Multilateral,0,1,A02_sector,1,0,3,Finalisation,Power Sector Reform: Development Policy Credit
44000-P128284,44000,EN: World Bank,40,Multilateral,0,1,A02_sector,1,0,3,Finalisation,SN- First Governance and Growth Support Project
44000-P128434,44000,EN: World Bank,40,Multilateral,0,1,A02_sector,1,0,3,Finalisation,Mozambique Climate Change Development Policy Operation
44000-P129489,44000,EN: World Bank,40,Multilateral,0,1,A02_sector,1,0,3,Finalisation,MZ First Agriculture Development Policy Operation AgDPO-1
44000-P129597,44000,EN: World Bank,40,Multilateral,0,1,A02_sector,1,0,3,Finalisation,First Competitiveness and Growth Development Policy Operation
44000-P129652,44000,EN: World Bank,40,Multilateral,0,1,A02_sector,1,0,3,Finalisation,Development Policies for the State of Sergipe
44000-P130012,44000,EN: World Bank,40,Multilateral,0,1,A02_sector,1,0,3,Finalisation,Nigeria Agriculture Sector Development Policy Operation
44000-P130048,44000,EN: World Bank,40,Multilateral,0,1,A02_sector,1,0,3,Finalisation,"Program for Economic Resilience, Investment and Social Assistance in Indonesia"
44000-P130051,44000,EN: World Bank,40,Multilateral,0,1,A02_sector,1,0,3,Finalisation,Development Policy Operation - DDO
44000-P130459,44000,EN: World Bank,40,Multilateral,0,1,A02_sector,1,0,3,Finalisation,Development Policy Loan 2
44000-P130847,44000,EN: World Bank,40,Multilateral,0,1,A02_sector,1,0,3,Finalisation,Competitiveness DPL 2
44000-P130903,44000,EN: World Bank,40,Multilateral,0,1,A02_sector,1,0,3,Finalisation,MA Accountability and Transparency DPL
44000-P130972,44000,EN: World Bank,40,Multilateral,0,1,A02_sector,1,0,3,Finalisation,Productive and Sustainable Cities Development Policy Loan
44000-P131028,44000,EN: World Bank,40,Multilateral,0,1,A02_sector,1,0,3,Finalisation,PE Social Inclusion DPL
44000-P131212,44000,EN: World Bank,40,Multilateral,0,1,A02_sector,1,0,3,Finalisation,Ninth Poverty Reduction Support Credit (PRSC 9)
44000-P131440,44000,EN: World Bank,40,Multilateral,0,1,A02_sector,1,0,3,Finalisation,Public Sector Management and Social Inclusion Development Policy Loan
44000-P131688,44000,EN: World Bank,40,Multilateral,0,1,A02_sector,1,0,3,Finalisation,Comoros Economic Governance Reform Grant
44000-P131763,44000,EN: World Bank,40,Multilateral,0,1,A02_sector,1,0,3,Finalisation,First Programmatic Development Policy Loan
44000-P131775,44000,EN: World Bank,40,Multilateral,0,1,A02_sector,1,0,3,Finalisation,Vietnam Climate Change Development Policy 3
44000-P132208,44000,EN: World Bank,40,Multilateral,0,1,A02_sector,1,0,3,Finalisation,TG - Economic Recovery and Governance Credit 6
44000-P132510,44000,EN: World Bank,40,Multilateral,0,1,A02_sector,1,0,3,Finalisation,Mauritius Second Private Sector Competitiveness DPL
44000-P132709,44000,EN: World Bank,40,Multilateral,0,1,A02_sector,1,0,3,Finalisation,"TN-Governance, Opportunities and Jobs DPL-2"
44000-P132757,44000,EN: World Bank,40,Multilateral,0,1,A02_sector,1,0,3,Finalisation,Second Shared Growth Credit
44000-P132768,44000,EN: World Bank,40,Multilateral,0,1,A02_sector,1,0,3,Finalisation,Pernambuco Equity and Inclusive Growth DPL
44000-P132786,44000,EN: World Bank,40,Multilateral,0,1,A02_sector,1,0,3,Finalisation,BJ PRSC 9 Poverty Reduction Support Cdt.
44000-P133107,44000,EN: World Bank,40,Multilateral,0,1,A02_sector,1,0,3,Finalisation,Sierra Leone - Sixth Governance Reform and Growth Grant
44000-P133664,44000,EN: World Bank,40,Multilateral,0,1,A02_sector,1,0,3,Finalisation,Macroeconomic Stability for Competitiveness and Growth Credit
44000-P133687,44000,EN: World Bank,40,Multilateral,0,1,A02_sector,1,0,3,Finalisation,Mozambique - Financial Sector DPO
44000-P133738,44000,EN: World Bank,40,Multilateral,0,1,A02_sector,1,0,3,Finalisation,Enhanced Fiscal and Financial Management for Greater Opportunities DPL
44000-P133798,44000,EN: World Bank,40,Multilateral,0,1,A02_sector,1,0,3,Finalisation,Open Government and Public Financial Management
44000-P143040,44000,EN: World Bank,40,Multilateral,0,1,A02_sector,1,0,3,Finalisation,Second Development Policy Operation
44000-P143060,44000,EN: World Bank,40,Multilateral,0,1,A02_sector,1,0,3,Finalisation,Georgia Competitiveness and Growth DPO2
44000-P143283,44000,EN: World Bank,40,Multilateral,0,1,A02_sector,1,0,3,Finalisation,First Development Policy Operation
44000-P143645,44000,EN: World Bank,40,Multilateral,0,1,A02_sector,1,0,3,Finalisation,TZ First Power and Gas Sector DPO
44000-P143781,44000,EN: World Bank,40,Multilateral,0,1,A02_sector,1,0,3,Finalisation,Côte d'Ivoire: Poverty Reduction Support Credit 2
44000-P144185,44000,EN: World Bank,40,Multilateral,0,1,A02_sector,1,0,3,Finalisation,MA-Second Skills and Employment DPL
44000-P144601,44000,EN: World Bank,40,Multilateral,0,1,A02_sector,1,0,3,Finalisation,First Economic Reform Support Operation
44000-P144602,44000,EN: World Bank,40,Multilateral,0,1,A02_sector,1,0,3,Finalisation,Kiribati Economic Reform Operation
44000-P144675,44000,EN: World Bank,40,Multilateral,0,1,A02_sector,1,0,3,Finalisation,Vietnam Power Sector Reform DPO3
44000-P145251,44000,EN: World Bank,40,Multilateral,0,1,A02_sector,1,0,3,Finalisation,Third Shared Growth Credit
44000-P145254,44000,EN: World Bank,40,Multilateral,0,1,A02_sector,1,0,3,Finalisation,TZ-Second Power and Gas Sector DPO
44000-P145275,44000,EN: World Bank,40,Multilateral,0,1,A02_sector,1,0,3,Finalisation,Mali - First Recovery and Governance Reform Support Credit (RGRSC-1)
44000-P145488,44000,EN: World Bank,40,Multilateral,0,1,A02_sector,1,0,3,Finalisation,Tuvalu Development Policy Operation
44000-P145605,44000,EN: World Bank,40,Multilateral,0,1,A02_sector,1,0,3,Finalisation,CO: Enhancing Fiscal Capacity to Promote Shared Prosperity DPL
44000-P145766,44000,EN: World Bank,40,Multilateral,0,1,A02_sector,1,0,3,Finalisation,Second Programmatic Productive & Sustainable Cities Development Policy Loan
44000-P145995,44000,EN: World Bank,40,Multilateral,0,1,A02_sector,1,0,3,Finalisation,Jamaica DPL
44000-P146095,44000,EN: World Bank,40,Multilateral,0,1,A02_sector,1,0,3,Finalisation,Economic Management Competitiveness Credit 2
44000-P146243,44000,EN: World Bank,40,Multilateral,0,1,A02_sector,1,0,3,Finalisation,Resiliance and Growth Development Policy Loan
44000-P146280,44000,EN: World Bank,40,Multilateral,0,1,A02_sector,1,0,3,Finalisation,AL Financial Sector DPL
44000-P146322,44000,EN: World Bank,40,Multilateral,0,1,A02_sector,1,0,3,Finalisation,Turkey Sustaining Shared Growth DPL
44000-P146398,44000,EN: World Bank,40,Multilateral,0,1,A02_sector,1,0,3,Finalisation,Second Climate Change DPO
44000-P146452,44000,EN: World Bank,40,Multilateral,0,1,A02_sector,1,0,3,Finalisation,Rwanda Third Support to the Social Protection System (SSPS-3)
44000-P146537,44000,EN: World Bank,40,Multilateral,0,1,A02_sector,1,0,3,Finalisation,Tenth Poverty Reduction Support Credit (PRSC X)
44000-P146640,44000,EN: World Bank,40,Multilateral,0,1,A02_sector,1,0,3,Finalisation,BF - DPO - Growth and Compet. Credit 3
44000-P146665,44000,EN: World Bank,40,Multilateral,0,1,A02_sector,1,0,3,Finalisation,Tenth Poverty Reduction Support Credit
44000-P146726,44000,EN: World Bank,40,Multilateral,0,1,A02_sector,1,0,3,Finalisation,Sierra Leone - Emergency Economic and Fiscal Support Operation
44000-P146740,44000,EN: World Bank,40,Multilateral,0,1,A02_sector,1,0,3,Finalisation,BiH DPL
44000-P146930,44000,EN: World Bank,40,Multilateral,0,1,A02_sector,1,0,3,Finalisation,MZ Second Agriculture Development Policy Operation AgDPO-2
44000-P146942,44000,EN: World Bank,40,Multilateral,0,1,A02_sector,1,0,3,Finalisation,PA Third Programmatic Development Policy
44000-P146981,44000,EN: World Bank,40,Multilateral,0,1,A02_sector,1,0,3,Finalisation,Piaui Productive and Social Inclusion DPL
44000-P147015,44000,EN: World Bank,40,Multilateral,0,1,A02_sector,1,0,3,Finalisation,Cape Verde Ninth Poverty Reduction Support Credit
44000-P147152,44000,EN: World Bank,40,Multilateral,0,1,A02_sector,1,0,3,Finalisation,Grenada First Programmatic Resilience Building DPC
44000-P147226,44000,EN: World Bank,40,Multilateral,0,1,A02_sector,1,0,3,Finalisation,Albania - Public Finance DPL
44000-P147244,44000,EN: World Bank,40,Multilateral,0,1,A02_sector,1,0,3,Finalisation,Third Upper Secondary Education Development Policy Loan
44000-P147257,44000,EN: World Bank,40,Multilateral,0,1,A02_sector,1,0,3,Finalisation,MA Capital Market Development & SME Finance DPL
44000-P147454,44000,EN: World Bank,40,Multilateral,0,1,A02_sector,1,0,3,Finalisation,CATASTROPHE DEFERRED DRAWDOWN OPTION (DPL with DDO)
44000-P147557,44000,EN: World Bank,40,Multilateral,0,1,A02_sector,1,0,3,Finalisation,PK  Fiscally Sustainable and Inclusive Growth DPC
44000-P147695,44000,EN: World Bank,40,Multilateral,0,1,A02_sector,1,0,3,Finalisation,Enhancing Public Management for Service Delivery in Rio de Janeiro
44000-P147803,44000,EN: World Bank,40,Multilateral,0,1,A02_sector,1,0,3,Finalisation,Third Philippines Development Policy Loan
44000-P147806,44000,EN: World Bank,40,Multilateral,0,1,A02_sector,1,0,3,Finalisation,BT: 2nd DPC Series
44000-P147913,44000,EN: World Bank,40,Multilateral,0,1,A02_sector,1,0,3,Finalisation,Acre: Strengthening Public Policies DPL
44000-P147979,44000,EN: World Bank,40,Multilateral,0,1,A02_sector,1,0,3,Finalisation,BR Amazonas DPL
44000-P147984,44000,EN: World Bank,40,Multilateral,0,1,A02_sector,1,0,3,Finalisation,BR Bahia DPL
44000-P148083,44000,EN: World Bank,40,Multilateral,0,1,A02_sector,1,0,3,Finalisation,RS: Strengthening Fiscal and Water Resources Management DPL
44000-P148099,44000,EN: World Bank,40,Multilateral,0,1,A02_sector,1,0,3,Finalisation,Governance and Competitiveness Programmatic DPO
44000-P148642,44000,EN: World Bank,40,Multilateral,0,1,A02_sector,1,0,3,Finalisation,MA-Solid Waste Sector DPL4
44000-P148861,44000,EN: World Bank,40,Multilateral,0,1,A02_sector,1,0,3,Finalisation,Disaster Risk Management Development Policy Loan with CAT DDO
44000-P148957,44000,EN: World Bank,40,Multilateral,0,1,A02_sector,1,0,3,Finalisation,First Fiscal Effectiveness and Growth Development Policy Loan
44000-P149555,44000,EN: World Bank,40,Multilateral,0,1,A02_sector,1,0,3,Finalisation,Moldova - DPO2
44000-P149609,44000,EN: World Bank,40,Multilateral,0,1,A02_sector,1,0,3,Finalisation,CO First Programmatic Sustained Growth and Income Convergence DPL
44000-P149747,44000,EN: World Bank,40,Multilateral,0,1,A02_sector,1,0,3,Finalisation,Morocco Inclusive Green Growth DPL2
44000-P149750,44000,EN: World Bank,40,Multilateral,0,1,A02_sector,1,0,3,Finalisation,Second Programmatic State Owned Enterprises Reform DPL
44000-P149768,44000,EN: World Bank,40,Multilateral,0,1,A02_sector,1,0,3,Finalisation,Bosnia and Herzegovina: Public Finances DPL
44000-P149770,44000,EN: World Bank,40,Multilateral,0,1,A02_sector,1,0,3,Finalisation,Samoa First Fiscal & Economic Reform Operation
44000-P149776,44000,EN: World Bank,40,Multilateral,0,1,A02_sector,1,0,3,Finalisation,2nd Fiscal Effectiveness and Growth DPL
44000-P149831,44000,EN: World Bank,40,Multilateral,0,1,A02_sector,1,0,3,Finalisation,PERU SECOND DPL WITH A CAT DDO
44000-P149886,44000,EN: World Bank,40,Multilateral,0,1,A02_sector,1,0,3,Finalisation,Solomon Islands Recovery Financing Development Policy Operation
44000-P149888,44000,EN: World Bank,40,Multilateral,0,1,A02_sector,1,0,3,Finalisation,Second Economic Reform Development Policy Operation
44000-P149963,44000,EN: World Bank,40,Multilateral,0,1,A02_sector,1,0,3,Finalisation,Tonga - Second Economic Reform Support Operation
44000-P149991,44000,EN: World Bank,40,Multilateral,0,1,A02_sector,1,0,3,Finalisation,First Programmatic Inclusive Growth Development Policy Operation
44000-P149998,44000,EN: World Bank,40,Multilateral,0,1,A02_sector,1,0,3,Finalisation,Private Sector Competitiveness DPO1
44000-P150009,44000,EN: World Bank,40,Multilateral,0,1,A02_sector,1,0,3,Finalisation,Tanzania Business Environment and Competitiveness for Jobs DPO
44000-P150194,44000,EN: World Bank,40,Multilateral,0,1,A02_sector,1,0,3,Finalisation,Tuvalu Second Development Policy Operation
44000-P150313,44000,EN: World Bank,40,Multilateral,0,1,A02_sector,1,0,3,Finalisation,Development Policy Loan 1
44000-P150475,44000,EN: World Bank,40,Multilateral,0,1,A02_sector,1,0,3,Finalisation,Programmatic Development Policy Loan for Sustainable Development
44000-P150503,44000,EN: World Bank,40,Multilateral,0,1,A02_sector,1,0,3,Finalisation,MG-Reengagement DPO
44000-P150677,44000,EN: World Bank,40,Multilateral,0,1,A02_sector,1,0,3,Finalisation,Programmatic Financial Sector DPL 1
44000-P150751,44000,EN: World Bank,40,Multilateral,0,1,A02_sector,1,0,3,Finalisation,Bolivia Disaster Risk Managment DPC and DPL
44000-P150924,44000,EN: World Bank,40,Multilateral,0,1,A02_sector,1,0,3,Finalisation,Comoros Second Economic Governance Reform Grant
44000-P150941,44000,EN: World Bank,40,Multilateral,0,1,A02_sector,1,0,3,Finalisation,Eight Economic Reform Support Grant 8
44000-P150950,44000,EN: World Bank,40,Multilateral,0,1,A02_sector,1,0,3,Finalisation,"Tunisia: Third Governance, Opportunities, and Jobs DPL"
44000-P151007,44000,EN: World Bank,40,Multilateral,0,1,A02_sector,1,0,3,Finalisation,"Enhancing Fiscal Management, Social Protection and Financial Inclusion"
44000-P151275,44000,EN: World Bank,40,Multilateral,0,1,A02_sector,1,0,3,Finalisation,BF - DPO - Growth and Compet. Credit 4
44000-P151279,44000,EN: World Bank,40,Multilateral,0,1,A02_sector,1,0,3,Finalisation,Social Protection System Support
44000-P151448,44000,EN: World Bank,40,Multilateral,0,1,A02_sector,1,0,3,Finalisation,First Competitiveness and Fiscal Management Programmatic DPL
44000-P151480,44000,EN: World Bank,40,Multilateral,0,1,A02_sector,1,0,3,Finalisation,Nigeria Edo State Fiscal Improvement and Service Delivery Operation
44000-P151487,44000,EN: World Bank,40,Multilateral,0,1,A02_sector,1,0,3,Finalisation,First Public Investment Reform Sppt Cr.
44000-P151794,44000,EN: World Bank,40,Multilateral,0,1,A02_sector,1,0,3,Finalisation,Emergency Macroeconomic and Fiscal Support Grant
44000-P151803,44000,EN: World Bank,40,Multilateral,0,1,A02_sector,1,0,3,Finalisation,Honduras Fiscal Sustainability and Enhanced Social Protection DPC
44000-P151804,44000,EN: World Bank,40,Multilateral,0,1,A02_sector,1,0,3,Finalisation,FIRST PROGRAMMATIC SHARED PROSPERITY DEVELOPMENT POLICY LOAN
44000-P151821,44000,EN: World Bank,40,Multilateral,0,1,A02_sector,1,0,3,Finalisation,Second Programmatic Resilience Building Development Policy Credit
44000-P152021,44000,EN: World Bank,40,Multilateral,0,1,A02_sector,1,0,3,Finalisation,Power Sector Reform: Second Development Policy Credit
44000-P152064,44000,EN: World Bank,40,Multilateral,0,1,A02_sector,1,0,3,Finalisation,Albania Financial Sector DPL
44000-P152440,44000,EN: World Bank,40,Multilateral,0,1,A02_sector,1,0,3,Finalisation,Energy Sector Development Policy Operation
44000-P153084,44000,EN: World Bank,40,Multilateral,0,1,A02_sector,1,0,3,Finalisation,MG - Resilience DPO
44000-P153203,44000,EN: World Bank,40,Multilateral,0,1,A02_sector,1,0,3,Finalisation,BR Manaus Service Delivery and Fiscal Management DPL
44000-P153234,44000,EN: World Bank,40,Multilateral,0,1,A02_sector,1,0,3,Finalisation,Third Development Policy Operation
44000-P153243,44000,EN: World Bank,40,Multilateral,0,1,A02_sector,1,0,3,Finalisation,AO-Fiscal Management Programmatic DPL
44000-P153269,44000,EN: World Bank,40,Multilateral,0,1,A02_sector,1,0,3,Finalisation,Sustaining Reforms for Inclusive Growth
44000-P153753,44000,EN: World Bank,40,Multilateral,0,1,A02_sector,1,0,3,Finalisation,Malawi Agricultural Support and Fiscal Management DPO
44000-P154213,44000,EN: World Bank,40,Multilateral,0,1,A02_sector,1,0,3,Finalisation,CL Social Inclusion for Shared Prosperity DPL
44000-P154291,44000,EN: World Bank,40,Multilateral,0,1,A02_sector,1,0,3,Finalisation,Indonesia Energy Sector DPL
44000-P154299,44000,EN: World Bank,40,Multilateral,0,1,A02_sector,1,0,3,Finalisation,First Programmatic Energy and Water Sector Reforms DPL
44000-P154422,44000,EN: World Bank,40,Multilateral,0,1,A02_sector,1,0,3,Finalisation,Mozambique Eleventh Poverty Reduction Support Credit
44000-P154702,44000,EN: World Bank,40,Multilateral,0,1,A02_sector,1,0,3,Finalisation,Kazakhstan Programmatic Development Policy Financing
44000-P154821,44000,EN: World Bank,40,Multilateral,0,1,A02_sector,1,0,3,Finalisation,CO Second Programmatic Sustained Growth and Income Convergence DPL
44000-P154981,44000,EN: World Bank,40,Multilateral,0,1,A02_sector,1,0,3,Finalisation,Public Expenditure and Fiscal Risk Management DPF-DDO
44000-P155024,44000,EN: World Bank,40,Multilateral,0,1,A02_sector,1,0,3,Finalisation,Second Social Protection System DPO (SPS-2)
44000-P155066,44000,EN: World Bank,40,Multilateral,0,1,A02_sector,1,0,3,Finalisation,Third Development Policy Operation
44000-P155118,44000,EN: World Bank,40,Multilateral,0,1,A02_sector,1,0,3,Finalisation,Second Fiscal and Economic Reform Operation
44000-P155259,44000,EN: World Bank,40,Multilateral,0,1,A02_sector,1,0,3,Finalisation,CI -DPO-Poverty Reduct. Support Credit 3
44000-P155425,44000,EN: World Bank,40,Multilateral,0,1,A02_sector,1,0,3,Finalisation,Dominican Republic Strengthening Management of Public Finances DPL
44000-P155480,44000,EN: World Bank,40,Multilateral,0,1,A02_sector,1,0,3,Finalisation,Chad-DPO Fiscal Consolidation Program
44000-P155540,44000,EN: World Bank,40,Multilateral,0,1,A02_sector,1,0,3,Finalisation,Third Economic Reform Development Policy Operation
44000-P155553,44000,EN: World Bank,40,Multilateral,0,1,A02_sector,1,0,3,Finalisation,Private Sector Competitiveness DPO2
44000-P155605,44000,EN: World Bank,40,Multilateral,0,1,A02_sector,1,0,3,Finalisation,Albania Competitiveness Development Policy Loan
44000-P155656,44000,EN: World Bank,40,Multilateral,0,1,A02_sector,1,0,3,Finalisation,Second Disaster Risk Management Development Policy Loan with a CAT-DDO
44000-P155694,44000,EN: World Bank,40,Multilateral,0,1,A02_sector,1,0,3,Finalisation,Serbia Public Expenditure and Public Utilities DPL 1
44000-P155824,44000,EN: World Bank,40,Multilateral,0,1,A02_sector,1,0,3,Finalisation,Climate Change and Green Growth in Vietnam
44000-P155920,44000,EN: World Bank,40,Multilateral,0,1,A02_sector,1,0,3,Finalisation,Honduras First Fiscal Sustainability and Enhanced Competitiveness DPF
44000-P155962,44000,EN: World Bank,40,Multilateral,0,1,A02_sector,1,0,3,Finalisation,"IRAQ EMERGENCY FISCAL STABILIZATION, ENERGY SUSTAINABILITY, & SOEs DPF"
44000-P156444,44000,EN: World Bank,40,Multilateral,0,1,A02_sector,1,0,3,Finalisation,Second Programmatic Inclusive Growth DPO
44000-P156629,44000,EN: World Bank,40,Multilateral,0,1,A02_sector,1,0,3,Finalisation,Macroeconomic & Fiscal Management Operation
44000-P156761,44000,EN: World Bank,40,Multilateral,0,1,A02_sector,1,0,3,Finalisation,Third Programmatic Resilience Building Development Policy Credit
44000-P156858,44000,EN: World Bank,40,Multilateral,0,1,A02_sector,1,0,3,Finalisation,BOOSTING HUMAN CAPITAL AND PRODUCTIVITY DEVELOPMENT POLICY FINANCING WITH A DEFERRED DRAWDOWN OPTION
44000-P156963,44000,EN: World Bank,40,Multilateral,0,1,A02_sector,1,0,3,Finalisation,Moldova Economic Governance DPO1
44000-P157060,44000,EN: World Bank,40,Multilateral,0,1,A02_sector,1,0,3,Finalisation,BF - DPO series on Energy and PFM
44000-P157207,44000,EN: World Bank,40,Multilateral,0,1,A02_sector,1,0,3,Finalisation,Pakistan Competitiveness and Growth Development Policy Credit
44000-P157224,44000,EN: World Bank,40,Multilateral,0,1,A02_sector,1,0,3,Finalisation,First Programmatic Electricity Distribution Reform Development Policy Loan for Rajasthan
44000-P157343,44000,EN: World Bank,40,Multilateral,0,1,A02_sector,1,0,3,Finalisation,Second Macroeconomic Stability for competitiveness and Growth
44000-P157404,44000,EN: World Bank,40,Multilateral,0,1,A02_sector,1,0,3,Finalisation,Chongqing-Dadukou Fiscal Sustainability DPO
44000-P157405,44000,EN: World Bank,40,Multilateral,0,1,A02_sector,1,0,3,Finalisation,Third Economic Management and Competitiveness Credit
44000-P157406,44000,EN: World Bank,40,Multilateral,0,1,A02_sector,1,0,3,Finalisation,Hunan Fiscal Sustainability DPO
44000-P157469,44000,EN: World Bank,40,Multilateral,0,1,A02_sector,1,0,3,Finalisation,Development Policy Credit 2: Fiscal Sustainability&Investment Climate
44000-P157489,44000,EN: World Bank,40,Multilateral,0,1,A02_sector,1,0,3,Finalisation,Disaster Risk Management  DPL-CAT DDO
44000-P157804,44000,EN: World Bank,40,Multilateral,0,1,A02_sector,1,0,3,Finalisation,Sri Lanka Competitiveness DPL
44000-P158111,44000,EN: World Bank,40,Multilateral,0,1,A02_sector,1,0,3,Finalisation,Tunisia Business Environment and Entrepreneurship DPF
44000-P158140,44000,EN: World Bank,40,Multilateral,0,1,A02_sector,1,0,3,Finalisation,DPL to reform the Indonesian maritime logistics sector
44000-P158463,44000,EN: World Bank,40,Multilateral,0,1,A02_sector,1,0,3,Finalisation,"CI-DPO on Fiscal Management, Education and Energy Reforms"
44000-P158520,44000,EN: World Bank,40,Multilateral,0,1,A02_sector,1,0,3,Finalisation,Colombia Territorial Development Development Policy Loan
44000-P158698,44000,EN: World Bank,40,Multilateral,0,1,A02_sector,1,0,3,Finalisation,Third Social Protection System Support (SPS-3)
44000-P158739,44000,EN: World Bank,40,Multilateral,0,1,A02_sector,1,0,3,Finalisation,Colombia Fiscal and Growth DPL 1
44000-P159010,44000,EN: World Bank,40,Multilateral,0,1,A02_sector,1,0,3,Finalisation,STP Strengthening Growth and Fiscal Policy DPO
44000-P159023,44000,EN: World Bank,40,Multilateral,0,1,A02_sector,1,0,3,Finalisation,Senegal Structural Reform Development Policy Operation Series
44000-P159263,44000,EN: World Bank,40,Multilateral,0,1,A02_sector,1,0,3,Finalisation,Tonga Third Inclusive Growth Development Policy Operation
44000-P159351,44000,EN: World Bank,40,Multilateral,0,1,A02_sector,1,0,3,Finalisation,Dominican Republic  DRM Development Policy Loan with a Cat DDO
44000-P159508,44000,EN: World Bank,40,Multilateral,0,1,A02_sector,1,0,3,Finalisation,GABON FISCAL CONSOLIDATION AND INCLUSIVE GROWTH OPERATION
44000-P159547,44000,EN: World Bank,40,Multilateral,0,1,A02_sector,1,0,3,Finalisation,Nepal Fourth Financial Sector Stability Credit DPC4
44000-P159669,44000,EN: World Bank,40,Multilateral,0,1,A02_sector,1,0,3,Finalisation,Second Programmatic Electricity Distribution Reform DPL for Rajasthan
44000-P159710,44000,EN: World Bank,40,Multilateral,0,1,A02_sector,1,0,3,Finalisation,Guatemala DRM Development Policy Loan with CAT DDO II
44000-P159774,44000,EN: World Bank,40,Multilateral,0,1,A02_sector,1,0,3,Finalisation,Fiji Post-Cyclone Winston Emergency Development Policy Operation
44000-P159956,44000,EN: World Bank,40,Multilateral,0,1,A02_sector,1,0,3,Finalisation,Green Resilient Growth DPF
44000-P159969,44000,EN: World Bank,40,Multilateral,0,1,A02_sector,1,0,3,Finalisation,Second Public Investment Reform Sppt Cr.
44000-P160236,44000,EN: World Bank,40,Multilateral,0,1,A02_sector,1,0,3,Finalisation,Second Programmatic Energy and Water Sector Reforms DPL
44000-P160480,44000,EN: World Bank,40,Multilateral,0,1,A02_sector,1,0,3,Finalisation,Ho Chi Minh City Development Policy Operation 1
44000-P160544,44000,EN: World Bank,40,Multilateral,0,1,A02_sector,1,0,3,Finalisation,Inclusive Growth Development Policy Grant
44000-P160592,44000,EN: World Bank,40,Multilateral,0,1,A02_sector,1,0,3,Finalisation,Mauritania Fiscal and Private Sector Participation Reforms DPO
44000-P160594,44000,EN: World Bank,40,Multilateral,0,1,A02_sector,1,0,3,Finalisation,Albania Gender Equality in Access to Economic Opportunities DPF
44000-P160628,44000,EN: World Bank,40,Multilateral,0,1,A02_sector,1,0,3,Finalisation,Cabo Verde Disaster Risk Management Development Policy Financing with Cat DDO
44000-P160667,44000,EN: World Bank,40,Multilateral,0,1,A02_sector,1,0,3,Finalisation,FIRST IMPROVED GOVERNANCE OF PUBLIC RESOURCES AND NUTRITION
44000-P160866,44000,EN: World Bank,40,Multilateral,0,1,A02_sector,1,0,3,Finalisation,MG - Public Finance Sustainability and Investment DPF
44000-P161136,44000,EN: World Bank,40,Multilateral,0,1,A02_sector,1,0,3,Finalisation,Pakistan: Finance for Growth DPC
44000-P161167,44000,EN: World Bank,40,Multilateral,0,1,A02_sector,1,0,3,Finalisation,"IRAQ: SECOND EXPENDITURE RATIONALIZATION, ENERGY EFFICIENCY AND STATE-OWNED ENTERPRISE GOVERNANCE PROGRAMMATIC DPF"
44000-P161184,44000,EN: World Bank,40,Multilateral,0,1,A02_sector,1,0,3,Finalisation,Serbia Second Public Expenditure and Public Utilities DPL
44000-P161475,44000,EN: World Bank,40,Multilateral,0,1,A02_sector,1,0,3,Finalisation,Indonesia Fiscal Reform DPL 2
44000-P161483,44000,EN: World Bank,40,Multilateral,0,1,A02_sector,1,0,3,Finalisation,"Tunisia Investment, Competitiveness and Inclusion"
44000-P161562,44000,EN: World Bank,40,Multilateral,0,1,A02_sector,1,0,3,Finalisation,Disaster Risk Management Development Policy Credit with a Catastrophe Deferred Drawdown Option (Cat DDO)
44000-P161619,44000,EN: World Bank,40,Multilateral,0,1,A02_sector,1,0,3,Finalisation,Second poverty reductionand inclusive growth DPO
44000-P161642,44000,EN: World Bank,40,Multilateral,0,1,A02_sector,1,0,3,Finalisation,Second Sustainable Development and Green Growth DPL
44000-P161794,44000,EN: World Bank,40,Multilateral,0,1,A02_sector,1,0,3,Finalisation,Fourth Economic Reform Development Policy Operation
44000-P161796,44000,EN: World Bank,40,Multilateral,0,1,A02_sector,1,0,3,Finalisation,Guinea Second Macroeconomic and Fiscal Management DPO
44000-P162071,44000,EN: World Bank,40,Multilateral,0,1,A02_sector,1,0,3,Finalisation,"Turkey - Resilience, Inclusion and Growth DPF"
44000-P162111,44000,EN: World Bank,40,Multilateral,0,1,A02_sector,1,0,3,Finalisation,Liberia Fourth Poverty Reduction Support Development Policy Operation
44000-P162279,44000,EN: World Bank,40,Multilateral,0,1,A02_sector,1,0,3,Finalisation,MG - Inclusive and Resilient Growth DPO
44000-P162452,44000,EN: World Bank,40,Multilateral,0,1,A02_sector,1,0,3,Finalisation,Haiti Fiscal and Social Resilience Development Policy Financing
44000-P162671,44000,EN: World Bank,40,Multilateral,0,1,A02_sector,1,0,3,Finalisation,Rwanda Energy Sector Development Policy Loan
44000-P162858,44000,EN: World Bank,40,Multilateral,0,1,A02_sector,1,0,3,Finalisation,"Second Fiscal Sustainability, Competitiveness, and Migration DPF"
44000-P163057,44000,EN: World Bank,40,Multilateral,0,1,A02_sector,1,0,3,Finalisation,Mauritania Second Fiscal Consolidation and Private Sector Support DPO
44000-P163283,44000,EN: World Bank,40,Multilateral,0,1,A02_sector,1,0,3,Finalisation,BF - DPO2 series on Energy and PFM
44000-P163284,44000,EN: World Bank,40,Multilateral,0,1,A02_sector,1,0,3,Finalisation,"Cote d'Ivoire - Second Fiscal Management, Education, Energy and Cocoa Reforms Development Policy Operation"
44000-P163285,44000,EN: World Bank,40,Multilateral,0,1,A02_sector,1,0,3,Finalisation,Gambia Emergency DPO
44000-P163318,44000,EN: World Bank,40,Multilateral,0,1,A02_sector,1,0,3,Finalisation,Niger Fostering Rural Growth Reform Grant DPO Series
44000-P163586,44000,EN: World Bank,40,Multilateral,0,1,A02_sector,1,0,3,Finalisation,Second Competitiveness and Fiscal Management Programmatic DPF
44000-P163657,44000,EN: World Bank,40,Multilateral,0,1,A02_sector,1,0,3,Finalisation,Fiscal Consolidation and Inclusive Growth DPO
44000-P163939,44000,EN: World Bank,40,Multilateral,0,1,A02_sector,1,0,3,Finalisation,Maldives Development Policy Financing with a Catastrophe Deferred Drawdown Option and Pandemic Emergency Financing Facility
44000-P163966,44000,EN: World Bank,40,Multilateral,0,1,A02_sector,1,0,3,Finalisation,Maldives First Fiscal Sustainability and Budget Credibility Development Policy Financing Operation
44000-P163968,44000,EN: World Bank,40,Multilateral,0,1,A02_sector,1,0,3,Finalisation,FY17 Chad Emergency DPO
44000-P163973,44000,EN: World Bank,40,Multilateral,0,1,A02_sector,1,0,3,Finalisation,Second DPL to reform the Indonesian maritime logistics sector
44000-P163983,44000,EN: World Bank,40,Multilateral,0,1,A02_sector,1,0,3,Finalisation,Kyrgyz Republic Economic Governance DPO
44000-P164079,44000,EN: World Bank,40,Multilateral,0,1,A02_sector,1,0,3,Finalisation,"Third Fiscal Consolidation, Sustainable Energy & Competitiveness DPF"
44000-P164137,44000,EN: World Bank,40,Multilateral,0,1,A02_sector,1,0,3,Finalisation,Public Finance Sustainability and Investment DPF II
44000-P164201,44000,EN: World Bank,40,Multilateral,0,1,A02_sector,1,0,3,Finalisation,Gabon Second Fiscal Consolidation and Inclusive Growth DPF
44000-P164289,44000,EN: World Bank,40,Multilateral,0,1,A02_sector,1,0,3,Finalisation,Grenada First Fiscal Resilience and Blue Growth Development Policy Credit
44000-P164321,44000,EN: World Bank,40,Multilateral,0,1,A02_sector,1,0,3,Finalisation,THIRD STRENGTHENING GROWTH AND FISCAL POLICY DEVELOPMENT POLICY FINANCING
44000-P164442,44000,EN: World Bank,40,Multilateral,0,1,A02_sector,1,0,3,Finalisation,State Consolidation Development Program 2
44000-P164525,44000,EN: World Bank,40,Multilateral,0,1,A02_sector,1,0,3,Finalisation,Senegal Second Multi-Sectoral Structural Reform DPF
44000-P164545,44000,EN: World Bank,40,Multilateral,0,1,A02_sector,1,0,3,Finalisation,"Gambia First Fiscal Management, Energy and Telecom Reform Development Policy Financing"
44000-P164575,44000,EN: World Bank,40,Multilateral,0,1,A02_sector,1,0,3,Finalisation,Public Sector Efficiency and Green Recovery DPL
44000-P164588,44000,EN: World Bank,40,Multilateral,0,1,A02_sector,1,0,3,Finalisation,Mato Grosso Fiscal Adjustment and Environmental Sustainability DPL
44000-P164882,44000,EN: World Bank,40,Multilateral,0,1,A02_sector,1,0,3,Finalisation,Afghanistan Incentive Program Development Policy Grant
44000-P165056,44000,EN: World Bank,40,Multilateral,0,1,A02_sector,1,0,3,Finalisation,MALAWI-Disaster Risk Management Development Policy Financing with Cat DDO
44000-P165425,44000,EN: World Bank,40,Multilateral,0,1,A02_sector,1,0,3,Finalisation,First Programmatic Financial and Fiscal Stability Development Policy Credit
44000-P165631,44000,EN: World Bank,40,Multilateral,0,1,A02_sector,1,0,3,Finalisation,Cabo Verde DPO
44000-P165717,44000,EN: World Bank,40,Multilateral,0,1,A02_sector,1,0,3,Finalisation,Papua New Guinea Development Policy Operation
44000-P165928,44000,EN: World Bank,40,Multilateral,0,1,A02_sector,1,0,3,Finalisation,Second Resilience Development Policy Operation with a Cat-DDO
44000-P166019,44000,EN: World Bank,40,Multilateral,0,1,A02_sector,1,0,3,Finalisation,Uzbekistan Reforms for a Sustainable Transformation toward a Market Economy DPO
44000-P166115,44000,EN: World Bank,40,Multilateral,0,1,A02_sector,1,0,3,Finalisation,Benin Second Fiscal Reform and Growth DPF
44000-P166124,44000,EN: World Bank,40,Multilateral,0,1,A02_sector,1,0,3,Finalisation,Niger Second DPO Series
44000-P166159,44000,EN: World Bank,40,Multilateral,0,1,A02_sector,1,0,3,Finalisation,Third Programmatic Shared Prosperity Development Policy Financing
44000-P166298,44000,EN: World Bank,40,Multilateral,0,1,A02_sector,1,0,3,Finalisation,"First Fiscal Management, Sustainable Growth and Health Service Delivery Development Policy Operation"
44000-P166303,44000,EN: World Bank,40,Multilateral,0,1,A02_sector,1,0,3,Finalisation,Disaster Risk Management Development Policy Loan with a Catastrophe Deferred Drawdown Option
44000-P166322,44000,EN: World Bank,40,Multilateral,0,1,A02_sector,1,0,3,Finalisation,"Guinea First Fiscal Management, Competitiveness, and Energy Reform DPF"
44000-P166360,44000,EN: World Bank,40,Multilateral,0,1,A02_sector,1,0,3,Finalisation,Jordan First Equitable Growth & Job Creation Programmatic Development Policy Financing
44000-P166388,44000,EN: World Bank,40,Multilateral,0,1,A02_sector,1,0,3,Finalisation,"CDI Third Fiscal Management, Education, Energy, and Cocoa Reforms DPF"
44000-P166425,44000,EN: World Bank,40,Multilateral,0,1,A02_sector,1,0,3,Finalisation,MG - Second Inclusive and Resilient Growth DPO
44000-P166458,44000,EN: World Bank,40,Multilateral,0,1,A02_sector,1,0,3,Finalisation,Second Rwanda Energy Sector Development Policy Operation
44000-P166564,44000,EN: World Bank,40,Multilateral,0,1,A02_sector,1,0,3,Finalisation,Angola Growth and Inclusion DPF
44000-P166694,44000,EN: World Bank,40,Multilateral,0,1,A02_sector,1,0,3,Finalisation,Second Fiscal Consolidation and Inclusive Growth DPF
44000-P166739,44000,EN: World Bank,40,Multilateral,0,1,A02_sector,1,0,3,Finalisation,Togo Second Fiscal Management & Infrastructure Reform DPO
44000-P166752,44000,EN: World Bank,40,Multilateral,0,1,A02_sector,1,0,3,Finalisation,Fiscal Sustainability and Energy Development Policy Operation
44000-P166788,44000,EN: World Bank,40,Multilateral,0,1,A02_sector,1,0,3,Finalisation,Nepal Development Policy Financing with CAT DDO
44000-P166839,44000,EN: World Bank,40,Multilateral,0,1,A02_sector,1,0,3,Finalisation,Lao PDR Green Resilient Growth DPO 2
44000-P167190,44000,EN: World Bank,40,Multilateral,0,1,A02_sector,1,0,3,Finalisation,Bangladesh Jobs Programmatic DPC
44000-P167246,44000,EN: World Bank,40,Multilateral,0,1,A02_sector,1,0,3,Finalisation,Shimla Water Supply and Sewerage Service Delivery Reform Programmatic Development Policy Loan 1
44000-P167263,44000,EN: World Bank,40,Multilateral,0,1,A02_sector,1,0,3,Finalisation,Kiribati Fifth Economic Reform Development Policy Operation
44000-P167297,44000,EN: World Bank,40,Multilateral,0,1,A02_sector,1,0,3,Finalisation,Indonesia Fiscal Reform DPL 3
44000-P167348,44000,EN: World Bank,40,Multilateral,0,1,A02_sector,1,0,3,Finalisation,Mauritania First Competition and Skills DPO
44000-P167465,44000,EN: World Bank,40,Multilateral,0,1,A02_sector,1,0,3,Finalisation,The First Solomon Islands Transition to Sustainable Growth Development Policy Operation
44000-P167485,44000,EN: World Bank,40,Multilateral,0,1,A02_sector,1,0,3,Finalisation,Second Economic Management Support Operation
44000-P167547,44000,EN: World Bank,40,Multilateral,0,1,A02_sector,1,0,3,Finalisation,Mali Sustainable Energy and Improved Service Delivery for Increased Stability Development Policy Financing
44000-P167651,44000,EN: World Bank,40,Multilateral,0,1,A02_sector,1,0,3,Finalisation,Improving Fiscal Management
44000-P167674,44000,EN: World Bank,40,Multilateral,0,1,A02_sector,1,0,3,Finalisation,Mexico Financial Inclusion DPF
44000-P167748,44000,EN: World Bank,40,Multilateral,0,1,A02_sector,1,0,3,Finalisation,Grenada Second Fiscal Resilience and Blue Growth Development Policy Credit
44000-P167889,44000,EN: World Bank,40,Multilateral,0,1,A02_sector,1,0,3,Finalisation,Argentina First Inclusive Growth Programmatic DPF
44000-P167941,44000,EN: World Bank,40,Multilateral,0,1,A02_sector,1,0,3,Finalisation,Madagascar Disaster Risk Management Development Policy Financing with a Catastrophe Deferred Drawdown Option (Cat DDO)
44000-P168035,44000,EN: World Bank,40,Multilateral,0,1,A02_sector,1,0,3,Finalisation,First Consolidation and Social Inclusion Development Program
44000-P168130,44000,EN: World Bank,40,Multilateral,0,1,A02_sector,1,0,3,Finalisation,Jordan Second Equitable Growth & Job Creation Programmatic Development Policy Financing
44000-P168166,44000,EN: World Bank,40,Multilateral,0,1,A02_sector,1,0,3,Finalisation,Strengthening Fiscal Management and Private Sector Employment Opportunities
44000-P168204,44000,EN: World Bank,40,Multilateral,0,1,A02_sector,1,0,3,Finalisation,Inclusive Growth and Fiscal Management Development Policy Financing
44000-P168218,44000,EN: World Bank,40,Multilateral,0,1,A02_sector,1,0,3,Finalisation,Liberia First Inclusive Growth Development Policy Operation
44000-P168259,44000,EN: World Bank,40,Multilateral,0,1,A02_sector,1,0,3,Finalisation,Sierra Leone - Second Productivity and Transparency Support Grant
44000-P168280,44000,EN: World Bank,40,Multilateral,0,1,A02_sector,1,0,3,Finalisation,Sustaining Market Reforms in Uzbekistan Development Policy Operation
44000-P168332,44000,EN: World Bank,40,Multilateral,0,1,A02_sector,1,0,3,Finalisation,Third Fiscal Consolidation and Inclusive Growth DPO
44000-P168335,44000,EN: World Bank,40,Multilateral,0,1,A02_sector,1,0,3,Finalisation,"STP COVID-19 Human and Economic Response, Recovery and Resilience DPO"
44000-P168336,44000,EN: World Bank,40,Multilateral,0,1,A02_sector,1,0,3,Finalisation,Second Angola Growth and Inclusion Development Policy Financing Operation
44000-P168402,44000,EN: World Bank,40,Multilateral,0,1,A02_sector,1,0,3,Finalisation,Fiji Second Fiscal Sustainability and Climate Resilience DPO
44000-P168446,44000,EN: World Bank,40,Multilateral,0,1,A02_sector,1,0,3,Finalisation,2019 Incentive Program Development Policy Operation
44000-P168474,44000,EN: World Bank,40,Multilateral,0,1,A02_sector,1,0,3,Finalisation,Second Consolidation and Social Inclusion Development Program
44000-P168566,44000,EN: World Bank,40,Multilateral,0,1,A02_sector,1,0,3,Finalisation,Ethiopia Growth and Competitiveness
44000-P168580,44000,EN: World Bank,40,Multilateral,0,1,A02_sector,1,0,3,Finalisation,Morocco Disaster Risk Management Development Policy Loan with a Catastrophe Deferred Drawdown Option
44000-P168587,44000,EN: World Bank,40,Multilateral,0,1,A02_sector,1,0,3,Finalisation,Financial Inclusion and Digital Economy DPF
44000-P168606,44000,EN: World Bank,40,Multilateral,0,1,A02_sector,1,0,3,Finalisation,Chad Second Programmatic Economic Recovery and Resilience Grant
44000-P168668,44000,EN: World Bank,40,Multilateral,0,1,A02_sector,1,0,3,Finalisation,Benin First Fiscal Management and Structural Transformation Development Policy Operation
44000-P168697,44000,EN: World Bank,40,Multilateral,0,1,A02_sector,1,0,3,Finalisation,Investing in Human Capital Development Policy Financing
44000-P168713,44000,EN: World Bank,40,Multilateral,0,1,A02_sector,1,0,3,Finalisation,Second Inclusive Growth Programmatic DPF
44000-P168724,44000,EN: World Bank,40,Multilateral,0,1,A02_sector,1,0,3,Finalisation,Bangladesh Second Programmatic Jobs Development Policy Credit
44000-P168725,44000,EN: World Bank,40,Multilateral,0,1,A02_sector,1,0,3,Finalisation,Bangladesh Third Programmatic Jobs Development Policy Credit
44000-P168749,44000,EN: World Bank,40,Multilateral,0,1,A02_sector,1,0,3,Finalisation,Vanuatu Disaster Risk Management Development Policy Grant with a Catastrophe-Deferred Drawdown Option (CAT-DDO)
44000-P168869,44000,EN: World Bank,40,Multilateral,0,1,A02_sector,1,0,3,Finalisation,Programmatic Fiscal and Public Financial Management Development Policy Credit ( II )
44000-P169040,44000,EN: World Bank,40,Multilateral,0,1,A02_sector,1,0,3,Finalisation,Third Rwanda Energy Sector Development Policy Operation
44000-P169079,44000,EN: World Bank,40,Multilateral,0,1,A02_sector,1,0,3,Finalisation,Second Ethiopia Growth and Competitiveness Programmatic Development Policy Financing
44000-P169179,44000,EN: World Bank,40,Multilateral,0,1,A02_sector,1,0,3,Finalisation,Kiribati Second Inclusive Growth and Resilience Development Policy Operation
44000-P169498,44000,EN: World Bank,40,Multilateral,0,1,A02_sector,1,0,3,Finalisation,Third Productivity and Transparency Support Grant
44000-P169505,44000,EN: World Bank,40,Multilateral,0,1,A02_sector,1,0,3,Finalisation,Paraguay First Economic Management Development Policy Loan
44000-P169524,44000,EN: World Bank,40,Multilateral,0,1,A02_sector,1,0,3,Finalisation,Albania Fiscal Sustainability and Growth Development Policy Financing
44000-P169624,44000,EN: World Bank,40,Multilateral,0,1,A02_sector,1,0,3,Finalisation,"Armenia Development Policy Operation: Economic, Fiscal and Public Sector Governance"
44000-P169822,44000,EN: World Bank,40,Multilateral,0,1,A02_sector,1,0,3,Finalisation,First Inclusive and Sustainable Growth DPF
44000-P169828,44000,EN: World Bank,40,Multilateral,0,1,A02_sector,1,0,3,Finalisation,CDI Sustainable and Inclusive Growth DPF1
44000-P169830,44000,EN: World Bank,40,Multilateral,0,1,A02_sector,1,0,3,Finalisation,Niger First Laying the Foundation for Inclusive Development Policy Financing
44000-P169867,44000,EN: World Bank,40,Multilateral,0,1,A02_sector,1,0,3,Finalisation,Togo First Fiscal Management and Energy Reform DPF
44000-P169907,44000,EN: World Bank,40,Multilateral,0,1,A02_sector,1,0,3,Finalisation,First Resilient Kerala Program Development Policy Operation
44000-P169913,44000,EN: World Bank,40,Multilateral,0,1,A02_sector,1,0,3,Finalisation,Economic Management and Competitiveness Development Policy Operation
44000-P169956,44000,EN: World Bank,40,Multilateral,0,1,A02_sector,1,0,3,Finalisation,Second Fiscal Reform and Resilience Development Policy Credit with a Cat DDO
44000-P169983,44000,EN: World Bank,40,Multilateral,0,1,A02_sector,1,0,3,Finalisation,Third Angola Growth and Inclusion Development Policy Financing
44000-P170052,44000,EN: World Bank,40,Multilateral,0,1,A02_sector,1,0,3,Finalisation,Promoting Competitiveness and Enhancing Resilience to Natural Disasters Sub-program 1 DPL
44000-P170113,44000,EN: World Bank,40,Multilateral,0,1,A02_sector,1,0,3,Finalisation,Kosovo Public Finances and Sustainable Growth Development Policy Financing
44000-P170223,44000,EN: World Bank,40,Multilateral,0,1,A02_sector,1,0,3,Finalisation,Jamaica First Economic Resilience DPL
44000-P170248,44000,EN: World Bank,40,Multilateral,0,1,A02_sector,1,0,3,Finalisation,Second Programmatic Energy Sector Development Policy Credit
44000-P170366,44000,EN: World Bank,40,Multilateral,0,1,A02_sector,1,0,3,Finalisation,Senegal - Third Multi-Sectoral Structural Reforms Development Policy Financing
44000-P170477,44000,EN: World Bank,40,Multilateral,0,1,A02_sector,1,0,3,Finalisation,Investing in Human Capital
44000-P170558,44000,EN: World Bank,40,Multilateral,0,1,A02_sector,1,0,3,Finalisation,Tuvalu First Resilience Development Policy Operation with a Catastrophe-Deferred Drawdown Option
44000-P170568,44000,EN: World Bank,40,Multilateral,0,1,A02_sector,1,0,3,Finalisation,Securing Human Investments to Foster Transformation (SHIFT) DPC Series
44000-P170728,44000,EN: World Bank,40,Multilateral,0,1,A02_sector,1,0,3,Finalisation,Colombia Institutional Strengthening for Territorial Development DPF
44000-P170914,44000,EN: World Bank,40,Multilateral,0,1,A02_sector,1,0,3,Finalisation,Promoting Competitiveness and Enhancing Resilience to Natural Disasters Sub-program 2 Development Policy Loan
44000-P170934,44000,EN: World Bank,40,Multilateral,0,1,A02_sector,1,0,3,Finalisation,"Burkina Faso Second Fiscal Management, Sustainable Growth and Health Service Delivery Development Policy Operation"
44000-P170940,44000,EN: World Bank,40,Multilateral,0,1,A02_sector,1,0,3,Finalisation,Indonesia First Financial Sector Reform Development Policy Financing
44000-P171006,44000,EN: World Bank,40,Multilateral,0,1,A02_sector,1,0,3,Finalisation,Climate Change and Green Growth DPF
44000-P171071,44000,EN: World Bank,40,Multilateral,0,1,A02_sector,1,0,3,Finalisation,Tonga First Resilience Development Policy Operation
44000-P171080,44000,EN: World Bank,40,Multilateral,0,1,A02_sector,1,0,3,Finalisation,Cabo Verde Second State-Owned Enterprises Reform and Fiscal Management Development Policy Financing
44000-P171190,44000,EN: World Bank,40,Multilateral,0,1,A02_sector,1,0,3,Finalisation,Second Inclusive and Sustainable Growth
44000-P171216,44000,EN: World Bank,40,Multilateral,0,1,A02_sector,1,0,3,Finalisation,Ho Chi Minh City Development Policy Operation - 2
44000-P171238,44000,EN: World Bank,40,Multilateral,0,1,A02_sector,1,0,3,Finalisation,"Mauritania 2nd Second Private Sector, Digital, and Human Capital Reform DPF"
44000-P171311,44000,EN: World Bank,40,Multilateral,0,1,A02_sector,1,0,3,Finalisation,Egypt Inclusive Growth For Sustainable Recovery
44000-P171440,44000,EN: World Bank,40,Multilateral,0,1,A02_sector,1,0,3,Finalisation,Philippines Third Disaster Risk Management Development Policy Loan
44000-P171465,44000,EN: World Bank,40,Multilateral,0,1,A02_sector,1,0,3,Finalisation,Disaster Risk Management Development Policy Credit with a Catastrophe Deferred Drawdown Option
44000-P171474,44000,EN: World Bank,40,Multilateral,0,1,A02_sector,1,0,3,Finalisation,Haiti COVID-19 Response and Resilience Development Policy Operation
44000-P171554,44000,EN: World Bank,40,Multilateral,0,1,A02_sector,1,0,3,Finalisation,First Programmatic Human Capital for Inclusive Growth DPF
44000-P171570,44000,EN: World Bank,40,Multilateral,0,1,A02_sector,1,0,3,Finalisation,Somalia Reengagement and Reform Development Policy Financing
44000-P171585,44000,EN: World Bank,40,Multilateral,0,1,A02_sector,1,0,3,Finalisation,Mauritania Third DPO 2021
44000-P171587,44000,EN: World Bank,40,Multilateral,0,1,A02_sector,1,0,3,Finalisation,First Financial and Digital Inclusion Development Policy Financing
44000-P171751,44000,EN: World Bank,40,Multilateral,0,1,A02_sector,1,0,3,Finalisation,Uzbekistan: Supporting a Transparent and Inclusive Market Transition
44000-P171764,44000,EN: World Bank,40,Multilateral,0,1,A02_sector,1,0,3,Finalisation,"Samoa First Response, Recovery and Resilience Development Policy Operation with a Catastrophe Deferred Drawdown Option"
44000-P171780,44000,EN: World Bank,40,Multilateral,0,1,A02_sector,1,0,3,Finalisation,Strengthening Fiscal Management and Private Sector Employment Opportunities Development Policy Credit
44000-P171850,44000,EN: World Bank,40,Multilateral,0,1,A02_sector,1,0,3,Finalisation,Resilient Institutions for Sustainable Economy
44000-P171851,44000,EN: World Bank,40,Multilateral,0,1,A02_sector,1,0,3,Finalisation,North Macedonia Public Finance and Competitiveness DPL
44000-P171912,44000,EN: World Bank,40,Multilateral,0,1,A02_sector,1,0,3,Finalisation,First Fiscal and Decarbonization Management DPL
44000-P172023,44000,EN: World Bank,40,Multilateral,0,1,A02_sector,1,0,3,Finalisation,Togo Second Fiscal Management and Infrastructure Reform DPF
44000-P172211,44000,EN: World Bank,40,Multilateral,0,1,A02_sector,1,0,3,Finalisation,2020 INCENTIVE PROGRAM DEVELOPMENT POLICY GRANT
44000-P172321,44000,EN: World Bank,40,Multilateral,0,1,A02_sector,1,0,3,Finalisation,Kenya Inclusive Growth and Fiscal Management DPO 2
44000-P172439,44000,EN: World Bank,40,Multilateral,0,1,A02_sector,1,0,3,Finalisation,Indonesia Investment and Trade Reforms DPL
44000-P172454,44000,EN: World Bank,40,Multilateral,0,1,A02_sector,1,0,3,Finalisation,The Second Solomon Islands Transition to Sustainable Growth Development Policy Operation
44000-P172455,44000,EN: World Bank,40,Multilateral,0,1,A02_sector,1,0,3,Finalisation,First Amazonas Fiscal and Environmental Sustainability Programmatic DPF
44000-P172567,44000,EN: World Bank,40,Multilateral,0,1,A02_sector,1,0,3,Finalisation,Honduras DRM Development Policy Credit with a Catastrophe Deferred Drawdown Option (Cat DDO)
44000-P172597,44000,EN: World Bank,40,Multilateral,0,1,A02_sector,1,0,3,Finalisation,Economic Recovery Development Policy Loan
44000-P172614,44000,EN: World Bank,40,Multilateral,0,1,A02_sector,1,0,2,Implementation,Tuvalu Second Resilience Development Policy Operation with a Catastrophe-Deferred Drawdown Option
44000-P172628,44000,EN: World Bank,40,Multilateral,0,1,A02_sector,1,0,3,Finalisation,Securing Human Investments to Foster Transformation II
44000-P172648,44000,EN: World Bank,40,Multilateral,0,1,A02_sector,1,0,3,Finalisation,Second Resilient Institutions for Sustainable Economy
44000-P172723,44000,EN: World Bank,40,Multilateral,0,1,A02_sector,1,0,3,Finalisation,First Equitable and Resilient Recovery in Senegal DPF
44000-P172732,44000,EN: World Bank,40,Multilateral,0,1,A02_sector,1,0,3,Finalisation,First Tamil Nadu Housing Sector Strengthening Program Development Policy Loan
44000-P172742,44000,EN: World Bank,40,Multilateral,0,1,A02_sector,1,0,3,Finalisation,Tonga Second Resilience Development Policy Operation with a Catastrophe-Deferred Drawdown Option
44000-P172749,44000,EN: World Bank,40,Multilateral,0,1,A02_sector,1,0,3,Finalisation,Benin Second Fiscal Management and Structural Transformation DPF
44000-P172796,44000,EN: World Bank,40,Multilateral,0,1,A02_sector,1,0,3,Finalisation,UY - COVID-19 Response & Economic Recovery
44000-P172863,44000,EN: World Bank,40,Multilateral,0,1,A02_sector,1,0,3,Finalisation,COVID-19 Financial Access DPF
44000-P173008,44000,EN: World Bank,40,Multilateral,0,1,A02_sector,1,0,3,Finalisation,Bhutan Development Policy Financing with Cat DDO
44000-P173044,44000,EN: World Bank,40,Multilateral,0,1,A02_sector,1,0,3,Finalisation,Finance for Growth Development Policy Financing
44000-P173113,44000,EN: World Bank,40,Multilateral,0,1,A02_sector,1,0,3,Finalisation,Niger Second Laying the Foundation for Inclusive Development Policy Financing
44000-P173150,44000,EN: World Bank,40,Multilateral,0,1,A02_sector,1,0,3,Finalisation,"The Gambia Second Fiscal Management, Energy and Telecom Reform Development Policy Financing"
44000-P173232,44000,EN: World Bank,40,Multilateral,0,1,A02_sector,1,0,3,Finalisation,Indonesia Second Financial Sector Reform Development Policy Financing
44000-P173233,44000,EN: World Bank,40,Multilateral,0,1,A02_sector,1,0,3,Finalisation,Indonesia Third Financial Sector Reform Development Policy Financing
44000-P173324,44000,EN: World Bank,40,Multilateral,0,1,A02_sector,1,0,3,Finalisation,TUNISIA FIRST RESILIENCE AND RECOVERY EMERGENCY DEVELOPMENT POLICY FINANCING
44000-P173424,44000,EN: World Bank,40,Multilateral,0,1,A02_sector,1,0,3,Finalisation,Resilient and Sustainable Infrastructure for Recovery DPF
44000-P173529,44000,EN: World Bank,40,Multilateral,0,1,A02_sector,1,0,3,Finalisation,"Burkina Faso Third Fiscal Management, Sustainable Growth, and Service Delivery Development Policy Financing"
44000-P173558,44000,EN: World Bank,40,Multilateral,0,1,A02_sector,1,0,2,Implementation,Fiji Recovery and Resilience First Development Policy Operation with a Catastrophe-Deferred Drawdown Option
44000-P173680,44000,EN: World Bank,40,Multilateral,0,1,A02_sector,1,0,3,Finalisation,Second Programmatic Human Capital for Inclusive Growth DPF
44000-P173698,44000,EN: World Bank,40,Multilateral,0,1,A02_sector,1,0,3,Finalisation,Crisis Response and Recovery in Guatemala DPL
44000-P173906,44000,EN: World Bank,40,Multilateral,0,1,A02_sector,1,0,3,Finalisation,Uganda COVID-19 Economic Crisis and Recovery Development Policy Financing
44000-P173943,44000,EN: World Bank,40,Multilateral,0,1,A02_sector,1,0,3,Finalisation,Accelerating India's COVID-19 Social Protection Response Program (PMGKY)
44000-P173982,44000,EN: World Bank,40,Multilateral,0,1,A02_sector,1,0,3,Finalisation,"Nepal Programmatic Fiscal Policy for Growth, Recovery and Resilience DPC"
44000-P173996,44000,EN: World Bank,40,Multilateral,0,1,A02_sector,1,0,3,Finalisation,Crisis Response and Recovery Development Policy Operation
44000-P174000,44000,EN: World Bank,40,Multilateral,0,1,A02_sector,1,0,3,Finalisation,Environmental Sustainability and Urban Resilience DPF
44000-P174004,44000,EN: World Bank,40,Multilateral,0,1,A02_sector,1,0,3,Finalisation,Second Financial and Digital Inclusion Development Policy Financing
44000-P174005,44000,EN: World Bank,40,Multilateral,0,1,A02_sector,1,0,3,Finalisation,Third Financial and Digital Inclusion Development Policy Lending
44000-P174027,44000,EN: World Bank,40,Multilateral,0,1,A02_sector,1,0,3,Finalisation,Second Accelerating India's COVID-19 Social Protection Response (PMGKY)
44000-P174063,44000,EN: World Bank,40,Multilateral,0,1,A02_sector,1,0,3,Finalisation,Guinea COVID-19  Crisis Response Development Policy Financing
44000-P174107,44000,EN: World Bank,40,Multilateral,0,1,A02_sector,1,0,3,Finalisation,Panama Pandemic Response and Growth Recovery Development Policy Operation
44000-P174110,44000,EN: World Bank,40,Multilateral,0,1,A02_sector,1,0,3,Finalisation,Cote D'Ivoire COVID-19 Emergency DPO 2021
44000-P174115,44000,EN: World Bank,40,Multilateral,0,1,A02_sector,1,0,3,Finalisation,Ecuador Third Inclusive and Sustainable Growth DPL
44000-P174118,44000,EN: World Bank,40,Multilateral,0,1,A02_sector,1,0,3,Finalisation,COVID-19 Crisis Response DPF
44000-P174120,44000,EN: World Bank,40,Multilateral,0,1,A02_sector,1,0,3,Finalisation,Philippines Emergency COVID-19 Response Development Policy Loan
44000-P174145,44000,EN: World Bank,40,Multilateral,0,1,A02_sector,1,0,3,Finalisation,Dominican Republic COVID-19 Crisis Response Support
44000-P174150,44000,EN: World Bank,40,Multilateral,0,1,A02_sector,1,0,3,Finalisation,Mexico Strengthening Economic Sustainability DPF
44000-P174152,44000,EN: World Bank,40,Multilateral,0,1,A02_sector,1,0,3,Finalisation,Mozambique Covid19 Response DPO
44000-P174155,44000,EN: World Bank,40,Multilateral,0,1,A02_sector,1,0,3,Finalisation,Mauritania COVID-19 Emergency DPO
44000-P174191,44000,EN: World Bank,40,Multilateral,0,1,A02_sector,1,0,2,Implementation,Second Panama Disaster Risk Management Development Policy Loan with a CAT DDO
44000-P174198,44000,EN: World Bank,40,Multilateral,0,1,A02_sector,1,0,3,Finalisation,COVID-19 Crisis Response Emergency Development Policy Financing
44000-P174234,44000,EN: World Bank,40,Multilateral,0,1,A02_sector,1,0,3,Finalisation,Afghanistan COVID-19 Response Development Policy Grant
44000-P174246,44000,EN: World Bank,40,Multilateral,0,1,A02_sector,1,0,3,Finalisation,South Africa Covid-19 Response Development Policy Operation
44000-P174260,44000,EN: World Bank,40,Multilateral,0,1,A02_sector,1,0,3,Finalisation,Comoros Emergency DPO for Covid-19 response
44000-P174274,44000,EN: World Bank,40,Multilateral,0,1,A02_sector,1,0,3,Finalisation,Second STP COVID-19 Recovery and Resilience Development Policy Operation
44000-P174275,44000,EN: World Bank,40,Multilateral,0,1,A02_sector,1,0,3,Finalisation,Third COVID-19 Recovery and Resilience Development Policy Financing
44000-P174292,44000,EN: World Bank,40,Multilateral,0,1,A02_sector,1,0,3,Finalisation,"MICRO, SMALL AND MEDIUM ENTERPRISES EMERGENCY RESPONSE"
44000-P174315,44000,EN: World Bank,40,Multilateral,0,1,A02_sector,1,0,3,Finalisation,Burkina Faso COVID-19 Crisis-Response Development Policy Financing
44000-P174346,44000,EN: World Bank,40,Multilateral,0,1,A02_sector,1,0,3,Finalisation,"Saint Lucia COVID-19 Response, Recovery and Resilience Development Policy Credit"
44000-P174347,44000,EN: World Bank,40,Multilateral,0,1,A02_sector,1,0,3,Finalisation,Papua New Guinea Crisis Response and Sustainable Recovery Development Policy Operation
44000-P174367,44000,EN: World Bank,40,Multilateral,0,1,A02_sector,1,0,3,Finalisation,A Private-Sector Led and More Sustainable Economic Recovery DPF
44000-P174376,44000,EN: World Bank,40,Multilateral,0,1,A02_sector,1,0,3,Finalisation,Togo Emergency Covid-19 DPO 2021
44000-P174388,44000,EN: World Bank,40,Multilateral,0,1,A02_sector,1,0,3,Finalisation,Madagascar Covid-19 Response DPO
44000-P174440,44000,EN: World Bank,40,Multilateral,0,1,A02_sector,1,0,3,Finalisation,Peru: Strengthening Foundations for Post COVID-19 Recovery DPF
44000-P174447,44000,EN: World Bank,40,Multilateral,0,1,A02_sector,1,0,3,Finalisation,Eswatini - Economic Recovery Development Policy Financing I
44000-P174498,44000,EN: World Bank,40,Multilateral,0,1,A02_sector,1,0,3,Finalisation,Samoa Second Recovery and Resilience Development Policy Operation
44000-P174527,44000,EN: World Bank,40,Multilateral,0,1,A02_sector,1,0,3,Finalisation,Grenada COVID-19 Crisis Response and Fiscal Management DPC
44000-P174531,44000,EN: World Bank,40,Multilateral,0,1,A02_sector,1,0,3,Finalisation,Jamaica COVID-19 Response and Recovery Development Policy Financing
44000-P174553,44000,EN: World Bank,40,Multilateral,0,1,A02_sector,1,0,3,Finalisation,Pakistan Program for Affordable and Clean Energy (PACE)
44000-P174683,44000,EN: World Bank,40,Multilateral,0,1,A02_sector,1,0,3,Finalisation,Tonga: Supporting Recovery after Dual Shocks Development Policy Operation
44000-P174754,44000,EN: World Bank,40,Multilateral,0,1,A02_sector,1,0,3,Finalisation,Cabo Verde: First Sustainable and Equitable Recovery DPF
44000-P174786,44000,EN: World Bank,40,Multilateral,0,1,A02_sector,1,0,3,Finalisation,Costa Rica Second Fiscal and Decarbonization Management DPL
44000-P174889,44000,EN: World Bank,40,Multilateral,0,1,A02_sector,1,0,3,Finalisation,Somalia Inclusive Growth DPO Series
44000-P174892,44000,EN: World Bank,40,Multilateral,0,1,A02_sector,1,0,3,Finalisation,Bangladesh First Recovery and Resilience DPC
44000-P174911,44000,EN: World Bank,40,Multilateral,0,1,A02_sector,1,0,3,Finalisation,"Zambia First Macroeconomic Stability, Growth and Competitiveness DPF"
44000-P174927,44000,EN: World Bank,40,Multilateral,0,1,A02_sector,1,0,3,Finalisation,Dominica First COVID-19 Response and Recovery Programmatic DPC
44000-P175008,44000,EN: World Bank,40,Multilateral,0,1,A02_sector,1,0,3,Finalisation,Philippines First Financial Sector Reform Development Policy Financing
44000-P175072,44000,EN: World Bank,40,Multilateral,0,1,A02_sector,1,0,2,Implementation,Malawi First Growth and Resilience DPO with a Catastrophe Deferred Drawdown Option
44000-P175126,44000,EN: World Bank,40,Multilateral,0,1,A02_sector,1,0,3,Finalisation,RESILIENT AND SUSTAINABLE INFRASTRUCTURE FOR RECOVERY DPF 2
44000-P175139,44000,EN: World Bank,40,Multilateral,0,1,A02_sector,1,0,3,Finalisation,Sudan Reengagement and Reform Development Policy Financing
44000-P175191,44000,EN: World Bank,40,Multilateral,0,1,A02_sector,1,0,3,Finalisation,BiH Health Sectors Programmatic Development Policy Loan
44000-P175249,44000,EN: World Bank,40,Multilateral,0,1,A02_sector,1,0,3,Finalisation,"Cameroon First Fiscal, Inclusive and Sustainable Growth DPF"
44000-P175251,44000,EN: World Bank,40,Multilateral,0,1,A02_sector,1,0,3,Finalisation,Accelerating Reforms for an Inclusive and Resilient Recovery DPF
44000-P175256,44000,EN: World Bank,40,Multilateral,0,1,A02_sector,1,0,3,Finalisation,Niger Building Institutions and Human Capital DPO
44000-P175293,44000,EN: World Bank,40,Multilateral,0,1,A02_sector,1,0,3,Finalisation,Senegal: DPF2 - Equitable and Resilient Recovery in Senegal
44000-P175317,44000,EN: World Bank,40,Multilateral,0,1,A02_sector,1,0,3,Finalisation,Eswatini Economic Recovery Development Policy Loan II
44000-P175342,44000,EN: World Bank,40,Multilateral,0,1,A02_sector,1,0,3,Finalisation,SL First Inclusive and Sustainable Growth DPO
44000-P175360,44000,EN: World Bank,40,Multilateral,0,1,A02_sector,1,0,3,Finalisation,Philippines Second Financial Sector Reform Development Policy Financing
44000-P175490,44000,EN: World Bank,40,Multilateral,0,1,A02_sector,1,0,3,Finalisation,The Bahamas COVID-19 Response and Recovery DPF
44000-P175492,44000,EN: World Bank,40,Multilateral,0,1,A02_sector,1,0,3,Finalisation,Barbados COVID-19 Response and Recovery DPF
44000-P175543,44000,EN: World Bank,40,Multilateral,0,1,A02_sector,1,0,3,Finalisation,Fiji Recovery and Resilience Second Development Policy Operation
44000-P175570,44000,EN: World Bank,40,Multilateral,0,1,A02_sector,1,0,3,Finalisation,Liberia Second Inclusive Growth Development Policy Operation
44000-P175640,44000,EN: World Bank,40,Multilateral,0,1,A02_sector,1,0,3,Finalisation,"Moldova Emergency Response, Resilience, and Competitiveness DPO"
44000-P175742,44000,EN: World Bank,40,Multilateral,0,1,A02_sector,1,0,3,Finalisation,Indonesia Human Capital Development Policy Loan
44000-P175758,44000,EN: World Bank,40,Multilateral,0,1,A02_sector,1,0,3,Finalisation,Bhutan - COVID-19 Crisis Response DPC
44000-P175801,44000,EN: World Bank,40,Multilateral,0,1,A02_sector,1,0,3,Finalisation,Competitiveness and Recovery - Development Policy Loan
44000-P175847,44000,EN: World Bank,40,Multilateral,0,1,A02_sector,1,0,3,Finalisation,Dominica Second COVID-19 Response and Recovery DPC
44000-P175874,44000,EN: World Bank,40,Multilateral,0,1,A02_sector,1,0,3,Finalisation,Electricity Reform for Sustainable Growth Development Policy Loan
44000-P175930,44000,EN: World Bank,40,Multilateral,0,1,A02_sector,1,0,3,Finalisation,Panama Pandemic Response and Growth Recovery Development Policy Loan 2
44000-P175934,44000,EN: World Bank,40,Multilateral,0,1,A02_sector,1,0,3,Finalisation,Botswana Programmatic Economic Resilience and Green Recovery DPF
44000-P175979,44000,EN: World Bank,40,Multilateral,0,1,A02_sector,1,0,3,Finalisation,Second Crisis Response and Recovery in Guatemala Development Policy Loan
44000-P176137,44000,EN: World Bank,40,Multilateral,0,1,A02_sector,1,0,3,Finalisation,2021 Afghanistan Incentive Program Development Policy Grant
44000-P176148,44000,EN: World Bank,40,Multilateral,0,1,A02_sector,1,0,3,Finalisation,Cabo Verde: Second Resilient and Equitable Recovery DPF with a Cat DDO
44000-P176278,44000,EN: World Bank,40,Multilateral,0,1,A02_sector,1,0,3,Finalisation,"Green, resilient and inclusive DPO"
44000-P176353,44000,EN: World Bank,40,Multilateral,0,1,A02_sector,1,0,3,Finalisation,Accelerating Uzbekistan's Transition Development Policy Operation
44000-P176387,44000,EN: World Bank,40,Multilateral,0,1,A02_sector,1,0,3,Finalisation,Investing in Human Capital DPF II
44000-P176420,44000,EN: World Bank,40,Multilateral,0,1,A02_sector,1,0,3,Finalisation,Seychelles First Fiscal Sustainability and Climate Resilience Development Policy Financing
44000-P176447,44000,EN: World Bank,40,Multilateral,0,1,A02_sector,1,0,3,Finalisation,Creating a Coordinated and Responsive Indian Social Protection System (CCRISP)
44000-P176498,44000,EN: World Bank,40,Multilateral,0,1,A02_sector,1,0,3,Finalisation,"Second Fiscal Policy for Growth, Recovery and Resilience Development Policy Credit"
44000-P176505,44000,EN: World Bank,40,Multilateral,0,1,A02_sector,1,0,3,Finalisation,Colombia: Social and Economic Integration of Migrants DPF
44000-P176513,44000,EN: World Bank,40,Multilateral,0,1,A02_sector,1,0,3,Finalisation,Benin First Unlocking Human and Productive Potential DPO series
44000-P176650,44000,EN: World Bank,40,Multilateral,0,1,A02_sector,1,0,3,Finalisation,Third Disaster Risk Management Development Policy Loan with a Cat DDO
44000-P176663,44000,EN: World Bank,40,Multilateral,0,1,A02_sector,1,0,3,Finalisation,Grenada First Recovery and Resilience Programmatic DPC
44000-P176717,44000,EN: World Bank,40,Multilateral,0,1,A02_sector,1,0,3,Finalisation,The Vietnam Inclusive and Sustainable Recovery Development Policy Operation
44000-P176756,44000,EN: World Bank,40,Multilateral,0,1,A02_sector,1,0,3,Finalisation,"Cambodia Relief, Recovery and Resilience Development Policy Financing"
44000-P176762,44000,EN: World Bank,40,Multilateral,0,1,A02_sector,1,0,3,Finalisation,Mozambique Institutions and Economic Transformation DPF
44000-P176788,44000,EN: World Bank,40,Multilateral,0,1,A02_sector,1,0,3,Finalisation,EQUITABLE AND GREEN RECOVERY  DEVELOPMENT POLICY FINANCING
44000-P176810,44000,EN: World Bank,40,Multilateral,0,1,A02_sector,1,0,3,Finalisation,Botswana Programmatic Economic Resilience and Green Recovery Development Policy Loan II
44000-P176881,44000,EN: World Bank,40,Multilateral,0,1,A02_sector,1,0,3,Finalisation,Nepal Second Finance for Growth Development Policy Financing
44000-P176891,44000,EN: World Bank,40,Multilateral,0,1,A02_sector,1,0,3,Finalisation,Philippines Promoting Competitiveness and Enhancing Resilience to Natural Disasters Sub-Program 3
44000-P176903,44000,EN: World Bank,40,Multilateral,0,1,A02_sector,1,0,3,Finalisation,Accelerating Reforms for an Inclusive and Resilient Recovery DPF 2
44000-P176930,44000,EN: World Bank,40,Multilateral,0,1,A02_sector,1,0,3,Finalisation,Vanuatu Second Disaster Risk Management Development Policy Grant with a Catastrophe Deferred Drawdown Option
44000-P176937,44000,EN: World Bank,40,Multilateral,0,1,A02_sector,1,0,3,Finalisation,Strengthening Human Capital for a Resilient Morocco DPF
44000-P176983,44000,EN: World Bank,40,Multilateral,0,1,A02_sector,1,0,3,Finalisation,Ecuador Green and Resilient Recovery (EGARR) DPF
44000-P176993,44000,EN: World Bank,40,Multilateral,0,1,A02_sector,1,0,3,Finalisation,Liberia Third Inclusive Growth Development Policy Operation
44000-P177001,44000,EN: World Bank,40,Multilateral,0,1,A02_sector,1,0,3,Finalisation,Honduras Second Disaster Risk Management Development Policy Credit with a Catastrophe Deferred Drawdown Option (Cat DDO)
44000-P177029,44000,EN: World Bank,40,Multilateral,0,1,A02_sector,1,0,3,Finalisation,Costa Rica Third Fiscal and Decarbonization Management DPL
44000-P177125,44000,EN: World Bank,40,Multilateral,0,1,A02_sector,1,0,3,Finalisation,Fourth Disaster Risk Management Development Policy Loan with a Catastrophe-Deferred Drawdown Option
44000-P177410,44000,EN: World Bank,40,Multilateral,0,1,A02_sector,1,0,3,Finalisation,First Serbia Green Transition Programmatic Development Policy Loan
44000-P177460,44000,EN: World Bank,40,Multilateral,0,1,A02_sector,1,0,3,Finalisation,DRC Foundational Economic Governance Reforms DPF
44000-P177632,44000,EN: World Bank,40,Multilateral,0,1,A02_sector,1,0,3,Finalisation,BR State of Goias Sustainable Recovery DPF
44000-P177712,44000,EN: World Bank,40,Multilateral,0,1,A02_sector,1,0,3,Finalisation,Green and Resilient Growth DPC-1
44000-P177726,44000,EN: World Bank,40,Multilateral,0,1,A02_sector,1,0,3,Finalisation,Indonesia Fiscal Reform Development Policy Loan
44000-P177748,44000,EN: World Bank,40,Multilateral,0,1,A02_sector,1,0,2,Implementation,Gambia First Boosting Resilience and Unlocking Productive Potential DPF with Cat DDO
44000-P177765,44000,EN: World Bank,40,Multilateral,0,1,A02_sector,1,0,3,Finalisation,Peru: Enabling a Green and Resilient Development DPF
44000-P177776,44000,EN: World Bank,40,Multilateral,0,1,A02_sector,1,0,3,Finalisation,"First Nepal Green, Resilient and Inclusive Programmatic DPC"
44000-P177794,44000,EN: World Bank,40,Multilateral,0,1,A02_sector,1,0,2,Implementation,Kiribati First Resilient Growth Development Policy Operation with a Catastrophe Deferred Drawdown Option
44000-P177797,44000,EN: World Bank,40,Multilateral,0,1,A02_sector,1,0,3,Finalisation,First Green and Resilient Georgia Development Policy Operation
44000-P177807,44000,EN: World Bank,40,Multilateral,0,1,A02_sector,1,0,2,Implementation,Dominica Disaster Risk Management Development Policy Financing  with a Catastrophe Deferred Drawdown Option
44000-P177930,44000,EN: World Bank,40,Multilateral,0,1,A02_sector,1,0,3,Finalisation,Resilient and Sustainable Tajikistan DPO
44000-P177931,44000,EN: World Bank,40,Multilateral,0,1,A02_sector,1,0,3,Finalisation,Second Economic Recovery Development Policy Loan
44000-P177985,44000,EN: World Bank,40,Multilateral,0,1,A02_sector,1,0,3,Finalisation,Catalyzing Private Financing for Sustainable Recovery and Growth
44000-P178042,44000,EN: World Bank,40,Multilateral,0,1,A02_sector,1,0,3,Finalisation,Benin Second Unlocking Human and Productive Potential DPF series
44000-P178064,44000,EN: World Bank,40,Multilateral,0,1,A02_sector,1,0,3,Finalisation,Cote d'Ivoire First Investment for Growth DPF
44000-P178113,44000,EN: World Bank,40,Multilateral,0,1,A02_sector,1,0,3,Finalisation,RWANDA THIRD PROGRAMMATIC HUMAN CAPITAL FOR INCLUSIVE GROWTH  DEVELOPMENT POLICY FINANCING
44000-P178115,44000,EN: World Bank,40,Multilateral,0,1,A02_sector,1,0,3,Finalisation,Second Serbia Green Transition Programmatic Development Policy Loan
44000-P178122,44000,EN: World Bank,40,Multilateral,0,1,A02_sector,1,0,2,Implementation,Dominican Republic Second DRM Development Policy Loan with a Catastrophe Deferred Drawdown Option
44000-P178156,44000,EN: World Bank,40,Multilateral,0,1,A02_sector,1,0,3,Finalisation,Tanzania First Inclusive and Resilient Growth Development Policy Financing
44000-P178202,44000,EN: World Bank,40,Multilateral,0,1,A02_sector,1,0,3,Finalisation,First Resilience and Green Development - DPL
44000-P178209,44000,EN: World Bank,40,Multilateral,0,1,A02_sector,1,0,3,Finalisation,SEYCHELLES SECOND FISCAL SUSTAINABILITY AND CLIMATE RESILIENCE DEVELOPMENT POLICY LOAN
44000-P178210,44000,EN: World Bank,40,Multilateral,0,1,A02_sector,1,0,3,Finalisation,SEYCHELLES THIRD FISCAL SUSTAINABILITY AND CLIMATE RESILIENCE DEVELOPMENT POLICY FINANCING
44000-P178224,44000,EN: World Bank,40,Multilateral,0,1,A02_sector,1,0,3,Finalisation,Mexico Inclusive and Sustainable Economic Growth DPL
44000-P178285,44000,EN: World Bank,40,Multilateral,0,1,A02_sector,1,0,3,Finalisation,Paraguay Green and Resilient DPL
44000-P178303,44000,EN: World Bank,40,Multilateral,0,1,A02_sector,1,0,3,Finalisation,Inclusive and Sustainable Economic Growth
44000-P178321,44000,EN: World Bank,40,Multilateral,0,1,A02_sector,1,0,3,Finalisation,SL Second Inclusive and Sustainable Growth DPF
44000-P178322,44000,EN: World Bank,40,Multilateral,0,1,A02_sector,1,0,3,Finalisation,Sierra Leone Third Inclusive and Sustainable Growth DPF
44000-P178329,44000,EN: World Bank,40,Multilateral,0,1,A02_sector,1,0,3,Finalisation,Second Tamil Nadu Housing Sector Strengthening Program Development Policy Loan
44000-P178382,44000,EN: World Bank,40,Multilateral,0,1,A02_sector,1,0,3,Finalisation,Second Strengthening Human Capital for a Resilient Morocco DPF
44000-P178423,44000,EN: World Bank,40,Multilateral,0,1,A02_sector,1,0,3,Finalisation,Niger First Resilient Growth and Capital Building DPF
44000-P178481,44000,EN: World Bank,40,Multilateral,0,1,A02_sector,1,0,3,Finalisation,Bangladesh Second Recovery and Resilience DPC
44000-P178531,44000,EN: World Bank,40,Multilateral,0,1,A02_sector,1,0,3,Finalisation,Nepal Finance for Growth DPC (3 of 3)
44000-P178570,44000,EN: World Bank,40,Multilateral,0,1,A02_sector,1,0,3,Finalisation,Second Electricity Reform for Sustainable Growth Development Policy Loan
44000-P178591,44000,EN: World Bank,40,Multilateral,0,1,A02_sector,1,0,3,Finalisation,Peru Sustainable Growth and Finance DPF-DDO
44000-P178614,44000,EN: World Bank,40,Multilateral,0,1,A02_sector,1,0,3,Finalisation,Republic of Congo First Fiscal Management and Inclusive Growth DPF
44000-P178634,44000,EN: World Bank,40,Multilateral,0,1,A02_sector,1,0,3,Finalisation,Philippines First Sustainable Recovery DPL
44000-P178635,44000,EN: World Bank,40,Multilateral,0,1,A02_sector,1,0,3,Finalisation,Bhutan Second Green and Resilient Growth Development Policy Credit
44000-P178636,44000,EN: World Bank,40,Multilateral,0,1,A02_sector,1,0,3,Finalisation,Ecuador Second Green and Resilient Recovery DPF (EGARR DPF-2)
44000-P178646,44000,EN: World Bank,40,Multilateral,0,1,A02_sector,1,0,3,Finalisation,Montenegro First Resilient Fiscal and Sustainable Development DPF
44000-P178668,44000,EN: World Bank,40,Multilateral,0,1,A02_sector,1,0,3,Finalisation,Mozambique Second Institutions and Economic Transformation DPF
44000-P178676,44000,EN: World Bank,40,Multilateral,0,1,A02_sector,1,0,2,Implementation,The First Solomon Islands Resilience DPO with a Catastrophe Deferred Drawdown Option
44000-P178687,44000,EN: World Bank,40,Multilateral,0,1,A02_sector,1,0,3,Finalisation,"NEPAL SECOND GREEN, RESILIENT, AND INCLUSIVE PROGRAMMATIC DEVELOPMENT POLICY CREDIT"
44000-P178729,44000,EN: World Bank,40,Multilateral,0,1,A02_sector,1,0,3,Finalisation,Rio de Janeiro Adjustment and Sustainable Development Policy Loan
44000-P178912,44000,EN: World Bank,40,Multilateral,0,1,A02_sector,1,0,3,Finalisation,Romania Inclusive and Green Growth DPF
44000-P178930,44000,EN: World Bank,40,Multilateral,0,1,A02_sector,1,0,3,Finalisation,Grenada Second Recovery and Resilience Programmatic DPC
44000-P179006,44000,EN: World Bank,40,Multilateral,0,1,A02_sector,1,0,3,Finalisation,Cote d'Ivoire Second Investment for Growth DPF
44000-P179007,44000,EN: World Bank,40,Multilateral,0,1,A02_sector,1,0,3,Finalisation,Advancing Uzbekistan's Economic and Social Transformation Development Policy Operation
44000-P179019,44000,EN: World Bank,40,Multilateral,0,1,A02_sector,1,0,3,Finalisation,Cambodia Growth and Resilience Development Policy Operation Series
44000-P179077,44000,EN: World Bank,40,Multilateral,0,1,A02_sector,1,0,3,Finalisation,South Africa Sustainable and Low-Carbon Energy Transition Development Policy Loan
44000-P179079,44000,EN: World Bank,40,Multilateral,0,1,A02_sector,1,0,3,Finalisation,First Green and Climate Resilient Development Credit
44000-P179086,44000,EN: World Bank,40,Multilateral,0,1,A02_sector,1,0,3,Finalisation,"Moldova Emergency Response, Resilience, and Competitiveness DPO2"
44000-P179112,44000,EN: World Bank,40,Multilateral,0,1,A02_sector,1,0,3,Finalisation,Barbados Green and Resilient Recovery DPL
44000-P179141,44000,EN: World Bank,40,Multilateral,0,1,A02_sector,1,0,3,Finalisation,Second DRC Foundational Economic Governance Reforms Development Policy Financing
44000-P179182,44000,EN: World Bank,40,Multilateral,0,1,A02_sector,1,0,3,Finalisation,Rio de Janeiro Fiscal Management and Sustainable Development Policy Loan
44000-P179214,44000,EN: World Bank,40,Multilateral,0,1,A02_sector,1,0,2,Implementation,Peru: Enabling a Green and Resilient Development DPF - DDO II
44000-P179263,44000,EN: World Bank,40,Multilateral,0,1,A02_sector,1,0,2,Implementation,Mauritania Fiscal Management and Resilience Development Policy Financing with a Catastrophe Deferred Drawdown Option
44000-P179265,44000,EN: World Bank,40,Multilateral,0,1,A02_sector,1,0,3,Finalisation,Cabo Verde: First Fiscal Space and Sustainable Growth DPF
44000-P179294,44000,EN: World Bank,40,Multilateral,0,1,A02_sector,1,0,3,Finalisation,Togo's First Sustainable and Inclusive Development Policy Financing
44000-P179297,44000,EN: World Bank,40,Multilateral,0,1,A02_sector,1,0,3,Finalisation,Romania Second Programmatic Inclusive and Green Growth Development Policy Loan
44000-P179307,44000,EN: World Bank,40,Multilateral,0,1,A02_sector,1,0,3,Finalisation,Somalia Second Inclusive Growth DPO
44000-P179361,44000,EN: World Bank,40,Multilateral,0,1,A02_sector,1,0,3,Finalisation,Philippines First Digital Transformation Development Policy Financing
44000-P179367,44000,EN: World Bank,40,Multilateral,0,1,A02_sector,1,0,3,Finalisation,Uruguay Green and Resilient Growth Development Policy Loan
44000-P179512,44000,EN: World Bank,40,Multilateral,0,1,A02_sector,1,0,3,Finalisation,"Angola First Green, Resilient, Inclusive Growth and Diversification Development Policy Financing"
44000-P179513,44000,EN: World Bank,40,Multilateral,0,1,A02_sector,1,0,2,Implementation,"Second Green, Resilient, Inclusive Growth and Diversification Development Policy Loan"
44000-P179539,44000,EN: World Bank,40,Multilateral,0,1,A02_sector,1,0,3,Finalisation,Saint Lucia Sustainable Recovery Development Policy Credit
44000-P179763,44000,EN: World Bank,40,Multilateral,0,1,A02_sector,1,0,3,Finalisation,Comoros First Fiscal Management and Resilient Growth (FIMARG) Development Policy Financing Series
44000-P179808,44000,EN: World Bank,40,Multilateral,0,1,A02_sector,1,0,3,Finalisation,"Sri Lanka Resilience, Stability and Economic Turnaround Development Policy Operation"
44000-P179813,44000,EN: World Bank,40,Multilateral,0,1,A02_sector,1,0,2,Implementation,"Tonga First Fiscal, Disaster, and Climate Resilience Development Policy Operation with a Catastrophe Deferred Drawdown Option"
44000-P179817,44000,EN: World Bank,40,Multilateral,0,1,A02_sector,1,0,3,Finalisation,Panama Climate Resilience and Green Growth DPL
44000-P179820,44000,EN: World Bank,40,Multilateral,0,1,A02_sector,1,0,2,Implementation,Tuvalu First Climate and Disaster Resilience Development Policy Financing with a Catastrophe Deferred Drawdown Option
44000-P179849,44000,EN: World Bank,40,Multilateral,0,1,A02_sector,1,0,3,Finalisation,"Second Green, Resilient and Inclusive Development Policy Operation"
44000-P179861,44000,EN: World Bank,40,Multilateral,0,1,A02_sector,1,0,2,Implementation,Second Costa Rica Disaster Risk Management Development Policy Loan with a CAT DDO
44000-P179909,44000,EN: World Bank,40,Multilateral,0,1,A02_sector,1,0,2,Implementation,First Fiscal and Climate Transparency and Sustainability Development Policy Financing
44000-P179944,44000,EN: World Bank,40,Multilateral,0,1,A02_sector,1,0,3,Finalisation,"Kosovo Fiscal Effectiveness, Competitiveness and Green Growth DPF"
44000-P180017,44000,EN: World Bank,40,Multilateral,0,1,A02_sector,1,0,2,Implementation,"Cameroon Second Fiscal Sustainability, Inclusive and Sustainable Growth Development Policy Financing"
44000-P180033,44000,EN: World Bank,40,Multilateral,0,1,A02_sector,1,0,3,Finalisation,Colombia Green and Resilient DPO
44000-P180050,44000,EN: World Bank,40,Multilateral,0,1,A02_sector,1,0,3,Finalisation,Liberia Resilient Recovery Stand-alone DPF
44000-P180093,44000,EN: World Bank,40,Multilateral,0,1,A02_sector,1,0,3,Finalisation,Republic of Congo Second Fiscal Management and Inclusive Growth DPF
44000-P180120,44000,EN: World Bank,40,Multilateral,0,1,A02_sector,1,0,3,Finalisation,Samoa First Recovery and Resilience Development Policy Operation
44000-P180196,44000,EN: World Bank,40,Multilateral,0,1,A02_sector,1,0,3,Finalisation,"Boosting Green Finance, Investment and Trade in Rwanda"
44000-P180216,44000,EN: World Bank,40,Multilateral,0,1,A02_sector,1,0,3,Finalisation,Enhancing Policies for Human Capital Accumulation
44000-P180234,44000,EN: World Bank,40,Multilateral,0,1,A02_sector,1,0,3,Finalisation,Cote d'Ivoire Investment for Growth DPF3/PBG/D4D
44000-P180286,44000,EN: World Bank,40,Multilateral,0,1,A02_sector,1,0,2,Implementation,Benin Boosting Inclusive Growth and Resilience DPF1 series with Cat DDO
44000-P180288,44000,EN: World Bank,40,Multilateral,0,1,A02_sector,1,0,3,Finalisation,Madagascar First Equitable and Resilient Growth Development Policy Operation
44000-P180319,44000,EN: World Bank,40,Multilateral,0,1,A02_sector,1,0,3,Finalisation,Ecuador Third Green and Resilient Recovery DPF (EGARR-DPF3)
44000-P180336,44000,EN: World Bank,40,Multilateral,0,1,A02_sector,1,0,3,Finalisation,Philippines Second Sustainable Recovery Development Policy Loan
44000-P180339,44000,EN: World Bank,40,Multilateral,0,1,A02_sector,1,0,3,Finalisation,Fiscal Sustainability and Inclusive Green Growth (FIGG) Development Policy Operation
44000-P180398,44000,EN: World Bank,40,Multilateral,0,1,A02_sector,1,0,2,Implementation,Republic of Congo Third Fiscal Management and Inclusive Growth DPF
44000-P180439,44000,EN: World Bank,40,Multilateral,0,1,A02_sector,1,0,3,Finalisation,Second Bangladesh Green and Climate Resilient Development Credit
44000-P180470,44000,EN: World Bank,40,Multilateral,0,1,A02_sector,1,0,3,Finalisation,First Inclusive and Resilient Market Economy Development Policy Operation
44000-P180496,44000,EN: World Bank,40,Multilateral,0,1,A02_sector,1,0,3,Finalisation,Mexico Promoting Women's Economic Opportunities and Sustainable Productivity Growth DPL
44000-P180497,44000,EN: World Bank,40,Multilateral,0,1,A02_sector,1,0,3,Finalisation,BR State of Ceará Sustainable Development Policy Loan
44000-P180504,44000,EN: World Bank,40,Multilateral,0,1,A02_sector,1,0,3,Finalisation,Tanzania Second Inclusive and Resilient Growth Development Policy Financing
44000-P180544,44000,EN: World Bank,40,Multilateral,0,1,A02_sector,1,0,3,Finalisation,BiH Second Health Sectors Programmatic Development Policy Loan
44000-P180549,44000,EN: World Bank,40,Multilateral,0,1,A02_sector,1,0,3,Finalisation,"Sri Lanka Second Resilience, Stability and Economic Turnaround Development Policy Operation"
44000-P180554,44000,EN: World Bank,40,Multilateral,0,1,A02_sector,1,0,2,Implementation,Peru First Fiscal Policy and Sustainable Growth DPF-DDO
44000-P180566,44000,EN: World Bank,40,Multilateral,0,1,A02_sector,1,0,3,Finalisation,Equitable and Green Path Development Policy Financing
44000-P180585,44000,EN: World Bank,40,Multilateral,0,1,A02_sector,1,0,2,Implementation,Philippines Disaster Risk Management and Climate Development Policy Loan with a Catastrophe Deferred-Drawdown Option
44000-P180587,44000,EN: World Bank,40,Multilateral,0,1,A02_sector,1,0,3,Finalisation,North Macedonia Sustainability and Resilience DPO
44000-P180679,44000,EN: World Bank,40,Multilateral,0,1,A02_sector,1,0,2,Implementation,Second Resilience and Green Development DPL
44000-P180718,44000,EN: World Bank,40,Multilateral,0,1,A02_sector,1,0,3,Finalisation,First Resilient Recovery Development Policy Financing
44000-P180749,44000,EN: World Bank,40,Multilateral,0,1,A02_sector,1,0,3,Finalisation,Second Cambodia Growth and Resilience Development Policy Financing
44000-P180927,44000,EN: World Bank,40,Multilateral,0,1,A02_sector,1,0,3,Finalisation,Equitable and Green Path Development Policy Financing II
44000-P181011,44000,EN: World Bank,40,Multilateral,0,1,A02_sector,1,0,3,Finalisation,"Zambia Second Macroeconomic Stability, Growth and Competitiveness DPF"
44000-P181023,44000,EN: World Bank,40,Multilateral,0,1,A02_sector,1,0,3,Finalisation,Ukraine Relief and Recovery Development Policy Loan
44000-P181032,44000,EN: World Bank,40,Multilateral,0,1,A02_sector,1,0,3,Finalisation,First Low-Carbon Energy Programmatic Development Policy Loan
44000-P181080,44000,EN: World Bank,40,Multilateral,0,1,A02_sector,1,0,3,Finalisation,Colombia Green and Resilient DPO 2
44000-P181127,44000,EN: World Bank,40,Multilateral,0,1,A02_sector,1,0,3,Finalisation,Philippines Second Digital Transformation DPL
44000-P181146,44000,EN: World Bank,40,Multilateral,0,1,A02_sector,1,0,3,Finalisation,Vietnam inclusive and sustainable recovery DPF (2nd Operation)
44000-P181148,44000,EN: World Bank,40,Multilateral,0,1,A02_sector,1,0,2,Implementation,Ghana Second Resilient Recovery Development Policy Financing
44000-P181195,44000,EN: World Bank,40,Multilateral,0,1,A02_sector,1,0,3,Finalisation,Second Low-Carbon Energy Programmatic Development Policy Financing
44000-P181238,44000,EN: World Bank,40,Multilateral,0,1,A02_sector,1,0,3,Finalisation,Togo's Second Sustainable and Inclusive Development Policy Financing
44000-P181256,44000,EN: World Bank,40,Multilateral,0,1,A02_sector,1,0,2,Implementation,Colombia - Fourth Disaster Risk Management Development Policy Loan with a Catastrophe Deferred Drawdown Option (Cat DDO IV)
44000-P181263,44000,EN: World Bank,40,Multilateral,0,1,A02_sector,1,0,2,Implementation,Green and Resilient Development for a Decarbonized Economy in Peru
44000-P181269,44000,EN: World Bank,40,Multilateral,0,1,A02_sector,1,0,2,Implementation,Comoros Second Fiscal Management and Resilient Growth Development Policy Financing
44000-P181306,44000,EN: World Bank,40,Multilateral,0,1,A02_sector,1,0,3,Finalisation,Panama Second Climate Resilience and Green Growth DPL
44000-P181310,44000,EN: World Bank,40,Multilateral,0,1,A02_sector,1,0,3,Finalisation,Cabo Verde Second Fiscal Space and Sustainable Growth Development Policy Financing
44000-P181344,44000,EN: World Bank,40,Multilateral,0,1,A02_sector,1,0,2,Implementation,Nepal Disaster Resilience Development Policy Credit with Cat DDO (NDRC)
44000-P181372,44000,EN: World Bank,40,Multilateral,0,1,A02_sector,1,0,2,Implementation,Costa Rica Social Risk Management DPL DDO
44000-P181389,44000,EN: World Bank,40,Multilateral,0,1,A02_sector,1,0,3,Finalisation,Philippines First  Energy Transition and Climate Resilience DPL
44000-P181432,44000,EN: World Bank,40,Multilateral,0,1,A02_sector,1,0,2,Implementation,Saint Lucia Disaster Risk Management Cat DDO
44000-P181457,44000,EN: World Bank,40,Multilateral,0,1,A02_sector,1,0,3,Finalisation,Benin Second Boosting Inclusive Growth and Resilience DPF and PBG
44000-P181479,44000,EN: World Bank,40,Multilateral,0,1,A02_sector,1,0,3,Finalisation,Moldova Supporting Growth and Resilience DPO
44000-P181501,44000,EN: World Bank,40,Multilateral,0,1,A02_sector,1,0,2,Implementation,BR Enhancing Prosperity and Sustainability in the State of Sergipe Development Policy Financing
44000-P181517,44000,EN: World Bank,40,Multilateral,0,1,A02_sector,1,0,2,Implementation,Romania Fiscal Management and Green Growth Development Policy Loan
44000-P181591,44000,EN: World Bank,40,Multilateral,0,1,A02_sector,1,0,2,Implementation,Ethiopia First Sustainable and Inclusive Growth Development Policy Operation
44000-P181603,44000,EN: World Bank,40,Multilateral,0,1,A02_sector,1,0,2,Implementation,Rwanda Disaster Risk Management Development Policy Credit with a Catastrophe Deferred Drawdown Option
44000-P500536,44000,EN: World Bank,40,Multilateral,0,1,A02_sector,1,0,2,Implementation,Bhutan Climate and Disaster Resilience Development Policy Financing with a Catastrophe Deferred Drawdown Option
44000-P500557,44000,EN: World Bank,40,Multilateral,0,1,A02_sector,1,0,3,Finalisation,Sustainable Development DPL
44000-P500567,44000,EN: World Bank,40,Multilateral,0,1,A02_sector,1,0,3,Finalisation,Guinea-Bissau Reform Advancement Development Policy Financing
44000-P500609,44000,EN: World Bank,40,Multilateral,0,1,A02_sector,1,0,2,Implementation,Fiji Growth and Resilience First Development Policy Financing with a Catastrophe Deferred Drawdown Option
44000-P500614,44000,EN: World Bank,40,Multilateral,0,1,A02_sector,1,0,2,Implementation,BR State of Alagoas Sustainable Development Policy Loan
44000-P500689,44000,EN: World Bank,40,Multilateral,0,1,A02_sector,1,0,3,Finalisation,Indonesia Universal Health Coverage Development Policy Loan
44000-P500912,44000,EN: World Bank,40,Multilateral,0,1,A02_sector,1,0,3,Finalisation,First Kenya Fiscal Sustainability and Resilient Growth
44000-P501015,44000,EN: World Bank,40,Multilateral,0,1,A02_sector,1,0,2,Implementation,First Competitive and Inclusive Tajikistan DPO
44000-P501037,44000,EN: World Bank,40,Multilateral,0,1,A02_sector,1,0,2,Implementation,Second Inclusive and Resilient Market Economy Development Policy Operation
44000-P501661,44000,EN: World Bank,40,Multilateral,0,1,A02_sector,1,0,3,Finalisation,Nigeria Reforms for Economic Stabilization to Enable Transformation (RESET) DPF
44000-P501988,44000,EN: World Bank,40,Multilateral,0,1,A02_sector,1,0,3,Finalisation,First Somalia Economic Resilience Development Policy Financing
44000-P502012,44000,EN: World Bank,40,Multilateral,0,1,A02_sector,1,0,3,Finalisation,The Gambia Second Boosting Resilience and Unlocking Productive Potential DPF
44000-P502032,44000,EN: World Bank,40,Multilateral,0,1,A02_sector,1,0,3,Finalisation,Growth Foundations DPO
44000-P502111,44000,EN: World Bank,40,Multilateral,0,1,A02_sector,1,0,2,Implementation,Romania Second Disaster Risk Management Development Policy Loan with a Cat DDO
44000-P502565,44000,EN: World Bank,40,Multilateral,0,1,A02_sector,1,0,2,Implementation,Liberia First Resilient and Inclusive Growth Development Policy Financing
44000-P503960,44000,EN: World Bank,40,Multilateral,0,1,A02_sector,1,0,2,Implementation,Sierra Leone First Macro Stability and Resilience DPO with a Catastrophe Deferred Drawdown Option
44000-P503988,44000,EN: World Bank,40,Multilateral,0,1,A02_sector,1,0,3,Finalisation,Mexico Sustainable and Inclusive Finance Development Policy Loan
44000-P504373,44000,EN: World Bank,40,Multilateral,0,1,A02_sector,1,0,2,Implementation,RMI Enhancing Fiscal Management and Building Disaster and Climate Resilience DPO with a Cat DDO
44000-P504910,44000,EN: World Bank,40,Multilateral,0,1,A02_sector,1,0,3,Finalisation,"Generating Resilience, Opportunities, and Welfare for a Thriving Egypt (GROWTH)"
44000-P505118,44000,EN: World Bank,40,Multilateral,0,1,A02_sector,1,0,3,Finalisation,Jordan Human Capital Program
44000-P505235,44000,EN: World Bank,40,Multilateral,0,1,A02_sector,1,0,2,Implementation,BR State of Rio Grande do Sul Sustainable Recovery and Climate Resilience Development Policy Loan
44000-P505244,44000,EN: World Bank,40,Multilateral,0,1,A02_sector,1,0,3,Finalisation,"Boosting Green Finance, Investment and Trade in Rwanda"
44000-P505490,44000,EN: World Bank,40,Multilateral,0,1,A02_sector,1,0,2,Implementation,Belize  Development Policy Credit with a Catastrophe Deferred Drawdown Option
44000-P505747,44000,EN: World Bank,40,Multilateral,0,1,A02_sector,1,0,3,Finalisation,Ecuador Carbon-Conscious Fiscal and Growth Development Policy Financing
44000-P505784,44000,EN: World Bank,40,Multilateral,0,1,A02_sector,1,0,2,Implementation,Third Guatemala Development Policy Loan for Disaster Risk Management with a Catastrophe Deferred Drawdown Option (CAT DDO)
44000-P505866,44000,EN: World Bank,40,Multilateral,0,1,A02_sector,1,0,2,Implementation,BR Promoting Fiscal Management and Private Sector in the State of Pernambuco Development Policy Loan
44000-P506131,44000,EN: World Bank,40,Multilateral,0,1,A02_sector,1,0,2,Implementation,Peru Second Fiscal Policy and Sustainable Growth DPF-DDO
44000-P506285,44000,EN: World Bank,40,Multilateral,0,1,A02_sector,1,0,2,Implementation,Vanuatu Resilience Development Policy Financing with a Catastrophe Deferred Drawdown Option
44000-P506321,44000,EN: World Bank,40,Multilateral,0,1,A02_sector,1,0,2,Implementation,Bahia State Sustainable Infrastructure Program Development Policy Loan
44000-P506356,44000,EN: World Bank,40,Multilateral,0,1,A02_sector,1,0,3,Finalisation,Tuvalu Second Climate and Disaster Resilience Development Policy Financing
44000-P506463,44000,EN: World Bank,40,Multilateral,0,1,A02_sector,1,0,3,Finalisation,Second Growth Foundations Development Policy Operation
44000-P506857,44000,EN: World Bank,40,Multilateral,0,1,A02_sector,1,0,2,Implementation,Second Somalia Economic Resilience Development Policy Financing
44000-P506861,44000,EN: World Bank,40,Multilateral,0,1,A02_sector,1,0,2,Implementation,"AM Pro-Sustainability - Fiscal, economic, social and environmental sustainability program of the State of Amazonas"
44000-P506960,44000,EN: World Bank,40,Multilateral,0,1,A02_sector,1,0,3,Finalisation,Seychelles First Sustainable and Inclusive Growth Development Policy Operation
44000-P507031,44000,EN: World Bank,40,Multilateral,0,1,A02_sector,1,0,3,Finalisation,South Africa : Infrastructure Modernization DPL
44000-P507116,44000,EN: World Bank,40,Multilateral,0,1,A02_sector,1,0,2,Implementation,First Zambia Climate and Economic Resilience Programmatic DPF with Cat-DDO
44000-P507248,44000,EN: World Bank,40,Multilateral,0,1,A02_sector,1,0,2,Implementation,Third Strengthening Human Capital for a resilient Morocco DPF
44000-P507259,44000,EN: World Bank,40,Multilateral,0,1,A02_sector,1,0,2,Implementation,Sustainable and Resilient Recovery  DPF and CAT DDO
44000-P507322,44000,EN: World Bank,40,Multilateral,0,1,A02_sector,1,0,2,Implementation,"Brazil Increasing Productivity, Sustainability and Inclusion DPF"
44000-P507382,44000,EN: World Bank,40,Multilateral,0,1,A02_sector,1,0,2,Implementation,Jordan Growth and Competitiveness DPFs
44000-P507527,44000,EN: World Bank,40,Multilateral,0,1,A02_sector,1,0,2,Implementation,Papua New Guinea Growth and Resilience Development Policy Financing with a Catastrophe Deferred Drawdown Option
44000-P507528,44000,EN: World Bank,40,Multilateral,0,1,A02_sector,1,0,2,Implementation,Philippines Growth and Jobs DPL 1
44000-P507576,44000,EN: World Bank,40,Multilateral,0,1,A02_sector,1,0,3,Finalisation,Moldova Supporting Economic Opportunities and Climate Transition DPO
44000-P507760,44000,EN: World Bank,40,Multilateral,0,1,A02_sector,1,0,2,Implementation,Saint Vincent and the Grenadines Disaster Risk Management Cat-DDO
44000-P507861,44000,EN: World Bank,40,Multilateral,0,1,A02_sector,1,0,3,Finalisation,"First DRC Governance, Transparency and Economic Resilience Development Policy Financing"
44000-P507912,44000,EN: World Bank,40,Multilateral,0,1,A02_sector,1,0,2,Implementation,United Republic of Tanzania - Development Policy Financing with Catastrophe Deferred Drawdown Option
44000-P507916,44000,EN: World Bank,40,Multilateral,0,1,A02_sector,1,0,2,Implementation,Barbados Disaster Risk Management  Cat DDO
44000-P507962,44000,EN: World Bank,40,Multilateral,0,1,A02_sector,1,0,2,Implementation,Second Zambia Climate and Economic Resilience Programmatic DPF
44000-P508114,44000,EN: World Bank,40,Multilateral,0,1,A02_sector,1,0,3,Finalisation,Dominica: Strengthening Fiscal and Climate Resilience DPC
44000-P508225,44000,EN: World Bank,40,Multilateral,0,1,A02_sector,1,0,2,Implementation,Fiscal Management and Competitiveness Development Policy Loan
44000-P508227,44000,EN: World Bank,40,Multilateral,0,1,A02_sector,1,0,2,Implementation,Paraguay Private Sector-Led Growth and Jobs DPL
44000-P508323,44000,EN: World Bank,40,Multilateral,0,1,A02_sector,1,0,2,Implementation,Indonesia Productive and Sustainable Investment Development Policy Loan
44000-P508347,44000,EN: World Bank,40,Multilateral,0,1,A02_sector,1,0,2,Implementation,Costa Rica Fiscal Management and Green Growth
44000-P508348,44000,EN: World Bank,40,Multilateral,0,1,A02_sector,1,0,2,Implementation,First Panama Fiscal Management and Growth DPL
44000-P508569,44000,EN: World Bank,40,Multilateral,0,1,A02_sector,1,0,2,Implementation,Armenia Economic Transformation Development Policy Operation
44000-P508608,44000,EN: World Bank,40,Multilateral,0,1,A02_sector,1,0,2,Implementation,First Sustainable and Inclusive Growth Development Policy Operation
44000-P508695,44000,EN: World Bank,40,Multilateral,0,1,A02_sector,1,0,2,Implementation,Second Inclusive & Sustainable Economic Growth
44000-P508911,44000,EN: World Bank,40,Multilateral,0,1,A02_sector,1,0,2,Implementation,"STP Fiscal Sustainability, Energy Access and Digital Connectivity DPO"
44000-P509222,44000,EN: World Bank,40,Multilateral,0,1,A02_sector,1,0,2,Implementation,Somalia Disaster Risk Management DPF with a Catastrophe Deferred Draw Down Option
44000-P509413,44000,EN: World Bank,40,Multilateral,0,1,A02_sector,1,0,2,Implementation,El Salvador - Fiscal Sustainability and Resilience DPF with CAT DDO
44000-P509552,44000,EN: World Bank,40,Multilateral,0,1,A02_sector,1,0,2,Implementation,Argentina: Fiscal Sustainability and Competitiveness DPF
44000-P509756,44000,EN: World Bank,40,Multilateral,0,1,A02_sector,1,0,2,Implementation,BR State of Piaui Strengthening Fiscal Sustainability and Fostering Sustainable Economic Development
44000-P509760,44000,EN: World Bank,40,Multilateral,0,1,A02_sector,1,0,2,Implementation,"Tonga Second Fiscal, Disaster, and Climate Resilience Development Policy Operation"
44000-P509816,44000,EN: World Bank,40,Multilateral,0,1,A02_sector,1,0,2,Implementation,Bhutan First Growth and Jobs DPF
44000-P509948,44000,EN: World Bank,40,Multilateral,0,1,A02_sector,1,0,2,Implementation,Madagascar Second Equitable and Resilient Growth Development Policy Operation
44000-P510158,44000,EN: World Bank,40,Multilateral,0,1,A02_sector,1,0,2,Implementation,Ecuador Disaster Risk Management Development Policy Financing with a Cat-DDO
44000-P510580,44000,EN: World Bank,40,Multilateral,0,1,A02_sector,1,0,2,Implementation,Togo's First Invest-4-Jobs Development Policy Financing (DPF) Operation
44000-P510637,44000,EN: World Bank,40,Multilateral,0,1,A02_sector,1,0,2,Implementation,The Gambia Advancing Reforms  for Inclusive and Sustainable Economic Growth (ARISE) DPF1
44000-P510638,44000,EN: World Bank,40,Multilateral,0,1,A02_sector,1,0,2,Implementation,FIRST BENIN ACCELERATED ECONOMIC TRANSFORMATION AND JOBS
44000-P510901,44000,EN: World Bank,40,Multilateral,0,1,A02_sector,1,0,2,Implementation,Cote d'Ivoire Private Investment and Productive Jobs DPF1
44000-P511001,44000,EN: World Bank,40,Multilateral,0,1,A02_sector,1,0,2,Implementation,Mauritania First Reforms for Inclusive and Sustainable Growth DPF
44000-P511201,44000,EN: World Bank,40,Multilateral,0,1,A02_sector,1,0,3,Finalisation,Bangladesh: Strengthening Governance and Institutional Resilience
44000-P511758,44000,EN: World Bank,40,Multilateral,0,1,A02_sector,1,0,2,Implementation,The Second  Resilience Development Policy Operation
44000-P511822,44000,EN: World Bank,40,Multilateral,0,1,A02_sector,1,0,2,Implementation,Kiribati Second Resilient Growth Development Policy Operation with a Catastrophe Deferred Drawdown Option
44000-P511848,44000,EN: World Bank,40,Multilateral,0,1,A02_sector,1,0,2,Implementation,Angola Resilient and Inclusive Growth DPL/PBG/D4D
44000-P511920,44000,EN: World Bank,40,Multilateral,0,1,A02_sector,1,0,2,Implementation,First Advancing Global Integration and Market Transition Uzbekistan Programmatic Development Policy Operation
44000-P512397,44000,EN: World Bank,40,Multilateral,0,1,A02_sector,1,0,2,Implementation,First Job Creation and Fiscal Sustainability DPF
44000-P512526,44000,EN: World Bank,40,Multilateral,0,1,A02_sector,1,0,2,Implementation,Bahia State Sustainable and Inclusive Development Policy Loan
44000-P512660,44000,EN: World Bank,40,Multilateral,0,1,A02_sector,1,0,2,Implementation,Croatia Disaster Preparedness and Resilience Development Policy Loan with a Catastrophe Deferred Drawdown Option (Cat DDO)
44000-P513028,44000,EN: World Bank,40,Multilateral,0,1,A02_sector,1,0,2,Implementation,Rwanda First Inclusive and Resilient Job Creation Development Policy Financing
44000-P513191,44000,EN: World Bank,40,Multilateral,0,1,A02_sector,1,0,2,Implementation,Romania First Fiscal and Growth DPL
44000-P513503,44000,EN: World Bank,40,Multilateral,0,1,A02_sector,1,0,2,Implementation,"Morocco Jobs and Green Growth Development Policy Operation, 1st of the programmatic series"
44000-P513769,44000,EN: World Bank,40,Multilateral,0,1,A02_sector,1,0,2,Implementation,Seychelles Second Sustainable and Inclusive Growth Development Policy Operation
44000-P513997,44000,EN: World Bank,40,Multilateral,0,1,A02_sector,1,0,2,Implementation,Moldova Growth and Resilience DPF
44000-P514501,44000,EN: World Bank,40,Multilateral,0,1,A02_sector,1,0,2,Implementation,Generating Resilience Opportunities and Welfare for a Thriving Egypt (GROWTH) 2
46002-P-AO-AA0-011,XM-DAC-46002,African Development Bank,40,Multilateral,0,1,A02_sector,0,1,2,Implementation,"EN: Angola - Agriculture Sector Reform Program (ASRP), FR: Angola - Programme de réforme du secteur de l’agriculture (PRSA)"
46002-P-AO-FA0-002,XM-DAC-46002,African Development Bank,40,Multilateral,0,1,A02_sector,0,1,3,Finalisation,"EN: Angola - Power Sector Reform Support Program, FR: Angola - Programme d’appui à la réforme du secteur de l’électricité"
46002-P-AO-K00-007,XM-DAC-46002,African Development Bank,40,Multilateral,1,0,A01_general,0,1,3,Finalisation,"EN: Angola - Economic Diversification Support Program (EDSP), FR: Angola - Programme d'Appui à la Diversification de l'Economie (PADE)"
46002-P-AO-K00-009,XM-DAC-46002,African Development Bank,40,Multilateral,1,0,A01_general,0,1,2,Implementation,"EN: Angola - Economic Governance and Resilience Support Program Phase 1, FR: Angola - Programme de Soutien à la Gouvernance Économique et à la Résilience Phase 1"
46002-P-BF-FA0-008,XM-DAC-46002,African Development Bank,40,Multilateral,0,1,A02_sector,0,1,3,Finalisation,"EN: Burkina Faso - Energy Sector Budget Support Programme, FR: Burkina Faso - Programme d’appui budgétaire au secteur de l’énergie"
46002-P-BF-K00-006,XM-DAC-46002,African Development Bank,40,Multilateral,1,0,A01_general,0,1,3,Finalisation,"EN: Burkina Faso - The Poverty Reduction Strategy Support Programme IV (PRSSP IV), FR: Burkina Faso - Programme d’appui à la stratégie de réduction de la pauvreté IV (PASRP IV) "
46002-P-BF-K00-011,XM-DAC-46002,African Development Bank,40,Multilateral,1,0,A01_general,0,1,3,Finalisation,"EN: Burkina Faso - Complementary Poverty Reduction Strategy Support Program (PCASRP) II, FR: Burkina Faso - Programme complémentaire d’appui à la stratégie de réduction de la pauvreté (PCASRP) II"
46002-P-BF-K00-012,XM-DAC-46002,African Development Bank,40,Multilateral,1,0,A01_general,0,1,3,Finalisation,"EN: Burkina Faso - Third Poverty Strategy Support Loan (PRSSP III), FR: Burkina Faso - Troisième Prêt d'Appui à la Stratégie de Réduction de la Pauvreté (PASRP III)"
46002-P-BF-KA0-009,XM-DAC-46002,African Development Bank,40,Multilateral,1,0,A01_general,0,1,3,Finalisation,"EN: Burkina Faso - Private Sector Promotion Support Programme (PAPSP) , FR: Burkina Faso - Programme d’appui à la promotion du secteur privé (PAPSP)"
46002-P-BF-KZ0-001,XM-DAC-46002,African Development Bank,40,Multilateral,0,1,A02_sector,0,1,3,Finalisation,"EN: Burkina Faso - Energy Sector Reform Support Programme (PARSE), FR: Burkina Faso - Programme d'appui aux réformes dans le secteur de l'énergie"
46002-P-BF-KZ0-003,XM-DAC-46002,African Development Bank,40,Multilateral,1,1,both,0,1,3,Finalisation,"EN: Burkina Faso - COVID-19 Support Programme in G5 Sahel Countries - Burkina Faso, Mali, Mauritania, Niger and Chad (PARC COVID-19 - G5 Sahel), FR: Burkina Faso - Programme d'appui en réponse à la crise de la COVID-19 dans les pays du G5 Sahel - Burkina Faso, Mali, Mauritanie, Niger, Tchad - (PARC COVID-19 - G5 Sahel)"
46002-P-BI-I00-004,XM-DAC-46002,African Development Bank,40,Multilateral,0,1,A02_sector,0,1,3,Finalisation,"EN: Burundi - Youth Unemployment Reduction and Diaspora Engagement, FR: Burundi - Réduction du Chômage des Jeunes et Engagement de la Diaspora"
46002-P-BI-KA0-001,XM-DAC-46002,African Development Bank,40,Multilateral,1,0,A01_general,0,1,3,Finalisation,"EN: Burundi - Economic Reform and Governance Support Program (PAREG) 2005-2006, FR: Burundi - Programme d’Appui aux Réformes Economiques et à la Gouvernance (PAREG) 2005-2006"
46002-P-BJ-E00-007,XM-DAC-46002,African Development Bank,40,Multilateral,0,1,A02_sector,0,1,2,Implementation,"EN: Benin - Programme for Achieving Drinking Water Security to Build Resilience in Rural Areas (PROSER MR), FR: Bénin - Programme de sécurisation de l'eau potable pour la résilience en milieu rural (PROSER MR)"
46002-P-BJ-FZ0-001,XM-DAC-46002,African Development Bank,40,Multilateral,0,1,A02_sector,0,1,3,Finalisation,"EN: Benin - Energy Sector Budget Support Programme - Phase I (PASEBE I), FR: Bénin - Programme d'Appui Budgétaire au Secteur de l'Energie - Phase I (PASEBE I)"
46002-P-BJ-K00-005,XM-DAC-46002,African Development Bank,40,Multilateral,1,1,both,0,1,3,Finalisation,"EN: Benin - Economic Competitiveness Support Programme (PACEB), FR: Benin - Programme d’appui à la compétitivité économique du Benin (PACEB)"
46002-P-BJ-K00-006,XM-DAC-46002,African Development Bank,40,Multilateral,1,1,both,0,1,3,Finalisation,"EN: Benin - Economic Competitiveness Support Programme (PACEB) - PHASE II, FR: Bénin - Programme d’Appui à la Compétitivité Economique du Bénin 2ème phase (PACEB II)"
46002-P-BJ-K00-007,XM-DAC-46002,African Development Bank,40,Multilateral,1,0,A01_general,0,1,2,Implementation,"EN: Benin - Economic Governance and Private Sector Development Support Programme - Phase II (PAGE-DSP II), FR: Bénin - Programme d’appui à la gouvernance économique et au développement du secteur privé - Phase II (PAGE-DSP II)"
46002-P-BJ-K00-010,XM-DAC-46002,African Development Bank,40,Multilateral,1,0,A01_general,0,1,2,Implementation,"EN: Benin - Economic Governance and Private Sector Development Support Programme (PAGE-DSP) - Supplementary Financing 2025 (FS 2025), FR: Bénin - Programme d'appui à la gouvernance économique et au développement du secteur privé (PAGE-DSP) - Financement supplémentaire 2025 (FS 2025)"
46002-P-BJ-KA0-006,XM-DAC-46002,African Development Bank,40,Multilateral,0,1,A02_sector,0,1,3,Finalisation,"EN: Benin - Poverty Reduction Strategy Support Program I (PRSP I), FR: Bénin - Programme d’appui à la stratégie de réduction de la pauvreté I (PASRP I)"
46002-P-BJ-KA0-009,XM-DAC-46002,African Development Bank,40,Multilateral,1,1,both,0,1,3,Finalisation,"EN: Benin - The Third Growth and Poverty Reduction Strategy Support Program (GPRSSP-III), FR: Bénin - Troisième Programme d’appui à la stratégie de croissance pour la réduction de la pauvreté  (PASCRP-III)"
46002-P-BJ-KA0-013,XM-DAC-46002,African Development Bank,40,Multilateral,1,1,both,0,1,3,Finalisation,"EN: Benin - Poverty Reduction Strategy Support Programme - Phase II, FR: Bénin - Programme d'Appui à la Stratégie de Réduction de la Pauvreté - Phase II"
46002-P-BJ-KA0-014,XM-DAC-46002,African Development Bank,40,Multilateral,1,0,A01_general,0,1,3,Finalisation,"EN: Benin - Economic and Financial Reform Support Programme (PAREF), FR: Bénin - Programme d’appui aux réformes économiques et financières (PAREF)"
46002-P-BJ-KF0-001,XM-DAC-46002,African Development Bank,40,Multilateral,1,0,A01_general,0,1,3,Finalisation,"EN: Benin - Economic Governance and Private Sector Development Support Programme - Phase I (PAGE-DSP I), FR: Bénin - Programme d’appui à la gouvernance économique et au développement du secteur privé - Phase I (PAGE-DSP I)"
46002-P-BJ-KZ0-001,XM-DAC-46002,African Development Bank,40,Multilateral,1,0,A01_general,0,1,3,Finalisation,"EN: Benin - Multi-Country (Benin-Togo-Guinea) COVID-19 Response Support Programme, FR: Bénin - Programme multi-pays (Bénin- Togo- Guinée)  d'appui à la réponse à la COVID-19"
46002-P-BW-K00-001,XM-DAC-46002,African Development Bank,40,Multilateral,1,0,A01_general,0,1,3,Finalisation,"EN: Botswana - The Economic Diversification Support Programme, FR: Botswana - Programme d’appui à la diversification de l’économie"
46002-P-BW-K00-004,XM-DAC-46002,African Development Bank,40,Multilateral,1,0,A01_general,0,1,3,Finalisation,"EN: Botswana - Economic Recovery Support Program (ERSP), FR: Botswana - Programme d’appui à la relance économique (ERSP)"
46002-P-BW-K00-005,XM-DAC-46002,African Development Bank,40,Multilateral,1,0,A01_general,0,1,3,Finalisation,"EN: Botswana - Economic Recovery Support Program – Phase II (ERSP II), FR: Botswana – Programme d’appui à la relance économique – phase II (ERSP II)"
46002-P-BW-K00-006,XM-DAC-46002,African Development Bank,40,Multilateral,1,0,A01_general,0,1,3,Finalisation,"EN: Botswana - Governance and economic resilence support programme (GERSP), FR: Botswana – Programme d’appui à la gouvernance et à la résilience économique (GERSP)"
46002-P-CD-K00-002,XM-DAC-46002,African Development Bank,40,Multilateral,1,0,A01_general,0,1,3,Finalisation,"EN: Democratic Republic of Congo - Economic Recovery and Reunification Support Programme, FR: République Démocratique du Congo - Programme d'Appui à la Relance Economique et à la Réunification"
46002-P-CD-K00-012,XM-DAC-46002,African Development Bank,40,Multilateral,1,1,both,0,1,3,Finalisation,"EN: Democratic Republic of Congo - Support Programme in Response to the COVID-19 Crisis (PABRC), FR: République Démocratique du Congo - Programme d'appui budgétaire en réponse à la crise de la COVID-19 (PABRC)"
46002-P-CF-I00-006,XM-DAC-46002,African Development Bank,40,Multilateral,0,1,A02_sector,0,1,2,Implementation,"EN: Central African Republic - Project to support socio-economic inclusion, entrepreneurship and mobilization of the diaspora, FR: République de Centrafrique - Projet d'appui à l'inclusion socio-économique, entreprenariat et mobilisation de la diaspora (PAISEEMD)"
46002-P-CF-K00-006,XM-DAC-46002,African Development Bank,40,Multilateral,1,0,A01_general,0,1,3,Finalisation,"EN: Central African Republic - Economic and Financial Reform Support Programme, FR: République Centrafricaine - Programme d'appui aux réformes économiques et financières"
46002-P-CF-K00-007,XM-DAC-46002,African Development Bank,40,Multilateral,1,0,A01_general,0,1,3,Finalisation,"EN: Central African Republic - Economic And Financial Reforms Support Programme (PAREF) - Phase II, FR: République Centrafricaine - Programme d’appui aux réformes économiques et financières (PAREF) - Phase II"
46002-P-CF-K00-010,XM-DAC-46002,African Development Bank,40,Multilateral,1,0,A01_general,0,1,3,Finalisation,"EN: Central African Republic - Covid-19 Crisis Response Budget Support Programme (PABRC), FR: République Centrafricaine - Programme d’appui budgétaire en réponse à la crise covid-19 (PABRC)"
46002-P-CF-K00-020,XM-DAC-46002,African Development Bank,40,Multilateral,1,0,A01_general,0,1,3,Finalisation,"EN: Central African Republic - Economic and Social Reform Consolidation Support Programme Phase I (PACRES I), FR: République Centrafricaine - Programme d'appui à la consolidation des réformes économiques et sociales - phase I (PACRES I)"
46002-P-CF-K00-021,XM-DAC-46002,African Development Bank,40,Multilateral,1,0,A01_general,0,1,2,Implementation,"EN: CENTRAL AFRICAN REPUBLIC - Economic and Social Reform Consolidation Support Programme - Phase II (PACRES II), FR: REPUBLIQUE CENTRAFRICAINE - Programme d'appui à la consolidation des réformes économiques et sociales - Phase II (PACRES II)"
46002-P-CF-KZ0-002,XM-DAC-46002,African Development Bank,40,Multilateral,1,0,A01_general,0,1,3,Finalisation,"EN: Central African Republic - Emergency Post-Crisis and Economic Recovery Support Programme (PUASCRE), FR: République Centrafricaine - Programme d’urgence d’appui à la sortie de crise et à la reprise économique (PUASCRE)"
46002-P-CF-KZ0-003,XM-DAC-46002,African Development Bank,40,Multilateral,1,0,A01_general,0,1,3,Finalisation,"EN: Central African Republic - Emergency Post-Crisis and Economic Recovery Support Programme – Phase 2, FR: République Centrafricaine - Programme d’urgence d’appui à la sortie de crise et à la reprise économique – Phase 2"
46002-P-CG-K00-002,XM-DAC-46002,African Development Bank,40,Multilateral,1,0,A01_general,0,1,3,Finalisation,"EN: Congo - Structural adjustment program , FR: Congo - Programme d'ajustement structurel "
46002-P-CG-K00-006,XM-DAC-46002,African Development Bank,40,Multilateral,1,0,A01_general,0,1,3,Finalisation,"EN: Congo - Support program for economic reform and decentralization in rural areas, FR: Congo - Programme d'appui aux réformes économiques et de décentralisation en milieu rural"
46002-P-CG-K00-009,XM-DAC-46002,African Development Bank,40,Multilateral,1,0,A01_general,0,1,3,Finalisation,"EN: Congo - Economic and Financial Reform Support Programme (PAREF), FR: Congo - Programme d’Appui aux Réformes Economiques et Financières (PAREF)"
46002-P-CG-K00-012,XM-DAC-46002,African Development Bank,40,Multilateral,1,0,A01_general,0,1,3,Finalisation,"EN: Congo - Governance and Economic Diversification Support Programme (PAGDE) - Phase I, FR: Congo - Programme d’Appui à la Gouvernance et à la Diversification Economique (PAGDE) - Phase I"
46002-P-CI-AA0-037,XM-DAC-46002,African Development Bank,40,Multilateral,1,0,A01_general,0,1,2,Implementation,"EN: Côte d'Ivoire - Emergency Food Production Programme (2 PAU-CIAEFPF), FR: Côte d'Ivoire - Programme de production alimentaire d’urgence (2 PAU- CIAEFPF)"
46002-P-CI-BG0-002,XM-DAC-46002,African Development Bank,40,Multilateral,0,1,A02_sector,0,1,2,Implementation,"EN: Côte d'Ivoire - Diversification, Industrial Acceleration, Competitiveness and Employment (DAICE), FR: Côte d'Ivoire - Diversification, Accélération industrielle, Compétitivité et Emploi (DAICE)"
46002-P-CI-I00-003,XM-DAC-46002,African Development Bank,40,Multilateral,0,1,A02_sector,0,1,3,Finalisation,"EN: Côte d’Ivoire - Social Inclusion and Cohesion Enhancement Support Programme (PARICS), FR: Côte d’Ivoire - Programme d’appui au renforcement de l’inclusion et de la cohésion sociale (PARICS)"
46002-P-CI-IZ0-001,XM-DAC-46002,African Development Bank,40,Multilateral,1,1,both,0,1,3,Finalisation,"EN: Côte d’Ivoire - Emergency Programme to Restore Basic Social and Administrative Services (PURSSAB), FR: Côte d’Ivoire - Programme d’urgence pour la restauration des services sociaux et administratifs de base (PURSSAB)"
46002-P-CI-IZ0-004,XM-DAC-46002,African Development Bank,40,Multilateral,0,1,A02_sector,0,1,3,Finalisation,"EN: Côte d’Ivoire - Youth Employability and Insertion Support Programme, FR: Côte d’Ivoire - Programme d’appui à l’amélioration de l’employabilité et de l’insertion des jeunes "
46002-P-CI-KA0-009,XM-DAC-46002,African Development Bank,40,Multilateral,1,0,A01_general,0,1,3,Finalisation,"EN: Côte d'Ivoire - Economic Governance and Growth Support Programme (PAGEC), FR: Côte d'Ivoire - Programme d'appui à la gouvernance économique et à la croissance (PAGEC)"
46002-P-CI-KA0-010,XM-DAC-46002,African Development Bank,40,Multilateral,1,0,A01_general,0,1,3,Finalisation,"EN: Côte d'Ivoire - Economic and Social Reform Support Programme (PARES), FR: Côte d'Ivoire -  Programme d’Appui aux Réformes Economiques et Sociales (PARES)"
46002-P-CI-KA0-011,XM-DAC-46002,African Development Bank,40,Multilateral,1,0,A01_general,0,1,3,Finalisation,"EN: Côte d'Ivoire - Economic and Social Reform Support Programme (PARES) – Phase II, FR: Côte d'Ivoire - Programme d’appui aux réformes économiques et sociales (PARES) - Phase II"
46002-P-CI-KA0-012,XM-DAC-46002,African Development Bank,40,Multilateral,1,0,A01_general,0,1,3,Finalisation,"EN: Côte d'Ivoire - Covid-19 Response Support Programme, FR: Côte d'Ivoire - Programme d'appui à la riposte contre la Covid-19"
46002-P-CI-KA0-013,XM-DAC-46002,African Development Bank,40,Multilateral,1,0,A01_general,0,1,3,Finalisation,"EN: Côte d'Ivoire - Economic and Social Reform Support Programme - Phase III (PARES III), FR: Côte d'Ivoire - Programme d'appui aux réformes économiques et sociales - Phase III (PARES III)"
46002-P-CI-KA0-014,XM-DAC-46002,African Development Bank,40,Multilateral,1,0,A01_general,0,1,2,Implementation,"EN: Côte d'ivoire -  Inclusive Governance and Economic Transformation Support Programme - PHASE I (PATEGI-I), FR: Côte d'ivoire - Programme d’appui à la transformation économique et à la gouvernance inclusive - Phase I (PATEGI-I)"
46002-P-CM-AA0-015,XM-DAC-46002,African Development Bank,40,Multilateral,1,0,A01_general,0,1,3,Finalisation,"EN: Cameroon - Agricultural Production Support Programme - AEFPF-CAM, FR: Cameroun - Programme d’appui au renforcement de la production agricole - AEFPF-CAM"
46002-P-CM-FA0-011,XM-DAC-46002,African Development Bank,40,Multilateral,1,0,A01_general,0,1,2,Implementation,"EN: Cameroon - Support Programme for Recovery of the Power Sector (PARSEC), Phase I, FR: Cameroun - Programme d'appui au redressement du secteur de l'électricité au Cameroun (PARSEC), phase I"
46002-P-CM-H00-010,XM-DAC-46002,African Development Bank,40,Multilateral,0,1,A02_sector,0,1,2,Implementation,"EN: Cameroon - Support Project for the Empowerment of Forcibly Displaced Persons in the North, FR: Cameroun - Projet d'appui à l'autonomisation des personnes déplacées de force dans le Nord"
46002-P-CM-K00-009,XM-DAC-46002,African Development Bank,40,Multilateral,1,0,A01_general,0,1,3,Finalisation,"EN: Cameroon - Competitiveness and Economic Growth Support Programme - Phase II (PACCE II), FR: Cameroun - Programme d'appui à la compétitivité et la croissance économique - Phase II (PACCE II)"
46002-P-CM-K00-010,XM-DAC-46002,African Development Bank,40,Multilateral,1,0,A01_general,0,1,3,Finalisation,"EN: Cameroon - COVID-19 Crisis Response Budget Support Programme (PABRC), FR: Cameroun - Programme d'appui budgétaire en réponse à la COVID-19 (PABRC)"
46002-P-CM-KA0-005,XM-DAC-46002,African Development Bank,40,Multilateral,1,0,A01_general,0,1,3,Finalisation,"EN: Cameroon - Governance Reform Support Program (PARG), FR: Cameroun - Programme d'appui aux Réformes  en Matière  de Gouvernance (PARG)"
46002-P-CM-KA0-011,XM-DAC-46002,African Development Bank,40,Multilateral,1,0,A01_general,0,1,3,Finalisation,"EN: Cameroon - Competitiveness and Economic Growth Support Programme (PACCE), FR: Cameroun - Programme d'appui à la compétitivité et la croissance économique (PACCE)"
46002-P-CM-KA0-015,XM-DAC-46002,African Development Bank,40,Multilateral,1,0,A01_general,0,1,3,Finalisation,"EN: Cameroon - Competitiveness and Economic Growth Support Programme, Phase III (PACCE III), FR: Cameroun - Programme d’appui à la compétitivité et à la croissance économique, Phase III (PACCE III)"
46002-P-CM-KF0-006,XM-DAC-46002,African Development Bank,40,Multilateral,1,0,A01_general,0,1,3,Finalisation,"EN: Cameroon - Economic Recovery Support Programme in Cameroon (PARECAM Phase I), FR: Cameroun - programme d'appui à la relance économique post-covid du Cameroun (PARECAM Phase I)"
46002-P-CM-KF0-007,XM-DAC-46002,African Development Bank,40,Multilateral,1,0,A01_general,0,1,2,Implementation,"EN: Cameroon - Public Finance Governance Support Project (PAGFIP), FR: Cameroun - Projet d'appui à la gouvernance des finances publiques (PAGFIP)"
46002-P-CV-A00-003,XM-DAC-46002,African Development Bank,40,Multilateral,1,0,A01_general,0,1,3,Finalisation,"EN: Cabo Verde - Emergency Food Production Support Programme, FR: Cabo Verde - Programme de production alimentaire d’urgence"
46002-P-CV-GB0-005,XM-DAC-46002,African Development Bank,40,Multilateral,0,1,A02_sector,0,1,2,Implementation,"EN: Cabo Verde – Morabeza Innovation Project, FR: Cabo Verde – Projet d'innovation Morabeza"
46002-P-CV-K00-002,XM-DAC-46002,African Development Bank,40,Multilateral,1,0,A01_general,0,1,3,Finalisation,"EN: Cape Verde: Economic reform support program, phase 2, FR: Cape Verde : Programme d'appui aux réformes économiques, phase 2"
46002-P-CV-K00-003,XM-DAC-46002,African Development Bank,40,Multilateral,1,0,A01_general,0,1,3,Finalisation,"EN: Cabo Verde - Economic reform support program, phase 3, FR: Cabo Verde - Programme d'appui aux réformes économiques, phase 3"
46002-P-CV-K00-004,XM-DAC-46002,African Development Bank,40,Multilateral,1,0,A01_general,0,1,3,Finalisation,"EN: Cape Verde - Poverty Reduction Strategy Budget Support Program I (PRSSP I), FR: Cap Vert - Programme d'Appui à la Stratégie de Réduction de la Pauvreté I (PASRP I)"
46002-P-CV-K00-005,XM-DAC-46002,African Development Bank,40,Multilateral,1,0,A01_general,0,1,3,Finalisation,"EN: Cape Verde - The Poverty Reduction Strategy Support Programme II (PRSSP-II), FR: Cap-Vert - Deuxième Programme d’appui budgétaire à la stratégie de réduction de la pauvreté (PASRP-II)"
46002-P-CV-K00-006,XM-DAC-46002,African Development Bank,40,Multilateral,1,0,A01_general,0,1,3,Finalisation,"EN: Cape Verde - Additional Budget Support Loan for the Poverty Reduction Strategy Support Programme II (PRSSP-II)
 First tranche, FR: Cap-Vert - Programme d’appui budgétaire additionnel au Programme d’appui budgétaire à la stratégie de réduction de la pauvreté (PASRP-II) 
Première tranche"
46002-P-CV-K00-007,XM-DAC-46002,African Development Bank,40,Multilateral,1,0,A01_general,0,1,3,Finalisation,"EN: Cape Verde - Additional Budget Support Loan for the Poverty Reduction Strategy Support Programme II (PRSSP-II) 
Second tranche, FR: Cap-Vert - Programme d’appui budgétaire additionnel au Programme d’appui budgétaire à la stratégie de réduction de la pauvreté (PASRP-II) 
Seconde tranche"
46002-P-CV-K00-009,XM-DAC-46002,African Development Bank,40,Multilateral,1,0,A01_general,0,1,3,Finalisation,"EN: Cape Verde - Additional Budget Support Loan for the Poverty Reduction Strategy Support Program (PRSSP-II), FR: Cap-Vert - Appui budgétaire supplémentaire au Programme d’appui à la stratégie de réduction de la pauvreté (PASRP-II)"
46002-P-CV-K00-010,XM-DAC-46002,African Development Bank,40,Multilateral,1,0,A01_general,0,1,3,Finalisation,"EN: Cape Verde - Public Finance Management and Private Sector Recovery Support Programme (PAGFP-RSP), FR: Cap Vert - Programme d’appui à la gestion des finances publiques et à la relance du secteur privé (PAGFP-RSP)"
46002-P-CV-K00-011,XM-DAC-46002,African Development Bank,40,Multilateral,1,0,A01_general,0,1,3,Finalisation,"EN: Cape Verde - Public Corporate Governance and Investment Promotion Support Programme (PAGEPPI), FR: Cap-Vert - Programme d’appui à la gouvernance des entreprises publiques et à la promotion de l’investissement (PAGEPPI)"
46002-P-CV-K00-013,XM-DAC-46002,African Development Bank,40,Multilateral,1,0,A01_general,0,1,3,Finalisation,"EN: Cape Verde - E-Governance and Public Administration Modernisation Programme (E-PAMP) – Phase I, FR: Cap Vert - Programme de gouvernance électronique et de modernisation de l'administration publique (E-PAMP) – Phase I"
46002-P-CV-K00-015,XM-DAC-46002,African Development Bank,40,Multilateral,1,0,A01_general,0,1,3,Finalisation,"EN: Cabo verde - E-Governance and Public Administration Modernisation Program (E-PAMP), FR: Cabo Verde - Programme de gouvernance électronique et de modernisation de l'administration publique (E-PAMP)"
46002-P-CV-K00-016,XM-DAC-46002,African Development Bank,40,Multilateral,1,0,A01_general,0,1,3,Finalisation,"EN: Cabo Verde - COVID-19 Crisis Response Support Programme (CCRSP), FR: Cabo Verde - Programme d'appui en réponse à la crise du COVID 19 (CCRSP)"
46002-P-CV-K00-019,XM-DAC-46002,African Development Bank,40,Multilateral,1,0,A01_general,0,1,2,Implementation,"EN: Cabo Verde - E-Governance and Public Financial Management Reform Program (E-PFMRP), FR: Cabo Verde – Programme de réforme de la gouvernance électronique et de la gestion des finances publiques (E-PFMRP)"
46002-P-CV-K00-020,XM-DAC-46002,African Development Bank,40,Multilateral,1,0,A01_general,0,1,1,Pipeline/identification,"EN: CABO VERDE - E-Governance and Public Financial Management Reform Program, Phase 2 (E-PFMRP II), FR: CABO VERDE - Programme de réforme de la gouvernance électronique et de la gestion des finances publiques, Phase 2 (E-PFMRP II)"
46002-P-CV-KA0-003,XM-DAC-46002,African Development Bank,40,Multilateral,1,0,A01_general,0,1,3,Finalisation,"EN: Cape-Verde - Economic Reform Support Program (ERAP), FR: Cap-Vert - Programme d’Appui aux Réformes Economiques (PARE)"
46002-P-CV-KA0-005,XM-DAC-46002,African Development Bank,40,Multilateral,1,0,A01_general,0,1,3,Finalisation,"EN: Cabo Verde - Public Corporate Governance and Investment Promotion Support Programme – Second Year (PAGEPPI II), FR: Cabo Verde - Programme d’appui à la gouvernance des entreprises publiques et à la promotion de l’investissement – Deuxième année (PAGEPPI II)"
46002-P-CV-KA0-006,XM-DAC-46002,African Development Bank,40,Multilateral,1,0,A01_general,0,1,3,Finalisation,"EN: Cabo Verde - Economic Growth Support Programme - Phase I, FR: Cabo Verde - Programme d’appui à la croissance économique - Phase I "
46002-P-CV-KA0-007,XM-DAC-46002,African Development Bank,40,Multilateral,1,0,A01_general,0,1,3,Finalisation,"EN: Cabo Verde - Economic Growth Support Programme – Phase II (PACE II), FR: Cabo Verde - Programme d'Appui à la Croissance Economique – Phase II (PACE II)"
46002-P-CV-KA0-008,XM-DAC-46002,African Development Bank,40,Multilateral,1,0,A01_general,0,1,3,Finalisation,"EN: Cabo Verde - Private Sector Competitiveness and Local Economic Development Programme (PSC-LED) PHASE I, FR: Cabo Verde - Programme d’amélioration de la compétitivité du secteur privé et de développement de l’économie locale (PSC-LED) Phase I"
46002-P-CV-KA0-009,XM-DAC-46002,African Development Bank,40,Multilateral,1,0,A01_general,0,1,3,Finalisation,"EN: Cape-Verde - Private Sector Competitiveness and Local Economic Development Programme (PSCLED)  – Phase II, FR: Cap-Vert - Programme d’amélioration de la compétitivité du secteur privé et de développement de l’économie locale (PSC-LED) – Phase II"
46002-P-DJ-K00-001,XM-DAC-46002,African Development Bank,40,Multilateral,1,0,A01_general,0,1,3,Finalisation,"EN: Djibouti - Structural Adjustment Loan I, FR: Djibouti - Prêt d’ajustement
structurel I"
46002-P-DJ-K00-003,XM-DAC-46002,African Development Bank,40,Multilateral,0,1,A02_sector,0,1,2,Implementation,"EN: Djibouti - Public Debt Sustainability Support Project (PASDP), FR: Djibouti - Projet d’appui à la Soutenabilité de la Dette Publique (PASDP)"
46002-P-DJ-KF0-010,XM-DAC-46002,African Development Bank,40,Multilateral,0,1,A02_sector,0,1,2,Implementation,"EN: Djibouti - Project for Capacity Development of Public Finance Control Institutions and Governance of Public Establishments and Enterprises (PAIC-GEP), FR: Djibouti - projet d’appui aux institutions de contrôle des finances publiques et à la gouvernance des entreprises et établissements publics (PAIC-GEP)"
46002-P-DZ-K00-007,XM-DAC-46002,African Development Bank,40,Multilateral,1,0,A01_general,0,1,3,Finalisation,"EN: Algeria - Industrial and Energy Competitiveness Support Programme (PACIE), FR: Algérie - Programme d’Appui à la Compétitivité Industrielle et Énergétique (PACIE)"
46002-P-EG-BG0-003,XM-DAC-46002,African Development Bank,40,Multilateral,1,0,A01_general,0,1,1,Pipeline/identification,"EN: Egypt – Private Sector Development and Economic Diversification Support Program – Phase II (PSD-EDSP II), FR: Egypte - Programme D’appui au Developpement du Secteur Privé et à la Diversification Economique ? phase II (PSDEDSP II)"
46002-P-EG-FA0-005,XM-DAC-46002,African Development Bank,40,Multilateral,0,1,A02_sector,0,1,3,Finalisation,"EN: Egypt - Electricity and Green Growth Support Program (EGGSP) - Phase I, FR: Egypte - Programme d’appui à l’électricité et à la croissance verte (EGGSP) - Phase I"
46002-P-EG-FA0-008,XM-DAC-46002,African Development Bank,40,Multilateral,0,1,A02_sector,0,1,3,Finalisation,"EN: Egypt - Electricity and Green Growth Support Program II (EGGSP II), FR: Egypte - Programme d'appui à l'électricité et à la croissance verte II (EGGSP II)"
46002-P-EG-HZ0-001,XM-DAC-46002,African Development Bank,40,Multilateral,0,1,A02_sector,0,1,3,Finalisation,"EN: Egypt - Financial Sector Reform Programme (FRSP-1), FR: Egypte - Programme de réforme du secteur des finances (FRSP-1)"
46002-P-EG-IBZ-001,XM-DAC-46002,African Development Bank,40,Multilateral,0,1,A02_sector,0,1,3,Finalisation,"EN: Egypt - Health Sector Reform Program, FR: Egypte - Programme de Réforme du Secteur de la Santé"
46002-P-EG-K00-009,XM-DAC-46002,African Development Bank,40,Multilateral,0,1,A02_sector,0,1,3,Finalisation,"EN: Egypt - Economic Governance and Energy Support Program , FR: Egypte - Programme d’appui à la gouvernance économique et à l’énergie  "
46002-P-EG-K00-010,XM-DAC-46002,African Development Bank,40,Multilateral,0,1,A02_sector,0,1,3,Finalisation,"EN: Egypt - Economic Governance and Energy Support Program II , FR: Egypte - Programme II d’appui à la gouvernance économique et à l’énergie "
46002-P-EG-K00-011,XM-DAC-46002,African Development Bank,40,Multilateral,0,1,A02_sector,0,1,3,Finalisation,"EN: Egypt - Economic Governance and Energy Support Program III (EGESP III), FR: Egypte - Programme d’appui à la gouvernance economiques et à l’énergie – phase III (EGESP III)"
46002-P-EG-K00-016,XM-DAC-46002,African Development Bank,40,Multilateral,1,0,A01_general,0,1,2,Implementation,"EN: Egypt - Private Sector Development and Economic Diversification Support Program – Phase I, FR: Egypte – Programme D’appui au Developpement du Secteur Privé et à la Diversification Economique – Phase I (PSD-EDSP I)"
46002-P-EG-K00-017,XM-DAC-46002,African Development Bank,40,Multilateral,1,0,A01_general,0,1,3,Finalisation,"EN: Egypt - Food Security and Economic Resilience Support Program (FSER-SP), FR: Egypte - Programme d’appui à la sécurité alimentaire et à la résilience économique (FSER-SP)"
46002-P-ET-AAZ-002,XM-DAC-46002,African Development Bank,40,Multilateral,0,1,A02_sector,0,1,2,Implementation,"EN: Ethiopia - Agri-MSMES Development for Jobs (AMD4J) Project, FR: Ethiopie - Projet de développement des PME agricoles pour l'emploi (AMD4J)"
46002-P-ET-IZ0-002,XM-DAC-46002,African Development Bank,40,Multilateral,0,1,A02_sector,0,1,3,Finalisation,"EN: Ethiopia - Basic Services Transformation Programme (BSTP), FR: Éthiopie - Programme de transformation des services de base (BSTP)"
46002-P-ET-K00-006,XM-DAC-46002,African Development Bank,40,Multilateral,1,0,A01_general,0,1,3,Finalisation,"EN: Ethiopia - Poverty Reduction Support Loan I, FR: Éthiopie - Prêt de soutien à la réduction de la pauvreté I"
46002-P-ET-K00-010,XM-DAC-46002,African Development Bank,40,Multilateral,1,0,A01_general,0,1,3,Finalisation,"EN: Ethiopia - Protection of Basic Services (PBS II) Program, FR: Ethiopie - Programme de protection des services de base (PBS II)"
46002-P-ET-K00-011,XM-DAC-46002,African Development Bank,40,Multilateral,1,0,A01_general,0,1,3,Finalisation,"EN: Ethiopia - Promoting Basic Services Programme (PBS III) , FR: Ethiopie - Programme de promotion des services de base (PBS III)"
46002-P-ET-K00-015,XM-DAC-46002,African Development Bank,40,Multilateral,0,1,A02_sector,0,1,3,Finalisation,"EN: Ethiopia - Basic Services Transformation Programme (BSTP) - Supplementary Financing, FR: Ethiopie - Programme de transformation des services de base - Financement supplémentaire"
46002-P-ET-K00-016,XM-DAC-46002,African Development Bank,40,Multilateral,1,0,A01_general,0,1,3,Finalisation,"EN: Ethiopia - COVID-19 Crisis Response Budget Support Program (ECRBS), FR: Ethiopie - Programme d’appui budgétaire pour la riposte à la pandémie de COVID-19 (ECRBS)"
46002-P-ET-KF0-007,XM-DAC-46002,African Development Bank,40,Multilateral,0,1,A02_sector,0,1,2,Implementation,"EN: Ethiopia - Institutional Support Project to Strengthen Macroeconomic Management (ISP-SMM), FR: Ethiopie - Projet d'appui institutionnel au renforcement de la gestion macroéconomique (ISP-SMM)"
46002-P-GA-K00-003,XM-DAC-46002,African Development Bank,40,Multilateral,1,0,A01_general,0,1,3,Finalisation,"EN: PROGRAMME DE RELANCE ECONOMIQUE 1994-95, FR: Programme de Relance Economique 1994-95"
46002-P-GA-K00-013,XM-DAC-46002,African Development Bank,40,Multilateral,1,0,A01_general,0,1,3,Finalisation,"EN: Gabon - Budget Support Programme in response to the COVID-19 (PABURC), FR: Gabon - Programme d'appui budgétaire en réponse à la COVID-19 (PABURC)"
46002-P-GA-K00-015,XM-DAC-46002,African Development Bank,40,Multilateral,1,0,A01_general,0,1,3,Finalisation,"EN: Gabon - Economic Reforms Support Programme (PARE), FR: Gabon - Programme d'appui aux réformes économiques (PARE)"
46002-P-GA-KA0-001,XM-DAC-46002,African Development Bank,40,Multilateral,1,0,A01_general,0,1,3,Finalisation,"EN: PROGRAMME D'AJUSTEMENT STRUCTUREL III, FR: Programme d'ajustement Structurel III"
46002-P-GA-KA0-005,XM-DAC-46002,African Development Bank,40,Multilateral,1,0,A01_general,0,1,3,Finalisation,"EN: Gabon - Economic and Financial Reform Support Programme, FR: Gabon - Programme d'appui aux réformes économiques et financières"
46002-P-GA-KA0-006,XM-DAC-46002,African Development Bank,40,Multilateral,1,0,A01_general,0,1,3,Finalisation,"EN: Gabon - Economic and Financial Reform Support Programme – Phase II (PAREF II), FR: Gabon - Programme d'appui aux réformes économiques et financières – Phase II (PAREF II)"
46002-P-GA-KA0-007,XM-DAC-46002,African Development Bank,40,Multilateral,1,0,A01_general,0,1,3,Finalisation,"EN: Gabon - Economic and Financial Reform Support Programme - Phase III (PAREF III) - Supplementary Funding, FR: Gabon - Programme d'appui aux réformes économiques et Financières - Phase III (PAREF III) - Financement supplémentaire"
46002-P-GH-I00-003,XM-DAC-46002,African Development Bank,40,Multilateral,0,1,A02_sector,0,1,2,Implementation,"EN: Ghana - Women and Youth Employment and Social Cohesion (GWYESCO) Programme, FR: Ghana - Programme pour l'emploi des femmes et des jeunes et la cohésion sociale (GWYESCO)"
46002-P-GH-K00-008,XM-DAC-46002,African Development Bank,40,Multilateral,1,0,A01_general,0,1,3,Finalisation,"EN: Ghana - Second Poverty Reduction Support Loan (PRSL II), FR: Ghana - Deuxième Prêt d'Appui à la Réduction de la Pauvreté (PARP II)"
46002-P-GH-K00-012,XM-DAC-46002,African Development Bank,40,Multilateral,1,0,A01_general,0,1,3,Finalisation,"EN: Ghana - Poverty Reduction and Business Environment Support Programme (PRBESP), FR: Ghana - Programme d’appui à la réduction de la pauvreté et au climat des affaires (PARPCA)"
46002-P-GH-K00-013,XM-DAC-46002,African Development Bank,40,Multilateral,1,0,A01_general,0,1,3,Finalisation,"EN: Ghana - Public Financial Management and Private Sector Competitiveness Support Programme - Phase I, FR: Ghana - Programme d’appui à la gestion des finances publiques et à la compétitivité du secteur privé - Phase I"
46002-P-GH-K00-018,XM-DAC-46002,African Development Bank,40,Multilateral,1,0,A01_general,0,1,2,Implementation,"EN: Ghana - Fiscal consolidation and economic recovery program (FISCERP), FR: Ghana - Programme de consolidation fiscale et de relance économique (FISCERP)"
46002-P-GH-KA0-003,XM-DAC-46002,African Development Bank,40,Multilateral,1,0,A01_general,0,1,3,Finalisation,"EN: Ghana - The Third Poverty Reduction Support Programme (PRSL III), FR: Ghana - Troisième programme d'appui à la réduction de la pauvreté (PRSL III)"
46002-P-GH-KA0-006,XM-DAC-46002,African Development Bank,40,Multilateral,1,0,A01_general,0,1,3,Finalisation,"EN: Ghana - Public Financial Management and Private Sector Competitiveness Support Programme - Phase II, FR: Ghana - Programme d’appui à la gestion des finances
publiques et à la compétitivité du secteur privé - Deuxième phase"
46002-P-GH-KA0-008,XM-DAC-46002,African Development Bank,40,Multilateral,1,0,A01_general,0,1,3,Finalisation,"EN: Ghana - Covid-19 Response Support Programme, FR: Ghana - Programme d'appui à la riposte à la Covid-19"
46002-P-GM-J00-002,XM-DAC-46002,African Development Bank,40,Multilateral,0,1,A02_sector,0,1,3,Finalisation,"EN: Gambia - Greater Banjul Area: Sustainable Urban Development Programme 2020-40 (GBA-SUDP), FR: Gambie - Agglomération de Banjul : Programme de développement urbain durable 2020-40 (GBA-SUDP)"
46002-P-GM-K00-010,XM-DAC-46002,African Development Bank,40,Multilateral,1,0,A01_general,0,1,3,Finalisation,"EN: The Gambia - Economic and Financial Governance Operation (EFIGO) – Phase II, FR: Gambie - Opération d’appui à la gouvernance économique et financière - Phase II"
46002-P-GM-K00-011,XM-DAC-46002,African Development Bank,40,Multilateral,0,1,A02_sector,0,1,3,Finalisation,"EN: Gambia - Institutional Support for Economic and Financial Governance Phase III Project, FR: Gambie - Projet d’appui institutionnel à la gouvernance économique et financière - Phase III"
46002-P-GM-K00-013,XM-DAC-46002,African Development Bank,40,Multilateral,1,0,A01_general,0,1,3,Finalisation,"EN: Gambia - Multi-country Covid-19 crisis response support programme (Liberia, Gambia and Sierra Leone), FR: Gambie - Programme d’appui multi-pays pour la riposte à la pandémie de maladie à coronavirus 2019 (Liberia, Gambie et Sierra Leone)"
46002-P-GM-KA0-009,XM-DAC-46002,African Development Bank,40,Multilateral,1,0,A01_general,0,1,3,Finalisation,"EN: Gambia - Emergency  Budget Support (GEBS), FR: Gambie - Appui budgétaire d'urgence (GEBS)"
46002-P-GM-KA0-011,XM-DAC-46002,African Development Bank,40,Multilateral,1,0,A01_general,0,1,3,Finalisation,"EN: Gambia - Public Financial Management and Economic Reform Program (PFM-ERP) - Phase I, FR: Gambie - Programme de gestion des finances publiques et de réforme économique (PFM-ERP) Phase I"
46002-P-GN-KA0-005,XM-DAC-46002,African Development Bank,40,Multilateral,0,1,A02_sector,0,1,3,Finalisation,"EN: Guinea - Economic and Financial Reform Support Programme - Phase II (PAREF II) , FR: Guinée - Programme d’appui aux réformes économiques et financières - Phase II (PAREF II)"
46002-P-GN-KA0-006,XM-DAC-46002,African Development Bank,40,Multilateral,1,0,A01_general,0,1,3,Finalisation,"EN: Guinea - Economic and Financial Reform Support Programme (Phase Three), FR: Guinée - Programme d’appui aux réformes économiques et financières (Troisième phase)"
46002-P-GN-KZ0-002,XM-DAC-46002,African Development Bank,40,Multilateral,1,1,both,0,1,3,Finalisation,"EN: Guinea - Covid-19 Response Support Programme, FR: Guinée - Programme Multi-Pays d’appui à La Réponse à la Covid-19"
46002-P-GQ-K00-002,XM-DAC-46002,African Development Bank,40,Multilateral,1,0,A01_general,0,1,3,Finalisation,"EN: PROG. AJUST. STRUCT. 1991-1994 PHASE II, FR: Programme d'ajustement structurel de 1991 à 1994, phase 2"
46002-P-GW-A00-010,XM-DAC-46002,African Development Bank,40,Multilateral,0,1,A02_sector,0,1,3,Finalisation,"EN: Guinea-Bissau - Emergency Food Security Support Project (AEFPF), FR: Guinée-Bissau - Projet d’appui d’urgence à la sécurité alimentaire (AEFPF)"
46002-P-GW-IB0-005,XM-DAC-46002,African Development Bank,40,Multilateral,0,1,A02_sector,0,1,3,Finalisation,"EN: Guinea Bissau - Coronavirus Pandemic (COVID-19) Control Support Project - PALPC, FR: Guinée Bissau - Projet d'appui à la lutte contre la pandémie à Coronavirus (COVID-19) - PALPC"
46002-P-GW-KA0-008,XM-DAC-46002,African Development Bank,40,Multilateral,1,0,A01_general,0,1,3,Finalisation,"EN: Guinea-Bissau - Emergency Economic and Financial Reform Support Programme , FR: Guinée Bissau - Programme d’urgence d’appui aux réformes économiques et financières"
46002-P-GW-KA0-009,XM-DAC-46002,African Development Bank,40,Multilateral,1,0,A01_general,0,1,2,Implementation,"EN: Guinea Bissau -  Public Administration and Finance Reform Programme (PRAFP),  Phase I, FR: Guinée Bissau - Programme de réformes de l'administration et des finances publiques (PRAFP), phase I"
46002-P-KE-A00-002,XM-DAC-46002,African Development Bank,40,Multilateral,1,0,A01_general,0,1,3,Finalisation,"EN: Kenya - African Emergency Food Production Facility (AEFPF-K), FR: Kenya - Facilité africaine de production alimentaire d'urgence (AEFPF-K)"
46002-P-KE-AA0-001,XM-DAC-46002,African Development Bank,40,Multilateral,0,1,A02_sector,0,1,3,Finalisation,"EN: Kenya - Agriculture Sector Adjustment Programme II, FR: Kenya - Programme d’Ajustement du Secteur Agricole II"
46002-P-KE-HB0-009,XM-DAC-46002,African Development Bank,40,Multilateral,0,1,A02_sector,0,1,2,Implementation,"EN: Kenya - Kenya Mortgage Refinance Company (KMRC), FR: Kenya - « Kenya Mortgage Refinance Company (KMRC)»"
46002-P-KE-IA0-005,XM-DAC-46002,African Development Bank,40,Multilateral,0,1,A02_sector,0,1,2,Implementation,"EN: Kenya - Integrated Mechanisms for Poverty Reduction and Sustainable Education (IMPRESED) Project, FR: Kenya - Projet de mécanismes intégrés pour la réduction de la pauvreté et l’éducation durable (IMPRESED)"
46002-P-KE-K00-004,XM-DAC-46002,African Development Bank,40,Multilateral,1,0,A01_general,0,1,3,Finalisation,"EN: Kenya - Competitiveness and Economic Recovery Support Programme (CERSP), FR: Kenya - Appui à la compétitivité et à la relance économique (CERSP)"
46002-P-KE-K00-007,XM-DAC-46002,African Development Bank,40,Multilateral,1,0,A01_general,0,1,3,Finalisation,"EN: Kenya - COVID-19 Emergency Response Support Program (ERSP), FR: Kenya - Programme d’urgence d’appui à la Riposte COVID-19 (PUARC)"
46002-P-KE-K00-010,XM-DAC-46002,African Development Bank,40,Multilateral,1,0,A01_general,0,1,3,Finalisation,"EN: Kenya - Competitiveness and Economic Recovery Support Programme II (CERSP-II), FR: Kenya - Programme d'appui à la compétitivité et à la relance économique (CERSP-II)"
46002-P-KE-K00-012,XM-DAC-46002,African Development Bank,40,Multilateral,1,0,A01_general,0,1,3,Finalisation,"EN: Kenya - Competitiveness and Economic Recovery Support Programme – Supplementary Financing, FR: Kenya - Programme d’appui à la compétitivité et à la relance économique – Financement supplémentaire"
46002-P-KE-K00-013,XM-DAC-46002,African Development Bank,40,Multilateral,1,0,A01_general,0,1,2,Implementation,"EN: KENYA - Economic Inclusion and Green Recovery Support Programme (EIGRSP), Phase I, FR: KENYA - Programme de soutien à l'inclusion économique et à la relance verte (EIGRSP), phase I"
46002-P-KE-KA0-001,XM-DAC-46002,African Development Bank,40,Multilateral,0,1,A02_sector,0,1,3,Finalisation,"EN: Kenya - Industrial Sector Adjustment Loan, FR: Kenya - Prêt pour l'ajustement du secteur industriel"
46002-P-KE-KA0-002,XM-DAC-46002,African Development Bank,40,Multilateral,1,0,A01_general,0,1,3,Finalisation,"EN: Kenya - Structural Adjustment Loan, FR: Kenya - Prêt à l'ajustement structurel"
46002-P-KE-KD0-004,XM-DAC-46002,African Development Bank,40,Multilateral,1,0,A01_general,0,1,3,Finalisation,"EN: Kenya - Export Development Programme, FR: Kenya - Programme de développement des exportations"
46002-P-KM-K00-006,XM-DAC-46002,African Development Bank,40,Multilateral,0,1,A02_sector,0,1,3,Finalisation,"EN: Comoros - Energy Sector Reform Support Programme (PARSE), FR: Comores - Programme d’appui aux réformes du secteur de l’énergie (PARSE)"
46002-P-KM-K00-009,XM-DAC-46002,African Development Bank,40,Multilateral,1,1,both,0,1,3,Finalisation,"EN: Comoros - COVID-19 Crisis Response Budget Support Programme for the Union of the Comoros (PABRC), FR: Comores - Programme d’Appui Budgétaire en Réponse à la Crise de la COVID-19 pour l’Union des Comores (PABRC)"
46002-P-KM-K00-013,XM-DAC-46002,African Development Bank,40,Multilateral,1,0,A01_general,0,1,2,Implementation,"EN: Comoros - Financial Governance and Energy Sector Support Programme (PAGFSE), FR: Comores - Programme d'appui à la gouvernance financière et au secteur de l’énergie (PAGFSE)"
46002-P-KM-K00-014,XM-DAC-46002,African Development Bank,40,Multilateral,1,0,A01_general,0,1,2,Implementation,"EN: Comoros – Financial Governance and Energy Sector Support Program (FGESSP) Phase II, FR: Comores - Programme d'Appui à la Gouvernance Financière et au Secteur de l'Énergie (PAGFSE) Phase II"
46002-P-LR-AA0-013,XM-DAC-46002,African Development Bank,40,Multilateral,1,1,both,0,1,2,Implementation,"EN: Liberia - Emergency Food Production Program, FR: Liberia - Programme de production alimentaire d'urgence"
46002-P-LR-K00-020,XM-DAC-46002,African Development Bank,40,Multilateral,1,0,A01_general,0,1,3,Finalisation,"EN: Liberia - Multi-country Covid-19 crisis response support programme (Liberia, Gambia and Sierra Leone), FR: Libéria - Programme d’appui multi-pays pour la riposte à la pandémie de maladie à coronavirus 2019 (Liberia, Gambie et Sierra Leone)"
46002-P-LR-K00-023,XM-DAC-46002,African Development Bank,40,Multilateral,1,0,A01_general,0,1,1,Pipeline/identification,"EN: Liberia - Fiscal Sustainability And Mining Sector Governance Support Programme (FSMSG-SP), FR: Libéria - Programme d’appui à la viabilité budgétaire et à la gouvernance du secteur minier (FSMSG-SP)"
46002-P-LR-KA0-004,XM-DAC-46002,African Development Bank,40,Multilateral,1,0,A01_general,0,1,3,Finalisation,"EN: Liberia - Economic Governance and Competitiveness Support Program II (EGCSP II), FR: Liberia - Deuxième Phase du Programme d'appui à la gouvernance économique et à la compétitivité (EGCSP II)"
46002-P-LS-KA0-001,XM-DAC-46002,African Development Bank,40,Multilateral,1,0,A01_general,0,1,3,Finalisation,"EN: Lesotho - Poverty Reduction Support Programme (PRSP), FR: Lesotho - Programme d’appui à la réduction de la pauvreté (PARP)
"
46002-P-LS-KE0-001,XM-DAC-46002,African Development Bank,40,Multilateral,0,1,A02_sector,0,1,3,Finalisation,"EN: Lesotho - Public Utilities Sector Reform Programme, FR: Lesotho - Programme de Réforme du Secteur des Équipements Collectifs"
46002-P-MA-A00-002,XM-DAC-46002,African Development Bank,40,Multilateral,1,0,A01_general,0,1,3,Finalisation,"EN: Morocco - Green Morocco Plan Support Programme, FR: Maroc - Programme d’appui au Plan Maroc vert"
46002-P-MA-A00-003,XM-DAC-46002,African Development Bank,40,Multilateral,0,1,A02_sector,0,1,3,Finalisation,"EN: Morocco - Green Morocco Plan Support Programme - Phase 2, FR: Maroc - Programme d’appui au Plan Maroc vert - Phase 2"
46002-P-MA-AA0-003,XM-DAC-46002,African Development Bank,40,Multilateral,0,1,A02_sector,0,1,3,Finalisation,"EN: Morocco - Inclusive and Sustainable Development Support Program for Agricultural Sectors (PADIDFA), FR: Maroc - Programme d’appui au développement inclusif et durable des filières agricoles (PADIDFA)"
46002-P-MA-AA0-011,XM-DAC-46002,African Development Bank,40,Multilateral,1,0,A01_general,0,1,2,Implementation,"EN: Morocco - Inclusive and Sustainable Development Project for Agricultural and Rural Areas (PADIDZAR), FR: Maroc - Projet de développement inclusif et durable des zones agricoles et rurales (PADIDZAR)"
46002-P-MA-AA0-023,XM-DAC-46002,African Development Bank,40,Multilateral,1,0,A01_general,0,1,3,Finalisation,"EN: Morocco - Support Programme for Competitive and Resilient Development of Cereal Farming, FR: Maroc - Programme d'appui au développement compétitif et résilient de la céréaliculture"
46002-P-MA-AA0-024,XM-DAC-46002,African Development Bank,40,Multilateral,0,1,A02_sector,0,1,2,Implementation,"EN: Morocco -  Solidarity Agriculture Support Project, FR: Maroc - Projet d’appui à l’agriculture solidaire - FAR"
46002-P-MA-DZ0-002,XM-DAC-46002,African Development Bank,40,Multilateral,0,1,A02_sector,0,1,3,Finalisation,"EN: APPUI BUDGETAIRE-REFORME TRANSPORT(PAST), FR: Programme de réforme du secteur des transports (PAST)"
46002-P-MA-E00-004,XM-DAC-46002,African Development Bank,40,Multilateral,0,1,A02_sector,0,1,3,Finalisation,"EN: Morocco - Water Sector Adjustment Programme, FR: Maroc - Programme d'Ajustement Structurel du Secteur de l'Eau"
46002-P-MA-GB0-002,XM-DAC-46002,African Development Bank,40,Multilateral,0,1,A02_sector,0,1,3,Finalisation,"EN: Morocco - Post, Telecommunications and Information Technologies Sector Adjustment Programme (PASPT&I), FR: Maroc - Programme d'Ajustement du Secteur de la Poste, des Télécommunications et des Technologies de l’Information (PASPT&I)"
46002-P-MA-GB0-003,XM-DAC-46002,African Development Bank,40,Multilateral,1,0,A01_general,0,1,3,Finalisation,"EN: Morocco - Support program for the development of the information infrastructure sector, FR: Maroc - Programme d’appui au développement du secteur de l’infrastructure de l’information"
46002-P-MA-H00-001,XM-DAC-46002,African Development Bank,40,Multilateral,0,1,A02_sector,0,1,3,Finalisation,EN: Institutional Saving Developmt Programme
46002-P-MA-H00-004,XM-DAC-46002,African Development Bank,40,Multilateral,1,0,A01_general,0,1,3,Finalisation,"EN: Morocco - Morocco Economic Competitiveness Support Programme, FR: Maroc - Programme d’appui à la compétitivité de l’économie marocaine"
46002-P-MA-H00-020,XM-DAC-46002,African Development Bank,40,Multilateral,1,0,A01_general,0,1,3,Finalisation,"EN: Morocco - Support Program for Financial Inclusion, Entrepreneurship and Micro-enterprises for Economic Recovery (PIFE), FR: Maroc - Programme d'appui à l'inclusion financière, à l'entreprenariat et aux TPME pour la relance économique (PIFE)"
46002-P-MA-HA0-001,XM-DAC-46002,African Development Bank,40,Multilateral,0,1,A02_sector,0,1,3,Finalisation,"EN: Fourth Financial Sector Support Programme (PASFI IV), FR: Quatrième Programme d’Appui au Secteur Financier (PASFI IV) "
46002-P-MA-HAZ-002,XM-DAC-46002,African Development Bank,40,Multilateral,1,0,A01_general,0,1,3,Finalisation,"EN: Morocco - Financial Stability and Inclusion Strengthening Support Programme, FR: Maroc - Programme d’appui au renforcement de la stabilité et de l’inclusion financières"
46002-P-MA-HZ0-003,XM-DAC-46002,African Development Bank,40,Multilateral,1,0,A01_general,0,1,3,Finalisation,"EN: Morocco - The Financial Sector Development Support Programme, FR: Maroc - Programme d’appui au développement du secteur financier"
46002-P-MA-HZ0-006,XM-DAC-46002,African Development Bank,40,Multilateral,0,1,A02_sector,0,1,3,Finalisation,"EN: Morocco - Financial Sector Development Support Programme - Phase II
, FR: Morocco - Programme d’appui au développement du secteur financier - Phase II"
46002-P-MA-HZ0-011,XM-DAC-46002,African Development Bank,40,Multilateral,1,0,A01_general,0,1,3,Finalisation,"EN: Morocco - Financial Sector Development Support Programme – Phase III (PADESFI III), FR: Maroc - Programme d’appui au développement du secteur financier – Phase III (PADESFI III)"
46002-P-MA-I00-006,XM-DAC-46002,African Development Bank,40,Multilateral,0,1,A02_sector,0,1,3,Finalisation,"EN: Morocco - Results-based Programme for Improving Access to employment, FR: Maroc - Programme axé sur les résultats pour l'amélioration de l'accès à l'emploi (PARAAE)"
46002-P-MA-I00-010,XM-DAC-46002,African Development Bank,40,Multilateral,1,0,A01_general,0,1,2,Implementation,"EN: Morocco - Social Protection Improvement Support Programme – PAAPS, FR: Maroc - Programme d’appui à la protection sociale - PAAPS"
46002-P-MA-I00-012,XM-DAC-46002,African Development Bank,40,Multilateral,1,0,A01_general,0,1,3,Finalisation,"EN: Morocco - Support Program for the Generalization of Social Coverage (PAGCS), FR: Maroc - Programme d'appui à la généralisation de la couverture sociale (PAGCS)"
46002-P-MA-I00-016,XM-DAC-46002,African Development Bank,40,Multilateral,1,0,A01_general,0,1,3,Finalisation,"EN: Morocco - Social Protection Improvement Support Programme – Covid-19 Additional Financing, FR: Maroc - Programme d’appui à l’amélioration de la protection sociale – Financement additionnel COVID-19"
46002-P-MA-IA0-008,XM-DAC-46002,African Development Bank,40,Multilateral,1,0,A01_general,0,1,3,Finalisation,"EN: Morocco - Support Programme for the Generalisation of Social Coverage for better Employability (PAGCS) - Phase II, FR: Maroc - Programme d'appui à la généralisation de la couverture sociale pour une meilleure employabilité (PAGCS) - Phase II"
46002-P-MA-IAD-003,XM-DAC-46002,African Development Bank,40,Multilateral,0,1,A02_sector,0,1,2,Implementation,"EN: Morocco - Transformation support program for an Entrepreneurial Digital Moroccan University (UM4.0 Program), FR: Maroc - Programme d'appui à la transformation pour une Université Marocaine digitale Entrepreneuriale (Programme UM4.0)"
46002-P-MA-IAZ-003,XM-DAC-46002,African Development Bank,40,Multilateral,0,1,A02_sector,0,1,3,Finalisation,"EN: Morocco - The National Education Emergency Support Programme, FR: Maroc - Appui au programme d'urgence de l'éducation nationale"
46002-P-MA-IAZ-004,XM-DAC-46002,African Development Bank,40,Multilateral,0,1,A02_sector,0,1,3,Finalisation,"EN: Morocco - Training-Employment Matching Support Programme (PAAFE), FR: Maroc - Programme d’appui à l’adéquation formation-emploi (PAAFE)"
46002-P-MA-IAZ-009,XM-DAC-46002,African Development Bank,40,Multilateral,0,1,A02_sector,0,1,2,Implementation,"EN: Morocco - Entrepreneurship Support and Financing Programme for Job Creation (PAFE-Emploi), FR: Maroc - Programme d'appui et de financement de l'entrepreneuriat pour la création d'emplois (PAFE-Emploi)"
46002-P-MA-IBD-001,XM-DAC-46002,African Development Bank,40,Multilateral,1,0,A01_general,0,1,3,Finalisation,"EN: Morocco - Medical Coverage Reform Support Programme (PARCOUM-I), FR: Maroc - Programme d’Appui à la Réforme de la Couverture Médicale (PARCOUM-I)"
46002-P-MA-IBD-008,XM-DAC-46002,African Development Bank,40,Multilateral,1,0,A01_general,0,1,3,Finalisation,"EN: Morocco - The Medical Coverage Reform Support Programme Phase II (PARCOUM II) , FR: Maroc - Programme d’appui à la réforme de la couverture médicale – Phase II (PARCOUM II)"
46002-P-MA-IBD-010,XM-DAC-46002,African Development Bank,40,Multilateral,1,0,A01_general,0,1,3,Finalisation,"EN: Morocco - Medical Coverage Reform Support Programme – Phase 3, FR: Maroc - Programme d’appui à la réforme de la couverture médicale – Phase 3"
46002-P-MA-IBD-011,XM-DAC-46002,African Development Bank,40,Multilateral,0,1,A02_sector,0,1,3,Finalisation,"EN: Morocco - Social Protection Governance Support Programme, FR: Maroc - Programme d’appui à la gouvernance de la protection sociale"
46002-P-MA-IBD-012,XM-DAC-46002,African Development Bank,40,Multilateral,1,0,A01_general,0,1,2,Implementation,"EN: Morocco - Inclusive Access to Health Infrastructure Support Programme (PAAIIS), FR: Maroc - Programme d'appui à l'accès inclusif aux infrastructures de santé (PAAIIS)"
46002-P-MA-K00-002,XM-DAC-46002,African Development Bank,40,Multilateral,1,0,A01_general,0,1,3,Finalisation,"EN: Morocco - Economic and Social Reform Program (PRES), FR: Maroc - Programme de Réformes Economiques et Sociales (PRES)"
46002-P-MA-K00-003,XM-DAC-46002,African Development Bank,40,Multilateral,1,0,A01_general,0,1,3,Finalisation,EN: Public Administration Reform Support Programme - Phase I 
46002-P-MA-K00-004,XM-DAC-46002,African Development Bank,40,Multilateral,1,0,A01_general,0,1,3,Finalisation,EN: Morocco - Public Administration Reform Support Programme - Phase II (PARSP II)
46002-P-MA-K00-005,XM-DAC-46002,African Development Bank,40,Multilateral,1,0,A01_general,0,1,3,Finalisation,"EN: Morocco - The Public Administration Reform Support Programme – Phase III (PARSP III) , FR: Maroc - Programme d’appui à la réforme de l’administration publique – Phase III (PARAP III)"
46002-P-MA-K00-006,XM-DAC-46002,African Development Bank,40,Multilateral,1,0,A01_general,0,1,3,Finalisation,"EN: Morocco - Public Administration Reform Support Programme - Phase IV (PARAP IV), FR: Maroc - Programme d’appui à la réforme de l’administration publique - Phase IV (PARAP IV)"
46002-P-MA-K00-010,XM-DAC-46002,African Development Bank,40,Multilateral,1,0,A01_general,0,1,3,Finalisation,"EN: Morocco - Economic and Financial Governance Revitalization Support Programme (PARGEF) – Phase I, FR: Maroc - Programme d’appui à la revitalisation de la gouvernance économique et financière (PARGEF) - Phase I
"
46002-P-MA-K00-013,XM-DAC-46002,African Development Bank,40,Multilateral,1,0,A01_general,0,1,3,Finalisation,"EN: Morocco - Industrialization Acceleration Support Programme in Morocco – Phase I (PAAIM I), FR: Maroc - Programme d'appui à l'accélération de l'industrialisation au Maroc – Phase I (PAAIM I)"
46002-P-MA-K00-014,XM-DAC-46002,African Development Bank,40,Multilateral,1,0,A01_general,0,1,3,Finalisation,"EN: Morocco - Industrialization Acceleration Support Programme in Morocco – Phase II (PAAIM II), FR: Maroc - Programme d’Appui à l’Accélération de l’Industrialisation au Maroc – Phase II (PAAIM II)"
46002-P-MA-K00-019,XM-DAC-46002,African Development Bank,40,Multilateral,1,0,A01_general,0,1,2,Implementation,"EN: Morocco - Results-Based Programme for Enhancing Regional Competitiveness in Morocco (PARACT-M), FR: Maroc - Programme axé sur les résultats pour l’amélioration de la compétitivité territoriale au Maroc (PARACT-M)"
46002-P-MA-K00-021,XM-DAC-46002,African Development Bank,40,Multilateral,1,0,A01_general,0,1,3,Finalisation,"EN: Morocco - COVID-19 Response Support Programme (PARC-19), FR: Maroc - Programme d’Appui à la Réponse au COVID-19 (PARC-19)"
46002-P-MA-K00-023,XM-DAC-46002,African Development Bank,40,Multilateral,1,0,A01_general,0,1,2,Implementation,"EN: Morocco - Economic Governance and Resilience to Climate Change Support Program (GRCCP) - Phase I, FR: Maroc - Programme d’appui au renforcement de la gouvernance économique et de la résilience au changement climatique (PGRCC)- Phase I"
46002-P-MA-K00-028,XM-DAC-46002,African Development Bank,40,Multilateral,1,0,A01_general,0,1,2,Implementation,"EN: Morocco - Economic Governance and Resilience to Climate Change Support Program (GRCCP) - Phase II, FR: Maroc - Programme d’appui au renforcement de la gouvernance économique et de la résilience au changement climatique (PGRCC) - Phase II"
46002-P-MG-K00-001,XM-DAC-46002,African Development Bank,40,Multilateral,1,0,A01_general,0,1,3,Finalisation,"EN: Madagascar - First Poverty Reduction Budget Support Programme (PRBSP - I), FR: Madagascar - Programme d'Appui Budgétaire a la Réduction de la Pauvreté (PABRP - I)"
46002-P-MG-K00-007,XM-DAC-46002,African Development Bank,40,Multilateral,1,0,A01_general,0,1,3,Finalisation,"EN: Madagascar - The Poverty Reduction Budget Support Program - Phase II (PRPSB II), FR: Madagascar - Programme d’appui budgétaire à la réduction de la pauvreté -Phase II (PABRP II)"
46002-P-MG-K00-010,XM-DAC-46002,African Development Bank,40,Multilateral,1,0,A01_general,0,1,3,Finalisation,"EN: Madagascar - Emergency Economic Recovery Programme (PURE), FR: Madagascar - Programme d’urgence pour la relance économique (PURE)"
46002-P-MG-K00-018,XM-DAC-46002,African Development Bank,40,Multilateral,1,0,A01_general,0,1,3,Finalisation,"EN: Madagascar - Multi-Country Covid-19 Response Support Program (MCRSP), FR: Madagascar - Programme multi-pays d’aide pour la riposte à la covid-19 (MCRSP)"
46002-P-MG-K00-021,XM-DAC-46002,African Development Bank,40,Multilateral,1,0,A01_general,0,1,2,Implementation,"EN: Madagascar- Financial Management and Economic Resilience Support Programme (PAGFRE), FR: Madagascar - Programme D’Appui à la Gestion Financière et La Résilience Economique (PAGFRE) Phase I"
46002-P-MG-KA0-009,XM-DAC-46002,African Development Bank,40,Multilateral,1,0,A01_general,0,1,3,Finalisation,"EN: Madagascar - Economic Management Reform Support Programme, FR: Madagascar - Programme d’appui aux réformes de la gestion économique"
46002-P-MG-KA0-012,XM-DAC-46002,African Development Bank,40,Multilateral,1,0,A01_general,0,1,3,Finalisation,"EN: Madagascar - Economic Competitiveness Support Programme, Phase III (PACE III), FR: Madagascar - Programme d’Appui à la Compétitivité Économique, phase III (PACE III)"
46002-P-ML-K00-011,XM-DAC-46002,African Development Bank,40,Multilateral,1,0,A01_general,0,1,3,Finalisation,"EN: PROGRAMME  COMPLEMENTAIRE AU PAS III, FR: Programme  Complementaire au Pas III"
46002-P-ML-K00-014,XM-DAC-46002,African Development Bank,40,Multilateral,1,0,A01_general,0,1,3,Finalisation,"EN: Mali - Fourth Structural Adjustment Support Programme (SAP-IV), FR: Mali - Quatrième Programme d'Appui a l'Ajustement Structurel (PAS - IV)"
46002-P-ML-K00-015,XM-DAC-46002,African Development Bank,40,Multilateral,1,0,A01_general,0,1,3,Finalisation,"EN: Mali - The Growth and Poverty Reduction Strategy Support Programme (GPRSSP), FR: Mali - Programme d'appui à la stratégie pour la croissance et la réduction de la pauvreté (PASCRP)"
46002-P-ML-K00-018,XM-DAC-46002,African Development Bank,40,Multilateral,1,0,A01_general,0,1,3,Finalisation,"EN: Mali - Growth and Poverty Reduction Strategy Support Programme (GPRSSP) and assist in
Mitigating the Impact of the Global Crisis, FR: Mali - Programme d’appui à la stratégie pour la croissance et la réduction de la pauvreté (PASCRP) et de contribuer à faire face aux effets de la crise financière"
46002-P-ML-K00-020,XM-DAC-46002,African Development Bank,40,Multilateral,1,0,A01_general,0,1,3,Finalisation,"EN: Mali - Second Growth and Poverty Reduction Strategy Support Programme (GPRSSP II), FR: Mali - Deuxième programme d’appui à la stratégie pour la croissance et la réduction de la pauvreté (PASCRP-II)"
46002-P-ML-KA0-001,XM-DAC-46002,African Development Bank,40,Multilateral,1,0,A01_general,0,1,3,Finalisation,"EN: Mali - Emergency Economic Recovery Support Programme (EERSP) , FR: Mali - Programme d’urgence d’appui à la reprise économique (PUARE) "
46002-P-ML-KA0-003,XM-DAC-46002,African Development Bank,40,Multilateral,1,1,both,0,1,3,Finalisation,"EN: Mali - Emergency Governance and Economic Recovery Support Programme , FR: Mali - Programme d’appui d’urgence à la gouvernance et à la reprise économique  "
46002-P-ML-KA0-004,XM-DAC-46002,African Development Bank,40,Multilateral,1,0,A01_general,0,1,3,Finalisation,"EN: Mali - Economic Governance Reform Support Programme - Phase II, FR: Mali - Programme d’appui aux réformes de la gouvernance économique - Phase II"
46002-P-ML-KA0-006,XM-DAC-46002,African Development Bank,40,Multilateral,1,0,A01_general,0,1,3,Finalisation,"EN: Mali - Economic Governance Reform Support Programme – Phase I, FR: Mali - Programme d’appui aux réformes de la gouvernance économique – Phase I"
46002-P-ML-KA0-007,XM-DAC-46002,African Development Bank,40,Multilateral,1,0,A01_general,0,1,3,Finalisation,"EN: Mali - Economic Growth Support Programme - Phase I (PACE-I), FR: Mali - Programme d'Appui à la Croissance Economique - Phase I (PACE-I)"
46002-P-ML-KA0-008,XM-DAC-46002,African Development Bank,40,Multilateral,1,0,A01_general,0,1,3,Finalisation,"EN: Mali - Economic Growth Support Programme II (PACE-II), FR: Mali - Programme d'appui à la croissance économique-Phase II (PACE II)"
46002-P-ML-KA0-009,XM-DAC-46002,African Development Bank,40,Multilateral,1,1,both,0,1,3,Finalisation,"EN: Mali - COVID-19 Support Programme in G5 Sahel Countries - Burkina Faso, Mali, Mauritania, Niger and Chad (PARC COVID-19 - G5 Sahel), FR: Mali - Programme d'appui en réponse à la crise de la COVID-19 dans les pays du G5 Sahel - Burkina Faso, Mali, Mauritanie, Niger, Tchad - (PARC COVID-19 - G5 Sahel)"
46002-P-MR-K00-016,XM-DAC-46002,African Development Bank,40,Multilateral,1,0,A01_general,0,1,3,Finalisation,"EN: Mauritania - Economic Reforms and Diversification Support Programme - Phase I, FR: Mauritanie - Programme d’appui aux réformes économiques et à la diversification de l’économie - Phase I"
46002-P-MR-K00-017,XM-DAC-46002,African Development Bank,40,Multilateral,1,0,A01_general,0,1,3,Finalisation,"EN: Mauritania - Economic Reforms and Diversification Support Programme - Phase II (PAREDE II), FR: Mauritanie - Programme d'appui aux réformes économiques et à la diversification de l'économie - Phase II (PAREDE II)"
46002-P-MR-K00-018,XM-DAC-46002,African Development Bank,40,Multilateral,1,0,A01_general,0,1,3,Finalisation,"EN: Mauritania - COVID-19 Support Programme in G5 Sahel Countries - Burkina Faso, Mali, Mauritania, Niger and Chad (PARC COVID-19 - G5 Sahel), FR: Mauritanie - Programme d'appui en réponse à la crise de la COVID-19 dans les pays du G5 Sahel - Burkina Faso, Mali, Mauritanie, Niger, Tchad - (PARC COVID-19 - G5 Sahel)"
46002-P-MU-K00-002,XM-DAC-46002,African Development Bank,40,Multilateral,1,0,A01_general,0,1,3,Finalisation,"EN: Mauritius - Development Budget Support Loan for The Economic Reform Program, FR: Maurice - Prêt d’appui budgétaire au développement dans le cadre du programme de réformes économiques"
46002-P-MU-K00-004,XM-DAC-46002,African Development Bank,40,Multilateral,1,0,A01_general,0,1,3,Finalisation,"EN: Mauritius - The Competitiveness and Public Sector Efficiency Programme (CPSE), FR: Maurice - Programme de compétitivité et d’efficacité du secteur public (CPSE)"
46002-P-MU-K00-005,XM-DAC-46002,African Development Bank,40,Multilateral,1,0,A01_general,0,1,3,Finalisation,"EN: Mauritius - The Competitiveness and Public Sector Efficiency Programme (CPSE), FR: Maurice - Programme de compétitivité et d’efficacité du secteur public (CPSE)"
46002-P-MU-K00-008,XM-DAC-46002,African Development Bank,40,Multilateral,1,0,A01_general,0,1,3,Finalisation,"EN: Mauritius – COVID-19 Crisis Response Budget Support Programme, FR: Maurice – Programme d’appui budgétaire pour la riposte à la pandémie de COVID-19"
46002-P-MU-K00-009,XM-DAC-46002,African Development Bank,40,Multilateral,1,0,A01_general,0,1,3,Finalisation,"EN: Mauritius - Economic Competitiveness and Resilience Support Program (ECRSP), FR: Maurice - Programme d'appui à la compétitivité et à la résilience économique (ECRSP)"
46002-P-MU-K00-010,XM-DAC-46002,African Development Bank,40,Multilateral,1,0,A01_general,0,1,2,Implementation,"EN: Mauritius - Economic Competitiveness and Resilience Support Program - Phase II (ECRSP), FR: Maurice - Programme d'appui à la compétitivité et à la résilience économiques - Phase II (ECRSP)"
46002-P-MW-AA0-040,XM-DAC-46002,African Development Bank,40,Multilateral,0,1,A02_sector,0,1,3,Finalisation,"EN: MALAWI - Agricultural Productivity and Commercialization Programme (APCP), FR: MALAWI - Programme de productivité et de commercialisation agricoles (APCP)"
46002-P-MW-IE0-005,XM-DAC-46002,African Development Bank,40,Multilateral,0,1,A02_sector,0,1,3,Finalisation,"EN: Malawi - Protection of Basic Services Programme, FR: Malawi - Programme de protection des services de base"
46002-P-MW-K00-002,XM-DAC-46002,African Development Bank,40,Multilateral,1,0,A01_general,0,1,3,Finalisation,EN: Support for Good Governance Loan
46002-P-MW-KA0-004,XM-DAC-46002,African Development Bank,40,Multilateral,1,1,both,0,1,3,Finalisation,"EN: Malawi - Multi-Country Covid-19 Response Support Program (MCRSP), FR: Malawi - Programme multi-pays d’aide pour la riposte à la covid-19 (MCRSP)"
46002-P-MW-KZ0-003,XM-DAC-46002,African Development Bank,40,Multilateral,1,0,A01_general,0,1,3,Finalisation,"EN: Malawi - Poverty Reduction Support Loan, FR: Malawi - Prêt d’Appui a la Réduction de la Pauvreté"
46002-P-MZ-AA0-041,XM-DAC-46002,African Development Bank,40,Multilateral,0,1,A02_sector,0,1,3,Finalisation,"EN: Mozambique - Enhancing private sector engagement and capacity building in fragile context, FR: Mozambique - Améliorer l'engagement et le renforcement des capacités du secteur privé dans un contexte fragile"
46002-P-MZ-AA0-045,XM-DAC-46002,African Development Bank,40,Multilateral,0,1,A02_sector,0,1,2,Implementation,"EN: Mozambique - Climate Resilient Food Nutrition Security for Women Youth Smallholders Project (CREFONS), FR: Mozambique - Sécurité alimentaire et nutritionnelle résiliente au climat pour les femmes les jeunes et les petits exploitants (CREFONS)"
46002-P-MZ-K00-001,XM-DAC-46002,African Development Bank,40,Multilateral,1,0,A01_general,0,1,3,Finalisation,"EN: Mozambique - Programme of Economic Reform and Good Governance for the Reduction of Poverty (PER GROP I), FR: Mozambique - Programme de réforme économique et de bonne gouvernance pour la réduction de la pauvreté (PER GROP I)"
46002-P-MZ-K00-002,XM-DAC-46002,African Development Bank,40,Multilateral,1,0,A01_general,0,1,3,Finalisation,EN: Second Program of Economic Reform and Good Governance
46002-P-MZ-K00-004,XM-DAC-46002,African Development Bank,40,Multilateral,1,0,A01_general,0,1,3,Finalisation,"EN: Mozambique - Poverty Reduction Support Loan (PRSL I), FR: Mozambique - Prêt d'Appui à la Réduction de la Pauvreté (PRSL I)"
46002-P-MZ-K00-007,XM-DAC-46002,African Development Bank,40,Multilateral,1,0,A01_general,0,1,3,Finalisation,"EN: Mozambique - Loan to assist in the financing of the Second Poverty Reduction Support Program (PRSL II), FR: Mozambique - Octroi d'un prêt en vue de contribuer au financement du Deuxième programme d'appui à la réduction de la pauvreté (PRSL II)"
46002-P-MZ-K00-009,XM-DAC-46002,African Development Bank,40,Multilateral,1,0,A01_general,0,1,3,Finalisation,"EN: Mozambique - Growth and Public Sector Efficiency (GPSE) Program, FR: Mozambique - Programme pour la croissance et l’efficacité du secteur public (GPSE)"
46002-P-MZ-K00-010,XM-DAC-46002,African Development Bank,40,Multilateral,1,0,A01_general,0,1,3,Finalisation,"EN: Mozambique - Economic Governance and Inclusive Growth Program (EGIGP) – Phase I, FR: Mozambique - Programme de gouvernance économique et de croissance inclusive (EGIGP) – Phase I "
46002-P-MZ-K00-011,XM-DAC-46002,African Development Bank,40,Multilateral,1,0,A01_general,0,1,3,Finalisation,"EN: Mozambique - Economic Governance and Inclusive Growth Program (EGIGP) – Phase II, FR: Mozambique - Programme de gouvernance économique et de croissance inclusive (EGIGP) – Phase II"
46002-P-MZ-K00-012,XM-DAC-46002,African Development Bank,40,Multilateral,1,0,A01_general,0,1,3,Finalisation,"EN: Mozambique - Multi-Country Covid-19 Response Support Program (MCRSP), FR: Mozambique - Programme multi-pays d’aide pour la riposte à la covid-19 (MCRSP)"
46002-P-MZ-KA0-007,XM-DAC-46002,African Development Bank,40,Multilateral,1,0,A01_general,0,1,3,Finalisation,"EN: Mozambique - Economic Acceleration and Governance Support Programme, Phase I (EAGSP), FR: Mozambique - Programme d’accélération économique et d’appui à la gouvernance, phase I (EAGSP)"
46002-P-NA-HAA-006,XM-DAC-46002,African Development Bank,40,Multilateral,0,1,A02_sector,0,1,2,Implementation,"EN: Namibia - Development Bank of Namibia, FR: Namibie - Banque Namibienne de développement"
46002-P-NA-K00-004,XM-DAC-46002,African Development Bank,40,Multilateral,1,0,A01_general,0,1,3,Finalisation,"EN: Namibia - Governance and Economic Recovery Support Programme (GERSP), FR: Namibie - Programme d’appui à la gouvernance et à la reprise économique (GERSP)"
46002-P-NA-K00-005,XM-DAC-46002,African Development Bank,40,Multilateral,1,0,A01_general,0,1,3,Finalisation,"EN: Namibia - Governance and Economic Recovery Support Program - Phase II (GERSP-II), FR: Namibie - Programme d'appui à la gouvernance et à la reprise économique- Phase II - (GERSP-II)"
46002-P-NA-K00-007,XM-DAC-46002,African Development Bank,40,Multilateral,1,0,A01_general,0,1,3,Finalisation,"EN: Namibia - Economic Governance and Competitiveness Support Programme (EGCSP), FR: Namibie - Programme d’appui à la gouvernance et à la compétitivité économiques (EGCSP)"
46002-P-NA-KA0-002,XM-DAC-46002,African Development Bank,40,Multilateral,1,0,A01_general,0,1,3,Finalisation,"EN: Namibia - Economic Governance and Competitiveness Support Programme - Phase II (EGCSP II), FR: Namibie - Programme d'appui à la gouvernance et à la compétitivité économiques - Phase II (EGCSP II)"
46002-P-NA-KA0-004,XM-DAC-46002,African Development Bank,40,Multilateral,1,0,A01_general,0,1,3,Finalisation,"EN: Namibia - Economic Governance and Competitiveness Support Programme- Supplemental Financing, FR: Namibie - Programme de soutien à la concurrence et gouvernance économique - Financement supplémentaire"
46002-P-NE-A00-012,XM-DAC-46002,African Development Bank,40,Multilateral,0,1,A02_sector,0,1,3,Finalisation,"EN: Niger – Food Crisis Response and Emergency Support Programme, FR: Niger – Programme de réponse à la crise alimentaire et de soutien d'urgence"
46002-P-NE-K00-007,XM-DAC-46002,African Development Bank,40,Multilateral,1,0,A01_general,0,1,3,Finalisation,"EN: Niger - Fifth Structural Adjustment Programme, FR: Niger - Cinquième programme d'ajustement Structurel"
46002-P-NE-KA0-006,XM-DAC-46002,African Development Bank,40,Multilateral,1,0,A01_general,0,1,3,Finalisation,"EN: Niger - Accelerated Development and Poverty Reduction Support Strategy (PASDRP-I), FR: Niger - Programme d’appui à la stratégie de développement accéléré et de réduction de la pauvreté (PASDRP-I)"
46002-P-NE-KA0-008,XM-DAC-46002,African Development Bank,40,Multilateral,1,0,A01_general,0,1,3,Finalisation,"EN: Niger - Programme for Inclusive Growth and Strengthening of Food Security (PACIRSA), FR: Niger - Programme d’appui à la croissance inclusive et au renforcement de la sécurité alimentaire (PACIRSA)"
46002-P-NE-KA0-010,XM-DAC-46002,African Development Bank,40,Multilateral,1,0,A01_general,0,1,3,Finalisation,"EN: Niger - Financial Reforms and Food Security Support Programme - Phase I, FR: Niger - Programme d’appui aux réformes financières et à la sécurité alimentaire - phase I"
46002-P-NE-KA0-011,XM-DAC-46002,African Development Bank,40,Multilateral,1,0,A01_general,0,1,3,Finalisation,"EN: Niger - Financial Reforms and Food Security Support Programme – Phase II, FR: Niger - Programme d’appui aux réformes financières et à la sécurité alimentaire – Phase II"
46002-P-NE-KA0-012,XM-DAC-46002,African Development Bank,40,Multilateral,1,0,A01_general,0,1,3,Finalisation,"EN: Niger - Support to Reforms and Economic Resilience Programme, FR: Niger - Programme d’appui aux réformes et à la résilience économique"
46002-P-NE-KA0-013,XM-DAC-46002,African Development Bank,40,Multilateral,1,0,A01_general,0,1,3,Finalisation,"EN: Niger - Support to reforms and Economic Resilience Programme - Phase 2, FR: Niger - Programme d'appui aux réformes et à la résilience économique - Phase 2"
46002-P-NE-KA0-014,XM-DAC-46002,African Development Bank,40,Multilateral,1,0,A01_general,0,1,2,Implementation,"EN: Niger -  Energy Sector Competitiveness and Governance Support Program - Phase I (PAGSEC – I), FR: Niger - Programme d’appui à la Gouvernance du Secteur de l’énergie et à la Compétitivité - Phase I (PAGSEC – I)"
46002-P-NE-KA0-015,XM-DAC-46002,African Development Bank,40,Multilateral,1,1,both,0,1,3,Finalisation,"EN: Niger - COVID-19 Support Programme in G5 Sahel Countries - Burkina Faso, Mali, Mauritania, Niger and Chad (PARC COVID-19 - G5 Sahel), FR: Niger - Programme d'appui en réponse à la crise de la COVID-19 dans les pays du G5 Sahel - Burkina Faso, Mali, Mauritanie, Niger, Tchad - (PARC COVID-19 - G5 Sahel)"
46002-P-NG-AAG-016,XM-DAC-46002,African Development Bank,40,Multilateral,1,0,A01_general,0,1,3,Finalisation,"EN: Nigeria - Support to National Agricultural Growth Scheme - Argo-Pocket, FR: Nigeria - Appui au programme national de croissance agricole - Argo-Pocket"
46002-P-NG-FA0-002,XM-DAC-46002,African Development Bank,40,Multilateral,0,1,A02_sector,0,1,3,Finalisation,"EN: Nigeria - The Economic and Power Sector Reform Program (EPSERP), FR: Nigeria - Programme de réforme de l’économie et du secteur de l’électricité (EPSERP)"
46002-P-NG-K00-005,XM-DAC-46002,African Development Bank,40,Multilateral,0,1,A02_sector,0,1,3,Finalisation,"EN: Nigeria - Transport Sector and Economic Governance Reform Program, FR: Nigeria - Programme de réforme du secteur des transports et de la gouvernance économique"
46002-P-NG-K00-012,XM-DAC-46002,African Development Bank,40,Multilateral,1,0,A01_general,0,1,2,Implementation,"EN: Nigeria - Economic Governance and Energy Transition Support Program (EGET-SP) Phase I, FR: Nigeria -  Programme d'appui à la gouvernance économique et à la transition énergétique (EGT-SP) - Phase I"
46002-P-NG-K00-013,XM-DAC-46002,African Development Bank,40,Multilateral,1,0,A01_general,0,1,1,Pipeline/identification,"EN: NIGERIA - Economic Governance and Energy Transition Support Programme - Phase II (EGET-SP II), FR: NIGERIA – Programme d’appui à la gouvernance économique et à la transition énergétique - Phase II (EGET-SP)"
46002-P-NG-KA0-002,XM-DAC-46002,African Development Bank,40,Multilateral,1,0,A01_general,0,1,3,Finalisation,"EN: Nigeria - Economic Governance, Diversification and Competitiveness Support Program, FR: Nigeria - Programme d’appui à la gouvernance économique, à la diversification et à la compétitivité"
46002-P-NG-KA0-006,XM-DAC-46002,African Development Bank,40,Multilateral,1,0,A01_general,0,1,3,Finalisation,"EN: Nigeria - COVID-19 Crisis Response Budget Support Programme, FR: Nigéria - Programme d'appui budgétaire pour la riposte à la pandémie de COVID-19"
46002-P-RW-AAE-004,XM-DAC-46002,African Development Bank,40,Multilateral,1,0,A01_general,0,1,3,Finalisation,"EN: Rwanda - Livestock Infrastructure Support Programme (Sector Budget Support), FR: Rwanda - Programme d’appui aux infrastructures d’élevage (Appui budgétaire sectoriel)"
46002-P-RW-E00-013,XM-DAC-46002,African Development Bank,40,Multilateral,1,0,A01_general,0,1,2,Implementation,"EN: Rwanda - Sustainable and Resilient Water and Sanitation Program - Sector Budget Support, FR: Rwanda - Programme d'approvisionnement en eau et d'assainissement durables et résilients  - Appui budgétaire sectoriel"
46002-P-RW-F00-009,XM-DAC-46002,African Development Bank,40,Multilateral,0,1,A02_sector,0,1,2,Implementation,"EN: Rwanda - Rwanda Energy Sector Results Based Financing (RBF II), FR: Rwanda - Financement axe sur les résultats dans le secteur de l'Energie au Rwanda"
46002-P-RW-FA0-008,XM-DAC-46002,African Development Bank,40,Multilateral,0,1,A02_sector,0,1,2,Implementation,"EN: Rwanda - Scaling Up Electricity Access Program Phase II (SEAP II) - Additional Financing, FR: Rwanda - Financement du programme d’expansion de l’accès à l’électricité, phase II - Financement supplémentaire"
46002-P-RW-FA0-016,XM-DAC-46002,African Development Bank,40,Multilateral,0,1,A02_sector,0,1,2,Implementation,"EN: Rwanda - Scaling Up Electricity Access Program Phase II (SEAP II), FR: Rwanda - Financement du programme d’expansion de l’accès à l’électricité – Phase II"
46002-P-RW-IZ0-002,XM-DAC-46002,African Development Bank,40,Multilateral,0,1,A02_sector,0,1,3,Finalisation,"EN: Rwanda - Skills, Employability and Entrepreneurship Programme (SEEP), FR: Rwanda - Programme pour les compétences, l’employabilité et l’entreprenariat (SEEP)"
46002-P-RW-IZ0-003,XM-DAC-46002,African Development Bank,40,Multilateral,0,1,A02_sector,0,1,3,Finalisation,"EN: Rwanda - Skills, Employability and Entrepreneurship Programme (SEEP) II, FR: Rwanda - Programme pour les compétences, l’employabilité et l’entreprenariat (SEEP) II"
46002-P-RW-IZ0-004,XM-DAC-46002,African Development Bank,40,Multilateral,0,1,A02_sector,0,1,3,Finalisation,"EN: Rwanda - Skills, Employability and Entrepreneurship Programme III (SEEP III), FR: Rwanda - Programme pour les compétences, l’employabilité et l’entrepreneuriat III (SEEP III)"
46002-P-RW-IZ0-006,XM-DAC-46002,African Development Bank,40,Multilateral,0,1,A02_sector,0,1,3,Finalisation,"EN: Rwanda - Skills and Business Development Programme (SBDP), FR: Rwanda - Programme de développement des compétences et des entreprises (PDCE)"
46002-P-RW-K00-006,XM-DAC-46002,African Development Bank,40,Multilateral,1,0,A01_general,0,1,3,Finalisation,"EN: Rwanda - Poverty Reduction Strategy Support Program - Phase I (PASRP I 2004-2006), FR: Rwanda - Programme d'Appui à la Stratégie de la Réduction de la Pauvreté - phase I (PASRP I 2004-2006)"
46002-P-RW-K00-013,XM-DAC-46002,African Development Bank,40,Multilateral,1,0,A01_general,0,1,3,Finalisation,"EN: Rwanda - Covid-19 Crisis Response Budget Support Program (RCRBS), FR: Rwanda - Programme d’appui budgétaire à la réponse à la crise de COVID-19 (RCRBS)"
46002-P-SC-K00-004,XM-DAC-46002,African Development Bank,40,Multilateral,1,0,A01_general,0,1,3,Finalisation,"EN: Seychelles - Inclusive Private Sector Development and Competitiveness Programme, FR: Seychelles - Programme inclusif pour le développement du secteur privé et la compétitivité"
46002-P-SC-K00-005,XM-DAC-46002,African Development Bank,40,Multilateral,1,0,A01_general,0,1,3,Finalisation,"EN: Seychelles - Inclusive Private Sector Development and Competitiveness Programme – Phase II, FR: Seychelles - Programme inclusif pour le développement du secteur privé et la compétitivité – Phase II"
46002-P-SC-K00-015,XM-DAC-46002,African Development Bank,40,Multilateral,1,0,A01_general,0,1,3,Finalisation,"EN: Seychelles - COVID-19 Crisis Response Budget Support Program, FR: Seychelles - Programme d’appui budgétaire en réponse à la crise de la COVID-19"
46002-P-SC-K00-022,XM-DAC-46002,African Development Bank,40,Multilateral,1,0,A01_general,0,1,3,Finalisation,"EN: Seychelles - Governance and Economic Reforms Support Program (GERSP), FR: Seychelles - Programme d’appui à la gouvernance et aux réformes économiques (GERSP)"
46002-P-SC-K00-023,XM-DAC-46002,African Development Bank,40,Multilateral,1,0,A01_general,0,1,3,Finalisation,"EN: Seychelles - Governance and Economic Reforms Support Program (GERSP) - Phase II, FR: Seychelles - Programme d'appui à la gouvernance et aux réformes économiques (GERSP) - Phase II"
46002-P-SC-K00-024,XM-DAC-46002,African Development Bank,40,Multilateral,1,0,A01_general,0,1,3,Finalisation,"EN: Seychelles - Governance and Economic Reforms Support Program (GERSP) – Phase III, FR: Seychelles - Programme d’Appui à la Gouvernance et aux Reformes Economiques (GERSP) – Phase III"
46002-P-SC-K00-025,XM-DAC-46002,African Development Bank,40,Multilateral,1,0,A01_general,0,1,2,Implementation,"EN: Seychelles - Economic Resilience and Green Recovery Support Program (ERGRSP), FR: Seychelles - Programme dappui à la Résilience Économique et à la Relance Verte (ERGRSP)"
46002-P-SC-K00-028,XM-DAC-46002,African Development Bank,40,Multilateral,1,0,A01_general,0,1,2,Implementation,"EN: Seychelles - Economic Resilience and Green Recovery Support Programme (ERGRSP) - Phase II, FR: Seychelles - Programme d’appui à la résilience économique et à la relance verte (ERGRSP) - Phase II"
46002-P-SC-KA0-001,XM-DAC-46002,African Development Bank,40,Multilateral,1,0,A01_general,0,1,3,Finalisation,"EN: Seychelles - The Economic Governance Reforms Programme, FR: Seychelles - Programme de réforme de la gouvernance économique"
46002-P-SD-AA0-009,XM-DAC-46002,African Development Bank,40,Multilateral,0,1,A02_sector,0,1,2,Implementation,"EN: Sudan - Sudan Emergency Wheat Production Project Phase II, FR: Soudan – Projet d’urgence pour la production de blé – Phase II"
46002-P-SD-AAB-005,XM-DAC-46002,African Development Bank,40,Multilateral,0,1,A02_sector,0,1,3,Finalisation,"EN: Sudan - Emergency Wheat Production Project (SEWPP), FR: Soudan - Projet de production d'urgence de blé au Soudan (SEWPP)"
46002-P-SD-I00-008,XM-DAC-46002,African Development Bank,40,Multilateral,0,1,A02_sector,0,1,2,Implementation,"EN: Sudan -  Integrated Social Sector Infrastructure Rehabilitation Project - Health, Education, Drinking Water and Sanitation, FR: Soudan - Projet intégré de réhabilitation des infrastructures du secteur social ; santé, éducation et eau potable"
46002-P-SD-I00-010,XM-DAC-46002,African Development Bank,40,Multilateral,0,1,A02_sector,0,1,2,Implementation,"EN: Sudan - the Crisis Response for Women and Affected Communities, FR: Soudan - Réponse à la crise pour les femmes et les communautés touchées"
46002-P-SD-K00-007,XM-DAC-46002,African Development Bank,40,Multilateral,1,0,A01_general,0,1,3,Finalisation,"EN: Sudan - COVID-19 Emergency Response Support Program (ERSP), FR: Soudan - Programme d’appui d’urgence à la riposte à la COVID-19 (ERSP)"
46002-P-SD-KF0-006,XM-DAC-46002,African Development Bank,40,Multilateral,1,0,A01_general,0,1,3,Finalisation,"EN: Sudan - Economic and Financial Reform Support Program (EFRSP), FR: Soudan - Programme d'appui aux réformes économiques et financières (EFRSP)"
46002-P-SL-AA0-023,XM-DAC-46002,African Development Bank,40,Multilateral,1,0,A01_general,0,1,3,Finalisation,"EN: Sierra Leone - Emergency Food Production Program, FR: Sierra Leone - Programme de production alimentaire d'urgence"
46002-P-SL-KA0-005,XM-DAC-46002,African Development Bank,40,Multilateral,1,0,A01_general,0,1,3,Finalisation,EN: Economic Rehabilitation and Recovery Loan-II
46002-P-SL-KA0-013,XM-DAC-46002,African Development Bank,40,Multilateral,1,0,A01_general,0,1,3,Finalisation,"EN: Sierra Leone - Inclusive Economic Management Program – Phase I, FR: Sierra Leone - Programme de gestion économique inclusive – Phase I"
46002-P-SL-KA0-016,XM-DAC-46002,African Development Bank,40,Multilateral,1,0,A01_general,0,1,3,Finalisation,"EN: Sierra Leone - Fiscal consolidation support programme (FCSP), FR: Sierra Leone - Programme d’appui à l’assainissement budgétaire (FCSP)"
46002-P-SL-KA0-017,XM-DAC-46002,African Development Bank,40,Multilateral,1,0,A01_general,0,1,3,Finalisation,"EN: Sierra Leone - Multi-Country Covid-19 Crisis Response Support Programme (Liberia,Gambia and Sierra Leone), FR: Sierra Leone - Programme d’appui Multi-Pays pour la Riposte à la Pandémie de Maladie à Coronavirus 2019 (Liberia, Gambie et Sierra Leone)"
46002-P-SL-KF0-013,XM-DAC-46002,African Development Bank,40,Multilateral,0,1,A02_sector,0,1,2,Implementation,"EN: Sierra Leone - Strenghtening efficiency in public debt management, FR: Sierra Leone - Renforcer l'efficacité de la gestion de la dette publique"
46002-P-SN-A00-022,XM-DAC-46002,African Development Bank,40,Multilateral,1,0,A01_general,0,1,3,Finalisation,"EN: Senegal - Emergency Food Production Program (AEFPF), FR: Sénégal - Programme de production alimentaire d'urgence (AEFPF)"
46002-P-SN-BG0-001,XM-DAC-46002,African Development Bank,40,Multilateral,0,1,A02_sector,0,1,2,Implementation,"EN: Senegal - Accelerated Industrialization, Competitiveness and Employment Support Programme (PAAICE), FR: Sénégal - Programme d’appui à l’accélération industrielle, à la compétitivité et à l’emploi (PAAICE)"
46002-P-SN-K00-005,XM-DAC-46002,African Development Bank,40,Multilateral,1,0,A01_general,0,1,3,Finalisation,"EN: Senegal - The Poverty Reduction Strategy Support Programme (PRSSP), FR: Sénégal - Programme d’appui à la stratégie de réduction de la pauvreté (PASRP)"
46002-P-SN-K00-006,XM-DAC-46002,African Development Bank,40,Multilateral,1,0,A01_general,0,1,3,Finalisation,"EN: Senegal - Economic Reform Support Programme (PARE), FR: Sénégal - Programme d’appui aux réformes économiques (PARE)"
46002-P-SN-K00-008,XM-DAC-46002,African Development Bank,40,Multilateral,1,0,A01_general,0,1,3,Finalisation,"EN: Senegal - Inclusive Growth and Economic Competitiveness Support Programme (PACICE), FR: Sénégal - Programme d’Appui à la Croissance Inclusive et à
la Compétitivité Economique (PACICE)"
46002-P-SN-K00-013,XM-DAC-46002,African Development Bank,40,Multilateral,1,0,A01_general,0,1,3,Finalisation,"EN: Senegal - Emergency COVID-19 Response Support Programme (PUARC), FR: Sénégal - Programme d’Urgence d’Appui à la Riposte COVID-19 (PUARC)"
46002-P-SN-KA0-005,XM-DAC-46002,African Development Bank,40,Multilateral,1,0,A01_general,0,1,3,Finalisation,"EN: PROGRAMME D'APPUI A L'AJUSTEMENT DU SECTEUR PRIVE, FR: Programme d’Appui à l’Ajustement du Secteur Privé (PAASP)"
46002-P-SN-KA0-009,XM-DAC-46002,African Development Bank,40,Multilateral,1,0,A01_general,0,1,3,Finalisation,"EN: Senegal - Local Development Reform Support Programme – Phase I, FR: Sénégal - Programme d’appui aux réformes du développement local Phase I"
46002-P-SN-KA0-014,XM-DAC-46002,African Development Bank,40,Multilateral,1,0,A01_general,0,1,3,Finalisation,"EN: Senegal - Resource Mobilisation and Reform Effectiveness Support Programme – Phase I (PAMRER I), FR: Sénégal - Programme d'appui à la mobilisation des ressources et à l'efficacité des réformes – Phase I (PAMRER I)"
46002-P-SN-KA0-016,XM-DAC-46002,African Development Bank,40,Multilateral,1,0,A01_general,0,1,2,Implementation,"EN: Senegal - Program to Support Resource Mobilization and Reform effectiveness, Resource Mobilisation and Reform Effectiveness Support Programme - Phase II (PAMRER), FR: Sénégal - Programme d'appui à la mobilisation des ressources et à l'efficacité des réformes - Phase II (PAMRER)"
46002-P-SN-KA0-018,XM-DAC-46002,African Development Bank,40,Multilateral,1,0,A01_general,0,1,3,Finalisation,"EN: Senegal - Resources Mobilization and Reforms Effectiveness Support Program Phase III, FR: Sénégal - Programme d’appui à la mobilisation des ressources et a l’efficacité des reformes phase III"
46002-P-SN-KA0-019,XM-DAC-46002,African Development Bank,40,Multilateral,1,0,A01_general,0,1,3,Finalisation,"EN: Senegal - Resource Mobilisation and Industrial Development Support Programme, Phase I (PAMRDI-I), FR: Sénégal - Programme d'appui à la mobilisation des ressources et au développement industriel, phase I (PAMRDI I)"
46002-P-SO-AA0-009,XM-DAC-46002,African Development Bank,40,Multilateral,0,1,A02_sector,0,1,2,Implementation,"EN: Somalia - Additional Financing to Multinational Program to Build Resilience for Food and Nutrition Security in the Horn of Africa AEFPF, FR: Somalie - Financement additionnel au programme multinational visant à renforcer la résilience pour la sécurité alimentaire et nutritionnelle dans la corne de l’Afrique AEFPF"
46002-P-SO-E00-005,XM-DAC-46002,African Development Bank,40,Multilateral,0,1,A02_sector,0,1,2,Implementation,"EN: Somalia -  Urban Water Supply and Sanitation Project in Dollow, Qardho and South Galkayo, FR: Somalie - Projet d’approvisionnement en eau potable et d’assainissement urbain à Dollow, Qardho et South Galkayo"
46002-P-SO-E00-009,XM-DAC-46002,African Development Bank,40,Multilateral,0,1,A02_sector,0,1,2,Implementation,"EN: Somalia - Building Resilience to Climate Change through WASH in Qardho, Dollow and South Galkayo, FR: Somalie - Renforcer la résilience au changement climatique par le programme WASH à Qardho, Dollow et Galkayo Sud"
46002-P-SO-K00-003,XM-DAC-46002,African Development Bank,40,Multilateral,1,0,A01_general,0,1,3,Finalisation,"EN: Somalia - Economic and Financial Reforms Support Program (EFRSP), FR: Somalie - Programme d’appui aux réformes économiques et financières (EFRSP)"
46002-P-SO-KF0-015,XM-DAC-46002,African Development Bank,40,Multilateral,0,1,A02_sector,0,1,2,Implementation,"EN: Somalia - Institutional Support for Economic Governance Project (ISEGP), FR: Somalie - Projet d'appui institutionnel à la gouvernance économique (ISEGP)"
46002-P-SS-A00-001,XM-DAC-46002,African Development Bank,40,Multilateral,0,1,A02_sector,0,1,3,Finalisation,"EN: South Sudan - Emergency Food Production Programme - Project 1 (SSEFPP-1), FR: Soudan du Sud - Programme de production alimentaire d'urgence - Projet 1 (SSEFPP-1)"
46002-P-SS-A00-002,XM-DAC-46002,African Development Bank,40,Multilateral,0,1,A02_sector,0,1,2,Implementation,"EN: South Sudan - Program to Build Resilience for Food and Nutrition Security in the Horn of Africa through the Africa Disaster Risk Financing Program, FR: Soudan du Sud - programme de renforcement de la résilience pour la sécurité alimentaire et nutritionnelle dans la corne de l’Afrique par le biais du programme de financement de la la gestion des risques de catastrophe en Afrique"
46002-P-SS-AAZ-001,XM-DAC-46002,African Development Bank,40,Multilateral,0,1,A02_sector,0,1,2,Implementation,"EN: South Sudan - Agricultural Markets, Value Addition and Trade Development Project (AMVAT), FR: Soudan du sud - Projet de développement des marchés, de création de valeur ajoutée et de commerce dans le secteur agricole (AMVAT)"
46002-P-SS-I00-003,XM-DAC-46002,African Development Bank,40,Multilateral,0,1,A02_sector,0,1,3,Finalisation,"EN: South Sudan - Improving Access and Quality of Basic Education Project (IAQBE), FR: Sud Soudan - Projet d’amélioration de la qualité et de l’accès à l’éducation de
base (IAQBE)"
46002-P-SS-I00-005,XM-DAC-46002,African Development Bank,40,Multilateral,0,1,A02_sector,0,1,2,Implementation,"EN: South Sudan - Support to Technical and Vocational Education and training (TVET) for Value Chain Development Bank, FR: Soudan du Sud - Projet d'appui à l'enseignement et à la formation techniques et professionnels (EFTP) pour le développement de la chaîne de valeur"
46002-P-SS-I00-006,XM-DAC-46002,African Development Bank,40,Multilateral,1,0,A01_general,0,1,3,Finalisation,"EN: South Sudan - Skills for Youth Employability and Social Inclusion (SYE-SS) Project, FR: Sud-Soudan - Projet Compétences pour l'employabilité des jeunes et l'inclusion sociale"
46002-P-SS-I00-008,XM-DAC-46002,African Development Bank,40,Multilateral,0,1,A02_sector,0,1,2,Implementation,"EN: South Sudan - Youth Enterprise Development and Capacity Building Project, FR: Soudan du Sud - Projet de développement des entreprises et de renforcement des capacités des jeunes"
46002-P-SS-I00-009,XM-DAC-46002,African Development Bank,40,Multilateral,0,1,A02_sector,0,1,2,Implementation,"EN: South Sudan - Private sector development in a fragile context - Capacity Building and access to finance youth and women, FR: Sud Soudan - Développement du secteur privé dans un contexte fragile - Renforcement des capacités et accès au financement des jeunes et des femmes"
46002-P-SS-I00-010,XM-DAC-46002,African Development Bank,40,Multilateral,0,1,A02_sector,0,1,2,Implementation,"EN: South Sudan - Job Creation Through Youth and Women-Led Micro and Small Enterprises (JMSE), FR: Soudan du Sud - Création d’Emplois par le Biais de Micro et Petites Entreprises Dirigees par des Jeunes et des Femmes (JMSE)"
46002-P-SS-I00-011,XM-DAC-46002,African Development Bank,40,Multilateral,0,1,A02_sector,0,1,2,Implementation,"EN: South Sudan – Response to the Sudan Refugee Crisis In South Sudan Project (SRCSSP), FR: Soudan du Sud - Projet de Réponse à la Crise des Réfugiés Soudanais au Soudan du Sud (SRCSSP)"
46002-P-SS-I00-014,XM-DAC-46002,African Development Bank,40,Multilateral,0,1,A02_sector,0,1,2,Implementation,"EN: South Sudan – Response to the Sudan Refugee Crisis In South Sudan Project (SRCSSP), FR: Soudan du Sud - Projet de Réponse à la Crise des Réfugiés Soudanais au Soudan du Sud (SRCSSP)"
46002-P-ST-K00-012,XM-DAC-46002,African Development Bank,40,Multilateral,1,0,A01_general,0,1,3,Finalisation,"EN: São Tomé and Príncipe - Economic Reform and Power Sector Support Program – Phase I (ERPSSP-I), FR: São Tomé-et-Príncipe - Programme d’appui à la réforme économique et au secteur de l’électricité – phase I (ERPSSP-I)"
46002-P-ST-K00-013,XM-DAC-46002,African Development Bank,40,Multilateral,1,0,A01_general,0,1,2,Implementation,"EN: São Tomé and Principe - Fiscal Sustainability and Economic Resilience Program (FSERP), FR: São Tomé-et-Príncipe - Programme de renforcement de la viabilité budgétaire et de la résilience économique (FSERP)"
46002-P-ST-K00-014,XM-DAC-46002,African Development Bank,40,Multilateral,1,0,A01_general,0,1,2,Implementation,"EN: Sao Tomé - Fiscal Sustainability and Economic Resilience Support Program (FSERSP II), FR: Sao Tomé - Programme d'appui à la viabilité budgétaire et à la résilience économique (FSERSP II)"
46002-P-ST-K00-015,XM-DAC-46002,African Development Bank,40,Multilateral,1,0,A01_general,0,1,3,Finalisation,"EN: São Tomé-and-Príncipe - Multi-Country Covid-19 Response Support Program (MCRSP), FR: São Tomé-et-Príncipe - Programme multi-pays d’aide pour la riposte à la covid-19 (MCRSP)"
46002-P-ST-K00-017,XM-DAC-46002,African Development Bank,40,Multilateral,1,0,A01_general,0,1,2,Implementation,"EN: Sao Tomé and Principe -  Fiscal Sustainability and Economic Resilience Programme – Supplemental Financing (FSERP-SF), FR: Sao Tomé et Principe - Programme de renforcement de la viabilité budgétaire et de la résilience économique – Financement supplémentaire (FSERP-SF)"
46002-P-SZ-AA0-013,XM-DAC-46002,African Development Bank,40,Multilateral,1,0,A01_general,0,1,3,Finalisation,"EN: Eswatini - Emergency Food Production Program (EFPP), FR: Eswatini - Programme de production alimentaire d’urgence (EFPP)"
46002-P-SZ-K00-005,XM-DAC-46002,African Development Bank,40,Multilateral,1,0,A01_general,0,1,3,Finalisation,"EN: Eswatini - Support for Economic Recovery and Inclusive Growth (SERIG) Phase I, FR: Eswatini - Appui à la relance économique et à la croissance inclusive (SERIG) - Phase I"
46002-P-SZ-K00-008,XM-DAC-46002,African Development Bank,40,Multilateral,1,0,A01_general,0,1,2,Implementation,"EN: Eswatini - Enhancing economic resilience and competitiveness programme (phase I), FR: Eswatini – Programme de renforcement de la résilience économique et de la compétitivité (phase I)"
46002-P-TD-AB0-005,XM-DAC-46002,African Development Bank,40,Multilateral,0,1,A02_sector,0,1,2,Implementation,"EN: Chad - Project to Support Rural Infrastructure Development and the Promotion of Agricultural Value Chains (PADIR-CVA), FR: Tchad - Projet d'appui au développement des infrastructures rurales et de la promotion des chaines de valeurs agricoles (PADIC-CVA)"
46002-P-TD-K00-002,XM-DAC-46002,African Development Bank,40,Multilateral,1,0,A01_general,0,1,3,Finalisation,"EN: RESTRUCT. ECO. & FINANCIERE SECT. PUBLIC, FR: Projet de restructuration économique et financière du secteur public"
46002-P-TD-K00-003,XM-DAC-46002,African Development Bank,40,Multilateral,1,0,A01_general,0,1,3,Finalisation,"EN: Chad - Structural Adjustment Program II, FR: Tchad - Programme d'ajustement Structurel II"
46002-P-TD-K00-009,XM-DAC-46002,African Development Bank,40,Multilateral,1,0,A01_general,0,1,3,Finalisation,"EN: Chad - Economic Recovery Support Programme (PARE) - Phase I, FR: Tchad - Programme d'appui à la relance économique (PARE) - Phase I"
46002-P-TD-KA0-001,XM-DAC-46002,African Development Bank,40,Multilateral,1,0,A01_general,0,1,3,Finalisation,"EN: PROGRAMME D'AJUSTEMENT STRUCTUREL III, FR: Programme d'ajustement Structurel III"
46002-P-TD-KA0-005,XM-DAC-46002,African Development Bank,40,Multilateral,1,0,A01_general,0,1,3,Finalisation,"EN: Chad - Public Finance Reform Support Programme, FR: Tchad - Programme d’appui aux réformes des finances publiques"
46002-P-TD-KA0-006,XM-DAC-46002,African Development Bank,40,Multilateral,1,1,both,0,1,3,Finalisation,"EN: Chad - Public Finance Reform Support Programme - Phase II, FR: Tchad - Programme d’appui aux réformes des finances publiques - Phase II"
46002-P-TD-KA0-007,XM-DAC-46002,African Development Bank,40,Multilateral,1,0,A01_general,0,1,3,Finalisation,"EN: Chad - Emergency Fiscal Consolidation Support Programme (PUCB), FR: Tchad - Programme d'urgence d'appui à la consolidation budgétaire (PUCB)"
46002-P-TD-KA0-009,XM-DAC-46002,African Development Bank,40,Multilateral,1,0,A01_general,0,1,3,Finalisation,"EN: Chad - COVID-19 Support Programme in G5 Sahel Countries - Burkina Faso, Mali, Mauritania, Niger and Chad (PARC COVID-19 - G5 Sahel), FR: Tchad - Programme d'appui en réponse à la crise de la COVID-19 dans les pays du G5 Sahel - Burkina Faso, Mali, Mauritanie, Niger, Tchad - (PARC COVID-19 - G5 Sahel)"
46002-P-TG-AA0-015,XM-DAC-46002,African Development Bank,40,Multilateral,1,0,A01_general,0,1,3,Finalisation,"EN: Togo – Food Crisis Response and Emergency Support Programme, FR: Togo – Programme de réponse a la crise alimentaire et de soutien d'urgence"
46002-P-TG-KA0-002,XM-DAC-46002,African Development Bank,40,Multilateral,1,0,A01_general,0,1,3,Finalisation,"EN: Togo - Governance and Agribusiness Promotion Support Programme (PAGPA), FR: Togo - Programme d'appui à la gouvernance et à la promotion de l'agrobusiness (PAGPA)"
46002-P-TG-KA0-004,XM-DAC-46002,African Development Bank,40,Multilateral,1,0,A01_general,0,1,2,Implementation,"EN: Togo - Agribusiness and Public Finance Support Programme - Phase I (PAAFIP-I), FR: Togo - Programme d’appui à l’agrobusiness et aux finances publiques (PAAFIP) – Phase I"
46002-P-TG-KZ0-002,XM-DAC-46002,African Development Bank,40,Multilateral,1,1,both,0,1,3,Finalisation,"EN: Togo - Multi-Country (Benin-Togo-Guinea) COVID-19 Response Support Programme, FR: Togo - Programme multi-pays (Bénin- Togo- Guinée)  d'appui à la réponse à la COVID-19"
46002-P-TN-HA0-004,XM-DAC-46002,African Development Bank,40,Multilateral,1,0,A01_general,0,1,3,Finalisation,"EN: Tunisia - Competitiveness Support Programme II (PAC II), FR: Tunisie - Programme d’Appui à la Compétitivité II (PAC II)"
46002-P-TN-HAA-030,XM-DAC-46002,African Development Bank,40,Multilateral,0,1,A02_sector,0,1,3,Finalisation,"EN: Tunisia - Competitiveness Support Programme III (PAC III), FR: Tunisie - Programme d’appui à la compétitivité III (PAC III)"
46002-P-TN-HZ0-002,XM-DAC-46002,African Development Bank,40,Multilateral,1,0,A01_general,0,1,3,Finalisation,"EN: Tunisia - Financial Sector Modernization Support Program, FR: Tunisie - Programme d’appui à la modernisation du secteur financier"
46002-P-TN-HZ0-005,XM-DAC-46002,African Development Bank,40,Multilateral,1,0,A01_general,0,1,3,Finalisation,"EN: Tunisia - Financial Sector Modernisation Support Programme II - (PAMSFI II), FR: Tunisie - Programme d’appui à la modernisation du secteur financier II (PAMSFI II)"
46002-P-TN-I00-012,XM-DAC-46002,African Development Bank,40,Multilateral,1,0,A01_general,0,1,3,Finalisation,"EN: Tunisia - Support Programme for Covid-19 Response through Social Inclusion and Employment (PARISE), FR: Tunisie - Programme d’appui à la réponse au Covid-19 par l’inclusion sociale et l’emploi (PARISE)"
46002-P-TN-I00-022,XM-DAC-46002,African Development Bank,40,Multilateral,0,1,A02_sector,0,1,2,Implementation,"EN: TUNISIA - Support Programme for Business Competitiveness and Empowerment of the Population through Job Creation, FR: TUNISIE - Programme d'appui à la compétitivité des entreprises et à l'autonomisation de la population par la création d'emplois"
46002-P-TN-IAZ-002,XM-DAC-46002,African Development Bank,40,Multilateral,1,0,A01_general,0,1,3,Finalisation,"EN: Tunisia - Inclusive Regional Development Support Programme, FR: Tunisie - Programme d’appui au développement régional inclusif"
46002-P-TN-IAZ-003,XM-DAC-46002,African Development Bank,40,Multilateral,1,0,A01_general,0,1,3,Finalisation,"EN: Tunisia - Inclusive Regional Development Support Programme – Phase II (PADRI-II), FR: Tunisie - Programme d'appui au développement régional inclusif – Phase II (PADRI-II)"
46002-P-TN-IZ0-001,XM-DAC-46002,African Development Bank,40,Multilateral,0,1,A02_sector,0,1,3,Finalisation,"EN: Tunisia - Governance and Inclusive Development Support Programme, FR: Tunisie - Programme d’appui à la gouvernance et au développement inclusif"
46002-P-TN-IZ0-006,XM-DAC-46002,African Development Bank,40,Multilateral,1,0,A01_general,0,1,3,Finalisation,"EN: Tunisia - Economic Recovery and Inclusive Development Support Programme, FR: Tunisie - Programme d’appui à la relance économique et au développement inclusif"
46002-P-TN-IZ0-008,XM-DAC-46002,African Development Bank,40,Multilateral,0,1,A02_sector,0,1,3,Finalisation,"EN: Tunisia - Regional Development and Job Creation Support Project, FR: Tunisie - Projet d’appui au développement régional et à la création de l’emploi"
46002-P-TN-K00-018,XM-DAC-46002,African Development Bank,40,Multilateral,0,1,A02_sector,0,1,3,Finalisation,"EN: Tunisia - Economic Recovery and Social Inclusion Support Programme (PAREIS), FR: Tunisie - Programme d'appui à la relance économique et à l'inclusion sociale (PAREIS)"
46002-P-TN-KA0-003,XM-DAC-46002,African Development Bank,40,Multilateral,1,0,A01_general,0,1,3,Finalisation,"EN: Tunisia - The Integration support programme, FR: Tunisie - Programme d’appui à l’intégration"
46002-P-TZ-AA0-025,XM-DAC-46002,African Development Bank,40,Multilateral,0,1,A02_sector,0,1,3,Finalisation,"EN: Tanzania - Tanzania Agricultural Development Bank, FR: Tanzanie - ""Tanzania Agricultural Development Bank"""
46002-P-TZ-AAZ-002,XM-DAC-46002,African Development Bank,40,Multilateral,0,1,A02_sector,0,1,3,Finalisation,"EN: Tanzania - Agriculture Sector Development Programme - Phase 1, FR: Tanzanie - Programme de développement du secteur agricole - Phase 1"
46002-P-TZ-HAA-004,XM-DAC-46002,African Development Bank,40,Multilateral,0,1,A02_sector,0,1,2,Implementation,"EN: Tanzania - Tanzania Agricultural Development Bank, Phase II, FR: Tanzanie - Banque de développement agricole de Tanzanie, phase II"
46002-P-TZ-IAC-002,XM-DAC-46002,African Development Bank,40,Multilateral,0,1,A02_sector,0,1,3,Finalisation,"EN: Tanzania - Program In Support of the Secondary Education Development Plan, FR: Tanzanie - Programme de soutien au plan de développement de l'enseignement secondaire"
46002-P-TZ-K00-007,XM-DAC-46002,African Development Bank,40,Multilateral,1,0,A01_general,0,1,3,Finalisation,"EN: Tanzania – Poverty Reduction Strategy Loan I (PRSL I), FR: Tanzanie – Premier prêt d’appui à la Stratégie de Réduction de la Pauvreté (PRSL I)"
46002-P-TZ-K00-008,XM-DAC-46002,African Development Bank,40,Multilateral,1,0,A01_general,0,1,3,Finalisation,"EN: Tanzania – Poverty Reduction Support Loan II (PRSL II), FR: Tanzanie – Deuxième prêt d’appui à la Réduction de la Pauvreté (PRSL II)"
46002-P-TZ-K00-009,XM-DAC-46002,African Development Bank,40,Multilateral,1,0,A01_general,0,1,3,Finalisation,"EN: Tanzania - The Third Poverty Reduction Support Programme (PRSL III), FR: Tanzanie - Troisième programme d'appui à la réduction de la pauvreté (PRSL III)"
46002-P-TZ-K00-011,XM-DAC-46002,African Development Bank,40,Multilateral,1,0,A01_general,0,1,3,Finalisation,"EN: Tanzania - Governance and Economic Competitiveness Support Program (GECSP), FR: Tanzanie - Programme d’appui à la gouvernance et à la compétitivité économique (GECSP)"
46002-P-TZ-K00-013,XM-DAC-46002,African Development Bank,40,Multilateral,1,1,both,0,1,3,Finalisation,"EN: Tanzania - Governance and Economic Competitiveness Support Programme – Supplementary Financing, FR: Tanzanie - Programme d’appui à la gouvernance et à la compétitivité - Financement supplémentaire"
46002-P-TZ-K00-014,XM-DAC-46002,African Development Bank,40,Multilateral,1,0,A01_general,0,1,3,Finalisation,"EN: Tanzania - Power Sector Reform and Governance Support Programme (PSRGSP), FR: Tanzanie - Programme d’appui à la réforme et à la gouvernance du secteur de l’électricité (PSRGSP)"
46002-P-TZ-K00-016,XM-DAC-46002,African Development Bank,40,Multilateral,1,0,A01_general,0,1,3,Finalisation,"EN: Tanzania - Covid-19 Crisis Response Budget Support Program (TCRBSP), FR: Tanzanie - Programme d’appui budgétaire à la réponse à la crise de Covid-19 (TCRBSP)"
46002-P-TZ-K00-018,XM-DAC-46002,African Development Bank,40,Multilateral,1,0,A01_general,0,1,2,Implementation,"EN: Tanzania - Economic Competitiveness and Social Inclusion Programme (ECSIP) - Phase I, FR: Tanzanie - Programme de compétitivité économique et d’inclusion sociale (ECSIP) - Phase I"
46002-P-TZ-K00-019,XM-DAC-46002,African Development Bank,40,Multilateral,1,0,A01_general,0,1,2,Implementation,"EN: TANZANIA - Economic Competitiveness and Social Inclusion Programme (ECSIP), Phase II, FR: TANZANIE - Programme de compétitivité économique et d'inclusion sociale (ECSIP), phase II"
46002-P-TZ-K00-020,XM-DAC-46002,African Development Bank,40,Multilateral,1,0,A01_general,0,1,2,Implementation,"EN: Tanzania – Economic Competitiveness and Social Inclusion Programme - Supplementary Financing, FR: Tanzanie – Programme de compétitivité économique et d’inclusion sociale – Financement supplémentaire"
46002-P-TZ-KA0-002,XM-DAC-46002,African Development Bank,40,Multilateral,0,1,A02_sector,0,1,3,Finalisation,"EN: Tanzania - Power Sector Reform and Governance Support Programme Phases II and III, FR: Tanzanie - Programme d’appui aux réformes et à la gouvernance dans le secteur l’électricité - Phases II et III"
46002-P-TZ-KA0-005,XM-DAC-46002,African Development Bank,40,Multilateral,1,0,A01_general,0,1,3,Finalisation,"EN: Tanzania - Good Governance and Private Sector Development Programme (GGPSDP), FR: Tanzanie - Programme de développement de la bonne gouvernance et du secteur privé (GPSDP)"
46002-P-TZ-KA0-007,XM-DAC-46002,African Development Bank,40,Multilateral,0,1,A02_sector,0,1,3,Finalisation,"EN: Tanzania - Good Governance and Private Sector Development Programme (GGPSDP) - Phase II, FR: Tanzanie - Programme de développement de la bonne gouvernance et du secteur privé (GGPSDP) - Phase II"
46002-P-UG-E00-012,XM-DAC-46002,African Development Bank,40,Multilateral,0,1,A02_sector,0,1,3,Finalisation,"EN: Uganda - Water Supply and Sanitation Programme - Phase II, FR: Ouganda - Programme d’alimentation en eau et d’assainissement - Phase  II"
46002-P-UG-K00-006,XM-DAC-46002,African Development Bank,40,Multilateral,1,0,A01_general,0,1,3,Finalisation,EN: Poverty Reduction Support Loan
46002-P-UG-K00-009,XM-DAC-46002,African Development Bank,40,Multilateral,1,0,A01_general,0,1,3,Finalisation,"EN: Uganda - Covid-19 Crisis Response Budget Support Program (CRSP), FR: Ouganda - Programme d’appui en Réponse à la Crise du Covid-19 (PARC)"
46002-P-ZA-F00-013,XM-DAC-46002,African Development Bank,40,Multilateral,0,1,A02_sector,0,1,2,Implementation,"EN: South Africa -  Infrastructure Governance and Green Growth Programme (IGGGP), FR: Afrique du Sud - Programme de gouvernance des infrastructures et de croissance verte (IGGGP)"
46002-P-ZA-K00-005,XM-DAC-46002,African Development Bank,40,Multilateral,1,0,A01_general,0,1,3,Finalisation,"EN: South Africa - COVID-19 Response Support Programme (SACRSP), FR: Afrique du Sud - Programme d'appui pour la riposte à la COVID-19 (SACRSP)"
46002-P-ZA-K00-006,XM-DAC-46002,African Development Bank,40,Multilateral,1,0,A01_general,0,1,3,Finalisation,"EN: South Africa - Energy Governance and Climate Resilience Programme, FR: Afrique du Sud - Programme de gouvernance énergétique et de résilience climatique"
46002-P-ZM-IZ0-002,XM-DAC-46002,African Development Bank,40,Multilateral,0,1,A02_sector,0,1,3,Finalisation,"EN: Zambia - Fourth Poverty Reduction Budget Support (PRBS IV) , FR: Zambie - Quatrième appui budgétaire à la réduction de la pauvreté (ABRP IV)"
46002-P-ZM-K00-002,XM-DAC-46002,African Development Bank,40,Multilateral,1,0,A01_general,0,1,3,Finalisation,"EN: Zambia - Poverty Reduction Budget Support (PRBS I), FR: Zambie - Appui budgétaire à la réduction de la pauvreté (ABRP I)"
46002-P-ZM-K00-003,XM-DAC-46002,African Development Bank,40,Multilateral,1,0,A01_general,0,1,3,Finalisation,"EN: Zambia - The Second Poverty Reduction Budget Support Program (PRBS II), FR: Zambie - Deuxième programme d'appui budgétaire à la réduction de la pauvreté"
46002-P-ZM-K00-006,XM-DAC-46002,African Development Bank,40,Multilateral,1,0,A01_general,0,1,3,Finalisation,"EN: Zambia – Fiscal Sustainability and Economic Resilience Support Program (FSER-SP), FR: Zambie - Programme d'appui à la viabilité budgétaire et à la résilience économique (FSER-SP)"
46002-P-ZM-KA0-001,XM-DAC-46002,African Development Bank,40,Multilateral,1,0,A01_general,0,1,3,Finalisation,"EN: Zambia - Support for Fiscal Transparency and Accountability (S-FTA), FR: Zambie - Programme d’appui à la transparence et à la responsabilité budgétaires"
46002-P-ZM-KA0-004,XM-DAC-46002,African Development Bank,40,Multilateral,1,0,A01_general,0,1,3,Finalisation,"EN: Zambia - Third Poverty Reduction Budget Support Programme (PRBS-III), FR: Zambie - Quatrième appui budgétaire à la réduction de la pauvreté (ABRP IV)"
46002-P-ZW-AA0-021,XM-DAC-46002,African Development Bank,40,Multilateral,0,1,A02_sector,0,1,2,Implementation,"EN: Zimbabwe - Emergency Food Production Project, FR: Zimbabwe - Production alimentaire d’urgence au Zimbabwe"
46002-P-ZW-AA0-024,XM-DAC-46002,African Development Bank,40,Multilateral,0,1,A02_sector,0,1,2,Implementation,"EN: Zimbabwe - The Agricultural Climate Resilient and Vulnerability Reduction Project (ACRES), FR: Zimbabwe - Projet de résilience climatique agricole et de réduction de la vulnérabilité (ACRES)"
46002-P-ZW-I00-004,XM-DAC-46002,African Development Bank,40,Multilateral,0,1,A02_sector,0,1,2,Implementation,"EN: Zimbabwe - Skills for Youth and Women Employability and Productivity Project, FR: Zimbabwe - Projet sur les compétences requises pour l'employabilité et la productivité des jeunes et des femmes"
46002-P-ZW-KZ0-001,XM-DAC-46002,African Development Bank,40,Multilateral,1,0,A01_general,0,1,3,Finalisation,EN: Esap- Social Dimensions of Adjustment
AU-5-INI950-NR,AU-5,Australian Aid,10,Bilateral,0,1,A02_sector,1,0,4,Closed,Nauru Improved Education
AU-5-INJ128-VN,AU-5,Australian Aid,10,Bilateral,0,1,A02_sector,1,0,4,Closed,Joint Donors' Support for RWSS NTP Phase 3
AU-5-INJ402-WS,AU-5,Australian Aid,10,Bilateral,0,1,A02_sector,1,0,4,Closed,Samoa Civil Society Support Program Phase II
AU-5-INJ438-VU,AU-5,Australian Aid,10,Bilateral,0,1,A02_sector,1,0,4,Closed,Vanuatu Health Sector Support 2010 - 2019
AU-5-INJ648-ID,AU-5,Australian Aid,10,Bilateral,0,1,A02_sector,1,0,4,Closed,Australia's Education Partnership
AU-5-INJ899-TV,AU-5,Australian Aid,10,Bilateral,1,0,A01_general,1,0,4,Closed,Partnership 1: Good Governance and Economic Growth
AU-5-INK561-SB,AU-5,Australian Aid,10,Bilateral,0,1,A02_sector,1,0,4,Closed,Solomon Islands Health Sector Support - Phase 2
AU-5-INL121-SB,AU-5,Australian Aid,10,Bilateral,0,1,A02_sector,1,0,4,Closed,Health Sector Support Program  - Phase 3
AU-5-INL126-SB,AU-5,Australian Aid,10,Bilateral,0,1,A02_sector,1,0,4,Closed,Solomon Islands Transport Sector-Based Approach II
AU-5-INL129-SB,AU-5,Australian Aid,10,Bilateral,0,1,A02_sector,1,0,4,Closed,Education Sector Program 2
AU-5-INL354-VN,AU-5,Australian Aid,10,Bilateral,0,1,A02_sector,1,0,4,Closed,Restructuring Competitive Vietnam Project
AU-5-INL683-TO,AU-5,Australian Aid,10,Bilateral,0,1,A02_sector,1,0,4,Closed,Tonga Health Systems Support Program II
BJ-IFU-3200700033415-RSG0123375-29295,BJ-IFU-32000700033415,Société Nationale des Eaux du Benin,15,Multilateral,0,1,A02_sector,1,0,2,Implementation,SONEB Bénin - Projet OmiDelta - AEPHA
BJ-IFU-4201710012551-RGS0123375-29295,BJ-IFU-4201710012551,Commune de Dangbo Benin,15,Multilateral,0,1,A02_sector,1,0,2,Implementation,Commune de Dangbo - Projet Omidelta - Benin
BJ-IFU-4201710182326-RSG0123375-29295,bj-IFU-4201710182326,Agence Nationale d'Approvisionnement en Eau Potable en Milieu Rural,10,Bilateral,0,1,A02_sector,1,0,2,Implementation,ANAEP MR Bénin - Projet OmiDelta - AEPHA
BJ-IFU-4201710182326-RSG0123375-29295A,bj-IFU-4201710182326,Agence Nationale d'Approvisionnement en Eau Potable en Milieu Rural,10,Bilateral,0,1,A02_sector,1,0,2,Implementation,Coordination OmiDelta - AEPHA
BJ-IFU-4201710182326-RSG0123375-29296,bj-IFU-4201710182326,Agence Nationale d'Approvisionnement en Eau Potable en Milieu Rural,10,Bilateral,0,1,A02_sector,1,0,2,Implementation,ANAEP MR Bénin - Projet OmiDelta - GIRE
BJ-IFU-5200081145006-RSG0123375-29295,BJ-IFU-5200081145006,Commune de Toffo Benin,10,Bilateral,0,1,A02_sector,1,0,2,Implementation,Commune de Toffo - Projet Omidelta - Benin
BJ-IFU-5200801335602-RSG0123375-29295,BJ-IFU-5200801335602,Commune de Adjohoun Benin,10,Bilateral,0,1,A02_sector,1,0,2,Implementation,Commune de Adjohoun - Projet Omidelta - Benin
BJ-IFU-6200801257400-RSG0123375-29295,BJ-IFU-6200801257400,Commune de Ze Benin,10,Bilateral,0,1,A02_sector,1,0,2,Implementation,Commune de Ze - Projet Omidelta - Benin
BJ-IFU-6200901851300-RSG0123375-29295,BJ-IFU-6200901851300,Commune de Kétou Benin,10,Bilateral,0,1,A02_sector,1,0,2,Implementation,Commune de Kétou - Projet Omidelta - Benin
BJ-IFU-6200901944008-RSG0123375-29295,BJ-IFU-6200901944008,Commune de Adja-ouèrè Benin,15,Multilateral,0,1,A02_sector,1,0,2,Implementation,Commune de Adja-Ouere - Projet Omidelta - Benin
BJ-IFU-6200901944209-RSG0123375-29295,BJ-IFU-6200901944209,Commune de Bopa Benin,10,Bilateral,0,1,A02_sector,1,0,2,Implementation,Commune de Bopa - Projet Omidelta - Benin
BJ-IFU-6200901944805-RSG0123375-29295,BJ-IFU-6200901944805,Commune de Lalo Benin,10,Bilateral,0,1,A02_sector,1,0,2,Implementation,Commune de Lalo - Projet Omidelta - Benin
BJ-IFU-6200901945503-RSG0123375-29295,BJ-IFU-6200901945503,Commune de Toviklin Benin,10,Bilateral,0,1,A02_sector,1,0,2,Implementation,Commune de Toviklin - Projet Omidelta - Benin
BJ-IFU-6201000068802-RSG0123375-29295,BJ-IFU-6201000068802,Commune de Parakou Benin,10,Bilateral,0,1,A02_sector,1,0,2,Implementation,Commune de Parakou - Projet Omidelta - Benin
BJ-IFU-6201000370801-RSG0123375-29295,BJ-IFU-6201000370801,Commune de Comè Benin,10,Bilateral,0,1,A02_sector,1,0,2,Implementation,Commune de Comè - Projet Omidelta - Benin
BJ-IFU-6201001076902-RSG0123375-29295,BJ-IFU-6201001076902,Commune de Aplahoué Benin,10,Bilateral,0,1,A02_sector,1,0,2,Implementation,Commune de Aplahoué - Projet Omidelta - Benin
BJ-IFU-6201001843703-RGS0123375-29295,BJ-IFU-6201001843703,Commune de Akpro-missrété Bénin,10,Bilateral,0,1,A02_sector,1,0,2,Implementation,Commune de Akpro-Missrété - Projet Omidelta - Benin
BJ-IFU-6201100034408-RSG0123375-29295,BJ-IFU-6201100034408,Commune de Klouékanmè Benin,10,Bilateral,0,1,A02_sector,1,0,2,Implementation,Commune de Klouékanmè - Projet Omidelta - Benin
BJ-IFU-6201100143407-RSG0123375-29295,BJ-IFU-6201100143407,Commune de Ifangni Benin,10,Bilateral,1,0,A01_general,1,0,2,Implementation,Commune de Ifangni - Projet Omidelta - Benin
BJ-IFU-6201101182902-RSG0123375-29295,BJ-IFU-6201101182902,Commune de Kpomasse Benin,10,Bilateral,0,1,A02_sector,1,0,2,Implementation,Commune de Kpomassè - Projet Omidelta - Benin
BJ-IFU-6201200579608-RSG0123375-29295,BJ-IFU-6201200579608,Commune de Pobè Benin,10,Bilateral,0,1,A02_sector,1,0,2,Implementation,Commune de Pobè - Projet Omidelta - Benin
BJ-IFU-6201300688700-RSG0123375-29295,BJ-IFU-6201300688700,Commune de Avrankou Benin,10,Bilateral,0,1,A02_sector,1,0,2,Implementation,Commune de Avrankou - Projet Omidelta - Benin
BJ-IFU-6201501755307-RSG0123375-29295,BJ-IFU-6201501755307,Commune de Allada Benin,10,Bilateral,0,1,A02_sector,1,0,2,Implementation,Commune d'Allada - Projet Omidelta - Benin
BJ-IFU-6201810251129-RGS0123375-29295,,Commune de Adjarra Benin,10,Bilateral,0,1,A02_sector,1,0,2,Implementation,Commune de Adjarra - Projet Omidelta - Benin
CA-3-A032220001,CA-3,"EN: Foreign Affairs, Trade and Development Canada (DFATD), FR: Affaires étrangères, Commerce et Développement Canada (MAECD)",10,Bilateral,0,1,A02_sector,1,0,4,Closed,"EN: Mali Institutional Development Program Support, FR: Appui au Programme de développement institutionnel du Mali"
CA-3-A032230001,CA-3,"EN: Foreign Affairs, Trade and Development Canada (DFATD), FR: Affaires étrangères, Commerce et Développement Canada (MAECD)",10,Bilateral,0,1,A02_sector,1,0,4,Closed,"EN: Agricultural Development in Ha Tinh Province, FR: Développement agricole dans la province de Ha Tinh"
CA-3-A033033001,CA-3,"EN: Foreign Affairs, Trade and Development Canada (DFATD), FR: Affaires étrangères, Commerce et Développement Canada (MAECD)",10,Bilateral,0,1,A02_sector,1,0,4,Closed,"EN: Canada's Assistance to Education in Mozambique IV (FASE), FR: Appui du Canada à l'éducation au Mozambique IV (FASE)"
CA-3-A033033002,CA-3,"EN: Foreign Affairs, Trade and Development Canada (DFATD), FR: Affaires étrangères, Commerce et Développement Canada (MAECD)",10,Bilateral,0,1,A02_sector,1,0,4,Closed,"EN: PROSAUDE II, FR: PROSAUDE II"
CA-3-A033033004,CA-3,"EN: Foreign Affairs, Trade and Development Canada (DFATD), FR: Affaires étrangères, Commerce et Développement Canada (MAECD)",10,Bilateral,1,0,A01_general,1,0,4,Closed,"EN: General Budget Support to the Government of Mozambique (GBS), FR: Appui budgétaire général au gouvernement du Mozambique (ABG)"
CA-3-A033033007,CA-3,"EN: Foreign Affairs, Trade and Development Canada (DFATD), FR: Affaires étrangères, Commerce et Développement Canada (MAECD)",10,Bilateral,0,1,A02_sector,1,0,4,Closed,"EN: Support to Prosaude to Achieve Millennium Development Goals 4 and 5, FR: Soutien à Prosaude afin d'atteindre les 4e et 5e Objectifs du Millénaire pour le développement"
CA-3-A033419002,CA-3,"EN: Foreign Affairs, Trade and Development Canada (DFATD), FR: Affaires étrangères, Commerce et Développement Canada (MAECD)",10,Bilateral,0,1,A02_sector,1,0,4,Closed,"EN: Food and Agriculture Sector Development, FR: Développement du secteur de l'alimentation et de l'agriculture"
CA-3-A033640001,CA-3,"EN: Foreign Affairs, Trade and Development Canada (DFATD), FR: Affaires étrangères, Commerce et Développement Canada (MAECD)",10,Bilateral,0,1,A02_sector,1,0,4,Closed,"EN: Prevention and Control of Chagas and Leishmaniasis Diseases in Honduras, FR: Prévention et contrôle de la maladie de Chagas et des leishmanioses au Honduras"
CA-3-A033985001,CA-3,"EN: Foreign Affairs, Trade and Development Canada (DFATD), FR: Affaires étrangères, Commerce et Développement Canada (MAECD)",10,Bilateral,0,1,A02_sector,1,0,4,Closed,"EN: Support for the Government of Tanzania Education Sector Development Program, FR: Appui au programme de développement du secteur de l'éducation du gouvernement de la Tanzanie"
CA-3-A033999002,CA-3,"EN: Foreign Affairs, Trade and Development Canada (DFATD), FR: Affaires étrangères, Commerce et Développement Canada (MAECD)",10,Bilateral,0,1,A02_sector,1,0,4,Closed,"EN: Support to the Ethics Secretariat - Government of Tanzania, FR: Appui au Secrétariat à l'éthique - Gouvernement de la Tanzanie"
CA-3-A034052001,CA-3,"EN: Foreign Affairs, Trade and Development Canada (DFATD), FR: Affaires étrangères, Commerce et Développement Canada (MAECD)",10,Bilateral,1,0,A01_general,1,0,4,Closed,"EN: Budgetary Support to Reinforce Governance in Senegal, FR: Appui budgétaire pour la transparence et la gouvernance au Sénégal"
CA-3-A034252001,CA-3,"EN: Foreign Affairs, Trade and Development Canada (DFATD), FR: Affaires étrangères, Commerce et Développement Canada (MAECD)",10,Bilateral,0,1,A02_sector,1,0,4,Closed,"EN: Primary Education Development Program - Phase III, FR: Programme de développement de l'enseignement primaire - Phase III"
CA-3-A034379001,CA-3,"EN: Foreign Affairs, Trade and Development Canada (DFATD), FR: Affaires étrangères, Commerce et Développement Canada (MAECD)",10,Bilateral,0,1,A02_sector,1,0,4,Closed,"EN: Curriculum Training for Basic Education Teachers Using a Competency-based Approach, FR: Formation des enseignants de l'éducation de base selon l'approche par les compétences de base"
CA-3-A034768005,CA-3,"EN: Foreign Affairs, Trade and Development Canada (DFATD), FR: Affaires étrangères, Commerce et Développement Canada (MAECD)",10,Bilateral,0,1,A02_sector,1,0,4,Closed,"EN: Support to Mali's Institutional Development Program, FR: Appui au Programme de développement institutionnel du Mali"
CA-3-A034769001,CA-3,"EN: Foreign Affairs, Trade and Development Canada (DFATD), FR: Affaires étrangères, Commerce et Développement Canada (MAECD)",10,Bilateral,0,1,A02_sector,1,0,4,Closed,"EN: Support to the Justice Development Program -  I, FR: Appui au Programme de développement de la justice - I"
CA-3-A034782006,CA-3,"EN: Foreign Affairs, Trade and Development Canada (DFATD), FR: Affaires étrangères, Commerce et Développement Canada (MAECD)",10,Bilateral,0,1,A02_sector,1,0,4,Closed,"EN: Support to Tanzania's National Multi-Sectoral Strategic Framework on HIV and AIDS, FR: Appui au Cadre national stratégique multisectoriel de la Tanzanie pour le VIH/SIDA"
CA-3-A034908002,CA-3,"EN: Foreign Affairs, Trade and Development Canada (DFATD), FR: Affaires étrangères, Commerce et Développement Canada (MAECD)",10,Bilateral,0,1,A02_sector,1,0,4,Closed,"EN: Continuing Support for Maternal, Newborn and Child Health - Phase II, Component 2, FR: Appui continu à la santé des mères, des nouveau-nés et des enfants - Phase II, volet 2"
CA-3-A035209001,CA-3,"EN: Foreign Affairs, Trade and Development Canada (DFATD), FR: Affaires étrangères, Commerce et Développement Canada (MAECD)",10,Bilateral,0,1,A02_sector,1,0,4,Closed,"EN: Support to Maternal and Neonatal Evacuation in the District of Kayes, FR: Appui à l’évacuation maternelle et néonatale dans le district de Kayes"
CA-3-A035261001,CA-3,"EN: Foreign Affairs, Trade and Development Canada (DFATD), FR: Affaires étrangères, Commerce et Développement Canada (MAECD)",10,Bilateral,0,1,A02_sector,1,0,4,Closed,"EN: Improving Integrated Local Health Service Delivery in Zambezia Province, FR: Amélioration de la prestation intégrée de services locaux en santé dans la province de Zambezia"
CA-3-A035342001,CA-3,"EN: Foreign Affairs, Trade and Development Canada (DFATD), FR: Affaires étrangères, Commerce et Développement Canada (MAECD)",10,Bilateral,0,1,A02_sector,1,0,4,Closed,"EN: Tanzania Minerals Audit Agency, FR: Agence tanzanienne de vérification chargée du secteur minier"
CA-3-A035369002,CA-3,"EN: Foreign Affairs, Trade and Development Canada (DFATD), FR: Affaires étrangères, Commerce et Développement Canada (MAECD)",10,Bilateral,0,1,A02_sector,1,0,4,Closed,"EN: Public School Investment Program-II: Provision and distribution of Textbooks, FR: Programme d'investissement dans les écoles publiques-II : Achat et distribution de manuels scolaires"
CA-3-A035369003,CA-3,"EN: Foreign Affairs, Trade and Development Canada (DFATD), FR: Affaires étrangères, Commerce et Développement Canada (MAECD)",10,Bilateral,0,1,A02_sector,1,0,4,Closed,"EN: Public School Investment Program II, FR: Programme d'investissement dans les écoles publiques II"
CA-3-A035435001,CA-3,"EN: Foreign Affairs, Trade and Development Canada (DFATD), FR: Affaires étrangères, Commerce et Développement Canada (MAECD)",10,Bilateral,0,1,A02_sector,1,0,4,Closed,"EN: Support to Mali's Education Sector, FR: Appui au secteur de l'éducation du Mali"
CA-3-D000259001,CA-3,"EN: Foreign Affairs, Trade and Development Canada (DFATD), FR: Affaires étrangères, Commerce et Développement Canada (MAECD)",10,Bilateral,0,1,A02_sector,1,0,4,Closed,"EN: Upgrading Teachers' Colleges, FR: Amélioration des centres de formation des enseignants"
CA-3-D000301001,CA-3,"EN: Foreign Affairs, Trade and Development Canada (DFATD), FR: Affaires étrangères, Commerce et Développement Canada (MAECD)",10,Bilateral,1,0,A01_general,1,0,4,Closed,"EN: Enhancing Growth and Reducing Poverty in Tanzania, FR: Renforcer la croissance et réduire la pauvreté en Tanzanie"
CA-3-D000327001,CA-3,"EN: Foreign Affairs, Trade and Development Canada (DFATD), FR: Affaires étrangères, Commerce et Développement Canada (MAECD)",10,Bilateral,0,1,A02_sector,1,0,4,Closed,"EN: Support to Jordan's Education Sector, FR: Appui au secteur de l'éducation en Jordanie"
CA-3-D000954001,CA-3,"EN: Foreign Affairs, Trade and Development Canada (DFATD), FR: Affaires étrangères, Commerce et Développement Canada (MAECD)",10,Bilateral,0,1,A02_sector,1,0,4,Closed,"EN: Support to Basic Education in Burkina Faso, FR: Appui à l'éducation de base au Burkina Faso"
CA-3-D001661001,CA-3,"EN: Foreign Affairs, Trade and Development Canada (DFATD), FR: Affaires étrangères, Commerce et Développement Canada (MAECD)",10,Bilateral,1,0,A01_general,1,0,4,Closed,"EN: Budgetary Support to the Plan for an Emerging Senegal, FR: Appui budgétaire au Plan Sénégal Émergent"
CA-3-P006740001,CA-3,"EN: Foreign Affairs, Trade and Development Canada (DFATD), FR: Affaires étrangères, Commerce et Développement Canada (MAECD)",10,Bilateral,0,1,A02_sector,1,0,4,Closed,"EN: Support to Jordan Health Fund for Refugees, FR: Appui aux fonds pour la santé des réfugiés en Jordanie"
CA-3-P006740002,CA-3,"EN: Foreign Affairs, Trade and Development Canada (DFATD), FR: Affaires étrangères, Commerce et Développement Canada (MAECD)",10,Bilateral,0,1,A02_sector,1,0,4,Closed,"EN: Support to the Jordan Health Fund for Refugees - COVID-19, FR: Appui aux fonds pour la santé des réfugiés en Jordanie - COVID-19"
CH-4-2023-2004006120,CH-4,Swiss Agency for Development and Cooperation (SDC),10,Bilateral,0,1,A02_sector,1,0,2,Implementation,Health System Strengthening Support Program
CH-4-2023-2018011172,CH-4,Swiss Agency for Development and Cooperation (SDC),10,Bilateral,0,1,A02_sector,1,0,2,Implementation,PCPC Participation citoyenne et prévention des conflicts
CH-4-2023-2020010894,CH-4,Swiss Agency for Development and Cooperation (SDC),10,Bilateral,0,1,A02_sector,1,0,4,Closed,Tanzania Social Action Fund
CH-4-2023-2020010895,CH-4,Swiss Agency for Development and Cooperation (SDC),10,Bilateral,0,1,A02_sector,1,0,2,Implementation,Tanzania Social Action Fund (TASAF)
CH-4-2023-2023000533,CH-4,Swiss Agency for Development and Cooperation (SDC),10,Bilateral,0,1,A02_sector,1,0,2,Implementation,Appui initiatives dans élevage (PAIE)
CH-4-2023-2023001248,CH-4,Swiss Agency for Development and Cooperation (SDC),10,Bilateral,0,1,A02_sector,1,0,2,Implementation,Support to Ministry of Justice (CFJJ) - small action credit
CH-4-2024-2018011172,CH-4,Swiss Agency for Development and Cooperation (SDC),10,Bilateral,0,1,A02_sector,1,0,2,Implementation,PCPC Participation citoyenne et prévention des conflicts
CH-4-2024-2020010895,CH-4,Swiss Agency for Development and Cooperation (SDC),10,Bilateral,0,1,A02_sector,1,0,2,Implementation,Tanzania Social Action Fund (TASAF)
CH-4-2024-2023000533,CH-4,Swiss Agency for Development and Cooperation (SDC),10,Bilateral,0,1,A02_sector,1,0,2,Implementation,PAIE - Programme d'appui aux initiatives dans le secteur de l'élevage et à la cohésion sociale
CH-4-2024-2024000918,CH-4,Swiss Agency for Development and Cooperation (SDC),10,Bilateral,0,1,A02_sector,1,0,2,Implementation,Support to Ministry of Justice (CFJJ) - small action credit
CH-4-2025-2020010895,CH-4,Swiss Agency for Development and Cooperation (SDC),10,Bilateral,0,1,A02_sector,1,0,2,Implementation,Tanzania Social Action Fund (TASAF)
CH-4-2025-2020011220,CH-4,Swiss Agency for Development and Cooperation (SDC),10,Bilateral,0,1,A02_sector,1,0,2,Implementation,ILF CLAC opening credit Asia
CH-4-2025-2023000533,CH-4,Swiss Agency for Development and Cooperation (SDC),10,Bilateral,0,1,A02_sector,1,0,2,Implementation,PAIE - Programme d'appui aux initiatives dans le secteur de l'élevage et à la cohésion sociale
DE-1-200570218,DE-1,"DE: Bundesministerium für wirtschaftliche Zusammenarbeit und Entwicklung (BMZ), EN: Federal Ministry for Economic Cooperation and Development (BMZ)",10,Bilateral,1,0,A01_general,1,0,4,Closed,"DE: MDBS Phase VII - IX (BM), EN: Multi Donor Budget Support (TA)"
DE-1-200770347,DE-1,"DE: Bundesministerium für wirtschaftliche Zusammenarbeit und Entwicklung (BMZ), EN: Federal Ministry for Economic Cooperation and Development (BMZ)",10,Bilateral,1,0,A01_general,1,0,4,Closed,"DE: Allgemeine Budgethilfe I (BM), EN: General Budget Support Malawi I (Acc.Measures)"
DE-1-200970012,DE-1,"DE: Bundesministerium für wirtschaftliche Zusammenarbeit und Entwicklung (BMZ), EN: Federal Ministry for Economic Cooperation and Development (BMZ)",10,Bilateral,1,0,A01_general,1,0,4,Closed,DE: Beteiligung am gemeinschaftlichen Programm für makroökonomische Unterstützung (Strukturhilfe IX) (BM)
DE-1-200970418,DE-1,"DE: Bundesministerium für wirtschaftliche Zusammenarbeit und Entwicklung (BMZ), EN: Federal Ministry for Economic Cooperation and Development (BMZ)",10,Bilateral,1,0,A01_general,1,0,4,Closed,"DE: Allgemeine Budgethilfe (BM), EN: General Budget Support Malawi II (Acc.Measures)"
DE-1-201070259,DE-1,"DE: Bundesministerium für wirtschaftliche Zusammenarbeit und Entwicklung (BMZ), EN: Federal Ministry for Economic Cooperation and Development (BMZ)",10,Bilateral,0,1,A02_sector,1,0,4,Closed,"DE: Unterstützung der Steuersystemreform - Begleitmaßnahme Allgemeine Budgethilfe, EN: Support for Tax System Reform"
DE-1-201165281,DE-1,"DE: Bundesministerium für wirtschaftliche Zusammenarbeit und Entwicklung (BMZ), EN: Federal Ministry for Economic Cooperation and Development (BMZ)",10,Bilateral,1,0,A01_general,1,0,4,Closed,DE: Gemeinschaftsfin. z. Unterstützung der burk. Armutsbekämpfungsstrategie III
DE-1-201165828,DE-1,"DE: Bundesministerium für wirtschaftliche Zusammenarbeit und Entwicklung (BMZ), EN: Federal Ministry for Economic Cooperation and Development (BMZ)",10,Bilateral,1,0,A01_general,1,0,4,Closed,"DE: Gemeinschaftliches Programm für makroökonomische Unterstützung III (PRBS, allgemeine Budgethilfe), EN: Poverty Reduction Budget Support, PRBS III"
DE-1-201166974,DE-1,"DE: Bundesministerium für wirtschaftliche Zusammenarbeit und Entwicklung (BMZ), EN: Federal Ministry for Economic Cooperation and Development (BMZ)",10,Bilateral,0,1,A02_sector,1,0,4,Closed,DE: Trinkwasser- und Sanitätsversorgung - Sektorbudgethilfe
DE-1-201170307,DE-1,"DE: Bundesministerium für wirtschaftliche Zusammenarbeit und Entwicklung (BMZ), EN: Federal Ministry for Economic Cooperation and Development (BMZ)",10,Bilateral,1,0,A01_general,1,0,4,Closed,DE: Gemeinschaftsfin. z. Unterstützung der burk. Armutsbekämpfungsstrategie III - BM
DE-1-201170315,DE-1,"DE: Bundesministerium für wirtschaftliche Zusammenarbeit und Entwicklung (BMZ), EN: Federal Ministry for Economic Cooperation and Development (BMZ)",10,Bilateral,1,0,A01_general,1,0,4,Closed,"DE: Begleitmaßnahme Makroökonomische Programmunterstützung des EDPRS IV - Allgemeine Budgethilfe (BM), EN: Soutien du Programme macroéconomique IV (MA)"
DE-1-201170323,DE-1,"DE: Bundesministerium für wirtschaftliche Zusammenarbeit und Entwicklung (BMZ), EN: Federal Ministry for Economic Cooperation and Development (BMZ)",10,Bilateral,0,1,A02_sector,1,0,4,Closed,DE: Trinkwasser- und Sanitätsversorgung - Sektorbudgethilfe BM
DE-1-201265115,DE-1,"DE: Bundesministerium für wirtschaftliche Zusammenarbeit und Entwicklung (BMZ), EN: Federal Ministry for Economic Cooperation and Development (BMZ)",10,Bilateral,1,0,A01_general,1,0,4,Closed,"DE: Allgemeine Budgethilfe in Tansania (PRBS), EN: General budget support (PRBS) II"
DE-1-201265248,DE-1,"DE: Bundesministerium für wirtschaftliche Zusammenarbeit und Entwicklung (BMZ), EN: Federal Ministry for Economic Cooperation and Development (BMZ)",10,Bilateral,1,0,A01_general,1,0,4,Closed,DE: Beteiligung am gemeinschaftlichen Programm für makroökonomische Unterstützung VII
DE-1-201265420,DE-1,"DE: Bundesministerium für wirtschaftliche Zusammenarbeit und Entwicklung (BMZ), EN: Federal Ministry for Economic Cooperation and Development (BMZ)",10,Bilateral,0,1,A02_sector,1,0,4,Closed,"DE: MDBS Phase X - XII, EN: Multi Donor Budget Support MDBS"
DE-1-201265743,DE-1,"DE: Bundesministerium für wirtschaftliche Zusammenarbeit und Entwicklung (BMZ), EN: Federal Ministry for Economic Cooperation and Development (BMZ)",10,Bilateral,0,1,A02_sector,1,0,4,Closed,"DE: Sektorreformprogramm Siedlungswasserwirtschaft (PGF), Phase VI"
DE-1-201265750,DE-1,"DE: Bundesministerium für wirtschaftliche Zusammenarbeit und Entwicklung (BMZ), EN: Federal Ministry for Economic Cooperation and Development (BMZ)",10,Bilateral,0,1,A02_sector,1,0,4,Closed,DE: Integrierte Verbundfinanzierung PBL Reformprogramm des kommunalen Management I und II
DE-1-201266287,DE-1,"DE: Bundesministerium für wirtschaftliche Zusammenarbeit und Entwicklung (BMZ), EN: Federal Ministry for Economic Cooperation and Development (BMZ)",10,Bilateral,0,1,A02_sector,1,0,4,Closed,DE: Integrierte Verbundfinanzierung Sektorreformprogramm Siedlungswasserwirtschaft (PGF) V
DE-1-201270040,DE-1,"DE: Bundesministerium für wirtschaftliche Zusammenarbeit und Entwicklung (BMZ), EN: Federal Ministry for Economic Cooperation and Development (BMZ)",10,Bilateral,1,0,A01_general,1,0,4,Closed,"DE: Allgemeine Budgethilfe in Tansania (PRBS), EN: General Budget Support (PRBS) (PFMRP) II (BM)"
DE-1-201270370,DE-1,"DE: Bundesministerium für wirtschaftliche Zusammenarbeit und Entwicklung (BMZ), EN: Federal Ministry for Economic Cooperation and Development (BMZ)",10,Bilateral,1,0,A01_general,1,0,4,Closed,DE: Beteiligung am gemeinschaftlichen Programm für Makro-Ökonomische Unterstützung VII (BM)
DE-1-201366632,DE-1,"DE: Bundesministerium für wirtschaftliche Zusammenarbeit und Entwicklung (BMZ), EN: Federal Ministry for Economic Cooperation and Development (BMZ)",10,Bilateral,1,0,A01_general,1,0,4,Closed,DE: Beteiligung am gemeinschaftlichen Programm für makroökonomische Unterstützung VIII
DE-1-201468453,DE-1,"DE: Bundesministerium für wirtschaftliche Zusammenarbeit und Entwicklung (BMZ), EN: Federal Ministry for Economic Cooperation and Development (BMZ)",10,Bilateral,0,1,A02_sector,1,0,4,Closed,DE: Sektorreformprogramm Umwelt Phase I
DE-1-201468461,DE-1,"DE: Bundesministerium für wirtschaftliche Zusammenarbeit und Entwicklung (BMZ), EN: Federal Ministry for Economic Cooperation and Development (BMZ)",10,Bilateral,0,1,A02_sector,1,0,4,Closed,"DE: Sektorreformprogramm Umwelt, Phase II"
DE-1-201468479,DE-1,"DE: Bundesministerium für wirtschaftliche Zusammenarbeit und Entwicklung (BMZ), EN: Federal Ministry for Economic Cooperation and Development (BMZ)",10,Bilateral,0,1,A02_sector,1,0,4,Closed,"DE: Reformprogramm Unterstützung des Friedenprozesses, Phase II, EN: Préstamo Programático Construcción de Paz, fase II"
DE-1-201468487,DE-1,"DE: Bundesministerium für wirtschaftliche Zusammenarbeit und Entwicklung (BMZ), EN: Federal Ministry for Economic Cooperation and Development (BMZ)",10,Bilateral,0,1,A02_sector,1,0,4,Closed,"EN: Préstamo Programático Construcción de Paz, fase III, DE: Reformprogramm Unterstützung des Friedenprozesses, Phase III"
DE-1-201667484,DE-1,"DE: Bundesministerium für wirtschaftliche Zusammenarbeit und Entwicklung (BMZ), EN: Federal Ministry for Economic Cooperation and Development (BMZ)",10,Bilateral,0,1,A02_sector,1,0,4,Closed,DE: Reformprogramm Unterstützung des Friedensprozesses Phase IV
DE-1-201667492,DE-1,"DE: Bundesministerium für wirtschaftliche Zusammenarbeit und Entwicklung (BMZ), EN: Federal Ministry for Economic Cooperation and Development (BMZ)",10,Bilateral,0,1,A02_sector,1,0,4,Closed,DE: Reformprogramm Unterstützung des Friedensprozesses Phase V
DE-1-201767508,DE-1,"DE: Bundesministerium für wirtschaftliche Zusammenarbeit und Entwicklung (BMZ), EN: Federal Ministry for Economic Cooperation and Development (BMZ)",10,Bilateral,0,1,A02_sector,1,0,4,Closed,DE: Unterstützung des nationalen Trinkwasser- und Sanitärversorgungsprogramm - Sektorbudgethilfe
DE-1-201767805,DE-1,"DE: Bundesministerium für wirtschaftliche Zusammenarbeit und Entwicklung (BMZ), EN: Federal Ministry for Economic Cooperation and Development (BMZ)",10,Bilateral,0,1,A02_sector,1,0,4,Closed,"DE: Unterstützung der Reformen im jordanischen Wassersektor (DPL), EN: Support of Water Sector Reforms (Development Policy Loan)"
DE-1-201770114,DE-1,"DE: Bundesministerium für wirtschaftliche Zusammenarbeit und Entwicklung (BMZ), EN: Federal Ministry for Economic Cooperation and Development (BMZ)",10,Bilateral,0,1,A02_sector,1,0,2,Implementation,"DE: Unterstützung der Reformen im jordanischen Wassersektor (DPL) - Begleitmaßnahme, EN: Support of Water Sector Reforms - Accompanying Measure"
DE-1-201868785,DE-1,"DE: Bundesministerium für wirtschaftliche Zusammenarbeit und Entwicklung (BMZ), EN: Federal Ministry for Economic Cooperation and Development (BMZ)",10,Bilateral,0,1,A02_sector,1,0,4,Closed,"DE: Unterstützung des nationalen Trinkwasser-und Sanitärversorgungsprogramm, Phase II - Sektorbudgethilfe"
DE-1-201965052,DE-1,"DE: Bundesministerium für wirtschaftliche Zusammenarbeit und Entwicklung (BMZ), EN: Federal Ministry for Economic Cooperation and Development (BMZ)",10,Bilateral,0,1,A02_sector,1,0,4,Closed,"DE: Reformfinanzierung Erneuerbare Energien und Energieeffizienz, EN: Financement des Réformes Énergies Renouvelables et Efficacité Energétique"
FI-3-2014-2000003078,FI-3,Ministry for Foreign Affairs of Finland,10,Bilateral,1,0,A01_general,1,0,2,Implementation,URT/Poverty Reduction Budget Support Facility
FI-3-2014-2002023052,FI-3,Ministry for Foreign Affairs of Finland,10,Bilateral,1,0,A01_general,1,0,2,Implementation,General budget support
FI-3-2014-2004043014,FI-3,Ministry for Foreign Affairs of Finland,10,Bilateral,0,1,A02_sector,1,0,2,Implementation,VIET/Forest Sector Cooperation
FI-3-2014-2005050123,FI-3,Ministry for Foreign Affairs of Finland,10,Bilateral,0,1,A02_sector,1,0,2,Implementation,Education sector SWAp
FI-3-2014-2008080028,FI-3,Ministry for Foreign Affairs of Finland,10,Bilateral,0,1,A02_sector,1,0,2,Implementation,Mozambique Support to National Forest Programme
FI-3-2014-2008080130,FI-3,Ministry for Foreign Affairs of Finland,10,Bilateral,0,1,A02_sector,1,0,2,Implementation,Support to water sector in Vietnam Phase II
FI-3-2014-2009091300,FI-3,Ministry for Foreign Affairs of Finland,10,Bilateral,0,1,A02_sector,1,0,2,Implementation,Support to Nepal's School Sector Reform Programme
FI-3-2014-2012000151,FI-3,Ministry for Foreign Affairs of Finland,10,Bilateral,1,0,A01_general,1,0,2,Implementation,General Budget Support III Zambia
FI-3-2014-2013130107,FI-3,Ministry for Foreign Affairs of Finland,10,Bilateral,0,1,A02_sector,1,0,2,Implementation,URT/National forest programme implementation support project
FI-3-2014-2013130132,FI-3,Ministry for Foreign Affairs of Finland,10,Bilateral,0,1,A02_sector,1,0,2,Implementation,Support to private Sector Development Reform Programme II
FI-3-2014-2013130288,FI-3,Ministry for Foreign Affairs of Finland,10,Bilateral,0,1,A02_sector,1,0,2,Implementation,VN/Management Information System for Forestry Sector Phase II
FI-3-2014-2014140714,FI-3,Ministry for Foreign Affairs of Finland,10,Bilateral,1,0,A01_general,1,0,2,Implementation,General Budget Support 2015-2016
FI-3-2014-2014140891,FI-3,Ministry for Foreign Affairs of Finland,10,Bilateral,0,1,A02_sector,1,0,2,Implementation,Education Sector Support V
FI-3-2015-2005050123,FI-3,Ministry for Foreign Affairs of Finland,10,Bilateral,0,1,A02_sector,1,0,2,Implementation,"Education sector SWAP, FI: Opetussektorin sektoriohjelma"
FI-3-2015-2008080028,FI-3,Ministry for Foreign Affairs of Finland,10,Bilateral,0,1,A02_sector,1,0,2,Implementation,"Mozambique Support to National Forest Programme, FI: MOS/Kansallisen metsäohjelman tuki"
FI-3-2015-2008080130,FI-3,Ministry for Foreign Affairs of Finland,10,Bilateral,0,1,A02_sector,1,0,2,Implementation,"Support to water sector in Vietnam Phase II, FI: VIET/vesisektorin tukiohjelma II vaihe"
FI-3-2015-2009091300,FI-3,Ministry for Foreign Affairs of Finland,10,Bilateral,0,1,A02_sector,1,0,2,Implementation,"Support to Nepal's School Sector Reform Programme, FI: Suomen tuki Nepalin opetussektoriohjelmalle"
FI-3-2015-2013130107,FI-3,Ministry for Foreign Affairs of Finland,10,Bilateral,0,1,A02_sector,1,0,2,Implementation,"URT/National forest programme implementation support project, FI: Kansallisen metsäohjelman toteutus"
FI-3-2015-2013130288,FI-3,Ministry for Foreign Affairs of Finland,10,Bilateral,0,1,A02_sector,1,0,2,Implementation,"VN/Management Information System for Forestry Sector Phase II, FI: Metsätietojärjestelmän kehittäminen Vietnamissa vaihe II"
FI-3-2015-2014140714,FI-3,Ministry for Foreign Affairs of Finland,10,Bilateral,1,0,A01_general,1,0,2,Implementation,"General Budget Support 2015-2016, FI: Yleinen budjettituki 2015-2016"
FI-3-2015-2014140891,FI-3,Ministry for Foreign Affairs of Finland,10,Bilateral,0,1,A02_sector,1,0,2,Implementation,"Education Sector Support V, FI: Opetussektorin tuki vaihe V"
FI-3-2015-2015150032,FI-3,Ministry for Foreign Affairs of Finland,10,Bilateral,0,1,A02_sector,1,0,2,Implementation,"Consolidated WASH Account, FI: Vesihuolto- sanitaatio- ja hygieniarahasto"
FI-3-2016-2005050123,FI-3,Ministry for Foreign Affairs of Finland,10,Bilateral,0,1,A02_sector,1,0,2,Implementation,"Education sector SWAP, FI: Opetussektorin sektoriohjelma"
FI-3-2016-2008080028,FI-3,Ministry for Foreign Affairs of Finland,10,Bilateral,0,1,A02_sector,1,0,2,Implementation,"Mozambique Support to National Forest Programme, FI: MOS/Kansallisen metsäohjelman tuki"
FI-3-2016-2009091300,FI-3,Ministry for Foreign Affairs of Finland,10,Bilateral,0,1,A02_sector,1,0,2,Implementation,"Support to Nepal's School Sector Reform Programme, FI: Suomen tuki Nepalin opetussektoriohjelmalle"
FI-3-2016-2013130107,FI-3,Ministry for Foreign Affairs of Finland,10,Bilateral,0,1,A02_sector,1,0,2,Implementation,"URT/National forest programme implementation support project, FI: Kansallisen metsäohjelman toteutus"
FI-3-2016-2013130288,FI-3,Ministry for Foreign Affairs of Finland,10,Bilateral,0,1,A02_sector,1,0,2,Implementation,"VN/Management Information System for Forestry Sector Phase II, FI: Metsätietojärjestelmän kehittäminen Vietnamissa vaihe II"
FI-3-2016-2014140891,FI-3,Ministry for Foreign Affairs of Finland,10,Bilateral,0,1,A02_sector,1,0,2,Implementation,"Education Sector Support V, FI: Opetussektorin tuki vaihe V"
FI-3-2017-2005050123,FI-3,Ministry for Foreign Affairs of Finland,10,Bilateral,0,1,A02_sector,1,0,2,Implementation,"Education sector SWAP, FI: Opetussektorin sektoriohjelma"
FI-3-2017-2013130288,FI-3,Ministry for Foreign Affairs of Finland,10,Bilateral,0,1,A02_sector,1,0,2,Implementation,"VN/Management Information System for Forestry Sector Phase II, FI: Metsätietojärjestelmän kehittäminen Vietnamissa vaihe II"
FI-3-2017-2014140891,FI-3,Ministry for Foreign Affairs of Finland,10,Bilateral,0,1,A02_sector,1,0,2,Implementation,"Education Sector Support V, FI: Opetussektorin tuki vaihe V"
FI-3-2017-2015150032,FI-3,Ministry for Foreign Affairs of Finland,10,Bilateral,0,1,A02_sector,1,0,2,Implementation,"Consolidated WASH Account, FI: Vesihuolto- sanitaatio- ja hygieniarahasto"
FI-3-2018-2005050123,FI-3,Ministry for Foreign Affairs of Finland,10,Bilateral,0,1,A02_sector,1,0,2,Implementation,"Education sector SWAP, FI: Opetussektorin sektoriohjelma"
FI-3-2018-2013130288,FI-3,Ministry for Foreign Affairs of Finland,10,Bilateral,0,1,A02_sector,1,0,2,Implementation,"VN/Management Information System for Forestry Sector Phase II, FI: Metsätietojärjestelmän kehittäminen Vietnamissa vaihe II"
FI-3-2018-2015150032,FI-3,Ministry for Foreign Affairs of Finland,10,Bilateral,0,1,A02_sector,1,0,2,Implementation,"Consolidated WASH Account, FI: Vesihuolto- sanitaatio- ja hygieniarahasto"
FI-3-2018-2018180551,FI-3,Ministry for Foreign Affairs of Finland,10,Bilateral,0,1,A02_sector,1,0,2,Implementation,"Education Sector Support VI, FI: Opetussektorin tuki vaihe VI"
FI-3-2019-2005050123,FI-3,Ministry for Foreign Affairs of Finland,10,Bilateral,0,1,A02_sector,1,0,2,Implementation,"Education sector SWAP, FI: Opetussektorin sektoriohjelma"
FI-3-2019-2013130288,FI-3,Ministry for Foreign Affairs of Finland,10,Bilateral,0,1,A02_sector,1,0,2,Implementation,"VN/Management Information System for Forestry Sector Phase II, FI: Metsätietojärjestelmän kehittäminen Vietnamissa vaihe II"
FI-3-2019-2015150032,FI-3,Ministry for Foreign Affairs of Finland,10,Bilateral,0,1,A02_sector,1,0,2,Implementation,"Consolidated WASH Account, FI: Vesihuolto- sanitaatio- ja hygieniarahasto"
FI-3-2019-2018180551,FI-3,Ministry for Foreign Affairs of Finland,10,Bilateral,0,1,A02_sector,1,0,2,Implementation,"Education Sector Support VI, FI: Opetussektorin tuki vaihe VI"
FI-3-2019-2019190049,FI-3,Ministry for Foreign Affairs of Finland,10,Bilateral,0,1,A02_sector,1,0,2,Implementation,"Consolidated WASH Account CWA II, FI: Vesihuolto- sanitaatio- ja hygieniarahasto CWA II"
FI-3-2019-2019190107,FI-3,Ministry for Foreign Affairs of Finland,10,Bilateral,0,1,A02_sector,1,0,2,Implementation,"FASE Education sector support for Mozambique, FI: FASE Mosambikin Opetussektorin ohjelma"
FI-3-2020-2018180551,FI-3,Ministry for Foreign Affairs of Finland,10,Bilateral,0,1,A02_sector,1,0,2,Implementation,"Education Sector Support VI, FI: Opetussektorin tuki vaihe VI"
FI-3-2020-2019190049,FI-3,Ministry for Foreign Affairs of Finland,10,Bilateral,0,1,A02_sector,1,0,2,Implementation,"Consolidated WASH Account CWA II, FI: Vesihuolto- sanitaatio- ja hygieniarahasto CWA II"
FI-3-2020-2019190107,FI-3,Ministry for Foreign Affairs of Finland,10,Bilateral,0,1,A02_sector,1,0,2,Implementation,"FASE Education sector support for Mozambique, FI: FASE Mosambikin Opetussektorin ohjelma"
FI-3-2021-2018180551,FI-3,Ministry for Foreign Affairs of Finland,10,Bilateral,0,1,A02_sector,1,0,2,Implementation,"Education Sector Support VI, FI: Opetussektorin tuki vaihe VI"
FI-3-2021-2019190107,FI-3,Ministry for Foreign Affairs of Finland,10,Bilateral,0,1,A02_sector,1,0,2,Implementation,"FASE Education sector support for Mozambique, FI: FASE Mosambikin Opetussektorin ohjelma"
FI-3-2021-2021001001,FI-3,Ministry for Foreign Affairs of Finland,10,Bilateral,1,0,A01_general,1,0,2,Implementation,"FLC Adminstration fund, FI: PYM: FLC Administration fund"
FI-3-2021-2021005339,FI-3,Ministry for Foreign Affairs of Finland,10,Bilateral,0,1,A02_sector,1,0,2,Implementation,"Nepal School Education Sector Plan (SESP), FI: Suomen tuki Nepalin opetussektoriohjelmalle (SESP) 3-vaihe"
FI-3-2022-2018180551,FI-3,Ministry for Foreign Affairs of Finland,10,Bilateral,0,1,A02_sector,1,0,2,Implementation,"Education Sector Support VI, FI: Opetussektorin tuki vaihe VI"
FI-3-2022-2019190049,FI-3,Ministry for Foreign Affairs of Finland,10,Bilateral,0,1,A02_sector,1,0,2,Implementation,"Consolidated WASH Account, CWA II, FI: Vesihuolto- sanitaatio- ja hygieniarahasto CWA II"
FI-3-2022-2019190107,FI-3,Ministry for Foreign Affairs of Finland,10,Bilateral,0,1,A02_sector,1,0,2,Implementation,"FASE Education sector support for Mozambique, FI: FASE Mosambikin Opetussektorin ohjelma"
FI-3-2022-2021210112,FI-3,Ministry for Foreign Affairs of Finland,10,Bilateral,0,1,A02_sector,1,0,2,Implementation,"Nepal School Education Sector Plan (SESP), FI: Suomen tuki Nepalin opetussektoriohjelmalle (SESP) 3-vaihe"
FI-3-2022-2022220043,FI-3,Ministry for Foreign Affairs of Finland,10,Bilateral,0,1,A02_sector,1,0,2,Implementation,"Education Sector Support for Mozambique, FI: FASE Mosambikin opetussektorin ohjelma"
FI-3-2023-2023230044,FI-3,Ministry for Foreign Affairs of Finland,10,Bilateral,0,1,A02_sector,1,0,2,Implementation,"Consolidated WASH Account, CWA II, FI: Vesihuolto-, sanitaatio- ja hygieniarahasto CWA II"
FI-3-2023-2023230130,FI-3,Ministry for Foreign Affairs of Finland,10,Bilateral,0,1,A02_sector,1,0,2,Implementation,"Education Sector Support for Mozambique, FI: FASE Mosambikin opetussektorin ohjelma"
FI-3-2023-2023230300,FI-3,Ministry for Foreign Affairs of Finland,10,Bilateral,0,1,A02_sector,1,0,2,Implementation,"Nepal School Education Sector Plan (SESP), FI: Suomen tuki Nepalin opetussektoriohjelmalle (SESP), 3-vaihe"
FI-3-2023-2023230435,FI-3,Ministry for Foreign Affairs of Finland,10,Bilateral,0,1,A02_sector,1,0,2,Implementation,"Education Sector Support VI, FI: Opetussektorin tuki, vaihe VI"
FI-3-2023-2023230729,FI-3,Ministry for Foreign Affairs of Finland,10,Bilateral,0,1,A02_sector,1,0,2,Implementation,"Tax Sector Budget Support to Tanzania, TAXTAN, FI: Tuki Tansanian verosektorille, TAXTAN"
FI-3-2024-2024240132,FI-3,Ministry for Foreign Affairs of Finland,10,Bilateral,0,1,A02_sector,1,0,2,Implementation,"Nepal School Education Sector Plan (SESP), FI: Suomen tuki Nepalin opetussektoriohjelmalle (SESP), 3-vaihe"
FI-3-2024-2024240259,FI-3,Ministry for Foreign Affairs of Finland,10,Bilateral,0,1,A02_sector,1,0,2,Implementation,"Education Sector Support for Mozambique, FI: FASE Mosambikin opetussektorin ohjelma"
FI-3-2024-2024240349,FI-3,Ministry for Foreign Affairs of Finland,10,Bilateral,0,1,A02_sector,1,0,2,Implementation,"Education Sector Support VI, FI: Opetussektorin tuki, vaihe VI"
FI-3-2025-2025250181,FI-3,Ministry for Foreign Affairs of Finland,10,Bilateral,0,1,A02_sector,1,0,2,Implementation,"Education Sector Support VI, FI: Opetussektorin tuki, vaihe VI"
FI-3-2025-2025250423,FI-3,Ministry for Foreign Affairs of Finland,10,Bilateral,0,1,A02_sector,1,0,2,Implementation,"Nepal School Education Sector Plan (SESP), FI: Suomen tuki Nepalin opetussektoriohjelmalle (SESP), 3-vaihe"
GB-1-103985-101,GB-GOV-1,"UK - Foreign, Commonwealth Development Office (FCDO)",10,Bilateral,0,1,A02_sector,1,0,4,Closed,Education Sector Support II - Sector Budget Support
GB-1-103986-101,GB-GOV-1,"UK - Foreign, Commonwealth Development Office (FCDO)",10,Bilateral,1,0,A01_general,1,0,4,Closed,Poverty Reduction Budget Support Mozambique 2006-2014
GB-1-113707-102,GB-GOV-1,"UK - Foreign, Commonwealth Development Office (FCDO)",10,Bilateral,0,1,A02_sector,1,0,4,Closed,Madhya Pradesh health Sector Support Reform programme -Financial Aid
GB-1-113963-102,GB-GOV-1,"UK - Foreign, Commonwealth Development Office (FCDO)",10,Bilateral,0,1,A02_sector,1,0,4,Closed,odisha Health sector Nutrition programme
GB-1-114086-101,GB-GOV-1,"UK - Foreign, Commonwealth Development Office (FCDO)",10,Bilateral,0,1,A02_sector,1,0,4,Closed,Social Protection Support Financial Aid Contribution
GB-1-114506-106,GB-GOV-1,"UK - Foreign, Commonwealth Development Office (FCDO)",10,Bilateral,0,1,A02_sector,1,0,4,Closed,Bihar Nutrition and Health Sector Support Programme
GB-1-201375-102,GB-GOV-1,"UK - Foreign, Commonwealth Development Office (FCDO)",10,Bilateral,0,1,A02_sector,1,0,4,Closed,Sector Budget Support - Support to the National Health Sector Programme II
GB-1-201375-106,GB-GOV-1,"UK - Foreign, Commonwealth Development Office (FCDO)",10,Bilateral,0,1,A02_sector,1,0,4,Closed,Sector Budget Support - Support to the National Health Sector Programme II (capital works)
GB-1-201564-101,GB-GOV-1,"UK - Foreign, Commonwealth Development Office (FCDO)",10,Bilateral,1,0,A01_general,1,0,4,Closed,Growth and Poverty Reduction Grant (Zambia)
GB-1-201629-108,GB-GOV-1,"UK - Foreign, Commonwealth Development Office (FCDO)",10,Bilateral,0,1,A02_sector,1,0,4,Closed,Cash Transfer for the Livelihood Empowerment Against Poverty Programme
GB-1-202328-101,GB-GOV-1,"UK - Foreign, Commonwealth Development Office (FCDO)",10,Bilateral,0,1,A02_sector,1,0,4,Closed,Khyber Pukhtunkhwa Education Sector Programme (Budget Support)
GB-1-202377-101,GB-GOV-1,"UK - Foreign, Commonwealth Development Office (FCDO)",10,Bilateral,0,1,A02_sector,1,0,4,Closed,Education Service Delivery Grant
GB-1-202462-101,GB-GOV-1,"UK - Foreign, Commonwealth Development Office (FCDO)",10,Bilateral,0,1,A02_sector,1,0,4,Closed,Health Sector Support Programme -  Sector Budget Support- 2012 -2016
GB-1-202468-101,GB-GOV-1,"UK - Foreign, Commonwealth Development Office (FCDO)",10,Bilateral,1,0,A01_general,1,0,4,Closed,General Budget Support (2012 - 2015) - UK support to the Government  of Ghana’s Budget  to strengthen public institution’s delivery of  improved services
GB-1-202697-101,GB-GOV-1,"UK - Foreign, Commonwealth Development Office (FCDO)",10,Bilateral,0,1,A02_sector,1,0,4,Closed,"Sector Budget Support for Punjab Education Support Programme II to support systems-strengthening initiatives including government reforms to teacher training and management, assessment of learning, and data systems, but visibly prioritizing girls and"
GB-1-202893-104,GB-GOV-1,"UK - Foreign, Commonwealth Development Office (FCDO)",10,Bilateral,0,1,A02_sector,1,0,4,Closed,Reducing barriers & Increasing Demands for Reproductive Health Services in Ethiopia
GB-1-202990-101,GB-GOV-1,"UK - Foreign, Commonwealth Development Office (FCDO)",10,Bilateral,0,1,A02_sector,1,0,4,Closed,Support for the Ethiopian Health Sector Development Programme
GB-1-202990-103,GB-GOV-1,"UK - Foreign, Commonwealth Development Office (FCDO)",10,Bilateral,0,1,A02_sector,1,0,4,Closed,Support for the Ethiopian Health Sector Development Programme for Capital
GB-1-202991-102,GB-GOV-1,"UK - Foreign, Commonwealth Development Office (FCDO)",10,Bilateral,0,1,A02_sector,1,0,4,Closed,To support the delivery of quality basic services by strengthening the transparency and accountability and financial management of Sub-National Governments
GB-1-203001-101,GB-GOV-1,"UK - Foreign, Commonwealth Development Office (FCDO)",10,Bilateral,0,1,A02_sector,1,0,4,Closed,Zambia Education Sector Budget Support
GB-1-203100-104,GB-GOV-1,"UK - Foreign, Commonwealth Development Office (FCDO)",10,Bilateral,0,1,A02_sector,1,0,4,Closed,Family Planning Project - Financial Assistance
GB-1-203213-101,GB-GOV-1,"UK - Foreign, Commonwealth Development Office (FCDO)",10,Bilateral,1,0,A01_general,1,0,4,Closed,Growth and Poverty Reduction Grant
GB-1-203213-102,GB-GOV-1,"UK - Foreign, Commonwealth Development Office (FCDO)",10,Bilateral,0,1,A02_sector,1,0,4,Closed,Education Delivery Grant
GB-1-203396-102,GB-GOV-1,"UK - Foreign, Commonwealth Development Office (FCDO)",10,Bilateral,0,1,A02_sector,1,0,4,Closed,General Education Quality Improvement Programme (GEQIP) phase II
GB-1-203413-102,GB-GOV-1,"UK - Foreign, Commonwealth Development Office (FCDO)",10,Bilateral,0,1,A02_sector,1,0,4,Closed,National Health Sector Programme III - Implementation
GB-1-203536-101,GB-GOV-1,"UK - Foreign, Commonwealth Development Office (FCDO)",10,Bilateral,0,1,A02_sector,1,0,4,Closed,Sector Budget Support for Ghana Health Sector 2013 - 2017 (closed)
GB-1-203536-113,GB-GOV-1,"UK - Foreign, Commonwealth Development Office (FCDO)",10,Bilateral,0,1,A02_sector,1,0,4,Closed,Results Based Aid: health financing and systems (formerly PBSBS)
GB-1-203585-101,GB-GOV-1,"UK - Foreign, Commonwealth Development Office (FCDO)",10,Bilateral,1,0,A01_general,1,0,4,Closed,Poverty Reduction Budget Support 2013-2016 programme
GB-1-203766-109,GB-GOV-1,"UK - Foreign, Commonwealth Development Office (FCDO)",10,Bilateral,0,1,A02_sector,1,0,4,Closed,"To increase access to safe water, sanitation and hygiene in Ethiopia through directly funding the WASH sector for resource"
GB-1-203766-111,GB-GOV-1,"UK - Foreign, Commonwealth Development Office (FCDO)",10,Bilateral,0,1,A02_sector,1,0,4,Closed,"To increase access to safe water, sanitation and hygiene in Ethiopia through directly funding to the WASH Sector for capital"
GB-1-203766-112,GB-GOV-1,"UK - Foreign, Commonwealth Development Office (FCDO)",10,Bilateral,0,1,A02_sector,1,0,4,Closed,Oversight and Quality Assurance Service - One WaSH program through World Bank
GB-1-203811-101,GB-GOV-1,"UK - Foreign, Commonwealth Development Office (FCDO)",10,Bilateral,0,1,A02_sector,1,0,4,Closed,HIV Prevention Pool Fund CLOSED
GB-1-204024-107,GB-GOV-1,"UK - Foreign, Commonwealth Development Office (FCDO)",10,Bilateral,1,0,A01_general,1,0,4,Closed,Budget Support to Government of Pakistan - International Monetary Fund Programme[NOT IN USE]
GB-1-204179-101,GB-GOV-1,"UK - Foreign, Commonwealth Development Office (FCDO)",10,Bilateral,0,1,A02_sector,1,0,4,Closed,Results-Based Economic Development (Sector Budget Support)
GB-1-204288-102,GB-GOV-1,"UK - Foreign, Commonwealth Development Office (FCDO)",10,Bilateral,0,1,A02_sector,1,0,4,Closed,Big Results Now in Education – Results Based Financial Support (component discontinued use after 2015)
GB-1-205145-102,GB-GOV-1,"UK - Foreign, Commonwealth Development Office (FCDO)",10,Bilateral,0,1,A02_sector,1,0,4,Closed,Nepal Health Sector Programme III - Financial Aid Support for Hospital Retrofitting
GB-1-205145-104,GB-GOV-1,"UK - Foreign, Commonwealth Development Office (FCDO)",10,Bilateral,0,1,A02_sector,1,0,4,Closed,Nepal Health Sector Programme III - Financial Aid for General Health
GB-GOR-PB57-4,GB-GOR-PB57,EN: Marine Management Organisation,10,Bilateral,1,0,A01_general,1,0,2,Implementation,EN: MMO OCPP Maldives
GB-GOR-PB57-5,GB-GOR-PB57,EN: Marine Management Organisation,10,Bilateral,1,0,A01_general,1,0,2,Implementation,EN: MMO OCPP Mozambique
GB-GOR-PB57-6,GB-GOR-PB57,EN: Marine Management Organisation,10,Bilateral,1,0,A01_general,1,0,2,Implementation,EN: MMO OCPP Senegal
GB-GOR-PB57-7,GB-GOR-PB57,EN: Marine Management Organisation,10,Bilateral,1,0,A01_general,1,0,2,Implementation,EN: MMO OCPP Solomon Islands
GB-GOR-PB57-8,GB-GOR-PB57,EN: Marine Management Organisation,10,Bilateral,1,0,A01_general,1,0,2,Implementation,EN: MMO OCPP Sri Lanka
GB-GOR-PB57-9,GB-GOR-PB57,EN: Marine Management Organisation,10,Bilateral,1,0,A01_general,1,0,2,Implementation,EN: MMO OCPP Vanuatu
GB-GOR-PB57-Ghana,GB-GOR-PB57,EN: Marine Management Organisation,10,Bilateral,1,0,A01_general,1,0,2,Implementation,EN: MMO OCPP Ghana
GB-GOV-1-301596-404,GB-GOV-1,"UK - Foreign, Commonwealth Development Office (FCDO)",10,Bilateral,0,1,A02_sector,1,0,2,Implementation,Samartha - Financial Aid
GB-GOV-28-MHRA-GAMRIF,GB-GOV-28,EN: Medicines and Healthcare products Regulatory Agency (MHRA),15,Multilateral,1,0,A01_general,1,0,2,Implementation,EN: MHRA Global Antimicrobial Innovation Fund Initiative
GB-GOV-3-PSA-NPK-200029,GB-GOV-1,"UK - Foreign, Commonwealth and Development Office",10,Bilateral,1,0,A01_general,1,0,4,Closed,Bringing speakers from the UK to share knowledge and experiences on economic issues
KR-GOV-021-12ED00015,KR-GOV-010,Office for Government Policy Coordination,10,Bilateral,0,1,A02_sector,1,1,1,Pipeline/identification,Support Program to Respond to Climate Change
KR-GOV-021-13ED00017,KR-GOV-010,Office for Government Policy Coordination,10,Bilateral,0,1,A02_sector,1,1,1,Pipeline/identification,Support Program to Respond to Climate Change
KR-GOV-021-14ED00021,KR-GOV-010,Office for Government Policy Coordination,10,Bilateral,0,1,A02_sector,1,1,1,Pipeline/identification,Support Program to Respond to Climate Change
KR-GOV-021-18ED00038,KR-GOV-010,Office for Government Policy Coordination,10,Bilateral,0,1,A02_sector,1,1,1,Pipeline/identification,Policy Reform Program for the Development of Connectivity and the Digital Economy
KR-GOV-021-19ED00043,KR-GOV-010,Office for Government Policy Coordination,10,Bilateral,0,1,A02_sector,1,1,1,Pipeline/identification,Reform Program for Water and Sanitation Services in the Central District
KR-GOV-021-20ED00021,KR-GOV-010,Office for Government Policy Coordination,10,Bilateral,0,1,A02_sector,1,1,1,Pipeline/identification,Program for Strengthening Public Policy and Fiscal Management to address Sanitary and Economic Crisis caused by the COVID-19 in Paraguay
KR-GOV-021-20ED00023,KR-GOV-010,Office for Government Policy Coordination,10,Bilateral,0,1,A02_sector,1,1,1,Pipeline/identification,COVID19 Emergency Crisis Response Budget Support Program
KR-GOV-021-20ED00026,KR-GOV-010,Office for Government Policy Coordination,10,Bilateral,0,1,A02_sector,1,1,1,Pipeline/identification,COVID-19 Emergency Response Program
KR-GOV-021-20ED00029,KR-GOV-010,Office for Government Policy Coordination,10,Bilateral,0,1,A02_sector,1,1,1,Pipeline/identification,Program Loan for Covid-19 Emergency Response Program(PLCERP)
KR-GOV-021-20ED00032,KR-GOV-010,Office for Government Policy Coordination,10,Bilateral,0,1,A02_sector,1,1,1,Pipeline/identification,COVID-19 Emergency Response Program
KR-GOV-021-20ED00033,KR-GOV-010,Office for Government Policy Coordination,10,Bilateral,0,1,A02_sector,1,1,1,Pipeline/identification,Program Loan for COVID-19 Emergency Response Program
KR-GOV-021-20ED00045,KR-GOV-010,Office for Government Policy Coordination,10,Bilateral,0,1,A02_sector,1,1,1,Pipeline/identification,COVID-19 Crisi Response Budget Support Program
KR-GOV-021-21ED00001,KR-GOV-010,Office for Government Policy Coordination,10,Bilateral,0,1,A02_sector,1,1,1,Pipeline/identification,Sustainable and Inclusive Energy Program Subprogram 3
KR-GOV-021-21ED00012,KR-GOV-010,Office for Government Policy Coordination,10,Bilateral,0,1,A02_sector,1,1,1,Pipeline/identification,Sustainable and Resilient Growth Program
KR-GOV-021-21ED00015,KR-GOV-010,Office for Government Policy Coordination,10,Bilateral,0,1,A02_sector,1,1,1,Pipeline/identification,"Program for the Economic Reactivation, Energy Sector and Climate Change"
KR-GOV-021-21ED00017,KR-GOV-010,Office for Government Policy Coordination,10,Bilateral,0,1,A02_sector,1,1,1,Pipeline/identification,Program for the Sustainability and Efficiency of the Electricity Sector III
KR-GOV-021-21ED00020,KR-GOV-010,Office for Government Policy Coordination,10,Bilateral,0,1,A02_sector,1,1,1,Pipeline/identification,Program Loan for Sustainable Economic Recovery Program (Subprogram1)
KR-GOV-021-21ED00028,KR-GOV-010,Office for Government Policy Coordination,10,Bilateral,0,1,A02_sector,1,1,1,Pipeline/identification,"Competitiveness, Industrial Modernization and Trade Acceleration Program : CITA"
KR-GOV-021-21ED00037,KR-GOV-010,Office for Government Policy Coordination,10,Bilateral,0,1,A02_sector,1,1,1,Pipeline/identification,COVID-19 Emergency Response Program II - Vaccination Program
KR-GOV-021-22ED00001,KR-GOV-010,Office for Government Policy Coordination,10,Bilateral,0,1,A02_sector,1,1,1,Pipeline/identification,Strengthening Multimodal and Integrated Logistics Ecosystem Program (Subprogram Ⅰ)
KR-GOV-021-23ED00011,KR-GOV-010,Office for Government Policy Coordination,10,Bilateral,0,1,A02_sector,1,1,1,Pipeline/identification,Support for Energy Transition and Investment Promotion in Ecuador's Energy Sector
KR-GOV-021-23ED00043,KR-GOV-010,Office for Government Policy Coordination,10,Bilateral,0,1,A02_sector,1,1,1,Pipeline/identification,Program Loan for Climate Resilient Inclusive Development Program (Subprogram 1)
KR-GOV-021-24ED00011,KR-GOV-010,Office for Government Policy Coordination,10,Bilateral,0,1,A02_sector,1,1,1,Pipeline/identification,Private Sector Development and Economic Diversification Support Program
KR-GOV-021-24ED00020,KR-GOV-010,Office for Government Policy Coordination,10,Bilateral,0,1,A02_sector,1,1,1,Pipeline/identification,Program Loan for Second Strengthening Social Resilience Program (Subprogram1)
KR-GOV-021-24ED00021,KR-GOV-010,Office for Government Policy Coordination,10,Bilateral,0,1,A02_sector,1,1,1,Pipeline/identification,Support for Energy Transition and Promotion of Investment in Ecuador's Energy Sector II
KR-GOV-021-24ED00027,KR-GOV-010,Office for Government Policy Coordination,10,Bilateral,0,1,A02_sector,1,1,1,Pipeline/identification,Healthcare Emergency Response Program
KR-GOV-021-24ED00043,KR-GOV-010,Office for Government Policy Coordination,10,Bilateral,0,1,A02_sector,1,1,1,Pipeline/identification,Support program to strengthen Colombia's integration into global value chain II
KR-GOV-021-24ED00044,KR-GOV-010,Office for Government Policy Coordination,10,Bilateral,0,1,A02_sector,1,1,1,Pipeline/identification,"Trade and Competitiveness Prgoram, Subprogram2"
NL-1-PPR-26891,XM-DAC-7,EN: Ministry of Foreign Affairs of the Netherlands,10,Bilateral,0,1,A02_sector,1,0,4,Closed,Sector Budget Support (SBS)
NO-BRC-971277882-NPL-07/010,NO-BRC-971277882,Norad - Norwegian Agency for Development Cooperation,10,Bilateral,0,1,A02_sector,1,0,4,Closed,"School Sector Reform 2009 -2013
		"
NO-BRC-971277882-NPL-20/0002,NO-BRC-971277882,Norad - Norwegian Agency for Development Cooperation,10,Bilateral,0,1,A02_sector,1,0,3,Finalisation,"School Education Sector program support 2022- 2025
		"
NO-BRC-971277882-PAL-24/0005,NO-BRC-971277882,Norad - Norwegian Agency for Development Cooperation,10,Bilateral,0,1,A02_sector,1,0,2,Implementation,"Budget support for the health sector 2024
		"
NO-BRC-971277882-PAL-25/0011,NO-BRC-971277882,Norad - Norwegian Agency for Development Cooperation,10,Bilateral,0,1,A02_sector,1,0,3,Finalisation,"Budget support for the education sector 2025
		"
NO-BRC-971277882-PAL-26/0002,NO-BRC-971277882,Norad - Norwegian Agency for Development Cooperation,10,Bilateral,0,1,A02_sector,1,0,2,Implementation,"MoFP - Budget Support 2026
		"
NZ-1-ACT-0100022,NZ-1,New Zealand Ministry of Foreign Affairs and Trade,10,Bilateral,1,0,A01_general,1,0,4,Closed,Budget Support: 2017/18-2019/20
NZ-1-ACT-0100023,NZ-1,New Zealand Ministry of Foreign Affairs and Trade,10,Bilateral,1,0,A01_general,1,0,4,Closed,Incentivising Economic Reform Kiribati 2017-2020
NZ-1-ACT-0100035,NZ-1,New Zealand Ministry of Foreign Affairs and Trade,10,Bilateral,0,1,A02_sector,1,0,2,Implementation,PF 10-582 Vanuatu Beef - AMS #A12849
NZ-1-ACT-0100039,NZ-1,New Zealand Ministry of Foreign Affairs and Trade,10,Bilateral,0,1,A02_sector,1,0,4,Closed,Niue - Sector Support: Tourism: 2017/18-2020/21
NZ-1-ACT-0100067,NZ-1,New Zealand Ministry of Foreign Affairs and Trade,10,Bilateral,1,0,A01_general,1,0,4,Closed,Budget Support 2017/18
NZ-1-ACT-0100092,NZ-1,New Zealand Ministry of Foreign Affairs and Trade,10,Bilateral,0,1,A02_sector,1,0,4,Closed,Nauru Education Sector Support 2017 - 2020
NZ-1-ACT-0100220,NZ-1,New Zealand Ministry of Foreign Affairs and Trade,10,Bilateral,1,0,A01_general,1,0,4,Closed,50th Anniversary Gift (A13017)
NZ-1-ACT-0100238,NZ-1,New Zealand Ministry of Foreign Affairs and Trade,10,Bilateral,1,0,A01_general,1,0,4,Closed,TC Gita Resilience Package (A13042)
NZ-1-ACT-0100239,NZ-1,New Zealand Ministry of Foreign Affairs and Trade,10,Bilateral,1,0,A01_general,1,0,4,Closed,Solomon Islands Public Financial Management (A13044)
NZ-1-ACT-0100252,NZ-1,New Zealand Ministry of Foreign Affairs and Trade,10,Bilateral,0,1,A02_sector,1,0,4,Closed,Recovery package for TC Gita (A13045)
NZ-1-ACT-0100272,NZ-1,New Zealand Ministry of Foreign Affairs and Trade,10,Bilateral,1,0,A01_general,1,0,4,Closed,Incentivising Economic Reform 2017-18 (A13096)
NZ-1-ACT-0100310,NZ-1,New Zealand Ministry of Foreign Affairs and Trade,10,Bilateral,1,0,A01_general,1,0,4,Closed,Budget Support 2018/19 (A13140)
NZ-1-ACT-0100378,NZ-1,New Zealand Ministry of Foreign Affairs and Trade,10,Bilateral,1,0,A01_general,1,0,4,Closed,Fiji Budget Support Phase 1
NZ-1-ACT-0100385,NZ-1,New Zealand Ministry of Foreign Affairs and Trade,10,Bilateral,0,1,A02_sector,1,0,3,Finalisation,Samoa Education Sector Support 2020-2024
NZ-1-ACT-0100432,NZ-1,New Zealand Ministry of Foreign Affairs and Trade,10,Bilateral,1,0,A01_general,1,0,4,Closed,Nauru Economic Reform
NZ-1-ACT-0100448,NZ-1,New Zealand Ministry of Foreign Affairs and Trade,10,Bilateral,1,0,A01_general,1,0,2,Implementation,Intergenerational Trust Fund for the People of the Republic of Nauru
NZ-1-ACT-0100483,NZ-1,New Zealand Ministry of Foreign Affairs and Trade,10,Bilateral,1,0,A01_general,1,0,4,Closed,Tokelau Budget Support 2019/20
NZ-1-ACT-0100484,NZ-1,New Zealand Ministry of Foreign Affairs and Trade,10,Bilateral,1,0,A01_general,1,0,4,Closed,Tokelau Budget Support 2020/21
NZ-1-ACT-0100487,NZ-1,New Zealand Ministry of Foreign Affairs and Trade,10,Bilateral,1,0,A01_general,1,0,4,Closed,Incentivising Economic Reform 2018-2021
NZ-1-ACT-0100512,NZ-1,New Zealand Ministry of Foreign Affairs and Trade,10,Bilateral,0,1,A02_sector,1,0,4,Closed,Core Sector Support: Cook Islands Bridging Funding 2018-19
NZ-1-ACT-0100546,NZ-1,New Zealand Ministry of Foreign Affairs and Trade,10,Bilateral,1,0,A01_general,1,0,4,Closed,Supplementary budget support including PIF support
NZ-1-ACT-0100637,NZ-1,New Zealand Ministry of Foreign Affairs and Trade,10,Bilateral,0,1,A02_sector,1,0,4,Closed,Cook Islands: Budget Contribution to Asset Management 2018-19
NZ-1-ACT-0100787,NZ-1,New Zealand Ministry of Foreign Affairs and Trade,10,Bilateral,0,1,A02_sector,1,0,2,Implementation,Niue Sector Support: Asset Management: 2019/20-2025/26
NZ-1-ACT-0100978,NZ-1,New Zealand Ministry of Foreign Affairs and Trade,10,Bilateral,0,1,A02_sector,1,0,4,Closed,2019 Tonga Typhoid Outbreak
NZ-1-ACT-0100986,NZ-1,New Zealand Ministry of Foreign Affairs and Trade,10,Bilateral,0,1,A02_sector,1,0,2,Implementation,Samoa Nursing Community Training Centre
NZ-1-ACT-0101038,NZ-1,New Zealand Ministry of Foreign Affairs and Trade,10,Bilateral,1,0,A01_general,1,0,4,Closed,Incentivising Economic and Public Sector Reform 2019-2021
NZ-1-ACT-0101071,NZ-1,New Zealand Ministry of Foreign Affairs and Trade,10,Bilateral,1,0,A01_general,1,0,4,Closed,Budget Support (Policy Reform Matrix)
NZ-1-ACT-0101084,NZ-1,New Zealand Ministry of Foreign Affairs and Trade,10,Bilateral,0,1,A02_sector,1,0,4,Closed,Cook Islands Core Sector Support: 2019/20-2022/23
NZ-1-ACT-0101117,NZ-1,New Zealand Ministry of Foreign Affairs and Trade,10,Bilateral,1,0,A01_general,1,0,2,Implementation,Incentivising Economic Reform: Budget Support and Associated Technical Assistance 2019-2022
NZ-1-ACT-0101175,NZ-1,New Zealand Ministry of Foreign Affairs and Trade,10,Bilateral,0,1,A02_sector,1,0,2,Implementation,Solomon Islands Education Sector Support Programme 19/20 - 24/25
NZ-1-ACT-0101219,NZ-1,New Zealand Ministry of Foreign Affairs and Trade,10,Bilateral,1,0,A01_general,1,0,4,Closed,Budget Support: 2020/21-2023/24
NZ-1-ACT-0101221,NZ-1,New Zealand Ministry of Foreign Affairs and Trade,10,Bilateral,0,1,A02_sector,1,0,4,Closed,Private Sector Development: 2020/21-2023/24
NZ-1-ACT-0101236,NZ-1,New Zealand Ministry of Foreign Affairs and Trade,10,Bilateral,0,1,A02_sector,1,0,2,Implementation,Infrastructure: Trust fund
NZ-1-ACT-0101323,NZ-1,New Zealand Ministry of Foreign Affairs and Trade,10,Bilateral,0,1,A02_sector,1,0,2,Implementation,Kiribati Solid Waste Management Phase 3
NZ-1-ACT-0101351,NZ-1,New Zealand Ministry of Foreign Affairs and Trade,10,Bilateral,1,0,A01_general,1,0,2,Implementation,Fiji: Sustainable and Resilient Recovery
NZ-1-ACT-0101435,NZ-1,New Zealand Ministry of Foreign Affairs and Trade,10,Bilateral,0,1,A02_sector,1,0,4,Closed,2019 Tonga Measles Outbreak Response
NZ-1-ACT-0101567,NZ-1,New Zealand Ministry of Foreign Affairs and Trade,10,Bilateral,0,1,A02_sector,1,0,2,Implementation,Climate Change Programme - Fiji Relocation Trust Fund contribution
NZ-1-ACT-0101650,NZ-1,New Zealand Ministry of Foreign Affairs and Trade,10,Bilateral,1,0,A01_general,1,0,4,Closed,PNG ELECTRIFICATION PARTNERSHIP CONNECTION ROLL-OUT PROGRAM
NZ-1-ACT-0101654,NZ-1,New Zealand Ministry of Foreign Affairs and Trade,10,Bilateral,1,0,A01_general,1,0,2,Implementation,Strengthening Papua New Guinea Economic Resilience Support Package
NZ-1-ACT-0101736,NZ-1,New Zealand Ministry of Foreign Affairs and Trade,10,Bilateral,0,1,A02_sector,1,0,4,Closed,Kiribati 2020 Census
NZ-1-ACT-0101770,NZ-1,New Zealand Ministry of Foreign Affairs and Trade,10,Bilateral,1,0,A01_general,1,0,3,Finalisation,Covid-19: Vanuatu - COVID-19 Resilience Fund
NZ-1-ACT-0101771,NZ-1,New Zealand Ministry of Foreign Affairs and Trade,10,Bilateral,1,0,A01_general,1,0,3,Finalisation,COVID-19: Tokelau Budget Support
NZ-1-ACT-0101772,NZ-1,New Zealand Ministry of Foreign Affairs and Trade,10,Bilateral,1,0,A01_general,1,0,4,Closed,Covid-19: Tonga - COVID-19 Resilience Fund
NZ-1-ACT-0101773,NZ-1,New Zealand Ministry of Foreign Affairs and Trade,10,Bilateral,1,0,A01_general,1,0,4,Closed,Covid-19: Tuvalu - COVID-19 Resilience Fund
NZ-1-ACT-0101774,NZ-1,New Zealand Ministry of Foreign Affairs and Trade,10,Bilateral,1,0,A01_general,1,0,4,Closed,Covid-19: Kiribati - COVID-19 Resilience Fund
NZ-1-ACT-0101775,NZ-1,New Zealand Ministry of Foreign Affairs and Trade,10,Bilateral,1,0,A01_general,1,0,3,Finalisation,Fiji Covid-19 - COVID-19 Resilience Fund
NZ-1-ACT-0101776,NZ-1,New Zealand Ministry of Foreign Affairs and Trade,10,Bilateral,1,0,A01_general,1,0,4,Closed,Covid-19: Cook Islands Resilience Fund
NZ-1-ACT-0101777,NZ-1,New Zealand Ministry of Foreign Affairs and Trade,10,Bilateral,1,0,A01_general,1,0,4,Closed,Covid-19: Solomon Islands COVID-19 Resilience Fund
NZ-1-ACT-0101778,NZ-1,New Zealand Ministry of Foreign Affairs and Trade,10,Bilateral,1,0,A01_general,1,0,3,Finalisation,Covid-19: Papua New Guinea COVID-19 Resilience Fund
NZ-1-ACT-0101779,NZ-1,New Zealand Ministry of Foreign Affairs and Trade,10,Bilateral,1,0,A01_general,1,0,4,Closed,Covid-19: Nauru COVID-19 Resilience Fund
NZ-1-ACT-0101780,NZ-1,New Zealand Ministry of Foreign Affairs and Trade,10,Bilateral,1,0,A01_general,1,0,4,Closed,Covid-19: Niue Resilience Fund
NZ-1-ACT-0101781,NZ-1,New Zealand Ministry of Foreign Affairs and Trade,10,Bilateral,1,0,A01_general,1,0,3,Finalisation,COVID-19: Samoa - COVID-19 Resilience Fund
NZ-1-ACT-0101785,NZ-1,New Zealand Ministry of Foreign Affairs and Trade,10,Bilateral,0,1,A02_sector,1,0,4,Closed,Covid-19 2020 Health Sector Support - Niue
NZ-1-ACT-0101786,NZ-1,New Zealand Ministry of Foreign Affairs and Trade,10,Bilateral,0,1,A02_sector,1,0,4,Closed,2020 Covid-19 Solomon Islands
NZ-1-ACT-0101794,NZ-1,New Zealand Ministry of Foreign Affairs and Trade,10,Bilateral,0,1,A02_sector,1,0,4,Closed,Covid-19 2020 Vanuatu
NZ-1-ACT-0101827,NZ-1,New Zealand Ministry of Foreign Affairs and Trade,10,Bilateral,0,1,A02_sector,1,0,4,Closed,2020 Covid-19 Health Sector Support - Kiribati
NZ-1-ACT-0101853,NZ-1,New Zealand Ministry of Foreign Affairs and Trade,10,Bilateral,1,0,A01_general,1,0,2,Implementation,Supporting Economic and Financial Reform in Solomon Islands - Support to Public Financial Management
NZ-1-ACT-0102028,NZ-1,New Zealand Ministry of Foreign Affairs and Trade,10,Bilateral,1,0,A01_general,1,0,2,Implementation,Nauru Economic Reform Phase Two
NZ-1-ACT-0102044,NZ-1,New Zealand Ministry of Foreign Affairs and Trade,10,Bilateral,1,0,A01_general,1,0,4,Closed,COVID-19 Support for Resilience and Recovery - North Pacific
NZ-1-ACT-0102087,NZ-1,New Zealand Ministry of Foreign Affairs and Trade,10,Bilateral,1,0,A01_general,1,0,4,Closed,General Budget Support 2021/22
NZ-1-ACT-0102089,NZ-1,New Zealand Ministry of Foreign Affairs and Trade,10,Bilateral,0,1,A02_sector,1,0,2,Implementation,"Public Health Clinics on South Tarawa, Outer Islands & Kiritimati Islands"
NZ-1-ACT-0102252,NZ-1,New Zealand Ministry of Foreign Affairs and Trade,10,Bilateral,0,1,A02_sector,1,0,2,Implementation,Maintenance and improvements of Outer Islands and Line and Phoenix Islands schools
NZ-1-ACT-0102283,NZ-1,New Zealand Ministry of Foreign Affairs and Trade,10,Bilateral,1,0,A01_general,1,0,4,Closed,COVID-19 Solomon Islands Fiscal Relief Financing
NZ-1-ACT-0102435,NZ-1,New Zealand Ministry of Foreign Affairs and Trade,10,Bilateral,1,0,A01_general,1,0,4,Closed,Supporting a strong and well managed economy and public sector for Tuvalu (2021-2023)
NZ-1-ACT-0102464,NZ-1,New Zealand Ministry of Foreign Affairs and Trade,10,Bilateral,0,1,A02_sector,1,0,4,Closed,Covid-19 Tonga - Central Pharmacy Warehouse
NZ-1-ACT-0102481,NZ-1,New Zealand Ministry of Foreign Affairs and Trade,10,Bilateral,0,1,A02_sector,1,0,4,Closed,Covid-19 Contribution to Vanuatu National Deployment and Vaccination Plan (NDVP)
NZ-1-ACT-0102484,NZ-1,New Zealand Ministry of Foreign Affairs and Trade,10,Bilateral,0,1,A02_sector,1,0,4,Closed,Covid-19 Contribution to PNG NVDP
NZ-1-ACT-0102518,NZ-1,New Zealand Ministry of Foreign Affairs and Trade,10,Bilateral,1,0,A01_general,1,0,2,Implementation,Government of Kiribati: Strengthening Economic Resilience - Financial Years 23/24 to 27/28
NZ-1-ACT-0102556,NZ-1,New Zealand Ministry of Foreign Affairs and Trade,10,Bilateral,1,0,A01_general,1,0,4,Closed,Tokelau General Budget Support 2022/23
NZ-1-ACT-0102575,NZ-1,New Zealand Ministry of Foreign Affairs and Trade,10,Bilateral,1,0,A01_general,1,0,2,Implementation,Palau: ADB Economic Reform
NZ-1-ACT-0102670,NZ-1,New Zealand Ministry of Foreign Affairs and Trade,10,Bilateral,1,0,A01_general,1,0,4,Closed,Niue Consolidated Budget Support: 2021/22 - 2022/23
NZ-1-ACT-0102671,NZ-1,New Zealand Ministry of Foreign Affairs and Trade,10,Bilateral,1,0,A01_general,1,0,4,Closed,Cook Islands COVID-19 Economic Recovery
NZ-1-ACT-0102702,NZ-1,New Zealand Ministry of Foreign Affairs and Trade,10,Bilateral,0,1,A02_sector,1,0,2,Implementation,Samoa Tourism Recovery and Resilience
NZ-1-ACT-0102727,NZ-1,New Zealand Ministry of Foreign Affairs and Trade,10,Bilateral,0,1,A02_sector,1,0,4,Closed,Support Tuvalu Ministry of Health to transfer patients for treatment and deliver medical supplies
NZ-1-ACT-0102733,NZ-1,New Zealand Ministry of Foreign Affairs and Trade,10,Bilateral,1,0,A01_general,1,0,4,Closed,Tonga Incentivising Economic and Public Sector Reform 2021-2023
NZ-1-ACT-0102778,NZ-1,New Zealand Ministry of Foreign Affairs and Trade,10,Bilateral,1,0,A01_general,1,0,4,Closed,Supporting Economic Reform 2021 - 2024
NZ-1-ACT-0102806,NZ-1,New Zealand Ministry of Foreign Affairs and Trade,10,Bilateral,1,0,A01_general,1,0,2,Implementation,Tuvalu Fiscal and Public Sector Strengthening Programme: 24-27
NZ-1-ACT-0102857,NZ-1,New Zealand Ministry of Foreign Affairs and Trade,10,Bilateral,1,0,A01_general,1,0,4,Closed,Niue COVID-19 Budget Support 2022
NZ-1-ACT-0102885,NZ-1,New Zealand Ministry of Foreign Affairs and Trade,10,Bilateral,0,1,A02_sector,1,0,2,Implementation,Kiribati Fisheries Tobwan Waara Programme Phase 3 (2024-2027)
NZ-1-ACT-0102932,NZ-1,New Zealand Ministry of Foreign Affairs and Trade,10,Bilateral,0,1,A02_sector,1,0,3,Finalisation,Cook Islands-Aotearoa New Zealand Country Flexible Finance
NZ-1-ACT-0103028,NZ-1,New Zealand Ministry of Foreign Affairs and Trade,10,Bilateral,0,1,A02_sector,1,0,2,Implementation,Tonga-Aotearoa NZ Country Flexible Finance
NZ-1-ACT-0103194,NZ-1,New Zealand Ministry of Foreign Affairs and Trade,10,Bilateral,0,1,A02_sector,1,0,2,Implementation,Samoa-Aotearoa NZ Country Flexible Finance
NZ-1-ACT-0103265,NZ-1,New Zealand Ministry of Foreign Affairs and Trade,10,Bilateral,1,0,A01_general,1,0,4,Closed,Niue Consolidated Budget Support 2023/24
NZ-1-ACT-0103305,NZ-1,New Zealand Ministry of Foreign Affairs and Trade,10,Bilateral,0,1,A02_sector,1,0,2,Implementation,Fiji Trade and Economic Development Support
NZ-1-ACT-0103329,NZ-1,New Zealand Ministry of Foreign Affairs and Trade,10,Bilateral,1,0,A01_general,1,0,2,Implementation,Supporting Reform-linked General Budget Support in Samoa 2024-2027
NZ-1-ACT-0103397,NZ-1,New Zealand Ministry of Foreign Affairs and Trade,10,Bilateral,1,0,A01_general,1,0,4,Closed,Tonga Emergency Economic Budget Support 2022-23
NZ-1-ACT-0103398,NZ-1,New Zealand Ministry of Foreign Affairs and Trade,10,Bilateral,1,0,A01_general,1,0,4,Closed,Cook Islands Emergency Economic Budget Support 2022/2023
NZ-1-ACT-0103399,NZ-1,New Zealand Ministry of Foreign Affairs and Trade,10,Bilateral,1,0,A01_general,1,0,4,Closed,Samoa Emergency Economic Budget Support 2022 23
NZ-1-ACT-0103441,NZ-1,New Zealand Ministry of Foreign Affairs and Trade,10,Bilateral,1,0,A01_general,1,0,2,Implementation,Tonga Incentivising Public Sector Reform 24/25
NZ-1-ACT-0103461,NZ-1,New Zealand Ministry of Foreign Affairs and Trade,10,Bilateral,1,0,A01_general,1,0,4,Closed,Tokelau Budget Support 2023/24
NZ-1-ACT-0103477,NZ-1,New Zealand Ministry of Foreign Affairs and Trade,10,Bilateral,1,0,A01_general,1,0,4,Closed,Niue Budget and Sector Support 2024/25
NZ-1-ACT-0103491,NZ-1,New Zealand Ministry of Foreign Affairs and Trade,10,Bilateral,1,0,A01_general,1,0,4,Closed,Niue Emergency and Supplementary Budget Support 2022/24
NZ-1-ACT-0103509,NZ-1,New Zealand Ministry of Foreign Affairs and Trade,10,Bilateral,1,0,A01_general,1,0,4,Closed,Fiji Budget Support 2023
NZ-1-ACT-0103520,NZ-1,New Zealand Ministry of Foreign Affairs and Trade,10,Bilateral,1,0,A01_general,1,0,4,Closed,Tokelau Supplementary Budget Support 2023/2024
NZ-1-ACT-0103537,NZ-1,New Zealand Ministry of Foreign Affairs and Trade,10,Bilateral,0,1,A02_sector,1,0,3,Finalisation,Fiji-Aotearoa NZ Country Flexible Finance
NZ-1-ACT-0103562,NZ-1,New Zealand Ministry of Foreign Affairs and Trade,10,Bilateral,0,1,A02_sector,1,0,4,Closed,Core Sector Support: 2023/24
NZ-1-ACT-0103689,NZ-1,New Zealand Ministry of Foreign Affairs and Trade,10,Bilateral,0,1,A02_sector,1,0,2,Implementation,Tuvalu: contribution to health priorities
NZ-1-ACT-0103755,NZ-1,New Zealand Ministry of Foreign Affairs and Trade,10,Bilateral,0,1,A02_sector,1,0,1,Pipeline/identification,Tonga Health Partnership
NZ-1-ACT-0103825,NZ-1,New Zealand Ministry of Foreign Affairs and Trade,10,Bilateral,1,0,A01_general,1,0,4,Closed,Tokelau Budget Support 2024/25
NZ-1-ACT-0103908,NZ-1,New Zealand Ministry of Foreign Affairs and Trade,10,Bilateral,0,1,A02_sector,1,0,2,Implementation,Vanuatu-Aotearoa NZ Country Flexible Finance
NZ-1-ACT-0103910,NZ-1,New Zealand Ministry of Foreign Affairs and Trade,10,Bilateral,0,1,A02_sector,1,0,2,Implementation,Tuvalu Fisheries Support - 2026 to 2030
NZ-1-ACT-0104008,NZ-1,New Zealand Ministry of Foreign Affairs and Trade,10,Bilateral,1,0,A01_general,1,0,4,Closed,Tonga Additional Budget Support 2024
NZ-1-ACT-0104120,NZ-1,New Zealand Ministry of Foreign Affairs and Trade,10,Bilateral,1,0,A01_general,1,0,4,Closed,Tonga -- Incentivising Public Sector Reform 2024
NZ-1-ACT-0104124,NZ-1,New Zealand Ministry of Foreign Affairs and Trade,10,Bilateral,0,1,A02_sector,1,0,2,Implementation,Waka fo Edukeison: Solomon Islands-New Zealand Education Partnership 2025-2035
NZ-1-ACT-0104126,NZ-1,New Zealand Ministry of Foreign Affairs and Trade,10,Bilateral,0,1,A02_sector,1,0,2,Implementation,Solomon Islands Fisheries Sector Support 2025-2029
NZ-1-ACT-0104218,NZ-1,New Zealand Ministry of Foreign Affairs and Trade,10,Bilateral,1,0,A01_general,1,0,4,Closed,Bridging Budget Support - January to June 2024
NZ-1-ACT-0104283,NZ-1,New Zealand Ministry of Foreign Affairs and Trade,10,Bilateral,1,0,A01_general,1,0,2,Implementation,Tokelau Budget Support 2025/26
NZ-1-ACT-0104284,NZ-1,New Zealand Ministry of Foreign Affairs and Trade,10,Bilateral,1,0,A01_general,1,0,2,Implementation,Tokelau Budget Support 2026/27
NZ-1-ACT-0104285,NZ-1,New Zealand Ministry of Foreign Affairs and Trade,10,Bilateral,1,0,A01_general,1,0,2,Implementation,Niue Core and Sector Support 2025-26
NZ-1-ACT-0104327,NZ-1,New Zealand Ministry of Foreign Affairs and Trade,10,Bilateral,0,1,A02_sector,1,0,1,Pipeline/identification,Samoa Education 2025-2031
NZ-1-ACT-0104329,NZ-1,New Zealand Ministry of Foreign Affairs and Trade,10,Bilateral,1,0,A01_general,1,0,3,Finalisation,Tuvalu - Additional Budget Support - 2024
NZ-1-ACT-0104449,NZ-1,New Zealand Ministry of Foreign Affairs and Trade,10,Bilateral,1,0,A01_general,1,0,2,Implementation,Vanuatu Reform-Linked Budget Support
NZ-1-ACT-0104505,NZ-1,New Zealand Ministry of Foreign Affairs and Trade,10,Bilateral,1,0,A01_general,1,0,4,Closed,Supplementary General Budget Support 2024 2025
NZ-1-ACT-0104560,NZ-1,New Zealand Ministry of Foreign Affairs and Trade,10,Bilateral,1,0,A01_general,1,0,2,Implementation,Tokelau Interim and Supplementary Budget Support
NZ-1-ACT-0104703,NZ-1,New Zealand Ministry of Foreign Affairs and Trade,10,Bilateral,1,0,A01_general,1,0,3,Finalisation,Niue Supplementary Budget Support 2024/25
NZ-1-ACT-0104720,NZ-1,New Zealand Ministry of Foreign Affairs and Trade,10,Bilateral,0,1,A02_sector,1,0,2,Implementation,Niue Development Bank Capitalisation
NZ-1-ACT-0104800,NZ-1,New Zealand Ministry of Foreign Affairs and Trade,10,Bilateral,0,1,A02_sector,1,0,2,Implementation,Support to HIV Outbreak in Fiji
NZ-1-ACT-0104876,NZ-1,New Zealand Ministry of Foreign Affairs and Trade,10,Bilateral,0,1,A02_sector,1,0,2,Implementation,Fisheries Support in RMI and FSM (Phase 2)
NZ-1-ACT-0105057,NZ-1,New Zealand Ministry of Foreign Affairs and Trade,10,Bilateral,1,0,A01_general,1,0,2,Implementation,Tonga Incentivising Public Sector Reform 25/26 - 26/27
NZ-1-ACT-0105129,NZ-1,New Zealand Ministry of Foreign Affairs and Trade,10,Bilateral,0,1,A02_sector,1,0,2,Implementation,Emergency Support for the Government of Samoa
NZ-1-ACT-0105157,NZ-1,New Zealand Ministry of Foreign Affairs and Trade,10,Bilateral,1,0,A01_general,1,0,2,Implementation,Niue Supplementary Core Support 2025/2026
NZ-1-ACT-0105177,NZ-1,New Zealand Ministry of Foreign Affairs and Trade,10,Bilateral,1,0,A01_general,1,0,2,Implementation,Fiji - Rapid Response Budget Support - Economic Recovery and Resilience
NZ-1-ACT-0A00446,NZ-1,New Zealand Ministry of Foreign Affairs and Trade,10,Bilateral,1,0,A01_general,1,0,4,Closed,Financial Management Support
NZ-1-ACT-0A00526,NZ-1,New Zealand Ministry of Foreign Affairs and Trade,10,Bilateral,0,1,A02_sector,1,0,4,Closed,Health Sector Programme
NZ-1-ACT-0A10201,NZ-1,New Zealand Ministry of Foreign Affairs and Trade,10,Bilateral,0,1,A02_sector,1,0,4,Closed,Support to the Vanuatu Education Road Map (VERM)
NZ-1-ACT-0A10372,NZ-1,New Zealand Ministry of Foreign Affairs and Trade,10,Bilateral,0,1,A02_sector,1,0,4,Closed,Fisheries Grant Funding Arrangement
NZ-1-ACT-0A10592,NZ-1,New Zealand Ministry of Foreign Affairs and Trade,10,Bilateral,0,1,A02_sector,1,0,4,Closed,Fisheries: Memorandum of Understanding with MPI - Te Vaka Moana Component
NZ-1-ACT-0A10772,NZ-1,New Zealand Ministry of Foreign Affairs and Trade,10,Bilateral,0,1,A02_sector,1,0,4,Closed,Administrative Assistance
NZ-1-ACT-0A10927,NZ-1,New Zealand Ministry of Foreign Affairs and Trade,10,Bilateral,0,1,A02_sector,1,0,4,Closed,Health Sector Support
NZ-1-ACT-0A10983,NZ-1,New Zealand Ministry of Foreign Affairs and Trade,10,Bilateral,0,1,A02_sector,1,0,4,Closed,Pacific Regional - Land Information New Zealand South West Pacific Hydrography Programme
NZ-1-ACT-0A10991,NZ-1,New Zealand Ministry of Foreign Affairs and Trade,10,Bilateral,0,1,A02_sector,1,0,4,Closed,Education Sector Support
NZ-1-ACT-0A11059,NZ-1,New Zealand Ministry of Foreign Affairs and Trade,10,Bilateral,1,0,A01_general,1,0,4,Closed,Budget Support to Incentivise Public Financial Management Reform
NZ-1-ACT-0A11138,NZ-1,New Zealand Ministry of Foreign Affairs and Trade,10,Bilateral,0,1,A02_sector,1,0,4,Closed,Education Budget Support
NZ-1-ACT-0A11142,NZ-1,New Zealand Ministry of Foreign Affairs and Trade,10,Bilateral,0,1,A02_sector,1,0,4,Closed,Education Support Nauru 2012-2014
NZ-1-ACT-0A11337,NZ-1,New Zealand Ministry of Foreign Affairs and Trade,10,Bilateral,0,1,A02_sector,1,0,4,Closed,Education Sector Support Programme
NZ-1-ACT-0A11439,NZ-1,New Zealand Ministry of Foreign Affairs and Trade,10,Bilateral,0,1,A02_sector,1,0,4,Closed,Education Sector Support 2013-2015
NZ-1-ACT-0A11470,NZ-1,New Zealand Ministry of Foreign Affairs and Trade,10,Bilateral,1,0,A01_general,1,0,4,Closed,Cyclone Evan Recovery/Rebuilding Programme
NZ-1-ACT-0A11524,NZ-1,New Zealand Ministry of Foreign Affairs and Trade,10,Bilateral,0,1,A02_sector,1,0,4,Closed,Tourism Sector Support 2013 - 2016
NZ-1-ACT-0A11555,NZ-1,New Zealand Ministry of Foreign Affairs and Trade,10,Bilateral,1,0,A01_general,1,0,4,Closed,Tokelau Budget Support 2013-14
NZ-1-ACT-0A11588,NZ-1,New Zealand Ministry of Foreign Affairs and Trade,10,Bilateral,1,0,A01_general,1,0,4,Closed,Budget Support 2013-14
NZ-1-ACT-0A11594,NZ-1,New Zealand Ministry of Foreign Affairs and Trade,10,Bilateral,0,1,A02_sector,1,0,4,Closed,Tonga Maritime Safety Programme
NZ-1-ACT-0A11596,NZ-1,New Zealand Ministry of Foreign Affairs and Trade,10,Bilateral,0,1,A02_sector,1,0,4,Closed,Cook Islands -  Maritime Safety
NZ-1-ACT-0A11603,NZ-1,New Zealand Ministry of Foreign Affairs and Trade,10,Bilateral,0,1,A02_sector,1,0,4,Closed,Regional Pacific - Maritime NZ Technical Assistance MOU - Maritime Safety Programme
NZ-1-ACT-0A11639,NZ-1,New Zealand Ministry of Foreign Affairs and Trade,10,Bilateral,0,1,A02_sector,1,0,4,Closed,Asset Maintenance Facility
NZ-1-ACT-0A11670,NZ-1,New Zealand Ministry of Foreign Affairs and Trade,10,Bilateral,0,1,A02_sector,1,0,4,Closed,Transport: Pacific Regional Aviation Group
NZ-1-ACT-0A11817,NZ-1,New Zealand Ministry of Foreign Affairs and Trade,10,Bilateral,0,1,A02_sector,1,0,4,Closed,Incentivising Economic Reform in Kiribati
NZ-1-ACT-0A11834,NZ-1,New Zealand Ministry of Foreign Affairs and Trade,10,Bilateral,1,0,A01_general,1,0,4,Closed,Tokelau Budget Support 2014-15
NZ-1-ACT-0A11836,NZ-1,New Zealand Ministry of Foreign Affairs and Trade,10,Bilateral,1,0,A01_general,1,0,4,Closed,Budget Support 2014-15
NZ-1-ACT-0A11839,NZ-1,New Zealand Ministry of Foreign Affairs and Trade,10,Bilateral,1,0,A01_general,1,0,4,Closed,Samoa Incentivising Economic Reform Phase Two
NZ-1-ACT-0A11913,NZ-1,New Zealand Ministry of Foreign Affairs and Trade,10,Bilateral,0,1,A02_sector,1,0,4,Closed,Ministry of Education and Human Resource Development Audit
NZ-1-ACT-0A11941,NZ-1,New Zealand Ministry of Foreign Affairs and Trade,10,Bilateral,0,1,A02_sector,1,0,4,Closed,Fisheries: Te Vaka Moana Workplan
NZ-1-ACT-0A11971,NZ-1,New Zealand Ministry of Foreign Affairs and Trade,10,Bilateral,0,1,A02_sector,1,0,4,Closed,Airport Infrastructure Support Project
NZ-1-ACT-0A12049,NZ-1,New Zealand Ministry of Foreign Affairs and Trade,10,Bilateral,1,0,A01_general,1,0,4,Closed,Tokelau Asset Management
NZ-1-ACT-0A12061,NZ-1,New Zealand Ministry of Foreign Affairs and Trade,10,Bilateral,0,1,A02_sector,1,0,4,Closed,Ministry of Education and Human Resources Development Mid-Term Review
NZ-1-ACT-0A12128,NZ-1,New Zealand Ministry of Foreign Affairs and Trade,10,Bilateral,0,1,A02_sector,1,0,4,Closed,Design of Pacific Maritime Safety Programme Stage Two
NZ-1-ACT-0A12254,NZ-1,New Zealand Ministry of Foreign Affairs and Trade,10,Bilateral,1,0,A01_general,1,0,4,Closed,Nepal earthquake deployment of supplies
NZ-1-ACT-0A12283,NZ-1,New Zealand Ministry of Foreign Affairs and Trade,10,Bilateral,1,0,A01_general,1,0,4,Closed,Performance Based Budget Support
NZ-1-ACT-0A12296,NZ-1,New Zealand Ministry of Foreign Affairs and Trade,10,Bilateral,1,0,A01_general,1,0,4,Closed,Budget Support 2015-16
NZ-1-ACT-0A12335,NZ-1,New Zealand Ministry of Foreign Affairs and Trade,10,Bilateral,1,0,A01_general,1,0,4,Closed,PFM - Public Financial Management
NZ-1-ACT-0A12359,NZ-1,New Zealand Ministry of Foreign Affairs and Trade,10,Bilateral,1,0,A01_general,1,0,4,Closed,General Budget Support
NZ-1-ACT-0A12438,NZ-1,New Zealand Ministry of Foreign Affairs and Trade,10,Bilateral,0,1,A02_sector,1,0,4,Closed,Education Support for Nauru 2014-2017
NZ-1-ACT-0A12554,NZ-1,New Zealand Ministry of Foreign Affairs and Trade,10,Bilateral,0,1,A02_sector,1,0,4,Closed,Niue - Sector Support: Education: 2016/17-2021/22
NZ-1-ACT-0A12555,NZ-1,New Zealand Ministry of Foreign Affairs and Trade,10,Bilateral,0,1,A02_sector,1,0,4,Closed,Sector Support: Health: 2016/17-2021/22
NZ-1-ACT-0A12560,NZ-1,New Zealand Ministry of Foreign Affairs and Trade,10,Bilateral,1,0,A01_general,1,0,4,Closed,Tonga Incentivising Economic and Public Sector Reform Budget Support
NZ-1-ACT-0A12575,NZ-1,New Zealand Ministry of Foreign Affairs and Trade,10,Bilateral,0,1,A02_sector,1,0,4,Closed,Sector Support: Asset Maintenance: 2015/16-2018/19
NZ-1-ACT-0A12592,NZ-1,New Zealand Ministry of Foreign Affairs and Trade,10,Bilateral,1,0,A01_general,1,0,4,Closed,Incentivising Economic Reform Kiribati 2016-2018
NZ-1-ACT-0A12607,NZ-1,New Zealand Ministry of Foreign Affairs and Trade,10,Bilateral,1,0,A01_general,1,0,4,Closed,Niue Budget Support 2016-2017
NZ-1-ACT-0A12639,NZ-1,New Zealand Ministry of Foreign Affairs and Trade,10,Bilateral,0,1,A02_sector,1,0,4,Closed,Tokelau Pacific Maritime Safety Programme Phase 2
NZ-1-ACT-0A12645,NZ-1,New Zealand Ministry of Foreign Affairs and Trade,10,Bilateral,0,1,A02_sector,1,0,4,Closed,Cook Islands Consolidated Core Sector Support to 2018
NZ-1-ACT-0A12678,NZ-1,New Zealand Ministry of Foreign Affairs and Trade,10,Bilateral,1,0,A01_general,1,0,4,Closed,Tokelau General Budget Support 2016/17
NZ-1-ACT-0A12759,NZ-1,New Zealand Ministry of Foreign Affairs and Trade,10,Bilateral,1,0,A01_general,1,0,4,Closed,Protocol Training
NZ-1-ACT-0A12771,NZ-1,New Zealand Ministry of Foreign Affairs and Trade,10,Bilateral,1,0,A01_general,1,0,4,Closed,Direct Budget Support to the Government of Tuvalu
NZ-1-ACT-0F12261,NZ-1,New Zealand Ministry of Foreign Affairs and Trade,10,Bilateral,0,1,A02_sector,1,0,4,Closed,Basic Education Programme
NZ-1-ACT-0R10965,NZ-1,New Zealand Ministry of Foreign Affairs and Trade,10,Bilateral,0,1,A02_sector,1,0,4,Closed,Social Impact Fund
NZ-1-ACT-0S12070,NZ-1,New Zealand Ministry of Foreign Affairs and Trade,10,Bilateral,0,1,A02_sector,1,0,4,Closed,Niue Tourism Marketing Initiative: Phase Two
NZ-1-ACT-0S12081,NZ-1,New Zealand Ministry of Foreign Affairs and Trade,10,Bilateral,0,1,A02_sector,1,0,4,Closed,Niue Administrative Assistance
NZ-1-ACT-0S12197,NZ-1,New Zealand Ministry of Foreign Affairs and Trade,10,Bilateral,0,1,A02_sector,1,0,4,Closed,Asset Maintenance Facility 2014/15
PS-TIN-888005972-SO1,PS-TIN-888005972,EN: Water sector regulatory council,15,Multilateral,0,1,A02_sector,1,1,4,Closed,EN: SO1: Improved transparency for consumers on (waste)water service providers' (SPs and RWUs) performance and adherence to governance principles.
PS-TIN-888005972-SO2,PS-TIN-888005972,EN: Water sector regulatory council,15,Multilateral,0,1,A02_sector,1,1,4,Closed,EN: SO2: Financial performance of water and wastewater SPs and RWUs improved
PS-TIN-888005972-SO3,PS-TIN-888005972,EN: Water sector regulatory council,15,Multilateral,0,1,A02_sector,1,1,4,Closed,EN: SO3: Operational performance of water and wastewater SPs and RWUs improved.
PS-TIN-888005972-SO4,PS-TIN-888005972,EN: Water sector regulatory council,15,Multilateral,0,1,A02_sector,1,1,2,Implementation,EN: SO4: Citizen's engagement and satisfaction towards water and wastewater SPs and RWUs is being monitored by the WSRC.
PS-TIN-888005972-SO5,PS-TIN-888005972,EN: Water sector regulatory council,15,Multilateral,0,1,A02_sector,1,1,4,Closed,EN: SO5: WSRC’s organizational capacity strengthened.
XI-IATI-CWSEC-Q0104,XI-IATI-CWSEC,EN: The Commonwealth Secretariat,40,Multilateral,1,0,A01_general,1,0,2,Implementation,"EN: Political Analysis, Advice and Engagement"
XI-IATI-CWSEC-Q0201,XI-IATI-CWSEC,EN: The Commonwealth Secretariat,40,Multilateral,1,0,A01_general,1,0,2,Implementation,EN: Strengthening Electoral Process Through Full Cycle Approach
XI-IATI-CWSEC-Q0301,XI-IATI-CWSEC,EN: The Commonwealth Secretariat,40,Multilateral,1,0,A01_general,1,0,2,Implementation,EN: Effective rule of law frameworks
XI-IATI-CWSEC-Q0304,XI-IATI-CWSEC,EN: The Commonwealth Secretariat,40,Multilateral,1,0,A01_general,1,0,2,Implementation,EN: Human Rights Frameworks
XI-IATI-CWSEC-Q0305,XI-IATI-CWSEC,EN: The Commonwealth Secretariat,40,Multilateral,1,0,A01_general,1,0,2,Implementation,Commonwealth Anti-Corruption Centre and Networks
XI-IATI-CWSEC-Q0306,XI-IATI-CWSEC,EN: The Commonwealth Secretariat,40,Multilateral,1,0,A01_general,1,0,2,Implementation,Cyber Frameworks
XI-IATI-CWSEC-Q0308,XI-IATI-CWSEC,EN: The Commonwealth Secretariat,40,Multilateral,1,0,A01_general,1,0,2,Implementation,EN: Office of Civil and Criminal Justice Reform
XI-IATI-CWSEC-Q0501,XI-IATI-CWSEC,EN: The Commonwealth Secretariat,40,Multilateral,1,0,A01_general,1,0,2,Implementation,EN: Trade Competitiveness
XI-IATI-CWSEC-Q0502,XI-IATI-CWSEC,EN: The Commonwealth Secretariat,40,Multilateral,1,0,A01_general,1,0,2,Implementation,EN: International Trade Policy
XI-IATI-CWSEC-Q0503,XI-IATI-CWSEC,EN: The Commonwealth Secretariat,40,Multilateral,1,0,A01_general,1,0,2,Implementation,Commonwealth Connectivity Agenda and Trade Ministers Meeting
XI-IATI-CWSEC-Q0601,XI-IATI-CWSEC,EN: The Commonwealth Secretariat,40,Multilateral,1,0,A01_general,1,0,2,Implementation,EN: Promoting International Sound Practices in PDM
XI-IATI-CWSEC-Q0603,XI-IATI-CWSEC,EN: The Commonwealth Secretariat,40,Multilateral,1,0,A01_general,1,0,2,Implementation,EN: Institutionalise Commonwealth Meridian to support public finance management through effective debt management and improved debt data transparency
XI-IATI-CWSEC-Q0701,XI-IATI-CWSEC,EN: The Commonwealth Secretariat,40,Multilateral,1,0,A01_general,1,0,2,Implementation,EN: Natural Resources
XI-IATI-CWSEC-Q0801,XI-IATI-CWSEC,EN: The Commonwealth Secretariat,40,Multilateral,1,0,A01_general,1,0,2,Implementation,"EN: Promoting sport, quality of life and health"
XI-IATI-CWSEC-Q0802,XI-IATI-CWSEC,EN: The Commonwealth Secretariat,40,Multilateral,1,0,A01_general,1,0,2,Implementation,EN: Strengthening SDG 3 through Equitable Health Systems and Security
XI-IATI-CWSEC-Q0803,XI-IATI-CWSEC,EN: The Commonwealth Secretariat,40,Multilateral,1,0,A01_general,1,0,2,Implementation,EN: Equitable learning for inclusion and resilience
XI-IATI-CWSEC-Q0901,XI-IATI-CWSEC,EN: The Commonwealth Secretariat,40,Multilateral,1,0,A01_general,1,0,2,Implementation,Commonwealth Blue Charter
XI-IATI-CWSEC-Q1001,XI-IATI-CWSEC,EN: The Commonwealth Secretariat,40,Multilateral,1,0,A01_general,1,0,2,Implementation,EN: Improved Access Climate Finance
XI-IATI-CWSEC-Q1101,XI-IATI-CWSEC,EN: The Commonwealth Secretariat,40,Multilateral,1,0,A01_general,1,0,2,Implementation,Commonwealth Finance Ministers Meeting (CFMM)
XI-IATI-CWSEC-Q1203,XI-IATI-CWSEC,EN: The Commonwealth Secretariat,40,Multilateral,1,0,A01_general,1,0,2,Implementation,EN: Supporting fiscal sustainability and improving access to finance
XI-IATI-CWSEC-Q1301,XI-IATI-CWSEC,EN: The Commonwealth Secretariat,40,Multilateral,1,0,A01_general,1,0,2,Implementation,"EN: Youth Mainstreaming, Participation and Inclusion"
XI-IATI-CWSEC-Q1302,XI-IATI-CWSEC,EN: The Commonwealth Secretariat,40,Multilateral,1,0,A01_general,1,0,2,Implementation,EN: Professionalisation of Youth Work
XI-IATI-CWSEC-Q1303,XI-IATI-CWSEC,EN: The Commonwealth Secretariat,40,Multilateral,1,0,A01_general,1,0,2,Implementation,EN: Youth Skills Development and Economic Empowerment
XI-IATI-CWSEC-Q1401,XI-IATI-CWSEC,EN: The Commonwealth Secretariat,40,Multilateral,1,0,A01_general,1,0,2,Implementation,EN: Gender Equality & Women's Empowerment
XI-IATI-CWSEC-R11P03,XI-IATI-CWSEC,EN: The Commonwealth Secretariat,40,Multilateral,1,0,A01_general,1,0,2,Implementation,EN: Secretary-General's Good Offices
XI-IATI-CWSEC-R11P04,XI-IATI-CWSEC,EN: The Commonwealth Secretariat,40,Multilateral,1,0,A01_general,1,0,2,Implementation,EN: CLMM
XI-IATI-CWSEC-R11P05,XI-IATI-CWSEC,EN: The Commonwealth Secretariat,40,Multilateral,1,0,A01_general,1,0,2,Implementation,EN: Strengthened Electoral Systems and Institutions
XI-IATI-CWSEC-R11P06,XI-IATI-CWSEC,EN: The Commonwealth Secretariat,40,Multilateral,1,0,A01_general,1,0,2,Implementation,"EN: Supporting Responsive Good Governance, Rule of Law and Human Rights"
XI-IATI-CWSEC-R11P07,XI-IATI-CWSEC,EN: The Commonwealth Secretariat,40,Multilateral,1,0,A01_general,1,0,2,Implementation,"EN: Enhanced Political Engagement in Africa, Asia, Caribbean and the Americas, Europe, and the Pacific"
XI-IATI-CWSEC-R11P09,XI-IATI-CWSEC,EN: The Commonwealth Secretariat,40,Multilateral,1,0,A01_general,1,0,2,Implementation,EN: Strengthening Institutional Response to Cyber Threats
XI-IATI-CWSEC-R12P01,XI-IATI-CWSEC,EN: The Commonwealth Secretariat,40,Multilateral,1,0,A01_general,1,0,2,Implementation,EN: Enhancing Citizen Political Participation in Governance
XI-IATI-CWSEC-R21P01,XI-IATI-CWSEC,EN: The Commonwealth Secretariat,40,Multilateral,1,0,A01_general,1,0,2,Implementation,"EN: Resilient, Innovative and Sustainable Debt Management"
XI-IATI-CWSEC-R22P01,XI-IATI-CWSEC,EN: The Commonwealth Secretariat,40,Multilateral,1,0,A01_general,1,0,2,Implementation,EN: Creating Shared Prosperity Through Intra Commonwealth Trade
XI-IATI-CWSEC-R31P01,XI-IATI-CWSEC,EN: The Commonwealth Secretariat,40,Multilateral,1,0,A01_general,1,0,2,Implementation,EN: Energy and Natural Resources
XI-IATI-CWSEC-R32P01,XI-IATI-CWSEC,EN: The Commonwealth Secretariat,40,Multilateral,1,0,A01_general,1,0,2,Implementation,EN: Assisting Commonwealth Member Countries Conserve and Sustainably Use the Oceans
XI-IATI-CWSEC-R32P02,XI-IATI-CWSEC,EN: The Commonwealth Secretariat,40,Multilateral,1,0,A01_general,1,0,2,Implementation,EN: Enhanced Access to Climate Finance
XI-IATI-CWSEC-R43P01,XI-IATI-CWSEC,EN: The Commonwealth Secretariat,40,Multilateral,1,0,A01_general,1,0,2,Implementation,EN: Office of Secretary General
XI-IATI-CWSEC-R44P01,XI-IATI-CWSEC,EN: The Commonwealth Secretariat,40,Multilateral,1,0,A01_general,1,0,2,Implementation,EN: Communications
XI-IATI-CWSEC-R71P03,XI-IATI-CWSEC,EN: The Commonwealth Secretariat,40,Multilateral,1,0,A01_general,1,0,2,Implementation,EN: LG3 The Commonwealth Faith Festival: Peacebuilding through Faith
XI-IATI-EC_INTPA-2008-ACT-D-20972-01,XI-IATI-EC_INTPA,European Commission - Directorate-General for International Partnerships,15,Multilateral,1,0,A01_general,1,0,2,Implementation,CONTRAT OMD ABCRP 2009-2014 (APPUI BUDGETAIRE POUR LA CROISSNCE ET LA REDUCTION DE LA PAUVRETE)
XI-IATI-EC_INTPA-2014-ACT-D-25027-00,XI-IATI-EC_INTPA,European Commission - Directorate-General for International Partnerships,15,Multilateral,0,1,A02_sector,1,0,2,Implementation,SBS Implementation of the National Strategy to Fight against Drug Trafficking and Reduction of Surplus Cultivation of Coca (ELCNyRCEC 2011-2015)
XI-IATI-EC_INTPA-2015-ACT-D-37809-00,XI-IATI-EC_INTPA,European Commission - Directorate-General for International Partnerships,15,Multilateral,0,1,A02_sector,1,0,2,Implementation,Education Sector Reform Contract
XI-IATI-EC_INTPA-2015-ACT-D-37956-00,XI-IATI-EC_INTPA,European Commission - Directorate-General for International Partnerships,15,Multilateral,0,1,A02_sector,1,0,2,Implementation,Programme d'Appui à la Stratégie Nationale de Développement et Inclusion Sociale (EURO-ENDIS)
XI-IATI-EC_INTPA-2015-ACT-D-38103-00,XI-IATI-EC_INTPA,European Commission - Directorate-General for International Partnerships,15,Multilateral,0,1,A02_sector,1,0,2,Implementation,EUROSAN BUDGET
XI-IATI-EC_INTPA-2015-ACT-D-38149-00,XI-IATI-EC_INTPA,European Commission - Directorate-General for International Partnerships,15,Multilateral,0,1,A02_sector,1,0,2,Implementation,Strengthening Democracy through Electoral Reform  Sector Reform Contract
XI-IATI-EC_INTPA-2015-ACT-D-38302-01,XI-IATI-EC_INTPA,European Commission - Directorate-General for International Partnerships,15,Multilateral,0,1,A02_sector,1,0,2,Implementation,Sector Reform Contract for Regional Competitiveness in Colombia - CReC
XI-IATI-EC_INTPA-2015-ACT-D-38302-02,XI-IATI-EC_INTPA,European Commission - Directorate-General for International Partnerships,15,Multilateral,0,1,A02_sector,1,0,2,Implementation,Sector Reform Contract for Regional Competitiveness in Colombia - CReC
XI-IATI-EC_INTPA-2015-ACT-D-38388-00,XI-IATI-EC_INTPA,European Commission - Directorate-General for International Partnerships,15,Multilateral,1,0,A01_general,1,0,2,Implementation,Contrat d'appui à la Consolidation de l'Etat du Mali - 11ieme FED
XI-IATI-EC_INTPA-2015-ACT-D-38504-00,XI-IATI-EC_INTPA,European Commission - Directorate-General for International Partnerships,15,Multilateral,0,1,A02_sector,1,0,2,Implementation,Energy Sector Reform Contract II
XI-IATI-EC_INTPA-2015-ACT-D-38731-01,XI-IATI-EC_INTPA,European Commission - Directorate-General for International Partnerships,15,Multilateral,0,1,A02_sector,1,0,2,Implementation,Justice Sector Reform Contract
XI-IATI-EC_INTPA-2016-ACT-D-37486-02,XI-IATI-EC_INTPA,European Commission - Directorate-General for International Partnerships,15,Multilateral,0,1,A02_sector,1,0,2,Implementation,"Sector Reform Contract to enhance the agriculture sector's sustainable use of land and water resources, value creation and contribution to nutrition security"
XI-IATI-EC_INTPA-2016-ACT-D-37957-01,XI-IATI-EC_INTPA,European Commission - Directorate-General for International Partnerships,15,Multilateral,0,1,A02_sector,1,0,2,Implementation,Partnership to improve service delivery through strengthened Public Finance Management and Oversight (PFMO)
XI-IATI-EC_INTPA-2016-ACT-D-37972-00,XI-IATI-EC_INTPA,European Commission - Directorate-General for International Partnerships,15,Multilateral,0,1,A02_sector,1,0,2,Implementation,Energy Sector Policy Support Programme to enhance Access to Sustainable Energy in Rural Areas of Viet Nam
XI-IATI-EC_INTPA-2016-ACT-D-38030-00,XI-IATI-EC_INTPA,European Commission - Directorate-General for International Partnerships,15,Multilateral,0,1,A02_sector,1,0,2,Implementation,Supporting Nepal's School Sector
XI-IATI-EC_INTPA-2016-ACT-D-38107-00,XI-IATI-EC_INTPA,European Commission - Directorate-General for International Partnerships,15,Multilateral,0,1,A02_sector,1,0,2,Implementation,Sector Reform Contract (SRC) to increase performance of Rwanda's energy sector and develop the corresponding institutional capacities
XI-IATI-EC_INTPA-2016-ACT-D-38233-00,XI-IATI-EC_INTPA,European Commission - Directorate-General for International Partnerships,15,Multilateral,0,1,A02_sector,1,0,2,Implementation,Contrat Reforme Sectorielle Education de base FED 11
XI-IATI-EC_INTPA-2016-ACT-D-38320-00,XI-IATI-EC_INTPA,European Commission - Directorate-General for International Partnerships,15,Multilateral,0,1,A02_sector,1,0,2,Implementation,Contrat de réforme sectorielle Sécurité alimentaire et nutritionnelle et développement agricole durable » au Niger
XI-IATI-EC_INTPA-2016-ACT-D-38386-00,XI-IATI-EC_INTPA,European Commission - Directorate-General for International Partnerships,15,Multilateral,0,1,A02_sector,1,0,2,Implementation,Health Sector Reform Contract
XI-IATI-EC_INTPA-2016-ACT-D-38540-01,XI-IATI-EC_INTPA,European Commission - Directorate-General for International Partnerships,15,Multilateral,1,0,A01_general,1,0,2,Implementation,Contrat de consolidation de l'Etat ( SBCT-2)
XI-IATI-EC_INTPA-2016-ACT-D-38564-01,XI-IATI-EC_INTPA,European Commission - Directorate-General for International Partnerships,15,Multilateral,0,1,A02_sector,1,0,2,Implementation,Programme d'appui à la politique sectorielle santé 2
XI-IATI-EC_INTPA-2016-ACT-D-38569-00,XI-IATI-EC_INTPA,European Commission - Directorate-General for International Partnerships,15,Multilateral,0,1,A02_sector,1,0,2,Implementation,Programme d'Appui à la Politique Sectorielle Eau et Assainissement (PAPS-EA)
XI-IATI-EC_INTPA-2016-ACT-D-38574-01,XI-IATI-EC_INTPA,European Commission - Directorate-General for International Partnerships,15,Multilateral,1,0,A01_general,1,0,2,Implementation,State and Resilience Buliding Contract
XI-IATI-EC_INTPA-2016-ACT-D-38575-00,XI-IATI-EC_INTPA,European Commission - Directorate-General for International Partnerships,15,Multilateral,0,1,A02_sector,1,0,2,Implementation,"Programme d'appui à la sécurité alimentaire et nutritionnelle, à l'agriculture durable et à la résilience au Burkina Faso"
XI-IATI-EC_INTPA-2016-ACT-D-38868-01,XI-IATI-EC_INTPA,European Commission - Directorate-General for International Partnerships,15,Multilateral,0,1,A02_sector,1,0,2,Implementation,RMI-Support for the reform of the energy sector
XI-IATI-EC_INTPA-2016-ACT-D-38939-00,XI-IATI-EC_INTPA,European Commission - Directorate-General for International Partnerships,15,Multilateral,0,1,A02_sector,1,0,2,Implementation,Tanzania Economic and Fiscal Governance Programme
XI-IATI-EC_INTPA-2016-ACT-D-38972-00,XI-IATI-EC_INTPA,European Commission - Directorate-General for International Partnerships,15,Multilateral,0,1,A02_sector,1,0,2,Implementation,Contrat Reforme Sectorielle secteur Agricole SANAD (focus sur filière rizicole et gouvernance à l'Office du Niger)
XI-IATI-EC_INTPA-2016-ACT-D-39297-00,XI-IATI-EC_INTPA,European Commission - Directorate-General for International Partnerships,15,Multilateral,0,1,A02_sector,1,0,2,Implementation,Employment Promotion through SMMEs Support Programme for the Republic of South Africa
XI-IATI-EC_INTPA-2016-ACT-D-39310-00,XI-IATI-EC_INTPA,European Commission - Directorate-General for International Partnerships,15,Multilateral,1,0,A01_general,1,0,2,Implementation,Programme d'appui à la consolidation de l'Etat - République tchadienne II
XI-IATI-EC_INTPA-2016-ACT-D-39312-00,XI-IATI-EC_INTPA,European Commission - Directorate-General for International Partnerships,15,Multilateral,0,1,A02_sector,1,0,2,Implementation,PROGRAMME TO SUPPORT TECHNICAL AND VOCATIONAL EDUCATION TRAINING (TVET) IN DOMINICAN REPUBLIC
XI-IATI-EC_INTPA-2016-PCC-375131,XI-IATI-EC_INTPA,European Commission - Directorate-General for International Partnerships,15,Multilateral,0,1,A02_sector,1,0,2,Implementation,Kyrgyz Republic Capacity Building in Public Financial Management II Multi-Donor Trust Fund
XI-IATI-EC_INTPA-2017-ACT-D-38831-00,XI-IATI-EC_INTPA,European Commission - Directorate-General for International Partnerships,15,Multilateral,0,1,A02_sector,1,0,2,Implementation,EU support to Sub-National Democratic Development  Phase II (SNDD II)
XI-IATI-EC_INTPA-2017-ACT-D-39148-00,XI-IATI-EC_INTPA,European Commission - Directorate-General for International Partnerships,15,Multilateral,1,0,A01_general,1,0,2,Implementation,Programme Haitien d'Appui à la Réforme de l'Etat (SBC-II)
XI-IATI-EC_INTPA-2017-ACT-D-39228-00,XI-IATI-EC_INTPA,European Commission - Directorate-General for International Partnerships,15,Multilateral,0,1,A02_sector,1,0,2,Implementation,Addressing Environmental and Climate Change challenges through Improved Forest Management in Jamaica
XI-IATI-EC_INTPA-2017-ACT-D-39288-00,XI-IATI-EC_INTPA,European Commission - Directorate-General for International Partnerships,15,Multilateral,0,1,A02_sector,1,0,2,Implementation,Development through Enhanced Education Programme (DEEP) - Addendum 5 (extension EOI and FDI FA)
XI-IATI-EC_INTPA-2017-ACT-D-39656-00,XI-IATI-EC_INTPA,European Commission - Directorate-General for International Partnerships,15,Multilateral,0,1,A02_sector,1,0,2,Implementation,Human Capital Development Programme for Bangladesh 2021 (HCDP 21) - MA part 1
XI-IATI-EC_INTPA-2017-ACT-D-39674-04,XI-IATI-EC_INTPA,European Commission - Directorate-General for International Partnerships,15,Multilateral,1,0,A01_general,1,0,2,Implementation,Programme d'Appui à la Consolidation de l'Etat - PACE II
XI-IATI-EC_INTPA-2017-ACT-D-39902-00,XI-IATI-EC_INTPA,European Commission - Directorate-General for International Partnerships,15,Multilateral,0,1,A02_sector,1,0,2,Implementation,EU-Cambodia Education Sector Reform Partnership 2018-2021
XI-IATI-EC_INTPA-2017-ACT-D-40022-00,XI-IATI-EC_INTPA,European Commission - Directorate-General for International Partnerships,15,Multilateral,0,1,A02_sector,1,0,2,Implementation,Support Programme to the National System of Innovation
XI-IATI-EC_INTPA-2017-ACT-D-40031-01,XI-IATI-EC_INTPA,European Commission - Directorate-General for International Partnerships,15,Multilateral,0,1,A02_sector,1,0,2,Implementation,Contrat de réforme sectorielle  Développement Rural
XI-IATI-EC_INTPA-2017-ACT-D-40033-01,XI-IATI-EC_INTPA,European Commission - Directorate-General for International Partnerships,15,Multilateral,0,1,A02_sector,1,0,2,Implementation,Education for Employability (E4E)
XI-IATI-EC_INTPA-2017-ACT-D-40134-00,XI-IATI-EC_INTPA,European Commission - Directorate-General for International Partnerships,15,Multilateral,0,1,A02_sector,1,0,2,Implementation,APOYO AL PLAN EL SALVADOR SEGURO (PESS)
XI-IATI-EC_INTPA-2017-PCC-385290,XI-IATI-EC_INTPA,European Commission - Directorate-General for International Partnerships,15,Multilateral,0,1,A02_sector,1,0,2,Implementation,"Support to the Government of Rwanda in the design, testing, implementation and dissemination of rigorous agricultural impact evaluation"
XI-IATI-EC_INTPA-2017-PCC-389389,XI-IATI-EC_INTPA,European Commission - Directorate-General for International Partnerships,15,Multilateral,0,1,A02_sector,1,0,2,Implementation,Projet d'appui aux acteurs pour le développement durable de la chaîne de valeur riz dans la zone Office du Niger (PARIZON)
XI-IATI-EC_INTPA-2017-PCC-392914,XI-IATI-EC_INTPA,European Commission - Directorate-General for International Partnerships,15,Multilateral,1,0,A01_general,1,0,2,Implementation,Programme d'appui ¿ la consolidation de l'Etat
XI-IATI-EC_INTPA-2018-ACT-D-38945-00,XI-IATI-EC_INTPA,European Commission - Directorate-General for International Partnerships,15,Multilateral,0,1,A02_sector,1,0,2,Implementation,Supporting Better Connectivity for Saint Helena
XI-IATI-EC_INTPA-2018-ACT-D-39315-00,XI-IATI-EC_INTPA,European Commission - Directorate-General for International Partnerships,15,Multilateral,0,1,A02_sector,1,0,2,Implementation,Programme in Support of DR Public Administration and Finance Reform and Domestic Revenue Mobilization
XI-IATI-EC_INTPA-2018-ACT-D-39665-00,XI-IATI-EC_INTPA,European Commission - Directorate-General for International Partnerships,15,Multilateral,0,1,A02_sector,1,0,2,Implementation,Enhancing the education and skills base in Myanmar.
XI-IATI-EC_INTPA-2018-ACT-D-39797-00,XI-IATI-EC_INTPA,European Commission - Directorate-General for International Partnerships,15,Multilateral,0,1,A02_sector,1,0,2,Implementation,''Agri-Connect: Supporting value chains for shared prosperity''  (Agri Component) 11th EDF
XI-IATI-EC_INTPA-2018-ACT-D-39984-00,XI-IATI-EC_INTPA,European Commission - Directorate-General for International Partnerships,15,Multilateral,0,1,A02_sector,1,0,2,Implementation,Partnership for Improving Nutrition in Timor-Leste
XI-IATI-EC_INTPA-2018-ACT-D-39985-00,XI-IATI-EC_INTPA,European Commission - Directorate-General for International Partnerships,15,Multilateral,0,1,A02_sector,1,0,2,Implementation,Basic Education Support Programme in Lao PDR
XI-IATI-EC_INTPA-2018-ACT-D-40643-00,XI-IATI-EC_INTPA,European Commission - Directorate-General for International Partnerships,15,Multilateral,0,1,A02_sector,1,0,2,Implementation,Human Capital Development Programme for Bangladesh 2021 (HCDP 21) - MA part 2
XI-IATI-EC_INTPA-2018-ACT-D-40697-00,XI-IATI-EC_INTPA,European Commission - Directorate-General for International Partnerships,15,Multilateral,0,1,A02_sector,1,0,2,Implementation,Acceso al empleo a través de la mejora de las habilidades laborales y el fomento empresarial en Honduras'' (EURO +EMPLEO)
XI-IATI-EC_INTPA-2018-ACT-D-40701-00,XI-IATI-EC_INTPA,European Commission - Directorate-General for International Partnerships,15,Multilateral,0,1,A02_sector,1,0,2,Implementation,Support to National Social Security Strategy reforms in Bangladesh
XI-IATI-EC_INTPA-2018-ACT-D-40839-01,XI-IATI-EC_INTPA,European Commission - Directorate-General for International Partnerships,15,Multilateral,1,0,A01_general,1,0,2,Implementation,Contrat relatif à la Résilience et Construction de l'Etat (SRBC) FED 11
XI-IATI-EC_INTPA-2018-ACT-D-40854-00,XI-IATI-EC_INTPA,European Commission - Directorate-General for International Partnerships,15,Multilateral,0,1,A02_sector,1,0,2,Implementation,Support Programme to the Wine and Spirits Sector in South Africa
XI-IATI-EC_INTPA-2018-ACT-D-40855-00,XI-IATI-EC_INTPA,European Commission - Directorate-General for International Partnerships,15,Multilateral,1,0,A01_general,1,0,2,Implementation,11th EDF B- Envelope - State Building Contract for Dominica for Rehabilitation following Tropical Hurricane Maria
XI-IATI-EC_INTPA-2018-ACT-D-40874-00,XI-IATI-EC_INTPA,European Commission - Directorate-General for International Partnerships,15,Multilateral,0,1,A02_sector,1,0,2,Implementation,EU Support to Public Finance Management Reform Stage III (2)
XI-IATI-EC_INTPA-2018-ACT-D-40929-00,XI-IATI-EC_INTPA,European Commission - Directorate-General for International Partnerships,15,Multilateral,1,0,A01_general,1,0,2,Implementation,Contrat Objectifs de Développement Durable
XI-IATI-EC_INTPA-2018-ACT-D-41015-01,XI-IATI-EC_INTPA,European Commission - Directorate-General for International Partnerships,15,Multilateral,0,1,A02_sector,1,0,2,Implementation,Gender Equality and Women Empowerment Programme
XI-IATI-EC_INTPA-2018-ACT-D-41630-00,XI-IATI-EC_INTPA,European Commission - Directorate-General for International Partnerships,15,Multilateral,0,1,A02_sector,1,0,2,Implementation,EDF 11  Dominica / EU Renewable Energy and Energy Efficiency
XI-IATI-EC_INTPA-2018-PCC-383693,XI-IATI-EC_INTPA,European Commission - Directorate-General for International Partnerships,15,Multilateral,0,1,A02_sector,1,0,2,Implementation,Devis programme PAPS 2
XI-IATI-EC_INTPA-2018-PCC-397039,XI-IATI-EC_INTPA,European Commission - Directorate-General for International Partnerships,15,Multilateral,0,1,A02_sector,1,0,2,Implementation,Multi-Annual Programme Estimate - Support to the implementation of the EDF 11 Energy Programme in RMI
XI-IATI-EC_INTPA-2018-PCC-397046,XI-IATI-EC_INTPA,European Commission - Directorate-General for International Partnerships,15,Multilateral,0,1,A02_sector,1,0,2,Implementation,"Implementation of the Functional Review and action plan for the Energy Division of the Ministry of Infrastructures, Rwanda"
XI-IATI-EC_INTPA-2018-PCC-397120,XI-IATI-EC_INTPA,European Commission - Directorate-General for International Partnerships,15,Multilateral,1,0,A01_general,1,0,2,Implementation,SBC-II Composante appui budgétaire
XI-IATI-EC_INTPA-2018-PCC-397536,XI-IATI-EC_INTPA,European Commission - Directorate-General for International Partnerships,15,Multilateral,0,1,A02_sector,1,0,2,Implementation,"LA SANTE VIENT EN MANGEANT: Projet pour la prévention de la malnutrition chronique, l'amélioration de l'accès à l'alimentation et le renforcement de la gouvernance participative de la nutrition dans les Districts Sanitaire de Banfora et Mangodara."
XI-IATI-EC_INTPA-2018-PCC-397670,XI-IATI-EC_INTPA,European Commission - Directorate-General for International Partnerships,15,Multilateral,0,1,A02_sector,1,0,2,Implementation,Support to Health professionals Licensing Exam Administration and Development (health-LEAD) in Ethiopia
XI-IATI-EC_INTPA-2018-PCC-399023,XI-IATI-EC_INTPA,European Commission - Directorate-General for International Partnerships,15,Multilateral,1,0,A01_general,1,0,2,Implementation,"Appui à la fiscalité, la gouvernance du territoire, la gouvernance financière de l'éducation"
XI-IATI-EC_INTPA-2018-PCC-402069,XI-IATI-EC_INTPA,European Commission - Directorate-General for International Partnerships,15,Multilateral,0,1,A02_sector,1,0,2,Implementation,Budget Support Implementation Contract Education for Employability (E4E).
XI-IATI-EC_INTPA-2018-PCC-402235,XI-IATI-EC_INTPA,European Commission - Directorate-General for International Partnerships,15,Multilateral,0,1,A02_sector,1,0,2,Implementation,Budget Support Programme to the National System of Innovation
XI-IATI-EC_INTPA-2018-PCC-404409,XI-IATI-EC_INTPA,European Commission - Directorate-General for International Partnerships,15,Multilateral,0,1,A02_sector,1,0,2,Implementation,Sector Budget Support for Human Capital Development Programme 2021 (HCDP 21)
XI-IATI-EC_INTPA-2018-PCC-404429,XI-IATI-EC_INTPA,European Commission - Directorate-General for International Partnerships,15,Multilateral,1,0,A01_general,1,0,2,Implementation,DPP ACET 2-Contract related to: DPP ACET 2 - Volet II appui budgétaire avec composante d'appui complémentaire
XI-IATI-EC_INTPA-2019-ACT-D-38918-00,XI-IATI-EC_INTPA,European Commission - Directorate-General for International Partnerships,15,Multilateral,0,1,A02_sector,1,0,2,Implementation,Support to the Paraguayan Social Protection System Vamos!
XI-IATI-EC_INTPA-2019-ACT-D-39998-00,XI-IATI-EC_INTPA,European Commission - Directorate-General for International Partnerships,15,Multilateral,0,1,A02_sector,1,0,2,Implementation,Enhancing Rural Nutrition in Myanmar: support to the National Agriculture Development Strategy and its contribution to the Multi-Sectoral National Plan of Action for Nutrition
XI-IATI-EC_INTPA-2019-ACT-D-40019-00,XI-IATI-EC_INTPA,European Commission - Directorate-General for International Partnerships,15,Multilateral,0,1,A02_sector,1,0,2,Implementation,Sanitation in small communities and water resilience in cities
XI-IATI-EC_INTPA-2019-ACT-D-40807-00,XI-IATI-EC_INTPA,European Commission - Directorate-General for International Partnerships,15,Multilateral,1,0,A01_general,1,0,2,Implementation,Programme d'appui à la consolidation de l'Etat - République Tchadienne - III
XI-IATI-EC_INTPA-2019-ACT-D-40840-00,XI-IATI-EC_INTPA,European Commission - Directorate-General for International Partnerships,15,Multilateral,0,1,A02_sector,1,0,2,Implementation,EUROSAN DeL
XI-IATI-EC_INTPA-2019-ACT-D-40939-00,XI-IATI-EC_INTPA,European Commission - Directorate-General for International Partnerships,15,Multilateral,0,1,A02_sector,1,0,2,Implementation,Climate Change Sector Reform Performance Contract in Ethiopia
XI-IATI-EC_INTPA-2019-ACT-D-41123-00,XI-IATI-EC_INTPA,European Commission - Directorate-General for International Partnerships,15,Multilateral,0,1,A02_sector,1,0,2,Implementation,Support to the Lao PDR National Nutrition Strategy and Plan of Action
XI-IATI-EC_INTPA-2019-ACT-D-41264-00,XI-IATI-EC_INTPA,European Commission - Directorate-General for International Partnerships,15,Multilateral,1,0,A01_general,1,0,2,Implementation,State and Resilience Building Contract III
XI-IATI-EC_INTPA-2019-ACT-D-41517-00,XI-IATI-EC_INTPA,European Commission - Directorate-General for International Partnerships,15,Multilateral,0,1,A02_sector,1,0,2,Implementation,Contrato de Reforma Sectorial ''Apoyo a la Política de Desarrollo Rural en Colombia'' Fase II
XI-IATI-EC_INTPA-2019-ACT-D-41577-00,XI-IATI-EC_INTPA,European Commission - Directorate-General for International Partnerships,15,Multilateral,0,1,A02_sector,1,0,2,Implementation,Supporting Programme to Decentralisation and Deconcentration process in Timor-Leste (SPDD-TL)
XI-IATI-EC_INTPA-2019-ACT-D-41594-00,XI-IATI-EC_INTPA,European Commission - Directorate-General for International Partnerships,15,Multilateral,0,1,A02_sector,1,0,2,Implementation,  CAPFISH-Capture Cambodia Programme for Sustainable and Inclusive Growth in the Fisheries Sector: Capture component  - MA part 2
XI-IATI-EC_INTPA-2019-ACT-D-41736-00,XI-IATI-EC_INTPA,European Commission - Directorate-General for International Partnerships,15,Multilateral,0,1,A02_sector,1,0,2,Implementation,Fiscal decentralisation and service delivery
XI-IATI-EC_INTPA-2019-ACT-D-41739-00,XI-IATI-EC_INTPA,European Commission - Directorate-General for International Partnerships,15,Multilateral,0,1,A02_sector,1,0,2,Implementation,Support Programme to the implementation of the EU-SADC EPA in SA
XI-IATI-EC_INTPA-2019-ACT-D-41940-00,XI-IATI-EC_INTPA,European Commission - Directorate-General for International Partnerships,15,Multilateral,0,1,A02_sector,1,0,2,Implementation,Support to prevention of gender-based violence in all its manifestations in Dominican Republic
XI-IATI-EC_INTPA-2019-ACT-D-42051-00,XI-IATI-EC_INTPA,European Commission - Directorate-General for International Partnerships,15,Multilateral,0,1,A02_sector,1,0,2,Implementation,Programme in Support to Citizen Security in Jamaica
XI-IATI-EC_INTPA-2019-ACT-D-42187-00,XI-IATI-EC_INTPA,European Commission - Directorate-General for International Partnerships,15,Multilateral,0,1,A02_sector,1,0,2,Implementation,Budget Support for Employment reforms in Mongolia
XI-IATI-EC_INTPA-2019-ACT-D-42209-00,XI-IATI-EC_INTPA,European Commission - Directorate-General for International Partnerships,15,Multilateral,0,1,A02_sector,1,0,2,Implementation,Appui budgétaire pour la mise en uvre du Programme d'Urgence Sahel (PUS) étendu du Burkina Faso  Renforcement budgétaire n° 2 - PUS +
XI-IATI-EC_INTPA-2019-PCC-404038,XI-IATI-EC_INTPA,European Commission - Directorate-General for International Partnerships,15,Multilateral,0,1,A02_sector,1,0,2,Implementation,Production et utilisation de données factuelles pour l'aide aux décisions dans le cadre de la couverture sanitaire universelle au Burkina Faso
XI-IATI-EC_INTPA-2019-PCC-407596,XI-IATI-EC_INTPA,European Commission - Directorate-General for International Partnerships,15,Multilateral,0,1,A02_sector,1,0,2,Implementation,Subvention à l'INSP - Institut National de Santé Publique pour la production d'évidences sur le financement public de la santé et sur la protection de la santé des populations
XI-IATI-EC_INTPA-2019-PCC-408616,XI-IATI-EC_INTPA,European Commission - Directorate-General for International Partnerships,15,Multilateral,0,1,A02_sector,1,0,2,Implementation,"Assistance Technique en soutien aux r¿formes de la gestion des finances publiques, Cameroun"
XI-IATI-EC_INTPA-2019-PCC-409406,XI-IATI-EC_INTPA,European Commission - Directorate-General for International Partnerships,15,Multilateral,0,1,A02_sector,1,0,2,Implementation,APS para saneamiento en pequeñas comunidades y gestión integral del agua en áreas urbanas
XI-IATI-EC_INTPA-2019-PCC-409671,XI-IATI-EC_INTPA,European Commission - Directorate-General for International Partnerships,15,Multilateral,0,1,A02_sector,1,0,2,Implementation,Climate Change Sector Reform Performance Contract in Ethiopia
XI-IATI-EC_INTPA-2019-PCC-410047,XI-IATI-EC_INTPA,European Commission - Directorate-General for International Partnerships,15,Multilateral,0,1,A02_sector,1,0,2,Implementation,Programa de Gesti¿n Integral del Agua en ¿reas Urbanas
XI-IATI-EC_INTPA-2019-PCC-410060,XI-IATI-EC_INTPA,European Commission - Directorate-General for International Partnerships,15,Multilateral,0,1,A02_sector,1,0,2,Implementation,Sector Reform Performance Contract - Support to National Social Security Strategy reforms in Bangladesh
XI-IATI-EC_INTPA-2019-PCC-412775,XI-IATI-EC_INTPA,European Commission - Directorate-General for International Partnerships,15,Multilateral,0,1,A02_sector,1,0,2,Implementation,Soutien aux r¿formes de transparence et de bonne gouvernance au Cameroun : subvention ¿ la Chambre des Comptes
XI-IATI-EC_INTPA-2019-PCC-413519,XI-IATI-EC_INTPA,European Commission - Directorate-General for International Partnerships,15,Multilateral,0,1,A02_sector,1,0,2,Implementation,Contrato de apoyo Presupuestario Sectorial en Seguridad Alimentaria y Nutricion EUROSAN DEL
XI-IATI-EC_INTPA-2019-PCC-413599,XI-IATI-EC_INTPA,European Commission - Directorate-General for International Partnerships,15,Multilateral,0,1,A02_sector,1,0,2,Implementation,Budget Support Implementation Contract - Gender Equality and Women Empowerment Programme (GEWE)
XI-IATI-EC_INTPA-2019-PCC-413782,XI-IATI-EC_INTPA,European Commission - Directorate-General for International Partnerships,15,Multilateral,0,1,A02_sector,1,0,2,Implementation,Health Sector Reform Contract-Individual commitment opened for encoding payments
XI-IATI-EC_INTPA-2019-PCC-413820,XI-IATI-EC_INTPA,European Commission - Directorate-General for International Partnerships,15,Multilateral,0,1,A02_sector,1,0,2,Implementation,"A market driven approach for value chain improvements and the expansion of the
Rwandan coffee market"
XI-IATI-EC_INTPA-2019-PCC-414050,XI-IATI-EC_INTPA,European Commission - Directorate-General for International Partnerships,15,Multilateral,0,1,A02_sector,1,0,2,Implementation,Catalysing Market Prospects for Horticulture Smallholder Farmers and Small and Medium Enterprises in Rwanda
XI-IATI-EC_INTPA-2020-ACT-D-38561-00,XI-IATI-EC_INTPA,European Commission - Directorate-General for International Partnerships,15,Multilateral,0,1,A02_sector,1,0,2,Implementation,Support to Sustainable Rural Livelihoods - Fiji SRC
XI-IATI-EC_INTPA-2020-ACT-D-38966-00,XI-IATI-EC_INTPA,European Commission - Directorate-General for International Partnerships,15,Multilateral,0,1,A02_sector,1,0,2,Implementation,Apoyo a la Estrategia Nacional de Desarrollo Integral Sostenible con Coca 2020 - 2024
XI-IATI-EC_INTPA-2020-ACT-D-40118-00,XI-IATI-EC_INTPA,European Commission - Directorate-General for International Partnerships,15,Multilateral,0,1,A02_sector,1,0,2,Implementation,SBS Support to the National Strategy Against Drug Trafficking and the Illegal Economy of Drugs
XI-IATI-EC_INTPA-2020-ACT-D-40138-00,XI-IATI-EC_INTPA,European Commission - Directorate-General for International Partnerships,15,Multilateral,0,1,A02_sector,1,0,2,Implementation,Support to the Transformation of the Education System in Paraguay
XI-IATI-EC_INTPA-2020-ACT-D-40387-00,XI-IATI-EC_INTPA,European Commission - Directorate-General for International Partnerships,15,Multilateral,0,1,A02_sector,1,0,2,Implementation,Tanzania Energy Sector Reform Programme
XI-IATI-EC_INTPA-2020-ACT-D-40898-00,XI-IATI-EC_INTPA,European Commission - Directorate-General for International Partnerships,15,Multilateral,0,1,A02_sector,1,0,2,Implementation,EU-Viet Nam Sustainable Energy Transition Programme
XI-IATI-EC_INTPA-2020-ACT-D-41754-00,XI-IATI-EC_INTPA,European Commission - Directorate-General for International Partnerships,15,Multilateral,0,1,A02_sector,1,0,2,Implementation,Agriculture Sector Budget Support and Complementary Assistance for Uzbekistan
XI-IATI-EC_INTPA-2020-ACT-D-41871-00,XI-IATI-EC_INTPA,European Commission - Directorate-General for International Partnerships,15,Multilateral,0,1,A02_sector,1,0,2,Implementation,INCREASE - the Basic Education support Programme in Lao PDR
XI-IATI-EC_INTPA-2020-ACT-D-42335-00,XI-IATI-EC_INTPA,European Commission - Directorate-General for International Partnerships,15,Multilateral,0,1,A02_sector,1,0,2,Implementation,Digitalisation Sector Reform Performance Contract
XI-IATI-EC_INTPA-2020-ACT-D-42401-00,XI-IATI-EC_INTPA,European Commission - Directorate-General for International Partnerships,15,Multilateral,1,0,A01_general,1,0,2,Implementation,Programme d'Appui  à la Consolidation de l'Etat (PACAE-RCA II)
XI-IATI-EC_INTPA-2020-ACT-D-42454-00,XI-IATI-EC_INTPA,European Commission - Directorate-General for International Partnerships,15,Multilateral,0,1,A02_sector,1,0,2,Implementation,"Sector Reform Performance Contract (SRPC) for an Inclusive, Green and Competitive Economy in Colombia  (IGCE)"
XI-IATI-EC_INTPA-2020-ACT-D-42802-00,XI-IATI-EC_INTPA,European Commission - Directorate-General for International Partnerships,15,Multilateral,0,1,A02_sector,1,0,2,Implementation,EU budget support in response to COVID-19 crisis in Kenya
XI-IATI-EC_INTPA-2020-ACT-D-42916-00,XI-IATI-EC_INTPA,European Commission - Directorate-General for International Partnerships,15,Multilateral,0,1,A02_sector,1,0,2,Implementation,Reinforcing Health Systems in Mauritius -REHSIMUS
XI-IATI-EC_INTPA-2020-ACT-D-42950-01,XI-IATI-EC_INTPA,European Commission - Directorate-General for International Partnerships,15,Multilateral,0,1,A02_sector,1,0,2,Implementation, Regional support to Latin America in mitigating the effects of COVID-19 and addressing the regional impact of the Venezuela crisis (Budget support Peru)
XI-IATI-EC_INTPA-2020-PCC-414217,XI-IATI-EC_INTPA,European Commission - Directorate-General for International Partnerships,15,Multilateral,0,1,A02_sector,1,0,2,Implementation,Federalism Budget Support
XI-IATI-EC_INTPA-2020-PCC-415467,XI-IATI-EC_INTPA,European Commission - Directorate-General for International Partnerships,15,Multilateral,0,1,A02_sector,1,0,2,Implementation,REAP (Pool Fund)
XI-IATI-EC_INTPA-2020-PCC-415584,XI-IATI-EC_INTPA,European Commission - Directorate-General for International Partnerships,15,Multilateral,0,1,A02_sector,1,0,2,Implementation,Initiative de Renforcement de la Résilience par l'Irrigation et la Gestion Appropriée des Ressources n°3a (IRRIGAR IIIa)
XI-IATI-EC_INTPA-2020-PCC-415725,XI-IATI-EC_INTPA,European Commission - Directorate-General for International Partnerships,15,Multilateral,0,1,A02_sector,1,0,2,Implementation,BS component of the programme ''Budget Support for Employment reforms in Mongolia''
XI-IATI-EC_INTPA-2020-PCC-416008,XI-IATI-EC_INTPA,European Commission - Directorate-General for International Partnerships,15,Multilateral,0,1,A02_sector,1,0,2,Implementation,"Supply and installation of laboratory equipment and furniture to (NAEB), including works for the refurbishment of the Laboratory"
XI-IATI-EC_INTPA-2020-PCC-416065,XI-IATI-EC_INTPA,European Commission - Directorate-General for International Partnerships,15,Multilateral,1,0,A01_general,1,0,2,Implementation,EU-Kiribati Partnership : Building resilience through improved sanitation (BRIS) - UNICEF
XI-IATI-EC_INTPA-2020-PCC-416132,XI-IATI-EC_INTPA,European Commission - Directorate-General for International Partnerships,15,Multilateral,1,0,A01_general,1,0,2,Implementation,EU-Kiribati Partnership - Safe and sustainable drinking water for Kiritimati Island - SPC
XI-IATI-EC_INTPA-2020-PCC-416217,XI-IATI-EC_INTPA,European Commission - Directorate-General for International Partnerships,15,Multilateral,0,1,A02_sector,1,0,2,Implementation,DE 41658 - PASEDE contract
XI-IATI-EC_INTPA-2020-PCC-416581,XI-IATI-EC_INTPA,European Commission - Directorate-General for International Partnerships,15,Multilateral,0,1,A02_sector,1,0,2,Implementation,Asistencia técnica para mejorar la eficiencia en la implementación de las Politicas de Desarrollo Rural territorial y de Medio Ambiente en Colombia
XI-IATI-EC_INTPA-2020-PCC-417520,XI-IATI-EC_INTPA,European Commission - Directorate-General for International Partnerships,15,Multilateral,0,1,A02_sector,1,0,2,Implementation,Projet de renforcement de la résilience des personnes à risque d¿insécurité alimentaire et nutritionnelle suite à la pandémie de la COVID-19.
XI-IATI-EC_INTPA-2020-PCC-418122,XI-IATI-EC_INTPA,European Commission - Directorate-General for International Partnerships,15,Multilateral,0,1,A02_sector,1,0,2,Implementation,Technical Assistance to the Education for Employability (E4E) Sector Reform Contract
XI-IATI-EC_INTPA-2020-PCC-418161,XI-IATI-EC_INTPA,European Commission - Directorate-General for International Partnerships,15,Multilateral,0,1,A02_sector,1,0,2,Implementation,Rwanda Ikawa Nziza Cyane (Best Coffee Quality)
XI-IATI-EC_INTPA-2020-PCC-418930,XI-IATI-EC_INTPA,European Commission - Directorate-General for International Partnerships,15,Multilateral,0,1,A02_sector,1,0,2,Implementation,"Technical Assistance Component of the EU Budget Support for Employment Reforms in Mongolia.

SDG-Aligned Budgeting to Transform Employment in Mongolia"
XI-IATI-EC_INTPA-2020-PCC-419898,XI-IATI-EC_INTPA,European Commission - Directorate-General for International Partnerships,15,Multilateral,0,1,A02_sector,1,0,2,Implementation,EU assistance to Uzbekistan Agri-Food Development Strategy 2020-2030
XI-IATI-EC_INTPA-2020-PCC-420650,XI-IATI-EC_INTPA,European Commission - Directorate-General for International Partnerships,15,Multilateral,0,1,A02_sector,1,0,2,Implementation,Support to the Transformation of the Education System in Paraguay
XI-IATI-EC_INTPA-2020-PCC-421284,XI-IATI-EC_INTPA,European Commission - Directorate-General for International Partnerships,15,Multilateral,0,1,A02_sector,1,0,2,Implementation,"TOP-UP to contract 411-309 ''Humanitarian Development Peace (H-D-P) Nexus Response Mechanism"""
XI-IATI-EC_INTPA-2020-PCC-421423,XI-IATI-EC_INTPA,European Commission - Directorate-General for International Partnerships,15,Multilateral,0,1,A02_sector,1,0,2,Implementation,SRPC - Support to Citizen Security in Jamaica
XI-IATI-EC_INTPA-2020-PCC-422215,XI-IATI-EC_INTPA,European Commission - Directorate-General for International Partnerships,15,Multilateral,0,1,A02_sector,1,0,2,Implementation,Fostering an Inclusive and Shock-Responsive Social Protection System in Cambodia (FIRST)
XI-IATI-EC_INTPA-2020-PCC-422462,XI-IATI-EC_INTPA,European Commission - Directorate-General for International Partnerships,15,Multilateral,0,1,A02_sector,1,0,2,Implementation,Advancing Social Protection in Cambodia
XI-IATI-EC_INTPA-2020-PCC-422494,XI-IATI-EC_INTPA,European Commission - Directorate-General for International Partnerships,15,Multilateral,0,1,A02_sector,1,0,2,Implementation,Employment Generation and Private Sector Development through a modernised and enhanced TVET framework
XI-IATI-EC_INTPA-2021-ACT-60903,XI-IATI-EC_INTPA,European Commission - Directorate-General for International Partnerships,15,Multilateral,0,1,A02_sector,1,0,2,Implementation,Gender Transformative Action in Tanzania: breaking the glass ceiling
XI-IATI-EC_INTPA-2021-ACT-60930,XI-IATI-EC_INTPA,European Commission - Directorate-General for International Partnerships,15,Multilateral,0,1,A02_sector,1,0,2,Implementation,Green and Smart Cities SASA
XI-IATI-EC_INTPA-2021-ACT-60933,XI-IATI-EC_INTPA,European Commission - Directorate-General for International Partnerships,15,Multilateral,0,1,A02_sector,1,0,2,Implementation,Digital4Tanzania (D4T)
XI-IATI-EC_INTPA-2021-ACT-60940,XI-IATI-EC_INTPA,European Commission - Directorate-General for International Partnerships,15,Multilateral,1,0,A01_general,1,0,2,Implementation,Budget support Cabo Verde
XI-IATI-EC_INTPA-2021-ACT-61001,XI-IATI-EC_INTPA,European Commission - Directorate-General for International Partnerships,15,Multilateral,0,1,A02_sector,1,0,2,Implementation,Education Sector Reform Performance Contract in the Kyrgyz Republic
XI-IATI-EC_INTPA-2021-ACT-61065,XI-IATI-EC_INTPA,European Commission - Directorate-General for International Partnerships,15,Multilateral,1,0,A01_general,1,0,2,Implementation,Programme d'appui à la transition politique et à la consolidation de l'Etat (CCER IV)
XI-IATI-EC_INTPA-2021-ACT-61069,XI-IATI-EC_INTPA,European Commission - Directorate-General for International Partnerships,15,Multilateral,0,1,A02_sector,1,0,2,Implementation,Programme d'Appui au Developpement Humain en Mauritanie
XI-IATI-EC_INTPA-2021-ACT-61078,XI-IATI-EC_INTPA,European Commission - Directorate-General for International Partnerships,15,Multilateral,0,1,A02_sector,1,0,2,Implementation,"Promoting Inclusive, Sustainable, and Resilient Agri-Food Systems in Bhutan"
XI-IATI-EC_INTPA-2021-ACT-61083,XI-IATI-EC_INTPA,European Commission - Directorate-General for International Partnerships,15,Multilateral,1,0,A01_general,1,0,1,Pipeline/identification,Activity under preparation Contrat dappui à la consolidation de lÉtat et la résilience (CCER)  Appui au renforcement de la présence de lEtat sur laxe Ouaga-Kaya-Dori et à la gouvernance
XI-IATI-EC_INTPA-2021-ACT-61086,XI-IATI-EC_INTPA,European Commission - Directorate-General for International Partnerships,15,Multilateral,1,0,A01_general,1,0,2,Implementation,Contrat pour la Résilience et la Reconstruction 4 
XI-IATI-EC_INTPA-2021-ACT-61090,XI-IATI-EC_INTPA,European Commission - Directorate-General for International Partnerships,15,Multilateral,0,1,A02_sector,1,0,2,Implementation,Transformational Climate-smart and Inclusive Agriculture
XI-IATI-EC_INTPA-2021-ACT-61100,XI-IATI-EC_INTPA,European Commission - Directorate-General for International Partnerships,15,Multilateral,0,1,A02_sector,1,0,2,Implementation,"Samoa, Water Sector Resilience and Climate Change Adaptation Sector Budget Support Programme"
XI-IATI-EC_INTPA-2021-ACT-61102,XI-IATI-EC_INTPA,European Commission - Directorate-General for International Partnerships,15,Multilateral,0,1,A02_sector,1,0,2,Implementation,EU-Greenland Education Partnership 2021-2022
XI-IATI-EC_INTPA-2021-ACT-61104,XI-IATI-EC_INTPA,European Commission - Directorate-General for International Partnerships,15,Multilateral,1,0,A01_general,1,0,2,Implementation,EU-Solomon Islands Partnership for Resilience Building (SIRP)
XI-IATI-EC_INTPA-2021-ACT-61116,XI-IATI-EC_INTPA,European Commission - Directorate-General for International Partnerships,15,Multilateral,0,1,A02_sector,1,0,2,Implementation,Support to National Social Security  Strategy Reforms in Bangladesh
XI-IATI-EC_INTPA-2021-ACT-61120,XI-IATI-EC_INTPA,European Commission - Directorate-General for International Partnerships,15,Multilateral,1,0,A01_general,1,0,2,Implementation,Support to Energy in Tonga (SET)
XI-IATI-EC_INTPA-2021-ACT-61121,XI-IATI-EC_INTPA,European Commission - Directorate-General for International Partnerships,15,Multilateral,1,0,A01_general,1,0,2,Implementation,Programme européen pour la jeunesse du Sénégal
XI-IATI-EC_INTPA-2021-ACT-61472,XI-IATI-EC_INTPA,European Commission - Directorate-General for International Partnerships,15,Multilateral,0,1,A02_sector,1,0,2,Implementation,Quality Education for All
XI-IATI-EC_INTPA-2021-ACT-61633,XI-IATI-EC_INTPA,European Commission - Directorate-General for International Partnerships,15,Multilateral,0,1,A02_sector,1,0,2,Implementation,Socioeconomic Integration of the Migrants in Colombia
XI-IATI-EC_INTPA-2021-ACT-62292,XI-IATI-EC_INTPA,European Commission - Directorate-General for International Partnerships,15,Multilateral,0,1,A02_sector,1,0,2,Implementation,Vanuatu Sustainable and Inclusive Rural Development Programme (VaVaC II)
XI-IATI-EC_INTPA-2021-ACT-62317,XI-IATI-EC_INTPA,European Commission - Directorate-General for International Partnerships,15,Multilateral,0,1,A02_sector,1,0,2,Implementation,Partnership for PFM and Digital Transition in Timor Leste (PADIT-TL)
XI-IATI-EC_INTPA-2021-ACT-62518,XI-IATI-EC_INTPA,European Commission - Directorate-General for International Partnerships,15,Multilateral,1,0,A01_general,1,0,2,Implementation,Financial Governance for Natural Resource Management
XI-IATI-EC_INTPA-2021-ACT-62576,XI-IATI-EC_INTPA,European Commission - Directorate-General for International Partnerships,15,Multilateral,0,1,A02_sector,1,0,2,Implementation,Budget Support Top-up ¿ Support to National Social Security Strategy Reforms in Bangladesh
XI-IATI-EC_INTPA-2021-ACT-62577,XI-IATI-EC_INTPA,European Commission - Directorate-General for International Partnerships,15,Multilateral,0,1,A02_sector,1,0,2,Implementation,Water Sector Reform Performance Contract in the Kyrgyz Republic
XI-IATI-EC_INTPA-2021-ACT-62696,XI-IATI-EC_INTPA,European Commission - Directorate-General for International Partnerships,15,Multilateral,0,1,A02_sector,1,0,2,Implementation,Programme européen d'appui au développement durable et raisonné du secteur du tourisme de Wallis et Futuna
XI-IATI-EC_INTPA-2021-ACT-62771,XI-IATI-EC_INTPA,European Commission - Directorate-General for International Partnerships,15,Multilateral,0,1,A02_sector,1,0,2,Implementation,PNG State and Resilience Building Contract (SRBC) 
XI-IATI-EC_INTPA-2021-ACT-62799,XI-IATI-EC_INTPA,European Commission - Directorate-General for International Partnerships,15,Multilateral,0,1,A02_sector,1,0,2,Implementation,"Inclusive Safety: Supporting Jamaica Strategy for Citizen Security, School Safety and Gender Based Violence Reduction"
XI-IATI-EC_INTPA-2021-ACT-62976,XI-IATI-EC_INTPA,European Commission - Directorate-General for International Partnerships,15,Multilateral,0,1,A02_sector,1,0,1,Pipeline/identification,Activity under preparation HANGARIBIHE: Transformational climate-smart and inclusive agriculture in Rwanda
XI-IATI-EC_INTPA-2021-ACT-63055,XI-IATI-EC_INTPA,European Commission - Directorate-General for International Partnerships,15,Multilateral,0,1,A02_sector,1,0,2,Implementation,ACT 63055 - Somalia State and Resilience Building Contract ¿ Phase 3
XI-IATI-EC_INTPA-2021-ACT-63091,XI-IATI-EC_INTPA,European Commission - Directorate-General for International Partnerships,15,Multilateral,0,1,A02_sector,1,0,2,Implementation,"EU-Solomon Islands Partnership for a modern, green and competitive energy sector"
XI-IATI-EC_INTPA-2021-ACT-63101,XI-IATI-EC_INTPA,European Commission - Directorate-General for International Partnerships,15,Multilateral,1,0,A01_general,1,0,2,Implementation,Sustainable Development Goal contract for inclusive and green growth
XI-IATI-EC_INTPA-2021-ACT-63136,XI-IATI-EC_INTPA,European Commission - Directorate-General for International Partnerships,15,Multilateral,0,1,A02_sector,1,0,2,Implementation,Digitalisation Sector Reform Performance Contract-2
XI-IATI-EC_INTPA-2021-ACT-63169,XI-IATI-EC_INTPA,European Commission - Directorate-General for International Partnerships,15,Multilateral,1,0,A01_general,1,0,1,Pipeline/identification,Activity under preparation Education - Budget Support II
XI-IATI-EC_INTPA-2021-ACT-63421,XI-IATI-EC_INTPA,European Commission - Directorate-General for International Partnerships,15,Multilateral,0,1,A02_sector,1,0,1,Pipeline/identification,Activity under preparation Empowering the Youth of Malawi through Education and Skills (EYES of Malawi)
XI-IATI-EC_INTPA-2021-PC-1116,XI-IATI-EC_INTPA,European Commission - Directorate-General for International Partnerships,15,Multilateral,0,1,A02_sector,1,0,2,Implementation,Fonds d'appui en expertise à la Direction des réformes du Ministère des Finances du Cameroun
XI-IATI-EC_INTPA-2021-PC-1163,XI-IATI-EC_INTPA,European Commission - Directorate-General for International Partnerships,15,Multilateral,0,1,A02_sector,1,0,2,Implementation,GEWE Programme South Africa: Technical Assistance
XI-IATI-EC_INTPA-2021-PC-4857,XI-IATI-EC_INTPA,European Commission - Directorate-General for International Partnerships,15,Multilateral,0,1,A02_sector,1,0,2,Implementation,AT a la Unidad Técnica del Gabinete Social (UTGS) para el fortalecimiento de sus funciones de coordinación técnica y operativa e implementación del Sistema de Protección Social (SPS) de Paraguay
XI-IATI-EC_INTPA-2021-PC-5303,XI-IATI-EC_INTPA,European Commission - Directorate-General for International Partnerships,15,Multilateral,0,1,A02_sector,1,0,2,Implementation,E4E Communication and Visibility Contract
XI-IATI-EC_INTPA-2021-PC-7879,XI-IATI-EC_INTPA,European Commission - Directorate-General for International Partnerships,15,Multilateral,0,1,A02_sector,1,0,2,Implementation,Evaluation finale contrat de réforme sectorielle - développement rural DEC 2017/40031
XI-IATI-EC_INTPA-2021-PCC-417549,XI-IATI-EC_INTPA,European Commission - Directorate-General for International Partnerships,15,Multilateral,0,1,A02_sector,1,0,2,Implementation,Fournitures d'équipements (Lot 1 : Matériel informatique) aux institutions en charge de la gestion du PASANAD.
XI-IATI-EC_INTPA-2021-PCC-419116,XI-IATI-EC_INTPA,European Commission - Directorate-General for International Partnerships,15,Multilateral,0,1,A02_sector,1,0,2,Implementation,Apoyo Complementario AECID en Seguridad Alimentaria y Nutricional-EUROSAN Desarrollo Local (DeL)
XI-IATI-EC_INTPA-2021-PCC-421490,XI-IATI-EC_INTPA,European Commission - Directorate-General for International Partnerships,15,Multilateral,0,1,A02_sector,1,0,2,Implementation,Maximizando el rol de la sociedad civil para incrementar su incidencia y el control en la política educativa en Paraguay¿ Tetãyguára jesareko (Veeduria Ciudadano)
XI-IATI-EC_INTPA-2021-PCC-422434,XI-IATI-EC_INTPA,European Commission - Directorate-General for International Partnerships,15,Multilateral,0,1,A02_sector,1,0,2,Implementation,Fournitures d'équipements (Lot 3 : Mobilier de bureau) aux institutions en charge de la gestion du PASANAD.
XI-IATI-EC_INTPA-2021-PCC-422992,XI-IATI-EC_INTPA,European Commission - Directorate-General for International Partnerships,15,Multilateral,0,1,A02_sector,1,0,2,Implementation,Digitalización del Sector del Micro y Pequeño Emprendimiento - Digital HUB 504
XI-IATI-EC_INTPA-2021-PCC-423353,XI-IATI-EC_INTPA,European Commission - Directorate-General for International Partnerships,15,Multilateral,0,1,A02_sector,1,0,2,Implementation,Support to strengthening Health Sector Governance and Financing for universal health coverage in Tajikistan
XI-IATI-EC_INTPA-2021-PCC-424359,XI-IATI-EC_INTPA,European Commission - Directorate-General for International Partnerships,15,Multilateral,0,1,A02_sector,1,0,2,Implementation,"Preventing and Countering Corruption in Papua New Guinea (¿PNG Anti-Corruption Project¿)
"
XI-IATI-EC_INTPA-2021-PCC-425135,XI-IATI-EC_INTPA,European Commission - Directorate-General for International Partnerships,15,Multilateral,0,1,A02_sector,1,0,2,Implementation,Agricultural Innovation and Inclusive Value Chains for Food and Nutrition Security in Myanmar (ALIVE-FNS)
XI-IATI-EC_INTPA-2021-PCC-425265,XI-IATI-EC_INTPA,European Commission - Directorate-General for International Partnerships,15,Multilateral,0,1,A02_sector,1,0,2,Implementation,Formacion Inicial Docente y Desarrollo de las Capacidades de los profesitonales de la educacion - FOMACAP
XI-IATI-EC_INTPA-2021-PCC-425462,XI-IATI-EC_INTPA,European Commission - Directorate-General for International Partnerships,15,Multilateral,0,1,A02_sector,1,0,2,Implementation,AgriFi Country Window for Tanzania
XI-IATI-EC_INTPA-2021-PCC-426286,XI-IATI-EC_INTPA,European Commission - Directorate-General for International Partnerships,15,Multilateral,0,1,A02_sector,1,0,2,Implementation,Technical Assistance to the EU-SADC EPA Support Programme in South Africa
XI-IATI-EC_INTPA-2021-PCC-427166,XI-IATI-EC_INTPA,European Commission - Directorate-General for International Partnerships,15,Multilateral,0,1,A02_sector,1,0,2,Implementation,Building Resilience for Agri-food systems and Better Nutrition in the context of the global pandemic
XI-IATI-EC_INTPA-2021-PCC-427597,XI-IATI-EC_INTPA,European Commission - Directorate-General for International Partnerships,15,Multilateral,0,1,A02_sector,1,0,1,Pipeline/identification,Activity under preparation Support to Social Protection in Barbados
XI-IATI-EC_INTPA-2021-PCC-428224,XI-IATI-EC_INTPA,European Commission - Directorate-General for International Partnerships,15,Multilateral,0,1,A02_sector,1,0,2,Implementation,TECHNICAL COMMITMENT LEVEL 2 - CONTRATO DE REFORMA SECTORIAL GREEN ECONOMY LA/2020/042-454  Y 0429-48
XI-IATI-EC_INTPA-2021-PCC-428501,XI-IATI-EC_INTPA,European Commission - Directorate-General for International Partnerships,15,Multilateral,0,1,A02_sector,1,0,2,Implementation,Sector Budget Support on Fighting against Drug trafficking and control of surplus of coca
XI-IATI-EC_INTPA-2021-PCC-428606,XI-IATI-EC_INTPA,European Commission - Directorate-General for International Partnerships,15,Multilateral,0,1,A02_sector,1,0,2,Implementation,Conserving the Forests of the Blue and John Crow Mountains
XI-IATI-EC_INTPA-2021-PCC-428618,XI-IATI-EC_INTPA,European Commission - Directorate-General for International Partnerships,15,Multilateral,0,1,A02_sector,1,0,2,Implementation,"Enhancing the capacity for management of dry forests in the Portland Bight Protected Area, Jamaica"
XI-IATI-EC_INTPA-2021-PCC-428633,XI-IATI-EC_INTPA,European Commission - Directorate-General for International Partnerships,15,Multilateral,0,1,A02_sector,1,0,2,Implementation,APS EDISC 2021-2025
XI-IATI-EC_INTPA-2021-PCC-429309,XI-IATI-EC_INTPA,European Commission - Directorate-General for International Partnerships,15,Multilateral,1,0,A01_general,1,0,2,Implementation,Appui ¿ la migration de SYGADE 5.3 ¿ SYGADE 6.0 au Minist¿re des Finances et du Budget-TCHAD
XI-IATI-EC_INTPA-2021-PCC-429840,XI-IATI-EC_INTPA,European Commission - Directorate-General for International Partnerships,15,Multilateral,1,0,A01_general,1,0,2,Implementation,CSO Watchdog: Enhancing Civil Society Capacity for Increased Participation in the Implementation of the NDP in The Gambia
XI-IATI-EC_INTPA-2021-PCC-429957,XI-IATI-EC_INTPA,European Commission - Directorate-General for International Partnerships,15,Multilateral,1,0,A01_general,1,0,2,Implementation,Assistance technique pour l'am¿lioration du cadre juridique et technique du renseignement et la mise en place d'une cellule de Datamining
XI-IATI-EC_INTPA-2021-PCC-430941,XI-IATI-EC_INTPA,European Commission - Directorate-General for International Partnerships,15,Multilateral,1,0,A01_general,1,0,4,Closed,Sustainable Development Goal Contract for inclusive and green growth - Budget Support to Cabo Verde
XI-IATI-EC_INTPA-2022-ACT-60558,XI-IATI-EC_INTPA,European Commission - Directorate-General for International Partnerships,15,Multilateral,0,1,A02_sector,1,0,2,Implementation,EU-Cambodia Partnership for Public Financial Management Reform (Stage IV)
XI-IATI-EC_INTPA-2022-ACT-60599,XI-IATI-EC_INTPA,European Commission - Directorate-General for International Partnerships,15,Multilateral,1,0,A01_general,1,0,2,Implementation,EU-Kiribati Partnership for Resilience Building (KIRP)
XI-IATI-EC_INTPA-2022-ACT-60628,XI-IATI-EC_INTPA,European Commission - Directorate-General for International Partnerships,15,Multilateral,0,1,A02_sector,1,0,2,Implementation,Partnership in Education and Skills for Inclusive Green Growth (PESIG)
XI-IATI-EC_INTPA-2022-ACT-60636,XI-IATI-EC_INTPA,European Commission - Directorate-General for International Partnerships,15,Multilateral,0,1,A02_sector,1,0,2,Implementation,Tuvalu Coconut Sector Rehabilitation Programme
XI-IATI-EC_INTPA-2022-ACT-60692,XI-IATI-EC_INTPA,European Commission - Directorate-General for International Partnerships,15,Multilateral,0,1,A02_sector,1,0,2,Implementation,The Digital Transitioning Programme for Jamaica         (Digital Jamaica)
XI-IATI-EC_INTPA-2022-ACT-60736,XI-IATI-EC_INTPA,European Commission - Directorate-General for International Partnerships,15,Multilateral,0,1,A02_sector,1,0,2,Implementation,Appui Budgétaire Réduction des risques de catastrophe - Saint Barthélemy
XI-IATI-EC_INTPA-2022-ACT-60909,XI-IATI-EC_INTPA,European Commission - Directorate-General for International Partnerships,15,Multilateral,0,1,A02_sector,1,0,2,Implementation,Appui au secteur de l¿eau et assainissement à STP
XI-IATI-EC_INTPA-2022-ACT-60961,XI-IATI-EC_INTPA,European Commission - Directorate-General for International Partnerships,15,Multilateral,0,1,A02_sector,1,0,2,Implementation,Finance for Growth
XI-IATI-EC_INTPA-2022-ACT-60987,XI-IATI-EC_INTPA,European Commission - Directorate-General for International Partnerships,15,Multilateral,0,1,A02_sector,1,0,2,Implementation,Supporting Good Governance and Digitalisation in Bhutan
XI-IATI-EC_INTPA-2022-ACT-61240,XI-IATI-EC_INTPA,European Commission - Directorate-General for International Partnerships,15,Multilateral,0,1,A02_sector,1,0,2,Implementation,Scaling-up Early Childhood Development in Rwanda
XI-IATI-EC_INTPA-2022-ACT-61302,XI-IATI-EC_INTPA,European Commission - Directorate-General for International Partnerships,15,Multilateral,0,1,A02_sector,1,0,2,Implementation,Guyana Mangroves budget support 
XI-IATI-EC_INTPA-2022-ACT-61306,XI-IATI-EC_INTPA,European Commission - Directorate-General for International Partnerships,15,Multilateral,0,1,A02_sector,1,0,2,Implementation,Support to formalisation of the economy including social protection and support to PFM
XI-IATI-EC_INTPA-2022-ACT-61310,XI-IATI-EC_INTPA,European Commission - Directorate-General for International Partnerships,15,Multilateral,0,1,A02_sector,1,0,2,Implementation,EU-Namibia ECD Sector Reform Contract
XI-IATI-EC_INTPA-2022-ACT-61423,XI-IATI-EC_INTPA,European Commission - Directorate-General for International Partnerships,15,Multilateral,0,1,A02_sector,1,0,2,Implementation,Programme de coopération Union Européenne ¿ Saint-Pierre et Miquelon pour la période 2021-2027 
XI-IATI-EC_INTPA-2022-ACT-61433,XI-IATI-EC_INTPA,European Commission - Directorate-General for International Partnerships,15,Multilateral,0,1,A02_sector,1,0,2,Implementation,Programme européen d¿appui à la transition énergétique en Nouvelle-Calédonie
XI-IATI-EC_INTPA-2022-ACT-61446,XI-IATI-EC_INTPA,European Commission - Directorate-General for International Partnerships,15,Multilateral,0,1,A02_sector,1,0,2,Implementation,Programme européen d¿appui à la gestion durable de l¿eau en Polynésie française
XI-IATI-EC_INTPA-2022-ACT-61483,XI-IATI-EC_INTPA,European Commission - Directorate-General for International Partnerships,15,Multilateral,0,1,A02_sector,1,0,2,Implementation,"Forests for Biodiversity, Climate and Peace in Colombia"
XI-IATI-EC_INTPA-2022-ACT-61489,XI-IATI-EC_INTPA,European Commission - Directorate-General for International Partnerships,15,Multilateral,0,1,A02_sector,1,0,2,Implementation,Transition to a greener and more inclusive economy
XI-IATI-EC_INTPA-2022-ACT-61496,XI-IATI-EC_INTPA,European Commission - Directorate-General for International Partnerships,15,Multilateral,1,0,A01_general,1,0,2,Implementation,Contrat d¿appui à la Consolidation de l¿Etat et à la Résilience du Togo (CCERT)
XI-IATI-EC_INTPA-2022-ACT-61508,XI-IATI-EC_INTPA,European Commission - Directorate-General for International Partnerships,15,Multilateral,1,0,A01_general,1,0,2,Implementation,"Programme d¿appui à la gouvernance démocratique, économique et sociale au Bénin (PAGODES) 2023-2025"
XI-IATI-EC_INTPA-2022-ACT-D-44448-00,XI-IATI-EC_INTPA,European Commission - Directorate-General for International Partnerships,15,Multilateral,1,0,A01_general,1,0,2,Implementation,"Food Production and Resilience of Food Systems in African, Caribbean and Pacific (ACP) countries - NIGER"
XI-IATI-EC_INTPA-2022-ACT-D-44510-00,XI-IATI-EC_INTPA,European Commission - Directorate-General for International Partnerships,15,Multilateral,1,0,A01_general,1,0,2,Implementation,Production Locale et Durable pour la Prévention des Crises Alimentaires au Cameroun
XI-IATI-EC_INTPA-2022-PC-15528,XI-IATI-EC_INTPA,European Commission - Directorate-General for International Partnerships,15,Multilateral,0,1,A02_sector,1,0,2,Implementation,Education Sector Reform Performance Contract in the Kyrgyz Republic
XI-IATI-EC_INTPA-2022-PC-15588,XI-IATI-EC_INTPA,European Commission - Directorate-General for International Partnerships,15,Multilateral,0,1,A02_sector,1,0,2,Implementation,Budget Support  - Gender Transformative Action
XI-IATI-EC_INTPA-2022-PC-15602,XI-IATI-EC_INTPA,European Commission - Directorate-General for International Partnerships,15,Multilateral,0,1,A02_sector,1,0,2,Implementation,Budget Support - Green and Smart Cities SASA
XI-IATI-EC_INTPA-2022-PC-15913,XI-IATI-EC_INTPA,European Commission - Directorate-General for International Partnerships,15,Multilateral,0,1,A02_sector,1,0,2,Implementation,Budget Support - Digital4Tanzania
XI-IATI-EC_INTPA-2022-PC-16482,XI-IATI-EC_INTPA,European Commission - Directorate-General for International Partnerships,15,Multilateral,1,0,A01_general,1,0,4,Closed,Programme d'appui ¿ la transition politique et ¿ la consolidation de l'¿tat au Tchad
XI-IATI-EC_INTPA-2022-PC-16632,XI-IATI-EC_INTPA,European Commission - Directorate-General for International Partnerships,15,Multilateral,0,1,A02_sector,1,0,2,Implementation,Tanzania Inclusive Digital Economy (TIDE)
XI-IATI-EC_INTPA-2022-PC-16749,XI-IATI-EC_INTPA,European Commission - Directorate-General for International Partnerships,15,Multilateral,0,1,A02_sector,1,0,2,Implementation,"PEFA administration centrale Cameroun avec cadres ""genre"" et ""climat"" & elaboration plan de réformes GFP"
XI-IATI-EC_INTPA-2022-PC-16758,XI-IATI-EC_INTPA,European Commission - Directorate-General for International Partnerships,15,Multilateral,1,0,A01_general,1,0,2,Implementation,Contrat Appui budgetaire SRBC 2022-2024
XI-IATI-EC_INTPA-2022-PC-16925,XI-IATI-EC_INTPA,European Commission - Directorate-General for International Partnerships,15,Multilateral,1,0,A01_general,1,0,2,Implementation,Appui à la lutte contre la corruption et au renforcement du contrôle interne au Niger »
XI-IATI-EC_INTPA-2022-PC-17800,XI-IATI-EC_INTPA,European Commission - Directorate-General for International Partnerships,15,Multilateral,0,1,A02_sector,1,0,4,Closed,EU-Greenland Education Partnership 2021-2021
XI-IATI-EC_INTPA-2022-PC-18559,XI-IATI-EC_INTPA,European Commission - Directorate-General for International Partnerships,15,Multilateral,1,0,A01_general,1,0,2,Implementation,EU-Solomon Islands Partnership for Resilience Building (SIRP)
XI-IATI-EC_INTPA-2022-PC-18569,XI-IATI-EC_INTPA,European Commission - Directorate-General for International Partnerships,15,Multilateral,0,1,A02_sector,1,0,4,Closed,Appui budgétaire au Developpement Humain
XI-IATI-EC_INTPA-2022-PC-19577,XI-IATI-EC_INTPA,European Commission - Directorate-General for International Partnerships,15,Multilateral,0,1,A02_sector,1,0,2,Implementation,Projet d'appui institutionnel à la réforme de l'éducation (PAIRE)
XI-IATI-EC_INTPA-2022-PC-19819,XI-IATI-EC_INTPA,European Commission - Directorate-General for International Partnerships,15,Multilateral,0,1,A02_sector,1,0,2,Implementation,Sector Reform Contract (SRC) for Transformational Climate-smart and Inclusive Agriculture in Rwanda
XI-IATI-EC_INTPA-2022-PC-20222,XI-IATI-EC_INTPA,European Commission - Directorate-General for International Partnerships,15,Multilateral,0,1,A02_sector,1,0,2,Implementation,"Budget Support Contract - Promoting Inclusive, Sustainable, and Resilient Agri-Food Systems in Bhutan"
XI-IATI-EC_INTPA-2022-PC-21486,XI-IATI-EC_INTPA,European Commission - Directorate-General for International Partnerships,15,Multilateral,0,1,A02_sector,1,0,2,Implementation,APPUI AU SYSTEME STATISTIQUE NATIONAL
XI-IATI-EC_INTPA-2022-PC-21502,XI-IATI-EC_INTPA,European Commission - Directorate-General for International Partnerships,15,Multilateral,0,1,A02_sector,1,0,2,Implementation,Sector Reform Performance Contract - Support to National Social Security Strategy reforms in Bangladesh
XI-IATI-EC_INTPA-2022-PC-21515,XI-IATI-EC_INTPA,European Commission - Directorate-General for International Partnerships,15,Multilateral,1,0,A01_general,1,0,2,Implementation,Evaluation du cadre de gestion des finances publiques au Burkina Faso 2022 selon la méthodologie PEFA
XI-IATI-EC_INTPA-2022-PC-21579,XI-IATI-EC_INTPA,European Commission - Directorate-General for International Partnerships,15,Multilateral,0,1,A02_sector,1,0,2,Implementation,"The BRIDGE Project (Building through Reintegration, Intervention, Development, Growth and Education"
XI-IATI-EC_INTPA-2022-PC-21817,XI-IATI-EC_INTPA,European Commission - Directorate-General for International Partnerships,15,Multilateral,1,0,A01_general,1,0,2,Implementation,Technical Assistance to Gambia¿s public financial management and revenue administration
XI-IATI-EC_INTPA-2022-PC-22100,XI-IATI-EC_INTPA,European Commission - Directorate-General for International Partnerships,15,Multilateral,1,0,A01_general,1,0,2,Implementation,Appui au renforcement des capacités du contrôle externe et à la transparence au Niger
XI-IATI-EC_INTPA-2022-PC-22890,XI-IATI-EC_INTPA,European Commission - Directorate-General for International Partnerships,15,Multilateral,0,1,A02_sector,1,0,2,Implementation,Uzbekistan: Strengthening Budget Preparation and Fiscal Management
XI-IATI-EC_INTPA-2022-PC-23195,XI-IATI-EC_INTPA,European Commission - Directorate-General for International Partnerships,15,Multilateral,0,1,A02_sector,1,0,2,Implementation,Transition towards sustainable food systems
XI-IATI-EC_INTPA-2022-PC-23770,XI-IATI-EC_INTPA,European Commission - Directorate-General for International Partnerships,15,Multilateral,0,1,A02_sector,1,0,2,Implementation,"IEEP - Accelerating energy efficiency in larger industries through energy management systems, system optimization and the promotion and adoption of energy efficiency in small and medium-sized enterprises."
XI-IATI-EC_INTPA-2022-PC-24289,XI-IATI-EC_INTPA,European Commission - Directorate-General for International Partnerships,15,Multilateral,0,1,A02_sector,1,0,2,Implementation,EU-Cambodia Partnership for Public Financial Management Reform (Stage IV) 2022 - 2026
XI-IATI-EC_INTPA-2022-PC-24334,XI-IATI-EC_INTPA,European Commission - Directorate-General for International Partnerships,15,Multilateral,1,0,A01_general,1,0,4,Closed,Budget Support disbursement 2023-24
XI-IATI-EC_INTPA-2022-PC-24537,XI-IATI-EC_INTPA,European Commission - Directorate-General for International Partnerships,15,Multilateral,0,1,A02_sector,1,0,2,Implementation,Budget Support to Tonga
XI-IATI-EC_INTPA-2022-PC-24576,XI-IATI-EC_INTPA,European Commission - Directorate-General for International Partnerships,15,Multilateral,0,1,A02_sector,1,0,2,Implementation,"Samoa, Water Sector Resilience and Climate Change Adaptation Sector Budget Support Programme"
XI-IATI-EC_INTPA-2022-PCC-421392,XI-IATI-EC_INTPA,European Commission - Directorate-General for International Partnerships,15,Multilateral,0,1,A02_sector,1,0,2,Implementation,"Strengthening Institutional Capacities for Nutrition in the Health and Education Sectors in Lao PDR, SICAN"
XI-IATI-EC_INTPA-2022-PCC-428966,XI-IATI-EC_INTPA,European Commission - Directorate-General for International Partnerships,15,Multilateral,0,1,A02_sector,1,0,2,Implementation,Accelerating Innovative Start-ups for Energy Efficiency (AIS4EE)
XI-IATI-EC_INTPA-2022-PCC-429583,XI-IATI-EC_INTPA,European Commission - Directorate-General for International Partnerships,15,Multilateral,0,1,A02_sector,1,0,2,Implementation,Sector Reform Performance Contract of the EU - Viet Nam Sustainable Energy Transition Programme
XI-IATI-EC_INTPA-2022-PCC-429800,XI-IATI-EC_INTPA,European Commission - Directorate-General for International Partnerships,15,Multilateral,0,1,A02_sector,1,0,2,Implementation,Technical assistance to the EU-PNG Partnership for Good Governance
XI-IATI-EC_INTPA-2022-PCC-431645,XI-IATI-EC_INTPA,European Commission - Directorate-General for International Partnerships,15,Multilateral,0,1,A02_sector,1,0,1,Pipeline/identification,Activity under preparation Asistencia Técnica al Programa de Apoyo Presupuestario C-PREV - Prevencion de Violencias de Genero en República Dominicana
XI-IATI-EC_INTPA-2022-PCC-435740,XI-IATI-EC_INTPA,European Commission - Directorate-General for International Partnerships,15,Multilateral,0,1,A02_sector,1,0,2,Implementation,Contrato Apoyo Presupuestario Apoyo Covid-19
XI-IATI-EC_INTPA-2022-PCC-436209,XI-IATI-EC_INTPA,European Commission - Directorate-General for International Partnerships,15,Multilateral,1,0,A01_general,1,0,2,Implementation,Assistance technique pour l'appui à la réforme des secteurs sécurité et justice
XI-IATI-EC_INTPA-2023-ACT-60734,XI-IATI-EC_INTPA,European Commission - Directorate-General for International Partnerships,15,Multilateral,0,1,A02_sector,1,0,2,Implementation,"ACT 60734: Climate change adaptation through watershed, forest and disaster risk management and governance - 1 Budget Support"
XI-IATI-EC_INTPA-2023-ACT-60983,XI-IATI-EC_INTPA,European Commission - Directorate-General for International Partnerships,15,Multilateral,0,1,A02_sector,1,0,2,Implementation,Blue Economy Programme
XI-IATI-EC_INTPA-2023-ACT-61233,XI-IATI-EC_INTPA,European Commission - Directorate-General for International Partnerships,15,Multilateral,1,0,A01_general,1,0,2,Implementation,Nature Nourishes Sierra Leone
XI-IATI-EC_INTPA-2023-ACT-61294,XI-IATI-EC_INTPA,European Commission - Directorate-General for International Partnerships,15,Multilateral,0,1,A02_sector,1,0,2,Implementation,Budget Support for the development of the Uzbekistan¿s agri-food sector and resilient rural livelihoods 
XI-IATI-EC_INTPA-2023-ACT-61325,XI-IATI-EC_INTPA,European Commission - Directorate-General for International Partnerships,15,Multilateral,0,1,A02_sector,1,0,2,Implementation,"Budget Support - Labour, VET, Employment"
XI-IATI-EC_INTPA-2023-ACT-61606,XI-IATI-EC_INTPA,European Commission - Directorate-General for International Partnerships,15,Multilateral,0,1,A02_sector,1,0,2,Implementation,FIJI ¿ Time to Act! Implementing the Climate Change Act 
XI-IATI-EC_INTPA-2023-ACT-61699,XI-IATI-EC_INTPA,European Commission - Directorate-General for International Partnerships,15,Multilateral,0,1,A02_sector,1,0,2,Implementation,Appui au Secteur d'Energie du Bénin
XI-IATI-EC_INTPA-2023-ACT-61724,XI-IATI-EC_INTPA,European Commission - Directorate-General for International Partnerships,15,Multilateral,0,1,A02_sector,1,0,2,Implementation,Human Capital Development Programme for Bangladesh 2021 (HCDP 21)
XI-IATI-EC_INTPA-2023-ACT-61732,XI-IATI-EC_INTPA,European Commission - Directorate-General for International Partnerships,15,Multilateral,0,1,A02_sector,1,0,2,Implementation,Transforming Technical Education EU-Cambodia Partnership 2024-2030
XI-IATI-EC_INTPA-2023-ACT-61831,XI-IATI-EC_INTPA,European Commission - Directorate-General for International Partnerships,15,Multilateral,0,1,A02_sector,1,0,2,Implementation,Digitalisation through the E-government roadmap 
XI-IATI-EC_INTPA-2023-ACT-61846,XI-IATI-EC_INTPA,European Commission - Directorate-General for International Partnerships,15,Multilateral,1,0,A01_general,1,0,2,Implementation,State and Resilience Building Contract IV
XI-IATI-EC_INTPA-2023-ACT-61862,XI-IATI-EC_INTPA,European Commission - Directorate-General for International Partnerships,15,Multilateral,1,0,A01_general,1,0,2,Implementation,Somalia State and Resilience Building Contract - Phase 2
XI-IATI-EC_INTPA-2023-ACT-61863,XI-IATI-EC_INTPA,European Commission - Directorate-General for International Partnerships,15,Multilateral,1,0,A01_general,1,0,2,Implementation,Finance for Social Reforms in Zambia
XI-IATI-EC_INTPA-2023-ACT-61910,XI-IATI-EC_INTPA,European Commission - Directorate-General for International Partnerships,15,Multilateral,0,1,A02_sector,1,0,2,Implementation,Green Growth
XI-IATI-EC_INTPA-2023-ACT-62014,XI-IATI-EC_INTPA,European Commission - Directorate-General for International Partnerships,15,Multilateral,1,0,A01_general,1,0,2,Implementation,Contrat objectifs de développement durable-  Croissance Inclusive et Durable en Côte d¿Ivoire  (Contrat ODD-CID-CI)
XI-IATI-EC_INTPA-2023-ACT-62246,XI-IATI-EC_INTPA,European Commission - Directorate-General for International Partnerships,15,Multilateral,0,1,A02_sector,1,0,2,Implementation,EU-Greenland Education Partnership 2024-2025
XI-IATI-EC_INTPA-2023-PC-16929,XI-IATI-EC_INTPA,European Commission - Directorate-General for International Partnerships,15,Multilateral,1,0,A01_general,1,0,2,Implementation,"Appui au secteur priv¿, climat des investissements, et ¿ la r¿gulation et modernisation des services financiers"
XI-IATI-EC_INTPA-2023-PC-18126,XI-IATI-EC_INTPA,European Commission - Directorate-General for International Partnerships,15,Multilateral,1,0,A01_general,1,0,2,Implementation,Assistance Technique au Minist¿re des Finances et du Budget
XI-IATI-EC_INTPA-2023-PC-18143,XI-IATI-EC_INTPA,European Commission - Directorate-General for International Partnerships,15,Multilateral,0,1,A02_sector,1,0,2,Implementation,"La fourniture, la livraison, l'installation, et la mise en service de mat¿riels informatiques en vue du renforcement de la digitalisation de la Chambre des Comptes de la Cour Supr¿me - LOT 1"
XI-IATI-EC_INTPA-2023-PC-18768,XI-IATI-EC_INTPA,European Commission - Directorate-General for International Partnerships,15,Multilateral,0,1,A02_sector,1,0,2,Implementation,Digital4Tanzania (D4T) - Twinning
XI-IATI-EC_INTPA-2023-PC-19168,XI-IATI-EC_INTPA,European Commission - Directorate-General for International Partnerships,15,Multilateral,1,0,A01_general,1,0,4,Closed,Projet d¿Appui ¿a P¿nnisation de la Commission Electorale Nationale Ind¿ndante (CENI) et du Conseil Sup¿eur de la Communication (CSC) du Niger (PAC ¿ CENI/CSC)  2022 - 2025
XI-IATI-EC_INTPA-2023-PC-19387,XI-IATI-EC_INTPA,European Commission - Directorate-General for International Partnerships,15,Multilateral,0,1,A02_sector,1,0,2,Implementation,Support to the Education Development in Kyrgyzstan (2023-2025)
XI-IATI-EC_INTPA-2023-PC-20001,XI-IATI-EC_INTPA,European Commission - Directorate-General for International Partnerships,15,Multilateral,1,0,A01_general,1,0,2,Implementation,Appui au renforcement des capacit¿du Conseil d¿Etat
XI-IATI-EC_INTPA-2023-PC-20035,XI-IATI-EC_INTPA,European Commission - Directorate-General for International Partnerships,15,Multilateral,1,0,A01_general,1,0,4,Closed,Renforcement des capacit¿s des partis politiques en vue des ¿lections g¿n¿rales de 2025-2026 au Niger
XI-IATI-EC_INTPA-2023-PC-20039,XI-IATI-EC_INTPA,European Commission - Directorate-General for International Partnerships,15,Multilateral,1,0,A01_general,1,0,2,Implementation,Projet d'appui ¿ l'Ecole de Formation Juidiciaire du Niger (EFJN)
XI-IATI-EC_INTPA-2023-PC-21484,XI-IATI-EC_INTPA,European Commission - Directorate-General for International Partnerships,15,Multilateral,0,1,A02_sector,1,0,2,Implementation,Assistance Technique d'appui la Division des R¿formes Budg¿taires et de la coordination des PTF dans le domaine de la GFP
XI-IATI-EC_INTPA-2023-PC-22049,XI-IATI-EC_INTPA,European Commission - Directorate-General for International Partnerships,15,Multilateral,1,0,A01_general,1,0,2,Implementation,Complementary Support (Technical Assistance) to the Solomon Islands Ministry of Finance and Treasury and the Ministry of National Planning and Development Coordination on EU-Solomon Islands Partnership for Resilience Building contract
XI-IATI-EC_INTPA-2023-PC-22492,XI-IATI-EC_INTPA,European Commission - Directorate-General for International Partnerships,15,Multilateral,1,0,A01_general,1,0,4,Closed,Appui au renforcement du secteur de l'education et de la formation professionnelle au Niger
XI-IATI-EC_INTPA-2023-PC-23130,XI-IATI-EC_INTPA,European Commission - Directorate-General for International Partnerships,15,Multilateral,0,1,A02_sector,1,0,2,Implementation,Technical Assistance to support the implementation of the Informal Economy Reconversion Programme in Angola
XI-IATI-EC_INTPA-2023-PC-23134,XI-IATI-EC_INTPA,European Commission - Directorate-General for International Partnerships,15,Multilateral,0,1,A02_sector,1,0,2,Implementation,Expanding Social Security Benefits to Support the Formalization of the Angolan Economy
XI-IATI-EC_INTPA-2023-PC-23139,XI-IATI-EC_INTPA,European Commission - Directorate-General for International Partnerships,15,Multilateral,0,1,A02_sector,1,0,2,Implementation,"Sector Reform Performance Budget Support Contract ""Support to the Formalisation of the economy including social protection and support to Public Finance Management"""
XI-IATI-EC_INTPA-2023-PC-23354,XI-IATI-EC_INTPA,European Commission - Directorate-General for International Partnerships,15,Multilateral,0,1,A02_sector,1,0,2,Implementation,Budget Sector Component of the Energy Sector Reform Programme
XI-IATI-EC_INTPA-2023-PC-24210,XI-IATI-EC_INTPA,European Commission - Directorate-General for International Partnerships,15,Multilateral,0,1,A02_sector,1,0,2,Implementation,Programme europ¿ d¿appui ¿a transition ¿rg¿que en Nouvelle-Cal¿nie
XI-IATI-EC_INTPA-2023-PC-24213,XI-IATI-EC_INTPA,European Commission - Directorate-General for International Partnerships,15,Multilateral,0,1,A02_sector,1,0,2,Implementation,Programme europ¿en d'appui ¿ la gestion durable de l'eau en Polyn¿sie fran¿aise
XI-IATI-EC_INTPA-2023-PC-24294,XI-IATI-EC_INTPA,European Commission - Directorate-General for International Partnerships,15,Multilateral,0,1,A02_sector,1,0,2,Implementation,Partnership in Education and Skills for Inclusive Green Growth (PESIG)
XI-IATI-EC_INTPA-2023-PC-24360,XI-IATI-EC_INTPA,European Commission - Directorate-General for International Partnerships,15,Multilateral,0,1,A02_sector,1,0,2,Implementation,CONECTIVIDAD SOCIAL DIGITAL EN EL SALVADOR
XI-IATI-EC_INTPA-2023-PC-25042,XI-IATI-EC_INTPA,European Commission - Directorate-General for International Partnerships,15,Multilateral,1,0,A01_general,1,0,2,Implementation,Convention de contribution GIZ.- Réforme des Finances publiques pour l¿atteinte des ODD et  le Renforcement de la Mobilisation des recettes de l¿Etat (Re-FORME) 
XI-IATI-EC_INTPA-2023-PC-25043,XI-IATI-EC_INTPA,European Commission - Directorate-General for International Partnerships,15,Multilateral,1,0,A01_general,1,0,2,Implementation,Revue et Renforcement capacités PAGODES
XI-IATI-EC_INTPA-2023-PC-25058,XI-IATI-EC_INTPA,European Commission - Directorate-General for International Partnerships,15,Multilateral,0,1,A02_sector,1,0,2,Implementation,Budget Support - Disaster Risk Reduction - Saint-Barthélemy - DOAG
XI-IATI-EC_INTPA-2023-PC-25140,XI-IATI-EC_INTPA,European Commission - Directorate-General for International Partnerships,15,Multilateral,0,1,A02_sector,1,0,2,Implementation,Review of the Education Sector Reform Performance Contract  in the Kyrgyz Republic (2023-2026)
XI-IATI-EC_INTPA-2023-PC-25147,XI-IATI-EC_INTPA,European Commission - Directorate-General for International Partnerships,15,Multilateral,1,0,A01_general,1,0,4,Closed,"Décaissements des tranches fixes et variables du Programme d¿appui à la gouvernance démocratique, économique et sociale au Bénin (PAGODES) 2023-2025 ¿ Appui budgétaire."
XI-IATI-EC_INTPA-2023-PC-25426,XI-IATI-EC_INTPA,European Commission - Directorate-General for International Partnerships,15,Multilateral,1,0,A01_general,1,0,2,Implementation,Projet d¿Appui Intégré à la relance Agro pastorale et au développement des Chaines de Valeur porteuses en République centrafricaine (PAIA-CV-CAF)
XI-IATI-EC_INTPA-2023-PC-25538,XI-IATI-EC_INTPA,European Commission - Directorate-General for International Partnerships,15,Multilateral,0,1,A02_sector,1,0,2,Implementation,"Budget support to MMAyA Climate change adaptation through watershed, forest and disaster risk management and governance"
XI-IATI-EC_INTPA-2023-PC-25625,XI-IATI-EC_INTPA,European Commission - Directorate-General for International Partnerships,15,Multilateral,0,1,A02_sector,1,0,2,Implementation,Guyana Mangroves Budget Support
XI-IATI-EC_INTPA-2023-PC-25655,XI-IATI-EC_INTPA,European Commission - Directorate-General for International Partnerships,15,Multilateral,0,1,A02_sector,1,0,2,Implementation,Tuvalu Coconut Sector Rehabilitation Programme Budget Support Technical Contract
XI-IATI-EC_INTPA-2023-PC-25701,XI-IATI-EC_INTPA,European Commission - Directorate-General for International Partnerships,15,Multilateral,0,1,A02_sector,1,0,2,Implementation,Quality Education for All
XI-IATI-EC_INTPA-2023-PC-25713,XI-IATI-EC_INTPA,European Commission - Directorate-General for International Partnerships,15,Multilateral,0,1,A02_sector,1,0,2,Implementation,TECSES - Technical Support Cooperation to School Education Sector in Nepal in 2022-2027
XI-IATI-EC_INTPA-2023-PC-25850,XI-IATI-EC_INTPA,European Commission - Directorate-General for International Partnerships,15,Multilateral,1,0,A01_general,1,0,2,Implementation,Contrat de vérsement  des tranches AB Jeunesse
XI-IATI-EC_INTPA-2023-PC-26026,XI-IATI-EC_INTPA,European Commission - Directorate-General for International Partnerships,15,Multilateral,1,0,A01_general,1,0,2,Implementation,Assistance technique en appui ¿a transition politique et ¿a consolidation de l¿¿at au Tchad
XI-IATI-EC_INTPA-2023-PC-26198,XI-IATI-EC_INTPA,European Commission - Directorate-General for International Partnerships,15,Multilateral,1,0,A01_general,1,0,2,Implementation,Strengthening Public Financial Management in Togo
XI-IATI-EC_INTPA-2023-PC-26203,XI-IATI-EC_INTPA,European Commission - Directorate-General for International Partnerships,15,Multilateral,1,0,A01_general,1,0,4,Closed,Contrat d¿appui à la Consolidation de l¿Etat et à la Résilience du Togo (CCERT) - Premiier CL1
XI-IATI-EC_INTPA-2023-PC-26293,XI-IATI-EC_INTPA,European Commission - Directorate-General for International Partnerships,15,Multilateral,0,1,A02_sector,1,0,2,Implementation,Apoyo Presupuestario:'' Transicion hacia una Economia mas verde e Inclusiva''- ProTEVI
XI-IATI-EC_INTPA-2023-PC-26364,XI-IATI-EC_INTPA,European Commission - Directorate-General for International Partnerships,15,Multilateral,0,1,A02_sector,1,0,2,Implementation,Programme de coopération Union Européenne ¿ Saint-Pierre et Miquelon pour la période 2021-2027
XI-IATI-EC_INTPA-2023-PC-26380,XI-IATI-EC_INTPA,European Commission - Directorate-General for International Partnerships,15,Multilateral,0,1,A02_sector,1,0,2,Implementation,Technical commitment level 2/ Internal contract for budget disbursements - Budget Support for the development of the Uzbekistan¿s agri-food sector and resilient rural livelihoods
XI-IATI-EC_INTPA-2023-PC-26411,XI-IATI-EC_INTPA,European Commission - Directorate-General for International Partnerships,15,Multilateral,0,1,A02_sector,1,0,2,Implementation,Budget Support - Finance for Growth
XI-IATI-EC_INTPA-2023-PC-26483,XI-IATI-EC_INTPA,European Commission - Directorate-General for International Partnerships,15,Multilateral,1,0,A01_general,1,0,2,Implementation,Appui aux réformes des finances publiques mis en oeuvre par le FMI
XI-IATI-EC_INTPA-2023-PC-26579,XI-IATI-EC_INTPA,European Commission - Directorate-General for International Partnerships,15,Multilateral,0,1,A02_sector,1,0,2,Implementation,Transformative Governance for Blue Economy
XI-IATI-EC_INTPA-2023-PC-26617,XI-IATI-EC_INTPA,European Commission - Directorate-General for International Partnerships,15,Multilateral,0,1,A02_sector,1,0,2,Implementation,"Contribution Agreement - The right to learn: Strengthening sustainable service delivery systems to improve quality, equity and inclusivity of Integrated Early Childhood Development (IECD) and Pre-Primary Education (PPE) in Namibia"
XI-IATI-EC_INTPA-2023-PC-26647,XI-IATI-EC_INTPA,European Commission - Directorate-General for International Partnerships,15,Multilateral,1,0,A01_general,1,0,2,Implementation,Projet d'extension de la protection sociale à l'économie informelle agricole
XI-IATI-EC_INTPA-2023-PC-26837,XI-IATI-EC_INTPA,European Commission - Directorate-General for International Partnerships,15,Multilateral,0,1,A02_sector,1,0,2,Implementation,Technical/ Vocational Education and Training (TVET) and employment sector Budget Support programme
XI-IATI-EC_INTPA-2023-PC-26888,XI-IATI-EC_INTPA,European Commission - Directorate-General for International Partnerships,15,Multilateral,0,1,A02_sector,1,0,2,Implementation,Decommitment as epr FA rider
XI-IATI-EC_INTPA-2023-PC-27334,XI-IATI-EC_INTPA,European Commission - Directorate-General for International Partnerships,15,Multilateral,0,1,A02_sector,1,0,2,Implementation,Visibility and Communications Budget Support for Employment reforms in Mongolia'
XI-IATI-EC_INTPA-2023-PC-27358,XI-IATI-EC_INTPA,European Commission - Directorate-General for International Partnerships,15,Multilateral,0,1,A02_sector,1,0,2,Implementation,Evaluation finale du programme d'appui à la politique sectorielle santé II ( PAPSII)
XI-IATI-EC_INTPA-2023-PC-27513,XI-IATI-EC_INTPA,European Commission - Directorate-General for International Partnerships,15,Multilateral,1,0,A01_general,1,0,4,Closed,Identification des axes du programme de lutte contre la corruption
XI-IATI-EC_INTPA-2023-PC-27590,XI-IATI-EC_INTPA,European Commission - Directorate-General for International Partnerships,15,Multilateral,0,1,A02_sector,1,0,2,Implementation,EU - Technical Assistance for Agri-Food Systems (EU-TAAS) in Bhutan
XI-IATI-EC_INTPA-2023-PC-27689,XI-IATI-EC_INTPA,European Commission - Directorate-General for International Partnerships,15,Multilateral,0,1,A02_sector,1,0,2,Implementation,"Budget Support component of the ''Good Governance and Digitalisation in Bhutan''    
'Strengthening inclusive local governance and decentralisation in Bhutan' programme"
XI-IATI-EC_INTPA-2023-PC-27690,XI-IATI-EC_INTPA,European Commission - Directorate-General for International Partnerships,15,Multilateral,0,1,A02_sector,1,0,2,Implementation,Supporting inclusive access to digitalisation in education and skills in Bhutan
XI-IATI-EC_INTPA-2023-PC-27905,XI-IATI-EC_INTPA,European Commission - Directorate-General for International Partnerships,15,Multilateral,0,1,A02_sector,1,0,2,Implementation,Appui au secteur de l¿eau et assainissement à Sao Tomé-et-Principe
XI-IATI-EC_INTPA-2023-PC-28421,XI-IATI-EC_INTPA,European Commission - Directorate-General for International Partnerships,15,Multilateral,1,0,A01_general,1,0,4,Closed,State and Resilience Building Contract (SRBC 4) for The Gambia - Budget Support Component
XI-IATI-EC_INTPA-2023-PC-29022,XI-IATI-EC_INTPA,European Commission - Directorate-General for International Partnerships,15,Multilateral,1,0,A01_general,1,0,4,Closed,"AT - Appui compl¿mentaire au secteur S¿curit¿ Alimentaire, Nutritionnelle et D¿veloppement Agricole Durable - SANAD au Niger"
XI-IATI-EC_INTPA-2023-PC-29463,XI-IATI-EC_INTPA,European Commission - Directorate-General for International Partnerships,15,Multilateral,1,0,A01_general,1,0,4,Closed,APPUI A LA STRUCTURATION DU PSE PRIORITE JEUNESSE
XI-IATI-EC_INTPA-2023-PC-30243,XI-IATI-EC_INTPA,European Commission - Directorate-General for International Partnerships,15,Multilateral,0,1,A02_sector,1,0,2,Implementation,Public Awareness Raising on Renewable Energy and Energy Efficiency in Vietnam
XI-IATI-EC_INTPA-2023-PC-30334,XI-IATI-EC_INTPA,European Commission - Directorate-General for International Partnerships,15,Multilateral,0,1,A02_sector,1,0,2,Implementation,Technical assistance in support to sector policy implementation in the areas of agriculture and climate adaptation in the framework of a sector reform contract  Reference number: NDICI AFRICA/2023/444-283
XI-IATI-EC_INTPA-2023-PC-30645,XI-IATI-EC_INTPA,European Commission - Directorate-General for International Partnerships,15,Multilateral,1,0,A01_general,1,0,4,Closed,"Appui technique à la mise en place de standards ¿Youth Friendly¿ et des procédures de certification des institutions, organisations et initiatives pour les jeunes"
XI-IATI-EC_INTPA-2023-PC-30817,XI-IATI-EC_INTPA,European Commission - Directorate-General for International Partnerships,15,Multilateral,1,0,A01_general,1,0,4,Closed,Missioin d'appui à la Délégation de l'Union européenne au Togo pour le décaissement de l'appui budgétaire 2023 et 2024
XI-IATI-EC_INTPA-2023-PC-31561,XI-IATI-EC_INTPA,European Commission - Directorate-General for International Partnerships,15,Multilateral,1,0,A01_general,1,0,2,Implementation,Contrat d¿appui à la Consolidation de l¿Etat et à la Résilience du Togo (CCERT) - Deuxième CL1
XI-IATI-EC_INTPA-2023-PC-31976,XI-IATI-EC_INTPA,European Commission - Directorate-General for International Partnerships,15,Multilateral,1,0,A01_general,1,0,2,Implementation,EU-Kiribati Partnership for Resilience Building (KIRP) - Budget support component
XI-IATI-EC_INTPA-2023-PC-32142,XI-IATI-EC_INTPA,European Commission - Directorate-General for International Partnerships,15,Multilateral,0,1,A02_sector,1,0,2,Implementation,Tubakuze - Scaling-up Early Childhood Development in Rwanda
XI-IATI-EC_INTPA-2023-PC-32172,XI-IATI-EC_INTPA,European Commission - Directorate-General for International Partnerships,15,Multilateral,1,0,A01_general,1,0,2,Implementation,DE 45124: Somalia State and Resilience Building Contract (SRBC) - Phase 2
XI-IATI-EC_INTPA-2023-PC-32262,XI-IATI-EC_INTPA,European Commission - Directorate-General for International Partnerships,15,Multilateral,0,1,A02_sector,1,0,2,Implementation,"La fourniture, la livraison, l'installation, et la mise en service de mat¿riels informatiques en vue du renforcement de la digitalisation de la Chambre des Comptes de la Cour Supr¿me - LOT 2"
XI-IATI-EC_INTPA-2023-PC-32264,XI-IATI-EC_INTPA,European Commission - Directorate-General for International Partnerships,15,Multilateral,0,1,A02_sector,1,0,2,Implementation,Strengthening capacity for the implementation of the Nepal School Education Sector Plan
XI-IATI-EC_INTPA-2023-PC-34444,XI-IATI-EC_INTPA,European Commission - Directorate-General for International Partnerships,15,Multilateral,1,0,A01_general,1,0,2,Implementation,Appui à la mise en oeuvre de la stratégie nationale de protection sociale du Sénégal
XI-IATI-EC_INTPA-2023-PC-36658,XI-IATI-EC_INTPA,European Commission - Directorate-General for International Partnerships,15,Multilateral,0,1,A02_sector,1,0,2,Implementation,FIJI ¿ Time to Act! Implementing the Climate Change Act
XI-IATI-EC_INTPA-2023-PC-41431,XI-IATI-EC_INTPA,European Commission - Directorate-General for International Partnerships,15,Multilateral,1,0,A01_general,1,0,4,Closed,2024 et 2025 D¿caissement des tranches fixes et variables PAGODES.- Aide budg¿taire
XI-IATI-EC_INTPA-2024-ACT-62007,XI-IATI-EC_INTPA,European Commission - Directorate-General for International Partnerships,15,Multilateral,0,1,A02_sector,1,0,2,Implementation,Programme d'appui au développement local au Cameroun (PADL)
XI-IATI-EC_INTPA-2024-ACT-62209,XI-IATI-EC_INTPA,European Commission - Directorate-General for International Partnerships,15,Multilateral,0,1,A02_sector,1,0,2,Implementation,"Support to the Multi-Sector Nutrition Plan, Phase 3 (2023-2030)"
XI-IATI-EC_INTPA-2024-ACT-62358,XI-IATI-EC_INTPA,European Commission - Directorate-General for International Partnerships,15,Multilateral,1,0,A01_general,1,0,2,Implementation,Malawi State and Resilience Building Programme
XI-IATI-EC_INTPA-2024-ACT-62693,XI-IATI-EC_INTPA,European Commission - Directorate-General for International Partnerships,15,Multilateral,1,0,A01_general,1,0,2,Implementation,Pour un partenariat global renforcé avec la Mauritanie 
XI-IATI-EC_INTPA-2024-PC-25155,XI-IATI-EC_INTPA,European Commission - Directorate-General for International Partnerships,15,Multilateral,1,0,A01_general,1,0,2,Implementation,Généralisation Budget Sensible au Genre au Benin
XI-IATI-EC_INTPA-2024-PC-25272,XI-IATI-EC_INTPA,European Commission - Directorate-General for International Partnerships,15,Multilateral,1,0,A01_general,1,0,2,Implementation,Evaluation of the recent and current engagement of the EU in supporting Public Financial Management reforms in Cambodia
XI-IATI-EC_INTPA-2024-PC-25551,XI-IATI-EC_INTPA,European Commission - Directorate-General for International Partnerships,15,Multilateral,0,1,A02_sector,1,0,2,Implementation,"Asistencia Técnica APS ''Climate change adaptation through watershed, forest and disaster risk management and governance''"
XI-IATI-EC_INTPA-2024-PC-25656,XI-IATI-EC_INTPA,European Commission - Directorate-General for International Partnerships,15,Multilateral,0,1,A02_sector,1,0,4,Closed,Tuvalu Coconut Rehabilitation - Technical Assistance contract
XI-IATI-EC_INTPA-2024-PC-26389,XI-IATI-EC_INTPA,European Commission - Directorate-General for International Partnerships,15,Multilateral,0,1,A02_sector,1,0,4,Closed,Assistance téchnique Plan d'Action 2026-2029 Saint-Pierre et Miquelon
XI-IATI-EC_INTPA-2024-PC-26908,XI-IATI-EC_INTPA,European Commission - Directorate-General for International Partnerships,15,Multilateral,0,1,A02_sector,1,0,2,Implementation,"Décaissement des tranches fixes et variables 2024, 2025 et 2026 - Programme d'appui budgétaire sectoriel « Appui à la transition énergétique au Benin (2024-2027) »"
XI-IATI-EC_INTPA-2024-PC-27305,XI-IATI-EC_INTPA,European Commission - Directorate-General for International Partnerships,15,Multilateral,0,1,A02_sector,1,0,2,Implementation,GL - Green Growth - BUDGET SUPPORT
XI-IATI-EC_INTPA-2024-PC-27308,XI-IATI-EC_INTPA,European Commission - Directorate-General for International Partnerships,15,Multilateral,0,1,A02_sector,1,0,2,Implementation,Contrato para pagos apoyo prespuestario AP Bosques
XI-IATI-EC_INTPA-2024-PC-27309,XI-IATI-EC_INTPA,European Commission - Directorate-General for International Partnerships,15,Multilateral,0,1,A02_sector,1,0,2,Implementation,"Asistencia Tecnica al programa Bosques: Biodiversidad, Clima y Paz en Colombia"
XI-IATI-EC_INTPA-2024-PC-27708,XI-IATI-EC_INTPA,European Commission - Directorate-General for International Partnerships,15,Multilateral,0,1,A02_sector,1,0,2,Implementation,"Technical Assistance for Strengthening local governance, decentralisation and gender mainstreaming in Bhutan"
XI-IATI-EC_INTPA-2024-PC-27747,XI-IATI-EC_INTPA,European Commission - Directorate-General for International Partnerships,15,Multilateral,0,1,A02_sector,1,0,2,Implementation,Grant with National Childhood Development Agency
XI-IATI-EC_INTPA-2024-PC-32327,XI-IATI-EC_INTPA,European Commission - Directorate-General for International Partnerships,15,Multilateral,1,0,A01_general,1,0,2,Implementation,TONGA ¿ Technical assistance to the energy sector  
XI-IATI-EC_INTPA-2024-PC-35983,XI-IATI-EC_INTPA,European Commission - Directorate-General for International Partnerships,15,Multilateral,0,1,A02_sector,1,0,2,Implementation,MSNP 3 budget support
XI-IATI-EC_INTPA-2024-PC-36107,XI-IATI-EC_INTPA,European Commission - Directorate-General for International Partnerships,15,Multilateral,1,0,A01_general,1,0,2,Implementation,Support to TIC/ZIPA
XI-IATI-EC_INTPA-2024-PC-36292,XI-IATI-EC_INTPA,European Commission - Directorate-General for International Partnerships,15,Multilateral,0,1,A02_sector,1,0,2,Implementation,Contrat d'appui complémentaire au PADL
XI-IATI-EC_INTPA-2024-PC-36429,XI-IATI-EC_INTPA,European Commission - Directorate-General for International Partnerships,15,Multilateral,1,0,A01_general,1,0,2,Implementation,Nature Nourishes Budget Support Disbursement
XI-IATI-EC_INTPA-2024-PC-36587,XI-IATI-EC_INTPA,European Commission - Directorate-General for International Partnerships,15,Multilateral,1,0,A01_general,1,0,2,Implementation,Support for web-based tracking of the implementation of The Gambia's Recovery Focused National Development Plan
XI-IATI-EC_INTPA-2024-PC-36591,XI-IATI-EC_INTPA,European Commission - Directorate-General for International Partnerships,15,Multilateral,1,0,A01_general,1,0,2,Implementation,"Enhancing Rehabilitation and Empowering Amputee Communities: Strengthening Support Systems for Comprehensive Care, Socio-Economic Reintegration, and Advocacy for Individuals Living with Limb Loss."
XI-IATI-EC_INTPA-2024-PC-37034,XI-IATI-EC_INTPA,European Commission - Directorate-General for International Partnerships,15,Multilateral,1,0,A01_general,1,0,2,Implementation,Contrat d¿appui à la Consolidation de l¿Etat et à la Résilience du Togo (CCERT) - Troisième CL1
XI-IATI-EC_INTPA-2024-PC-37206,XI-IATI-EC_INTPA,European Commission - Directorate-General for International Partnerships,15,Multilateral,0,1,A02_sector,1,0,2,Implementation,EU-Greenland Education Partnership 2024-25 - Budget support
XI-IATI-EC_INTPA-2024-PC-37344,XI-IATI-EC_INTPA,European Commission - Directorate-General for International Partnerships,15,Multilateral,1,0,A01_general,1,0,2,Implementation,Malawi State and Resilience Building Programme
XI-IATI-EC_INTPA-2024-PC-37405,XI-IATI-EC_INTPA,European Commission - Directorate-General for International Partnerships,15,Multilateral,1,0,A01_general,1,0,2,Implementation,Contrat objectifs de développement durable- Croissance Inclusive et Durable en Côte d¿Ivoire (Contrat ODD-CID-CI)
XI-IATI-EC_INTPA-2024-PC-37656,XI-IATI-EC_INTPA,European Commission - Directorate-General for International Partnerships,15,Multilateral,0,1,A02_sector,1,0,2,Implementation,The Digital Transitioning Programme for Jamaica (Digital Jamaica)
XI-IATI-EC_INTPA-2024-PC-37833,XI-IATI-EC_INTPA,European Commission - Directorate-General for International Partnerships,15,Multilateral,1,0,A01_general,1,0,2,Implementation,Zambia Budget Support - Finance for Social Reforms
XI-IATI-EC_INTPA-2024-PC-40050,XI-IATI-EC_INTPA,European Commission - Directorate-General for International Partnerships,15,Multilateral,0,1,A02_sector,1,0,2,Implementation,Transforming Technical Education EU-Cambodia Partnership 2024-2027
XI-IATI-EC_INTPA-2024-PC-41558,XI-IATI-EC_INTPA,European Commission - Directorate-General for International Partnerships,15,Multilateral,1,0,A01_general,1,0,2,Implementation,Justice Sector Reform Support
XI-IATI-EC_INTPA-2024-PC-44588,XI-IATI-EC_INTPA,European Commission - Directorate-General for International Partnerships,15,Multilateral,1,0,A01_general,1,0,2,Implementation,The Grid Enhancement for Sustainable Energy Transition Project in Tonga
XI-IATI-EC_INTPA-2024-PC-44598,XI-IATI-EC_INTPA,European Commission - Directorate-General for International Partnerships,15,Multilateral,1,0,A01_general,1,0,2,Implementation,Modification FDI
XI-IATI-EC_INTPA-2024-PC-45725,XI-IATI-EC_INTPA,European Commission - Directorate-General for International Partnerships,15,Multilateral,0,1,A02_sector,1,0,2,Implementation,CTR paiement provision compte tiers Avocats UE affaire UE / AGRER - jugement du 16 septembre 2024
XI-IATI-EC_INTPA-2024-PC-46872,XI-IATI-EC_INTPA,European Commission - Directorate-General for International Partnerships,15,Multilateral,1,0,A01_general,1,0,4,Closed,Expenditure verification for contract EIDHR/2020/416-077- DEFY HATE NOW
XI-IATI-EC_INTPA-2024-PC-47768,XI-IATI-EC_INTPA,European Commission - Directorate-General for International Partnerships,15,Multilateral,1,0,A01_general,1,0,2,Implementation,"Composante d'appui budgétaire - Programme ''Pour un partenariat global renforcé avec la Mauritanie"""
XI-IATI-EC_INTPA-2024-PC-53145,XI-IATI-EC_INTPA,European Commission - Directorate-General for International Partnerships,15,Multilateral,0,1,A02_sector,1,0,2,Implementation,TECHNICAL COMMITMENT LEVEL 2 - NDICI 2022/ACT61633 SOCIO-ECONOMIC INTEGRATION OF MIGRANTS IN COLOMBIA
XI-IATI-EC_INTPA-2025-PC-26320,XI-IATI-EC_INTPA,European Commission - Directorate-General for International Partnerships,15,Multilateral,0,1,A02_sector,1,0,2,Implementation,Social Protection for Workers in Bangladesh
XI-IATI-EC_INTPA-2025-PC-36183,XI-IATI-EC_INTPA,European Commission - Directorate-General for International Partnerships,15,Multilateral,1,0,A01_general,1,0,4,Closed,Contract for 1st payment --Financial governance for natural resources --Budget support SRBC
XI-IATI-EC_INTPA-2025-PC-36398,XI-IATI-EC_INTPA,European Commission - Directorate-General for International Partnerships,15,Multilateral,0,1,A02_sector,1,0,2,Implementation,Appui compl¿mentaire du Programme d'Appui au D¿veloppement Local au Cameroun - PADL
XI-IATI-EC_INTPA-2025-PC-36473,XI-IATI-EC_INTPA,European Commission - Directorate-General for International Partnerships,15,Multilateral,1,0,A01_general,1,0,2,Implementation,Nature Nourishes SRBC to Sierra Leone Complementary Action
XI-IATI-EC_INTPA-2025-PC-36663,XI-IATI-EC_INTPA,European Commission - Directorate-General for International Partnerships,15,Multilateral,0,1,A02_sector,1,0,2,Implementation,"Complementary Support (Technical Assistance) to the Fiji Climate Change Division for ""Time to Act! Implementing the Climate Change Act"" programme"
XI-IATI-EC_INTPA-2025-PC-36947,XI-IATI-EC_INTPA,European Commission - Directorate-General for International Partnerships,15,Multilateral,0,1,A02_sector,1,0,2,Implementation,Technical assistance to social protection budget support
XI-IATI-EC_INTPA-2025-PC-37761,XI-IATI-EC_INTPA,European Commission - Directorate-General for International Partnerships,15,Multilateral,0,1,A02_sector,1,0,2,Implementation,Gestion intégrée des déchets solides et étude de préfaisabilité pour un CET à Sao Tomé et Principe
XI-IATI-EC_INTPA-2025-PC-42917,XI-IATI-EC_INTPA,European Commission - Directorate-General for International Partnerships,15,Multilateral,0,1,A02_sector,1,0,2,Implementation,Programme europ&#233;en d'appui au d&#233;veloppement durable et raisonn&#233; du secteur du tourisme de Wallis et Futuna
XI-IATI-EC_INTPA-2025-PC-49248,XI-IATI-EC_INTPA,European Commission - Directorate-General for International Partnerships,15,Multilateral,0,1,A02_sector,1,0,2,Implementation,Vanuatu Sustainable and Inclusive Rural Development Programme (VaVaC II) - Budget Support Technical Contract
XI-IATI-EC_INTPA-2025-PC-49555,XI-IATI-EC_INTPA,European Commission - Directorate-General for International Partnerships,15,Multilateral,1,0,A01_general,1,0,2,Implementation,Technical Assistance to the Directorate of Agencies and State Owned Enterprises
XI-IATI-EC_INTPA-2025-PC-50869,XI-IATI-EC_INTPA,European Commission - Directorate-General for International Partnerships,15,Multilateral,1,0,A01_general,1,0,4,Closed,Study of options to strengthen the Integrated Financial Management and Information System (IFMIS)
XI-IATI-EC_INTPA-2025-PC-52115,XI-IATI-EC_INTPA,European Commission - Directorate-General for International Partnerships,15,Multilateral,1,0,A01_general,1,0,2,Implementation,Finance for Social Reforms in Zambia - Support Measures
XI-IATI-EC_INTPA-2025-PC-52952,XI-IATI-EC_INTPA,European Commission - Directorate-General for International Partnerships,15,Multilateral,0,1,A02_sector,1,0,2,Implementation,Budget Support Component for ''Partnership for Public Financial Management (PFM) and Digital Transition in Timor-Leste (PADIT-TL).
XI-IATI-EC_INTPA-2025-PC-53379,XI-IATI-EC_INTPA,European Commission - Directorate-General for International Partnerships,15,Multilateral,1,0,A01_general,1,0,2,Implementation,"Technical Assistance to the Ministry of Finance and Economic Development, Kiribati Tax Division and Kiribati Auditor Office"
XI-IATI-EC_INTPA-2025-PC-53445,XI-IATI-EC_INTPA,European Commission - Directorate-General for International Partnerships,15,Multilateral,1,0,A01_general,1,0,2,Implementation,"Etude de faisabilité, route NKT-NDB - MAURITANIE"
XI-IATI-EC_INTPA-2025-PC-53764,XI-IATI-EC_INTPA,European Commission - Directorate-General for International Partnerships,15,Multilateral,1,0,A01_general,1,0,2,Implementation,Budget Support Cabo Verde AAP 2025
XI-IATI-EC_INTPA-2025-PC-55044,XI-IATI-EC_INTPA,European Commission - Directorate-General for International Partnerships,15,Multilateral,0,1,A02_sector,1,0,4,Closed,"Mid-term Evaluation of the ""Support to the Formalisation of the economy including social protection and support to Public Finance Management"" Programme"
XI-IATI-EC_INTPA-2025-PC-55340,XI-IATI-EC_INTPA,European Commission - Directorate-General for International Partnerships,15,Multilateral,0,1,A02_sector,1,0,2,Implementation,Inclusive Safety: Budget Support Component - Proforma contract
XI-IATI-EC_INTPA-2025-PC-59817,XI-IATI-EC_INTPA,European Commission - Directorate-General for International Partnerships,15,Multilateral,1,0,A01_general,1,0,2,Implementation,Nature Nourishes TALD
XI-IATI-EC_INTPA-2025-PC-61997,XI-IATI-EC_INTPA,European Commission - Directorate-General for International Partnerships,15,Multilateral,0,1,A02_sector,1,0,2,Implementation,Water Sector Budget Support Programme in the Kyrgyz Republic
XI-IATI-EC_INTPA-2025-PC-69397,XI-IATI-EC_INTPA,European Commission - Directorate-General for International Partnerships,15,Multilateral,1,0,A01_general,1,0,2,Implementation,Contract for 2nd and 3rd payment --Financial governance for natural resources --Budget support SRBC
XI-IATI-EC_INTPA-2025-PC-72129,XI-IATI-EC_INTPA,European Commission - Directorate-General for International Partnerships,15,Multilateral,1,0,A01_general,1,0,2,Implementation,"EUNIC_Appui ' la formation, ' l'entrepreneuriat et ' la participation citoyenne des jeunes dans les secteurs culturels et cr&#233;atifs au S&#233;n&#233;gal,"
XI-IATI-EC_INTPA-2025-PC-72780,XI-IATI-EC_INTPA,European Commission - Directorate-General for International Partnerships,15,Multilateral,1,0,A01_general,1,0,2,Implementation,Budget Support (Decision ACT-62771)
XI-IATI-EC_INTPA-2026-PC-37759,XI-IATI-EC_INTPA,European Commission - Directorate-General for International Partnerships,15,Multilateral,0,1,A02_sector,1,0,2,Implementation,Assistance Technique ¿ Améliorer la gouvernance et renforcer les outils stratégiques et de planification du secteur de l¿eau et l¿assainissement à Sao Tomé et Principe
XI-IATI-EC_INTPA-2026-PC-38372,XI-IATI-EC_INTPA,European Commission - Directorate-General for International Partnerships,15,Multilateral,0,1,A02_sector,1,0,2,Implementation,GL - Technical Assistance EU-Greenland Education Partnership 2024-2025
XI-IATI-EC_INTPA-2026-PC-42830,XI-IATI-EC_INTPA,European Commission - Directorate-General for International Partnerships,15,Multilateral,0,1,A02_sector,1,0,2,Implementation,Advancing Public Finance Management Reforms for Sustainable Development Goals Achievement in Kyrgyzstan
XI-IATI-EC_INTPA-2026-PC-49465,XI-IATI-EC_INTPA,European Commission - Directorate-General for International Partnerships,15,Multilateral,0,1,A02_sector,1,0,2,Implementation,Technical Assistance for the Vanuatu Sustainable and Inclusive Rural Development Programme (VaVaC II)
XI-IATI-EC_INTPA-2026-PC-53801,XI-IATI-EC_INTPA,European Commission - Directorate-General for International Partnerships,15,Multilateral,0,1,A02_sector,1,0,2,Implementation,Technical Assistance in support of the Partnership in Education and Skills for Inclusive Green Growth (PESIG) programme.
XI-IATI-EC_INTPA-2026-PC-53819,XI-IATI-EC_INTPA,European Commission - Directorate-General for International Partnerships,15,Multilateral,1,0,A01_general,1,0,2,Implementation,DE 49138: State and Resilience Building Contract (SRBC) &#8211; Phase 3
XI-IATI-EC_INTPA-2026-PC-64428,XI-IATI-EC_INTPA,European Commission - Directorate-General for International Partnerships,15,Multilateral,1,0,A01_general,1,0,2,Implementation,TECHNICAL ASSISTANCE FOR STATE AND RESILIENCE BUILDING CONTRACT (SRBC) BUDGET SUPPORT IN PAPUA NEW GUINEA
XI-IATI-EC_INTPA-2026-PC-75396,XI-IATI-EC_INTPA,European Commission - Directorate-General for International Partnerships,15,Multilateral,1,0,A01_general,1,0,2,Implementation,"Forest, Climate Change and Biodiversity SRBC Accelerator"
XI-IATI-EC_INTPA-2026-PC-75410,XI-IATI-EC_INTPA,European Commission - Directorate-General for International Partnerships,15,Multilateral,0,1,A02_sector,1,0,2,Implementation,Digitalisation Budget Support-2
XI-IATI-EC_INTPA-2026-PC-75852,XI-IATI-EC_INTPA,European Commission - Directorate-General for International Partnerships,15,Multilateral,1,0,A01_general,1,0,2,Implementation,Technical assistance to the EU Delegation to The Gambia on budget support design and negotiation
XI-IATI-EC_INTPA-2026-PC-75966,XI-IATI-EC_INTPA,European Commission - Directorate-General for International Partnerships,15,Multilateral,0,1,A02_sector,1,0,1,Pipeline/identification,Activity under preparation Comprehensive Recovery and Resilience for Myanmar (CRRM)
XI-IATI-EC_INTPA-2026-PC-76775,XI-IATI-EC_INTPA,European Commission - Directorate-General for International Partnerships,15,Multilateral,0,1,A02_sector,1,0,2,Implementation,Expenditure Verification of contract 425135 Myanmar AFD
XI-IATI-EC_INTPA-2026-PC-77174,XI-IATI-EC_INTPA,European Commission - Directorate-General for International Partnerships,15,Multilateral,0,1,A02_sector,1,0,2,Implementation,AGRER/UE - Avenant au CTR 459-220 paiement provision compte tiers Avocats UE affaire UE / AGRER - jugement du 16 septembre 2024
XI-IATI-EC_INTPA-2026-PC-78665,XI-IATI-EC_INTPA,European Commission - Directorate-General for International Partnerships,15,Multilateral,0,1,A02_sector,1,0,2,Implementation,Mid term review of the EU - Viet Nam Sustainable Energy Transition Programme - Copy
XI-IATI-EC_INTPA-2026-PC-80732,XI-IATI-EC_INTPA,European Commission - Directorate-General for International Partnerships,15,Multilateral,0,1,A02_sector,1,0,2,Implementation,Preparation and Validation of Inclusive Safety Programme Technical Assistance Terms of Reference
XI-IATI-EC_INTPA-2026-PC-81164,XI-IATI-EC_INTPA,European Commission - Directorate-General for International Partnerships,15,Multilateral,0,1,A02_sector,1,0,2,Implementation,Digital Skills and Digital Literacy for Lao Adolescent Employability
XI-IATI-EC_NEAR-2011-ACT-D-22775-00,XI-IATI-EC_NEAR,European Commission - Directorate-General for Neighbourhood and Enlargement Negotiations,15,Multilateral,0,1,A02_sector,1,0,2,Implementation,Appui à la promotion de l'équité et de l'égalité entre les femmes et les hommes
XI-IATI-EC_NEAR-2012-ACT-D-24572-00,XI-IATI-EC_NEAR,European Commission - Directorate-General for Neighbourhood and Enlargement Negotiations,15,Multilateral,0,1,A02_sector,1,0,2,Implementation,Socio Economic Development and Civil Society Support Programme
XI-IATI-EC_NEAR-2014-ACT-D-32813-01,XI-IATI-EC_NEAR,European Commission - Directorate-General for Neighbourhood and Enlargement Negotiations,15,Multilateral,0,1,A02_sector,1,0,2,Implementation,Sector Reform Contract for Public Finance Management
XI-IATI-EC_NEAR-2014-ACT-D-37371-00,XI-IATI-EC_NEAR,European Commission - Directorate-General for Neighbourhood and Enlargement Negotiations,15,Multilateral,0,1,A02_sector,1,0,2,Implementation,Programme d'appui sectoriel à la réforme de la justice
XI-IATI-EC_NEAR-2015-ACT-D-37735-00,XI-IATI-EC_NEAR,European Commission - Directorate-General for Neighbourhood and Enlargement Negotiations,15,Multilateral,0,1,A02_sector,1,0,2,Implementation,Renewable Energy and Energy Efficiency Programme in Jordan REEE II
XI-IATI-EC_NEAR-2015-ACT-D-37894-03,XI-IATI-EC_NEAR,European Commission - Directorate-General for Neighbourhood and Enlargement Negotiations,15,Multilateral,0,1,A02_sector,1,0,2,Implementation,Support to implementation of IBM Strategy
XI-IATI-EC_NEAR-2015-ACT-D-38144-00,XI-IATI-EC_NEAR,European Commission - Directorate-General for Neighbourhood and Enlargement Negotiations,15,Multilateral,0,1,A02_sector,1,0,2,Implementation,Support to Police Reform
XI-IATI-EC_NEAR-2015-ACT-D-38422-00,XI-IATI-EC_NEAR,European Commission - Directorate-General for Neighbourhood and Enlargement Negotiations,15,Multilateral,0,1,A02_sector,1,0,2,Implementation,Cap sur la Décentralisation et le Développement Intégré des territroires (CAP 2D)
XI-IATI-EC_NEAR-2015-ACT-D-38444-04,XI-IATI-EC_NEAR,European Commission - Directorate-General for Neighbourhood and Enlargement Negotiations,15,Multilateral,0,1,A02_sector,1,0,2,Implementation,Annual Action Programme Serbia IPA 2015 - Sector Budget Support PAR
XI-IATI-EC_NEAR-2015-ACT-D-38715-01,XI-IATI-EC_NEAR,European Commission - Directorate-General for Neighbourhood and Enlargement Negotiations,15,Multilateral,0,1,A02_sector,1,0,2,Implementation,Sector Reform Contract for Public Administration Reform
XI-IATI-EC_NEAR-2015-ACT-D-38716-05,XI-IATI-EC_NEAR,European Commission - Directorate-General for Neighbourhood and Enlargement Negotiations,15,Multilateral,0,1,A02_sector,1,0,2,Implementation,IPA 2015 Annual Action Programme for Albania - objective 2
XI-IATI-EC_NEAR-2015-ACT-D-38720-00,XI-IATI-EC_NEAR,European Commission - Directorate-General for Neighbourhood and Enlargement Negotiations,15,Multilateral,1,0,A01_general,1,0,2,Implementation,Cinquième Programme d'Appui à la Relance (PAR V)
XI-IATI-EC_NEAR-2016-ACT-D-38717-03,XI-IATI-EC_NEAR,European Commission - Directorate-General for Neighbourhood and Enlargement Negotiations,15,Multilateral,0,1,A02_sector,1,0,2,Implementation,Sector Reform Contract for the Fight against Corruption in Albania
XI-IATI-EC_NEAR-2016-ACT-D-38718-06,XI-IATI-EC_NEAR,European Commission - Directorate-General for Neighbourhood and Enlargement Negotiations,15,Multilateral,0,1,A02_sector,1,0,2,Implementation,Sector reform contract to support transport with focus on roads
XI-IATI-EC_NEAR-2016-ACT-D-39318-00,XI-IATI-EC_NEAR,European Commission - Directorate-General for Neighbourhood and Enlargement Negotiations,15,Multilateral,0,1,A02_sector,1,0,2,Implementation,"ENPARD III (European Neighbourhood Programme for Agriculture and Rural Development in Georgia, phase III)"
XI-IATI-EC_NEAR-2016-ACT-D-39372-02,XI-IATI-EC_NEAR,European Commission - Directorate-General for Neighbourhood and Enlargement Negotiations,15,Multilateral,0,1,A02_sector,1,0,2,Implementation,Programme d'appui aux politiques migratoires du Maroc
XI-IATI-EC_NEAR-2016-ACT-D-39506-00,XI-IATI-EC_NEAR,European Commission - Directorate-General for Neighbourhood and Enlargement Negotiations,15,Multilateral,0,1,A02_sector,1,0,2,Implementation,"EMORI - Programme d'appui à l'éducation, la mobilité, la recherche et l'innovation en Tunisie"
XI-IATI-EC_NEAR-2016-ACT-D-39569-00,XI-IATI-EC_NEAR,European Commission - Directorate-General for Neighbourhood and Enlargement Negotiations,15,Multilateral,0,1,A02_sector,1,0,2,Implementation,Support to Comprehensive Reform of Public Administration in Ukraine
XI-IATI-EC_NEAR-2016-ACT-D-39595-00,XI-IATI-EC_NEAR,European Commission - Directorate-General for Neighbourhood and Enlargement Negotiations,15,Multilateral,0,1,A02_sector,1,0,2,Implementation,Support to Public Administration Reform in Armenia: better service delivery through better administration
XI-IATI-EC_NEAR-2016-ACT-D-39601-00,XI-IATI-EC_NEAR,European Commission - Directorate-General for Neighbourhood and Enlargement Negotiations,15,Multilateral,0,1,A02_sector,1,0,2,Implementation,Support to the implementation of the National Solid Waste Management Strategy
XI-IATI-EC_NEAR-2016-ACT-D-39747-07,XI-IATI-EC_NEAR,European Commission - Directorate-General for Neighbourhood and Enlargement Negotiations,15,Multilateral,0,1,A02_sector,1,0,2,Implementation,Action Programme for Kosovo* for the year 2016  Part II  Sector Budget Support
XI-IATI-EC_NEAR-2016-ACT-D-39803-06,XI-IATI-EC_NEAR,European Commission - Directorate-General for Neighbourhood and Enlargement Negotiations,15,Multilateral,0,1,A02_sector,1,0,2,Implementation,Country Action Programme Serbia IPA 2016 - Objective 1 - IBM SBS
XI-IATI-EC_NEAR-2016-ACT-D-39806-09,XI-IATI-EC_NEAR,European Commission - Directorate-General for Neighbourhood and Enlargement Negotiations,15,Multilateral,0,1,A02_sector,1,0,2,Implementation,Country Action Programme Serbia IPA 2016 - Objective 2 - Education SBS
XI-IATI-EC_NEAR-2016-ACT-D-39842-01,XI-IATI-EC_NEAR,European Commission - Directorate-General for Neighbourhood and Enlargement Negotiations,15,Multilateral,0,1,A02_sector,1,0,2,Implementation,Programme d'appui à la Protection sociale au Maroc
XI-IATI-EC_NEAR-2016-PCC-380129,XI-IATI-EC_NEAR,European Commission - Directorate-General for Neighbourhood and Enlargement Negotiations,15,Multilateral,0,1,A02_sector,1,0,2,Implementation,Introduction of Renewable Energy in 3-5 water supply stations using Photovoltaic (PV) water pumping systems
XI-IATI-EC_NEAR-2016-PCC-380130,XI-IATI-EC_NEAR,European Commission - Directorate-General for Neighbourhood and Enlargement Negotiations,15,Multilateral,0,1,A02_sector,1,0,2,Implementation,CONSTRUCTION OF A SANITARY CELL AT ALGHABAWI LANDFILL AND PURCHASE AND INSTALLATION OF A GAS TURBINE FOR THE EXPANSION OF THE LANDFILL GAS SYSTEM
XI-IATI-EC_NEAR-2016-PCC-383649,XI-IATI-EC_NEAR,European Commission - Directorate-General for Neighbourhood and Enlargement Negotiations,15,Multilateral,0,1,A02_sector,1,0,2,Implementation,Country Action Programme for Albania for the Year 2015 - Objective 2 - Indirect Management Part
XI-IATI-EC_NEAR-2017-ACT-D-40260-00,XI-IATI-EC_NEAR,European Commission - Directorate-General for Neighbourhood and Enlargement Negotiations,15,Multilateral,0,1,A02_sector,1,0,2,Implementation,EGALITE - MOUSSAWAT
XI-IATI-EC_NEAR-2017-ACT-D-40313-00,XI-IATI-EC_NEAR,European Commission - Directorate-General for Neighbourhood and Enlargement Negotiations,15,Multilateral,0,1,A02_sector,1,0,2,Implementation,Programme d'appui à la stratégie nationale d'alphabétisation au Maroc - 3ème phase (ALPHA III)
XI-IATI-EC_NEAR-2017-ACT-D-40316-00,XI-IATI-EC_NEAR,European Commission - Directorate-General for Neighbourhood and Enlargement Negotiations,15,Multilateral,0,1,A02_sector,1,0,2,Implementation,Support to the implementation of the National Solid Waste Management Strategy
XI-IATI-EC_NEAR-2017-ACT-D-40318-00,XI-IATI-EC_NEAR,European Commission - Directorate-General for Neighbourhood and Enlargement Negotiations,15,Multilateral,0,1,A02_sector,1,0,2,Implementation,Economic and Business Development in Georgia
XI-IATI-EC_NEAR-2017-ACT-D-40445-00,XI-IATI-EC_NEAR,European Commission - Directorate-General for Neighbourhood and Enlargement Negotiations,15,Multilateral,0,1,A02_sector,1,0,2,Implementation,"programme d'appui à la réforme fiscale, l'inclusion financière et le développement de l'économie sociale et solidaire"
XI-IATI-EC_NEAR-2017-ACT-D-40548-00,XI-IATI-EC_NEAR,European Commission - Directorate-General for Neighbourhood and Enlargement Negotiations,15,Multilateral,0,1,A02_sector,1,0,2,Implementation,Support to the Rule of Law in Jordan
XI-IATI-EC_NEAR-2017-ACT-D-40562-01,XI-IATI-EC_NEAR,European Commission - Directorate-General for Neighbourhood and Enlargement Negotiations,15,Multilateral,0,1,A02_sector,1,0,2,Implementation,Objectif Transition Energétique
XI-IATI-EC_NEAR-2017-ACT-D-40695-00,XI-IATI-EC_NEAR,European Commission - Directorate-General for Neighbourhood and Enlargement Negotiations,15,Multilateral,0,1,A02_sector,1,0,2,Implementation,Programme d'appui à la réforme de la Justice (PARJ 3)
XI-IATI-EC_NEAR-2017-ACT-D-40704-00,XI-IATI-EC_NEAR,European Commission - Directorate-General for Neighbourhood and Enlargement Negotiations,15,Multilateral,0,1,A02_sector,1,0,2,Implementation,Programme d'Appui à la Compétitivité et aux Exportations (PACE)
XI-IATI-EC_NEAR-2017-ACT-D-40759-00,XI-IATI-EC_NEAR,European Commission - Directorate-General for Neighbourhood and Enlargement Negotiations,15,Multilateral,1,0,A01_general,1,0,2,Implementation,Top-up au Programme Réussir le Statut Avancé phase II (RSA II)
XI-IATI-EC_NEAR-2017-ACT-D-40761-01,XI-IATI-EC_NEAR,European Commission - Directorate-General for Neighbourhood and Enlargement Negotiations,15,Multilateral,0,1,A02_sector,1,0,2,Implementation,Top up au programme d'appui à la Protection sociale au Maroc
XI-IATI-EC_NEAR-2017-PCC-385741,XI-IATI-EC_NEAR,European Commission - Directorate-General for Neighbourhood and Enlargement Negotiations,15,Multilateral,0,1,A02_sector,1,0,2,Implementation,EU Programme for the Reform of Public Administration and Finances (EURoPAF)  
XI-IATI-EC_NEAR-2017-PCC-394566,XI-IATI-EC_NEAR,European Commission - Directorate-General for Neighbourhood and Enlargement Negotiations,15,Multilateral,0,1,A02_sector,1,0,2,Implementation,EU Support to the National Solid Waste Management Strategy - Infrastructures and Capacity building component (AFD)
XI-IATI-EC_NEAR-2017-PCC-394632,XI-IATI-EC_NEAR,European Commission - Directorate-General for Neighbourhood and Enlargement Negotiations,15,Multilateral,0,1,A02_sector,1,0,2,Implementation,Sector Reform Contract for Public Administration Reform
XI-IATI-EC_NEAR-2017-PCC-394764,XI-IATI-EC_NEAR,European Commission - Directorate-General for Neighbourhood and Enlargement Negotiations,15,Multilateral,0,1,A02_sector,1,0,2,Implementation,Contrat PAGODA UE/UNICEF - Programme d'appui à une protection sociale intégrée et sensible aux enfants au Maroc
XI-IATI-EC_NEAR-2017-PCC-394816,XI-IATI-EC_NEAR,European Commission - Directorate-General for Neighbourhood and Enlargement Negotiations,15,Multilateral,0,1,A02_sector,1,0,2,Implementation,Implementation of the National Solid Waste Management Strategy Budget Support contract
XI-IATI-EC_NEAR-2017-PCC-394871,XI-IATI-EC_NEAR,European Commission - Directorate-General for Neighbourhood and Enlargement Negotiations,15,Multilateral,0,1,A02_sector,1,0,2,Implementation,« Appui à l'intégration de la population migrante dans les services d'assistance sociale et d'alphabétisation du Royaume du Maroc »
XI-IATI-EC_NEAR-2018-ACT-D-41151-00,XI-IATI-EC_NEAR,European Commission - Directorate-General for Neighbourhood and Enlargement Negotiations,15,Multilateral,0,1,A02_sector,1,0,2,Implementation,Programme d'appui à la Jeunesse au Maroc
XI-IATI-EC_NEAR-2018-ACT-D-41290-00,XI-IATI-EC_NEAR,European Commission - Directorate-General for Neighbourhood and Enlargement Negotiations,15,Multilateral,0,1,A02_sector,1,0,2,Implementation,Top up convention justice
XI-IATI-EC_NEAR-2018-ACT-D-41398-00,XI-IATI-EC_NEAR,European Commission - Directorate-General for Neighbourhood and Enlargement Negotiations,15,Multilateral,0,1,A02_sector,1,0,2,Implementation,Programme d'Appui au Développement Territorial au Maroc (PADT)
XI-IATI-EC_NEAR-2018-ACT-D-41405-00,XI-IATI-EC_NEAR,European Commission - Directorate-General for Neighbourhood and Enlargement Negotiations,15,Multilateral,0,1,A02_sector,1,0,2,Implementation,EU 4 Economic Governance and Fiscal Accountability
XI-IATI-EC_NEAR-2018-PCC-395584,XI-IATI-EC_NEAR,European Commission - Directorate-General for Neighbourhood and Enlargement Negotiations,15,Multilateral,0,1,A02_sector,1,0,2,Implementation,Support to Public Administration Reform under the PAR Sector Reform Contract
XI-IATI-EC_NEAR-2018-PCC-397293,XI-IATI-EC_NEAR,European Commission - Directorate-General for Neighbourhood and Enlargement Negotiations,15,Multilateral,0,1,A02_sector,1,0,2,Implementation,Support to Public Administration Reform (PAR) visibility and communication under the PAR Sector Reform contract
XI-IATI-EC_NEAR-2018-PCC-399610,XI-IATI-EC_NEAR,European Commission - Directorate-General for Neighbourhood and Enlargement Negotiations,15,Multilateral,0,1,A02_sector,1,0,2,Implementation,EU Support to the implementation of the National Solid Waste Management Strategy - Informal Sector Integration and Awareness Raising
XI-IATI-EC_NEAR-2018-PCC-401348,XI-IATI-EC_NEAR,European Commission - Directorate-General for Neighbourhood and Enlargement Negotiations,15,Multilateral,0,1,A02_sector,1,0,2,Implementation,Green Economy: Sustainable Mountain Tourism and Organic Agriculture (GRETA)
XI-IATI-EC_NEAR-2018-PCC-401352,XI-IATI-EC_NEAR,European Commission - Directorate-General for Neighbourhood and Enlargement Negotiations,15,Multilateral,0,1,A02_sector,1,0,2,Implementation,Increasing Institutional Capacity for Innovation Projec
XI-IATI-EC_NEAR-2018-PCC-403140,XI-IATI-EC_NEAR,European Commission - Directorate-General for Neighbourhood and Enlargement Negotiations,15,Multilateral,0,1,A02_sector,1,0,2,Implementation,Contrat de performance de r¿forme sectorielle - Objectif transition energ¿tique.
XI-IATI-EC_NEAR-2018-PCC-403150,XI-IATI-EC_NEAR,European Commission - Directorate-General for Neighbourhood and Enlargement Negotiations,15,Multilateral,0,1,A02_sector,1,0,2,Implementation,Contrat de performance de réforme sectorielle - Appui budgétaire au Programme d'appui à la compétitivité et aux exportations
XI-IATI-EC_NEAR-2018-PCC-403393,XI-IATI-EC_NEAR,European Commission - Directorate-General for Neighbourhood and Enlargement Negotiations,15,Multilateral,0,1,A02_sector,1,0,2,Implementation,Skills Development and Matching for Labour Market Needs -Budget Support Contrac
XI-IATI-EC_NEAR-2018-PCC-404157,XI-IATI-EC_NEAR,European Commission - Directorate-General for Neighbourhood and Enlargement Negotiations,15,Multilateral,0,1,A02_sector,1,0,2,Implementation,Appui au Conseil Sup¿rieur du Pouvoir Judiciaire
XI-IATI-EC_NEAR-2018-PCC-404297,XI-IATI-EC_NEAR,European Commission - Directorate-General for Neighbourhood and Enlargement Negotiations,15,Multilateral,0,1,A02_sector,1,0,2,Implementation,Appui à la gestion durable des ressources halieutiques et aquacoles
XI-IATI-EC_NEAR-2018-PCC-404376,XI-IATI-EC_NEAR,European Commission - Directorate-General for Neighbourhood and Enlargement Negotiations,15,Multilateral,0,1,A02_sector,1,0,2,Implementation,"Am¿lioration du Fonctionnement, de la Performance et de l'Acc¿s ¿ la justice en Tunisie (AP-JUST)."
XI-IATI-EC_NEAR-2018-PCC-404417,XI-IATI-EC_NEAR,European Commission - Directorate-General for Neighbourhood and Enlargement Negotiations,15,Multilateral,0,1,A02_sector,1,0,2,Implementation,Augmentation de la contribution apport¿e par l'UE ¿ l'action du PRIMEA suivant les dispositions de la convention de financement ENI/2017/040-704 du Programme d'Appui ¿ la Comp¿titivit¿ et aux Exportation.
XI-IATI-EC_NEAR-2019-ACT-D-41203-02,XI-IATI-EC_NEAR,European Commission - Directorate-General for Neighbourhood and Enlargement Negotiations,15,Multilateral,0,1,A02_sector,1,0,2,Implementation, Annual Action Programme for Albania for the year 2019
XI-IATI-EC_NEAR-2019-ACT-D-41263-03,XI-IATI-EC_NEAR,European Commission - Directorate-General for Neighbourhood and Enlargement Negotiations,15,Multilateral,0,1,A02_sector,1,0,2,Implementation,EU for Youth (Sector Reform Contract and Complimenatry assistance)
XI-IATI-EC_NEAR-2019-ACT-D-41859-00,XI-IATI-EC_NEAR,European Commission - Directorate-General for Neighbourhood and Enlargement Negotiations,15,Multilateral,0,1,A02_sector,1,0,2,Implementation,Appui au Développement Rural en Tunisie
XI-IATI-EC_NEAR-2019-ACT-D-41860-00,XI-IATI-EC_NEAR,European Commission - Directorate-General for Neighbourhood and Enlargement Negotiations,15,Multilateral,0,1,A02_sector,1,0,2,Implementation,Appui à l'inclusion sociale en Tunisie
XI-IATI-EC_NEAR-2019-ACT-D-41891-00,XI-IATI-EC_NEAR,European Commission - Directorate-General for Neighbourhood and Enlargement Negotiations,15,Multilateral,1,0,A01_general,1,0,2,Implementation,Programme d'Appui à la Gouvernance Economique (PAGE)
XI-IATI-EC_NEAR-2019-ACT-D-41934-01,XI-IATI-EC_NEAR,European Commission - Directorate-General for Neighbourhood and Enlargement Negotiations,15,Multilateral,0,1,A02_sector,1,0,2,Implementation,EU 4 Integrated Territorial Development
XI-IATI-EC_NEAR-2019-ACT-D-41937-00,XI-IATI-EC_NEAR,European Commission - Directorate-General for Neighbourhood and Enlargement Negotiations,15,Multilateral,0,1,A02_sector,1,0,2,Implementation,"European Neighbourhood Programme for Agriculture and Rural Development in Georgia, phase IV (ENPARD Georgia IV)"
XI-IATI-EC_NEAR-2019-ACT-D-41950-00,XI-IATI-EC_NEAR,European Commission - Directorate-General for Neighbourhood and Enlargement Negotiations,15,Multilateral,0,1,A02_sector,1,0,2,Implementation,PIAFE - Programme intégré d'appui au secteur de la formation et de l'éducation au Maroc
XI-IATI-EC_NEAR-2019-ACT-D-42126-00,XI-IATI-EC_NEAR,European Commission - Directorate-General for Neighbourhood and Enlargement Negotiations,15,Multilateral,0,1,A02_sector,1,0,2,Implementation,Programme d'appui au secteur de la santé III-PASS III
XI-IATI-EC_NEAR-2019-ACT-D-42137-00,XI-IATI-EC_NEAR,European Commission - Directorate-General for Neighbourhood and Enlargement Negotiations,15,Multilateral,0,1,A02_sector,1,0,2,Implementation,EU Support to Economic Reforms for Growth and Jobs in Jordan
XI-IATI-EC_NEAR-2019-ACT-D-42240-00,XI-IATI-EC_NEAR,European Commission - Directorate-General for Neighbourhood and Enlargement Negotiations,15,Multilateral,0,1,A02_sector,1,0,2,Implementation,Support to quality of Education and TVET
XI-IATI-EC_NEAR-2019-PCC-404352,XI-IATI-EC_NEAR,European Commission - Directorate-General for Neighbourhood and Enlargement Negotiations,15,Multilateral,0,1,A02_sector,1,0,2,Implementation,Appui aux services de contr¿le officiels des produits animaux et v¿g¿taux en Tunisie
XI-IATI-EC_NEAR-2019-PCC-404799,XI-IATI-EC_NEAR,European Commission - Directorate-General for Neighbourhood and Enlargement Negotiations,15,Multilateral,0,1,A02_sector,1,0,2,Implementation,"Mission de préparation du lancement du programme d'appui de l'UE à la Tunisie, et de rédaction des TDR de l'Assistance Technique d'accompagnement du programme"
XI-IATI-EC_NEAR-2019-PCC-407099,XI-IATI-EC_NEAR,European Commission - Directorate-General for Neighbourhood and Enlargement Negotiations,15,Multilateral,0,1,A02_sector,1,0,2,Implementation,EU-Tunisia Investment Climate reforms II Program
XI-IATI-EC_NEAR-2019-PCC-407821,XI-IATI-EC_NEAR,European Commission - Directorate-General for Neighbourhood and Enlargement Negotiations,15,Multilateral,0,1,A02_sector,1,0,2,Implementation,EU Support to Efficient Border Management (service)
XI-IATI-EC_NEAR-2019-PCC-408874,XI-IATI-EC_NEAR,European Commission - Directorate-General for Neighbourhood and Enlargement Negotiations,15,Multilateral,0,1,A02_sector,1,0,2,Implementation,Sector Contract Reform Support toJustice Reform in Albania/EU4JusticeReform
XI-IATI-EC_NEAR-2019-PCC-410052,XI-IATI-EC_NEAR,European Commission - Directorate-General for Neighbourhood and Enlargement Negotiations,15,Multilateral,0,1,A02_sector,1,0,2,Implementation,''Insadder!''  Instrument  européen d'aide à l'exportation
XI-IATI-EC_NEAR-2019-PCC-411467,XI-IATI-EC_NEAR,European Commission - Directorate-General for Neighbourhood and Enlargement Negotiations,15,Multilateral,0,1,A02_sector,1,0,2,Implementation,Am¿liorer la mobilisation des ressources int¿rieures ¿ travers la mise en place d'un syst¿me fiscal efficace et d'une transparence fiscale am¿lior¿e
XI-IATI-EC_NEAR-2019-PCC-411975,XI-IATI-EC_NEAR,European Commission - Directorate-General for Neighbourhood and Enlargement Negotiations,15,Multilateral,0,1,A02_sector,1,0,2,Implementation,Monitoring of the EU Programme Support to the Implementation of the   National Solid Waste Management Strategy
XI-IATI-EC_NEAR-2019-PCC-413828,XI-IATI-EC_NEAR,European Commission - Directorate-General for Neighbourhood and Enlargement Negotiations,15,Multilateral,0,1,A02_sector,1,0,2,Implementation,Hakama II - Paiement AB
XI-IATI-EC_NEAR-2019-PCC-414058,XI-IATI-EC_NEAR,European Commission - Directorate-General for Neighbourhood and Enlargement Negotiations,15,Multilateral,0,1,A02_sector,1,0,2,Implementation,Programme d'Appui au Développement Territorial (PADT) - Versement des cinq tranches d'appui budgétaire
XI-IATI-EC_NEAR-2019-PCC-415500,XI-IATI-EC_NEAR,European Commission - Directorate-General for Neighbourhood and Enlargement Negotiations,15,Multilateral,0,1,A02_sector,1,0,2,Implementation,Sector Reform Performance Contract EU for Youth
XI-IATI-EC_NEAR-2020-ACT-D-42019-00,XI-IATI-EC_NEAR,European Commission - Directorate-General for Neighbourhood and Enlargement Negotiations,15,Multilateral,0,1,A02_sector,1,0,2,Implementation,Support to Justice Sector Reforms in Armenia
XI-IATI-EC_NEAR-2020-ACT-D-42145-06,XI-IATI-EC_NEAR,European Commission - Directorate-General for Neighbourhood and Enlargement Negotiations,15,Multilateral,0,1,A02_sector,1,0,2,Implementation,Support to COVID -19 crisis response in Montenegro
XI-IATI-EC_NEAR-2020-ACT-D-42278-00,XI-IATI-EC_NEAR,European Commission - Directorate-General for Neighbourhood and Enlargement Negotiations,15,Multilateral,0,1,A02_sector,1,0,2,Implementation,PIAFE - Programme intégré d'appui au secteur de la formation et de l'éducation au Maroc
XI-IATI-EC_NEAR-2020-ACT-D-42291-00,XI-IATI-EC_NEAR,European Commission - Directorate-General for Neighbourhood and Enlargement Negotiations,15,Multilateral,0,1,A02_sector,1,0,2,Implementation,Programme d'appui au secteur de la santé III-PASS III
XI-IATI-EC_NEAR-2020-ACT-D-42575-00,XI-IATI-EC_NEAR,European Commission - Directorate-General for Neighbourhood and Enlargement Negotiations,15,Multilateral,0,1,A02_sector,1,0,2,Implementation,Contribution for year 2020 to multiannual EU Support to Economic Reforms for Growth and Jobs in Jordan
XI-IATI-EC_NEAR-2020-ACT-D-42602-00,XI-IATI-EC_NEAR,European Commission - Directorate-General for Neighbourhood and Enlargement Negotiations,15,Multilateral,0,1,A02_sector,1,0,2,Implementation,Contribution for year 2020 to multiannual EU Support to quality of Education and TVET
XI-IATI-EC_NEAR-2020-ACT-D-42747-06,XI-IATI-EC_NEAR,European Commission - Directorate-General for Neighbourhood and Enlargement Negotiations,15,Multilateral,1,0,A01_general,1,0,2,Implementation,EU For Resilience
XI-IATI-EC_NEAR-2020-ACT-D-42859-00,XI-IATI-EC_NEAR,European Commission - Directorate-General for Neighbourhood and Enlargement Negotiations,15,Multilateral,1,0,A01_general,1,0,2,Implementation,Programme d'Appui à la Gouvernance Economique (PAGE) - Top up COVID
XI-IATI-EC_NEAR-2020-ACT-D-42914-01,XI-IATI-EC_NEAR,European Commission - Directorate-General for Neighbourhood and Enlargement Negotiations,15,Multilateral,0,1,A02_sector,1,0,2,Implementation,EU for Good Governance
XI-IATI-EC_NEAR-2020-ACT-D-42924-00,XI-IATI-EC_NEAR,European Commission - Directorate-General for Neighbourhood and Enlargement Negotiations,15,Multilateral,0,1,A02_sector,1,0,2,Implementation,COVID-19 Resilience Contract for the Republic of Moldova
XI-IATI-EC_NEAR-2020-PCC-414985,XI-IATI-EC_NEAR,European Commission - Directorate-General for Neighbourhood and Enlargement Negotiations,15,Multilateral,0,1,A02_sector,1,0,2,Implementation,Mission de suivi du Programme d'Appui au D¿veloppement Territorial au Maroc
XI-IATI-EC_NEAR-2020-PCC-415186,XI-IATI-EC_NEAR,European Commission - Directorate-General for Neighbourhood and Enlargement Negotiations,15,Multilateral,0,1,A02_sector,1,0,2,Implementation,Financer l'Egalit¿ : renforcement de la BSG au Maroc
XI-IATI-EC_NEAR-2020-PCC-416324,XI-IATI-EC_NEAR,European Commission - Directorate-General for Neighbourhood and Enlargement Negotiations,15,Multilateral,0,1,A02_sector,1,0,2,Implementation,Contrat pour le déboursement des tranches d'appui budgétaire du programme intégré d'appui à la formation et à l'éducation au Maroc (PIAFE)
XI-IATI-EC_NEAR-2020-PCC-416672,XI-IATI-EC_NEAR,European Commission - Directorate-General for Neighbourhood and Enlargement Negotiations,15,Multilateral,0,1,A02_sector,1,0,2,Implementation,Appui au d¿veloppement durable dans le secteur de l'agriculture et de la p¿che artisanale en Tunisie (ADAPT)
XI-IATI-EC_NEAR-2020-PCC-416748,XI-IATI-EC_NEAR,European Commission - Directorate-General for Neighbourhood and Enlargement Negotiations,15,Multilateral,0,1,A02_sector,1,0,2,Implementation,PASS III - Contrat pour le déboursement des tranches d'appui budgétaire
XI-IATI-EC_NEAR-2020-PCC-416795,XI-IATI-EC_NEAR,European Commission - Directorate-General for Neighbourhood and Enlargement Negotiations,15,Multilateral,0,1,A02_sector,1,0,2,Implementation,Appui ¿ l'Int¿gration du genre dans la production et l'analyse des statistiques sensibles au genre
XI-IATI-EC_NEAR-2020-PCC-417111,XI-IATI-EC_NEAR,European Commission - Directorate-General for Neighbourhood and Enlargement Negotiations,15,Multilateral,0,1,A02_sector,1,0,2,Implementation,The DIGITAL RE4M Programme to foster COVID-19 recovery of SMEs
XI-IATI-EC_NEAR-2020-PCC-417245,XI-IATI-EC_NEAR,European Commission - Directorate-General for Neighbourhood and Enlargement Negotiations,15,Multilateral,0,1,A02_sector,1,0,2,Implementation,Evaluation de la concurrence et revue des pairs de la Tunisie
XI-IATI-EC_NEAR-2020-PCC-418579,XI-IATI-EC_NEAR,European Commission - Directorate-General for Neighbourhood and Enlargement Negotiations,15,Multilateral,0,1,A02_sector,1,0,2,Implementation,Contrat d'engagement des tranches d'appui budgétaire du programme PAIS
XI-IATI-EC_NEAR-2020-PCC-419152,XI-IATI-EC_NEAR,European Commission - Directorate-General for Neighbourhood and Enlargement Negotiations,15,Multilateral,1,0,A01_general,1,0,2,Implementation,EU for Resilience (COVID-19 assistance for economic resilience)
XI-IATI-EC_NEAR-2020-PCC-419437,XI-IATI-EC_NEAR,European Commission - Directorate-General for Neighbourhood and Enlargement Negotiations,15,Multilateral,0,1,A02_sector,1,0,2,Implementation,Integrated Territorial Development-Budget Support Contract
XI-IATI-EC_NEAR-2020-PCC-419973,XI-IATI-EC_NEAR,European Commission - Directorate-General for Neighbourhood and Enlargement Negotiations,15,Multilateral,0,1,A02_sector,1,0,2,Implementation,Sector Budget Support- EU support to Social Inclusion
XI-IATI-EC_NEAR-2020-PCC-420275,XI-IATI-EC_NEAR,European Commission - Directorate-General for Neighbourhood and Enlargement Negotiations,15,Multilateral,0,1,A02_sector,1,0,2,Implementation,Sector Budget Support contract to support the Economic Reforms for Growth and Jobs programme
XI-IATI-EC_NEAR-2020-PCC-420528,XI-IATI-EC_NEAR,European Commission - Directorate-General for Neighbourhood and Enlargement Negotiations,15,Multilateral,0,1,A02_sector,1,0,2,Implementation,EU Support to Quality education and Technical and Vocational Education and Training (TVET) in Jordan
XI-IATI-EC_NEAR-2020-PCC-420597,XI-IATI-EC_NEAR,European Commission - Directorate-General for Neighbourhood and Enlargement Negotiations,15,Multilateral,0,1,A02_sector,1,0,2,Implementation,Contrat de performance de réforme sectorielle - Appui budgétaire du Programme d'appui au développement rural
XI-IATI-EC_NEAR-2020-PCC-421173,XI-IATI-EC_NEAR,European Commission - Directorate-General for Neighbourhood and Enlargement Negotiations,15,Multilateral,0,1,A02_sector,1,0,2,Implementation,European Neighbourhood Programme for Agriculture and Rural Development in Georgia (Phase IV) Budget Support Contract
XI-IATI-EC_NEAR-2020-PCC-421250,XI-IATI-EC_NEAR,European Commission - Directorate-General for Neighbourhood and Enlargement Negotiations,15,Multilateral,0,1,A02_sector,1,0,2,Implementation,Technical assistance to the Sector Reform Performance Contract 'EU FOR YOUTH'
XI-IATI-EC_NEAR-2020-PCC-421661,XI-IATI-EC_NEAR,European Commission - Directorate-General for Neighbourhood and Enlargement Negotiations,15,Multilateral,0,1,A02_sector,1,0,2,Implementation,Agir pour une am¿lioration de la protection sociale au Maroc
XI-IATI-EC_NEAR-2020-PCC-423478,XI-IATI-EC_NEAR,European Commission - Directorate-General for Neighbourhood and Enlargement Negotiations,15,Multilateral,0,1,A02_sector,1,0,2,Implementation,Annual Action Programme for Albania for the year 2019 Objective 2
XI-IATI-EC_NEAR-2020-PCC-424787,XI-IATI-EC_NEAR,European Commission - Directorate-General for Neighbourhood and Enlargement Negotiations,15,Multilateral,0,1,A02_sector,1,0,2,Implementation,EU for Good Governance budget support
XI-IATI-EC_NEAR-2021-ACT-60872,XI-IATI-EC_NEAR,European Commission - Directorate-General for Neighbourhood and Enlargement Negotiations,15,Multilateral,0,1,A02_sector,1,0,1,Pipeline/identification,Activity under preparation Sector Reform Performance Contract for Justice Reform in the Republic of Serbia RS2022AAP
XI-IATI-EC_NEAR-2021-ACT-60875,XI-IATI-EC_NEAR,European Commission - Directorate-General for Neighbourhood and Enlargement Negotiations,15,Multilateral,0,1,A02_sector,1,0,1,Pipeline/identification,Activity under preparation Sector Performance Reform Contract for Public Administration Reform in the Republic of Serbia RS2022AAP
XI-IATI-EC_NEAR-2021-ACT-61066,XI-IATI-EC_NEAR,European Commission - Directorate-General for Neighbourhood and Enlargement Negotiations,15,Multilateral,0,1,A02_sector,1,0,2,Implementation,Appui européen à la réforme de l'administration publique - Islah
XI-IATI-EC_NEAR-2021-ACT-61068,XI-IATI-EC_NEAR,European Commission - Directorate-General for Neighbourhood and Enlargement Negotiations,15,Multilateral,0,1,A02_sector,1,0,2,Implementation,Programme d'appui de l'UE à l'inclusion financière au Maroc
XI-IATI-EC_NEAR-2021-ACT-61082,XI-IATI-EC_NEAR,European Commission - Directorate-General for Neighbourhood and Enlargement Negotiations,15,Multilateral,1,0,A01_general,1,0,4,Closed,Programme d'appui aux mesures d'atténuation du COVID-19 et de relance économique
XI-IATI-EC_NEAR-2021-ACT-61137,XI-IATI-EC_NEAR,European Commission - Directorate-General for Neighbourhood and Enlargement Negotiations,15,Multilateral,0,1,A02_sector,1,0,2,Implementation,Programme d'Appui à la Protection Sociale au Maroc (Phase II) - Programme KARAMA
XI-IATI-EC_NEAR-2021-ACT-61585,XI-IATI-EC_NEAR,European Commission - Directorate-General for Neighbourhood and Enlargement Negotiations,15,Multilateral,1,0,A01_general,1,0,1,Pipeline/identification,Activity under preparation State and Resilience Building Contract in the Energy Sector RS2023AAP-ESP
XI-IATI-EC_NEAR-2021-ACT-61727,XI-IATI-EC_NEAR,European Commission - Directorate-General for Neighbourhood and Enlargement Negotiations,15,Multilateral,1,0,A01_general,1,0,1,Pipeline/identification,Activity under preparation Education for all
XI-IATI-EC_NEAR-2021-ACT-61868,XI-IATI-EC_NEAR,European Commission - Directorate-General for Neighbourhood and Enlargement Negotiations,15,Multilateral,0,1,A02_sector,1,0,1,Pipeline/identification,Activity under preparation Soutien à l'économie verte du Maroc 
XI-IATI-EC_NEAR-2021-ACT-62392,XI-IATI-EC_NEAR,European Commission - Directorate-General for Neighbourhood and Enlargement Negotiations,15,Multilateral,0,1,A02_sector,1,0,1,Pipeline/identification,Activity under preparation EU for Employment and Social Inclusion - AL2024AAP
XI-IATI-EC_NEAR-2021-ACT-62606,XI-IATI-EC_NEAR,European Commission - Directorate-General for Neighbourhood and Enlargement Negotiations,15,Multilateral,0,1,A02_sector,1,0,1,Pipeline/identification,Activity under preparation Social Protection for All - AAP 2024
XI-IATI-EC_NEAR-2021-ACT-62648,XI-IATI-EC_NEAR,European Commission - Directorate-General for Neighbourhood and Enlargement Negotiations,15,Multilateral,0,1,A02_sector,1,0,1,Pipeline/identification,Activity under preparation Multi-sectorial budget support
XI-IATI-EC_NEAR-2021-ACT-62782,XI-IATI-EC_NEAR,European Commission - Directorate-General for Neighbourhood and Enlargement Negotiations,15,Multilateral,1,0,A01_general,1,0,1,Pipeline/identification,Activity under preparation Non-repayable support (Grants) - multi-annual work programme of pillar I for the years 2024-2027
XI-IATI-EC_NEAR-2021-PC-2265,XI-IATI-EC_NEAR,European Commission - Directorate-General for Neighbourhood and Enlargement Negotiations,15,Multilateral,0,1,A02_sector,1,0,2,Implementation,"« Accompagnement à la conception et mise en ¿uvre du dispositif de pilotage de programmes du Ministère de la Culture, Jeunesse et Sports au Maroc »"
XI-IATI-EC_NEAR-2021-PC-3558,XI-IATI-EC_NEAR,European Commission - Directorate-General for Neighbourhood and Enlargement Negotiations,15,Multilateral,0,1,A02_sector,1,0,2,Implementation,Assistance technique au démarrage et suivi du programme d´appui à l´inclusion sociale en Tunisie
XI-IATI-EC_NEAR-2021-PC-4855,XI-IATI-EC_NEAR,European Commission - Directorate-General for Neighbourhood and Enlargement Negotiations,15,Multilateral,0,1,A02_sector,1,0,2,Implementation,Suivi de la mise en ¿uvre du programme d¿appui de l¿UE à la Santé PASS III
XI-IATI-EC_NEAR-2021-PC-7220,XI-IATI-EC_NEAR,European Commission - Directorate-General for Neighbourhood and Enlargement Negotiations,15,Multilateral,0,1,A02_sector,1,0,2,Implementation,"Appui à la réforme du secteur de la santé, régionalisation et gestion hospitalière - PHASE II"
XI-IATI-EC_NEAR-2021-PC-7372,XI-IATI-EC_NEAR,European Commission - Directorate-General for Neighbourhood and Enlargement Negotiations,15,Multilateral,0,1,A02_sector,1,0,2,Implementation,Review the implementation of Integrated Territorial Development Budget Support
XI-IATI-EC_NEAR-2021-PC-8877,XI-IATI-EC_NEAR,European Commission - Directorate-General for Neighbourhood and Enlargement Negotiations,15,Multilateral,0,1,A02_sector,1,0,2,Implementation,Assistance technique et suivi de l´appui budgétaire au programme objectif transition énergétique
XI-IATI-EC_NEAR-2021-PCC-414053,XI-IATI-EC_NEAR,European Commission - Directorate-General for Neighbourhood and Enlargement Negotiations,15,Multilateral,0,1,A02_sector,1,0,2,Implementation,Am¿lioration de la performance ¿nerg¿tique des ¿tablissements de sant¿ de Gafsa et Sidi Bouzid
XI-IATI-EC_NEAR-2021-PCC-415259,XI-IATI-EC_NEAR,European Commission - Directorate-General for Neighbourhood and Enlargement Negotiations,15,Multilateral,0,1,A02_sector,1,0,2,Implementation,Assistance technique ¿ la mise en ¿uvre du programme d'appui au d¿veloppement territorial - volet SNDERZM
XI-IATI-EC_NEAR-2021-PCC-415264,XI-IATI-EC_NEAR,European Commission - Directorate-General for Neighbourhood and Enlargement Negotiations,15,Multilateral,0,1,A02_sector,1,0,2,Implementation,Assistance technique ¿ la mise en ¿uvre du programme d'appui au d¿veloppement territorial - volet Regionalisation avanc¿e
XI-IATI-EC_NEAR-2021-PCC-416172,XI-IATI-EC_NEAR,European Commission - Directorate-General for Neighbourhood and Enlargement Negotiations,15,Multilateral,0,1,A02_sector,1,0,2,Implementation,Economic Governance and Fiscal Accountability Projec
XI-IATI-EC_NEAR-2021-PCC-417640,XI-IATI-EC_NEAR,European Commission - Directorate-General for Neighbourhood and Enlargement Negotiations,15,Multilateral,0,1,A02_sector,1,0,2,Implementation,Cr¿ation d'un Institut de Formation aux M¿tiers de l'Alphab¿tisation au Maroc (IFMA)
XI-IATI-EC_NEAR-2021-PCC-423254,XI-IATI-EC_NEAR,European Commission - Directorate-General for Neighbourhood and Enlargement Negotiations,15,Multilateral,1,0,A01_general,1,0,2,Implementation,Assistance technique pour le programme MEDIA UP 2
XI-IATI-EC_NEAR-2021-PCC-423450,XI-IATI-EC_NEAR,European Commission - Directorate-General for Neighbourhood and Enlargement Negotiations,15,Multilateral,0,1,A02_sector,1,0,2,Implementation,Appui ¿ la Pr¿sidence du Minist¿re Public
XI-IATI-EC_NEAR-2021-PCC-423828,XI-IATI-EC_NEAR,European Commission - Directorate-General for Neighbourhood and Enlargement Negotiations,15,Multilateral,0,1,A02_sector,1,0,2,Implementation,Technical Assistance to support the implementation of reforms in the area of social inclusion in Albania
XI-IATI-EC_NEAR-2021-PCC-423852,XI-IATI-EC_NEAR,European Commission - Directorate-General for Neighbourhood and Enlargement Negotiations,15,Multilateral,0,1,A02_sector,1,0,2,Implementation,Assistance technique ¿ la mise en oeuvre du programme int¿gr¿ d'appui ¿ la formation et ¿ l'¿ducation (PIAFE) - Maroc
XI-IATI-EC_NEAR-2021-PCC-424417,XI-IATI-EC_NEAR,European Commission - Directorate-General for Neighbourhood and Enlargement Negotiations,15,Multilateral,0,1,A02_sector,1,0,2,Implementation,EU for Municipalities - support to local development potentials and improvement of environmental and socio-economic conditions of local communities
XI-IATI-EC_NEAR-2021-PCC-424514,XI-IATI-EC_NEAR,European Commission - Directorate-General for Neighbourhood and Enlargement Negotiations,15,Multilateral,0,1,A02_sector,1,0,2,Implementation,STAR 3 - Sustaining and Advancing Local Governance Reform
XI-IATI-EC_NEAR-2021-PCC-424517,XI-IATI-EC_NEAR,European Commission - Directorate-General for Neighbourhood and Enlargement Negotiations,15,Multilateral,0,1,A02_sector,1,0,2,Implementation,Bashkite per ne Europe / Municipalities for Europe 2.0
XI-IATI-EC_NEAR-2021-PCC-424843,XI-IATI-EC_NEAR,European Commission - Directorate-General for Neighbourhood and Enlargement Negotiations,15,Multilateral,0,1,A02_sector,1,0,2,Implementation,Support to the Food Safety and Sanitary & PhytoSanitary (SPS) Sector in Georgia under ENPARD IV (European Neighbourhood Programme for Agriculture and Rural Development in Georgia Phase IV)
XI-IATI-EC_NEAR-2021-PCC-424895,XI-IATI-EC_NEAR,European Commission - Directorate-General for Neighbourhood and Enlargement Negotiations,15,Multilateral,1,0,A01_general,1,0,2,Implementation,Renforcement des capacit¿s du corps d'inspection du travail (Minist¿re du Travail et de l'Insertion professionnelle) - Maroc
XI-IATI-EC_NEAR-2021-PCC-425620,XI-IATI-EC_NEAR,European Commission - Directorate-General for Neighbourhood and Enlargement Negotiations,15,Multilateral,0,1,A02_sector,1,0,2,Implementation,Assistance technique pour la mise en ¿uvre du Plan Gouvernemental pour l'Egalit¿ II (PGE II)
XI-IATI-EC_NEAR-2021-PCC-426292,XI-IATI-EC_NEAR,European Commission - Directorate-General for Neighbourhood and Enlargement Negotiations,15,Multilateral,0,1,A02_sector,1,0,2,Implementation,Technical assistance on Compliance review and monitoring of the EU Support to Social Inclusion Programme in Albania
XI-IATI-EC_NEAR-2021-PCC-426850,XI-IATI-EC_NEAR,European Commission - Directorate-General for Neighbourhood and Enlargement Negotiations,15,Multilateral,0,1,A02_sector,1,0,2,Implementation,Contrat Pro Forma Appui Budg¿taire du Programme d'appui ¿ la gouvernance ¿conomique PAGE (Top up COVID)
XI-IATI-EC_NEAR-2021-PCC-427059,XI-IATI-EC_NEAR,European Commission - Directorate-General for Neighbourhood and Enlargement Negotiations,15,Multilateral,0,1,A02_sector,1,0,2,Implementation,"Joint EU-UN Programme for Rural Development in Abkhazia, Phase III (ENPARD IV)"
XI-IATI-EC_NEAR-2021-PCC-427568,XI-IATI-EC_NEAR,European Commission - Directorate-General for Neighbourhood and Enlargement Negotiations,15,Multilateral,0,1,A02_sector,1,0,2,Implementation,Building resilience and social responsibility in rural communities in Abkhazia - European Neighbourhood Programme for Agriculture and Rural Development (ENPARD IV)
XI-IATI-EC_NEAR-2021-PCC-427664,XI-IATI-EC_NEAR,European Commission - Directorate-General for Neighbourhood and Enlargement Negotiations,15,Multilateral,0,1,A02_sector,1,0,2,Implementation,Late payment interest- Technical Assistance to support the implementation of reforms in the area of social inclusion in Albania
XI-IATI-EC_NEAR-2021-PCC-427905,XI-IATI-EC_NEAR,European Commission - Directorate-General for Neighbourhood and Enlargement Negotiations,15,Multilateral,1,0,A01_general,1,0,2,Implementation,Accompagnement du Secr¿tariat G¿n¿ral du Gouvernement (SGG) dans le cadre du processus de convergence r¿glementaire avec l'UE
XI-IATI-EC_NEAR-2021-PCC-427970,XI-IATI-EC_NEAR,European Commission - Directorate-General for Neighbourhood and Enlargement Negotiations,15,Multilateral,0,1,A02_sector,1,0,2,Implementation,"Accès à une base de données d'information sur les entreprises pour l'analyse des prix de transfert pour le Ministère de l'Economie, des Finances et de l'appui à l'investissement de la Tunisie"
XI-IATI-EC_NEAR-2021-PCC-428148,XI-IATI-EC_NEAR,European Commission - Directorate-General for Neighbourhood and Enlargement Negotiations,15,Multilateral,0,1,A02_sector,1,0,2,Implementation,Appui à la Modernisation de lIndustrie Tunisienne
XI-IATI-EC_NEAR-2021-PCC-428565,XI-IATI-EC_NEAR,European Commission - Directorate-General for Neighbourhood and Enlargement Negotiations,15,Multilateral,0,1,A02_sector,1,0,2,Implementation,Catalysing Economic and Social Life in EU Focal Regions of Georgia
XI-IATI-EC_NEAR-2021-PCC-428582,XI-IATI-EC_NEAR,European Commission - Directorate-General for Neighbourhood and Enlargement Negotiations,15,Multilateral,0,1,A02_sector,1,0,2,Implementation,"Advancing Decentralized, Effective and Inclusive Governance in Georgia"
XI-IATI-EC_NEAR-2021-PCC-428588,XI-IATI-EC_NEAR,European Commission - Directorate-General for Neighbourhood and Enlargement Negotiations,15,Multilateral,0,1,A02_sector,1,0,2,Implementation,Pour une r¿ponse int¿gr¿e aux violences fond¿es sur le genre
XI-IATI-EC_NEAR-2021-PCC-428768,XI-IATI-EC_NEAR,European Commission - Directorate-General for Neighbourhood and Enlargement Negotiations,15,Multilateral,0,1,A02_sector,1,0,2,Implementation,Subvention ¿ l'Agence Nationale de Ma¿trise de l'Energie
XI-IATI-EC_NEAR-2021-PCC-428889,XI-IATI-EC_NEAR,European Commission - Directorate-General for Neighbourhood and Enlargement Negotiations,15,Multilateral,0,1,A02_sector,1,0,2,Implementation,"SANTE SEXUELLE, DROITS ET GENRE - Action concert¿e pour le respect des droits en sant¿ sexuelle et reproductive et l'¿galit¿ femmes-hommes - 3INAYA"
XI-IATI-EC_NEAR-2021-PCC-428890,XI-IATI-EC_NEAR,European Commission - Directorate-General for Neighbourhood and Enlargement Negotiations,15,Multilateral,0,1,A02_sector,1,0,2,Implementation,Unies pour l'¿galit¿ / Moutahidoun men ajli almoussawate
XI-IATI-EC_NEAR-2021-PCC-428959,XI-IATI-EC_NEAR,European Commission - Directorate-General for Neighbourhood and Enlargement Negotiations,15,Multilateral,0,1,A02_sector,1,0,2,Implementation,Alphabétisation familiale à Marrakech-Safi
XI-IATI-EC_NEAR-2021-PCC-428962,XI-IATI-EC_NEAR,European Commission - Directorate-General for Neighbourhood and Enlargement Negotiations,15,Multilateral,0,1,A02_sector,1,0,2,Implementation,"Promouvoir des techniques innovantes dans l'alphab¿tisation des jeunes, des femmes et du monde rural dans la r¿gion de Casablanca-Setta"
XI-IATI-EC_NEAR-2021-PCC-428965,XI-IATI-EC_NEAR,European Commission - Directorate-General for Neighbourhood and Enlargement Negotiations,15,Multilateral,0,1,A02_sector,1,0,2,Implementation,"Promouvoir des techniques innovantes dans l'alphab¿tisation des jeunes, des femmes et du monde rural dans la r¿gion de Rabat-Sal¿-K¿nitra"
XI-IATI-EC_NEAR-2021-PCC-429045,XI-IATI-EC_NEAR,European Commission - Directorate-General for Neighbourhood and Enlargement Negotiations,15,Multilateral,0,1,A02_sector,1,0,2,Implementation,PIAF Projet Int¿gr¿ d'Autonomisation des Femmes
XI-IATI-EC_NEAR-2021-PCC-430122,XI-IATI-EC_NEAR,European Commission - Directorate-General for Neighbourhood and Enlargement Negotiations,15,Multilateral,0,1,A02_sector,1,0,2,Implementation,"DARNA pour les autonomies sociales, ¿conomiques et politiques des femmes et des filles"
XI-IATI-EC_NEAR-2021-PCC-430183,XI-IATI-EC_NEAR,European Commission - Directorate-General for Neighbourhood and Enlargement Negotiations,15,Multilateral,0,1,A02_sector,1,0,2,Implementation,Elargir la Couverture Sanitaire Universelle dans le cadre de l'Appui ¿ l'inclusion sociale en Tunisie
XI-IATI-EC_NEAR-2021-PCC-430372,XI-IATI-EC_NEAR,European Commission - Directorate-General for Neighbourhood and Enlargement Negotiations,15,Multilateral,0,1,A02_sector,1,0,2,Implementation,Technical Assistance to support the quality of education and   TVET
XI-IATI-EC_NEAR-2021-PCC-430625,XI-IATI-EC_NEAR,European Commission - Directorate-General for Neighbourhood and Enlargement Negotiations,15,Multilateral,0,1,A02_sector,1,0,4,Closed,State and Resilience Building Contract for the Republic of Moldova
XI-IATI-EC_NEAR-2022-ACT-60561,XI-IATI-EC_NEAR,European Commission - Directorate-General for Neighbourhood and Enlargement Negotiations,15,Multilateral,0,1,A02_sector,1,0,2,Implementation,TERRE VERTE - APPUI AU DEVELOPPEMENT ECOLOGIQUE INCLUSIF ET INNOVANT DU SECTEUR AGRICOLE ET FORESTIER AU MAROC 
XI-IATI-EC_NEAR-2022-ACT-60707,XI-IATI-EC_NEAR,European Commission - Directorate-General for Neighbourhood and Enlargement Negotiations,15,Multilateral,1,0,A01_general,1,0,4,Closed,State building and resilience budget support for Ukraine. 
XI-IATI-EC_NEAR-2022-ACT-60730,XI-IATI-EC_NEAR,European Commission - Directorate-General for Neighbourhood and Enlargement Negotiations,15,Multilateral,0,1,A02_sector,1,0,2,Implementation,Fostering Sustainable Economic Development
XI-IATI-EC_NEAR-2022-ACT-60900,XI-IATI-EC_NEAR,European Commission - Directorate-General for Neighbourhood and Enlargement Negotiations,15,Multilateral,0,1,A02_sector,1,0,2,Implementation,Support to entrepreneurship and private sector development in Jordan
XI-IATI-EC_NEAR-2022-ACT-60901,XI-IATI-EC_NEAR,European Commission - Directorate-General for Neighbourhood and Enlargement Negotiations,15,Multilateral,0,1,A02_sector,1,0,2,Implementation,"Support to inclusive, equitable and quality education for Syrian refugees and vulnerable children and youth in host communities in Jordan"
XI-IATI-EC_NEAR-2022-ACT-60915,XI-IATI-EC_NEAR,European Commission - Directorate-General for Neighbourhood and Enlargement Negotiations,15,Multilateral,0,1,A02_sector,1,0,2,Implementation,EU for PAR-MK2022AAP
XI-IATI-EC_NEAR-2022-ACT-61027,XI-IATI-EC_NEAR,European Commission - Directorate-General for Neighbourhood and Enlargement Negotiations,15,Multilateral,0,1,A02_sector,1,0,2,Implementation,"Programme d¿Appui à l¿Enseignement Supérieur, la Recherche et l¿Innovation et à la mobilité "
XI-IATI-EC_NEAR-2022-ACT-61197,XI-IATI-EC_NEAR,European Commission - Directorate-General for Neighbourhood and Enlargement Negotiations,15,Multilateral,0,1,A02_sector,1,0,2,Implementation,EU 4 Sustainable Governance and Resilience
XI-IATI-EC_NEAR-2022-ACT-61199,XI-IATI-EC_NEAR,European Commission - Directorate-General for Neighbourhood and Enlargement Negotiations,15,Multilateral,0,1,A02_sector,1,0,2,Implementation,Appui à la transition énergétique au Maroc - Energie verte
XI-IATI-EC_NEAR-2022-ACT-61256,XI-IATI-EC_NEAR,European Commission - Directorate-General for Neighbourhood and Enlargement Negotiations,15,Multilateral,1,0,A01_general,1,0,4,Closed,Reducing vulnerabilities and enhancing food security through support to conflict affected populations and agricultural production in Ukraine 
XI-IATI-EC_NEAR-2022-ACT-61400,XI-IATI-EC_NEAR,European Commission - Directorate-General for Neighbourhood and Enlargement Negotiations,15,Multilateral,0,1,A02_sector,1,0,1,Pipeline/identification,Activity under preparation Programme d¿appui budgétaire ¿ Contribuer à assurer une meilleure gestion des flux migratoires selon une approche humaniste respectueuse des droits de l¿homme et une meilleure intégration des migrants selon les objectifs de la SNIA
XI-IATI-EC_NEAR-2022-ACT-61442,XI-IATI-EC_NEAR,European Commission - Directorate-General for Neighbourhood and Enlargement Negotiations,15,Multilateral,0,1,A02_sector,1,0,2,Implementation,Support to Justice Sector Reforms in Armenia: Phase II
XI-IATI-EC_NEAR-2022-ACT-61467,XI-IATI-EC_NEAR,European Commission - Directorate-General for Neighbourhood and Enlargement Negotiations,15,Multilateral,0,1,A02_sector,1,0,2,Implementation,EU Support to Education in Armenia
XI-IATI-EC_NEAR-2022-PC-10234,XI-IATI-EC_NEAR,European Commission - Directorate-General for Neighbourhood and Enlargement Negotiations,15,Multilateral,0,1,A02_sector,1,0,2,Implementation,"Suivi externe du programme intégré d'appui à la formation et à l¿éducation (PIAFE), Maroc"
XI-IATI-EC_NEAR-2022-PC-15302,XI-IATI-EC_NEAR,European Commission - Directorate-General for Neighbourhood and Enlargement Negotiations,15,Multilateral,1,0,A01_general,1,0,4,Closed,State and Resilience Building contract for Ukraine
XI-IATI-EC_NEAR-2022-PC-15378,XI-IATI-EC_NEAR,European Commission - Directorate-General for Neighbourhood and Enlargement Negotiations,15,Multilateral,0,1,A02_sector,1,0,2,Implementation,Vérification des dépenses du Contrat n° ENI/2019/406-123 - Centre Tunisien de Ressources de l¿Economie Sociale et Solidaire
XI-IATI-EC_NEAR-2022-PC-18169,XI-IATI-EC_NEAR,European Commission - Directorate-General for Neighbourhood and Enlargement Negotiations,15,Multilateral,0,1,A02_sector,1,0,4,Closed,Top-up Dummy- State and Resilience Building Contract for the Republic of Moldova
XI-IATI-EC_NEAR-2022-PC-18779,XI-IATI-EC_NEAR,European Commission - Directorate-General for Neighbourhood and Enlargement Negotiations,15,Multilateral,1,0,A01_general,1,0,4,Closed,Audit Control Plan 2022
XI-IATI-EC_NEAR-2022-PC-19078,XI-IATI-EC_NEAR,European Commission - Directorate-General for Neighbourhood and Enlargement Negotiations,15,Multilateral,1,0,A01_general,1,0,4,Closed,Reducing vulnerabilities and enhancing food security through support to conflict affected populations and agricultural production in Ukraine
XI-IATI-EC_NEAR-2022-PC-19257,XI-IATI-EC_NEAR,European Commission - Directorate-General for Neighbourhood and Enlargement Negotiations,15,Multilateral,0,1,A02_sector,1,0,2,Implementation,Assessment of the education sector budget support programme variable tranches (Jordan)
XI-IATI-EC_NEAR-2022-PC-19626,XI-IATI-EC_NEAR,European Commission - Directorate-General for Neighbourhood and Enlargement Negotiations,15,Multilateral,0,1,A02_sector,1,0,2,Implementation,Budget support contract of the EU support to Green Economy in Jordan
XI-IATI-EC_NEAR-2022-PC-20176,XI-IATI-EC_NEAR,European Commission - Directorate-General for Neighbourhood and Enlargement Negotiations,15,Multilateral,0,1,A02_sector,1,0,2,Implementation,"Contrat pour le d¿boursement des tranches d'appui budg¿taire du programme d'appui au d¿veloppement ¿cologique, inclusif et innovant du secteur agricole et forestier [Terre Verte - Al Ard Al Khadraa]"
XI-IATI-EC_NEAR-2022-PC-20298,XI-IATI-EC_NEAR,European Commission - Directorate-General for Neighbourhood and Enlargement Negotiations,15,Multilateral,1,0,A01_general,1,0,4,Closed,Programme d'appui aux mesures d'att¿nuation du COVID-19 et de la relance ¿conomique
XI-IATI-EC_NEAR-2022-PC-21806,XI-IATI-EC_NEAR,European Commission - Directorate-General for Neighbourhood and Enlargement Negotiations,15,Multilateral,0,1,A02_sector,1,0,2,Implementation,Support to the Rural Development in Georgia
XI-IATI-EC_NEAR-2022-PC-22151,XI-IATI-EC_NEAR,European Commission - Directorate-General for Neighbourhood and Enlargement Negotiations,15,Multilateral,0,1,A02_sector,1,0,2,Implementation,Kutaisi: Integrated Transformation for Sustainable Development
XI-IATI-EC_NEAR-2022-PC-22257,XI-IATI-EC_NEAR,European Commission - Directorate-General for Neighbourhood and Enlargement Negotiations,15,Multilateral,0,1,A02_sector,1,0,2,Implementation,Integrated Territorial Development of Khoni Municipality of Imereti Region
XI-IATI-EC_NEAR-2022-PC-22447,XI-IATI-EC_NEAR,European Commission - Directorate-General for Neighbourhood and Enlargement Negotiations,15,Multilateral,0,1,A02_sector,1,0,2,Implementation,New Life for Mountainous Georgia
XI-IATI-EC_NEAR-2022-PC-22453,XI-IATI-EC_NEAR,European Commission - Directorate-General for Neighbourhood and Enlargement Negotiations,15,Multilateral,0,1,A02_sector,1,0,2,Implementation,Accelerated Rural Development in Imereti & Kakheti
XI-IATI-EC_NEAR-2022-PC-22869,XI-IATI-EC_NEAR,European Commission - Directorate-General for Neighbourhood and Enlargement Negotiations,15,Multilateral,0,1,A02_sector,1,0,2,Implementation,Jumelage : ''Appui au renforcement de la gouvernance et au d¿ploiement d'initiatives innovantes en faveur de l'inclusion des jeunes au Maroc''
XI-IATI-EC_NEAR-2022-PC-22976,XI-IATI-EC_NEAR,European Commission - Directorate-General for Neighbourhood and Enlargement Negotiations,15,Multilateral,1,0,A01_general,1,0,2,Implementation,"Appui aux initiatives destin¿es ¿ analyser les donn¿es et choix ¿conomiques, ¿ nourrir le d¿bat public et ¿ formuler des propositions sur les politiques publiques ¿conomiques"
XI-IATI-EC_NEAR-2022-PC-23142,XI-IATI-EC_NEAR,European Commission - Directorate-General for Neighbourhood and Enlargement Negotiations,15,Multilateral,0,1,A02_sector,1,0,2,Implementation,Food and Resilience Facility FRF Budget support contrac
XI-IATI-EC_NEAR-2022-PC-23356,XI-IATI-EC_NEAR,European Commission - Directorate-General for Neighbourhood and Enlargement Negotiations,15,Multilateral,0,1,A02_sector,1,0,2,Implementation,Programme d'appui a l'inclusion financiere
XI-IATI-EC_NEAR-2022-PC-23383,XI-IATI-EC_NEAR,European Commission - Directorate-General for Neighbourhood and Enlargement Negotiations,15,Multilateral,0,1,A02_sector,1,0,2,Implementation,Chokhatauri municipality Towards a Sustainable Energy Future
XI-IATI-EC_NEAR-2022-PC-23457,XI-IATI-EC_NEAR,European Commission - Directorate-General for Neighbourhood and Enlargement Negotiations,15,Multilateral,0,1,A02_sector,1,0,2,Implementation,Programme de lutte contre les violences bas¿es sur le genre en Tunisie
XI-IATI-EC_NEAR-2022-PC-23492,XI-IATI-EC_NEAR,European Commission - Directorate-General for Neighbourhood and Enlargement Negotiations,15,Multilateral,0,1,A02_sector,1,0,2,Implementation,Green Guria: Supporting Local Democracy and Rural Development for Inclusive and Resilient Green Growth  
XI-IATI-EC_NEAR-2022-PC-23690,XI-IATI-EC_NEAR,European Commission - Directorate-General for Neighbourhood and Enlargement Negotiations,15,Multilateral,0,1,A02_sector,1,0,2,Implementation,Capacitated Agricultural Practices and Consumer Awareness (CAPCA)
XI-IATI-EC_NEAR-2022-PC-23718,XI-IATI-EC_NEAR,European Commission - Directorate-General for Neighbourhood and Enlargement Negotiations,15,Multilateral,0,1,A02_sector,1,0,2,Implementation,Contrat pour le versement des tranches de l'appui budg¿taire du programme d'appui ¿ la protection sociale au Maroc - PHASE II (PROGRAMME KARAMA)
XI-IATI-EC_NEAR-2022-PC-24235,XI-IATI-EC_NEAR,European Commission - Directorate-General for Neighbourhood and Enlargement Negotiations,15,Multilateral,0,1,A02_sector,1,0,2,Implementation,Contrat pour le d¿boursement des tranches d'appui budg¿taire du programme Appui Europ¿en ¿ la R¿forme de l'Administration Publique
XI-IATI-EC_NEAR-2022-PC-24488,XI-IATI-EC_NEAR,European Commission - Directorate-General for Neighbourhood and Enlargement Negotiations,15,Multilateral,0,1,A02_sector,1,0,2,Implementation,Technical Assistance to support Jordan's Ministry of Education's (MoE) Education Management Information System (EMIS) platform for enhanced evidence-based decision making
XI-IATI-EC_NEAR-2022-PC-24561,XI-IATI-EC_NEAR,European Commission - Directorate-General for Neighbourhood and Enlargement Negotiations,15,Multilateral,1,0,A01_general,1,0,2,Implementation,EU4Innovation in Kosovo
XI-IATI-EC_NEAR-2022-PCC-425501,XI-IATI-EC_NEAR,European Commission - Directorate-General for Neighbourhood and Enlargement Negotiations,15,Multilateral,0,1,A02_sector,1,0,2,Implementation,"Suivi et documentation de l'avancement des r¿formes   vers un syst¿me alimentaire durable, soutenues   par les programmes d'Appui au D¿veloppement Rural (PADR) et d'Appui ¿ la Comp¿titivit¿ et aux Exportations (PACE)."
XI-IATI-EC_NEAR-2022-PCC-430729,XI-IATI-EC_NEAR,European Commission - Directorate-General for Neighbourhood and Enlargement Negotiations,15,Multilateral,0,1,A02_sector,1,0,2,Implementation,Sector Budget Support contract to support Social Inclusion and Empowerment of Vulnerable Jordanians
XI-IATI-EC_NEAR-2023-ACT-60518,XI-IATI-EC_NEAR,European Commission - Directorate-General for Neighbourhood and Enlargement Negotiations,15,Multilateral,1,0,A01_general,1,0,2,Implementation,State and Resilience Building Contract for the Republic of Moldova
XI-IATI-EC_NEAR-2023-ACT-60844,XI-IATI-EC_NEAR,European Commission - Directorate-General for Neighbourhood and Enlargement Negotiations,15,Multilateral,0,1,A02_sector,1,0,2,Implementation,EU for Public Administration reform - ME2022AAP
XI-IATI-EC_NEAR-2023-ACT-60862,XI-IATI-EC_NEAR,European Commission - Directorate-General for Neighbourhood and Enlargement Negotiations,15,Multilateral,0,1,A02_sector,1,0,2,Implementation,EU for Integrated Border Management - ME2022AAP
XI-IATI-EC_NEAR-2023-ACT-61594,XI-IATI-EC_NEAR,European Commission - Directorate-General for Neighbourhood and Enlargement Negotiations,15,Multilateral,1,0,A01_general,1,0,2,Implementation,State and Resilience Building Contract - MK2023AAP - ESP
XI-IATI-EC_NEAR-2023-ACT-61596,XI-IATI-EC_NEAR,European Commission - Directorate-General for Neighbourhood and Enlargement Negotiations,15,Multilateral,1,0,A01_general,1,0,2,Implementation,ACT-61596 - State and Resilience Building Contract BA2023AAP-ESP
XI-IATI-EC_NEAR-2023-ACT-61597,XI-IATI-EC_NEAR,European Commission - Directorate-General for Neighbourhood and Enlargement Negotiations,15,Multilateral,1,0,A01_general,1,0,2,Implementation,State and Resilience Building Contract ME2023AAP-ESP
XI-IATI-EC_NEAR-2023-ACT-61599,XI-IATI-EC_NEAR,European Commission - Directorate-General for Neighbourhood and Enlargement Negotiations,15,Multilateral,1,0,A01_general,1,0,2,Implementation,State and Resilience Building Contract XK2023AAP-ESP
XI-IATI-EC_NEAR-2023-ACT-61604,XI-IATI-EC_NEAR,European Commission - Directorate-General for Neighbourhood and Enlargement Negotiations,15,Multilateral,1,0,A01_general,1,0,2,Implementation,State and Resilience Building Contract AL2023AAP-ESP  
XI-IATI-EC_NEAR-2023-ACT-61816,XI-IATI-EC_NEAR,European Commission - Directorate-General for Neighbourhood and Enlargement Negotiations,15,Multilateral,0,1,A02_sector,1,0,2,Implementation,Education for All - Inclusive and quality education for refugees and vulnerable children and youth in host communities in Jordan 
XI-IATI-EC_NEAR-2023-ACT-61827,XI-IATI-EC_NEAR,European Commission - Directorate-General for Neighbourhood and Enlargement Negotiations,15,Multilateral,1,0,A01_general,1,0,2,Implementation,Support to Ukraine¿s fast recovery
XI-IATI-EC_NEAR-2023-ACT-61996,XI-IATI-EC_NEAR,European Commission - Directorate-General for Neighbourhood and Enlargement Negotiations,15,Multilateral,0,1,A02_sector,1,0,2,Implementation,Sustainable Implementation of the Economic and Investment Plan in Georgia's Regions Through Balanced Territorial and Human Capital Development and Energy Diversification
XI-IATI-EC_NEAR-2023-ACT-62340,XI-IATI-EC_NEAR,European Commission - Directorate-General for Neighbourhood and Enlargement Negotiations,15,Multilateral,1,0,A01_general,1,0,2,Implementation,Appui européen au Programme intégré de reconstruction et mise à niveau générale des zones sinistrées (2024-2028)
XI-IATI-EC_NEAR-2023-ACT-62364,XI-IATI-EC_NEAR,European Commission - Directorate-General for Neighbourhood and Enlargement Negotiations,15,Multilateral,1,0,A01_general,1,0,2,Implementation,State and Resilience Building Contract for the Republic of Armenia
XI-IATI-EC_NEAR-2023-ACT-62422,XI-IATI-EC_NEAR,European Commission - Directorate-General for Neighbourhood and Enlargement Negotiations,15,Multilateral,0,1,A02_sector,1,0,2,Implementation,Programme d¿appui aux réformes macroéconomiques de la Tunisie (PARME)
XI-IATI-EC_NEAR-2023-PC-13415,XI-IATI-EC_NEAR,European Commission - Directorate-General for Neighbourhood and Enlargement Negotiations,15,Multilateral,0,1,A02_sector,1,0,2,Implementation,"March¿ de fournitures pour l'appui au syst¿me national de sant¿ en mati¿re de pr¿paration, gestion et riposte aux crises sanitaires"
XI-IATI-EC_NEAR-2023-PC-17755,XI-IATI-EC_NEAR,European Commission - Directorate-General for Neighbourhood and Enlargement Negotiations,15,Multilateral,0,1,A02_sector,1,0,2,Implementation,"ETUDE STRATEGIQUE ""Apprentissage tout au long de la vie (ATLV) : quelle vision pour le Maroc ?"""
XI-IATI-EC_NEAR-2023-PC-21815,XI-IATI-EC_NEAR,European Commission - Directorate-General for Neighbourhood and Enlargement Negotiations,15,Multilateral,0,1,A02_sector,1,0,2,Implementation,Administration Agreement - EU Support for the Palestinian Economy and Resilience II (ESPERE II)
XI-IATI-EC_NEAR-2023-PC-21871,XI-IATI-EC_NEAR,European Commission - Directorate-General for Neighbourhood and Enlargement Negotiations,15,Multilateral,0,1,A02_sector,1,0,2,Implementation,Assistance technique pour l'appui aux Etablissements de Soins de Sant¿ Primaires (ESSP) et en appui ¿ la territorialisation des soins de sant¿ primaire
XI-IATI-EC_NEAR-2023-PC-22338,XI-IATI-EC_NEAR,European Commission - Directorate-General for Neighbourhood and Enlargement Negotiations,15,Multilateral,0,1,A02_sector,1,0,2,Implementation,Contrat pour le versement des tranches de l'appui budg¿taire Migration - ''Assurer une meilleure gestion des flux migratoires selon une approche humaniste respectueuse des droits de l'homme''
XI-IATI-EC_NEAR-2023-PC-22941,XI-IATI-EC_NEAR,European Commission - Directorate-General for Neighbourhood and Enlargement Negotiations,15,Multilateral,1,0,A01_general,1,0,2,Implementation,Energy Support Package - State and Resilience Building Contract for North Macedonia
XI-IATI-EC_NEAR-2023-PC-23151,XI-IATI-EC_NEAR,European Commission - Directorate-General for Neighbourhood and Enlargement Negotiations,15,Multilateral,0,1,A02_sector,1,0,2,Implementation,Support to Integrated Territorial Development in Georgia
XI-IATI-EC_NEAR-2023-PC-23854,XI-IATI-EC_NEAR,European Commission - Directorate-General for Neighbourhood and Enlargement Negotiations,15,Multilateral,0,1,A02_sector,1,0,2,Implementation,EU 4 Sustainable Governance and Recilience -Budget Support Contrac
XI-IATI-EC_NEAR-2023-PC-23862,XI-IATI-EC_NEAR,European Commission - Directorate-General for Neighbourhood and Enlargement Negotiations,15,Multilateral,0,1,A02_sector,1,0,2,Implementation,SAWA II - Enhance Resilience of micro-businesses and create sustainable livelihood opportunities in the Palestine.
XI-IATI-EC_NEAR-2023-PC-24994,XI-IATI-EC_NEAR,European Commission - Directorate-General for Neighbourhood and Enlargement Negotiations,15,Multilateral,0,1,A02_sector,1,0,2,Implementation,Budget Support contract of the EU Support to Entrepreneurship and Private Sector Developmen
XI-IATI-EC_NEAR-2023-PC-25026,XI-IATI-EC_NEAR,European Commission - Directorate-General for Neighbourhood and Enlargement Negotiations,15,Multilateral,0,1,A02_sector,1,0,2,Implementation,CONTRAT DE SUIVI APPUI BUDGETAIRE TERRE VERTE
XI-IATI-EC_NEAR-2023-PC-25094,XI-IATI-EC_NEAR,European Commission - Directorate-General for Neighbourhood and Enlargement Negotiations,15,Multilateral,0,1,A02_sector,1,0,2,Implementation,"Support to coordination, monitoring and reporting on Public Administration Reform Strategy and Public Finance Management Reform Programme 2022-2026"
XI-IATI-EC_NEAR-2023-PC-25328,XI-IATI-EC_NEAR,European Commission - Directorate-General for Neighbourhood and Enlargement Negotiations,15,Multilateral,1,0,A01_general,1,0,2,Implementation,Budget Support Energy Support Package - Montenegro 2023
XI-IATI-EC_NEAR-2023-PC-25371,XI-IATI-EC_NEAR,European Commission - Directorate-General for Neighbourhood and Enlargement Negotiations,15,Multilateral,0,1,A02_sector,1,0,2,Implementation,Sector Budget Support contract to support the Rule of Law in Jordan
XI-IATI-EC_NEAR-2023-PC-25441,XI-IATI-EC_NEAR,European Commission - Directorate-General for Neighbourhood and Enlargement Negotiations,15,Multilateral,1,0,A01_general,1,0,2,Implementation,State and Resilience Building Contract BA2023AAP-Energy Support Package
XI-IATI-EC_NEAR-2023-PC-25711,XI-IATI-EC_NEAR,European Commission - Directorate-General for Neighbourhood and Enlargement Negotiations,15,Multilateral,1,0,A01_general,1,0,2,Implementation,State and Resilience Building Contract for Kosovo  
XI-IATI-EC_NEAR-2023-PC-25712,XI-IATI-EC_NEAR,European Commission - Directorate-General for Neighbourhood and Enlargement Negotiations,15,Multilateral,0,1,A02_sector,1,0,2,Implementation,Contrat pour le d¿boursement des tranches d'appui budg¿taire du programme ''Energie Verte''
XI-IATI-EC_NEAR-2023-PC-25764,XI-IATI-EC_NEAR,European Commission - Directorate-General for Neighbourhood and Enlargement Negotiations,15,Multilateral,0,1,A02_sector,1,0,2,Implementation,Budget support part of the Sector Reform Performance Contract for Justice Reform
XI-IATI-EC_NEAR-2023-PC-25802,XI-IATI-EC_NEAR,European Commission - Directorate-General for Neighbourhood and Enlargement Negotiations,15,Multilateral,0,1,A02_sector,1,0,2,Implementation,Budget support component for the Sector Budget Support for Public Administration Reform
XI-IATI-EC_NEAR-2023-PC-25842,XI-IATI-EC_NEAR,European Commission - Directorate-General for Neighbourhood and Enlargement Negotiations,15,Multilateral,0,1,A02_sector,1,0,2,Implementation,Budget Support PAR/PFM Montenegro 2022
XI-IATI-EC_NEAR-2023-PC-25960,XI-IATI-EC_NEAR,European Commission - Directorate-General for Neighbourhood and Enlargement Negotiations,15,Multilateral,1,0,A01_general,1,0,4,Closed,State and Resilience Building Contract for Albania Annual Action Plan contributing to the Western Balkans Energy Support Package in favor of Albania for 2023.
XI-IATI-EC_NEAR-2023-PC-25995,XI-IATI-EC_NEAR,European Commission - Directorate-General for Neighbourhood and Enlargement Negotiations,15,Multilateral,0,1,A02_sector,1,0,2,Implementation,Budget Support EU for Integrated Border Management Montenegro AAP 2022
XI-IATI-EC_NEAR-2023-PC-26113,XI-IATI-EC_NEAR,European Commission - Directorate-General for Neighbourhood and Enlargement Negotiations,15,Multilateral,1,0,A01_general,1,0,2,Implementation,State and Resilience Building Contract in the Energy Sector RS2023AAP-ESP
XI-IATI-EC_NEAR-2023-PC-26205,XI-IATI-EC_NEAR,European Commission - Directorate-General for Neighbourhood and Enlargement Negotiations,15,Multilateral,0,1,A02_sector,1,0,2,Implementation,Miftah Anajah - La cl¿ de la r¿ussite
XI-IATI-EC_NEAR-2023-PC-26206,XI-IATI-EC_NEAR,European Commission - Directorate-General for Neighbourhood and Enlargement Negotiations,15,Multilateral,0,1,A02_sector,1,0,2,Implementation,PIAFE - Appui à l¿organisation de voyages d¿études dans l¿UE au bénéfice des acteurs de l¿éducation et de la formation au Maroc
XI-IATI-EC_NEAR-2023-PC-26221,XI-IATI-EC_NEAR,European Commission - Directorate-General for Neighbourhood and Enlargement Negotiations,15,Multilateral,0,1,A02_sector,1,0,2,Implementation,ENPARD IV - Review of Budget Support Tranches 2023 and 2024
XI-IATI-EC_NEAR-2023-PC-26322,XI-IATI-EC_NEAR,European Commission - Directorate-General for Neighbourhood and Enlargement Negotiations,15,Multilateral,0,1,A02_sector,1,0,2,Implementation,Education and Makani (''My Space'') Programmes for Vulnerable Refugees and Host Community Children in Jordan
XI-IATI-EC_NEAR-2023-PC-26324,XI-IATI-EC_NEAR,European Commission - Directorate-General for Neighbourhood and Enlargement Negotiations,15,Multilateral,0,1,A02_sector,1,0,2,Implementation,"EU Support to inclusive, equitable and quality education for Syrian refugees and vulnerable children and youth in host communities in Jordan - Budget Suppor"
XI-IATI-EC_NEAR-2023-PC-26413,XI-IATI-EC_NEAR,European Commission - Directorate-General for Neighbourhood and Enlargement Negotiations,15,Multilateral,0,1,A02_sector,1,0,2,Implementation,"Budget Support to Justice Sector Reforms in Armenia, Phase II"
XI-IATI-EC_NEAR-2023-PC-26460,XI-IATI-EC_NEAR,European Commission - Directorate-General for Neighbourhood and Enlargement Negotiations,15,Multilateral,1,0,A01_general,1,0,2,Implementation,Support to Ukraine's Fast Recovery
XI-IATI-EC_NEAR-2023-PC-26474,XI-IATI-EC_NEAR,European Commission - Directorate-General for Neighbourhood and Enlargement Negotiations,15,Multilateral,0,1,A02_sector,1,0,2,Implementation,"Programme d'appui ¿ la mise en ¿uvre de la r¿forme de la protection sociale selon une approche int¿gr¿e et inclusive, et sensible aux enfants"
XI-IATI-EC_NEAR-2023-PC-26479,XI-IATI-EC_NEAR,European Commission - Directorate-General for Neighbourhood and Enlargement Negotiations,15,Multilateral,0,1,A02_sector,1,0,2,Implementation,EU support to Education in Armenia
XI-IATI-EC_NEAR-2023-PC-26487,XI-IATI-EC_NEAR,European Commission - Directorate-General for Neighbourhood and Enlargement Negotiations,15,Multilateral,0,1,A02_sector,1,0,2,Implementation,Mission de suivi du Programme d'Appui à la Protection Sociale au Maroc (Phase II) - Programme KARAMA
XI-IATI-EC_NEAR-2023-PC-26509,XI-IATI-EC_NEAR,European Commission - Directorate-General for Neighbourhood and Enlargement Negotiations,15,Multilateral,0,1,A02_sector,1,0,4,Closed,Étude de définition du programme d¿appui social destiné aux ménages à faible revenu
XI-IATI-EC_NEAR-2023-PC-26649,XI-IATI-EC_NEAR,European Commission - Directorate-General for Neighbourhood and Enlargement Negotiations,15,Multilateral,0,1,A02_sector,1,0,2,Implementation,EU for Modern Public Administration
XI-IATI-EC_NEAR-2023-PC-28407,XI-IATI-EC_NEAR,European Commission - Directorate-General for Neighbourhood and Enlargement Negotiations,15,Multilateral,0,1,A02_sector,1,0,2,Implementation,Support to Economic Governance and Reforms in Jordan ¿ identification and formulation
XI-IATI-EC_NEAR-2023-PC-29284,XI-IATI-EC_NEAR,European Commission - Directorate-General for Neighbourhood and Enlargement Negotiations,15,Multilateral,0,1,A02_sector,1,0,2,Implementation,"Kafaat Oualidine - Promotion d'une ¿ducation inclusive, ¿quitable et de qualit¿ au Maroc"
XI-IATI-EC_NEAR-2023-PC-29296,XI-IATI-EC_NEAR,European Commission - Directorate-General for Neighbourhood and Enlargement Negotiations,15,Multilateral,1,0,A01_general,1,0,2,Implementation,ACP Delegaiton SERBIA  2023 LOT 1
XI-IATI-EC_NEAR-2023-PC-29638,XI-IATI-EC_NEAR,European Commission - Directorate-General for Neighbourhood and Enlargement Negotiations,15,Multilateral,0,1,A02_sector,1,0,2,Implementation,Fourniture d'¿quipements de soins intensifs m¿dicale au CHU de Raba
XI-IATI-EC_NEAR-2023-PC-29639,XI-IATI-EC_NEAR,European Commission - Directorate-General for Neighbourhood and Enlargement Negotiations,15,Multilateral,0,1,A02_sector,1,0,2,Implementation,Fourniture d'¿quipements d'imagerie m¿dicale au CHU de Raba
XI-IATI-EC_NEAR-2023-PC-30456,XI-IATI-EC_NEAR,European Commission - Directorate-General for Neighbourhood and Enlargement Negotiations,15,Multilateral,1,0,A01_general,1,0,2,Implementation,''On en parle! Tunisie 360¿'' Soutenir la production et la diffusion de contenus favorisant l'interactivit¿ et l'engagement du public sur les questions socio-¿conomiques
XI-IATI-EC_NEAR-2023-PC-30872,XI-IATI-EC_NEAR,European Commission - Directorate-General for Neighbourhood and Enlargement Negotiations,15,Multilateral,1,0,A01_general,1,0,2,Implementation,"NesTounes &#1578;&#1608;&#1606;&#1587; &#1606;&#1575;&#1587; - Vers un espace public tunisien inform¿, inclusif et pluraliste : garantir la place des droits socio-¿conomiques dans la couverture m¿diatique"
XI-IATI-EC_NEAR-2023-PC-30873,XI-IATI-EC_NEAR,European Commission - Directorate-General for Neighbourhood and Enlargement Negotiations,15,Multilateral,1,0,A01_general,1,0,2,Implementation,Appui aux initiatives m¿diatiques permettant d'alimenter le d¿bat dans le domaine socio-¿conomique
XI-IATI-EC_NEAR-2023-PC-31718,XI-IATI-EC_NEAR,European Commission - Directorate-General for Neighbourhood and Enlargement Negotiations,15,Multilateral,0,1,A02_sector,1,0,2,Implementation,Appui ¿ la construction de l'approche multidimensionnelle de lutte contre la pauvret¿
XI-IATI-EC_NEAR-2023-PC-31719,XI-IATI-EC_NEAR,European Commission - Directorate-General for Neighbourhood and Enlargement Negotiations,15,Multilateral,0,1,A02_sector,1,0,2,Implementation,Promotion du r¿gime de l'autoentrepreneur
XI-IATI-EC_NEAR-2023-PC-31722,XI-IATI-EC_NEAR,European Commission - Directorate-General for Neighbourhood and Enlargement Negotiations,15,Multilateral,0,1,A02_sector,1,0,2,Implementation,Contrat d'engagement de tranche d'appui budg¿taire du programme PAIS
XI-IATI-EC_NEAR-2023-PC-31959,XI-IATI-EC_NEAR,European Commission - Directorate-General for Neighbourhood and Enlargement Negotiations,15,Multilateral,1,0,A01_general,1,0,4,Closed,Third Top-up to the State and Resilience Building Contract for the Republic of Moldova
XI-IATI-EC_NEAR-2023-PC-32512,XI-IATI-EC_NEAR,European Commission - Directorate-General for Neighbourhood and Enlargement Negotiations,15,Multilateral,1,0,A01_general,1,0,2,Implementation,Pour une soci¿t¿ civile synergique autour des politiques budg¿taires et fiscales
XI-IATI-EC_NEAR-2023-PC-3383,XI-IATI-EC_NEAR,European Commission - Directorate-General for Neighbourhood and Enlargement Negotiations,15,Multilateral,0,1,A02_sector,1,0,2,Implementation,EU for Good Governance - communication and visibility
XI-IATI-EC_NEAR-2023-PC-3384,XI-IATI-EC_NEAR,European Commission - Directorate-General for Neighbourhood and Enlargement Negotiations,15,Multilateral,0,1,A02_sector,1,0,2,Implementation,Good Governance Technical Assistance
XI-IATI-EC_NEAR-2023-PC-34044,XI-IATI-EC_NEAR,European Commission - Directorate-General for Neighbourhood and Enlargement Negotiations,15,Multilateral,0,1,A02_sector,1,0,2,Implementation,EU 4 Public Administration - technical assistance to Montenegro in support of public services provision and human resources managemen
XI-IATI-EC_NEAR-2023-PC-34368,XI-IATI-EC_NEAR,European Commission - Directorate-General for Neighbourhood and Enlargement Negotiations,15,Multilateral,1,0,A01_general,1,0,2,Implementation,Interest rate subsidy 2023 in relation to the Union¿s exceptional macro-financial assistance of 2022
XI-IATI-EC_NEAR-2023-PC-37347,XI-IATI-EC_NEAR,European Commission - Directorate-General for Neighbourhood and Enlargement Negotiations,15,Multilateral,1,0,A01_general,1,0,2,Implementation,Programme d'appui aux r¿formes macro¿conomiques de la Tunisie (PARME)
XI-IATI-EC_NEAR-2024-ACT-62417,XI-IATI-EC_NEAR,European Commission - Directorate-General for Neighbourhood and Enlargement Negotiations,15,Multilateral,0,1,A02_sector,1,0,2,Implementation,Sector Reform Contract for Education Reform in Serbia RS2024AAP
XI-IATI-EC_NEAR-2024-PC-16109,XI-IATI-EC_NEAR,European Commission - Directorate-General for Neighbourhood and Enlargement Negotiations,15,Multilateral,0,1,A02_sector,1,0,2,Implementation,Contrat pour le versement des tranches de l'appui budg¿taire du programme d'appui ESRIM
XI-IATI-EC_NEAR-2024-PC-25269,XI-IATI-EC_NEAR,European Commission - Directorate-General for Neighbourhood and Enlargement Negotiations,15,Multilateral,0,1,A02_sector,1,0,2,Implementation,Improving quality and comprehensiveness of environmental and health statistics
XI-IATI-EC_NEAR-2024-PC-25804,XI-IATI-EC_NEAR,European Commission - Directorate-General for Neighbourhood and Enlargement Negotiations,15,Multilateral,0,1,A02_sector,1,0,2,Implementation,"EU for Public Administration Reform - Complementary assistance to sector performance reform contract for public administration reform, Belgrade, Serbia"
XI-IATI-EC_NEAR-2024-PC-26165,XI-IATI-EC_NEAR,European Commission - Directorate-General for Neighbourhood and Enlargement Negotiations,15,Multilateral,0,1,A02_sector,1,0,2,Implementation,Contrat de suivi de l'appui budgétaire ESRIM
XI-IATI-EC_NEAR-2024-PC-26216,XI-IATI-EC_NEAR,European Commission - Directorate-General for Neighbourhood and Enlargement Negotiations,15,Multilateral,0,1,A02_sector,1,0,2,Implementation,Final EVAL ENPARD III and mid-term EVAL of ENPARD IV
XI-IATI-EC_NEAR-2024-PC-26416,XI-IATI-EC_NEAR,European Commission - Directorate-General for Neighbourhood and Enlargement Negotiations,15,Multilateral,0,1,A02_sector,1,0,2,Implementation,"Support to Justice Sector Reforms in Armenia, Phase II - complementary support"
XI-IATI-EC_NEAR-2024-PC-26596,XI-IATI-EC_NEAR,European Commission - Directorate-General for Neighbourhood and Enlargement Negotiations,15,Multilateral,0,1,A02_sector,1,0,2,Implementation,EU4Education Reforms in Armenia
XI-IATI-EC_NEAR-2024-PC-26598,XI-IATI-EC_NEAR,European Commission - Directorate-General for Neighbourhood and Enlargement Negotiations,15,Multilateral,0,1,A02_sector,1,0,2,Implementation,Review missions for the Sector Reform Contract ¿EU support to Education in Armenia¿ (NDICI-GEO-NEAR/2023/448-501)
XI-IATI-EC_NEAR-2024-PC-26711,XI-IATI-EC_NEAR,European Commission - Directorate-General for Neighbourhood and Enlargement Negotiations,15,Multilateral,0,1,A02_sector,1,0,2,Implementation,EU 4 Public Finance Management (PFM) in Montenegro
XI-IATI-EC_NEAR-2024-PC-27731,XI-IATI-EC_NEAR,European Commission - Directorate-General for Neighbourhood and Enlargement Negotiations,15,Multilateral,1,0,A01_general,1,0,2,Implementation,Confidential contract
XI-IATI-EC_NEAR-2024-PC-32056,XI-IATI-EC_NEAR,European Commission - Directorate-General for Neighbourhood and Enlargement Negotiations,15,Multilateral,1,0,A01_general,1,0,2,Implementation,Soutien au programme de relance des T/PME tunisiennes dans un contexte post-crises 
XI-IATI-EC_NEAR-2024-PC-34437,XI-IATI-EC_NEAR,European Commission - Directorate-General for Neighbourhood and Enlargement Negotiations,15,Multilateral,0,1,A02_sector,1,0,2,Implementation,PEFA Assessment
XI-IATI-EC_NEAR-2024-PC-36865,XI-IATI-EC_NEAR,European Commission - Directorate-General for Neighbourhood and Enlargement Negotiations,15,Multilateral,1,0,A01_general,1,0,2,Implementation,State and Resilience Building Contract for the Republic of Armenia
XI-IATI-EC_NEAR-2024-PC-36873,XI-IATI-EC_NEAR,European Commission - Directorate-General for Neighbourhood and Enlargement Negotiations,15,Multilateral,1,0,A01_general,1,0,2,Implementation,Contrat d'appui budg¿taire
XI-IATI-EC_NEAR-2024-PC-37108,XI-IATI-EC_NEAR,European Commission - Directorate-General for Neighbourhood and Enlargement Negotiations,15,Multilateral,0,1,A02_sector,1,0,2,Implementation,Budget support component of the SRPC in the education sector
XI-IATI-EC_NEAR-2024-PC-38097,XI-IATI-EC_NEAR,European Commission - Directorate-General for Neighbourhood and Enlargement Negotiations,15,Multilateral,1,0,A01_general,1,0,2,Implementation,Appui ¿ la Cour des comptes dans la mise en ¿uvre de son plan strat¿gique 2022-2026
XI-IATI-EC_NEAR-2024-PC-38100,XI-IATI-EC_NEAR,European Commission - Directorate-General for Neighbourhood and Enlargement Negotiations,15,Multilateral,1,0,A01_general,1,0,2,Implementation,AGELA : Amélioration de la Gouvernance Économique par la Lutte Anti-corruption en Tunisie
XI-IATI-EC_NEAR-2024-PC-39790,XI-IATI-EC_NEAR,European Commission - Directorate-General for Neighbourhood and Enlargement Negotiations,15,Multilateral,1,0,A01_general,1,0,2,Implementation,Appui au Ministère de l'Economie et de la Planification de la Tunisie pour le suivi du Programme d'Appui à la Gouvernance Economique
XI-IATI-EC_NEAR-2024-PC-41992,XI-IATI-EC_NEAR,European Commission - Directorate-General for Neighbourhood and Enlargement Negotiations,15,Multilateral,1,0,A01_general,1,0,2,Implementation,initial appropriations 2024
XI-IATI-IADB-AR-L1268,XI-IATI-IADB,Inter-American Development Bank,40,Multilateral,0,1,A02_sector,1,0,4,Closed,"EN: Program to Support Transparency and Integrity Reforms in Argentina, ES: Programa de Apoyo a Reformas de Transparencia e Integridad en Argentina"
XI-IATI-IADB-AR-L1283,XI-IATI-IADB,Inter-American Development Bank,40,Multilateral,0,1,A02_sector,1,0,4,Closed,"EN: Program to Drive Growth, ES: Programa para Impulsar el Crecimiento"
XI-IATI-IADB-AR-L1298,XI-IATI-IADB,Inter-American Development Bank,40,Multilateral,0,1,A02_sector,1,0,4,Closed,"EN: Program to support gender equality policies, ES: Programa de apoyo a polticas de paridad econmica de gnero"
XI-IATI-IADB-AR-L1303,XI-IATI-IADB,Inter-American Development Bank,40,Multilateral,0,1,A02_sector,1,0,4,Closed,"EN: Program to Support Transparency and Integrity Reforms in Argentina II, ES: Programa de Apoyo a Reformas de Transparencia e Integridad en Argentina II"
XI-IATI-IADB-AR-L1304,XI-IATI-IADB,Inter-American Development Bank,40,Multilateral,0,1,A02_sector,1,0,4,Closed,"EN: Program for Strengthening of the Digital Agenda: Connectivity, Electronic Government and Digital Productive Transformation, ES: Programa para el Fortalecimiento de la Agenda Digital, la conectividad, el Gobierno Electronico y la transformacion productiva"
XI-IATI-IADB-AR-L1351,XI-IATI-IADB,Inter-American Development Bank,40,Multilateral,0,1,A02_sector,1,0,4,Closed,"EN: Program to Support Public Policies for the Sustainable and Resilient Growth of Argentina, ES: Programa de Apoyo a Polticas Pblicas para el Crecimiento Sostenible y Resiliente de Argentina"
XI-IATI-IADB-AR-L1370,XI-IATI-IADB,Inter-American Development Bank,40,Multilateral,0,1,A02_sector,1,0,4,Closed,"EN: Program to Support Public Policies for the Sustainable and Resilient Growth of Argentina II, ES: Programa de Apoyo a Polticas Pblicas para el Crecimiento Sostenible y Resiliente de Argentina II"
XI-IATI-IADB-AR-L1404,XI-IATI-IADB,Inter-American Development Bank,40,Multilateral,0,1,A02_sector,1,0,4,Closed,"EN: Fiscal Policy Strengthening Program, ES: Programa de Fortalecimiento de la Poltica Fiscal"
XI-IATI-IADB-AR-L1412,XI-IATI-IADB,Inter-American Development Bank,40,Multilateral,0,1,A02_sector,1,0,4,Closed,"EN: Fiscal Policy Strengthening Program II, ES: Programa de Fortalecimiento de la Poltica Fiscal II"
XI-IATI-IADB-AR-L1413,XI-IATI-IADB,Inter-American Development Bank,40,Multilateral,0,1,A02_sector,1,0,4,Closed,"EN: Support for Regulatory Reforms for Competitiveness Program, ES: Programa de Apoyo a Reformas Regulatorias para la Competitividad"
XI-IATI-IADB-BA-L1048,XI-IATI-IADB,Inter-American Development Bank,40,Multilateral,0,1,A02_sector,1,0,4,Closed,"EN: Sustainable Development Policy Program, ES: Programa de Polticas de Desarrollo Sostenible"
XI-IATI-IADB-BA-L1050,XI-IATI-IADB,Inter-American Development Bank,40,Multilateral,0,1,A02_sector,1,0,4,Closed,"EN: Programme to Strengthen Public Policy and Fiscal Management in Response to the Health and Economic Crisis Caused by COVID-19 in Barbados, ES: Programa de Fortalecimiento la Poltica Pblica y la Gestin Fiscal para la Atencin de la Crisis Sanitaria y Econmica Causada por la COVID-19 en Barbados"
XI-IATI-IADB-BA-L1052,XI-IATI-IADB,Inter-American Development Bank,40,Multilateral,0,1,A02_sector,1,0,4,Closed,"EN: Sustainable Development Policy Program II, ES: Programa de Polticas de Desarrollo Sostenible II"
XI-IATI-IADB-BA-L1056,XI-IATI-IADB,Inter-American Development Bank,40,Multilateral,0,1,A02_sector,1,0,4,Closed,"EN: Programme to Strengthen Public Policy and Fiscal Management in Response to the Health and Economic Crisis Caused by COVID-19 in Barbados II, ES: Programa de Fortalecimiento de la Poltica Pblica y la Gestin Fiscal para la Atencin de la Crisis Sanitaria y Econmica Causada por la COVID-19 en Barbados II"
XI-IATI-IADB-BA-L1060,XI-IATI-IADB,Inter-American Development Bank,40,Multilateral,0,1,A02_sector,1,0,4,Closed,"EN: Program to Strengthen Social Services in Barbados, ES: Programa para Fortalecer los Servicios Sociales en Barbados"
XI-IATI-IADB-BA-L1061,XI-IATI-IADB,Inter-American Development Bank,40,Multilateral,0,1,A02_sector,1,0,4,Closed,"EN: Sustainable Development Policy Program III, ES: Programa de Polticas de Desarrollo Sostenible III"
XI-IATI-IADB-BA-L1062,XI-IATI-IADB,Inter-American Development Bank,40,Multilateral,0,1,A02_sector,1,0,4,Closed,"EN: Program to Strengthen Social Services in Barbados II, ES: Programa de fortalecimiento de los servicios sociales en Barbados II"
XI-IATI-IADB-BA-U0001,XI-IATI-IADB,Inter-American Development Bank,40,Multilateral,0,1,A02_sector,1,0,2,Implementation,"EN: Program to Support Environmental and Economic Development in Barbados, ES: Programa para Apoyar el Desarrollo Ambiental y Econmico en Barbados"
XI-IATI-IADB-BA-U0002,XI-IATI-IADB,Inter-American Development Bank,40,Multilateral,0,1,A02_sector,1,0,2,Implementation,"EN: Program to Enhance Climate and Financial Resilience in Barbados, ES: Programa para Potenciar la Resiliencia Climtica y Financiera en Barbados"
XI-IATI-IADB-BH-L1050,XI-IATI-IADB,Inter-American Development Bank,40,Multilateral,0,1,A02_sector,1,0,4,Closed,"EN: Boosting Resilient and Inclusive Growth in The Bahamas, ES: Potenciacin del Crecimiento Resiliente e Inclusivo en las Bahamas"
XI-IATI-IADB-BH-L1052,XI-IATI-IADB,Inter-American Development Bank,40,Multilateral,0,1,A02_sector,1,0,4,Closed,"EN: Boosting Resilient and Inclusive Growth in The Bahamas II, ES: Potenciacin del Crecimiento Resiliente e Inclusivo en las Bahamas II"
XI-IATI-IADB-BH-L1056,XI-IATI-IADB,Inter-American Development Bank,40,Multilateral,0,1,A02_sector,1,0,4,Closed,"EN: Strengthening Disaster Risk Management Governance in The Bahamas, ES: Fortalecimiento de la Gobernanza para la Gestin del Riesgo de Desastres en las Bahamas"
XI-IATI-IADB-BH-L1062,XI-IATI-IADB,Inter-American Development Bank,40,Multilateral,0,1,A02_sector,1,0,4,Closed,"EN: Strengthening Disaster Risk Management Governance in The Bahamas II, ES: Fortalecimiento de la Gobernanza para la Gestin del Riesgo de Desastres en Las Bahamas II"
XI-IATI-IADB-BH-U0001,XI-IATI-IADB,Inter-American Development Bank,40,Multilateral,0,1,A02_sector,1,0,2,Implementation,"EN: Building a Social and Inclusive Blue Economy in The Bahamas, ES: Crear una Economa Azul Social e Inclusiva en las Bahamas"
XI-IATI-IADB-BH-U0002,XI-IATI-IADB,Inter-American Development Bank,40,Multilateral,0,1,A02_sector,1,0,2,Implementation,"EN: Program for Resilient Sustainable Development of the Blue Economy in The Bahamas, ES: Programa para el Desarrollo Sostenible y Resiliente de la Economa Azul en las Bahamas"
XI-IATI-IADB-BO-L1089,XI-IATI-IADB,Inter-American Development Bank,40,Multilateral,0,1,A02_sector,1,0,4,Closed,"EN: Program Sector Reforms Transportation, ES: Apoyo al Programa de Reformas del Sector de Transportes"
XI-IATI-IADB-BO-L1100,XI-IATI-IADB,Inter-American Development Bank,40,Multilateral,0,1,A02_sector,1,0,4,Closed,"EN: REFORM PROGRAM FOR THE WATER, SANITATION, AND WATER RESOURCES SECTORS IN BOLIVIA SECOND OPERATION, ES: PROGRAMA DE REFORMAS DE LOS SECTORES DE AGUA, SANEAMIENTO Y DE RECURSOS HDRICOS EN BOLIVIA SEGUNDA OPERACIN"
XI-IATI-IADB-BO-L1104,XI-IATI-IADB,Inter-American Development Bank,40,Multilateral,0,1,A02_sector,1,0,4,Closed,"EN: Disaster Risk Management Program I, ES: Programa de Gestin del Riesgo de Desastres I"
XI-IATI-IADB-BO-L1107,XI-IATI-IADB,Inter-American Development Bank,40,Multilateral,0,1,A02_sector,1,0,4,Closed,"EN: Disaster Risk Management Program II, ES: Programa de Gestin de Riesgos de Desastres II"
XI-IATI-IADB-BO-L1112,XI-IATI-IADB,Inter-American Development Bank,40,Multilateral,0,1,A02_sector,1,0,4,Closed,"EN: Transportation Sector Policy Reform Program II, ES: Programa de Reforma de Polticas del Sector Transporte II"
XI-IATI-IADB-BO-L1183,XI-IATI-IADB,Inter-American Development Bank,40,Multilateral,0,1,A02_sector,1,0,4,Closed,"EN: Program for the Strengthening of Environmental and Natural Resource Management, ES: Programa de Fortalecimiento de la Gestin del Medio Ambiente y los Recursos Naturales"
XI-IATI-IADB-BO-L1189,XI-IATI-IADB,Inter-American Development Bank,40,Multilateral,0,1,A02_sector,1,0,4,Closed,"EN: Program to Strengthen the Electricity Sector, ES: Programa de Fortalecimiento del Sector Elctrico"
XI-IATI-IADB-BO-L1199,XI-IATI-IADB,Inter-American Development Bank,40,Multilateral,0,1,A02_sector,1,0,4,Closed,"EN: Program for the Strengthening of Environmental and Natural Resource Management II, ES: Programa de Fortalecimiento de la Gestin del Medio Ambiente y los Recursos Naturales II"
XI-IATI-IADB-BO-L1200,XI-IATI-IADB,Inter-American Development Bank,40,Multilateral,0,1,A02_sector,1,0,4,Closed,"EN: POLICY REFORM PROGRAM FOR THE WATER, SANITATION, SOLID WASTE, AND WATER RESOURCES SECTORS IN BOLIVIA, ES: PROGRAMA DE REFORMAS DE POLTICA DE LOS SECTORES DE AGUA, SANEAMIENTO, RESIDUOS SLIDOS Y DE RECURSOS HDRICOS EN BOLIVIA"
XI-IATI-IADB-BR-L1374,XI-IATI-IADB,Inter-American Development Bank,40,Multilateral,0,1,A02_sector,1,0,4,Closed,"EN: Fiscal BalConsolidation Development of the State of Alagoas Program PRONCOFIS-AL, ES: Prog Consolidacin del Equilibrio Fiscal Des. del Estado de Alagoas PRONCOFIS-AL"
XI-IATI-IADB-BR-L1375,XI-IATI-IADB,Inter-American Development Bank,40,Multilateral,0,1,A02_sector,1,0,4,Closed,"EN: Fiscal Consolidation Program II Rio Grande del Sur (PROCONFIS II), ES: Programa de Consolidacin Fiscal II Rio Grande del Sur (PROCONFIS II)"
XI-IATI-IADB-BR-L1381,XI-IATI-IADB,Inter-American Development Bank,40,Multilateral,0,1,A02_sector,1,0,4,Closed,"EN: Fiscal Consolidation Program for the Development of Pernambuco, ES: Programa de Consolidacin Fiscal para el Desarrollo de Pernambuco"
XI-IATI-IADB-BR-L1385,XI-IATI-IADB,Inter-American Development Bank,40,Multilateral,0,1,A02_sector,1,0,4,Closed,"EN: PROCONFIS - AM. Fiscal consolidation program for Amazonas, ES: PROCONFIS - AM Programa de consolidacion fiscal para la mejora de la prestacin"
XI-IATI-IADB-BR-L1575,XI-IATI-IADB,Inter-American Development Bank,40,Multilateral,0,1,A02_sector,1,0,4,Closed,"EN: Program to Promote Fiscal Sustainability and Enhance the Effectiveness of Public Expenditure in the Municpio of Recife, ES: Programa de Promocin de la Sostenibilidad Fiscal y Mejora de la Efectividad del Gasto Pblico del Municipio de Recife"
XI-IATI-IADB-CH-L1095,XI-IATI-IADB,Inter-American Development Bank,40,Multilateral,0,1,A02_sector,1,0,4,Closed,"EN: Program to Improve Technical Vocational Education, ES: Programa de Fortalecimiento de la Educacin Tcnico Profesional"
XI-IATI-IADB-CH-L1110,XI-IATI-IADB,Inter-American Development Bank,40,Multilateral,0,1,A02_sector,1,0,4,Closed,"EN: Chile's Integrity and Transparency Agenda Support Program, ES: Programa de Apoyo a la Agenda de Probidad y Transparencia de Chile"
XI-IATI-IADB-CH-L1111,XI-IATI-IADB,Inter-American Development Bank,40,Multilateral,0,1,A02_sector,1,0,4,Closed,"EN: Chiles Integrity and Transparency Agenda Support Program II, ES: PROGRAMA DE APOYO A LA AGENDA DE PROBIDAD Y TRANSPARENCIA DE CHILE II"
XI-IATI-IADB-CH-L1134,XI-IATI-IADB,Inter-American Development Bank,40,Multilateral,0,1,A02_sector,1,0,4,Closed,"EN: Competitiveness and Productive Diversification Support Program, ES: Programa de Apoyo a la Competitividad y la Diversificacin Productiva"
XI-IATI-IADB-CH-L1135,XI-IATI-IADB,Inter-American Development Bank,40,Multilateral,0,1,A02_sector,1,0,4,Closed,"EN: Program to Strengthen the Labor Intermediation System in Chile, ES: Programa de Fortalecimiento del Sistema de Intermediacin Laboral en Chile"
XI-IATI-IADB-CH-L1136,XI-IATI-IADB,Inter-American Development Bank,40,Multilateral,0,1,A02_sector,1,0,4,Closed,"EN: Energy Sustainable Program, ES: Programa de Energa Sostenible"
XI-IATI-IADB-CH-L1145,XI-IATI-IADB,Inter-American Development Bank,40,Multilateral,0,1,A02_sector,1,0,4,Closed,"EN: Support Program for Productive and Sustainable Investment, ES: Programa de Mejora de la Gestin de Proyectos de Inversin Sustentables"
XI-IATI-IADB-CH-L1148,XI-IATI-IADB,Inter-American Development Bank,40,Multilateral,0,1,A02_sector,1,0,4,Closed,"EN: Support for Strengthening the Institutional Framework for Science, Technology, Knowledge and Innovation in Chile, ES: Apoyo al Fortalecimiento de la Institucionalidad de la Ciencia, Tecnologa, Conocimiento e Innovacin en Chile"
XI-IATI-IADB-CH-L1149,XI-IATI-IADB,Inter-American Development Bank,40,Multilateral,0,1,A02_sector,1,0,4,Closed,"EN: Program to Support Social Equity and Fiscal Sustainability, ES: Programa de Apoyo a la Equidad Social y Sostenibilidad Fiscal"
XI-IATI-IADB-CH-L1157,XI-IATI-IADB,Inter-American Development Bank,40,Multilateral,0,1,A02_sector,1,0,4,Closed,"EN: Support for Strengthening Chile's Integrity and Transparency Systems, ES: Apoyo al Fortalecimiento de los Sistemas de Integridad y Transparencia de Chile"
XI-IATI-IADB-CH-L1159,XI-IATI-IADB,Inter-American Development Bank,40,Multilateral,0,1,A02_sector,1,0,4,Closed,"EN: Program to Support a Fair, Clean and Sustainable Energy Transition, ES: Programa de Apoyo a la Transicion Energetica Justa, Limpia y Sostenible"
XI-IATI-IADB-CH-L1160,XI-IATI-IADB,Inter-American Development Bank,40,Multilateral,0,1,A02_sector,1,0,4,Closed,"EN: Program to Support Social Equity and Fiscal Sustainability II, ES: Programa de Apoyo a la Equidad Social y Sostenibilidad Fiscal II"
XI-IATI-IADB-CH-L1164,XI-IATI-IADB,Inter-American Development Bank,40,Multilateral,0,1,A02_sector,1,0,4,Closed,"EN: Digital Transformation and Sustainable Growth Program, ES: Programa de Transformacin Digital y Crecimiento Sostenible"
XI-IATI-IADB-CH-L1165,XI-IATI-IADB,Inter-American Development Bank,40,Multilateral,0,1,A02_sector,1,0,4,Closed,"EN: Program to Support a Fair, Clean and Sustainable Energy Transition II, ES: Programa de Apoyo a la Transicion Energetica Justa, Limpia y Sostenible II"
XI-IATI-IADB-CH-L1172,XI-IATI-IADB,Inter-American Development Bank,40,Multilateral,0,1,A02_sector,1,0,4,Closed,"EN: Support for Strengthening Chile's Integrity and Transparency Systems II, ES: Apoyo al Fortalecimiento de los Sistemas de Integridad y Transparencia de Chile II"
XI-IATI-IADB-CH-L1174,XI-IATI-IADB,Inter-American Development Bank,40,Multilateral,0,1,A02_sector,1,0,4,Closed,"EN: Digital Transformation and Sustainable Growth Program II, ES: Programa de Transformacin Digital y Crecimiento Sostenible II"
XI-IATI-IADB-CH-L1179,XI-IATI-IADB,Inter-American Development Bank,40,Multilateral,0,1,A02_sector,1,0,4,Closed,"EN: Transition Program towards a Carbon Neutral and Resilient Economy, ES: Programa de Transicin hacia una Economa Carbono Neutral y Resiliente"
XI-IATI-IADB-CO-J0014,XI-IATI-IADB,Inter-American Development Bank,40,Multilateral,0,1,A02_sector,1,0,4,Closed,"EN: Program to support policy reforms for the social and economic inclusion of the Venezuelan migrant population in Colombia, ES: Programa de apoyo a reformas de poltica para la inclusin social y econmica de poblacin migrante venezolana en Colombia"
XI-IATI-IADB-CO-L1141,XI-IATI-IADB,Inter-American Development Bank,40,Multilateral,0,1,A02_sector,1,0,4,Closed,"EN: Support to the Health Sector Reform II, ES: Apoyo a la Reforma del Sector Salud II"
XI-IATI-IADB-CO-L1142,XI-IATI-IADB,Inter-American Development Bank,40,Multilateral,0,1,A02_sector,1,0,4,Closed,"EN: Deepening the Fiscal Reform in Colombia, ES: Profundizacin de la Reforma Fiscal en Colombia"
XI-IATI-IADB-CO-L1144,XI-IATI-IADB,Inter-American Development Bank,40,Multilateral,0,1,A02_sector,1,0,4,Closed,"EN: Financial System Reform Support Program, ES: Programa de Apoyo a la Reforma del Sistema Financiero"
XI-IATI-IADB-CO-L1162,XI-IATI-IADB,Inter-American Development Bank,40,Multilateral,0,1,A02_sector,1,0,4,Closed,"EN: Support for Colombia's Public-Private Partnerships (PPP) Program, ES: Apoyo al Programa de Asociaciones Pblico Privadas (APP) de Colombia"
XI-IATI-IADB-CO-L1163,XI-IATI-IADB,Inter-American Development Bank,40,Multilateral,0,1,A02_sector,1,0,4,Closed,"EN: Support for Subsidy Reform Program, ES: Programa de Apoyo a la Reforma de Subsidios"
XI-IATI-IADB-CO-L1214,XI-IATI-IADB,Inter-American Development Bank,40,Multilateral,0,1,A02_sector,1,0,4,Closed,"EN: Financial System Reform Support Program II, ES: Programa de Apoyo a la Reforma del Sistema Financiero II"
XI-IATI-IADB-CO-L1217,XI-IATI-IADB,Inter-American Development Bank,40,Multilateral,0,1,A02_sector,1,0,4,Closed,"EN: National Program to Ensure Sustainable and Efficient Energy Supply, ES: Programa Nacional para Asegurar un Suministro de Energa Sostenible y Eficiente"
XI-IATI-IADB-CO-L1227,XI-IATI-IADB,Inter-American Development Bank,40,Multilateral,0,1,A02_sector,1,0,4,Closed,"EN: Program to Deepen Fiscal Reform in Colombia II, ES: Programa de Profundizacin de la Reforma Fiscal en Colombia II"
XI-IATI-IADB-CO-L1233,XI-IATI-IADB,Inter-American Development Bank,40,Multilateral,0,1,A02_sector,1,0,4,Closed,"EN: Program for the Improvement of Connectivity and Digitalization of the Economy, ES: Programa para la Mejora de la Conectividad y Digitalizacion de la Economia"
XI-IATI-IADB-CO-L1237,XI-IATI-IADB,Inter-American Development Bank,40,Multilateral,0,1,A02_sector,1,0,4,Closed,"EN: National Program to Ensure Sustainable and Efficient Energy Supply, Phase II, ES: Programa Nacional para Asegurar un Suministro de Energa Sostenible y Eficiente, Fase II"
XI-IATI-IADB-CO-L1252,XI-IATI-IADB,Inter-American Development Bank,40,Multilateral,0,1,A02_sector,1,0,4,Closed,"EN: Program to Strengthen Policies for the Social and Productive Inclusion and Employment of Persons with Disabilities, ES: Programa de Fortalecimiento de las Polticas para la Inclusin Social, Productiva y Laboral de Personas con Discapacidad"
XI-IATI-IADB-CO-L1254,XI-IATI-IADB,Inter-American Development Bank,40,Multilateral,0,1,A02_sector,1,0,4,Closed,"EN: Productive Development and Creative Economy Support Program, ES: Programa de Apoyo al Desarrollo Productivo y la Economa Creativa"
XI-IATI-IADB-CO-L1268,XI-IATI-IADB,Inter-American Development Bank,40,Multilateral,0,1,A02_sector,1,0,4,Closed,"EN: Support Program to Strengthen Colombia's Integration into Global Value Chains, ES: Programa de Apoyo para Fortalecer la Integracin de Colombia en las Cadenas Globales de Valor"
XI-IATI-IADB-CO-L1272,XI-IATI-IADB,Inter-American Development Bank,40,Multilateral,0,1,A02_sector,1,0,4,Closed,"EN: Program to support policy reforms for the social and economic inclusion of the Venezuelan migrant population in Colombia, ES: Programa de apoyo a reformas de poltica para la inclusin social y econmica de poblacin migrante venezolana en Colombia"
XI-IATI-IADB-CO-L1274,XI-IATI-IADB,Inter-American Development Bank,40,Multilateral,0,1,A02_sector,1,0,4,Closed,"EN: Sustainable and Resilient Growth Program II, ES: Programa de Crecimiento Sostenible y Resiliente II"
XI-IATI-IADB-CO-L1283,XI-IATI-IADB,Inter-American Development Bank,40,Multilateral,0,1,A02_sector,1,0,4,Closed,"EN: Program to Support Sustainable and Equitable Fiscal Policies, ES: Programa de Apoyo a Polticas Fiscales Sostenibles y Equitativas"
XI-IATI-IADB-CO-L1291,XI-IATI-IADB,Inter-American Development Bank,40,Multilateral,0,1,A02_sector,1,0,4,Closed,"EN: Program to Strengthen Equality and Equity Policies for Women and Diverse Populations in Colombia., ES: Programa para fortalecer las polticas de igualdad y equidad dirigidas a las mujeres y poblaciones diversas en Colombia."
XI-IATI-IADB-CO-L1302,XI-IATI-IADB,Inter-American Development Bank,40,Multilateral,0,1,A02_sector,1,0,4,Closed,"EN: Support Program to Strengthen Colombia's Integration into Global Value Chains II, ES: Programa de Apoyo para Fortalecer la Integracin de Colombia en las Cadenas Globales de Valor II"
XI-IATI-IADB-CR-L1081,XI-IATI-IADB,Inter-American Development Bank,40,Multilateral,0,1,A02_sector,1,0,4,Closed,"EN: Fiscal Sustainability Support Program, ES: Programa de Apoyo a la Sostenibilidad Fiscal"
XI-IATI-IADB-CR-L1142,XI-IATI-IADB,Inter-American Development Bank,40,Multilateral,0,1,A02_sector,1,0,4,Closed,"EN: Towards a Green Economy: Support for Costa Ricas Decarbonization Plan, ES: Hacia una Economia Verde: Apoyo al Plan de Descarbonizacion de Costa Rica"
XI-IATI-IADB-CR-L1145,XI-IATI-IADB,Inter-American Development Bank,40,Multilateral,0,1,A02_sector,1,0,4,Closed,"EN: Fiscal Sustainability Support Program II, ES: Programa de Apoyo a la Sostenibilidad Fiscal II"
XI-IATI-IADB-DR-L1058,XI-IATI-IADB,Inter-American Development Bank,40,Multilateral,0,1,A02_sector,1,0,4,Closed,"EN: Power Sector Sustainability and Efficiency Program II, ES: Programa para la Sostenibilidad y Eficiencia del Sector Electrico II"
XI-IATI-IADB-DR-L1072,XI-IATI-IADB,Inter-American Development Bank,40,Multilateral,0,1,A02_sector,1,0,4,Closed,"EN: Productivity and Formality Improvement Program, ES: Programa de Mejora de la Productividad y la Formalidad"
XI-IATI-IADB-DR-L1073,XI-IATI-IADB,Inter-American Development Bank,40,Multilateral,0,1,A02_sector,1,0,4,Closed,"EN: Support of the consolidation of health and social security sector, ES: Apoyo a la consolidacin del sector Salud y Seguridad Social"
XI-IATI-IADB-DR-L1079,XI-IATI-IADB,Inter-American Development Bank,40,Multilateral,0,1,A02_sector,1,0,4,Closed,"EN: Support for Health Sector and Social Security Consolidation II, ES: Apoyo a la Consolidacin del Sector Salud y de la Seguridad Social II"
XI-IATI-IADB-DR-L1121,XI-IATI-IADB,Inter-American Development Bank,40,Multilateral,0,1,A02_sector,1,0,4,Closed,"EN: Formalization and Productivity Improvement Program in the Dominican Republic II, ES: Programa de Mejora de la Productividad y la Formalizacin en Repblica Dominicana II"
XI-IATI-IADB-DR-L1132,XI-IATI-IADB,Inter-American Development Bank,40,Multilateral,0,1,A02_sector,1,0,4,Closed,"EN: Support Program for Mobility, Ground Transportation and Road Safety in the Dominican Republic, ES: Programa de apoyo a la movilidad, transporte terrestre y seguridad vial en la Repblica Dominicana"
XI-IATI-IADB-DR-L1140,XI-IATI-IADB,Inter-American Development Bank,40,Multilateral,0,1,A02_sector,1,0,4,Closed,"EN: Program to Support Mobility, Overland Transportation, and Road Safety in the Dominican Republic II, ES: Programa de Apoyo a la Movilidad, Transporte Terrestre y Seguridad Vial en Repblica Dominicana II"
XI-IATI-IADB-DR-L1144,XI-IATI-IADB,Inter-American Development Bank,40,Multilateral,0,1,A02_sector,1,0,4,Closed,"EN: Program to Strengthen Public Policy and Fiscal Management in Response to the Health and Economic Crisis Caused by COVID-19 in the Dominican Republic, ES: Programa de Fortalecimiento de la Poltica Pblica y la Gestin Fiscal para la Atencin de la Crisis Sanitaria y Econmica Causada por el COVID-19 en Repblica Dominicana"
XI-IATI-IADB-DR-L1146,XI-IATI-IADB,Inter-American Development Bank,40,Multilateral,0,1,A02_sector,1,0,4,Closed,"EN: Power Sector Sustainability and Efficiency Program III, ES: Programa para la Sostenibilidad y Eficiencia del Sector Electrico III"
XI-IATI-IADB-DR-L1162,XI-IATI-IADB,Inter-American Development Bank,40,Multilateral,0,1,A02_sector,1,0,4,Closed,"EN: Climate Action Program for Sustained Economic Growth, ES: Programa de Accin Climtica para un Crecimiento Econmico Sostenido"
XI-IATI-IADB-EC-L1140,XI-IATI-IADB,Inter-American Development Bank,40,Multilateral,0,1,A02_sector,1,0,4,Closed,"EN: Support for the transition of the energy matrix in Ecuador, ES: Apoyo al Cambio de la Matriz Energtica del Ecuador"
XI-IATI-IADB-EC-L1238,XI-IATI-IADB,Inter-American Development Bank,40,Multilateral,0,1,A02_sector,1,0,4,Closed,"EN: SOCIAL SERVICES REFORMS TO PROMOTE GENDER AND DISABILITY EQUALITY IN ECUADOR, ES: Reformas de los servicios sociales en Ecuador para promover la igualdad de gnero y de personas con discapacidad"
XI-IATI-IADB-EC-L1252,XI-IATI-IADB,Inter-American Development Bank,40,Multilateral,0,1,A02_sector,1,0,4,Closed,"EN: Program to Support Improved Fiscal Management and Productive Development., ES: Programa de Apoyo a la Mejora de la Gestin Fiscal y el Fomento Productivo."
XI-IATI-IADB-EC-L1265,XI-IATI-IADB,Inter-American Development Bank,40,Multilateral,0,1,A02_sector,1,0,4,Closed,"EN: Support for the Transition of the Energy Matrix in Ecuador II, ES: Apoyo a la transicin de la matriz energtica en Ecuador - II"
XI-IATI-IADB-EC-L1273,XI-IATI-IADB,Inter-American Development Bank,40,Multilateral,0,1,A02_sector,1,0,4,Closed,"EN: Social Expenditure Protection and Employment Recovery Support Program, ES: Programa de Apoyo a la Proteccin del Gasto Social y a la Recuperacin del Empleo"
XI-IATI-IADB-EC-L1277,XI-IATI-IADB,Inter-American Development Bank,40,Multilateral,0,1,A02_sector,1,0,4,Closed,"EN: Social Expenditure Protection and Employment Recovery Support Program - Phase II, ES: Programa de Apoyo a la Proteccin del Gasto Social y a la Recuperacin del Empleo - Fase II"
XI-IATI-IADB-EC-L1280,XI-IATI-IADB,Inter-American Development Bank,40,Multilateral,0,1,A02_sector,1,0,4,Closed,"EN: Program for Development and Economic Recovery in Ecuador, ES: Programa para el Desarrollo y la Recuperacin Econmica en Ecuador"
XI-IATI-IADB-EC-L1287,XI-IATI-IADB,Inter-American Development Bank,40,Multilateral,0,1,A02_sector,1,0,4,Closed,"EN: Support for the Energy Transition and the Promotion of Investments in Ecuadors Energy Sector, ES: Apoyo a la Transicion Energetica y a la Promocion de Inversiones en el Sector Energetico de Ecuador"
XI-IATI-IADB-EC-L1293,XI-IATI-IADB,Inter-American Development Bank,40,Multilateral,0,1,A02_sector,1,0,4,Closed,"EN: Support for Energy Transition and Promotion of Investments in the Energy Sector of Ecuador  II, ES: Apoyo a la Transicin Energtica y a la Promocin de Inversiones en el Sector Energtico de Ecuador  II"
XI-IATI-IADB-EC-L1301,XI-IATI-IADB,Inter-American Development Bank,40,Multilateral,0,1,A02_sector,1,0,4,Closed,"EN: Institution-Strengthening Program to Prevent and Respond to Violence and Crime in Ecuador (IS-PREVIC), ES: Programa de Fortalecimiento Institucional para la Prevencin y Respuesta a la Violencia y la Criminalidad en el Ecuador FI-PREVIC"
XI-IATI-IADB-EC-L1310,XI-IATI-IADB,Inter-American Development Bank,40,Multilateral,0,1,A02_sector,1,0,4,Closed,"EN: Program to Improve Macrofiscal Stability and Help Boost Growth in Ecuador, ES: Programa para Mejorar la Estabilidad Macro Fiscal y Contribuir a Impulsar el Crecimiento en Ecuador"
XI-IATI-IADB-EC-U0005,XI-IATI-IADB,Inter-American Development Bank,40,Multilateral,0,1,A02_sector,1,0,2,Implementation,"EN: Sustainable Development and Biodiversity Program in Ecuador, ES: Programa para el Desarrollo Sostenible y la Biodiversidad en Ecuador"
XI-IATI-IADB-EC-U0007,XI-IATI-IADB,Inter-American Development Bank,40,Multilateral,0,1,A02_sector,1,0,2,Implementation,"EN: Guarantee for the Sustainable Development and Biodiversity Program in Ecuador II, ES: Garanta para el Programa para el Desarrollo Sostenible y la Biodiversidad en Ecuador II"
XI-IATI-IADB-ES-L1093,XI-IATI-IADB,Inter-American Development Bank,40,Multilateral,0,1,A02_sector,1,0,4,Closed,"EN: Fiscal Strengthening for Inclusive Growth, ES: Fortalecimiento Fiscal para el Crecimiento Inclusivo"
XI-IATI-IADB-ES-L1137,XI-IATI-IADB,Inter-American Development Bank,40,Multilateral,0,1,A02_sector,1,0,4,Closed,"EN: Fiscal Strengthening for Inclusive Growth II, ES: Fortalecimiento Fiscal para el Crecimiento Inclusivo II"
XI-IATI-IADB-ES-L1143,XI-IATI-IADB,Inter-American Development Bank,40,Multilateral,0,1,A02_sector,1,0,4,Closed,"EN: Program to Strengthen Public Policy and Fiscal Management in Response to the Health and Economic Crises caused by COVID-19 in El Salvador, ES: Programa de Fortalecimiento de la Poltica Pblica y Gestin Fiscal para la Atencin de la Crisis Sanitaria y Econmica causada por el COVID-19 en El Salvador"
XI-IATI-IADB-GU-L1085,XI-IATI-IADB,Inter-American Development Bank,40,Multilateral,0,1,A02_sector,1,0,4,Closed,"EN: Improvement Allocation and Effectiveness of Social Spending Program, ES: Programa de Mejora en la Asignacin y Efectividad del Gasto Social"
XI-IATI-IADB-GU-L1096,XI-IATI-IADB,Inter-American Development Bank,40,Multilateral,0,1,A02_sector,1,0,4,Closed,"EN: Tax Management and Transparency Program, ES: Programa de Administracin Tributaria y Transparencia"
XI-IATI-IADB-GU-L1183,XI-IATI-IADB,Inter-American Development Bank,40,Multilateral,0,1,A02_sector,1,0,4,Closed,"EN: Support Program to Improve the Quality of Social Spending, ES: Programa de Apoyo a la Mejora de la Calidad del Gasto Social"
XI-IATI-IADB-GY-L1043,XI-IATI-IADB,Inter-American Development Bank,40,Multilateral,0,1,A02_sector,1,0,4,Closed,"EN: Strengthening of the Environment Sector II, ES: Fortalecimiento del Sector Ambiental II"
XI-IATI-IADB-GY-L1067,XI-IATI-IADB,Inter-American Development Bank,40,Multilateral,0,1,A02_sector,1,0,4,Closed,"EN: Strengthening the Energy Sector, ES: Fortalecimiento del Sector Energtico"
XI-IATI-IADB-GY-L1075,XI-IATI-IADB,Inter-American Development Bank,40,Multilateral,0,1,A02_sector,1,0,4,Closed,"EN: Program to Strengthen Public Policy and Fiscal Management in Response to the Health and Economic Crisis Caused by COVID-19 in Guyana, ES: Programa de Fortalecimiento de la Poltica Pblica y Gestin Fiscal para la Atencin de la Crisis Sanitaria y Econmica Causada por la COVID-19 en Guyana"
XI-IATI-IADB-GY-L1083,XI-IATI-IADB,Inter-American Development Bank,40,Multilateral,0,1,A02_sector,1,0,4,Closed,"EN: Program to Strengthen Public Policy and Fiscal Management in Response to the Health and Economic Crisis Caused by COVID-19 in Guyana II, ES: Programa de Fortalecimiento de la Poltica Pblica y Gestin Fiscal para la Atencin de la Crisis Sanitaria y Econmica Causada por la COVID-19 en Guyana II"
XI-IATI-IADB-GY-L1086,XI-IATI-IADB,Inter-American Development Bank,40,Multilateral,0,1,A02_sector,1,0,4,Closed,"EN: Support to Human Services in Guyana, ES: Apoyo a los Servicios Humanos en Guyana"
XI-IATI-IADB-GY-L1089,XI-IATI-IADB,Inter-American Development Bank,40,Multilateral,0,1,A02_sector,1,0,4,Closed,"EN: Support to Human Services in Guyana II, ES: Apoyo a los Servicios Humanos en Guyana II"
XI-IATI-IADB-HA-L1088,XI-IATI-IADB,Inter-American Development Bank,40,Multilateral,0,1,A02_sector,1,0,4,Closed,"EN: Institutional Strengthening and Reform of the Transport Sector I, ES: Fortalecimiento Institucional y Reforma del Sector Transporte I"
XI-IATI-IADB-HA-L1090,XI-IATI-IADB,Inter-American Development Bank,40,Multilateral,0,1,A02_sector,1,0,4,Closed,"EN: Institutional Strengthening and Reform of the Water  Sanitation Sector, ES: Fortalecimiento Institucional y Reforma del Sector Agua y Saneamiento"
XI-IATI-IADB-HA-L1099,XI-IATI-IADB,Inter-American Development Bank,40,Multilateral,0,1,A02_sector,1,0,4,Closed,"EN: Institutional Strengthening and Reform of the Transport Sector II, ES: Fortalecimiento Institucional y Reforma del Sector Transporte II"
XI-IATI-IADB-HO-L1070,XI-IATI-IADB,Inter-American Development Bank,40,Multilateral,0,1,A02_sector,1,0,4,Closed,"EN: Programmatic Support to the Power Sector Reforms Agenda, ES: Apoyo Programtico a la Agenda de Reformas del Sector Elctrico"
XI-IATI-IADB-HO-L1103,XI-IATI-IADB,Inter-American Development Bank,40,Multilateral,0,1,A02_sector,1,0,4,Closed,"EN: Fiscal Consolidation Support Program, ES: Programa de Apoyo a la Consolidacin Fiscal"
XI-IATI-IADB-HO-L1118,XI-IATI-IADB,Inter-American Development Bank,40,Multilateral,0,1,A02_sector,1,0,4,Closed,"EN: Programmatic Support for Structural Reforms in the Electricity Sector, ES: Apoyo Programtico a Reformas del Sector Elctrico Segundo Prstamo"
XI-IATI-IADB-HO-L1182,XI-IATI-IADB,Inter-American Development Bank,40,Multilateral,0,1,A02_sector,1,0,4,Closed,"EN: Program to Support Health Sector Reform., ES: Programa de Apoyo a la Reforma del Sector Salud"
XI-IATI-IADB-HO-L1189,XI-IATI-IADB,Inter-American Development Bank,40,Multilateral,0,1,A02_sector,1,0,4,Closed,"EN: Programmatic Support for Structural Reforms in the Electricity Sector. Third Loan, ES: Apoyo Programtico a Reformas Estructurales del Sector Elctrico. Tercer Prstamo"
XI-IATI-IADB-HO-L1193,XI-IATI-IADB,Inter-American Development Bank,40,Multilateral,0,1,A02_sector,1,0,4,Closed,"EN: Program to Support Social Protection Reforms, ES: Programa de Apoyo a Reformas en Proteccin Social"
XI-IATI-IADB-HO-L1198,XI-IATI-IADB,Inter-American Development Bank,40,Multilateral,0,1,A02_sector,1,0,4,Closed,"EN: HONDURAS TRANSPORTATION AND FREIGHT LOGISTICS SECTOR REFORM Program, ES: Programa de Reformas del Sector Transporte y Logstica de Carga de Honduras"
XI-IATI-IADB-HO-L1204,XI-IATI-IADB,Inter-American Development Bank,40,Multilateral,0,1,A02_sector,1,0,4,Closed,"EN: Program to Support Social Protection Reforms II, ES: Programa de Apoyo a Reformas en Proteccin Social II"
XI-IATI-IADB-HO-L1206,XI-IATI-IADB,Inter-American Development Bank,40,Multilateral,0,1,A02_sector,1,0,4,Closed,"EN: Honduras Transportation And Freight Logistics Sector Reform Program II, ES: Programa de Reformas del Sector Transporte y Logstica de Carga de Honduras II"
XI-IATI-IADB-HO-L1207,XI-IATI-IADB,Inter-American Development Bank,40,Multilateral,0,1,A02_sector,1,0,4,Closed,"EN: Central District Water and Sanitation Services Reform Program, ES: Programa de Reforma de los Servicios de Agua y Saneamiento en el Distrito Central"
XI-IATI-IADB-HO-L1219,XI-IATI-IADB,Inter-American Development Bank,40,Multilateral,0,1,A02_sector,1,0,4,Closed,"EN: Honduras Transportation and Freight Logistics Sector Reform Program III, ES: Programa de Reformas del Sector Transporte y Logstica de Carga de Honduras III"
XI-IATI-IADB-HO-L1229,XI-IATI-IADB,Inter-American Development Bank,40,Multilateral,0,1,A02_sector,1,0,4,Closed,"EN: Water and sanitation services reform program in Central District II, ES: Programa de reforma de los servicios de agua y saneamiento en el Distrito Central II"
XI-IATI-IADB-HO-L1232,XI-IATI-IADB,Inter-American Development Bank,40,Multilateral,0,1,A02_sector,1,0,4,Closed,"EN: Transparency and Integrity Program for Sustainable Development, ES: Programa de Transparencia e Integridad para el Desarrollo Sostenible"
XI-IATI-IADB-HO-L1248,XI-IATI-IADB,Inter-American Development Bank,40,Multilateral,0,1,A02_sector,1,0,4,Closed,"EN: Transparency and Integrity Program for Sustainable Development II, ES: Programa de Transparencia e Integridad para el Desarrollo Sostenible II"
XI-IATI-IADB-JA-L1014,XI-IATI-IADB,Inter-American Development Bank,40,Multilateral,0,1,A02_sector,1,0,4,Closed,"EN: Competitiveness Enhancement Program III, ES: Programa de Mejoramiento de la Competitividad III"
XI-IATI-IADB-JA-L1033,XI-IATI-IADB,Inter-American Development Bank,40,Multilateral,0,1,A02_sector,1,0,4,Closed,"EN: Support for Education Sector Reform III, ES: Apoyo a la Reforma del Sector Educativo III"
XI-IATI-IADB-JA-L1038,XI-IATI-IADB,Inter-American Development Bank,40,Multilateral,0,1,A02_sector,1,0,4,Closed,"EN: Fiscal Structural Program for Economic Growth, ES: Programa Fiscal para el Crecimiento Econmico"
XI-IATI-IADB-JA-L1051,XI-IATI-IADB,Inter-American Development Bank,40,Multilateral,0,1,A02_sector,1,0,4,Closed,"EN: Fiscal Structural Programme for Economic Growth II, ES: Programa Estructural Fiscal para el Crecimiento Econmico II"
XI-IATI-IADB-JA-L1055,XI-IATI-IADB,Inter-American Development Bank,40,Multilateral,0,1,A02_sector,1,0,4,Closed,"EN: Fiscal Structural Programme for Economic Growth III, ES: Programa Estructural Fiscal para el Crecimiento Econmico III"
XI-IATI-IADB-JA-L1058,XI-IATI-IADB,Inter-American Development Bank,40,Multilateral,0,1,A02_sector,1,0,4,Closed,"EN: Financial System Reform Support Programme, ES: Programa de Apoyo a la Reforma del Sistema Financiero"
XI-IATI-IADB-JA-L1078,XI-IATI-IADB,Inter-American Development Bank,40,Multilateral,0,1,A02_sector,1,0,4,Closed,"EN: Support to the Public Sector Transformation Programme, ES: Apoyo al Programa de Transformacin del Sector Pblico"
XI-IATI-IADB-JA-L1080,XI-IATI-IADB,Inter-American Development Bank,40,Multilateral,0,1,A02_sector,1,0,4,Closed,"EN: Support for the Health Systems Strengthening for the Prevention and Care Management of Non-Communicable Diseases Programme, ES: Programa de Apoyo al Fortalecimiento de los Sistemas de Salud para la Prevencin y el Tratamiento de las Enfermedades No Transmisibles"
XI-IATI-IADB-JA-L1086,XI-IATI-IADB,Inter-American Development Bank,40,Multilateral,0,1,A02_sector,1,0,4,Closed,"EN: Support for the Health Systems Strengthening for the Prevention and Care Management of Non-Communicable Diseases Programme II., ES: Programa de Apoyo al Fortalecimiento de los Sistemas de Salud para la Prevencin y el Tratamiento de Enfermedades No Transmisibles II."
XI-IATI-IADB-JA-L1087,XI-IATI-IADB,Inter-American Development Bank,40,Multilateral,0,1,A02_sector,1,0,4,Closed,"EN: Strengthening Fiscal Policy and Management Programme to Respond to the Public Health Crisis and Economic Effects of COVID-19 in Jamaica, ES: Programa de Fortalecimiento de la Poltica y Gestin Fiscales para Responder a la Crisis de Salud Pblica y los Efectos Econmicos causados por la COVID-19 en Jamaica"
XI-IATI-IADB-JA-L1088,XI-IATI-IADB,Inter-American Development Bank,40,Multilateral,0,1,A02_sector,1,0,4,Closed,"EN: Strengthening Fiscal Policy and Management Programme to Respond to the Public Health Crisis and Economic Effects of COVID-19 in Jamaica II, ES: . Segunda Operacin en el Marco del Programa de Fortalecimiento de la Poltica y Gestin Fiscales para Responder a la Crisis de Salud Pblica y los Efectos Econmicos Causados por la COVID-19 en Jamaica"
XI-IATI-IADB-ME-L1144,XI-IATI-IADB,Inter-American Development Bank,40,Multilateral,0,1,A02_sector,1,0,4,Closed,"EN: Strenghthening the Public Finance Program, ES: Programa de Fortalecimiento de las Finanzas Pblicas"
XI-IATI-IADB-ME-L1186,XI-IATI-IADB,Inter-American Development Bank,40,Multilateral,0,1,A02_sector,1,0,4,Closed,"EN: Program to Boost Productivity in Mexico II, ES: Programa para Impulsar la Productividad en Mxico II"
XI-IATI-IADB-ME-L1189,XI-IATI-IADB,Inter-American Development Bank,40,Multilateral,0,1,A02_sector,1,0,4,Closed,"EN: Public Finance Strengthening Program II, ES: Programa de Fortalecimiento de las Finanzas Pblicas II"
XI-IATI-IADB-ME-L1253,XI-IATI-IADB,Inter-American Development Bank,40,Multilateral,0,1,A02_sector,1,0,4,Closed,"EN: Program to Strengthen Fiscal Management in Federative Entities and Municipios, ES: Programa de Fortalecimiento de la Gestin Hacendaria de Entidades Federativas y Municipios"
XI-IATI-IADB-ME-L1264,XI-IATI-IADB,Inter-American Development Bank,40,Multilateral,0,1,A02_sector,1,0,4,Closed,"EN: Program to Support the Implementation and Strengthening of the Energy Reform, ES: Programa de Apoyo a la Implementacin y Fortalecimiento de la Reforma Energtica"
XI-IATI-IADB-ME-L1266,XI-IATI-IADB,Inter-American Development Bank,40,Multilateral,0,1,A02_sector,1,0,4,Closed,"EN: Program to Strengthen Urban Development and Land-use Management Reform, ES: Programa de Fortalecimiento para la Reforma del Desarrollo Urbano y el Ordenamiento Territorial"
XI-IATI-IADB-ME-L1276,XI-IATI-IADB,Inter-American Development Bank,40,Multilateral,0,1,A02_sector,1,0,4,Closed,"EN: Program to Strengthen Fiscal Management in States and Municipios II, ES: Programa de Fortalecimiento de la Gestin Hacendaria de Estados y Municipios II"
XI-IATI-IADB-ME-L1289,XI-IATI-IADB,Inter-American Development Bank,40,Multilateral,0,1,A02_sector,1,0,4,Closed,"EN: Program to Improve the Quality of Employment in Mexico, ES: Programa para Mejorar la Calidad del Empleo en Mxico"
XI-IATI-IADB-ME-L1294,XI-IATI-IADB,Inter-American Development Bank,40,Multilateral,0,1,A02_sector,1,0,4,Closed,"EN: Strengthening Program for Urban Development Reform and Territorial Planning II, ES: Programa de Fortalecimiento para la Reforma del Desarrollo Urbano y Ordenamiento Territorial II"
XI-IATI-IADB-ME-L1299,XI-IATI-IADB,Inter-American Development Bank,40,Multilateral,0,1,A02_sector,1,0,4,Closed,"EN: Public Management and Transparency for Competitiveness, ES: Gestin Pblica y Transparencia para la Competitividad"
XI-IATI-IADB-ME-L1315,XI-IATI-IADB,Inter-American Development Bank,40,Multilateral,0,1,A02_sector,1,0,4,Closed,"EN: Program to Improve the Pension System in Mexico, ES: Programa de Mejoramiento del Sistema de Pensiones en Mxico"
XI-IATI-IADB-ME-L1322,XI-IATI-IADB,Inter-American Development Bank,40,Multilateral,0,1,A02_sector,1,0,4,Closed,"EN: Public Management and Transparency for Competitiveness Program II, ES: Programa de Gestin Pblica y Transparencia para la Competitividad II"
XI-IATI-IADB-ME-L1331,XI-IATI-IADB,Inter-American Development Bank,40,Multilateral,0,1,A02_sector,1,0,4,Closed,"EN: Program to support safe, inclusive and sustainable mobility in Mexico, ES: Programa de apoyo a la movilidad segura, inclusiva y sostenible en Mxico"
XI-IATI-IADB-ME-L1332,XI-IATI-IADB,Inter-American Development Bank,40,Multilateral,0,1,A02_sector,1,0,4,Closed,"EN: Program to reduce the economic vulnerability of Older Adults in Mexico, ES: Programa para reducir la vulnerabilidad economica de los adultos mayores en Mexico"
XI-IATI-IADB-ME-L1341,XI-IATI-IADB,Inter-American Development Bank,40,Multilateral,0,1,A02_sector,1,0,4,Closed,"EN: Program to Improve the Quality of Employment in Mexico II, ES: Programa Para mejorar la Calidad del Empleo en Mxico II"
XI-IATI-IADB-NI-L1079,XI-IATI-IADB,Inter-American Development Bank,40,Multilateral,0,1,A02_sector,1,0,4,Closed,"EN: Support to competitiveness and productive chains program, ES: Programa de apoyo a la competitividad y encadenamientos productivos"
XI-IATI-IADB-NI-L1089,XI-IATI-IADB,Inter-American Development Bank,40,Multilateral,0,1,A02_sector,1,0,4,Closed,"EN: Program to Strengthen the Electricity Sector in Nicaragua Second Loan, ES: Programa para Fortalecer el Sector Elctrico en Nicaragua Segundo Prstamo"
XI-IATI-IADB-NI-L1096,XI-IATI-IADB,Inter-American Development Bank,40,Multilateral,0,1,A02_sector,1,0,4,Closed,"EN: Program to Improve Productivity in Nicaragua II, ES: Programa de Mejora de la Productividad en Nicaragua II"
XI-IATI-IADB-NI-L1144,XI-IATI-IADB,Inter-American Development Bank,40,Multilateral,0,1,A02_sector,1,0,4,Closed,"EN: Program to Strengthen the Electricity Sector in Nicaragua III, ES: Programa para Fortalecer el Sector Elctrico en Nicaragua III"
XI-IATI-IADB-PE-L1099,XI-IATI-IADB,Inter-American Development Bank,40,Multilateral,0,1,A02_sector,1,0,4,Closed,"EN: Program to Improve Productivity and Competitiveness III, ES: Programtico para la Mejora de la Productividad y la Competitividad III"
XI-IATI-IADB-PE-L1138,XI-IATI-IADB,Inter-American Development Bank,40,Multilateral,0,1,A02_sector,1,0,4,Closed,"EN: Program to Reduce the Vulnerability of the State to Disasters III, ES: Programa de Reduccin de Vulnerabilidad del Estado ante Desastres III"
XI-IATI-IADB-PE-L1140,XI-IATI-IADB,Inter-American Development Bank,40,Multilateral,0,1,A02_sector,1,0,4,Closed,"EN: Proposal for a Loan for Second Generation Sanitation Sector Reform Program III, ES: Programa de Segunda Generacin de Reformas del Sector Saneamiento III"
XI-IATI-IADB-PE-L1154,XI-IATI-IADB,Inter-American Development Bank,40,Multilateral,0,1,A02_sector,1,0,4,Closed,"EN: Results Management Program For Social Inclusion II, ES: Programa de Gestion de Resultados para la Inclusion Social II"
XI-IATI-IADB-PE-L1169,XI-IATI-IADB,Inter-American Development Bank,40,Multilateral,0,1,A02_sector,1,0,4,Closed,"EN: Improving Management for Universal Health Coverage Program I, ES: Programa de Modernizacin de la Gestin para la Cobertura Universal de Salud I"
XI-IATI-IADB-PE-L1223,XI-IATI-IADB,Inter-American Development Bank,40,Multilateral,0,1,A02_sector,1,0,4,Closed,"EN: Program supporting reforms to increase productivity in Peru, ES: Programa de acompaamiento a las reformas para incrementar la productividad en el Per"
XI-IATI-IADB-PE-L1244,XI-IATI-IADB,Inter-American Development Bank,40,Multilateral,0,1,A02_sector,1,0,4,Closed,"EN: Program to improve Productivity and Competitiveness, ES: Programa de Mejoramiento de la Productividad y Competitividad"
XI-IATI-IADB-PE-L1261,XI-IATI-IADB,Inter-American Development Bank,40,Multilateral,0,1,A02_sector,1,0,4,Closed,"EN: Reform Program to Support Economic Recovery and Competitiveness, ES: Programa de Reformas en Apoyo a la Reactivacin Econmica y a la Competitividad"
XI-IATI-IADB-PE-L1262,XI-IATI-IADB,Inter-American Development Bank,40,Multilateral,0,1,A02_sector,1,0,4,Closed,"EN: Program to support social policies to protect vulnerable population in Peru, ES: Programa para mejorar las polticas sociales que protegen a la poblacin vulnerable en el Per"
XI-IATI-IADB-PE-L1267,XI-IATI-IADB,Inter-American Development Bank,40,Multilateral,0,1,A02_sector,1,0,4,Closed,"EN: Program to Support Fiscal and Economic Recovery in Peru, ES: Programa de Apoyo a la Recuperacin Fiscal y Econmica de Per"
XI-IATI-IADB-PE-L1276,XI-IATI-IADB,Inter-American Development Bank,40,Multilateral,0,1,A02_sector,1,0,4,Closed,"EN: Program to Improve Productivity and Competitiveness II, ES: Programa de Mejoramiento de la Productividad y Competitividad II"
XI-IATI-IADB-PE-L1283,XI-IATI-IADB,Inter-American Development Bank,40,Multilateral,0,1,A02_sector,1,0,4,Closed,"EN: Reform Program to Support Economic Recovery and Competitiveness II, ES: Programa de Reformas en Apoyo a la Reactivacin Econmica y a la Competitividad II"
XI-IATI-IADB-PE-L1303,XI-IATI-IADB,Inter-American Development Bank,40,Multilateral,0,1,A02_sector,1,0,4,Closed,"EN: Program to Improve Fiscal Policy Efficiency for Promoting Growth, ES: Programa de Mejora a la Eficiencia de la Poltica Fiscal para Impulsar el Crecimiento"
XI-IATI-IADB-PN-L1100,XI-IATI-IADB,Inter-American Development Bank,40,Multilateral,0,1,A02_sector,1,0,4,Closed,"EN: Program for Stability and Fiscal and Financial Transparency, ES: Programa para la Estabilidad y Transparencia Fiscal y Financiera"
XI-IATI-IADB-PN-L1103,XI-IATI-IADB,Inter-American Development Bank,40,Multilateral,0,1,A02_sector,1,0,4,Closed,"EN: Program for Transparency and Equity Spending on Social Protection I, ES: Programa de Transparencia y Equidad del Gasto En Proteccin Social I"
XI-IATI-IADB-PN-L1110,XI-IATI-IADB,Inter-American Development Bank,40,Multilateral,0,1,A02_sector,1,0,4,Closed,"EN: Support For Panama's Transport and Logistics Sector Reform Program, ES: Apoyo al Programa de Reformas del Sector Trasporte y Logstica de Panam"
XI-IATI-IADB-PN-L1118,XI-IATI-IADB,Inter-American Development Bank,40,Multilateral,0,1,A02_sector,1,0,4,Closed,"EN: PROGRAM FOR TRANSPARENCY AND EQUITY IN SPENDING ON SOCIAL PROTECTION II, ES: PROGRAMA DE TRANSPARENCIA Y EQUIDAD DEL GASTO EN PROTECCIN SOCIAL II"
XI-IATI-IADB-PN-L1119,XI-IATI-IADB,Inter-American Development Bank,40,Multilateral,0,1,A02_sector,1,0,4,Closed,"EN: Support For Panama's Transport and Logistics Sector Reform Program II, ES: Apoyo al Programa de Reformas del Sector Transporte y Logstica de Panam II"
XI-IATI-IADB-PN-L1145,XI-IATI-IADB,Inter-American Development Bank,40,Multilateral,0,1,A02_sector,1,0,4,Closed,"EN: Public Utilities Sustainable Development Support Program, ES: Programa de Apoyo al Desarrollo Sostenible de los Servicios Publicos"
XI-IATI-IADB-PN-L1149,XI-IATI-IADB,Inter-American Development Bank,40,Multilateral,0,1,A02_sector,1,0,4,Closed,"EN: Economic Diversification and Competitiveness Promotion Program, ES: Programa de Promocin de la Competitividad y la Diversificacin Econmica"
XI-IATI-IADB-PN-L1151,XI-IATI-IADB,Inter-American Development Bank,40,Multilateral,0,1,A02_sector,1,0,4,Closed,"EN: Support For Panama's Transport and Logistics Sector Reform Program III, ES: Apoyo al Programa de Reformas del Sector Transporte y Logstica de Panam III"
XI-IATI-IADB-PN-L1152,XI-IATI-IADB,Inter-American Development Bank,40,Multilateral,0,1,A02_sector,1,0,4,Closed,"EN: Program for Transparency and Equity in Spending on Social Protection III, ES: Programa de Transparencia y Equidad del Gasto en Proteccin Social III"
XI-IATI-IADB-PN-L1156,XI-IATI-IADB,Inter-American Development Bank,40,Multilateral,0,1,A02_sector,1,0,4,Closed,"EN: Program to support gender equality policies, ES: Programa de apoyo a las polticas de igualdad de gnero"
XI-IATI-IADB-PN-L1159,XI-IATI-IADB,Inter-American Development Bank,40,Multilateral,0,1,A02_sector,1,0,4,Closed,"EN: Support Program for Reforms in the Water, Sanitation and Energy Sectors II, ES: Programa de Apoyo a las Reformas de los Sectores de Agua, Saneamiento y Energa II"
XI-IATI-IADB-PN-L1162,XI-IATI-IADB,Inter-American Development Bank,40,Multilateral,0,1,A02_sector,1,0,4,Closed,"EN: Program to support gender equality policies II, ES: Programa de apoyo a polticas de igualdad de gnero II"
XI-IATI-IADB-PN-L1167,XI-IATI-IADB,Inter-American Development Bank,40,Multilateral,0,1,A02_sector,1,0,4,Closed,"EN: Economic Diversification and Competitiveness Promotion Program II, ES: Programa de Promocin de la Competitividad y la Diversificacin Econmica II"
XI-IATI-IADB-PN-L1175,XI-IATI-IADB,Inter-American Development Bank,40,Multilateral,0,1,A02_sector,1,0,4,Closed,"EN: Program to Strengthen Competitiveness and Improve the Sustainability, Inclusivity and Resilience of the Panamanian Tourism Sector, ES: Programa para Impulsar la Competitividad y Mejorar la Sostenibilidad, Inclusividad y Resiliencia del Sector Turstico Panameo"
XI-IATI-IADB-PN-L1178,XI-IATI-IADB,Inter-American Development Bank,40,Multilateral,0,1,A02_sector,1,0,4,Closed,"EN: Program to Support the Strengthening of the Social Protection System, ES: Apoyo al Fortalecimiento del Sistema de Proteccin Social de Panam"
XI-IATI-IADB-PN-L1181,XI-IATI-IADB,Inter-American Development Bank,40,Multilateral,0,1,A02_sector,1,0,4,Closed,"EN: Program to Support a Fair, Clean and Sustainable Energy Transition I, ES: Programa de Apoyo a una Transicin Energtica Justa, Limpia y Sostenible I"
XI-IATI-IADB-PN-L1193,XI-IATI-IADB,Inter-American Development Bank,40,Multilateral,0,1,A02_sector,1,0,4,Closed,"EN: Program for the Improvement of the Social Security Fund Pension System in Panama, ES: Programa de mejoramiento del sistema de pensiones de la Caja del Seguro Social en Panam"
XI-IATI-IADB-PR-L1101,XI-IATI-IADB,Inter-American Development Bank,40,Multilateral,0,1,A02_sector,1,0,4,Closed,"EN: Public Investment Management Program, ES: Programa de Gestin de Inversin Pblica"
XI-IATI-IADB-PR-L1144,XI-IATI-IADB,Inter-American Development Bank,40,Multilateral,0,1,A02_sector,1,0,4,Closed,"EN: Paraguay Productive: Transparency and Financing, ES: Paraguay Productivo: Transparencia y Financiamiento"
XI-IATI-IADB-PR-L1151,XI-IATI-IADB,Inter-American Development Bank,40,Multilateral,0,1,A02_sector,1,0,4,Closed,"EN: Public finance for sustainable development, ES: Finanzas pblicas para el desarrollo sostenible"
XI-IATI-IADB-PR-L1161,XI-IATI-IADB,Inter-American Development Bank,40,Multilateral,0,1,A02_sector,1,0,4,Closed,"EN: Program to Support the Transparency Agenda in Paraguay, ES: Programa de Apoyo a la Agenda de Transparencia en Paraguay"
XI-IATI-IADB-PR-L1163,XI-IATI-IADB,Inter-American Development Bank,40,Multilateral,0,1,A02_sector,1,0,4,Closed,"EN: Public Policy Support Program for the New Economy, ES: Programa de Apoyo a Politicas Pblicas para la Nueva Economa"
XI-IATI-IADB-PR-L1175,XI-IATI-IADB,Inter-American Development Bank,40,Multilateral,0,1,A02_sector,1,0,4,Closed,"EN: Program for Strengthening Public Policy and Fiscal Management for the Response to the Sanitary and Economic Crisis Caused by COVID-19 in Paraguay, ES: Programa de Fortalecimiento de la Poltica Pblica y Gestin Fiscal para la Atencin de la Crisis Sanitaria y Econmica Causada por el COVID-19 en Paraguay"
XI-IATI-IADB-PR-L1177,XI-IATI-IADB,Inter-American Development Bank,40,Multilateral,0,1,A02_sector,1,0,4,Closed,"EN: Program to Support Transformation of the Public Sector, ES: Programa de Apoyo a la Transformacin del Estado"
XI-IATI-IADB-PR-L1179,XI-IATI-IADB,Inter-American Development Bank,40,Multilateral,0,1,A02_sector,1,0,4,Closed,"EN: Program to Strengthen Fiscal Policy and Management in Response to the Health and Economic Crisis Caused by COVID 19 in Paraguay II, ES: Programa de Fortalecimiento de la Poltica y Gestin Fiscal para la Atencin de la Crisis Sanitaria y Econmica Causada por el COVID-19 en Paraguay II"
XI-IATI-IADB-PR-L1180,XI-IATI-IADB,Inter-American Development Bank,40,Multilateral,0,1,A02_sector,1,0,4,Closed,"EN: Program to Support the Transparency Agenda in Paraguay II, ES: Programa de Apoyo a la Agenda de Transparencia en Paraguay II"
XI-IATI-IADB-PR-L1185,XI-IATI-IADB,Inter-American Development Bank,40,Multilateral,0,1,A02_sector,1,0,4,Closed,"EN: Program to Support Transformation of the Public Sector II, ES: Programa de Apoyo a la Transformacin del Estado II"
XI-IATI-IADB-SU-L1033,XI-IATI-IADB,Inter-American Development Bank,40,Multilateral,0,1,A02_sector,1,0,4,Closed,"EN: Modernization of Agricultural Public Services - I, ES: Modernizacin de la Gestin de Servicios Pblicos Agropecuarios - I"
XI-IATI-IADB-SU-L1036,XI-IATI-IADB,Inter-American Development Bank,40,Multilateral,0,1,A02_sector,1,0,4,Closed,"EN: Support to the Institutional and Operational Strengthening of the Energy Sector III, ES: Apoyo al Fortalecimiento Institucional y Operacional del Sector Energtico III"
XI-IATI-IADB-SU-L1043,XI-IATI-IADB,Inter-American Development Bank,40,Multilateral,0,1,A02_sector,1,0,4,Closed,"EN: Business Climate and Innovation Program I (SUBCIP-I), ES: Programa de Apoyo al Entorno de Negocios e Innovacion (SUBCIP-I)"
XI-IATI-IADB-SU-L1065,XI-IATI-IADB,Inter-American Development Bank,40,Multilateral,0,1,A02_sector,1,0,4,Closed,"EN: Fiscal Sustainability Program for Economic Development I, ES: Programa de Sostenibilidad Fiscal para el Desarrollo Econmico I"
XI-IATI-IADB-SU-L1066,XI-IATI-IADB,Inter-American Development Bank,40,Multilateral,0,1,A02_sector,1,0,4,Closed,"EN: Fiscal Sustainability Program for Economic Development II, ES: Programa de Sostenibilidad Fiscal para el Desarrollo Econmico II"
XI-IATI-IADB-SU-L1075,XI-IATI-IADB,Inter-American Development Bank,40,Multilateral,0,1,A02_sector,1,0,4,Closed,"EN: Support to Public Management and Transparency Policies in Suriname, ES: Apoyo a las Polticas de Gestin Pblica y Transparencia en Suriname"
XI-IATI-IADB-TT-L1058,XI-IATI-IADB,Inter-American Development Bank,40,Multilateral,0,1,A02_sector,1,0,4,Closed,"EN: Programme to Strengthen Fiscal Policy and Management in Response to the Health and Economic Crisis Caused by COVID-19 in Trinidad and Tobago, ES: Programa de Fortalecimiento de la Poltica y la Gestin Fiscales para la Atencin de la Crisis Sanitaria y Econmica Causada por la COVID-19 en Trinidad y Tobago"
XI-IATI-IADB-UR-L1076,XI-IATI-IADB,Inter-American Development Bank,40,Multilateral,0,1,A02_sector,1,0,4,Closed,"EN: Program for Strategic International Positioning, ES: Programa de Posicionamiento Estratgico Internacional"
XI-IATI-IADB-UR-L1097,XI-IATI-IADB,Inter-American Development Bank,40,Multilateral,0,1,A02_sector,1,0,4,Closed,"EN: Program for Strategic International Positioning II, ES: Programa de Posicionamiento Estratgico Internacional II"
XI-IATI-IADB-UR-L1106,XI-IATI-IADB,Inter-American Development Bank,40,Multilateral,0,1,A02_sector,1,0,4,Closed,"EN: Program for Strategic International Positioning III, ES: Programa de Posicionamiento Estratgico Internacional III"
XI-IATI-IADB-UR-L1108,XI-IATI-IADB,Inter-American Development Bank,40,Multilateral,0,1,A02_sector,1,0,4,Closed,"EN: Financial System Reform Support Program, ES: Programa de Apoyo a la Reforma del Sistema Financiero"
XI-IATI-IADB-UR-L1140,XI-IATI-IADB,Inter-American Development Bank,40,Multilateral,0,1,A02_sector,1,0,4,Closed,"EN: Investment, Trade and Innovation Framework Modernization Program, ES: Programa de Modernizacin del Marco de Inversin, Comercio e Innovacin"
XI-IATI-IADB-UR-L1156,XI-IATI-IADB,Inter-American Development Bank,40,Multilateral,0,1,A02_sector,1,0,4,Closed,"EN: Investment, Trade and Innovation Framework Modernization Program II, ES: Programa de Modernizacin del Marco de Inversin, Comercio e Innovacin - II"
XI-IATI-IADB-UR-L1170,XI-IATI-IADB,Inter-American Development Bank,40,Multilateral,0,1,A02_sector,1,0,4,Closed,"EN: Program for Strengthening Public Policy and Fiscal Management to Address the Health and Economic Crisis Caused by COVID-19 in Uruguay, ES: Programa de Fortalecimiento de la Poltica y Gestin Fiscal para la Atencin de la Crisis Sanitaria y Econmica causada por el COVID-19 en Uruguay"
XI-IATI-IADB-UR-L1175,XI-IATI-IADB,Inter-American Development Bank,40,Multilateral,0,1,A02_sector,1,0,4,Closed,"EN: Program to Strengthen Public Policy and Fiscal Management in Response to the Health and Economic Crisis Caused by COVID-19 In Uruguay II, ES: Programa de Fortalecimiento de la Poltica Pblica y Gestin Fiscal para la Atencin de la Crisis Sanitaria y Econmica Causada por el COVID-19 en Uruguay II"
XI-IATI-IADB-UR-L1186,XI-IATI-IADB,Inter-American Development Bank,40,Multilateral,0,1,A02_sector,1,0,4,Closed,"EN: Program to modernize the regulatory framework for internationalization, ES: Programa de Modernizacin del Marco Regulatorio para la Internacionalizacin"
XI-IATI-IADB-UR-L1195,XI-IATI-IADB,Inter-American Development Bank,40,Multilateral,0,1,A02_sector,1,0,4,Closed,"EN: Program to Support Policy Reform in Water Resources and Solid Waste, ES: Programa de Apoyo a Reforma de Polticas en Recursos Hdricos y Residuos Slidos"
XI-IATI-IADB-UR-L1199,XI-IATI-IADB,Inter-American Development Bank,40,Multilateral,0,1,A02_sector,1,0,4,Closed,"EN: Innovation to Support the Energy Transition and Climate Action in Uruguay, ES: Innovacin para Apoyar la Transicin Energtica y Accin Climtica en Uruguay ."
XI-IATI-IADB-UR-L1207,XI-IATI-IADB,Inter-American Development Bank,40,Multilateral,0,1,A02_sector,1,0,2,Implementation,"EN: Program to Support Policy Reform in Water Resources and Solid Waste II, ES: Programa de Apoyo a Reforma de Polticas en Recursos Hdricos y Residuos Slidos II"
XI-IATI-NSO-G4AW13009,XI-IATI-NSO,Netherlands Space Office,10,Bilateral,0,1,A02_sector,1,0,2,Implementation,G4INDO Indonesia
XI-IATI-NSO-G4AW13011,XI-IATI-NSO,Netherlands Space Office,10,Bilateral,0,1,A02_sector,1,0,2,Implementation,GIACIS Ethiopia
XI-IATI-NSO-G4AW14002,XI-IATI-NSO,Netherlands Space Office,10,Bilateral,0,1,A02_sector,1,0,2,Implementation,Sat4Rice Vietnam
XI-IATI-NSO-G4AW14007,XI-IATI-NSO,Netherlands Space Office,10,Bilateral,0,1,A02_sector,1,0,2,Implementation,STAMP Mali
XI-IATI-NSO-G4AW14010,XI-IATI-NSO,Netherlands Space Office,10,Bilateral,0,1,A02_sector,1,0,2,Implementation,IDSS - NSO
XI-IATI-NSO-G4AW14011,XI-IATI-NSO,Netherlands Space Office,10,Bilateral,0,1,A02_sector,1,0,2,Implementation,MODHEM Burkina Faso
XI-IATI-NSO-G4AW14016,XI-IATI-NSO,Netherlands Space Office,10,Bilateral,0,1,A02_sector,1,0,2,Implementation,R4A South Africa
XI-IATI-NSO-G4AW14020,XI-IATI-NSO,Netherlands Space Office,10,Bilateral,0,1,A02_sector,1,0,2,Implementation,"Geodatics Kenya, Tanzania"
XI-IATI-NSO-G4AW16001,XI-IATI-NSO,Netherlands Space Office,10,Bilateral,0,1,A02_sector,1,0,2,Implementation,SIKIA Tanzania
XI-IATI-NSO-G4AW16002,XI-IATI-NSO,Netherlands Space Office,10,Bilateral,0,1,A02_sector,1,0,2,Implementation,GREENcoffee Vietnam
XI-IATI-NSO-G4AW16003,XI-IATI-NSO,Netherlands Space Office,10,Bilateral,0,1,A02_sector,1,0,2,Implementation,SMARTseeds Indonesia
XI-IATI-NSO-G4AW17002,XI-IATI-NSO,Netherlands Space Office,10,Bilateral,0,1,A02_sector,1,0,2,Implementation,Sat4Farming Ghana
XI-IATI-NSO-G4AW17003,XI-IATI-NSO,Netherlands Space Office,10,Bilateral,0,1,A02_sector,1,0,2,Implementation,Smart Agriculture Myanmar (SAM)
XI-IATI-NSO-G4AW17006,XI-IATI-NSO,Netherlands Space Office,10,Bilateral,0,1,A02_sector,1,0,2,Implementation,GAP4A Burundi
XI-IATI-NSO-G4AW17011,XI-IATI-NSO,Netherlands Space Office,10,Bilateral,0,1,A02_sector,1,0,2,Implementation,SpiceUp Indonesia
XI-IATI-NSO-G4AW17012,XI-IATI-NSO,Netherlands Space Office,10,Bilateral,0,1,A02_sector,1,0,2,Implementation,Angkor SALAD Cambodia
XI-IATI-NSO-G4AW17015,XI-IATI-NSO,Netherlands Space Office,10,Bilateral,0,1,A02_sector,1,0,2,Implementation,MYVAS4AGRI Myanmar
XI-IATI-NSO-G4AW19001,XI-IATI-NSO,Netherlands Space Office,10,Bilateral,0,1,A02_sector,1,0,2,Implementation,Sat4Business Ghana
XI-IATI-NSO-G4AW19002,XI-IATI-NSO,Netherlands Space Office,10,Bilateral,0,1,A02_sector,1,0,2,Implementation,Mavo Diami Angola
XM-DAC-21-1-2014B1MOZBSUP-MOZBUDSUP,XM-DAC-21-1,DFAT / Irish Aid,10,Bilateral,1,0,A01_general,0,1,4,Closed,Macro Economic Stability / Budget  Support - Payment to Government of Moz for GBS
XM-DAC-21-1-2015000108B1MOZBSUPMOZBUDSUP,XM-DAC-21-1,DFAT / Irish Aid,10,Bilateral,1,0,A01_general,0,1,4,Closed,Macro Economic Stability / Budget  Support 
XM-DAC-21-1-2015000211B1TANGBIPTANGBS,XM-DAC-21-1,DFAT / Irish Aid,10,Bilateral,1,0,A01_general,0,1,4,Closed,General Budget Support & Institutional Partnership 
XM-DAC-3-1-107049-16394,XM-DAC-3-1,"Ministry of Foreign Affairs, Denmark",10,Bilateral,1,0,A01_general,1,0,4,Closed,Appui macroéconomique
XM-DAC-3-1-114412-14709,XM-DAC-3-1,"Ministry of Foreign Affairs, Denmark",10,Bilateral,0,1,A02_sector,1,0,4,Closed,"Education for All, 2004-09"
XM-DAC-3-1-144397-20541,XM-DAC-3-1,"Ministry of Foreign Affairs, Denmark",10,Bilateral,1,0,A01_general,1,0,4,Closed,General Budget Support in Benin
XM-DAC-3-1-160285-21566,XM-DAC-3-1,"Ministry of Foreign Affairs, Denmark",10,Bilateral,0,1,A02_sector,1,0,4,Closed,LGSP: Support to Capacity Development
XM-DAC-3-1-172859-23033,XM-DAC-3-1,"Ministry of Foreign Affairs, Denmark",10,Bilateral,0,1,A02_sector,1,0,4,Closed,Support to the National Water and Sanitation Program
XM-DAC-3-1-174458-24297,XM-DAC-3-1,"Ministry of Foreign Affairs, Denmark",10,Bilateral,1,0,A01_general,1,0,4,Closed,General Budget Support Phase II
XM-DAC-3-1-185092-24540,XM-DAC-3-1,"Ministry of Foreign Affairs, Denmark",10,Bilateral,1,0,A01_general,1,0,4,Closed,General Budget Support
XM-DAC-3-1-187132-24323,XM-DAC-3-1,"Ministry of Foreign Affairs, Denmark",10,Bilateral,1,0,A01_general,1,0,4,Closed,General Budget Support
XM-DAC-3-1-191966-24982,XM-DAC-3-1,"Ministry of Foreign Affairs, Denmark",10,Bilateral,0,1,A02_sector,1,0,4,Closed,Good Governance
XM-DAC-3-1-204943-27743,XM-DAC-3-1,"Ministry of Foreign Affairs, Denmark",10,Bilateral,0,1,A02_sector,1,0,2,Implementation,Joint Water and Enviroment Programme
XM-DAC-3-1-209288-26075,XM-DAC-3-1,"Ministry of Foreign Affairs, Denmark",10,Bilateral,1,0,A01_general,1,0,4,Closed,General Budget Support
XM-DAC-3-1-209288-26078,XM-DAC-3-1,"Ministry of Foreign Affairs, Denmark",10,Bilateral,1,0,A01_general,1,0,4,Closed,unallocated
XM-DAC-3-1-229249-29282,XM-DAC-3-1,"Ministry of Foreign Affairs, Denmark",10,Bilateral,0,1,A02_sector,1,0,2,Implementation,Sector Budget Support to Economic Management and Fiscal Governance
XM-DAC-3-1-255454-30798,XM-DAC-3-1,"Ministry of Foreign Affairs, Denmark",10,Bilateral,1,0,A01_general,1,0,4,Closed,General Budget Support 2016-2020
XM-DAC-3-1-255454-31740,XM-DAC-3-1,"Ministry of Foreign Affairs, Denmark",10,Bilateral,1,0,A01_general,1,0,4,Closed,Public Financial Management 2018-2020
XM-DAC-3-1-255454-31741,XM-DAC-3-1,"Ministry of Foreign Affairs, Denmark",10,Bilateral,1,0,A01_general,1,0,4,Closed,"Audits, studies and reviews of General Budget Support 2016-20"
XM-DAC-3-1-49056-19443,XM-DAC-3-1,"Ministry of Foreign Affairs, Denmark",10,Bilateral,1,0,A01_general,1,0,4,Closed,Programme support for the implementation of Mozambique's poverty reduction strategy
XM-DAC-41111-106347,XM-DAC-41111,EN: United Nations Capital Development Fund (UNCDF),40,Multilateral,0,1,A02_sector,0,1,2,Implementation,DINU
XM-DAC-41111-110521,XM-DAC-41111,EN: United Nations Capital Development Fund (UNCDF),40,Multilateral,0,1,A02_sector,0,1,2,Implementation,AGREM
XM-DAC-41111-111465,XM-DAC-41111,EN: United Nations Capital Development Fund (UNCDF),40,Multilateral,0,1,A02_sector,0,1,2,Implementation,Somalia UNJPLG II
XM-DAC-41111-112392,XM-DAC-41111,EN: United Nations Capital Development Fund (UNCDF),40,Multilateral,0,1,A02_sector,0,1,2,Implementation,Somalia LIFT
XM-DAC-41111-113154,XM-DAC-41111,EN: United Nations Capital Development Fund (UNCDF),40,Multilateral,0,1,A02_sector,0,1,2,Implementation,Programme d'Appui à la Résilie
XM-DAC-41111-114278,XM-DAC-41111,EN: United Nations Capital Development Fund (UNCDF),40,Multilateral,0,1,A02_sector,0,1,2,Implementation,EN: Building Local Climate Resilience
XM-DAC-41111-118133,XM-DAC-41111,EN: United Nations Capital Development Fund (UNCDF),40,Multilateral,0,1,A02_sector,0,1,2,Implementation,Local Climate Adaptive Living
XM-DAC-41111-76452,XM-DAC-41111,EN: United Nations Capital Development Fund (UNCDF),40,Multilateral,0,1,A02_sector,0,1,2,Implementation,MAFIPP
XM-DAC-41111-88100,XM-DAC-41111,EN: United Nations Capital Development Fund (UNCDF),40,Multilateral,0,1,A02_sector,0,1,2,Implementation,BUR   RCIC BFFS
XM-DAC-41111-90014,XM-DAC-41111,EN: United Nations Capital Development Fund (UNCDF),40,Multilateral,0,1,A02_sector,0,1,2,Implementation,Local Climate Adaptive Living
XM-DAC-41111-90703,XM-DAC-41111,EN: United Nations Capital Development Fund (UNCDF),40,Multilateral,0,1,A02_sector,0,1,2,Implementation,Local Climate Adaptive Living
XM-DAC-41111-92034,XM-DAC-41111,EN: United Nations Capital Development Fund (UNCDF),40,Multilateral,0,1,A02_sector,0,1,2,Implementation,BUR PRCIC UNDP
XM-DAC-41111-95546,XM-DAC-41111,EN: United Nations Capital Development Fund (UNCDF),40,Multilateral,0,1,A02_sector,0,1,2,Implementation,Local Climate Adaptive Living
XM-DAC-41111-98569,XM-DAC-41111,EN: United Nations Capital Development Fund (UNCDF),40,Multilateral,0,1,A02_sector,0,1,2,Implementation,Somalia Multi Window Trust Fun
XM-DAC-46004-32312-013-LN2306,XM-DAC-46004,Asian Development Bank,40,Multilateral,1,0,A01_general,1,0,3,Finalisation,Basic Education Sector Development Program
XM-DAC-46004-32507-013-LN2379,XM-DAC-46004,Asian Development Bank,40,Multilateral,1,0,A01_general,1,0,3,Finalisation,Capital Market Development Program Cluster (Subprogram I) (formerly Financial Governance and Social Security Reform Program II)
XM-DAC-46004-32507-023-LN2577,XM-DAC-46004,Asian Development Bank,40,Multilateral,1,0,A01_general,1,0,3,Finalisation,Capital Market Development Program Cluster - Subprogram 2
XM-DAC-46004-33357-013-LN2252,XM-DAC-46004,Asian Development Bank,40,Multilateral,1,0,A01_general,1,0,3,Finalisation,Rural Finance Sector Development Program (Program Loan)
XM-DAC-46004-34135-013-LN2218,XM-DAC-46004,Asian Development Bank,40,Multilateral,1,0,A01_general,1,0,3,Finalisation,Financial Regulation and Governance Program
XM-DAC-46004-34172-013-LN2224,XM-DAC-46004,Asian Development Bank,40,Multilateral,1,0,A01_general,1,0,3,Finalisation,Banking Sector and Capital Market Development Program
XM-DAC-46004-34389-013-LN2378,XM-DAC-46004,Asian Development Bank,40,Multilateral,1,0,A01_general,1,0,3,Finalisation,Second Financial Sector Program Cluster (Subprogram 1)
XM-DAC-46004-34389-023-LN2479,XM-DAC-46004,Asian Development Bank,40,Multilateral,1,0,A01_general,1,0,3,Finalisation,Second Financial Sector Program Cluster (Subprogram 2)
XM-DAC-46004-34389-033-LN2585,XM-DAC-46004,Asian Development Bank,40,Multilateral,1,0,A01_general,1,0,3,Finalisation,Second Financial Sector Program Cluster - Subprogram 3 (SF)
XM-DAC-46004-34389-043-LN2706,XM-DAC-46004,Asian Development Bank,40,Multilateral,1,0,A01_general,1,0,3,Finalisation,Second Financial Sector Program Cluster - Subprogram 4
XM-DAC-46004-35174-013-LN2277,XM-DAC-46004,Asian Development Bank,40,Multilateral,1,0,A01_general,1,0,3,Finalisation,Education Sector Program I
XM-DAC-46004-35174-023-LN2551,XM-DAC-46004,Asian Development Bank,40,Multilateral,1,0,A01_general,1,0,3,Finalisation,Education Sector Program - Subprogram 3
XM-DAC-46004-35174-082-GRNT0272,XM-DAC-46004,Asian Development Bank,40,Multilateral,1,0,A01_general,1,0,3,Finalisation,School Sector Program
XM-DAC-46004-36107-023-LN2334,XM-DAC-46004,Asian Development Bank,40,Multilateral,1,0,A01_general,1,0,3,Finalisation,Sustainable Power Sector Development Program (Program Loan)
XM-DAC-46004-36155-013-LN2270,XM-DAC-46004,Asian Development Bank,40,Multilateral,1,0,A01_general,1,0,3,Finalisation,Private Participation in Infrastructure Program I
XM-DAC-46004-36169-013-LN2268,XM-DAC-46004,Asian Development Bank,40,Multilateral,1,0,A01_general,1,0,3,Finalisation,Rural Finance Sector Development Cluster Program I
XM-DAC-46004-36169-023-LN2641,XM-DAC-46004,Asian Development Bank,40,Multilateral,1,0,A01_general,1,0,3,Finalisation,Rural Finance Sector Development Cluster Program (Subprogram 2)
XM-DAC-46004-36172-063-GRNT0305,XM-DAC-46004,Asian Development Bank,40,Multilateral,1,0,A01_general,1,0,3,Finalisation,Strengthening Public Management Program
XM-DAC-46004-36308-023-LN2442,XM-DAC-46004,Asian Development Bank,40,Multilateral,1,0,A01_general,1,0,3,Finalisation,Assam Governance and Public Resource Management Sector Development Program (Subprogram II)
XM-DAC-46004-36343-013-LN2281,XM-DAC-46004,Asian Development Bank,40,Multilateral,1,0,A01_general,1,0,3,Finalisation,Rural Cooperative Credit Restructuring and Development Program
XM-DAC-46004-37017-013-LN2362,XM-DAC-46004,Asian Development Bank,40,Multilateral,1,0,A01_general,1,0,3,Finalisation,Good Governance Program
XM-DAC-46004-37164-023-LN2279,XM-DAC-46004,Asian Development Bank,40,Multilateral,1,0,A01_general,1,0,3,Finalisation,Financial Sector Development Program (formerly Financial Sector & Nonbank Financial Institutions Reform Program) - Program Loan
XM-DAC-46004-37218-013-LN2202,XM-DAC-46004,Asian Development Bank,40,Multilateral,1,0,A01_general,1,0,3,Finalisation,Balochistan Devolved Social Services
XM-DAC-46004-37218-013-LN2203,XM-DAC-46004,Asian Development Bank,40,Multilateral,1,0,A01_general,1,0,3,Finalisation,Balochistan Devolved Social Services
XM-DAC-46004-37307-013-LN2267,XM-DAC-46004,Asian Development Bank,40,Multilateral,1,0,A01_general,1,0,3,Finalisation,Secondary Education Sector Development Program (Project)
XM-DAC-46004-37393-032-GRNT0067,XM-DAC-46004,Asian Development Bank,40,Multilateral,1,0,A01_general,1,0,3,Finalisation,Private Sector and Financial Market Development Program
XM-DAC-46004-37577-013-LN2377,XM-DAC-46004,Asian Development Bank,40,Multilateral,1,0,A01_general,1,0,3,Finalisation,Third Financial Sector Program Loan (Subprogram 1) (formerly Financial Sector Program Loan III)
XM-DAC-46004-37577-023-LN2707,XM-DAC-46004,Asian Development Bank,40,Multilateral,1,0,A01_general,1,0,3,Finalisation,Third Financial Sector Program Loan Cluster - Subprogram 2
XM-DAC-46004-37752-013-LN2282,XM-DAC-46004,Asian Development Bank,40,Multilateral,1,0,A01_general,1,0,3,Finalisation,Power Sector Development Program Loan
XM-DAC-46004-38122-013-LN2215,XM-DAC-46004,Asian Development Bank,40,Multilateral,1,0,A01_general,1,0,3,Finalisation,Fiscal Management & Public Administration Reform (formerly Public Service Delivery Reform Program)
XM-DAC-46004-38264-013-LN2478,XM-DAC-46004,Asian Development Bank,40,Multilateral,1,0,A01_general,1,0,3,Finalisation,Second Local Government Finance and Governance Reform Program - Subprogram 1
XM-DAC-46004-38276-013-LN2278,XM-DAC-46004,Asian Development Bank,40,Multilateral,1,0,A01_general,1,0,3,Finalisation,Financial Market Regulation and Intermediation Program
XM-DAC-46004-38276-023-LN2715,XM-DAC-46004,Asian Development Bank,40,Multilateral,1,0,A01_general,1,0,3,Finalisation,Financial Market Regulation and Intermediation Program - Subprogram 2
XM-DAC-46004-38335-013-LN2284,XM-DAC-46004,Asian Development Bank,40,Multilateral,1,0,A01_general,1,0,3,Finalisation,Small and Medium Enterprises (SME) Development Program Loan - Subprogram II
XM-DAC-46004-38349-029-LN3948,XM-DAC-46004,Asian Development Bank,40,Multilateral,1,0,A01_general,1,0,3,Finalisation,Civil Aviation Sector Improvement Program
XM-DAC-46004-38392-033-LN2262,XM-DAC-46004,Asian Development Bank,40,Multilateral,1,0,A01_general,1,0,3,Finalisation,Support the Implementation of Poverty Reduction Program III
XM-DAC-46004-38421-013-LN2480,XM-DAC-46004,Asian Development Bank,40,Multilateral,1,0,A01_general,1,0,3,Finalisation,Promoting Economic Diversification Program - Subprogram 1
XM-DAC-46004-38421-023-LN2675,XM-DAC-46004,Asian Development Bank,40,Multilateral,1,0,A01_general,1,0,3,Finalisation,Promoting Economic Diversification Program (Subprogram 2)
XM-DAC-46004-38421-072-LN2904,XM-DAC-46004,Asian Development Bank,40,Multilateral,1,0,A01_general,1,0,3,Finalisation,Promoting Economic Diversification Program - Subprogram 3
XM-DAC-46004-38558-013-LN2673,XM-DAC-46004,Asian Development Bank,40,Multilateral,1,0,A01_general,1,0,3,Finalisation,Water Resources Management Sector Development Program
XM-DAC-46004-39305-013-LN2554,XM-DAC-46004,Asian Development Bank,40,Multilateral,1,0,A01_general,1,0,3,Finalisation,Urban Public and Environmental Health Sector Development Program (Program Loan)
XM-DAC-46004-39405-013-LN2383,XM-DAC-46004,Asian Development Bank,40,Multilateral,1,0,A01_general,1,0,3,Finalisation,Dhaka Water Supply Sector Development Program (Project Loan)
XM-DAC-46004-39492-013-LN2291,XM-DAC-46004,Asian Development Bank,40,Multilateral,1,0,A01_general,1,0,3,Finalisation,Improving Access to Financial Services (Phase I) Program
XM-DAC-46004-39492-013-LN2292,XM-DAC-46004,Asian Development Bank,40,Multilateral,1,0,A01_general,1,0,3,Finalisation,Improving Access to Financial Services (Phase I) Program
XM-DAC-46004-39516-013-LN2387,XM-DAC-46004,Asian Development Bank,40,Multilateral,1,0,A01_general,1,0,3,Finalisation,Local Government Financing and Budget Reform Program Cluster (Subprogram 1)
XM-DAC-46004-39516-023-LN2584,XM-DAC-46004,Asian Development Bank,40,Multilateral,1,0,A01_general,1,0,3,Finalisation,Local Government Financing and Budget Reform Program - Subprogram 2
XM-DAC-46004-39658-013-LN2597,XM-DAC-46004,Asian Development Bank,40,Multilateral,1,0,A01_general,1,0,3,Finalisation,Economic Recovery Program (formerly Public Resource Management Reform Program)
XM-DAC-46004-40003-013-LN2361,XM-DAC-46004,Asian Development Bank,40,Multilateral,1,0,A01_general,1,0,3,Finalisation,Poverty Reduction and Millennium Development Goals Acceleration Program
XM-DAC-46004-40009-023-LN2263,XM-DAC-46004,Asian Development Bank,40,Multilateral,1,0,A01_general,1,0,3,Finalisation,Infrastructure Reform Sector Development Program (Subprogram 1)
XM-DAC-46004-40009-033-LN2475,XM-DAC-46004,Asian Development Bank,40,Multilateral,1,0,A01_general,1,0,3,Finalisation,Infrastructure Reform Sector Development Program (Subprogram 2)
XM-DAC-46004-40009-043-LN2708,XM-DAC-46004,Asian Development Bank,40,Multilateral,1,0,A01_general,1,0,3,Finalisation,Infrastructure Reform Sector Development Program - Subprogram 3
XM-DAC-46004-40272-013-LN2394,XM-DAC-46004,Asian Development Bank,40,Multilateral,1,0,A01_general,1,0,3,Finalisation,Third Development Policy Support Program
XM-DAC-46004-40273-013-LN2488,XM-DAC-46004,Asian Development Bank,40,Multilateral,1,0,A01_general,1,0,3,Finalisation,Fourth Development Policy Support Program
XM-DAC-46004-40347-013-LN2582,XM-DAC-46004,Asian Development Bank,40,Multilateral,1,0,A01_general,1,0,3,Finalisation,Secondary Education Sector Development Program (Program Loan)
XM-DAC-46004-40354-013-LN2642,XM-DAC-46004,Asian Development Bank,40,Multilateral,1,0,A01_general,1,0,3,Finalisation,Health Human Resources Sector Development Program
XM-DAC-46004-40368-022-LN2777,XM-DAC-46004,Asian Development Bank,40,Multilateral,1,0,A01_general,1,0,3,Finalisation,Secondary Education Sector Development Program (formerly Basic Education Sector Development Program II)
XM-DAC-46004-40538-013-LN2315,XM-DAC-46004,Asian Development Bank,40,Multilateral,1,0,A01_general,1,0,3,Finalisation,Development Policy Support Program
XM-DAC-46004-40538-023-LN2450,XM-DAC-46004,Asian Development Bank,40,Multilateral,1,0,A01_general,1,0,3,Finalisation,"Development Policy Support Program, Subprogram 2"
XM-DAC-46004-40538-033-LN2545,XM-DAC-46004,Asian Development Bank,40,Multilateral,1,0,A01_general,1,0,3,Finalisation,Development Policy Support Program - Subprogram 3
XM-DAC-46004-40563-013-LN2335,XM-DAC-46004,Asian Development Bank,40,Multilateral,1,0,A01_general,1,0,3,Finalisation,Earthquake-Displaced People Livelihood Restoration Program
XM-DAC-46004-41108-013-LN2340,XM-DAC-46004,Asian Development Bank,40,Multilateral,1,0,A01_general,1,0,3,Finalisation,Second Generation of Capital Market Reform Program
XM-DAC-46004-41325-013-LN2665,XM-DAC-46004,Asian Development Bank,40,Multilateral,1,0,A01_general,1,0,3,Finalisation,Capital Market Development Program (CMDP)
XM-DAC-46004-41360-013-LN2680,XM-DAC-46004,Asian Development Bank,40,Multilateral,1,0,A01_general,1,0,3,Finalisation,Second Small and Medium-Sized Enterprises Development Program - Subprogram I
XM-DAC-46004-41360-014-LN3050,XM-DAC-46004,Asian Development Bank,40,Multilateral,1,0,A01_general,1,0,3,Finalisation,Second Small and Medium Enterprises (SME) Development Program - Subprogram II
XM-DAC-46004-41373-013-LN2674,XM-DAC-46004,Asian Development Bank,40,Multilateral,1,0,A01_general,1,0,3,Finalisation,Public Financial Management for Rural Development Program - Subprogram 2
XM-DAC-46004-41380-013-LN2489,XM-DAC-46004,Asian Development Bank,40,Multilateral,1,0,A01_general,1,0,3,Finalisation,Governance in Justice Sector Reform Program - Subprogram 1
XM-DAC-46004-41380-023-LN2840,XM-DAC-46004,Asian Development Bank,40,Multilateral,1,0,A01_general,1,0,3,Finalisation,Governance in Justice Sector Reform Program - Subprogram 2
XM-DAC-46004-41392-013-LN2886,XM-DAC-46004,Asian Development Bank,40,Multilateral,1,0,A01_general,1,0,3,Finalisation,Decentralized Public Service and Financial Management Sector Development Program - Subprogram 1
XM-DAC-46004-41392-023-LN3415,XM-DAC-46004,Asian Development Bank,40,Multilateral,1,0,A01_general,1,0,3,Finalisation,Decentralized Public Service and Financial Management Sector Development Program (Subprogram 2)
XM-DAC-46004-41544-084-GRNT0393,XM-DAC-46004,Asian Development Bank,40,Multilateral,1,0,A01_general,1,0,3,Finalisation,Investment Climate Improvement Program - Subprogram 3
XM-DAC-46004-41544-088-GRNT0432,XM-DAC-46004,Asian Development Bank,40,Multilateral,1,0,A01_general,1,0,3,Finalisation,Second Investment Climate Improvement Program (Subprogram 1)
XM-DAC-46004-41544-089-GRNT0487,XM-DAC-46004,Asian Development Bank,40,Multilateral,1,0,A01_general,1,0,3,Finalisation,Second Investment Climate Improvement Program (Subprogram 2)
XM-DAC-46004-41544-089-LN3410,XM-DAC-46004,Asian Development Bank,40,Multilateral,1,0,A01_general,1,0,3,Finalisation,Second Investment Climate Improvement Program (Subprogram 2)
XM-DAC-46004-41544-091-GRNT0563,XM-DAC-46004,Asian Development Bank,40,Multilateral,1,0,A01_general,1,0,3,Finalisation,Second Investment Climate Improvement Program (Subprogram 3)
XM-DAC-46004-41545-013-LN2484,XM-DAC-46004,Asian Development Bank,40,Multilateral,1,0,A01_general,1,0,3,Finalisation,Sindh Growth and Rural Revitalization Program - Subprogram 1
XM-DAC-46004-41545-023-LN2645,XM-DAC-46004,Asian Development Bank,40,Multilateral,1,0,A01_general,1,0,3,Finalisation,Sindh Growth and Rural Revitalization Program - Subprogram 2
XM-DAC-46004-41607-013-LN2536,XM-DAC-46004,Asian Development Bank,40,Multilateral,1,0,A01_general,1,0,3,Finalisation,Mizoram Public Resource Management Program
XM-DAC-46004-41641-013-LN2485,XM-DAC-46004,Asian Development Bank,40,Multilateral,1,0,A01_general,1,0,3,Finalisation,Punjab Millenium Development Goals Program - Subprogram 1
XM-DAC-46004-41641-023-LN2644,XM-DAC-46004,Asian Development Bank,40,Multilateral,1,0,A01_general,1,0,3,Finalisation,Punjab Millenium Development Goals Program - Subprogram 2
XM-DAC-46004-41666-013-LN2385,XM-DAC-46004,Asian Development Bank,40,Multilateral,1,0,A01_general,1,0,3,Finalisation,Punjab Government Efficiency Improvement Program (Subprogram 1)
XM-DAC-46004-41666-033-LN2547,XM-DAC-46004,Asian Development Bank,40,Multilateral,1,0,A01_general,1,0,3,Finalisation,Punjab Government Efficiency Improvement Program - Subprogram 2
XM-DAC-46004-41666-033-LN2548,XM-DAC-46004,Asian Development Bank,40,Multilateral,1,0,A01_general,1,0,3,Finalisation,Punjab Government Efficiency Improvement Program - Subprogram 2
XM-DAC-46004-42007-020-LN4156,XM-DAC-46004,Asian Development Bank,40,Multilateral,1,0,A01_general,1,0,3,Finalisation,Small and Medium-Sized Enterprises Development Program (Subprogram 1)
XM-DAC-46004-42007-020-LN4157,XM-DAC-46004,Asian Development Bank,40,Multilateral,1,0,A01_general,1,0,3,Finalisation,Small and Medium-Sized Enterprises Development Program (Subprogram 1)
XM-DAC-46004-42007-021-LN4415,XM-DAC-46004,Asian Development Bank,40,Multilateral,1,0,A01_general,1,0,3,Finalisation,Small and Medium-Sized Enterprises Development Program (Subprogram 2)
XM-DAC-46004-42151-013-LN2452,XM-DAC-46004,Asian Development Bank,40,Multilateral,1,0,A01_general,1,0,3,Finalisation,Khadi Reform and Development Program
XM-DAC-46004-42163-013-LN2446,XM-DAC-46004,Asian Development Bank,40,Multilateral,1,0,A01_general,1,0,3,Finalisation,Accelerating Economic Transformation Program (Subprogram 1)
XM-DAC-46004-42163-013-LN2447,XM-DAC-46004,Asian Development Bank,40,Multilateral,1,0,A01_general,1,0,3,Finalisation,Accelerating Economic Transformation Program (Subprogram 1)
XM-DAC-46004-42163-023-LN2524,XM-DAC-46004,Asian Development Bank,40,Multilateral,1,0,A01_general,1,0,3,Finalisation,Accelerating Economic Transformation Program (Subprogram 2)
XM-DAC-46004-42163-023-LN2525,XM-DAC-46004,Asian Development Bank,40,Multilateral,1,0,A01_general,1,0,3,Finalisation,Accelerating Economic Transformation Program (Subprogram 2)
XM-DAC-46004-42191-013-LN2490,XM-DAC-46004,Asian Development Bank,40,Multilateral,1,0,A01_general,1,0,3,Finalisation,Support for the Implementation of the Poverty Reduction Program V (Program Cluster) - Subprogram 1
XM-DAC-46004-42191-023-LN2570,XM-DAC-46004,Asian Development Bank,40,Multilateral,1,0,A01_general,1,0,3,Finalisation,Support for the Implementation of the Poverty Reduction Program V - Subprogram 2
XM-DAC-46004-42191-033-LN2827,XM-DAC-46004,Asian Development Bank,40,Multilateral,1,0,A01_general,1,0,3,Finalisation,Support for the Implementation of the Poverty Reduction Program V - Subprogram 3
XM-DAC-46004-42235-013-LN2877,XM-DAC-46004,Asian Development Bank,40,Multilateral,1,0,A01_general,1,0,3,Finalisation,Microfinance Development Program Subprogram 1
XM-DAC-46004-42235-023-LN3213,XM-DAC-46004,Asian Development Bank,40,Multilateral,1,0,A01_general,1,0,3,Finalisation,Microfinance Development Program Subprogram 2
XM-DAC-46004-42267-026-LN3182,XM-DAC-46004,Asian Development Bank,40,Multilateral,1,0,A01_general,1,0,3,Finalisation,Rajasthan Urban Sector Development Program
XM-DAC-46004-42305-013-LN2815,XM-DAC-46004,Asian Development Bank,40,Multilateral,1,0,A01_general,1,0,3,Finalisation,Third Financial Sector Program - Subprogram 1
XM-DAC-46004-42305-023-LN3002,XM-DAC-46004,Asian Development Bank,40,Multilateral,1,0,A01_general,1,0,3,Finalisation,Third Financial Sector Program - Subprogram 2
XM-DAC-46004-42305-033-LN3185,XM-DAC-46004,Asian Development Bank,40,Multilateral,1,0,A01_general,1,0,3,Finalisation,Third Financial Sector Program - Subprogram 3
XM-DAC-46004-42503-013-LN2565,XM-DAC-46004,Asian Development Bank,40,Multilateral,1,0,A01_general,1,0,3,Finalisation,Economic Recovery Support Program - Subprogram 1
XM-DAC-46004-42503-023-LN2946,XM-DAC-46004,Asian Development Bank,40,Multilateral,1,0,A01_general,1,0,3,Finalisation,Economic Recovery Support Program - Subprogram 2
XM-DAC-46004-42529-013-LN2531,XM-DAC-46004,Asian Development Bank,40,Multilateral,1,0,A01_general,1,0,3,Finalisation,Growth Recovery Support Program
XM-DAC-46004-42529-023-LN2532,XM-DAC-46004,Asian Development Bank,40,Multilateral,1,0,A01_general,1,0,3,Finalisation,Growth Recovery Support Program
XM-DAC-46004-43009-013-LN2521,XM-DAC-46004,Asian Development Bank,40,Multilateral,1,0,A01_general,1,0,3,Finalisation,Public Expenditure Support Facility Program
XM-DAC-46004-43087-013-LN2529,XM-DAC-46004,Asian Development Bank,40,Multilateral,1,0,A01_general,1,0,3,Finalisation,Crisis Recovery Support Program
XM-DAC-46004-43087-023-LN2530,XM-DAC-46004,Asian Development Bank,40,Multilateral,1,0,A01_general,1,0,3,Finalisation,Crisis Recovery Support Program
XM-DAC-46004-43092-013-LN2595,XM-DAC-46004,Asian Development Bank,40,Multilateral,1,0,A01_general,1,0,3,Finalisation,Fifth Development Policy Support Program
XM-DAC-46004-43096-013-LN2523,XM-DAC-46004,Asian Development Bank,40,Multilateral,1,0,A01_general,1,0,3,Finalisation,Social Sectors Support Program
XM-DAC-46004-43157-013-LN2566,XM-DAC-46004,Asian Development Bank,40,Multilateral,1,0,A01_general,1,0,3,Finalisation,Public Expenditure Support Facility Program and Countercyclical Support Facility Support Program - PESF
XM-DAC-46004-43157-013-LN2567,XM-DAC-46004,Asian Development Bank,40,Multilateral,1,0,A01_general,1,0,3,Finalisation,Public Expenditure Support Facility Program and Countercyclical Support Facility Support Program - PESF
XM-DAC-46004-43157-013-LN2568,XM-DAC-46004,Asian Development Bank,40,Multilateral,1,0,A01_general,1,0,3,Finalisation,Public Expenditure Support Facility Program and Countercyclical Support Facility Support Program - PESF
XM-DAC-46004-43157-013-LN2569,XM-DAC-46004,Asian Development Bank,40,Multilateral,1,0,A01_general,1,0,3,Finalisation,Public Expenditure Support Facility Program and Countercyclical Support Facility Support Program - PESF
XM-DAC-46004-43191-013-LN2625,XM-DAC-46004,Asian Development Bank,40,Multilateral,1,0,A01_general,1,0,3,Finalisation,Economic Recovery Support Program (Subprogram 1)
XM-DAC-46004-43191-023-LN2801,XM-DAC-46004,Asian Development Bank,40,Multilateral,1,0,A01_general,1,0,3,Finalisation,Economic Recovery Support Program - Subprogram 2
XM-DAC-46004-43211-013-LN2723,XM-DAC-46004,Asian Development Bank,40,Multilateral,1,0,A01_general,1,0,3,Finalisation,Sixth Development Policy Support Program
XM-DAC-46004-43260-013-LN2888,XM-DAC-46004,Asian Development Bank,40,Multilateral,1,0,A01_general,1,0,3,Finalisation,Third Education Sector Development Program
XM-DAC-46004-43300-013-LN2538,XM-DAC-46004,Asian Development Bank,40,Multilateral,1,0,A01_general,1,0,3,Finalisation,Countercyclical Support Loan
XM-DAC-46004-43321-013-LN2659,XM-DAC-46004,Asian Development Bank,40,Multilateral,1,0,A01_general,1,0,3,Finalisation,Public Sector Program - Subprogram 1
XM-DAC-46004-43321-023-LN2950,XM-DAC-46004,Asian Development Bank,40,Multilateral,1,0,A01_general,1,0,3,Finalisation,Public Sector Program - Subprogram 2
XM-DAC-46004-43330-013-LN2543,XM-DAC-46004,Asian Development Bank,40,Multilateral,1,0,A01_general,1,0,3,Finalisation,Kazakhstan Countercyclical Support Loan
XM-DAC-46004-43396-013-LN2872,XM-DAC-46004,Asian Development Bank,40,Multilateral,1,0,A01_general,1,0,3,Finalisation,Increasing Competitiveness for Inclusive Growth Program - Subprogram 1
XM-DAC-46004-43396-014-LN3233,XM-DAC-46004,Asian Development Bank,40,Multilateral,1,0,A01_general,1,0,3,Finalisation,Increasing Competitiveness for Inclusive Growth Program (Subprogram 2)
XM-DAC-46004-43477-013-LN2951,XM-DAC-46004,Asian Development Bank,40,Multilateral,1,0,A01_general,1,0,3,Finalisation,Second Capital Market Development Program
XM-DAC-46004-43477-013-LN2952,XM-DAC-46004,Asian Development Bank,40,Multilateral,1,0,A01_general,1,0,3,Finalisation,Second Capital Market Development Program
XM-DAC-46004-43477-013-LN2953,XM-DAC-46004,Asian Development Bank,40,Multilateral,1,0,A01_general,1,0,3,Finalisation,Second Capital Market Development Program
XM-DAC-46004-43496-013-LN2664,XM-DAC-46004,Asian Development Bank,40,Multilateral,1,0,A01_general,1,0,3,Finalisation,Social Services Delivery Program
XM-DAC-46004-44031-013-LN2691,XM-DAC-46004,Asian Development Bank,40,Multilateral,1,0,A01_general,1,0,3,Finalisation,Water Sector Improvement Program
XM-DAC-46004-44031-013-LN2692,XM-DAC-46004,Asian Development Bank,40,Multilateral,1,0,A01_general,1,0,3,Finalisation,Water Sector Improvement Program
XM-DAC-46004-44057-012-LN2791,XM-DAC-46004,Asian Development Bank,40,Multilateral,1,0,A01_general,1,0,3,Finalisation,Second Private Sector and Small and Medium-Sized Enterprises Development Program - Subprogram 1
XM-DAC-46004-44057-013-LN3036,XM-DAC-46004,Asian Development Bank,40,Multilateral,1,0,A01_general,1,0,3,Finalisation,Second Private Sector and Small and Medium-Sized Enterprises Development Program - Subprogram 2
XM-DAC-46004-44061-012-GRNT0251,XM-DAC-46004,Asian Development Bank,40,Multilateral,1,0,A01_general,1,0,3,Finalisation,Strengthening Public Resource Management Program
XM-DAC-46004-44251-013-LN3081,XM-DAC-46004,Asian Development Bank,40,Multilateral,1,0,A01_general,1,0,3,Finalisation,"Financial Sector Deepening Program, Subprogram 1"
XM-DAC-46004-44251-034-LN3335,XM-DAC-46004,Asian Development Bank,40,Multilateral,1,0,A01_general,1,0,3,Finalisation,Financial Sector Deepening Program (Subprogram 2)
XM-DAC-46004-44252-013-LN2895,XM-DAC-46004,Asian Development Bank,40,Multilateral,1,0,A01_general,1,0,3,Finalisation,Financial Market Development and Integration Program
XM-DAC-46004-44253-013-LN3111,XM-DAC-46004,Asian Development Bank,40,Multilateral,1,0,A01_general,1,0,3,Finalisation,Local Government Finance and Fiscal Decentralization Reform Program - Subprogram 1
XM-DAC-46004-44253-016-LN3505,XM-DAC-46004,Asian Development Bank,40,Multilateral,1,0,A01_general,1,0,3,Finalisation,"Local Government Finance and Fiscal Decentralization Reform Program, Subprogram 2"
XM-DAC-46004-44263-013-LN3460,XM-DAC-46004,Asian Development Bank,40,Multilateral,1,0,A01_general,1,0,3,Finalisation,"Inclusive Financial Sector Development Program, Subprogram 1"
XM-DAC-46004-44263-015-LN3831,XM-DAC-46004,Asian Development Bank,40,Multilateral,1,0,A01_general,1,0,3,Finalisation,Inclusive Financial Sector Development Program-Subprogram 2
XM-DAC-46004-44263-016-LN4128,XM-DAC-46004,Asian Development Bank,40,Multilateral,1,0,A01_general,1,0,3,Finalisation,"Inclusive Financial Sector Development Program, Subprogram 3"
XM-DAC-46004-44321-013-LN3006,XM-DAC-46004,Asian Development Bank,40,Multilateral,1,0,A01_general,1,0,3,Finalisation,Climate Resilient Rice Commercialization Sector Development Program
XM-DAC-46004-44453-014-LN2926,XM-DAC-46004,Asian Development Bank,40,Multilateral,1,0,A01_general,1,0,3,Finalisation,West Bengal Development Finance Program
XM-DAC-46004-45032-001-GRNT0300,XM-DAC-46004,Asian Development Bank,40,Multilateral,1,0,A01_general,1,0,3,Finalisation,Public Financial Management Reform Program
XM-DAC-46004-45230-001-LN2922,XM-DAC-46004,Asian Development Bank,40,Multilateral,1,0,A01_general,1,0,3,Finalisation,Women&apos;s Entrepreneurship Support Sector Development Program
XM-DAC-46004-45253-002-LN3318,XM-DAC-46004,Asian Development Bank,40,Multilateral,1,0,A01_general,1,0,3,Finalisation,Third Capital Market Development Program
XM-DAC-46004-45253-002-LN3319,XM-DAC-46004,Asian Development Bank,40,Multilateral,1,0,A01_general,1,0,3,Finalisation,Third Capital Market Development Program
XM-DAC-46004-45260-001-GRNT0322,XM-DAC-46004,Asian Development Bank,40,Multilateral,1,0,A01_general,1,0,3,Finalisation,South Asia Subregional Economic Cooperation Trade Facilitation Program
XM-DAC-46004-45260-001-LN2954,XM-DAC-46004,Asian Development Bank,40,Multilateral,1,0,A01_general,1,0,3,Finalisation,South Asia Subregional Economic Cooperation Trade Facilitation Program
XM-DAC-46004-45260-001-LN2955,XM-DAC-46004,Asian Development Bank,40,Multilateral,1,0,A01_general,1,0,3,Finalisation,South Asia Subregional Economic Cooperation Trade Facilitation Program
XM-DAC-46004-45288-002-LN3187,XM-DAC-46004,Asian Development Bank,40,Multilateral,1,0,A01_general,1,0,3,Finalisation,Punjab Development Finance Program
XM-DAC-46004-45395-001-GRNT0318,XM-DAC-46004,Asian Development Bank,40,Multilateral,1,0,A01_general,1,0,3,Finalisation,Strengthened Public Financial Management Program
XM-DAC-46004-46059-001-LN2905,XM-DAC-46004,Asian Development Bank,40,Multilateral,1,0,A01_general,1,0,3,Finalisation,Governance and Capacity Development in Public Sector Management Program - Subprogram 1
XM-DAC-46004-46059-002-LN3205,XM-DAC-46004,Asian Development Bank,40,Multilateral,1,0,A01_general,1,0,3,Finalisation,Governance and Capacity Development in Public Sector Management Program - Subprogram 2
XM-DAC-46004-46064-002-LN3166,XM-DAC-46004,Asian Development Bank,40,Multilateral,1,0,A01_general,1,0,3,Finalisation,Technical and Vocational Education and Training Sector Development Program (TVETSDP)
XM-DAC-46004-46093-001-LN2942,XM-DAC-46004,Asian Development Bank,40,Multilateral,1,0,A01_general,1,0,3,Finalisation,Inclusive Growth through Improved Connectivity Program - Subprogram 1
XM-DAC-46004-46093-004-LN3068,XM-DAC-46004,Asian Development Bank,40,Multilateral,1,0,A01_general,1,0,3,Finalisation,"Inclusive Growth through Improved Connectivity Program, Subprogram 2"
XM-DAC-46004-46220-001-LN3155,XM-DAC-46004,Asian Development Bank,40,Multilateral,1,0,A01_general,1,0,3,Finalisation,Infrastructure Sustainability Support Program
XM-DAC-46004-46220-006-LN3453,XM-DAC-46004,Asian Development Bank,40,Multilateral,1,0,A01_general,1,0,3,Finalisation,Infrastructure Sustainability Support Program (Phase 2)
XM-DAC-46004-46239-001-LN2871,XM-DAC-46004,Asian Development Bank,40,Multilateral,1,0,A01_general,1,0,3,Finalisation,Precautionary Financing Facility
XM-DAC-46004-46371-001-LN2994,XM-DAC-46004,Asian Development Bank,40,Multilateral,1,0,A01_general,1,0,3,Finalisation,Strengthening Economic Management Program
XM-DAC-46004-46371-002-GRNT0431,XM-DAC-46004,Asian Development Bank,40,Multilateral,1,0,A01_general,1,0,3,Finalisation,Strengthening Economic Management Program II
XM-DAC-46004-46371-002-LN3258,XM-DAC-46004,Asian Development Bank,40,Multilateral,1,0,A01_general,1,0,3,Finalisation,Strengthening Economic Management Program II
XM-DAC-46004-46372-001-LN2984,XM-DAC-46004,Asian Development Bank,40,Multilateral,1,0,A01_general,1,0,3,Finalisation,Support for Myanmar&apos;s Reforms for Inclusive Growth
XM-DAC-46004-46384-001-GRNT0360,XM-DAC-46004,Asian Development Bank,40,Multilateral,1,0,A01_general,1,0,3,Finalisation,Public Sector Financial Management Program
XM-DAC-46004-46385-001-GRNT0359,XM-DAC-46004,Asian Development Bank,40,Multilateral,1,0,A01_general,1,0,3,Finalisation,Strengthening Public Finance Management Program
XM-DAC-46004-46497-001-GRNT0339,XM-DAC-46004,Asian Development Bank,40,Multilateral,1,0,A01_general,1,0,3,Finalisation,Economic and Financial Reform Program
XM-DAC-46004-46537-002-GRNT0407,XM-DAC-46004,Asian Development Bank,40,Multilateral,1,0,A01_general,1,0,3,Finalisation,Strengthening Education System Sector Development Program
XM-DAC-46004-47015-001-LN3126,XM-DAC-46004,Asian Development Bank,40,Multilateral,1,0,A01_general,1,0,3,Finalisation,Sustainable Energy Sector Reform Program - Subprogram 1
XM-DAC-46004-47015-002-LN3321,XM-DAC-46004,Asian Development Bank,40,Multilateral,1,0,A01_general,1,0,3,Finalisation,Sustainable Energy Sector Reform Program - Subprogram 2
XM-DAC-46004-47015-002-LN3322,XM-DAC-46004,Asian Development Bank,40,Multilateral,1,0,A01_general,1,0,3,Finalisation,Sustainable Energy Sector Reform Program - Subprogram 2
XM-DAC-46004-47015-003-LN3537,XM-DAC-46004,Asian Development Bank,40,Multilateral,1,0,A01_general,1,0,3,Finalisation,Sustainable Energy Sector Reform Program (Subprogram 3)
XM-DAC-46004-47099-002-GRNT0463,XM-DAC-46004,Asian Development Bank,40,Multilateral,1,0,A01_general,1,0,3,Finalisation,Investment Climate Reforms Program (Subprogram 1)
XM-DAC-46004-47099-002-LN3343,XM-DAC-46004,Asian Development Bank,40,Multilateral,1,0,A01_general,1,0,3,Finalisation,Investment Climate Reforms Program (Subprogram 1)
XM-DAC-46004-47099-004-GRNT0530,XM-DAC-46004,Asian Development Bank,40,Multilateral,1,0,A01_general,1,0,3,Finalisation,Investment Climate Reforms Program - Subprogram 2
XM-DAC-46004-47099-004-LN3513,XM-DAC-46004,Asian Development Bank,40,Multilateral,1,0,A01_general,1,0,3,Finalisation,Investment Climate Reforms Program - Subprogram 2
XM-DAC-46004-47136-003-LN3426,XM-DAC-46004,Asian Development Bank,40,Multilateral,1,0,A01_general,1,0,3,Finalisation,Upper Secondary Education Sector Development Program
XM-DAC-46004-47136-006-LN3719,XM-DAC-46004,Asian Development Bank,40,Multilateral,1,0,A01_general,1,0,3,Finalisation,Second Upper Secondary Education Sector Development Program
XM-DAC-46004-47137-003-LN3279,XM-DAC-46004,Asian Development Bank,40,Multilateral,1,0,A01_general,1,0,3,Finalisation,Health Sector Governance Program
XM-DAC-46004-47137-006-GRNT0572,XM-DAC-46004,Asian Development Bank,40,Multilateral,1,0,A01_general,1,0,3,Finalisation,Health Sector Governance Program - Subprogram 2
XM-DAC-46004-47140-002-LN3493,XM-DAC-46004,Asian Development Bank,40,Multilateral,1,0,A01_general,1,0,3,Finalisation,Second Secondary Education Sector Development Program
XM-DAC-46004-47293-001-LN3227,XM-DAC-46004,Asian Development Bank,40,Multilateral,1,0,A01_general,1,0,3,Finalisation,Improving Competitiveness Program
XM-DAC-46004-47293-001-LN3228,XM-DAC-46004,Asian Development Bank,40,Multilateral,1,0,A01_general,1,0,3,Finalisation,Improving Competitiveness Program
XM-DAC-46004-47314-001-GRNT0416,XM-DAC-46004,Asian Development Bank,40,Multilateral,1,0,A01_general,1,0,3,Finalisation,Strengthening Fiscal Stability Program
XM-DAC-46004-47318-001-GRNT0442,XM-DAC-46004,Asian Development Bank,40,Multilateral,1,0,A01_general,1,0,3,Finalisation,Strengthened Fiscal Sustainability Program
XM-DAC-46004-47322-001-GRNT0560,XM-DAC-46004,Asian Development Bank,40,Multilateral,1,0,A01_general,1,0,3,Finalisation,Strengthening Economic Management Reform Program (Subprogram 1)
XM-DAC-46004-47322-002-GRNT0633,XM-DAC-46004,Asian Development Bank,40,Multilateral,1,0,A01_general,1,0,3,Finalisation,Strengthening Economic Management Reform Program (Subprogram 2)
XM-DAC-46004-48044-001-LN3190,XM-DAC-46004,Asian Development Bank,40,Multilateral,1,0,A01_general,1,0,3,Finalisation,Improving Domestic Resource Mobilization for Inclusive Growth
XM-DAC-46004-48044-001-LN3191,XM-DAC-46004,Asian Development Bank,40,Multilateral,1,0,A01_general,1,0,3,Finalisation,Improving Domestic Resource Mobilization for Inclusive Growth
XM-DAC-46004-48044-004-LN3282,XM-DAC-46004,Asian Development Bank,40,Multilateral,1,0,A01_general,1,0,3,Finalisation,Improving Domestic Resource Mobilization for Inclusive Growth Program (Subprogram 2)
XM-DAC-46004-48044-004-LN3283,XM-DAC-46004,Asian Development Bank,40,Multilateral,1,0,A01_general,1,0,3,Finalisation,Improving Domestic Resource Mobilization for Inclusive Growth Program (Subprogram 2)
XM-DAC-46004-48044-005-LN3417,XM-DAC-46004,Asian Development Bank,40,Multilateral,1,0,A01_general,1,0,3,Finalisation,Improving Domestic Resource Mobilization for Inclusive Growth Program (Subprogram 3)
XM-DAC-46004-48044-005-LN3418,XM-DAC-46004,Asian Development Bank,40,Multilateral,1,0,A01_general,1,0,3,Finalisation,Improving Domestic Resource Mobilization for Inclusive Growth Program (Subprogram 3)
XM-DAC-46004-48065-002-LN3398,XM-DAC-46004,Asian Development Bank,40,Multilateral,1,0,A01_general,1,0,3,Finalisation,Public Sector Enterprises Reform Program (Subprogram 1)
XM-DAC-46004-48065-002-LN3399,XM-DAC-46004,Asian Development Bank,40,Multilateral,1,0,A01_general,1,0,3,Finalisation,Public Sector Enterprises Reform Program (Subprogram 1)
XM-DAC-46004-48065-003-LN3538,XM-DAC-46004,Asian Development Bank,40,Multilateral,1,0,A01_general,1,0,3,Finalisation,Public Sector Enterprises Reform Program (Subprogram 2)
XM-DAC-46004-48134-001-LN3164,XM-DAC-46004,Asian Development Bank,40,Multilateral,1,0,A01_general,1,0,3,Finalisation,Stepping-Up Investments for Growth Acceleration Program-Subprogram 1
XM-DAC-46004-48134-006-LN3402,XM-DAC-46004,Asian Development Bank,40,Multilateral,1,0,A01_general,1,0,3,Finalisation,Stepping Up Investments for Growth Acceleration Program (Subprogram 2)
XM-DAC-46004-48134-007-LN3670,XM-DAC-46004,Asian Development Bank,40,Multilateral,1,0,A01_general,1,0,3,Finalisation,Stepping Up Investments for Growth Acceleration Program (Subprogram 3)
XM-DAC-46004-48207-001-LN3274,XM-DAC-46004,Asian Development Bank,40,Multilateral,1,0,A01_general,1,0,3,Finalisation,Financial Market Development and Inclusion Program Subprogram 1
XM-DAC-46004-48207-002-LN3541,XM-DAC-46004,Asian Development Bank,40,Multilateral,1,0,A01_general,1,0,3,Finalisation,Financial Market Development and Inclusion Program (Subprogram 2)
XM-DAC-46004-48207-004-LN3779,XM-DAC-46004,Asian Development Bank,40,Multilateral,1,0,A01_general,1,0,3,Finalisation,Financial Market Development And Inclusion Program - Subprogram 3
XM-DAC-46004-48218-010-LN3847,XM-DAC-46004,Asian Development Bank,40,Multilateral,1,0,A01_general,1,0,3,Finalisation,Food Safety and Agriculture Commercialization Program
XM-DAC-46004-48361-001-GRNT0479,XM-DAC-46004,Asian Development Bank,40,Multilateral,1,0,A01_general,1,0,3,Finalisation,Building Macroeconomic Resilience Subprogram 1
XM-DAC-46004-48361-001-LN3393,XM-DAC-46004,Asian Development Bank,40,Multilateral,1,0,A01_general,1,0,3,Finalisation,Building Macroeconomic Resilience Subprogram 1
XM-DAC-46004-48361-002-GRNT0532,XM-DAC-46004,Asian Development Bank,40,Multilateral,1,0,A01_general,1,0,3,Finalisation,Building Macroeconomic Resilience Program (Subprogram 2)
XM-DAC-46004-48361-002-LN3531,XM-DAC-46004,Asian Development Bank,40,Multilateral,1,0,A01_general,1,0,3,Finalisation,Building Macroeconomic Resilience Program (Subprogram 2)
XM-DAC-46004-48361-003-GRNT0647,XM-DAC-46004,Asian Development Bank,40,Multilateral,1,0,A01_general,1,0,3,Finalisation,"Building Macroeconomic Resilience Program, Subprogram 3"
XM-DAC-46004-48386-004-LN3614,XM-DAC-46004,Asian Development Bank,40,Multilateral,1,0,A01_general,1,0,3,Finalisation,Railway Sector Development Program
XM-DAC-46004-48427-001-LN3334,XM-DAC-46004,Asian Development Bank,40,Multilateral,1,0,A01_general,1,0,3,Finalisation,Encouraging Investment through Capital Market Reforms Program (Subprogram 1)
XM-DAC-46004-48427-002-LN3595,XM-DAC-46004,Asian Development Bank,40,Multilateral,1,0,A01_general,1,0,3,Finalisation,"Encouraging Investment through Capital Market Reforms Program, Subprogram 2"
XM-DAC-46004-48434-005-LN3424,XM-DAC-46004,Asian Development Bank,40,Multilateral,1,0,A01_general,1,0,3,Finalisation,Central Asia Regional Economic Cooperation (CAREC) Corridors 1 and 6 Connector Road (Aktobe-Makat) Reconstruction Project
XM-DAC-46004-48458-001-LN3333,XM-DAC-46004,Asian Development Bank,40,Multilateral,1,0,A01_general,1,0,3,Finalisation,"Expanding Private Participation in Infrastructure Program, Subprogram 1"
XM-DAC-46004-48458-003-LN3691,XM-DAC-46004,Asian Development Bank,40,Multilateral,1,0,A01_general,1,0,3,Finalisation,"Expanding Private Participation in Infrastructure Program, Subprogram 2"
XM-DAC-46004-48478-001-GRNT0473,XM-DAC-46004,Asian Development Bank,40,Multilateral,1,0,A01_general,1,0,3,Finalisation,Fiscal Sustainability Reform Program
XM-DAC-46004-48479-001-GRNT0478,XM-DAC-46004,Asian Development Bank,40,Multilateral,1,0,A01_general,1,0,3,Finalisation,Economic Growth and Fiscal Reform Program
XM-DAC-46004-48490-002-LN3667,XM-DAC-46004,Asian Development Bank,40,Multilateral,1,0,A01_general,1,0,3,Finalisation,Sustained Private Sector-Led Growth Reform Program (Subprogram 1)
XM-DAC-46004-48490-003-LN3812,XM-DAC-46004,Asian Development Bank,40,Multilateral,1,0,A01_general,1,0,3,Finalisation,Sustained Private Sector-Led Growth Reform Program (Subprogram 2)
XM-DAC-46004-48490-004-LN3952,XM-DAC-46004,Asian Development Bank,40,Multilateral,1,0,A01_general,1,0,3,Finalisation,COVID-19: Sustained Private Sector-Led Growth Reform Program (Subprogram 3)
XM-DAC-46004-49006-003-LN4112,XM-DAC-46004,Asian Development Bank,40,Multilateral,1,0,A01_general,1,0,3,Finalisation,Electricity Transmission Sector Reforms Program
XM-DAC-46004-49041-002-LN3428,XM-DAC-46004,Asian Development Bank,40,Multilateral,1,0,A01_general,1,0,3,Finalisation,"Strengthening Public Financial Management Program, Subprogram 1"
XM-DAC-46004-49041-004-LN4391,XM-DAC-46004,Asian Development Bank,40,Multilateral,1,0,A01_general,1,0,3,Finalisation,"Strengthening Public Financial Management Program, Subprogram 2"
XM-DAC-46004-49043-001-LN3303,XM-DAC-46004,Asian Development Bank,40,Multilateral,1,0,A01_general,1,0,3,Finalisation,Sustainable and Inclusive Energy Program (Subprogram 1)
XM-DAC-46004-49043-002-LN3561,XM-DAC-46004,Asian Development Bank,40,Multilateral,1,0,A01_general,1,0,3,Finalisation,Sustainable and Inclusive Energy Program (Subprogram 2)
XM-DAC-46004-49043-003-LN4256,XM-DAC-46004,Asian Development Bank,40,Multilateral,1,0,A01_general,1,0,3,Finalisation,Sustainable and Inclusive Energy Program (Subprogram 3)
XM-DAC-46004-49083-001-LN3272,XM-DAC-46004,Asian Development Bank,40,Multilateral,1,0,A01_general,1,0,3,Finalisation,Countercyclical Support
XM-DAC-46004-49117-002-LN3530,XM-DAC-46004,Asian Development Bank,40,Multilateral,1,0,A01_general,1,0,3,Finalisation,Facilitating Youth School-to-Work Transition Program (Subprogram 1)
XM-DAC-46004-49117-003-LN3875,XM-DAC-46004,Asian Development Bank,40,Multilateral,1,0,A01_general,1,0,3,Finalisation,Facilitating Youth School-to-Work Transition Program (Subprogram 2)
XM-DAC-46004-49117-004-LN4089,XM-DAC-46004,Asian Development Bank,40,Multilateral,1,0,A01_general,1,0,3,Finalisation,Facilitating Youth School-to-Work Transition Program (Subprogram 3)
XM-DAC-46004-49209-001-LN3563,XM-DAC-46004,Asian Development Bank,40,Multilateral,1,0,A01_general,1,0,3,Finalisation,Second West Bengal Development Finance Program
XM-DAC-46004-49210-001-LN3297,XM-DAC-46004,Asian Development Bank,40,Multilateral,1,0,A01_general,1,0,3,Finalisation,Social Welfare Support Program
XM-DAC-46004-49232-001-LN3356,XM-DAC-46004,Asian Development Bank,40,Multilateral,1,0,A01_general,1,0,3,Finalisation,Beijing-Tianjin-Hebei Air Quality Improvement-Hebei Policy Reforms Program
XM-DAC-46004-49331-001-LN3743,XM-DAC-46004,Asian Development Bank,40,Multilateral,1,0,A01_general,1,0,3,Finalisation,"Financial Sector Development and Inclusion Program, Subprogram 1"
XM-DAC-46004-49365-002-LN3446,XM-DAC-46004,Asian Development Bank,40,Multilateral,1,0,A01_general,1,0,3,Finalisation,Capital Market Development Program
XM-DAC-46004-50024-002-GRNT0552,XM-DAC-46004,Asian Development Bank,40,Multilateral,1,0,A01_general,1,0,3,Finalisation,Skills for Inclusive Growth Sector Development Program
XM-DAC-46004-50028-001-GRNT0557,XM-DAC-46004,Asian Development Bank,40,Multilateral,1,0,A01_general,1,0,3,Finalisation,COVID-19: Pacific Disaster Resilience Program
XM-DAC-46004-50028-001-GRNT0558,XM-DAC-46004,Asian Development Bank,40,Multilateral,1,0,A01_general,1,0,3,Finalisation,COVID-19: Pacific Disaster Resilience Program
XM-DAC-46004-50028-001-GRNT0559,XM-DAC-46004,Asian Development Bank,40,Multilateral,1,0,A01_general,1,0,3,Finalisation,COVID-19: Pacific Disaster Resilience Program
XM-DAC-46004-50028-001-LN3627,XM-DAC-46004,Asian Development Bank,40,Multilateral,1,0,A01_general,1,0,3,Finalisation,COVID-19: Pacific Disaster Resilience Program
XM-DAC-46004-50028-001-LN3628,XM-DAC-46004,Asian Development Bank,40,Multilateral,1,0,A01_general,1,0,3,Finalisation,COVID-19: Pacific Disaster Resilience Program
XM-DAC-46004-50028-002-GRNT0666,XM-DAC-46004,Asian Development Bank,40,Multilateral,1,0,A01_general,1,0,3,Finalisation,COVID-19: Pacific Disaster Resilience Program-Phase 2
XM-DAC-46004-50028-002-GRNT0667,XM-DAC-46004,Asian Development Bank,40,Multilateral,1,0,A01_general,1,0,3,Finalisation,COVID-19: Pacific Disaster Resilience Program-Phase 2
XM-DAC-46004-50028-002-GRNT0668,XM-DAC-46004,Asian Development Bank,40,Multilateral,1,0,A01_general,1,0,3,Finalisation,COVID-19: Pacific Disaster Resilience Program-Phase 2
XM-DAC-46004-50028-002-GRNT0669,XM-DAC-46004,Asian Development Bank,40,Multilateral,1,0,A01_general,1,0,3,Finalisation,COVID-19: Pacific Disaster Resilience Program-Phase 2
XM-DAC-46004-50028-002-LN3830,XM-DAC-46004,Asian Development Bank,40,Multilateral,1,0,A01_general,1,0,3,Finalisation,COVID-19: Pacific Disaster Resilience Program-Phase 2
XM-DAC-46004-50028-003-GRNT0754,XM-DAC-46004,Asian Development Bank,40,Multilateral,1,0,A01_general,1,0,3,Finalisation,"COVID-19: Pacific Disaster Resilience Program, Phase 3"
XM-DAC-46004-50028-003-GRNT0755,XM-DAC-46004,Asian Development Bank,40,Multilateral,1,0,A01_general,1,0,3,Finalisation,"COVID-19: Pacific Disaster Resilience Program, Phase 3"
XM-DAC-46004-50028-003-GRNT0756,XM-DAC-46004,Asian Development Bank,40,Multilateral,1,0,A01_general,1,0,3,Finalisation,"COVID-19: Pacific Disaster Resilience Program, Phase 3"
XM-DAC-46004-50028-003-GRNT0757,XM-DAC-46004,Asian Development Bank,40,Multilateral,1,0,A01_general,1,0,3,Finalisation,"COVID-19: Pacific Disaster Resilience Program, Phase 3"
XM-DAC-46004-50028-003-GRNT0758,XM-DAC-46004,Asian Development Bank,40,Multilateral,1,0,A01_general,1,0,3,Finalisation,"COVID-19: Pacific Disaster Resilience Program, Phase 3"
XM-DAC-46004-50028-003-GRNT0759,XM-DAC-46004,Asian Development Bank,40,Multilateral,1,0,A01_general,1,0,3,Finalisation,"COVID-19: Pacific Disaster Resilience Program, Phase 3"
XM-DAC-46004-50028-003-GRNT0760,XM-DAC-46004,Asian Development Bank,40,Multilateral,1,0,A01_general,1,0,3,Finalisation,"COVID-19: Pacific Disaster Resilience Program, Phase 3"
XM-DAC-46004-50028-003-GRNT0761,XM-DAC-46004,Asian Development Bank,40,Multilateral,1,0,A01_general,1,0,3,Finalisation,"COVID-19: Pacific Disaster Resilience Program, Phase 3"
XM-DAC-46004-50028-003-LN4011,XM-DAC-46004,Asian Development Bank,40,Multilateral,1,0,A01_general,1,0,2,Implementation,"COVID-19: Pacific Disaster Resilience Program, Phase 3"
XM-DAC-46004-50051-001-LN3502,XM-DAC-46004,Asian Development Bank,40,Multilateral,1,0,A01_general,1,0,3,Finalisation,"Improving Public Expenditure Quality Program, Subprogram 1"
XM-DAC-46004-50051-001-LN3503,XM-DAC-46004,Asian Development Bank,40,Multilateral,1,0,A01_general,1,0,3,Finalisation,"Improving Public Expenditure Quality Program, Subprogram 1"
XM-DAC-46004-50101-002-LN3832,XM-DAC-46004,Asian Development Bank,40,Multilateral,1,0,A01_general,1,0,3,Finalisation,Third Rural Water Supply And Sanitation Sector Development Program
XM-DAC-46004-50145-001-LN3486,XM-DAC-46004,Asian Development Bank,40,Multilateral,1,0,A01_general,1,0,3,Finalisation,Countercyclical Support Facility Program
XM-DAC-46004-50168-001-LN3454,XM-DAC-46004,Asian Development Bank,40,Multilateral,1,0,A01_general,1,0,3,Finalisation,Fiscal and Public Expenditure Management Program (Subprogram 1)
XM-DAC-46004-50168-002-LN3671,XM-DAC-46004,Asian Development Bank,40,Multilateral,1,0,A01_general,1,0,3,Finalisation,Fiscal and Public Expenditure Management Program (Subprogram 2)
XM-DAC-46004-50168-003-LN3842,XM-DAC-46004,Asian Development Bank,40,Multilateral,1,0,A01_general,1,0,3,Finalisation,Fiscal And Public Expenditure Management Program (Subprogram 3)
XM-DAC-46004-50210-001-GRNT0525,XM-DAC-46004,Asian Development Bank,40,Multilateral,1,0,A01_general,1,0,3,Finalisation,"Fiscal Resilience Improvement Program, Subprogram 1"
XM-DAC-46004-50212-001-LN3479,XM-DAC-46004,Asian Development Bank,40,Multilateral,1,0,A01_general,1,0,3,Finalisation,Disaster Resilience Program
XM-DAC-46004-50212-003-LN3933,XM-DAC-46004,Asian Development Bank,40,Multilateral,1,0,A01_general,1,0,3,Finalisation,COVID-19: Disaster Resilience Program (Phase 2)
XM-DAC-46004-50254-001-LN3546,XM-DAC-46004,Asian Development Bank,40,Multilateral,1,0,A01_general,1,0,3,Finalisation,South Asia Subregional Economic Cooperation Customs Reform and Modernization for Trade Facilitation Program
XM-DAC-46004-50285-002-LN3758,XM-DAC-46004,Asian Development Bank,40,Multilateral,1,0,A01_general,1,0,3,Finalisation,Local Health Care for Disadvantaged Areas Sector Development Program
XM-DAC-46004-50302-001-LN3532,XM-DAC-46004,Asian Development Bank,40,Multilateral,1,0,A01_general,1,0,3,Finalisation,Social Welfare Support Program Phase 2
XM-DAC-46004-50377-001-GRNT0673,XM-DAC-46004,Asian Development Bank,40,Multilateral,1,0,A01_general,1,0,3,Finalisation,Improved Fiscal And Infrastracture Management Program
XM-DAC-46004-50399-003-LN3821,XM-DAC-46004,Asian Development Bank,40,Multilateral,1,0,A01_general,1,0,3,Finalisation,Education for Employment Sector Development Program
XM-DAC-46004-51035-001-LN3664,XM-DAC-46004,Asian Development Bank,40,Multilateral,1,0,A01_general,1,0,3,Finalisation,"Health Services Sector Development Program, Subprogram 1"
XM-DAC-46004-51035-003-LN3857,XM-DAC-46004,Asian Development Bank,40,Multilateral,1,0,A01_general,1,0,3,Finalisation,"Health Services Sector Development Program, Subprogram 2"
XM-DAC-46004-51035-005-LN4016,XM-DAC-46004,Asian Development Bank,40,Multilateral,1,0,A01_general,1,0,3,Finalisation,Health Services Sector Development Program (Subprogram 3)
XM-DAC-46004-51035-005-LN4017,XM-DAC-46004,Asian Development Bank,40,Multilateral,1,0,A01_general,1,0,3,Finalisation,Health Services Sector Development Program (Subprogram 3)
XM-DAC-46004-51054-001-LN3533,XM-DAC-46004,Asian Development Bank,40,Multilateral,1,0,A01_general,1,0,3,Finalisation,Banking Sector Rehabilitation and Financial Stability Strengthening Program
XM-DAC-46004-51059-001-LN3616,XM-DAC-46004,Asian Development Bank,40,Multilateral,1,0,A01_general,1,0,3,Finalisation,Improving Governance and Public Sector Efficiency Program (Subprogram 1)
XM-DAC-46004-51059-002-LN3868,XM-DAC-46004,Asian Development Bank,40,Multilateral,1,0,A01_general,1,0,3,Finalisation,Improving Governance and Public Sector Efficiency Program (Subprogram 2)
XM-DAC-46004-51060-002-LN3584,XM-DAC-46004,Asian Development Bank,40,Multilateral,1,0,A01_general,1,0,3,Finalisation,Public Efficiency and Financial Markets Program (Subprogram 1)
XM-DAC-46004-51060-003-LN3735,XM-DAC-46004,Asian Development Bank,40,Multilateral,1,0,A01_general,1,0,3,Finalisation,Public Efficiency and Financial Markets Program (Subprogram 2)
XM-DAC-46004-51066-001-GRNT0782,XM-DAC-46004,Asian Development Bank,40,Multilateral,1,0,A01_general,1,0,3,Finalisation,Financial Sector and Fiscal Management Improvement Program (Subprogram 1)
XM-DAC-46004-51066-003-GRNT0870,XM-DAC-46004,Asian Development Bank,40,Multilateral,1,0,A01_general,1,0,3,Finalisation,"Finance Sector and Fiscal Management Improvement Program, Subprogram 2"
XM-DAC-46004-51129-002-LN3860,XM-DAC-46004,Asian Development Bank,40,Multilateral,1,0,A01_general,1,0,3,Finalisation,Human Development Enhancement Program
XM-DAC-46004-51132-002-LN3985,XM-DAC-46004,Asian Development Bank,40,Multilateral,1,0,A01_general,1,0,3,Finalisation,Sustainable Water Supply and Sanitation Sector Development Program
XM-DAC-46004-51141-002-GRNT0615,XM-DAC-46004,Asian Development Bank,40,Multilateral,1,0,A01_general,1,0,3,Finalisation,Health Sector Development Program
XM-DAC-46004-51199-001-LN3648,XM-DAC-46004,Asian Development Bank,40,Multilateral,1,0,A01_general,1,0,3,Finalisation,Ulaanbaatar Air Quality Improvement Program
XM-DAC-46004-51252-003-LN3863,XM-DAC-46004,Asian Development Bank,40,Multilateral,1,0,A01_general,1,0,3,Finalisation,Financial Market Development Program - Subprogram 1
XM-DAC-46004-51252-004-LN3992,XM-DAC-46004,Asian Development Bank,40,Multilateral,1,0,A01_general,1,0,3,Finalisation,Financial Market Development Program (Subprogram 2)
XM-DAC-46004-51252-005-LN4130,XM-DAC-46004,Asian Development Bank,40,Multilateral,1,0,A01_general,1,0,3,Finalisation,Financial Market Development Program (Subprogram 3)
XM-DAC-46004-51309-001-LN3707,XM-DAC-46004,Asian Development Bank,40,Multilateral,1,0,A01_general,1,0,3,Finalisation,Inclusive Finance Development Program (Subprogram 1)
XM-DAC-46004-51309-002-LN3959,XM-DAC-46004,Asian Development Bank,40,Multilateral,1,0,A01_general,1,0,3,Finalisation,Inclusive Finance Development Program (Subprogram 2)
XM-DAC-46004-51309-003-LN4355,XM-DAC-46004,Asian Development Bank,40,Multilateral,1,0,A01_general,1,0,3,Finalisation,Inclusive Finance Development Program Subprogram 3
XM-DAC-46004-51348-001-LN3869,XM-DAC-46004,Asian Development Bank,40,Multilateral,1,0,A01_general,1,0,3,Finalisation,Mortgage Market Sector Development Program
XM-DAC-46004-51350-001-LN3675,XM-DAC-46004,Asian Development Bank,40,Multilateral,1,0,A01_general,1,0,3,Finalisation,Economic Management Improvement Program (Subprogram 1)
XM-DAC-46004-51350-003-LN3866,XM-DAC-46004,Asian Development Bank,40,Multilateral,1,0,A01_general,1,0,3,Finalisation,"Economic Management Improvement Program, Subprogram 2"
XM-DAC-46004-51350-004-LN4292,XM-DAC-46004,Asian Development Bank,40,Multilateral,1,0,A01_general,1,0,3,Finalisation,"Economic Management Improvement Program, Phase 2 (Subprogram 1)"
XM-DAC-46004-51350-005-LN4658,XM-DAC-46004,Asian Development Bank,40,Multilateral,1,0,A01_general,1,0,3,Finalisation,"Economic Management Improvement Program, Phase 2 (Subprogram 2)"
XM-DAC-46004-52018-001-LN3725,XM-DAC-46004,Asian Development Bank,40,Multilateral,1,0,A01_general,1,0,3,Finalisation,COVID-19: Disaster Resilience Program
XM-DAC-46004-52030-001-GRNT0709,XM-DAC-46004,Asian Development Bank,40,Multilateral,1,0,A01_general,1,0,3,Finalisation,Strengthening Macroeconomic Resilience Program
XM-DAC-46004-52049-001-LN3804,XM-DAC-46004,Asian Development Bank,40,Multilateral,1,0,A01_general,1,0,3,Finalisation,Trade and Competitiveness Program - Subprogram 1
XM-DAC-46004-52049-003-LN4018,XM-DAC-46004,Asian Development Bank,40,Multilateral,1,0,A01_general,1,0,3,Finalisation,Trade and Competitiveness Program (Subprogram 2)
XM-DAC-46004-52073-001-GRNT0703,XM-DAC-46004,Asian Development Bank,40,Multilateral,1,0,A01_general,1,0,3,Finalisation,Improving Public Investment Management Program
XM-DAC-46004-52074-001-GRNT0629,XM-DAC-46004,Asian Development Bank,40,Multilateral,1,0,A01_general,1,0,3,Finalisation,Improved Fiscal Sustainability Reform Program
XM-DAC-46004-52145-001-LN3969,XM-DAC-46004,Asian Development Bank,40,Multilateral,1,0,A01_general,1,0,3,Finalisation,"Second Decentralized Public Service and Financial Management Sector Development Program, Subprogram 1"
XM-DAC-46004-52145-002-LN4330,XM-DAC-46004,Asian Development Bank,40,Multilateral,1,0,A01_general,1,0,3,Finalisation,"Second Decentralized Public Service and Financial Management Sector Development Program, Subprogram 2"
XM-DAC-46004-52146-001-LN3825,XM-DAC-46004,Asian Development Bank,40,Multilateral,1,0,A01_general,1,0,3,Finalisation,Strengthening Public Finance Management Program (Subprogram 1)
XM-DAC-46004-52173-001-LN3858,XM-DAC-46004,Asian Development Bank,40,Multilateral,1,0,A01_general,1,0,3,Finalisation,"Local Governance Reform Program, Subprogram 1"
XM-DAC-46004-52173-003-LN4102,XM-DAC-46004,Asian Development Bank,40,Multilateral,1,0,A01_general,1,0,3,Finalisation,Local Governance Reform Program (Subprogram 2)
XM-DAC-46004-52218-001-LN4038,XM-DAC-46004,Asian Development Bank,40,Multilateral,1,0,A01_general,1,0,3,Finalisation,Promoting Innovative Financial Inclusion Program (Subprogram 1)
XM-DAC-46004-52218-002-LN4249,XM-DAC-46004,Asian Development Bank,40,Multilateral,1,0,A01_general,1,0,3,Finalisation,Promoting Innovative Financial Inclusion Program (Subprogram 2)
XM-DAC-46004-52225-001-GRNT0657,XM-DAC-46004,Asian Development Bank,40,Multilateral,1,0,A01_general,1,0,3,Finalisation,"Promoting Economic Diversification Program, Phase 1"
XM-DAC-46004-52225-003-GRNT0800,XM-DAC-46004,Asian Development Bank,40,Multilateral,1,0,A01_general,1,0,3,Finalisation,Promoting Economic Diversification Program (Subprogram 2)
XM-DAC-46004-52225-003-LN4114,XM-DAC-46004,Asian Development Bank,40,Multilateral,1,0,A01_general,1,0,3,Finalisation,Promoting Economic Diversification Program (Subprogram 2)
XM-DAC-46004-52225-004-GRNT0853,XM-DAC-46004,Asian Development Bank,40,Multilateral,1,0,A01_general,1,0,3,Finalisation,Promoting Economic Diversification Program - Subprogram 3
XM-DAC-46004-52225-004-LN4221,XM-DAC-46004,Asian Development Bank,40,Multilateral,1,0,A01_general,1,0,3,Finalisation,Promoting Economic Diversification Program - Subprogram 3
XM-DAC-46004-52230-001-LN3988,XM-DAC-46004,Asian Development Bank,40,Multilateral,1,0,A01_general,1,0,3,Finalisation,Xiangtan Low-Carbon Transformation Sector Development Program
XM-DAC-46004-52313-001-GRNT0635,XM-DAC-46004,Asian Development Bank,40,Multilateral,1,0,A01_general,1,0,3,Finalisation,Emergency Assistance for Reconstruction and Recovery of Marawi
XM-DAC-46004-52337-001-GRNT0852,XM-DAC-46004,Asian Development Bank,40,Multilateral,1,0,A01_general,1,0,2,Implementation,School Education Reform Sector Development Program
XM-DAC-46004-52339-001-LN4033,XM-DAC-46004,Asian Development Bank,40,Multilateral,1,0,A01_general,1,0,3,Finalisation,"Modern Skills for Better Jobs Sector Development Program, Subprogram 1"
XM-DAC-46004-52339-003-LN4547,XM-DAC-46004,Asian Development Bank,40,Multilateral,1,0,A01_general,1,0,2,Implementation,"Modern Skills for Better Jobs Sector Development Program, Subprogram 2"
XM-DAC-46004-53028-001-LN3880,XM-DAC-46004,Asian Development Bank,40,Multilateral,1,0,A01_general,1,0,3,Finalisation,Ulaanbaatar Air Quality Improvement Program - Phase 2
XM-DAC-46004-53047-001-LN3925,XM-DAC-46004,Asian Development Bank,40,Multilateral,1,0,A01_general,1,0,3,Finalisation,Capital Market-Generated Infrastructure Financing Program (Subprogram 1)
XM-DAC-46004-53047-003-LN4185,XM-DAC-46004,Asian Development Bank,40,Multilateral,1,0,A01_general,1,0,3,Finalisation,Support to Capital Market-Generated Infrastructure Financing Program - Subprogram 2
XM-DAC-46004-53059-001-LN4220,XM-DAC-46004,Asian Development Bank,40,Multilateral,1,0,A01_general,1,0,2,Implementation,Shandong West Jining Water Supply and Drainage Integration Program
XM-DAC-46004-53161-001-LN4123,XM-DAC-46004,Asian Development Bank,40,Multilateral,1,0,A01_general,1,0,3,Finalisation,Financial Markets Development Program (Subprogram 1)
XM-DAC-46004-53161-003-LN4472,XM-DAC-46004,Asian Development Bank,40,Multilateral,1,0,A01_general,1,0,3,Finalisation,Financial Markets Development Program (Subprogram 2)
XM-DAC-46004-53165-001-LN3881,XM-DAC-46004,Asian Development Bank,40,Multilateral,1,0,A01_general,1,0,3,Finalisation,Energy Sector Reforms and Financial Sustainability Program (Subprogram 1)
XM-DAC-46004-53165-002-LN4159,XM-DAC-46004,Asian Development Bank,40,Multilateral,1,0,A01_general,1,0,3,Finalisation,Energy Sector Reforms and Financial Sustainability Program (Subprogram 2)
XM-DAC-46004-53211-001-LN4137,XM-DAC-46004,Asian Development Bank,40,Multilateral,1,0,A01_general,1,0,3,Finalisation,"Competitiveness, Industrial Modernization, and Trade Acceleration Program, Subprogram 1"
XM-DAC-46004-53211-002-LN4350,XM-DAC-46004,Asian Development Bank,40,Multilateral,1,0,A01_general,1,0,3,Finalisation,"Competitiveness, Industrial Modernization, and Trade Acceleration Program, Subprogram 2"
XM-DAC-46004-53211-003-LN4659,XM-DAC-46004,Asian Development Bank,40,Multilateral,1,0,A01_general,1,0,3,Finalisation,"Competitiveness, Industrial Modernization, and Trade Acceleration Program, Subprogram 3"
XM-DAC-46004-53211-003-LN4659-JICA,XM-DAC-46004,Asian Development Bank,40,Multilateral,1,0,A01_general,1,0,3,Finalisation,"Competitiveness, Industrial Modernization, and Trade Acceleration Program, Subprogram 3"
XM-DAC-46004-53211-003-LN4659-KfW,XM-DAC-46004,Asian Development Bank,40,Multilateral,1,0,A01_general,1,0,3,Finalisation,"Competitiveness, Industrial Modernization, and Trade Acceleration Program, Subprogram 3"
XM-DAC-46004-53221-001-LN3975,XM-DAC-46004,Asian Development Bank,40,Multilateral,1,0,A01_general,1,0,3,Finalisation,Third Capital Market Development Program (Subprogram 1)
XM-DAC-46004-53221-001-LN3976,XM-DAC-46004,Asian Development Bank,40,Multilateral,1,0,A01_general,1,0,3,Finalisation,Third Capital Market Development Program (Subprogram 1)
XM-DAC-46004-53221-003-LN4176,XM-DAC-46004,Asian Development Bank,40,Multilateral,1,0,A01_general,1,0,3,Finalisation,Third Capital Market Development Program (Subprogram 2)
XM-DAC-46004-53247-001-LN3882,XM-DAC-46004,Asian Development Bank,40,Multilateral,1,0,A01_general,1,0,3,Finalisation,Economic Stabilization Program
XM-DAC-46004-53248-001-LN3859,XM-DAC-46004,Asian Development Bank,40,Multilateral,1,0,A01_general,1,0,3,Finalisation,Second Public Efficiency & Financial Markets Program Subprogram 1
XM-DAC-46004-53260-001-LN4177,XM-DAC-46004,Asian Development Bank,40,Multilateral,1,0,A01_general,1,0,3,Finalisation,South Asia Subregional Economic Cooperation Integrated Trade Facilitation Sector Development Program
XM-DAC-46004-53315-001-GRNT0777,XM-DAC-46004,Asian Development Bank,40,Multilateral,1,0,A01_general,1,0,3,Finalisation,Power Sector Development Program
XM-DAC-46004-53353-001-LN3957,XM-DAC-46004,Asian Development Bank,40,Multilateral,1,0,A01_general,1,0,3,Finalisation,COVID-19: Competitive and Inclusive Agriculture Development Program (Subprogram 1)
XM-DAC-46004-53353-002-LN4288,XM-DAC-46004,Asian Development Bank,40,Multilateral,1,0,A01_general,1,0,3,Finalisation,Competitive and Inclusive Agriculture Development Program (Subprogram 2)
XM-DAC-46004-53424-001-LN4022,XM-DAC-46004,Asian Development Bank,40,Multilateral,1,0,A01_general,1,0,3,Finalisation,"State-Owned Enterprises Reform Program, Subprogram 1"
XM-DAC-46004-53424-002-LN4155,XM-DAC-46004,Asian Development Bank,40,Multilateral,1,0,A01_general,1,0,3,Finalisation,"State-Owned Enterprises Reform Program, Subprogram 2"
XM-DAC-46004-53424-003-LN4266,XM-DAC-46004,Asian Development Bank,40,Multilateral,1,0,A01_general,1,0,3,Finalisation,"State-Owned Enterprises Reform Program, Subprogram 3"
XM-DAC-46004-54001-001-LN4004,XM-DAC-46004,Asian Development Bank,40,Multilateral,1,0,A01_general,1,0,3,Finalisation,West Bengal Public Finance Management Reforms Program
XM-DAC-46004-54014-001-LN4378,XM-DAC-46004,Asian Development Bank,40,Multilateral,1,0,A01_general,1,0,3,Finalisation,Climate Smart Irrigation Sector Development Program
XM-DAC-46004-54022-001-LN3968,XM-DAC-46004,Asian Development Bank,40,Multilateral,1,0,A01_general,1,0,3,Finalisation,COVID-19: Disaster Resilience Improvement Program
XM-DAC-46004-54054-001-GRNT0862,XM-DAC-46004,Asian Development Bank,40,Multilateral,1,0,A01_general,1,0,3,Finalisation,Strengthening Macroeconomic Resilience Program (Subprogram 1)
XM-DAC-46004-54054-002-GRNT0996,XM-DAC-46004,Asian Development Bank,40,Multilateral,1,0,A01_general,1,0,3,Finalisation,Strengthening Macroeconomic Resilience Program (Subprogram 2)
XM-DAC-46004-54117-001-LN3971,XM-DAC-46004,Asian Development Bank,40,Multilateral,1,0,A01_general,1,0,3,Finalisation,COVID-19: Disaster Resilience Improvement Program
XM-DAC-46004-54138-001-LN3907,XM-DAC-46004,Asian Development Bank,40,Multilateral,1,0,A01_general,1,0,3,Finalisation,COVID-19: Active Response and Expenditure Support Program
XM-DAC-46004-54138-001-LN3908,XM-DAC-46004,Asian Development Bank,40,Multilateral,1,0,A01_general,1,0,3,Finalisation,COVID-19: Active Response and Expenditure Support Program
XM-DAC-46004-54138-001-LN3909,XM-DAC-46004,Asian Development Bank,40,Multilateral,1,0,A01_general,1,0,3,Finalisation,COVID-19: Active Response and Expenditure Support Program
XM-DAC-46004-54138-001-LN3910,XM-DAC-46004,Asian Development Bank,40,Multilateral,1,0,A01_general,1,0,3,Finalisation,COVID-19: Active Response and Expenditure Support Program
XM-DAC-46004-54139-001-LN3905,XM-DAC-46004,Asian Development Bank,40,Multilateral,1,0,A01_general,1,0,3,Finalisation,COVID-19: Active Response and Expenditure Support Program
XM-DAC-46004-54139-001-LN3906,XM-DAC-46004,Asian Development Bank,40,Multilateral,1,0,A01_general,1,0,3,Finalisation,COVID-19: Active Response and Expenditure Support Program
XM-DAC-46004-54151-001-LN4030,XM-DAC-46004,Asian Development Bank,40,Multilateral,1,0,A01_general,1,0,3,Finalisation,Palau Public Utilities Corporation Reform Program (Subprogram 1)
XM-DAC-46004-54151-003-LN4198,XM-DAC-46004,Asian Development Bank,40,Multilateral,1,0,A01_general,1,0,3,Finalisation,Palau Public Utilities Corporation Reform Program (Subprogram 2)
XM-DAC-46004-54156-001-GRNT0706,XM-DAC-46004,Asian Development Bank,40,Multilateral,1,0,A01_general,1,0,3,Finalisation,COVID-19: Active Response and Expenditure Support Program
XM-DAC-46004-54160-001-LN3939,XM-DAC-46004,Asian Development Bank,40,Multilateral,1,0,A01_general,1,0,3,Finalisation,COVID-19: Active Response and Expenditure Support Program
XM-DAC-46004-54169-001-GRNT0699,XM-DAC-46004,Asian Development Bank,40,Multilateral,1,0,A01_general,1,0,3,Finalisation,COVID-19: Active Response and Expenditure Support Program
XM-DAC-46004-54169-001-LN3913,XM-DAC-46004,Asian Development Bank,40,Multilateral,1,0,A01_general,1,0,3,Finalisation,COVID-19: Active Response and Expenditure Support Program
XM-DAC-46004-54174-001-LN3922,XM-DAC-46004,Asian Development Bank,40,Multilateral,1,0,A01_general,1,0,3,Finalisation,COVID-19: Rapid Response Program
XM-DAC-46004-54177-001-LN3945,XM-DAC-46004,Asian Development Bank,40,Multilateral,1,0,A01_general,1,0,3,Finalisation,COVID-19: Active Response and Expenditure Support Program
XM-DAC-46004-54177-001-LN3949,XM-DAC-46004,Asian Development Bank,40,Multilateral,1,0,A01_general,1,0,3,Finalisation,COVID-19: Active Response and Expenditure Support Program
XM-DAC-46004-54178-001-GRNT0708,XM-DAC-46004,Asian Development Bank,40,Multilateral,1,0,A01_general,1,0,3,Finalisation,COVID-19: Rapid Response Program
XM-DAC-46004-54178-001-LN3938,XM-DAC-46004,Asian Development Bank,40,Multilateral,1,0,A01_general,1,0,3,Finalisation,COVID-19: Rapid Response Program
XM-DAC-46004-54179-001-GRNT0776,XM-DAC-46004,Asian Development Bank,40,Multilateral,1,0,A01_general,1,0,3,Finalisation,COVID-19: Fiscal Response Program
XM-DAC-46004-54180-001-LN3919,XM-DAC-46004,Asian Development Bank,40,Multilateral,1,0,A01_general,1,0,3,Finalisation,COVID-19: Active Response and Expenditure Support Program
XM-DAC-46004-54180-001-LN3920,XM-DAC-46004,Asian Development Bank,40,Multilateral,1,0,A01_general,1,0,3,Finalisation,COVID-19: Active Response and Expenditure Support Program
XM-DAC-46004-54182-001-LN3915,XM-DAC-46004,Asian Development Bank,40,Multilateral,1,0,A01_general,1,0,3,Finalisation,COVID-19: Active Response and Expenditure Support Program
XM-DAC-46004-54182-001-LN3916,XM-DAC-46004,Asian Development Bank,40,Multilateral,1,0,A01_general,1,0,3,Finalisation,COVID-19: Active Response and Expenditure Support Program
XM-DAC-46004-54183-001-LN3914,XM-DAC-46004,Asian Development Bank,40,Multilateral,1,0,A01_general,1,0,3,Finalisation,COVID-19: Active Response and Expenditure Support Program
XM-DAC-46004-54184-001-LN3926,XM-DAC-46004,Asian Development Bank,40,Multilateral,1,0,A01_general,1,0,3,Finalisation,COVID-19: Active Response and Expenditure Support Program
XM-DAC-46004-54188-001-LN3940,XM-DAC-46004,Asian Development Bank,40,Multilateral,1,0,A01_general,1,0,3,Finalisation,COVID-19: Active Response and Expenditure Support Program
XM-DAC-46004-54188-001-LN3941,XM-DAC-46004,Asian Development Bank,40,Multilateral,1,0,A01_general,1,0,3,Finalisation,COVID-19: Active Response and Expenditure Support Program
XM-DAC-46004-54189-001-GRNT0710,XM-DAC-46004,Asian Development Bank,40,Multilateral,1,0,A01_general,1,0,3,Finalisation,COVID-19: Active Response and Expenditure Support Program
XM-DAC-46004-54189-001-LN3942,XM-DAC-46004,Asian Development Bank,40,Multilateral,1,0,A01_general,1,0,3,Finalisation,COVID-19: Active Response and Expenditure Support Program
XM-DAC-46004-54191-001-LN3929,XM-DAC-46004,Asian Development Bank,40,Multilateral,1,0,A01_general,1,0,3,Finalisation,COVID-19: Active Response and Expenditure Support Program
XM-DAC-46004-54192-001-GRNT0772,XM-DAC-46004,Asian Development Bank,40,Multilateral,1,0,A01_general,1,0,3,Finalisation,COVID-19: Active Response and Expenditure Support Program
XM-DAC-46004-54193-001-LN3931,XM-DAC-46004,Asian Development Bank,40,Multilateral,1,0,A01_general,1,0,3,Finalisation,COVID-19: Active Response and Expenditure Support Program
XM-DAC-46004-54195-001-LN3951,XM-DAC-46004,Asian Development Bank,40,Multilateral,1,0,A01_general,1,0,3,Finalisation,COVID-19: Active Response and Expenditure Support Program
XM-DAC-46004-54228-001-LN4056,XM-DAC-46004,Asian Development Bank,40,Multilateral,1,0,A01_general,1,0,3,Finalisation,COVID-19: Strengthening Health Security Program (Subprogram 1)
XM-DAC-46004-54243-001-GRNT0718,XM-DAC-46004,Asian Development Bank,40,Multilateral,1,0,A01_general,1,0,3,Finalisation,COVID-19: Health Expenditure and Livelihoods Support Program
XM-DAC-46004-54245-001-LN3955,XM-DAC-46004,Asian Development Bank,40,Multilateral,1,0,A01_general,1,0,3,Finalisation,COVID-19: Health Expenditure and Livelihoods Support Program
XM-DAC-46004-54255-001-LN3960,XM-DAC-46004,Asian Development Bank,40,Multilateral,1,0,A01_general,1,0,2,Implementation,COVID-19: Active Response and Expenditure Support Program
XM-DAC-46004-54269-001-LN3980,XM-DAC-46004,Asian Development Bank,40,Multilateral,1,0,A01_general,1,0,3,Finalisation,Power Sector Reform Program (Subprogram 1)
XM-DAC-46004-54269-002-LN4473,XM-DAC-46004,Asian Development Bank,40,Multilateral,1,0,A01_general,1,0,3,Finalisation,Power Sector Reform Program (Subprogram 2)
XM-DAC-46004-54271-001-LN3993,XM-DAC-46004,Asian Development Bank,40,Multilateral,1,0,A01_general,1,0,3,Finalisation,COVID-19: Fiscal Resilience and Social Protection Support Program (Subprogram 1)
XM-DAC-46004-54271-002-LN4246,XM-DAC-46004,Asian Development Bank,40,Multilateral,1,0,A01_general,1,0,3,Finalisation,Fiscal Resilience and Social Protection Support Program (Subprogram 2)
XM-DAC-46004-54284-001-LN4063,XM-DAC-46004,Asian Development Bank,40,Multilateral,1,0,A01_general,1,0,3,Finalisation,Recovery through Improved Systems and Expenditure Support Program (Subprogram 1)
XM-DAC-46004-54284-001-LN4064,XM-DAC-46004,Asian Development Bank,40,Multilateral,1,0,A01_general,1,0,3,Finalisation,Recovery through Improved Systems and Expenditure Support Program (Subprogram 1)
XM-DAC-46004-54284-002-LN4206,XM-DAC-46004,Asian Development Bank,40,Multilateral,1,0,A01_general,1,0,3,Finalisation,Recovery through Improved Systems and Expenditure Support Program (Subprogram 2)
XM-DAC-46004-54289-001-LN4010,XM-DAC-46004,Asian Development Bank,40,Multilateral,1,0,A01_general,1,0,3,Finalisation,COVID-19: Active Response and Economic Support Program
XM-DAC-46004-54307-001-LN4115,XM-DAC-46004,Asian Development Bank,40,Multilateral,1,0,A01_general,1,0,3,Finalisation,Sustainable Economic Recovery Program (Subprogram 1)
XM-DAC-46004-54307-002-LN4319,XM-DAC-46004,Asian Development Bank,40,Multilateral,1,0,A01_general,1,0,3,Finalisation,Sustainable Economic Recovery Program (Subprogram 2)
XM-DAC-46004-54309-001-GRNT0751,XM-DAC-46004,Asian Development Bank,40,Multilateral,1,0,A01_general,1,0,3,Finalisation,COVID-19: Health Expenditure and Livelihoods Support Program
XM-DAC-46004-54346-001-LN4015,XM-DAC-46004,Asian Development Bank,40,Multilateral,1,0,A01_general,1,0,3,Finalisation,COVID-19: Rapid Response Program
XM-DAC-46004-54358-001-GRNT0766,XM-DAC-46004,Asian Development Bank,40,Multilateral,1,0,A01_general,1,0,3,Finalisation,COVID-19: Health Expenditure and Livelihoods Support Progam
XM-DAC-46004-54402-001-LN4323,XM-DAC-46004,Asian Development Bank,40,Multilateral,1,0,A01_general,1,0,3,Finalisation,South Asia Subregional Economic Cooperation Customs and Logistics Reforms Program (Subprogram 1)
XM-DAC-46004-54424-001-LN4427,XM-DAC-46004,Asian Development Bank,40,Multilateral,1,0,A01_general,1,0,3,Finalisation,Women Inclusive Finance Sector Development Program (Subprogram 1)
XM-DAC-46004-54430-001-LN4285,XM-DAC-46004,Asian Development Bank,40,Multilateral,1,0,A01_general,1,0,3,Finalisation,"Energy Transition Sector Development Program, Subprogram 1"
XM-DAC-46004-54430-002-LN4654,XM-DAC-46004,Asian Development Bank,40,Multilateral,1,0,A01_general,1,0,3,Finalisation,Energy Transition Sector Development Program (Subprogram 2)
XM-DAC-46004-54461-001-LN4144,XM-DAC-46004,Asian Development Bank,40,Multilateral,1,0,A01_general,1,0,3,Finalisation,Boosting Productivity Through Human Capital Development Program (Subprogram 1)
XM-DAC-46004-54461-002-LN4377,XM-DAC-46004,Asian Development Bank,40,Multilateral,1,0,A01_general,1,0,3,Finalisation,"Boosting Productivity Through Human Capital Development Program, Subprogram 2"
XM-DAC-46004-54461-003-LN4723,XM-DAC-46004,Asian Development Bank,40,Multilateral,1,0,A01_general,1,0,3,Finalisation,Boosting Productivity Through Human Capital Development Program (Subprogram 3)
XM-DAC-46004-54465-001-LN4138,XM-DAC-46004,Asian Development Bank,40,Multilateral,1,0,A01_general,1,0,3,Finalisation,Industrial Corridor Development Program (Subprogram 1)
XM-DAC-46004-54465-002-LN4421,XM-DAC-46004,Asian Development Bank,40,Multilateral,1,0,A01_general,1,0,3,Finalisation,Industrial Corridor Development Program (Subprogram 2)
XM-DAC-46004-55002-001-LN4349,XM-DAC-46004,Asian Development Bank,40,Multilateral,1,0,A01_general,1,0,3,Finalisation,Strengthening Public Financial Management and Devolved Service Delivery Program (Subprogram 1)
XM-DAC-46004-55003-001-GRNT0898,XM-DAC-46004,Asian Development Bank,40,Multilateral,1,0,A01_general,1,0,3,Finalisation,Strengthening Fiscal Management and Sustainability Program (Subprogram 1)
XM-DAC-46004-55011-001-GRNT0871,XM-DAC-46004,Asian Development Bank,40,Multilateral,1,0,A01_general,1,0,3,Finalisation,Supporting Fiscal and Economic Recovery Program (Subprogram 1)
XM-DAC-46004-55011-001-LN4274,XM-DAC-46004,Asian Development Bank,40,Multilateral,1,0,A01_general,1,0,3,Finalisation,Supporting Fiscal and Economic Recovery Program (Subprogram 1)
XM-DAC-46004-55011-002-LN4564,XM-DAC-46004,Asian Development Bank,40,Multilateral,1,0,A01_general,1,0,3,Finalisation,Supporting Fiscal and Economic Recovery Program (Subprogram 2)
XM-DAC-46004-55014-001-LN4161,XM-DAC-46004,Asian Development Bank,40,Multilateral,1,0,A01_general,1,0,3,Finalisation,Supporting Sustainable Economic Recovery Program
XM-DAC-46004-55014-001-LN4162,XM-DAC-46004,Asian Development Bank,40,Multilateral,1,0,A01_general,1,0,5,Cancelled,Supporting Sustainable Economic Recovery Program
XM-DAC-46004-55016-001-GRNT0807,XM-DAC-46004,Asian Development Bank,40,Multilateral,1,0,A01_general,1,0,3,Finalisation,Economic Recovery Support Program
XM-DAC-46004-55017-001-GRNT0946,XM-DAC-46004,Asian Development Bank,40,Multilateral,1,0,A01_general,1,0,3,Finalisation,Improving Fiscal Sustainability Program (Subprogram 1)
XM-DAC-46004-55039-001-LN4405,XM-DAC-46004,Asian Development Bank,40,Multilateral,1,0,A01_general,1,0,3,Finalisation,Fiscal Governance and Financial Sector Reforms Program (Subprogram 1)
XM-DAC-46004-55041-001-LN4076,XM-DAC-46004,Asian Development Bank,40,Multilateral,1,0,A01_general,1,0,3,Finalisation,Strengthening Social Resilience Program (Subprogram 1)
XM-DAC-46004-55041-003-LN4187,XM-DAC-46004,Asian Development Bank,40,Multilateral,1,0,A01_general,1,0,3,Finalisation,Strengthening Social Resilience Program (Subprogram 2)
XM-DAC-46004-55052-001-GRNT1001,XM-DAC-46004,Asian Development Bank,40,Multilateral,1,0,A01_general,1,0,3,Finalisation,Finance Sector Strengthening Program (Subprogram 1)
XM-DAC-46004-55054-001-LN4158,XM-DAC-46004,Asian Development Bank,40,Multilateral,1,0,A01_general,1,0,3,Finalisation,Sustainable Urban Development and Service Delivery Program (Subprogram 1)
XM-DAC-46004-55054-002-LN4362,XM-DAC-46004,Asian Development Bank,40,Multilateral,1,0,A01_general,1,0,3,Finalisation,Sustainable Urban Development and Service Delivery Program (Subprogram 2)
XM-DAC-46004-55073-001-LN4082,XM-DAC-46004,Asian Development Bank,40,Multilateral,1,0,A01_general,1,0,3,Finalisation,COVID-19: COVID-19 Active Response and Expenditure Support Program
XM-DAC-46004-55080-001-LN4401,XM-DAC-46004,Asian Development Bank,40,Multilateral,1,0,A01_general,1,0,3,Finalisation,Power Sector Reform Program (Subprogram 1)
XM-DAC-46004-55103-001-LN4250,XM-DAC-46004,Asian Development Bank,40,Multilateral,1,0,A01_general,1,0,3,Finalisation,Fiscal Sustainability and Financial Markets Development Program (Subprogram 1)
XM-DAC-46004-55103-002-LN4518,XM-DAC-46004,Asian Development Bank,40,Multilateral,1,0,A01_general,1,0,3,Finalisation,Fiscal Sustainability and Financial Markets Development Program (Subprogram 2)
XM-DAC-46004-55105-001-LN4145,XM-DAC-46004,Asian Development Bank,40,Multilateral,1,0,A01_general,1,0,3,Finalisation,Build Universal Health Care Program (Subprogram 1)
XM-DAC-46004-55105-003-LN4414,XM-DAC-46004,Asian Development Bank,40,Multilateral,1,0,A01_general,1,0,3,Finalisation,Build Universal Health Care Program (Subprogram 2)
XM-DAC-46004-55116-001-LN4193,XM-DAC-46004,Asian Development Bank,40,Multilateral,1,0,A01_general,1,0,3,Finalisation,Sustainable and Resilient Recovery Program
XM-DAC-46004-55116-001-LN4194,XM-DAC-46004,Asian Development Bank,40,Multilateral,1,0,A01_general,1,0,3,Finalisation,Sustainable and Resilient Recovery Program
XM-DAC-46004-55145-001-LN4452,XM-DAC-46004,Asian Development Bank,40,Multilateral,1,0,A01_general,1,0,3,Finalisation,Strengthened and Measurable Actions for Resilient and Transformative Health Systems Program (Subprogram 1)
XM-DAC-46004-55154-001-LN4275,XM-DAC-46004,Asian Development Bank,40,Multilateral,1,0,A01_general,1,0,3,Finalisation,Strengthening Multimodal and Integrated Logistics Ecosystem Program
XM-DAC-46004-55154-003-LN4559,XM-DAC-46004,Asian Development Bank,40,Multilateral,1,0,A01_general,1,0,3,Finalisation,Strengthening Multimodal and Integrated Logistics Ecosystem Program (Subprogram 2)
XM-DAC-46004-55183-001-LN4450,XM-DAC-46004,Asian Development Bank,40,Multilateral,1,0,A01_general,1,0,3,Finalisation,Promoting Sustainable Public-Private Partnerships Program (Subprogram 1)
XM-DAC-46004-55209-003-LN4356,XM-DAC-46004,Asian Development Bank,40,Multilateral,1,0,A01_general,1,0,3,Finalisation,"Strengthening Fiscal, Financial, and Economic Resilience Subprogram 1"
XM-DAC-46004-55220-001-LN4477,XM-DAC-46004,Asian Development Bank,40,Multilateral,1,0,A01_general,1,0,3,Finalisation,"Rural Water Supply, Sanitation, and Hygiene Improvement Sector Development Program"
XM-DAC-46004-55235-001-LN4251,XM-DAC-46004,Asian Development Bank,40,Multilateral,1,0,A01_general,1,0,3,Finalisation,"State-Owned Enterprises&apos; Reform Program, Subprogram 1"
XM-DAC-46004-55255-001-LN4267,XM-DAC-46004,Asian Development Bank,40,Multilateral,1,0,A01_general,1,0,3,Finalisation,"Trade and Competitiveness Program, Subprogram 1"
XM-DAC-46004-55255-003-LN4549,XM-DAC-46004,Asian Development Bank,40,Multilateral,1,0,A01_general,1,0,3,Finalisation,"Trade and Competitiveness Program, Subprogram 2"
XM-DAC-46004-55268-001-LN4186,XM-DAC-46004,Asian Development Bank,40,Multilateral,1,0,A01_general,1,0,3,Finalisation,"Climate Change Action Program, Subprogram 1"
XM-DAC-46004-55268-003-LN4550,XM-DAC-46004,Asian Development Bank,40,Multilateral,1,0,A01_general,1,0,3,Finalisation,"Climate Change Action Program, Subprogram 2"
XM-DAC-46004-55300-001-LN4289,XM-DAC-46004,Asian Development Bank,40,Multilateral,1,0,A01_general,1,0,3,Finalisation,COVID-19: Post-COVID-19 Business and Employment Recovery Program - Subprogram 1
XM-DAC-46004-55300-002-LN4581,XM-DAC-46004,Asian Development Bank,40,Multilateral,1,0,A01_general,1,0,3,Finalisation,Business and Employment Recovery Program - Subprogram 2
XM-DAC-46004-55360-001-LN4331,XM-DAC-46004,Asian Development Bank,40,Multilateral,1,0,A01_general,1,0,3,Finalisation,Skills for Future Economy Sector Development Program (Subprogram 1)
XM-DAC-46004-56006-001-LN4406,XM-DAC-46004,Asian Development Bank,40,Multilateral,1,0,A01_general,1,0,3,Finalisation,"Improved Resource Mobilization and Utilization Reform Program, Subprogram 1"
XM-DAC-46004-56006-003-GRNT4598,XM-DAC-46004,Asian Development Bank,40,Multilateral,1,0,A01_general,1,0,2,Implementation,"Improved Resource Mobilization and Utilization Reform Program, Subprogram 2"
XM-DAC-46004-56006-003-LN4597,XM-DAC-46004,Asian Development Bank,40,Multilateral,1,0,A01_general,1,0,2,Implementation,"Improved Resource Mobilization and Utilization Reform Program, Subprogram 2"
XM-DAC-46004-56010-001-LN4229,XM-DAC-46004,Asian Development Bank,40,Multilateral,1,0,A01_general,1,0,3,Finalisation,Fiscal Sustainability and Green Recovery Program (Subprogram 1)
XM-DAC-46004-56010-002-LN4453,XM-DAC-46004,Asian Development Bank,40,Multilateral,1,0,A01_general,1,0,3,Finalisation,Fiscal Sustainability and Green Recovery Program (Subprogram 2)
XM-DAC-46004-56023-001-LN4746,XM-DAC-46004,Asian Development Bank,40,Multilateral,1,0,A01_general,1,0,3,Finalisation,"Sustainable Energy Sector Development Program, Subprogram 1"
XM-DAC-46004-56069-001-LN4444,XM-DAC-46004,Asian Development Bank,40,Multilateral,1,0,A01_general,1,0,3,Finalisation,Health Sector Enhancement Program
XM-DAC-46004-56138-001-GRNT0881,XM-DAC-46004,Asian Development Bank,40,Multilateral,1,0,A01_general,1,0,2,Implementation,Pacific Disaster Resilience Program (Phase 4)
XM-DAC-46004-56138-001-GRNT0882,XM-DAC-46004,Asian Development Bank,40,Multilateral,1,0,A01_general,1,0,3,Finalisation,Pacific Disaster Resilience Program (Phase 4)
XM-DAC-46004-56138-001-GRNT0883,XM-DAC-46004,Asian Development Bank,40,Multilateral,1,0,A01_general,1,0,2,Implementation,Pacific Disaster Resilience Program (Phase 4)
XM-DAC-46004-56138-001-GRNT0884,XM-DAC-46004,Asian Development Bank,40,Multilateral,1,0,A01_general,1,0,2,Implementation,Pacific Disaster Resilience Program (Phase 4)
XM-DAC-46004-56138-001-LN4300,XM-DAC-46004,Asian Development Bank,40,Multilateral,1,0,A01_general,1,0,2,Implementation,Pacific Disaster Resilience Program (Phase 4)
XM-DAC-46004-56138-002-GRNT0950,XM-DAC-46004,Asian Development Bank,40,Multilateral,1,0,A01_general,1,0,2,Implementation,Pacific Disaster Resilience Program (Phase 5)
XM-DAC-46004-56138-002-GRNT0951,XM-DAC-46004,Asian Development Bank,40,Multilateral,1,0,A01_general,1,0,2,Implementation,Pacific Disaster Resilience Program (Phase 5)
XM-DAC-46004-56138-002-GRNT0952,XM-DAC-46004,Asian Development Bank,40,Multilateral,1,0,A01_general,1,0,2,Implementation,Pacific Disaster Resilience Program (Phase 5)
XM-DAC-46004-56138-002-GRNT0953,XM-DAC-46004,Asian Development Bank,40,Multilateral,1,0,A01_general,1,0,2,Implementation,Pacific Disaster Resilience Program (Phase 5)
XM-DAC-46004-56138-002-LN4459,XM-DAC-46004,Asian Development Bank,40,Multilateral,1,0,A01_general,1,0,2,Implementation,Pacific Disaster Resilience Program (Phase 5)
XM-DAC-46004-56140-001-GRNT1064,XM-DAC-46004,Asian Development Bank,40,Multilateral,1,0,A01_general,1,0,2,Implementation,Accelerating Indonesia's Clean Energy Transition Program (Phase 1)
XM-DAC-46004-56144-001-LN4202,XM-DAC-46004,Asian Development Bank,40,Multilateral,1,0,A01_general,1,0,3,Finalisation,Weathering Exogenous Shocks Program
XM-DAC-46004-56147-001-GRNT0857,XM-DAC-46004,Asian Development Bank,40,Multilateral,1,0,A01_general,1,0,3,Finalisation,Building Resilience with Active Countercyclical Expenditures Program (
XM-DAC-46004-56148-001-LN4234,XM-DAC-46004,Asian Development Bank,40,Multilateral,1,0,A01_general,1,0,3,Finalisation,Building Resilience with Active Countercyclical Expenditures Program
XM-DAC-46004-56148-001-LN4235,XM-DAC-46004,Asian Development Bank,40,Multilateral,1,0,A01_general,1,0,3,Finalisation,Building Resilience with Active Countercyclical Expenditures Program
XM-DAC-46004-56149-001-LN4225,XM-DAC-46004,Asian Development Bank,40,Multilateral,1,0,A01_general,1,0,3,Finalisation,Building Resilience with Active Countercyclical Expenditures Program
XM-DAC-46004-56150-001-GRNT0860,XM-DAC-46004,Asian Development Bank,40,Multilateral,1,0,A01_general,1,0,3,Finalisation,Building Resilience with Active Countercyclical Expenditures Program
XM-DAC-46004-56150-001-LN4241,XM-DAC-46004,Asian Development Bank,40,Multilateral,1,0,A01_general,1,0,3,Finalisation,Building Resilience with Active Countercyclical Expenditures Program
XM-DAC-46004-56253-001-LN4423,XM-DAC-46004,Asian Development Bank,40,Multilateral,1,0,A01_general,1,0,3,Finalisation,Climate-Resilient Inclusive Development Program (Subprogram 1)
XM-DAC-46004-56253-004-LN4606,XM-DAC-46004,Asian Development Bank,40,Multilateral,1,0,A01_general,1,0,3,Finalisation,Climate-Resilient Inclusive Development Program (Subprogram 2)
XM-DAC-46004-56257-001-LN4617,XM-DAC-46004,Asian Development Bank,40,Multilateral,1,0,A01_general,1,0,3,Finalisation,"Domestic Resource Mobilization Program, Subprogram 1"
XM-DAC-46004-56270-001-LN4538,XM-DAC-46004,Asian Development Bank,40,Multilateral,1,0,A01_general,1,0,3,Finalisation,Accelerating Climate Investment Program (Subprogram 1)
XM-DAC-46004-56270-001-LN4539,XM-DAC-46004,Asian Development Bank,40,Multilateral,1,0,A01_general,1,0,3,Finalisation,Accelerating Climate Investment Program (Subprogram 1)
XM-DAC-46004-56281-001-LN4479,XM-DAC-46004,Asian Development Bank,40,Multilateral,1,0,A01_general,1,0,3,Finalisation,Water Supply and Sanitation Reform Program (Subprogram 1)
XM-DAC-46004-56284-001-GRNT0914,XM-DAC-46004,Asian Development Bank,40,Multilateral,1,0,A01_general,1,0,3,Finalisation,"Sustainable and Inclusive Economic Recovery Program, Subprogram 1"
XM-DAC-46004-56284-002-GRNT1081,XM-DAC-46004,Asian Development Bank,40,Multilateral,1,0,A01_general,1,0,3,Finalisation,"Sustainable and Inclusive Economic Recovery Program, Subprogram 2 (PBL)"
XM-DAC-46004-56285-001-LN4422,XM-DAC-46004,Asian Development Bank,40,Multilateral,1,0,A01_general,1,0,3,Finalisation,Financial Sector Stability and Reforms Program (Subprogram 1)
XM-DAC-46004-56288-001-LN4376,XM-DAC-46004,Asian Development Bank,40,Multilateral,1,0,A01_general,1,0,3,Finalisation,Domestic Resource Mobilization Program (Subprogram 1)
XM-DAC-46004-56299-001-GRNT0955,XM-DAC-46004,Asian Development Bank,40,Multilateral,1,0,A01_general,1,0,3,Finalisation,Enabling Climate-Responsive Business Environment Improvement Program (Subprogram 1)
XM-DAC-46004-56332-001-LN4464,XM-DAC-46004,Asian Development Bank,40,Multilateral,1,0,A01_general,1,0,3,Finalisation,Power Sector Reforms and Financial Sustainability Program (Subprogram I)
XM-DAC-46004-56332-002-LN4709,XM-DAC-46004,Asian Development Bank,40,Multilateral,1,0,A01_general,1,0,2,Implementation,Power Sector Reforms and Financial Sustainability Program (Subprogram 2)
XM-DAC-46004-56343-001-LN4393,XM-DAC-46004,Asian Development Bank,40,Multilateral,1,0,A01_general,1,0,3,Finalisation,Maharashtra Tertiary Care and Medical Education Sector Development Program
XM-DAC-46004-56358-001-GRNT0943,XM-DAC-46004,Asian Development Bank,40,Multilateral,1,0,A01_general,1,0,3,Finalisation,"Improving Economic Management Program, Subprogram 1"
XM-DAC-46004-56358-002-GRNT1051,XM-DAC-46004,Asian Development Bank,40,Multilateral,1,0,A01_general,1,0,3,Finalisation,"Improving Economic Management Program, Subprogram 2"
XM-DAC-46004-56368-001-LN4487,XM-DAC-46004,Asian Development Bank,40,Multilateral,1,0,A01_general,1,0,3,Finalisation,"Affordable and Sustainable Energy Transition Program, Subprogram 1"
XM-DAC-46004-57018-001-LN4449,XM-DAC-46004,Asian Development Bank,40,Multilateral,1,0,A01_general,1,0,3,Finalisation,"Reducing Marine Debris Program, Subprogram 1"
XM-DAC-46004-57035-001-LN4315,XM-DAC-46004,Asian Development Bank,40,Multilateral,1,0,A01_general,1,0,3,Finalisation,Economic Stabilization Program
XM-DAC-46004-57067-001-LN4568,XM-DAC-46004,Asian Development Bank,40,Multilateral,1,0,A01_general,1,0,3,Finalisation,"Strengthening Public Sector Management Program, Subprogram 1"
XM-DAC-46004-57075-001-LN4660,XM-DAC-46004,Asian Development Bank,40,Multilateral,1,0,A01_general,1,0,2,Implementation,"Insurance Reform Program, Subprogram 1"
XM-DAC-46004-57084-001-LN4563,XM-DAC-46004,Asian Development Bank,40,Multilateral,1,0,A01_general,1,0,3,Finalisation,"Resilient Transformation Program, Subprogram 1"
XM-DAC-46004-57121-001-LN4448,XM-DAC-46004,Asian Development Bank,40,Multilateral,1,0,A01_general,1,0,3,Finalisation,"Strengthening Fiscal Resilience for Sustainable Development Program, Subprogram 1"
XM-DAC-46004-57193-001-GRNT0954,XM-DAC-46004,Asian Development Bank,40,Multilateral,1,0,A01_general,1,0,3,Finalisation,Sustainable Fiscal Management and Governance Improvement Program (Subprogram 1)
XM-DAC-46004-57193-001-LN4462,XM-DAC-46004,Asian Development Bank,40,Multilateral,1,0,A01_general,1,0,3,Finalisation,Sustainable Fiscal Management and Governance Improvement Program (Subprogram 1)
XM-DAC-46004-57194-001-LN4451,XM-DAC-46004,Asian Development Bank,40,Multilateral,1,0,A01_general,1,0,3,Finalisation,Second Strengthening Social Resilience Program (Subprogram 1)
XM-DAC-46004-57194-002-LN4774,XM-DAC-46004,Asian Development Bank,40,Multilateral,1,0,A01_general,1,0,1,Pipeline/identification,Second Strengthening Social Resilience Program (Subprogram 2)
XM-DAC-46004-57227-001-LN4669,XM-DAC-46004,Asian Development Bank,40,Multilateral,1,0,A01_general,1,0,2,Implementation,Sustainable Tourism Sector Development Program (Subprogram 1)
XM-DAC-46004-57245-001-LN4489,XM-DAC-46004,Asian Development Bank,40,Multilateral,1,0,A01_general,1,0,3,Finalisation,Inclusive Finance Sector Development Program Subprogram 1
XM-DAC-46004-57264-001-LN4471,XM-DAC-46004,Asian Development Bank,40,Multilateral,1,0,A01_general,1,0,3,Finalisation,Sustainable and Resilient Growth Program
XM-DAC-46004-57309-001-LN4580,XM-DAC-46004,Asian Development Bank,40,Multilateral,1,0,A01_general,1,0,2,Implementation,Second Disaster Resilience Improvement Program
XM-DAC-46004-57337-001-LN4535,XM-DAC-46004,Asian Development Bank,40,Multilateral,1,0,A01_general,1,0,3,Finalisation,"Green, Resilient, and Inclusive Development Program (Subprogram 1)"
XM-DAC-46004-58003-001-LN4572,XM-DAC-46004,Asian Development Bank,40,Multilateral,1,0,A01_general,1,0,3,Finalisation,Public Financial Management Reform Program (Subprogram 1)
XM-DAC-46004-58020-001-LN4571,XM-DAC-46004,Asian Development Bank,40,Multilateral,1,0,A01_general,1,0,3,Finalisation,Strengthening Economic Management and Governance Program (Subprogram 1)
XM-DAC-46004-58020-002-LN4780,XM-DAC-46004,Asian Development Bank,40,Multilateral,1,0,A01_general,1,0,2,Implementation,"Strengthening Economic Management and Governance Program, Subprogram 2"
XM-DAC-46004-58020-002-LN4781,XM-DAC-46004,Asian Development Bank,40,Multilateral,1,0,A01_general,1,0,2,Implementation,"Strengthening Economic Management and Governance Program, Subprogram 2"
XM-DAC-46004-58023-001-LN4679,XM-DAC-46004,Asian Development Bank,40,Multilateral,1,0,A01_general,1,0,3,Finalisation,"Strengthening Macroeconomic Resilience and Transparency Program, Subprogram 1"
XM-DAC-46004-58054-001-LN4514,XM-DAC-46004,Asian Development Bank,40,Multilateral,1,0,A01_general,1,0,3,Finalisation,Climate and Disaster Resilience Enhancement Program (Subprogram 1)
XM-DAC-46004-58125-001-LN4544,XM-DAC-46004,Asian Development Bank,40,Multilateral,1,0,A01_general,1,0,3,Finalisation,"Accelerating the Climate Transition for Green, Inclusive, and Resilient Economic Growth Program (Subprogram 1)"
XM-DAC-46004-58125-001-LN4545,XM-DAC-46004,Asian Development Bank,40,Multilateral,1,0,A01_general,1,0,3,Finalisation,"Accelerating the Climate Transition for Green, Inclusive, and Resilient Economic Growth Program (Subprogram 1)"
XM-DAC-46004-58165-001-LN4557,XM-DAC-46004,Asian Development Bank,40,Multilateral,1,0,A01_general,1,0,3,Finalisation,"Promoting Innovative Financial Inclusion Program, Subprogram 3"
XM-DAC-46004-58208-001-LN4543,XM-DAC-46004,Asian Development Bank,40,Multilateral,1,0,A01_general,1,0,3,Finalisation,Financial Sector Stability and Reforms Program - Subprogram 2
XM-DAC-46004-58326-001-GRNT1044,XM-DAC-46004,Asian Development Bank,40,Multilateral,1,0,A01_general,1,0,3,Finalisation,Advancing Green Investment and Resilient Economic Growth Program (Subprogram 1)
XM-DAC-46004-58326-001-LN4651,XM-DAC-46004,Asian Development Bank,40,Multilateral,1,0,A01_general,1,0,3,Finalisation,Advancing Green Investment and Resilient Economic Growth Program (Subprogram 1)
XM-DAC-46004-58379-001-LN4725,XM-DAC-46004,Asian Development Bank,40,Multilateral,1,0,A01_general,1,0,2,Implementation,Marine Ecosystems for Blue Economy Development Program (Subprogram 1)
XM-DAC-46004-58379-001-LN4725-KfW,XM-DAC-46004,Asian Development Bank,40,Multilateral,1,0,A01_general,1,0,2,Implementation,Marine Ecosystems for Blue Economy Development Program (Subprogram 1)
XM-DAC-46004-58417-001-GRNT1080,XM-DAC-46004,Asian Development Bank,40,Multilateral,1,0,A01_general,1,0,3,Finalisation,Enabling Climate-Responsive Business Environment Improvement Program (Subprogram 2)
XM-DAC-46004-58438-001-LN4681,XM-DAC-46004,Asian Development Bank,40,Multilateral,1,0,A01_general,1,0,2,Implementation,"Inclusive Finance Sector Development Program, Subprogram 2"
XM-DAC-46004-58438-001-LN4682,XM-DAC-46004,Asian Development Bank,40,Multilateral,1,0,A01_general,1,0,2,Implementation,"Inclusive Finance Sector Development Program, Subprogram 2"
XM-DAC-46004-58446-001-LN4605,XM-DAC-46004,Asian Development Bank,40,Multilateral,1,0,A01_general,1,0,3,Finalisation,"Stabilizing and Reforming the Banking Sector Program, Subprogram 1"
XM-DAC-46004-58452-001-LN4622,XM-DAC-46004,Asian Development Bank,40,Multilateral,1,0,A01_general,1,0,2,Implementation,Strengthening Governance for Improved Service Delivery Program (Subprogram 1)
XM-DAC-46004-58475-001-LN4760,XM-DAC-46004,Asian Development Bank,40,Multilateral,1,0,A01_general,1,0,1,Pipeline/identification,"Fiscal Sustainability and Financial Markets Development Program, Subprogram 3"
XM-DAC-46004-58479-001-LN4748,XM-DAC-46004,Asian Development Bank,40,Multilateral,1,0,A01_general,1,0,2,Implementation,"Improving Financial Access Program, Subprogram 1"
XM-DAC-46004-58508-001-LN4608,XM-DAC-46004,Asian Development Bank,40,Multilateral,1,0,A01_general,1,0,2,Implementation,Women-Inclusive Finance Sector Development Program Subprogram 2
XM-DAC-46004-58508-001-LN4609,XM-DAC-46004,Asian Development Bank,40,Multilateral,1,0,A01_general,1,0,2,Implementation,Women-Inclusive Finance Sector Development Program Subprogram 2
XM-DAC-46004-58522-001-GRNT1030,XM-DAC-46004,Asian Development Bank,40,Multilateral,1,0,A01_general,1,0,2,Implementation,Trade Expansion and Diversification Program (Subprogram 1)
XM-DAC-46004-58522-001-LN4752,XM-DAC-46004,Asian Development Bank,40,Multilateral,1,0,A01_general,1,0,2,Implementation,Trade Expansion and Diversification Program (Subprogram 1)
XM-DAC-46004-58538-001-LN4693,XM-DAC-46004,Asian Development Bank,40,Multilateral,1,0,A01_general,1,0,3,Finalisation,"Inclusive and Sustainable Finance Development Program, Subprogram 1"
XM-DAC-46004-58547-001-GRNT1086,XM-DAC-46004,Asian Development Bank,40,Multilateral,1,0,A01_general,1,0,2,Implementation,Enduring Fiscal Position Program
XM-DAC-46004-58548-001-GRNT1063,XM-DAC-46004,Asian Development Bank,40,Multilateral,1,0,A01_general,1,0,3,Finalisation,"Supporting Public Sector Management Reform Program, Subprogram 1"
XM-DAC-46004-59038-001-LN4675,XM-DAC-46004,Asian Development Bank,40,Multilateral,1,0,A01_general,1,0,3,Finalisation,Financial Sector Stability and Reforms Program (Subprogram 3)
XM-DAC-46004-59092-001-LN4724,XM-DAC-46004,Asian Development Bank,40,Multilateral,1,0,A01_general,1,0,3,Finalisation,Business Environment Strengthening with Technology Program (Subprogram 1)
XM-DAC-46004-59151-001-GRNT1094,XM-DAC-46004,Asian Development Bank,40,Multilateral,1,0,A01_general,1,0,3,Finalisation,Strengthening the Banking and Capital Markets Reforms Program (Subprogram 1)
XM-DAC-46004-59151-001-LN4722,XM-DAC-46004,Asian Development Bank,40,Multilateral,1,0,A01_general,1,0,3,Finalisation,Strengthening the Banking and Capital Markets Reforms Program (Subprogram 1)
XM-DAC-46004-59154-001-GRNT1067,XM-DAC-46004,Asian Development Bank,40,Multilateral,1,0,A01_general,1,0,1,Pipeline/identification,Risk Layered Disaster Relief Finance Program
XM-DAC-46004-59154-001-GRNT1068,XM-DAC-46004,Asian Development Bank,40,Multilateral,1,0,A01_general,1,0,1,Pipeline/identification,Risk Layered Disaster Relief Finance Program
XM-DAC-46004-59193-001-LN4704,XM-DAC-46004,Asian Development Bank,40,Multilateral,1,0,A01_general,1,0,3,Finalisation,Strengthening Public Financial Management and Devolved Service Delivery Program (subprogram 2)
XM-DAC-46004-59288-001-LN4703,XM-DAC-46004,Asian Development Bank,40,Multilateral,1,0,A01_general,1,0,2,Implementation,Accelerating Affordable and Inclusive Rooftop Solar Systems Development Program
XM-DAC-5-7-6617541,XM-DAC-5-7,"EN: Germany - Federal Foreign Office, DE: Deutschland - Auswärtiges Amt",10,Bilateral,1,0,A01_general,1,0,1,Pipeline/identification,"EN: Organ-restoration of the synagogue Argentina, DE: Orgelrestaurierung Synagoge Argentinien"
XM-DAC-5-7-6618264,XM-DAC-5-7,"EN: Germany - Federal Foreign Office, DE: Deutschland - Auswärtiges Amt",10,Bilateral,1,0,A01_general,1,0,2,Implementation,"EN: Gemeinsames Zentrum für die Albanisch-Serbischen Beziehungen - 2022-2023 Aktivitäten, DE: Joint Center for Albania-Serbia Relations - 2022-2023 Activities "
XM-DAC-5-7-6618595,XM-DAC-5-7,"EN: Germany - Federal Foreign Office, DE: Deutschland - Auswärtiges Amt",10,Bilateral,1,0,A01_general,1,0,1,Pipeline/identification,"EN: Reconciliation through dialogue and joint activities in the local communities in BiH, DE: Versöhnung durch Dialog und gemeinsame Aktivitäten in den lokalen Communities in BIH"
XM-DAC-5-7-6618689,XM-DAC-5-7,"EN: Germany - Federal Foreign Office, DE: Deutschland - Auswärtiges Amt",10,Bilateral,1,0,A01_general,1,0,2,Implementation,"EN: Support of accountability measures addressing violations of human rights and international law perpetrated in Syria and Iraq , DE: Beweisanalyse zu Völkerrechtsverbrechen in Syrien und Irak"
XM-DAC-5-7-6618709,XM-DAC-5-7,"EN: Germany - Federal Foreign Office, DE: Deutschland - Auswärtiges Amt",10,Bilateral,1,0,A01_general,1,0,1,Pipeline/identification,"EN: Multi-Platform Support to Build Resilience for Al-Houl Camp Residents in Preparation for Reintegration, DE: Unterstützung für Bewohner des Camps Al-Houl"
XM-DAC-5-7-6619010,XM-DAC-5-7,"EN: Germany - Federal Foreign Office, DE: Deutschland - Auswärtiges Amt",10,Bilateral,1,0,A01_general,1,0,1,Pipeline/identification,"EN: Aquisition of sewing machines and other equipment to support women and girls with their financial autonomisation, DE: Kauf von Nähmaschinen und Materialien, um Schneiderinnen bei der Ausübung ihres Berufes zu unterstützen"
XM-DAC-5-7-6619031,XM-DAC-5-7,"EN: Germany - Federal Foreign Office, DE: Deutschland - Auswärtiges Amt",10,Bilateral,1,0,A01_general,1,0,2,Implementation,"EN: Neonatal Care, DE: Medizinische Fürsorge der Neugeborenen"
XM-DAC-5-7-6619140,XM-DAC-5-7,"EN: Germany - Federal Foreign Office, DE: Deutschland - Auswärtiges Amt",10,Bilateral,1,0,A01_general,1,0,2,Implementation,"EN: Water supply for the vegetable cultivation of the women of N'Ganian, Fakolo Municipality, Koutiala County, DE: Wasserversorgung für den Gemüseanbau der Frauen von N‘Ganian, Gemeinde Fakolo, Kreis Koutiala"
XM-DAC-5-7-6619197,XM-DAC-5-7,"EN: Germany - Federal Foreign Office, DE: Deutschland - Auswärtiges Amt",10,Bilateral,1,0,A01_general,1,0,2,Implementation,"EN: The Science and Policy Nexus Program in Rwanda, DE: The Science and Policy Nexus Program in Rwanda"
XM-DAC-50-21-Z03-24-01-22500,XM-DAC-50-21,AECID Agencia Española de Cooperación Internacional para el Desarrollo,10,Bilateral,0,1,A02_sector,1,0,2,Implementation,Prevención de la violencia contra las mujeres en Asunción y Central
XM-DAC-50-21-Z03-25-01-21800,XM-DAC-50-21,AECID Agencia Española de Cooperación Internacional para el Desarrollo,10,Bilateral,0,1,A02_sector,1,0,2,Implementation,Apoyo presupuestario para la economía azul en Cabo Verde
XM-DAC-6-4-008465-03-0,XM-DAC-6-4,AICS - Italian Agency for Cooperation and Development,10,Bilateral,1,0,A01_general,1,0,4,Closed,"EN: GENERAL BUDGET SUPPORT - LOCAL FUND, IT: SOSTEGNO AL BILANCIO GENERALE DELLO STATO - GENERAL BUDGET SUPPORT (2007-2012) - FONDO IN LOCO"
XM-DAC-6-4-009147-01-4,XM-DAC-6-4,AICS - Italian Agency for Cooperation and Development,10,Bilateral,0,1,A02_sector,1,0,4,Closed,"EN: ITALY'S PARTICIPATION IN THE SECTOR WIDE APPROACH - HEALTH - IN MOZAMBIQUE. Financing to recipient government institutions, IT: PARTECIP. ITALIANA  FINANZIAMENTO E  GESTIONE  PROGRAMMA SETTORIALE DEL GOV. MOZAMBICANO PER IL SETTORE SANITARIO - EX ART. 15"
XM-DAC-6-4-009614-01-0,XM-DAC-6-4,AICS - Italian Agency for Cooperation and Development,10,Bilateral,0,1,A02_sector,1,0,2,Implementation,"EN: SUPPORT TO BALANCE PAYMENTS AND WATER SECTOR PROGRAM AID. Financing to recipient government institutions, IT: PROGRAMMA DI SOSTEGNO ALLA BILANCIA DEI PAGAMENTI ED AL SETTORE IDRICO - FASE II"
XM-DAC-6-4-009659-01-6,XM-DAC-6-4,AICS - Italian Agency for Cooperation and Development,10,Bilateral,0,1,A02_sector,1,0,4,Closed,"EN: PROMOTING CHILDREN'S RIGHTS AND FAMILY GOVERNATORATE EMPOWERMENT IN FAYOUM, IT: PROGRAMMA DEI DIRITTI DEI MINORI ED EMPOWERMENT DELLA FAMIGLIA NEL GOVERNATORATO DI EL FAYOUM. ART. 15"
XM-DAC-6-4-009696-03-5,XM-DAC-6-4,AICS - Italian Agency for Cooperation and Development,10,Bilateral,0,1,A02_sector,1,0,4,Closed,"EN: SOCIO ECONOMIC REGENERATION CULTURAL HISTORICAL CENTER SAN SALVADOR BY FUNCTION HOUSING COOPERATIVE MOVEMENT local fund, IT: RIQUALIF. SOC.-ECONOM.CULTURALE  CENTRO STORICO SAN SALVADOR. FUNZIONE ABITATIVA MEDIANTE MOVIMENTO COOPERATIVO-FONDO IN LOCO"
XM-DAC-6-4-010049-01-2,XM-DAC-6-4,AICS - Italian Agency for Cooperation and Development,10,Bilateral,0,1,A02_sector,1,0,3,Finalisation,"EN: Education Sector Common Fund (FASE) Support. Financing to recipient government institutions, IT: Fondo comune di Appoggio al Settore dell'Educazione-FASE.Finanziamento al Governo"
XM-DAC-6-4-010081-01-3,XM-DAC-6-4,AICS - Italian Agency for Cooperation and Development,10,Bilateral,0,1,A02_sector,1,0,4,Closed,"EN: Ethiopia-MDG FUND Italian contribution 2013-2015. Financing to recipient government institutions, IT: Etiopia- Contributo italiano all'MDG FUND 2013-2015. Finanziamento al Governo"
XM-DAC-6-4-010084-02-3,XM-DAC-6-4,AICS - Italian Agency for Cooperation and Development,10,Bilateral,1,0,A01_general,1,0,4,Closed,"EN: EMERGENCY HUMANITARIAN ASSISTANCE TO THE PEOPLE OF MOPTI'S REGION, WITH SPECIAL FOCUS ON VULNERABLE GROUPS, IT: Fondo in loco Iniziativa di emergenza in favore delle popolazioni vittime dei recenti conflitti."
XM-DAC-6-4-010152-01-5,XM-DAC-6-4,AICS - Italian Agency for Cooperation and Development,10,Bilateral,0,1,A02_sector,1,0,3,Finalisation,"EN: Trilateral cooperation programme for forest fires reduction and the alternative use of fire in regions of Ecuador, IT: Art. 15-Programma trilaterale di riduzione degli incendi e delle alternative all'uso del fuoco nelle regioni dell'Ecuador"
XM-DAC-6-4-010408-01-6,XM-DAC-6-4,AICS - Italian Agency for Cooperation and Development,10,Bilateral,0,1,A02_sector,1,0,4,Closed,"EN: Expert fund for the project  improving vietnamese SMEs competitiveness., IT: F. Esperti per formulazione di iniziativa a sostegno delle PMI vietnamite"
XM-DAC-6-4-010418-01-5,XM-DAC-6-4,AICS - Italian Agency for Cooperation and Development,10,Bilateral,0,1,A02_sector,1,0,4,Closed,"EN: Italian Support to Health System Strengthening in Oromia and Tigray Regions - art. 15 -, IT: Supporto italiano allo sviluppo dei sistemi sanitari nelle regioni Oromia e Tigray - art. 15 -"
XM-DAC-6-4-010419-01-0,XM-DAC-6-4,AICS - Italian Agency for Cooperation and Development,10,Bilateral,0,1,A02_sector,1,0,2,Implementation,"EN: TUNISIA - SUPPORT TO THE IMPLEMENTATION OF THE UN CONVENTION ON THE RIGHTS OF PERSONS WITH DISABILITIES, IT: TUNISIA - PROGETTO DI SOSTEGNO ALL'ATTUAZIONE DELLA CONVENZIONE ONU PER I DIRITTI DELLE PERSONE CON DISABILITA' - ART 15"
XM-DAC-6-4-010496-02-1,XM-DAC-6-4,AICS - Italian Agency for Cooperation and Development,10,Bilateral,0,1,A02_sector,1,0,4,Closed,"EN: LEBANON- PROMOTING WOMEN'S PARTICIPATION IN LOCAL GOVERNANCE AND DEVELOPMENT, IT: LIBANO - DONNE NELLA GOVERNANCE DELLO SVILUPPO LOCALE - FASE II - FL"
XM-DAC-6-4-010497-01-2,XM-DAC-6-4,AICS - Italian Agency for Cooperation and Development,10,Bilateral,1,0,A01_general,1,0,4,Closed,"EN: Sapevo El Salvador Mitigation of Vulcanological Hazards, IT: SaPeVo El Salvador:Mitigar Peligro Volcanicos"
XM-DAC-6-4-010519-02-5,XM-DAC-6-4,AICS - Italian Agency for Cooperation and Development,10,Bilateral,0,1,A02_sector,1,0,4,Closed,"EN: Improving the flood forecasting and warning system in Vietnam - II Phase - Fondo Esperti, IT: Miglioramento del sistema di previsione ed allarme delle alluvioni in Vietnam, II fase - Fondo Esperti"
XM-DAC-6-4-010607-01-5,XM-DAC-6-4,AICS - Italian Agency for Cooperation and Development,10,Bilateral,0,1,A02_sector,1,0,3,Finalisation,"EN: TUNISIA - RJIM MAATOUG REGION COMPLEMENTARY ACTIONS, IT: TUNISIA - AZIONI COMPLEMENTARI NELLA REGIONE DI RJIM MAATOUG"
XM-DAC-6-4-010680-01-4,XM-DAC-6-4,AICS - Italian Agency for Cooperation and Development,10,Bilateral,1,0,A01_general,1,0,4,Closed,"EN: Emergency  Program in Support to the Health System Recovery after the Ebola Crisis in Sierra Leone, IT: INIZIATIVA DI EMERGENZA IN FAVORE DEL RIPRISTINO DEL SISTEMA SANITARIO DOPO LA MALATTIA DA VIRUS EBOLA IN SIERRA LEONE"
XM-DAC-6-4-010693-01-2,XM-DAC-6-4,AICS - Italian Agency for Cooperation and Development,10,Bilateral,1,0,A01_general,1,0,4,Closed,"EN: Emergency humanitarian assistance to the victims of the ongoing conflicts,, IT: Iniziativa di emergenza per la tutela dei gruppi vulnerabili vittime del conflitto."
XM-DAC-6-4-010718-02-4,XM-DAC-6-4,AICS - Italian Agency for Cooperation and Development,10,Bilateral,0,1,A02_sector,1,0,4,Closed,"EN: Inclusive and Sustainable Value Chains Development in Oromia, IT: Sviluppo Inclusivo e Sostenibile delle Filiere Agricole in Oromia fin. Governo"
XM-DAC-6-4-010733-01-5,XM-DAC-6-4,AICS - Italian Agency for Cooperation and Development,10,Bilateral,1,0,A01_general,1,0,4,Closed,"EN: Emergency Initiative in support of the vulnerable people, refugees, IDPs and migrants addressing the root  causes of irregular migration., IT: Iniziativa di emergenza in favore delle popolazioni vulnerabili, dei migranti, degli sfollati interni e rifugiati, per contrastar"
XM-DAC-6-4-010744-01-6,XM-DAC-6-4,AICS - Italian Agency for Cooperation and Development,10,Bilateral,0,1,A02_sector,1,0,3,Finalisation,"EN: Integrated rural develpment project in the Hazoua and Tamerza delegations (Tozeur Governorate), IT: Progetto di sviluppo rurale integrato nelle delegazioni di Hazoua e Tamerza (Governorato di Tozeur)"
XM-DAC-6-4-010877-02-0,XM-DAC-6-4,AICS - Italian Agency for Cooperation and Development,10,Bilateral,0,1,A02_sector,1,0,4,Closed,"EN: Supporting the implementation of the 5 General Census of Population and Housing - INSD, IT: Sostegno alla realizzazione del 5 censimento generale della popolazione e delle abitazioni -Contributo INSD"
XM-DAC-6-4-010888-01-0,XM-DAC-6-4,AICS - Italian Agency for Cooperation and Development,10,Bilateral,0,1,A02_sector,1,0,3,Finalisation,"EN: Programme of istitutional building for management of the cultural Heritage - Grant, IT: Programma di rafforzamento istituzionale per la gestione del patrimonio culturale nel Dipartimento di La Paz - Dono al Governo"
XM-DAC-6-4-010997-01-1,XM-DAC-6-4,AICS - Italian Agency for Cooperation and Development,10,Bilateral,0,1,A02_sector,1,0,4,Closed,"EN: Multi donors fund for the realization of the 5th action plan of SISTAFE Programme - Project  2016 - 2018, IT: Fondo Comune Donatori per realizzazione V piano d'azione programma SISTAFE. Proposta 2016-2018- art.7 L.125/2014 II-III annualità"
XM-DAC-6-4-010997-03-3,XM-DAC-6-4,AICS - Italian Agency for Cooperation and Development,10,Bilateral,0,1,A02_sector,1,0,4,Closed,"EN: Multi donors fund for the realization of the 5th action plan of SISTAFE Programme - Project  2016 ' 2018, IT: Fondo Comune Donatori realizzazione V piano d'azione programma SISTAFE. Proposta 2016-2018- art.7 L.125/2014 I annualità IGRUE"
XM-DAC-6-4-011005-01-3,XM-DAC-6-4,AICS - Italian Agency for Cooperation and Development,10,Bilateral,0,1,A02_sector,1,0,4,Closed,"EN: Strenghtening the resilience ofpopulations to cope with the food insecurity in the central and northern regions and Sahel, IT: Rafforzamento resilienza popolazioni per fronteggiare l'insicurezza alimentare nel centro-nord e nel Sahel - Art 7 L. 125/2014"
XM-DAC-6-4-011023-01-4,XM-DAC-6-4,AICS - Italian Agency for Cooperation and Development,10,Bilateral,0,1,A02_sector,1,0,5,Cancelled,"EN: Supporting the juvenile justice system in El Salvador, IT: Sostegno al sistema di giustizia penale per minori e giovani in El Salvador"
XM-DAC-6-4-011068-01-3,XM-DAC-6-4,AICS - Italian Agency for Cooperation and Development,10,Bilateral,0,1,A02_sector,1,0,3,Finalisation,"EN: Agricoltural program Italy Senegal Plus (Pais Plus), IT: Programma agricolo Italia Senegal Plus (Pais Plus) - Dono al governo"
XM-DAC-6-4-011097-01-5,XM-DAC-6-4,AICS - Italian Agency for Cooperation and Development,10,Bilateral,0,1,A02_sector,1,0,4,Closed,"EN: Support to the education common fund (FASE), IT: Sostegno al Fondo Comune dell'Educazione (FASE)"
XM-DAC-6-4-011389-02-2,XM-DAC-6-4,AICS - Italian Agency for Cooperation and Development,10,Bilateral,0,1,A02_sector,1,0,2,Implementation,"EN: Sanitation services improvement in urban areas in Ethiopia - Art. 7 L. 125/2014, IT: Miglioramento delle condizioni igienico sanitarie in selezionati centri urbani dell'Etiopia - Art. 7 L. 125/2014"
XM-DAC-6-4-011598-01-6,XM-DAC-6-4,AICS - Italian Agency for Cooperation and Development,10,Bilateral,0,1,A02_sector,1,0,2,Implementation,"EN: Agricultural Project Guinea Italia Paguita, IT: Progetto Agricolo Guinea Italia Paguita - art. 7 L. 125/2014"
XM-DAC-6-4-011639-02-5,XM-DAC-6-4,AICS - Italian Agency for Cooperation and Development,10,Bilateral,0,1,A02_sector,1,0,2,Implementation,"EN: Project to Support Sustainable Development of Beekeeping in Burkina Faso (PADDA / BF), IT: Progetto a Sostegno dello Sviluppo Sostenibile dell'Apicoltura in Burkina Faso (PADDA / BF) - Art 7 L. 125/2014"
XM-DAC-6-4-011649-01-3,XM-DAC-6-4,AICS - Italian Agency for Cooperation and Development,10,Bilateral,0,1,A02_sector,1,0,2,Implementation,"EN: Rigenera: integrated Redevelop of Chamanculo C neighborhood in Maputo, IT: Rigenera : riqualificazione integrata del barrio Chamanculo C  a Maputo"
XM-DAC-6-4-011755-03-0,XM-DAC-6-4,AICS - Italian Agency for Cooperation and Development,10,Bilateral,0,1,A02_sector,1,0,2,Implementation,"EN: Improved rural livelihoods through support to moringa value chain development in SNNPR - Ethiopia, IT: La filiera della moringa per lo sviluppo delle comunita' rurali in SNNPR - Art. 7 L. 125/2014"
XM-DAC-6-4-011764-02-3,XM-DAC-6-4,AICS - Italian Agency for Cooperation and Development,10,Bilateral,0,1,A02_sector,1,0,2,Implementation,"EN: Improvement on skill development and job creation under TVET program in Ethiopia, IT: Formazione tecnico-professionale per l'Agro-Industria in Etiopia - Art. 7 L.125"
XM-DAC-6-4-011835-01-4,XM-DAC-6-4,AICS - Italian Agency for Cooperation and Development,10,Bilateral,0,1,A02_sector,1,0,3,Finalisation,"EN: Italian Contribution to SDGs PF, IT: CONTRIBUTO ITALIANO AL SDG PF  -  DONO"
XM-DAC-6-4-012041-01-3,XM-DAC-6-4,AICS - Italian Agency for Cooperation and Development,10,Bilateral,0,1,A02_sector,1,0,2,Implementation,"EN: Promoting inclusive social development to foster the cultural rights exercise, IT: Rafforzamento dell'esercizio dei diritti culturali attraverso la promozione dello sviluppo sociale inclusivo."
XM-DAC-6-4-012316-01-0,XM-DAC-6-4,AICS - Italian Agency for Cooperation and Development,10,Bilateral,0,1,A02_sector,1,0,2,Implementation,"EN: Project to strengthen the Civil Registration System, IT: Rafforzamento del sistema delle registrazioni civili"
XM-DAC-6-4-012586-01-0,XM-DAC-6-4,AICS - Italian Agency for Cooperation and Development,10,Bilateral,1,0,A01_general,1,0,4,Closed,"EN: Budget support to the Government of Ukraine, IT: Sostegno al bilancio generale dello Stato Ucraino"
XM-DAC-6-4-012620-01-0,XM-DAC-6-4,AICS - Italian Agency for Cooperation and Development,10,Bilateral,0,1,A02_sector,1,0,3,Finalisation,"EN: Quality and Equal Primary Health Services for all in Somalia QEPHS-Som, IT: Servizi Sanitari di Qualità e Accessibili in Somalia"
XM-DAC-6-4-013015-01-0,XM-DAC-6-4,AICS - Italian Agency for Cooperation and Development,10,Bilateral,0,1,A02_sector,1,0,3,Finalisation,"EN: Support Program to the Federal Democratic Republic of Ethiopia for Environmental and Green Economy Development, IT: Sostegno al bilancio ambiente/turismo (Jimma)"
XM-DAC-6-4-013158-01-1,XM-DAC-6-4,AICS - Italian Agency for Cooperation and Development,10,Bilateral,0,1,A02_sector,1,0,3,Finalisation,"EN: Programme of support to the Republic of Congo for the development of Integrated Health Services, IT: Programma di sostegno alla Repubblica del Congo per lo sviluppo di servizi sanitari integrati"
XM-DAC-69-1-2019000246,XM-DAC-69-1,"Ministry of Foreign and European Affairs of the Slovak Republic, SK: Ministerstvo zahraničných vecí a európskych záležitostí SR",10,Bilateral,0,1,A02_sector,1,0,2,Implementation,"Financial contribution for infrastructure of financial police in Palestine, SK: Príspevok SR na vybudovanie potrebnej infraštruktúry pre finančnú políciu v Palestíne"
XM-DAC-69-3-2018000217,XM-DAC-69-1,"Ministry of Foreign and European Affairs of the Slovak Republic, SK: Ministerstvo zahraničných vecí a európskych záležitostí SR",10,Bilateral,0,1,A02_sector,1,0,2,Implementation,"Budget Support to Montenegro - regulation of gambling, SK: Rozpočtová podpora pre Čiernu Horu - regulácia hazardných hier"
XM-DAC-69-3-2018000330,XM-DAC-69-1,"Ministry of Foreign and European Affairs of the Slovak Republic, SK: Ministerstvo zahraničných vecí a európskych záležitostí SR",10,Bilateral,0,1,A02_sector,1,0,2,Implementation,"Agreement on Financial Contribution between ministries of finance of Slovakia and Montenegro, SK: Dohoda o finančnom príspevku medzi MF SR a MF Čiernej Hory"
XM-DAC-701-8-201903815,XM-DAC-701-8,EN: Japan International Cooperation Agency,40,Multilateral,0,1,A02_sector,1,0,2,Implementation,JA: 電力セクター改革及び強靭性強化プログラム・ローン（フェーズ2）
XM-DAC-701-8-201905005,XM-DAC-701-8,EN: Japan International Cooperation Agency,40,Multilateral,0,1,A02_sector,1,0,2,Implementation,JA: 災害に対する強靱化促進・管理プログラム・ローン（第三期）
XM-DAC-701-8-202004739,XM-DAC-701-8,EN: Japan International Cooperation Agency,40,Multilateral,0,1,A02_sector,1,0,2,Implementation,JA: ユニバーサル・ヘルス・カバレッジのための開発政策借款
XM-DAC-701-8-202108578,XM-DAC-701-8,EN: Japan International Cooperation Agency,40,Multilateral,1,0,A01_general,1,0,2,Implementation,JA: 新型コロナウイルス感染症危機対応緊急支援借款
XM-DAC-701-8-202109599,XM-DAC-701-8,EN: Japan International Cooperation Agency,40,Multilateral,0,1,A02_sector,1,0,2,Implementation,JA: 新型コロナウイルス感染症危機対応緊急支援円借款（競争力・産業近代化及び貿易促進プログラム・ローン）
XM-DAC-701-8-202111010,XM-DAC-701-8,EN: Japan International Cooperation Agency,40,Multilateral,0,1,A02_sector,1,0,2,Implementation,JA: 災害復旧スタンドバイ借款（フェーズ２）
XM-DAC-701-8-202207950,XM-DAC-701-8,EN: Japan International Cooperation Agency,40,Multilateral,0,1,A02_sector,1,0,2,Implementation,JA: 新型コロナウイルス感染症危機対応緊急支援借款
XM-DAC-701-8-202208006,XM-DAC-701-8,EN: Japan International Cooperation Agency,40,Multilateral,0,1,A02_sector,1,0,2,Implementation,JA: 災害復旧スタンド・バイ借款(フェーズ3)
XM-DAC-701-8-202208027,XM-DAC-701-8,EN: Japan International Cooperation Agency,40,Multilateral,0,1,A02_sector,1,0,2,Implementation,JA: ユニバーサル・ヘルス・カバレッジ達成に向けた開発政策借款
XM-DAC-701-8-202209138,XM-DAC-701-8,EN: Japan International Cooperation Agency,40,Multilateral,1,0,A01_general,1,0,2,Implementation,JA: 持続可能な経済社会開発支援プログラム・ローン
XM-DAC-701-8-202209514,XM-DAC-701-8,EN: Japan International Cooperation Agency,40,Multilateral,1,0,A01_general,1,0,2,Implementation,JA: 経済復興・強靱性向上のための開発政策借款
XM-DAC-701-8-202209815,XM-DAC-701-8,EN: Japan International Cooperation Agency,40,Multilateral,0,1,A02_sector,1,0,2,Implementation,JA: 食糧安全保障緊急支援借款
XM-DAC-701-8-202210428,XM-DAC-701-8,EN: Japan International Cooperation Agency,40,Multilateral,0,1,A02_sector,1,0,2,Implementation,JA: 病院ネットワーク強化事業
XM-DAC-701-8-202210509,XM-DAC-701-8,EN: Japan International Cooperation Agency,40,Multilateral,1,0,A01_general,1,0,2,Implementation,JA: 経済復興開発政策借款
XM-DAC-701-8-202210984,XM-DAC-701-8,EN: Japan International Cooperation Agency,40,Multilateral,1,0,A01_general,1,0,2,Implementation,JA: 新型コロナウイルス感染症対応支援借款
XM-DAC-701-8-202311927,XM-DAC-701-8,EN: Japan International Cooperation Agency,40,Multilateral,0,1,A02_sector,1,0,2,Implementation,JA: 財政管理強化のための開発政策借款
XM-DAC-701-8-202311965,XM-DAC-701-8,EN: Japan International Cooperation Agency,40,Multilateral,1,0,A01_general,1,0,2,Implementation,JA: インドにおける持続可能な開発目標に向けた日印協力行動に関するプログラムフェーズ２
XM-DAC-701-8-202311979,XM-DAC-701-8,EN: Japan International Cooperation Agency,40,Multilateral,0,1,A02_sector,1,0,2,Implementation,JA: タミル・ナド州投資促進プログラム（フェーズ3）
XM-DAC-701-8-202312660,XM-DAC-701-8,EN: Japan International Cooperation Agency,40,Multilateral,1,0,A01_general,1,0,2,Implementation,JA: 包摂的かつ強靭な社会経済開発プログラム・ローン
XM-DAC-701-8-202312773,XM-DAC-701-8,EN: Japan International Cooperation Agency,40,Multilateral,0,1,A02_sector,1,0,2,Implementation,JA: ユニバーサル・ヘルス・ケア構築プログラム・サブプログラム2
XM-DAC-701-8-202313856,XM-DAC-701-8,EN: Japan International Cooperation Agency,40,Multilateral,1,0,A01_general,1,0,2,Implementation,JA: 社会セクターの強靱性向上及び人的資本の開発のためのプログラム・ローン
XM-DAC-701-8-202314504,XM-DAC-701-8,EN: Japan International Cooperation Agency,40,Multilateral,0,1,A02_sector,1,0,2,Implementation,JA: 気候変動対策プログラム・サブプログラム2
XM-DAC-701-8-202412097,XM-DAC-701-8,EN: Japan International Cooperation Agency (JICA),40,Multilateral,0,1,A02_sector,1,0,2,Implementation,JA: 経済ガバナンス及び民間セクター開発支援計画のための開発政策借款
XM-DAC-701-8-202412128,XM-DAC-701-8,EN: Japan International Cooperation Agency,40,Multilateral,0,1,A02_sector,1,0,2,Implementation,JA: 民間セクター開発及び経済多角化支援のための開発政策借款
XM-DAC-701-8-202413783,XM-DAC-701-8,EN: Japan International Cooperation Agency,40,Multilateral,0,1,A02_sector,1,0,2,Implementation,JA: 経済改革及び気候変動に対する強靭性強化のための開発政策借款
XM-DAC-701-8-202515176,XM-DAC-701-8,EN: Japan International Cooperation Agency (JICA),40,Multilateral,0,1,A02_sector,1,0,2,Implementation,JA: 経済成長のための強靭性向上及び人的資本開発プログラム・ローン
XM-DAC-701-8-202515233,XM-DAC-701-8,EN: Japan International Cooperation Agency (JICA),40,Multilateral,0,1,A02_sector,1,0,2,Implementation,JA: グリーン成長及び気候に対する強靭性のためのGXプログラムローン
XM-DAC-701-8-202516249,XM-DAC-701-8,EN: Japan International Cooperation Agency,40,Multilateral,0,1,A02_sector,1,0,2,Implementation,JA: 安全上の理由により秘
XM-DAC-701-8-202615286,XM-DAC-701-8,EN: Japan International Cooperation Agency (JICA),40,Multilateral,0,1,A02_sector,1,0,2,Implementation,JA: 競争力・産業近代化及び貿易促進プログラム・サブプログラム３
XM-OCHAS-HPC6770-1258,XM-OCHA-HPC6770,EN: King Salman Humanitarian Aid and Relief Centre,10,Bilateral,1,0,A01_general,0,1,4,Closed,EN: Support the Government of Yemen.
XM-OCHAS-HPC6770-1311,XM-OCHA-HPC6770,EN: King Salman Humanitarian Aid and Relief Centre,10,Bilateral,1,0,A01_general,0,1,4,Closed,EN: Support to the Government of Yemen in the Education Sector (Ministry of Education).
XM-OCHAS-HPC6770-1518,XM-OCHA-HPC6770,EN: King Salman Humanitarian Aid and Relief Centre,10,Bilateral,1,0,A01_general,0,1,4,Closed,EN: Supporting the Government of Yemen.
XM-OCHAS-HPC6770-1605,XM-OCHA-HPC6770,EN: King Salman Humanitarian Aid and Relief Centre,10,Bilateral,1,0,A01_general,0,1,4,Closed,EN: Support to the Government of Yemen in the health sector (Ministry of Health and Population).
XM-OCHAS-HPC6770-1606,XM-OCHA-HPC6770,EN: King Salman Humanitarian Aid and Relief Centre,10,Bilateral,1,0,A01_general,0,1,4,Closed,EN: Support to the Government of Yemen in the Water and Environmental Sanitation Sector (Ministry of Water and Environment).
XM-OCHAS-HPC6770-1609,XM-OCHA-HPC6770,EN: King Salman Humanitarian Aid and Relief Centre,10,Bilateral,1,0,A01_general,0,1,4,Closed,EN: Support to the Government of Yemen (Yemen Ministry of Local Administration)
XM-OCHAS-HPC6770-1610,XM-OCHA-HPC6770,EN: King Salman Humanitarian Aid and Relief Centre,10,Bilateral,1,0,A01_general,0,1,4,Closed,EN: Support to the Government of Yemen (Yemen High Relief Committee).
XM-OCHAS-HPC6770-1612,XM-OCHA-HPC6770,EN: King Salman Humanitarian Aid and Relief Centre,10,Bilateral,1,0,A01_general,0,1,4,Closed,EN: Support to the Government of Yemen (Ministry of Public Health and Population).
XM-OCHAS-HPC6770-1613,XM-OCHA-HPC6770,EN: King Salman Humanitarian Aid and Relief Centre,10,Bilateral,1,0,A01_general,0,1,4,Closed,EN: Support to the Government of Yemen (Yemen Ministry of Water and Environment).
XM-OCHAS-HPC6770-1614,XM-OCHA-HPC6770,EN: King Salman Humanitarian Aid and Relief Centre,10,Bilateral,1,0,A01_general,0,1,4,Closed,EN: Support to the Government of Yemen (Ministry of Education).
XM-OCHAS-HPC6770-1641,XM-OCHA-HPC6770,EN: King Salman Humanitarian Aid and Relief Centre,10,Bilateral,0,1,A02_sector,0,1,4,Closed,"EN: Distribution of 76,250 food baskets in Taiz as part of the food security sector response plan for 2017."
XM-OCHAS-HPC6770-1642,XM-OCHA-HPC6770,EN: King Salman Humanitarian Aid and Relief Centre,10,Bilateral,0,1,A02_sector,0,1,4,Closed,EN: Distribution of (2800) food baskets in Marib as part of the food security sector response plan for 2017.
XM-OCHAS-HPC6770-1789,XM-OCHA-HPC6770,EN: King Salman Humanitarian Aid and Relief Centre,10,Bilateral,1,0,A01_general,0,1,4,Closed,EN: Support to the Yemeni government in the education sector (Yemeni Ministry of Higher Education and Scientific Research).
XM-OCHAS-HPC6770-2174,XM-OCHA-HPC6770,EN: King Salman Humanitarian Aid and Relief Centre,10,Bilateral,1,0,A01_general,0,1,4,Closed,EN: Support to the Yemeni government (Yemeni Ministry of Public Health and Population).
XM-OCHAS-HPC6770-2176,XM-OCHA-HPC6770,EN: King Salman Humanitarian Aid and Relief Centre,10,Bilateral,1,0,A01_general,0,1,4,Closed,EN: Support to the Yemeni government (Ministry of Water and Environment).
XM-OCHAS-HPC6770-2186,XM-OCHA-HPC6770,EN: King Salman Humanitarian Aid and Relief Centre,10,Bilateral,1,0,A01_general,0,1,4,Closed,EN: Support to the Yemeni government (Yemeni Ministry of Education).
XM-OCHAS-HPC6770-2188,XM-OCHA-HPC6770,EN: King Salman Humanitarian Aid and Relief Centre,10,Bilateral,1,0,A01_general,0,1,4,Closed,EN: Support to the Yemeni government (Yemeni High Relief Committee).
XM-OCHAS-HPC6770-2370,XM-OCHA-HPC6770,EN: King Salman Humanitarian Aid and Relief Centre,10,Bilateral,0,1,A02_sector,0,1,4,Closed,EN: Supporting the Yemen Humanitarian Response Plan 2018.
XM-OCHAS-HPC6770-2371,XM-OCHA-HPC6770,EN: King Salman Humanitarian Aid and Relief Centre,10,Bilateral,0,1,A02_sector,0,1,4,Closed,EN: Supporting the Yemen Humanitarian Response Plan 2018.
XM-OCHAS-HPC6770-2372,XM-OCHA-HPC6770,EN: King Salman Humanitarian Aid and Relief Centre,10,Bilateral,0,1,A02_sector,0,1,4,Closed,EN: Supporting the Yemen Humanitarian Response Plan 2018. .
XM-OCHAS-HPC6770-2373,XM-OCHA-HPC6770,EN: King Salman Humanitarian Aid and Relief Centre,10,Bilateral,0,1,A02_sector,0,1,4,Closed,EN: Supporting the Yemen Humanitarian Response Plan 2018.
XM-OCHAS-HPC6770-2374,XM-OCHA-HPC6770,EN: King Salman Humanitarian Aid and Relief Centre,10,Bilateral,0,1,A02_sector,0,1,4,Closed,EN: Supporting the Yemen Humanitarian Response Plan 2018.
XM-OCHAS-HPC6770-2375,XM-OCHA-HPC6770,EN: King Salman Humanitarian Aid and Relief Centre,10,Bilateral,0,1,A02_sector,0,1,4,Closed,EN: Supporting the Yemen Humanitarian Response Plan 2018.
XM-OCHAS-HPC6770-2376,XM-OCHA-HPC6770,EN: King Salman Humanitarian Aid and Relief Centre,10,Bilateral,0,1,A02_sector,0,1,4,Closed,EN: Improving vaccine coverage among children under 5 in Yemen.
XM-OCHAS-HPC6770-2377,XM-OCHA-HPC6770,EN: King Salman Humanitarian Aid and Relief Centre,10,Bilateral,0,1,A02_sector,0,1,4,Closed,EN: Supporting the Yemen Humanitarian Response Plan 2018.
XM-OCHAS-HPC6770-2378,XM-OCHA-HPC6770,EN: King Salman Humanitarian Aid and Relief Centre,10,Bilateral,0,1,A02_sector,0,1,4,Closed,EN: Supporting the Yemen Humanitarian Response Plan 2018.
XM-OCHAS-HPC6770-2379,XM-OCHA-HPC6770,EN: King Salman Humanitarian Aid and Relief Centre,10,Bilateral,0,1,A02_sector,0,1,4,Closed,EN: Supporting the Yemen Humanitarian Response Plan 2018.
XM-OCHAS-HPC6770-2380,XM-OCHA-HPC6770,EN: King Salman Humanitarian Aid and Relief Centre,10,Bilateral,0,1,A02_sector,0,1,4,Closed,EN: Supporting the Yemen Humanitarian Response Plan 2018.
XM-OCHAS-HPC6770-2381,XM-OCHA-HPC6770,EN: King Salman Humanitarian Aid and Relief Centre,10,Bilateral,0,1,A02_sector,0,1,4,Closed,EN: Supporting the Yemen Humanitarian Response Plan 2018.
XM-OCHAS-HPC6770-2382,XM-OCHA-HPC6770,EN: King Salman Humanitarian Aid and Relief Centre,10,Bilateral,0,1,A02_sector,0,1,4,Closed,EN: Supporting the Yemen Humanitarian Response Plan 2018.
XM-OCHAS-HPC6770-2383,XM-OCHA-HPC6770,EN: King Salman Humanitarian Aid and Relief Centre,10,Bilateral,0,1,A02_sector,0,1,4,Closed,EN: Supporting the Yemen Humanitarian Response Plan 2018.
XM-OCHAS-HPC6770-2384,XM-OCHA-HPC6770,EN: King Salman Humanitarian Aid and Relief Centre,10,Bilateral,0,1,A02_sector,0,1,4,Closed,EN: Supporting the Yemen Humanitarian Response Plan 2018.
XM-OCHAS-HPC6770-2385,XM-OCHA-HPC6770,EN: King Salman Humanitarian Aid and Relief Centre,10,Bilateral,0,1,A02_sector,0,1,4,Closed,EN: Supporting the Yemen Humanitarian Response Plan 2018.
XM-OCHAS-HPC6770-2386,XM-OCHA-HPC6770,EN: King Salman Humanitarian Aid and Relief Centre,10,Bilateral,1,0,A01_general,0,1,4,Closed,EN: Supporting the Yemen Humanitarian Response Plan 2018.
XM-OCHAS-HPC6770-2387,XM-OCHA-HPC6770,EN: King Salman Humanitarian Aid and Relief Centre,10,Bilateral,0,1,A02_sector,0,1,4,Closed,EN: Supporting the Yemen Humanitarian Response Plan 2018.
XM-OCHAS-HPC6770-2389,XM-OCHA-HPC6770,EN: King Salman Humanitarian Aid and Relief Centre,10,Bilateral,0,1,A02_sector,0,1,4,Closed,EN: Supporting the Yemen Humanitarian Response Plan 2018.
XM-OCHAS-HPC6770-2390,XM-OCHA-HPC6770,EN: King Salman Humanitarian Aid and Relief Centre,10,Bilateral,0,1,A02_sector,0,1,4,Closed,EN: Supporting the Yemen Humanitarian Response Plan 2018.
XM-OCHAS-HPC6770-2391,XM-OCHA-HPC6770,EN: King Salman Humanitarian Aid and Relief Centre,10,Bilateral,0,1,A02_sector,0,1,4,Closed,EN: Supporting the Yemen Humanitarian Response Plan 2018.
XM-OCHAS-HPC6770-2392,XM-OCHA-HPC6770,EN: King Salman Humanitarian Aid and Relief Centre,10,Bilateral,0,1,A02_sector,0,1,4,Closed,EN: Supporting the Yemen Humanitarian Response Plan 2018.
XM-OCHAS-HPC6770-2393,XM-OCHA-HPC6770,EN: King Salman Humanitarian Aid and Relief Centre,10,Bilateral,0,1,A02_sector,0,1,4,Closed,EN: Supporting the Yemen Humanitarian Response Plan 2018.
XM-OCHAS-HPC6770-2394,XM-OCHA-HPC6770,EN: King Salman Humanitarian Aid and Relief Centre,10,Bilateral,0,1,A02_sector,0,1,4,Closed,EN: Supporting the Yemen Humanitarian Response Plan 2018.
XM-OCHAS-HPC6770-2397,XM-OCHA-HPC6770,EN: King Salman Humanitarian Aid and Relief Centre,10,Bilateral,0,1,A02_sector,0,1,4,Closed,EN: Supporting the Yemen Humanitarian Response Plan 2018.
XM-OCHAS-HPC6770-2398,XM-OCHA-HPC6770,EN: King Salman Humanitarian Aid and Relief Centre,10,Bilateral,0,1,A02_sector,0,1,4,Closed,EN: Supporting the Yemen Humanitarian Response Plan 2018.
XM-OCHAS-HPC6770-2399,XM-OCHA-HPC6770,EN: King Salman Humanitarian Aid and Relief Centre,10,Bilateral,0,1,A02_sector,0,1,4,Closed,EN: Supporting the Yemen Humanitarian Response Plan 2018.
XM-OCHAS-HPC6770-2400,XM-OCHA-HPC6770,EN: King Salman Humanitarian Aid and Relief Centre,10,Bilateral,0,1,A02_sector,0,1,4,Closed,EN: Supporting the Yemen Humanitarian Response Plan 2018.
XM-OCHAS-HPC6770-2401,XM-OCHA-HPC6770,EN: King Salman Humanitarian Aid and Relief Centre,10,Bilateral,0,1,A02_sector,0,1,4,Closed,EN: Supporting the Yemen Humanitarian Response Plan 2018.
XM-OCHAS-HPC6770-2402,XM-OCHA-HPC6770,EN: King Salman Humanitarian Aid and Relief Centre,10,Bilateral,0,1,A02_sector,0,1,4,Closed,EN: Supporting the Yemen Humanitarian Response Plan 2018.
XM-OCHAS-HPC6770-2403,XM-OCHA-HPC6770,EN: King Salman Humanitarian Aid and Relief Centre,10,Bilateral,0,1,A02_sector,0,1,4,Closed,EN: Supporting the Yemen Humanitarian Response Plan 2018.
XM-OCHAS-HPC6770-2404,XM-OCHA-HPC6770,EN: King Salman Humanitarian Aid and Relief Centre,10,Bilateral,0,1,A02_sector,0,1,4,Closed,EN: Supporting the Yemen Humanitarian Response Plan 2018.
XM-OCHAS-HPC6770-2405,XM-OCHA-HPC6770,EN: King Salman Humanitarian Aid and Relief Centre,10,Bilateral,0,1,A02_sector,0,1,4,Closed,EN: Supporting the Yemen Humanitarian Response Plan 2018.
XM-OCHAS-HPC6770-2406,XM-OCHA-HPC6770,EN: King Salman Humanitarian Aid and Relief Centre,10,Bilateral,0,1,A02_sector,0,1,4,Closed,EN: .Supporting the Yemen Humanitarian Response Plan 2018
XM-OCHAS-HPC6770-2407,XM-OCHA-HPC6770,EN: King Salman Humanitarian Aid and Relief Centre,10,Bilateral,0,1,A02_sector,0,1,4,Closed,EN: Supporting the Yemen Humanitarian Response Plan 2018.
XM-OCHAS-HPC6770-2408,XM-OCHA-HPC6770,EN: King Salman Humanitarian Aid and Relief Centre,10,Bilateral,0,1,A02_sector,0,1,4,Closed,EN: Supporting the Yemen Humanitarian Response Plan 2018.
XM-OCHAS-HPC6770-2409,XM-OCHA-HPC6770,EN: King Salman Humanitarian Aid and Relief Centre,10,Bilateral,0,1,A02_sector,0,1,4,Closed,EN: Supporting the Yemen Humanitarian Response Plan 2018.
XM-OCHAS-HPC6770-2690,XM-OCHA-HPC6770,EN: King Salman Humanitarian Aid and Relief Centre,10,Bilateral,1,0,A01_general,0,1,4,Closed,EN: A bilateral grant to the Yemeni government to coordinate humanitarian and relief efforts inside Yemen.
XM-OCHAS-HPC6770-2691,XM-OCHA-HPC6770,EN: King Salman Humanitarian Aid and Relief Centre,10,Bilateral,1,0,A01_general,0,1,4,Closed,EN: A bilateral grant to the Yemeni government to coordinate humanitarian and relief efforts inside Yemen.
XM-OCHAS-HPC6770-2695,XM-OCHA-HPC6770,EN: King Salman Humanitarian Aid and Relief Centre,10,Bilateral,1,0,A01_general,0,1,4,Closed,EN: A bilateral grant to the Yemeni government to coordinate humanitarian and relief efforts inside Yemen.
XM-OCHAS-HPC6770-2733,XM-OCHA-HPC6770,EN: King Salman Humanitarian Aid and Relief Centre,10,Bilateral,1,0,A01_general,0,1,4,Closed,EN: A bilateral grant to the Yemeni government to coordinate humanitarian and relief efforts inside Yemen.
XM-OCHAS-HPC6770-2778,XM-OCHA-HPC6770,EN: King Salman Humanitarian Aid and Relief Centre,10,Bilateral,1,0,A01_general,0,1,4,Closed,EN: Support to the Government of Yemen (membership fees of the Republic of Yemen to the United Nations).
XM-OCHAS-HPC6770-3198,XM-OCHA-HPC6770,EN: King Salman Humanitarian Aid and Relief Centre,10,Bilateral,1,0,A01_general,0,1,4,Closed,EN: Support to the Yemeni government .
XM-OCHAS-HPC6770-3206,XM-OCHA-HPC6770,EN: King Salman Humanitarian Aid and Relief Centre,10,Bilateral,0,1,A02_sector,0,1,4,Closed,EN: The Kingdom's contribution to the budget of the United Nations Office for the Coordination of Humanitarian Affairs - Yemen.
XM-OCHAS-HPC6770-3209,XM-OCHA-HPC6770,EN: King Salman Humanitarian Aid and Relief Centre,10,Bilateral,0,1,A02_sector,0,1,4,Closed,"EN: Humanitarian Response to Food Security for Rohingya Refugees from Rakhine State (Myanmar) in Cox's Bazar, Bangladesh."
XM-OCHAS-HPC6770-3662,XM-OCHA-HPC6770,EN: King Salman Humanitarian Aid and Relief Centre,10,Bilateral,1,0,A01_general,0,1,2,Implementation,EN: Support the National Commission to Investigate Allegations of Human Rights Violations.
XM-OCHAS-HPC6770-3812,XM-OCHA-HPC6770,EN: King Salman Humanitarian Aid and Relief Centre,10,Bilateral,0,1,A02_sector,0,1,4,Closed,EN: Support to the Lona Charity Foundation in the Republic of Tajikistan.
