iatiidentifier,date_type,isodate
BJ-IFU-6201810251129-RGS0123375-29295,planned_start,2016-11-29
BJ-IFU-6201810251129-RGS0123375-29295,actual_start,2018-01-05
BJ-IFU-6201810251129-RGS0123375-29295,planned_end,2021-06-30
BJ-IFU-6200901944008-RSG0123375-29295,planned_start,2016-11-29
BJ-IFU-6200901944008-RSG0123375-29295,actual_start,2018-01-05
BJ-IFU-6200901944008-RSG0123375-29295,planned_end,2022-06-30
XM-DAC-50-21-Z03-24-01-22500,planned_start,2025-01-14
XM-DAC-50-21-Z03-24-01-22500,actual_start,2025-01-14
XM-DAC-50-21-Z03-24-01-22500,planned_end,2028-07-13
XM-DAC-50-21-Z03-25-01-21800,planned_start,2025-12-09
XM-DAC-50-21-Z03-25-01-21800,actual_start,2025-12-09
XM-DAC-50-21-Z03-25-01-21800,planned_end,2026-12-31
46002-P-DZ-K00-007,actual_start,2016-11-23
46002-P-DZ-K00-007,planned_end,2018-12-31
46002-P-DZ-K00-007,actual_end,2017-12-31
46002-P-BJ-KA0-006,planned_start,2003-12-10
46002-P-BJ-KA0-006,actual_start,2004-01-12
46002-P-BJ-KA0-006,planned_end,2006-12-31
46002-P-BJ-KA0-006,actual_end,2006-12-31
46002-P-BJ-KA0-009,planned_start,2009-04-29
46002-P-BJ-KA0-009,actual_start,2009-05-14
46002-P-BJ-KA0-009,planned_end,2010-12-31
46002-P-BJ-KA0-009,actual_end,2010-12-31
46002-P-BJ-KA0-013,planned_start,2006-07-24
46002-P-BJ-KA0-013,actual_start,2006-09-14
46002-P-BJ-KA0-013,planned_end,2008-06-30
46002-P-BJ-KA0-013,actual_end,2008-12-31
46002-P-BJ-KA0-014,planned_start,2012-09-06
46002-P-BJ-KA0-014,actual_start,2012-10-17
46002-P-BJ-KA0-014,planned_end,2014-06-30
46002-P-BJ-KA0-014,actual_end,2014-06-30
46002-P-DZ-K00-007,planned_start,2016-11-02
46002-P-BJ-FZ0-001,planned_start,2017-04-12
46002-P-BJ-FZ0-001,actual_start,2017-04-13
46002-P-BJ-FZ0-001,planned_end,2017-12-30
46002-P-BJ-FZ0-001,actual_end,2017-12-31
46002-P-BW-K00-001,actual_start,2009-08-03
46002-P-BW-K00-001,planned_end,2011-07-30
46002-P-BW-K00-001,actual_end,2011-06-30
46002-P-BJ-K00-005,planned_start,2018-10-31
46002-P-BJ-K00-005,actual_start,2018-11-12
46002-P-BJ-K00-005,planned_end,2020-06-30
46002-P-BJ-K00-005,actual_end,2020-06-30
46002-P-BJ-K00-006,planned_start,2019-07-15
46002-P-BJ-K00-006,actual_start,2019-08-13
46002-P-BJ-K00-006,planned_end,2020-06-30
46002-P-BJ-K00-006,actual_end,2020-06-30
46002-P-BJ-KZ0-001,planned_start,2020-07-24
46002-P-BJ-KZ0-001,actual_start,2020-08-17
46002-P-BJ-KZ0-001,planned_end,2022-12-30
46002-P-BJ-KZ0-001,actual_end,2021-11-30
46002-P-AO-FA0-002,planned_start,2014-05-13
46002-P-AO-FA0-002,actual_start,2014-07-28
46002-P-AO-FA0-002,planned_end,2016-12-20
46002-P-AO-FA0-002,actual_end,2016-06-30
46002-P-BJ-KF0-001,planned_start,2023-12-13
46002-P-BJ-KF0-001,actual_start,2023-12-14
46002-P-BJ-KF0-001,planned_end,2024-12-31
46002-P-BJ-KF0-001,actual_end,2025-05-01
46002-P-BJ-K00-007,planned_start,2024-07-18
46002-P-BJ-K00-007,actual_start,2024-07-25
46002-P-BJ-K00-007,planned_end,2025-12-31
46002-P-BJ-E00-007,planned_start,2024-12-17
46002-P-BJ-E00-007,actual_start,2025-02-11
46002-P-BJ-E00-007,planned_end,2031-06-30
46002-P-BJ-K00-010,planned_end,2027-12-31
46002-P-BJ-K00-010,planned_start,2025-11-24
46002-P-BJ-K00-010,actual_start,2026-01-06
46002-P-AO-K00-007,planned_start,2019-10-29
46002-P-AO-K00-007,actual_start,2019-11-26
46002-P-AO-K00-007,planned_end,2021-12-31
46002-P-AO-K00-007,actual_end,2020-12-31
46002-P-AO-AA0-011,planned_start,2023-12-13
46002-P-AO-AA0-011,actual_start,2023-12-18
46002-P-AO-AA0-011,planned_end,2026-12-31
46002-P-AO-K00-009,planned_start,2024-11-27
46002-P-AO-K00-009,actual_start,2025-02-07
46002-P-AO-K00-009,planned_end,2026-12-31
46002-P-BW-K00-004,planned_end,2024-03-13
46002-P-BW-K00-004,actual_end,2024-10-23
46002-P-BW-K00-004,planned_start,2021-09-08
46002-P-BW-K00-004,actual_start,2022-02-03
46002-P-BI-KA0-001,planned_start,2004-12-08
46002-P-BI-KA0-001,actual_start,2005-01-12
46002-P-BI-KA0-001,planned_end,2012-06-30
46002-P-BI-KA0-001,actual_end,2012-05-30
46002-P-BI-I00-004,planned_start,2020-01-15
46002-P-BI-I00-004,actual_start,2020-06-05
46002-P-BI-I00-004,planned_end,2024-06-30
46002-P-BI-I00-004,actual_end,2024-10-10
46002-P-BW-K00-001,planned_start,2009-06-02
46002-P-BW-K00-005,planned_start,2022-11-30
46002-P-BW-K00-005,actual_start,2023-11-17
46002-P-BW-K00-005,planned_end,2024-06-30
46002-P-BW-K00-005,actual_end,2024-10-29
46002-P-BW-K00-006,planned_start,2025-05-14
46002-P-BW-K00-006,actual_start,2025-08-12
46002-P-BW-K00-006,planned_end,2026-12-31
46002-P-BW-K00-006,actual_end,2026-06-22
46002-P-BF-FA0-008,planned_start,2015-07-10
46002-P-BF-FA0-008,actual_start,2015-07-23
46002-P-BF-FA0-008,planned_end,2016-12-31
46002-P-BF-FA0-008,actual_end,2015-12-31
46002-P-BF-K00-006,planned_start,2008-07-09
46002-P-BF-K00-006,actual_start,2008-07-17
46002-P-BF-K00-006,planned_end,2010-12-31
46002-P-BF-K00-006,actual_end,2010-12-31
46002-P-BF-K00-011,planned_start,2004-09-22
46002-P-BF-K00-011,actual_start,2004-09-27
46002-P-BF-K00-011,planned_end,2006-12-31
46002-P-BF-K00-011,actual_end,2005-12-31
46002-P-CF-K00-020,planned_start,2023-12-06
46002-P-CF-K00-020,actual_start,2023-12-13
46002-P-CF-K00-020,planned_end,2024-12-31
46002-P-CF-K00-020,actual_end,2025-06-02
46002-P-BF-K00-012,planned_start,2005-12-14
46002-P-BF-K00-012,actual_start,2006-02-03
46002-P-BF-K00-012,planned_end,2008-12-31
46002-P-BF-K00-012,actual_end,2008-12-31
46002-P-CF-K00-021,planned_start,2024-11-26
46002-P-BF-KA0-009,planned_start,2014-09-17
46002-P-BF-KA0-009,actual_start,2014-10-09
46002-P-BF-KA0-009,planned_end,2015-12-31
46002-P-BF-KA0-009,actual_end,2015-12-31
46002-P-CF-K00-021,actual_start,2024-12-03
46002-P-CF-K00-021,planned_end,2025-12-31
46002-P-CM-K00-010,planned_end,2021-12-31
46002-P-CM-K00-010,actual_end,2021-12-31
46002-P-CM-K00-010,planned_start,2020-06-22
46002-P-CM-K00-010,actual_start,2020-07-20
46002-P-KM-K00-014,planned_end,2026-12-31
46002-P-BF-KZ0-003,planned_start,2020-07-22
46002-P-BF-KZ0-003,actual_start,2020-08-11
46002-P-BF-KZ0-003,planned_end,2021-06-30
46002-P-BF-KZ0-003,actual_end,2021-06-30
46002-P-BF-KZ0-001,planned_start,2018-07-18
46002-P-BF-KZ0-001,actual_start,2018-08-28
46002-P-BF-KZ0-001,planned_end,2021-12-30
46002-P-BF-KZ0-001,actual_end,2021-12-30
46002-P-CV-K00-013,planned_end,2022-12-31
46002-P-CV-K00-013,actual_end,2022-12-31
46002-P-CV-K00-013,planned_start,2021-09-22
46002-P-CV-K00-013,actual_start,2021-10-13
46002-P-CV-K00-007,planned_start,2009-10-28
46002-P-CV-K00-007,actual_start,2010-10-28
46002-P-CV-K00-007,planned_end,2011-06-30
46002-P-CV-K00-007,actual_end,2010-12-31
46002-P-CV-KA0-003,actual_start,1999-01-12
46002-P-CV-KA0-003,planned_end,2001-12-31
46002-P-CV-KA0-003,actual_end,2001-12-31
46002-P-CV-KA0-007,planned_start,2017-10-19
46002-P-CV-KA0-007,actual_start,2017-11-06
46002-P-CV-KA0-007,planned_end,2018-06-30
46002-P-CV-KA0-007,actual_end,2018-06-30
46002-P-CV-GB0-005,planned_end,2027-12-02
46002-P-CM-KA0-005,planned_start,2006-12-04
46002-P-CV-K00-002,planned_start,2002-09-04
46002-P-CV-K00-002,actual_start,2002-12-20
46002-P-CV-K00-002,planned_end,2003-01-02
46002-P-CV-K00-002,actual_end,2003-12-31
46002-P-CM-KA0-005,actual_start,2007-12-27
46002-P-CM-KA0-005,planned_end,2011-12-31
46002-P-CM-KA0-005,actual_end,2010-12-31
46002-P-CV-K00-003,planned_start,2004-10-06
46002-P-CV-K00-003,actual_start,2004-10-11
46002-P-CV-K00-003,planned_end,2005-12-31
46002-P-CV-K00-003,actual_end,2005-12-31
46002-P-CV-K00-004,planned_start,2006-11-21
46002-P-CV-K00-004,actual_start,2006-12-15
46002-P-CV-K00-004,planned_end,2010-12-31
46002-P-CV-K00-004,actual_end,2010-11-30
46002-P-CV-K00-005,planned_start,2008-12-22
46002-P-CV-K00-005,actual_start,2009-01-06
46002-P-CV-K00-005,planned_end,2011-06-30
46002-P-CV-K00-005,actual_end,2010-12-31
46002-P-CV-K00-006,planned_start,2009-10-28
46002-P-CV-K00-006,actual_start,2009-11-05
46002-P-CV-K00-006,planned_end,2011-06-30
46002-P-CV-K00-006,actual_end,2010-12-31
46002-P-CV-K00-009,planned_start,2010-10-06
46002-P-CV-K00-009,actual_start,2010-10-28
46002-P-CV-K00-009,planned_end,2011-03-31
46002-P-CV-K00-009,actual_end,2011-03-31
46002-P-CM-KA0-011,planned_start,2017-11-22
46002-P-CV-K00-010,planned_start,2011-12-07
46002-P-CV-K00-010,actual_start,2011-12-08
46002-P-CV-K00-010,planned_end,2012-12-31
46002-P-CV-K00-010,actual_end,2012-12-31
46002-P-CM-KA0-011,actual_start,2017-12-15
46002-P-CM-KA0-011,planned_end,2019-12-30
46002-P-CM-KA0-011,actual_end,2018-06-30
46002-P-CV-K00-011,planned_start,2013-10-09
46002-P-CV-K00-011,actual_start,2013-11-08
46002-P-CV-K00-011,planned_end,2015-12-31
46002-P-CV-K00-011,actual_end,2013-12-31
46002-P-CV-KA0-003,planned_start,1998-10-28
46002-P-CV-KA0-005,planned_start,2014-10-15
46002-P-CV-KA0-005,actual_start,2014-10-20
46002-P-CV-KA0-005,planned_end,2015-06-30
46002-P-CV-KA0-005,actual_end,2014-12-31
46002-P-CV-KA0-008,planned_start,2018-07-18
46002-P-CV-KA0-008,actual_start,2018-08-02
46002-P-CV-KA0-008,planned_end,2019-12-31
46002-P-CV-KA0-008,actual_end,2019-12-31
46002-P-CV-KA0-006,planned_start,2015-11-26
46002-P-CV-KA0-006,actual_start,2015-11-30
46002-P-CV-KA0-006,planned_end,2016-12-31
46002-P-CV-KA0-006,actual_end,2016-12-31
46002-P-CM-K00-009,planned_start,2018-11-29
46002-P-CM-K00-009,actual_start,2018-12-03
46002-P-CM-K00-009,planned_end,2020-10-30
46002-P-CM-K00-009,actual_end,2019-12-30
46002-P-CM-KA0-015,planned_start,2019-11-26
46002-P-CV-K00-016,planned_start,2020-05-26
46002-P-CV-K00-016,actual_start,2020-06-03
46002-P-CV-K00-016,planned_end,2021-06-30
46002-P-CV-K00-016,actual_end,2021-06-30
46002-P-CM-KA0-015,actual_start,2019-12-19
46002-P-CM-KA0-015,planned_end,2021-12-31
46002-P-CM-KA0-015,actual_end,2021-03-31
46002-P-CV-KA0-009,planned_start,2019-12-12
46002-P-CV-KA0-009,actual_start,2019-12-12
46002-P-CV-KA0-009,planned_end,2020-12-31
46002-P-CV-KA0-009,actual_end,2020-12-31
46002-P-CM-AA0-015,planned_start,2022-07-15
46002-P-CM-AA0-015,actual_start,2022-09-29
46002-P-CM-AA0-015,planned_end,2025-07-31
46002-P-CM-AA0-015,actual_end,2026-03-17
46002-P-CM-KF0-006,planned_end,2023-12-31
46002-P-CV-K00-015,planned_start,2022-11-09
46002-P-CV-K00-015,actual_start,2022-11-28
46002-P-CV-K00-015,planned_end,2023-12-31
46002-P-CV-K00-015,actual_end,2025-01-21
46002-P-CM-KF0-006,actual_end,2024-07-07
46002-P-CM-KF0-006,planned_start,2022-06-29
46002-P-CM-KF0-006,actual_start,2022-09-29
46002-P-CM-KF0-007,planned_end,2028-12-31
46002-P-CV-A00-003,planned_start,2023-06-09
46002-P-CV-A00-003,actual_start,2023-08-11
46002-P-CV-A00-003,planned_end,2025-12-31
46002-P-CV-A00-003,actual_end,2026-07-09
46002-P-CM-KF0-007,planned_start,2022-12-12
46002-P-CV-K00-019,planned_start,2024-01-24
46002-P-CV-K00-019,actual_start,2024-02-15
46002-P-CV-K00-019,planned_end,2025-12-31
46002-P-CM-KF0-007,actual_start,2023-06-06
46002-P-CV-GB0-005,planned_start,2024-12-18
46002-P-CV-GB0-005,actual_start,2025-02-21
46002-P-CV-K00-020,planned_start,2025-12-01
46002-P-CV-K00-020,actual_start,2025-12-31
46002-P-CV-K00-020,planned_end,2026-12-31
46002-P-CM-FA0-011,planned_start,2023-12-14
46002-P-CM-FA0-011,actual_start,2024-12-12
46002-P-CM-FA0-011,planned_end,2026-12-31
46002-P-CM-H00-010,planned_start,2025-06-19
46002-P-CM-H00-010,actual_start,2025-10-24
46002-P-CM-H00-010,planned_end,2028-12-31
46002-P-KM-K00-006,planned_start,2014-11-13
46002-P-KM-K00-006,actual_start,2014-11-14
46002-P-KM-K00-006,planned_end,2016-06-30
46002-P-KM-K00-006,actual_end,2016-06-30
46002-P-CF-KZ0-002,planned_start,2014-06-25
46002-P-CF-KZ0-002,actual_start,2014-07-02
46002-P-CF-KZ0-002,planned_end,2015-12-31
46002-P-CF-KZ0-002,actual_end,2015-03-31
46002-P-CF-K00-006,planned_start,2017-03-21
46002-P-CF-K00-006,actual_start,2017-04-14
46002-P-CF-K00-006,planned_end,2017-12-31
46002-P-CF-K00-006,actual_end,2017-12-31
46002-P-CF-KZ0-003,planned_start,2015-09-23
46002-P-CF-KZ0-003,actual_start,2015-10-16
46002-P-CF-KZ0-003,planned_end,2016-06-30
46002-P-CF-KZ0-003,actual_end,2016-06-30
46002-P-CF-K00-007,planned_start,2018-01-29
46002-P-CF-K00-007,actual_start,2018-02-05
46002-P-CF-K00-007,planned_end,2018-12-31
46002-P-CF-K00-007,actual_end,2018-12-31
46002-P-KM-K00-009,planned_end,2021-12-31
46002-P-TD-K00-003,actual_start,1997-10-09
46002-P-TD-K00-003,planned_end,1999-12-31
46002-P-TD-K00-003,actual_end,1999-12-31
46002-P-KM-K00-009,actual_end,2021-12-31
46002-P-KM-K00-009,planned_start,2020-11-06
46002-P-KM-K00-009,actual_start,2020-11-16
46002-P-CF-I00-006,planned_start,2023-05-25
46002-P-CF-I00-006,actual_start,2023-06-19
46002-P-CF-I00-006,planned_end,2027-12-31
46002-P-CF-K00-010,planned_start,2020-07-24
46002-P-CF-K00-010,actual_start,2020-08-06
46002-P-CF-K00-010,planned_end,2020-12-31
46002-P-CF-K00-010,actual_end,2020-12-31
46002-P-KM-K00-013,planned_start,2024-07-19
46002-P-KM-K00-013,actual_start,2024-08-22
46002-P-KM-K00-013,planned_end,2025-12-31
46002-P-KM-K00-014,planned_start,2025-07-18
46002-P-KM-K00-014,actual_start,2025-08-18
46002-P-TD-KA0-009,planned_start,2020-07-22
46002-P-TD-KA0-009,actual_start,2020-07-29
46002-P-TD-KA0-009,planned_end,2021-07-31
46002-P-TD-KA0-009,actual_end,2021-07-31
46002-P-TD-KA0-007,actual_end,2018-12-31
46002-P-TD-KA0-007,actual_start,2017-11-29
46002-P-TD-KA0-007,planned_end,2018-12-31
46002-P-TD-KA0-007,planned_start,2017-11-24
46002-P-TD-KA0-006,planned_start,2016-06-27
46002-P-TD-KA0-006,actual_start,2016-06-29
46002-P-TD-KA0-006,planned_end,2017-05-31
46002-P-TD-KA0-006,actual_end,2017-05-30
46002-P-CI-KA0-009,actual_end,2017-12-31
46002-P-CI-I00-003,planned_start,2014-06-13
46002-P-CI-I00-003,actual_start,2014-06-25
46002-P-CI-I00-003,planned_end,2016-12-31
46002-P-CI-I00-003,actual_end,2016-12-30
46002-P-CI-IZ0-001,planned_start,2011-06-01
46002-P-CI-IZ0-001,actual_start,2011-06-10
46002-P-CI-IZ0-001,planned_end,2012-06-15
46002-P-CI-IZ0-001,actual_end,2011-12-31
46002-P-CI-IZ0-004,planned_start,2013-12-04
46002-P-CI-IZ0-004,actual_start,2013-12-06
46002-P-CI-IZ0-004,planned_end,2015-12-31
46002-P-CI-IZ0-004,actual_end,2014-03-30
46002-P-CI-KA0-012,planned_start,2020-06-08
46002-P-CI-KA0-012,actual_start,2020-07-03
46002-P-CI-KA0-012,planned_end,2021-03-30
46002-P-CI-KA0-012,actual_end,2021-03-30
46002-P-CD-K00-002,planned_start,2003-12-10
46002-P-CD-K00-002,actual_start,2003-12-15
46002-P-TD-K00-002,planned_start,1989-01-18
46002-P-CD-K00-002,planned_end,2009-12-31
46002-P-TD-K00-002,actual_start,1989-02-23
46002-P-TD-K00-002,planned_end,1989-01-18
46002-P-CD-K00-002,actual_end,2009-05-20
46002-P-TD-K00-002,actual_end,1989-02-24
46002-P-TD-K00-003,planned_start,1997-10-02
46002-P-TD-KA0-001,planned_start,2002-02-06
46002-P-TD-KA0-001,actual_start,2002-02-08
46002-P-TD-KA0-001,planned_end,2004-12-31
46002-P-TD-KA0-001,actual_end,2004-12-31
46002-P-CI-KA0-009,planned_end,2018-06-30
46002-P-CI-KA0-009,planned_start,2017-07-14
46002-P-CI-KA0-009,actual_start,2017-07-14
46002-P-EG-IBZ-001,actual_end,2015-12-31
46002-P-TD-KA0-005,planned_start,2015-12-09
46002-P-TD-KA0-005,actual_start,2015-12-11
46002-P-TD-KA0-005,planned_end,2016-11-30
46002-P-TD-KA0-005,actual_end,2016-11-30
46002-P-GA-K00-015,actual_start,2021-10-29
46002-P-GA-K00-015,planned_end,2023-07-06
46002-P-GA-K00-015,actual_end,2023-06-07
46002-P-TD-K00-009,planned_start,2018-10-31
46002-P-TD-K00-009,actual_start,2018-11-14
46002-P-TD-K00-009,planned_end,2019-12-31
46002-P-TD-K00-009,actual_end,2019-12-31
46002-P-TD-AB0-005,planned_start,2024-12-17
46002-P-TD-AB0-005,actual_start,2025-04-04
46002-P-TD-AB0-005,planned_end,2029-12-31
46002-P-CI-KA0-011,planned_start,2021-11-19
46002-P-CI-KA0-011,actual_start,2021-12-21
46002-P-CI-KA0-011,planned_end,2022-12-31
46002-P-CI-KA0-011,actual_end,2022-12-31
46002-P-CI-KA0-010,planned_start,2019-11-26
46002-P-CI-KA0-010,actual_start,2019-12-02
46002-P-CI-KA0-010,planned_end,2021-12-31
46002-P-CI-KA0-010,actual_end,2020-12-31
46002-P-CI-AA0-037,planned_start,2022-07-15
46002-P-CI-AA0-037,actual_start,2022-08-18
46002-P-CI-AA0-037,planned_end,2025-12-31
46002-P-CI-KA0-013,planned_start,2023-01-24
46002-P-CI-KA0-013,actual_start,2023-06-22
46002-P-CI-KA0-013,planned_end,2024-12-31
46002-P-CI-KA0-013,actual_end,2025-06-18
46002-P-CI-BG0-002,planned_start,2023-12-05
46002-P-CI-BG0-002,actual_start,2024-04-02
46002-P-CI-BG0-002,planned_end,2029-07-06
46002-P-CI-KA0-014,planned_start,2024-12-18
46002-P-CI-KA0-014,actual_start,2025-02-13
46002-P-CI-KA0-014,planned_end,2025-10-31
46002-P-CG-K00-002,planned_start,1994-10-20
46002-P-CG-K00-002,actual_start,1994-10-21
46002-P-CG-K00-002,planned_end,1996-12-31
46002-P-CG-K00-002,actual_end,1997-06-30
46002-P-CG-K00-006,planned_start,2004-12-13
46002-P-CG-K00-006,actual_start,2004-12-14
46002-P-CG-K00-006,planned_end,2006-12-31
46002-P-EG-FA0-005,planned_start,2020-06-17
46002-P-CG-K00-006,actual_end,2006-12-31
46002-P-EG-FA0-005,actual_start,2020-07-08
46002-P-EG-FA0-005,planned_end,2022-12-31
46002-P-EG-FA0-005,actual_end,2023-05-14
46002-P-EG-FA0-008,planned_start,2021-06-16
46002-P-EG-FA0-008,actual_start,2022-04-20
46002-P-EG-FA0-008,planned_end,2023-05-14
46002-P-EG-FA0-008,actual_end,2023-05-14
46002-P-CG-K00-009,planned_start,2019-12-13
46002-P-CG-K00-009,actual_start,2019-12-15
46002-P-CG-K00-009,planned_end,2023-05-22
46002-P-CG-K00-009,actual_end,2023-05-31
46002-P-CG-K00-012,planned_start,2023-11-17
46002-P-CG-K00-012,actual_start,2023-11-23
46002-P-CG-K00-012,planned_end,2024-12-31
46002-P-CG-K00-012,actual_end,2025-09-29
46002-P-EG-HZ0-001,planned_start,2006-07-26
46002-P-EG-HZ0-001,actual_start,2006-11-27
46002-P-EG-HZ0-001,planned_end,2010-06-30
46002-P-EG-HZ0-001,actual_end,2009-12-31
46002-P-GQ-K00-002,planned_start,1992-04-21
46002-P-GQ-K00-002,actual_start,1992-05-12
46002-P-GQ-K00-002,planned_end,1994-06-30
46002-P-GQ-K00-002,actual_end,1994-06-30
46002-P-DJ-K00-001,planned_start,2002-02-06
46002-P-DJ-K00-001,actual_start,2002-03-11
46002-P-DJ-K00-001,planned_end,2005-12-31
46002-P-DJ-K00-001,actual_end,2004-12-31
46002-P-EG-IBZ-001,actual_start,2000-07-11
46002-P-EG-IBZ-001,planned_end,2017-06-30
46002-P-EG-IBZ-001,planned_start,1998-10-28
46002-P-DJ-KF0-010,planned_start,2022-10-04
46002-P-DJ-KF0-010,actual_start,2022-11-25
46002-P-DJ-KF0-010,planned_end,2027-12-31
46002-P-CD-K00-012,planned_start,2020-09-23
46002-P-CD-K00-012,actual_start,2020-10-07
46002-P-CD-K00-012,planned_end,2022-12-31
46002-P-CD-K00-012,actual_end,2023-05-05
46002-P-DJ-K00-003,planned_start,2023-04-06
46002-P-DJ-K00-003,actual_start,2023-05-16
46002-P-DJ-K00-003,planned_end,2027-12-31
46002-P-EG-K00-011,planned_start,2018-01-17
46002-P-EG-K00-011,actual_start,2018-01-28
46002-P-EG-K00-011,planned_end,2019-01-17
46002-P-EG-K00-011,actual_end,2018-12-31
46002-P-EG-K00-009,planned_start,2015-12-15
46002-P-EG-K00-009,actual_start,2015-12-15
46002-P-EG-K00-009,planned_end,2016-12-31
46002-P-EG-K00-009,actual_end,2016-12-31
46002-P-EG-K00-010,planned_start,2016-12-13
46002-P-EG-K00-010,actual_start,2016-12-19
46002-P-EG-K00-010,planned_end,2017-12-31
46002-P-EG-K00-010,actual_end,2017-12-31
46002-P-EG-K00-017,planned_start,2022-07-15
46002-P-EG-K00-017,actual_start,2022-11-20
46002-P-EG-K00-017,planned_end,2023-12-31
46002-P-EG-K00-017,actual_end,2024-06-30
46002-P-EG-K00-016,planned_start,2023-11-22
46002-P-ET-K00-006,actual_start,2005-02-03
46002-P-ET-K00-006,planned_end,2005-12-31
46002-P-ET-K00-006,actual_end,2005-12-31
46002-P-EG-K00-016,actual_start,2024-06-13
46002-P-EG-K00-016,planned_end,2026-12-31
46002-P-GA-KA0-005,planned_start,2017-01-11
46002-P-GA-KA0-005,actual_start,2017-01-14
46002-P-GA-KA0-005,planned_end,2018-04-06
46002-P-GA-KA0-005,actual_end,2017-12-31
46002-P-EG-BG0-003,planned_end,2027-12-31
46002-P-EG-BG0-003,planned_start,2024-11-27
46002-P-EG-BG0-003,actual_start,2026-01-18
46002-P-GA-K00-015,planned_start,2021-09-29
46002-P-GA-KA0-006,planned_start,2017-11-08
46002-P-GA-KA0-006,actual_start,2017-11-10
46002-P-GA-KA0-006,planned_end,2018-06-30
46002-P-GA-KA0-006,actual_end,2018-06-30
46002-P-ET-K00-016,planned_start,2020-07-03
46002-P-GA-K00-013,planned_end,2021-06-30
46002-P-ET-K00-016,actual_start,2020-07-04
46002-P-ET-K00-016,planned_end,2021-12-31
46002-P-ET-K00-016,actual_end,2021-12-31
46002-P-GA-K00-013,actual_end,2021-06-30
46002-P-GA-K00-013,planned_start,2020-06-23
46002-P-GA-K00-013,actual_start,2020-07-07
46002-P-GA-KA0-007,planned_start,2018-11-22
46002-P-GA-KA0-007,actual_start,2018-11-28
46002-P-GA-KA0-007,planned_end,2019-12-31
46002-P-GA-KA0-007,actual_end,2019-06-30
46002-P-GM-K00-013,planned_end,2021-12-31
46002-P-GM-K00-013,actual_end,2021-12-31
46002-P-ET-IZ0-002,planned_start,2015-12-17
46002-P-ET-IZ0-002,actual_start,2016-02-03
46002-P-ET-IZ0-002,planned_end,2018-12-31
46002-P-ET-IZ0-002,actual_end,2018-12-31
46002-P-GA-K00-003,planned_start,1994-09-20
46002-P-GA-K00-003,actual_start,1994-09-21
46002-P-GA-K00-003,planned_end,1995-03-20
46002-P-GA-K00-003,actual_end,1996-06-30
46002-P-GA-KA0-001,planned_start,2004-06-30
46002-P-GA-KA0-001,actual_start,2004-07-12
46002-P-GA-KA0-001,planned_end,2006-09-30
46002-P-GA-KA0-001,actual_end,2006-12-31
46002-P-LR-KA0-004,planned_end,2020-12-31
46002-P-LR-KA0-004,actual_end,2020-12-31
46002-P-ET-K00-006,planned_start,2004-10-13
46002-P-ET-K00-010,planned_start,2010-11-19
46002-P-ET-K00-010,actual_start,2010-12-15
46002-P-ET-K00-010,planned_end,2011-12-31
46002-P-ET-K00-010,actual_end,2011-12-31
46002-P-GN-KA0-005,planned_start,2014-06-23
46002-P-GN-KA0-005,actual_start,2014-09-15
46002-P-GN-KA0-005,planned_end,2015-12-31
46002-P-GN-KA0-005,actual_end,2015-12-31
46002-P-ET-K00-011,planned_start,2012-07-18
46002-P-ET-K00-011,actual_start,2012-08-24
46002-P-ET-K00-011,planned_end,2015-07-31
46002-P-ET-K00-011,actual_end,2015-07-31
46002-P-GN-KZ0-002,planned_end,2021-06-30
46002-P-GN-KZ0-002,actual_end,2021-06-30
46002-P-GN-KZ0-002,planned_start,2020-07-24
46002-P-GN-KZ0-002,actual_start,2020-07-30
46002-P-GH-K00-008,planned_start,2005-09-07
46002-P-GH-K00-008,actual_start,2005-10-06
46002-P-GH-K00-008,planned_end,2007-12-31
46002-P-GH-K00-008,actual_end,2006-12-31
46002-P-GH-K00-012,planned_start,2011-07-13
46002-P-GH-K00-012,actual_start,2011-12-20
46002-P-GH-K00-012,planned_end,2013-12-31
46002-P-GH-K00-012,actual_end,2013-12-31
46002-P-GH-KA0-003,planned_start,2008-09-17
46002-P-GH-KA0-003,actual_start,2008-10-28
46002-P-GH-KA0-003,planned_end,2011-12-31
46002-P-GH-KA0-003,actual_end,2011-12-31
46002-P-GH-K00-013,actual_start,2015-12-03
46002-P-GH-K00-013,planned_end,2016-06-30
46002-P-GH-K00-013,planned_start,2015-11-18
46002-P-ET-K00-015,planned_start,2018-11-14
46002-P-ET-K00-015,actual_start,2018-11-23
46002-P-ET-K00-015,planned_end,2020-12-31
46002-P-ET-K00-015,actual_end,2020-07-31
46002-P-GH-KA0-006,planned_start,2016-12-16
46002-P-ET-KF0-007,planned_start,2022-07-15
46002-P-ET-KF0-007,actual_start,2022-07-26
46002-P-ET-KF0-007,planned_end,2027-06-30
46002-P-GH-KA0-006,actual_start,2017-02-10
46002-P-GH-KA0-006,planned_end,2017-12-31
46002-P-GH-KA0-006,actual_end,2017-09-30
46002-P-GH-KA0-008,planned_start,2020-07-24
46002-P-GH-KA0-008,actual_start,2020-08-13
46002-P-GH-KA0-008,planned_end,2021-06-30
46002-P-GH-KA0-008,actual_end,2021-06-30
46002-P-ET-AAZ-002,planned_start,2024-05-22
46002-P-ET-AAZ-002,actual_start,2024-06-04
46002-P-ET-AAZ-002,planned_end,2029-12-31
46002-P-GH-K00-018,planned_end,2025-12-31
46002-P-GH-K00-018,planned_start,2023-10-31
46002-P-GH-K00-018,actual_start,2023-11-09
46002-P-GM-KA0-009,planned_start,2018-03-26
46002-P-GM-KA0-009,actual_start,2018-05-03
46002-P-GM-KA0-009,planned_end,2019-03-26
46002-P-GM-KA0-009,actual_end,2018-12-31
46002-P-GH-I00-003,planned_start,2025-11-05
46002-P-GH-I00-003,actual_start,2025-11-28
46002-P-GH-I00-003,planned_end,2029-12-31
46002-P-GW-KA0-008,planned_start,2015-05-13
46002-P-GW-KA0-008,actual_start,2015-05-27
46002-P-GW-KA0-008,planned_end,2016-12-31
46002-P-GW-KA0-008,actual_end,2016-12-31
46002-P-GW-IB0-005,planned_start,2020-12-17
46002-P-GW-IB0-005,actual_start,2021-09-10
46002-P-GW-IB0-005,planned_end,2025-06-30
46002-P-GW-IB0-005,actual_end,2026-01-07
46002-P-GW-A00-010,planned_start,2022-12-15
46002-P-GW-A00-010,actual_start,2023-03-09
46002-P-GW-A00-010,planned_end,2025-06-30
46002-P-GW-A00-010,actual_end,2025-09-29
46002-P-GM-K00-010,planned_start,2013-07-24
46002-P-GM-K00-010,actual_start,2013-10-07
46002-P-GM-K00-010,planned_end,2014-12-31
46002-P-GM-K00-010,actual_end,2014-09-30
46002-P-GM-K00-011,planned_start,2015-09-23
46002-P-GM-K00-011,actual_start,2015-10-26
46002-P-GM-K00-011,planned_end,2023-07-31
46002-P-GM-K00-011,actual_end,2024-12-05
46002-P-GM-J00-002,planned_start,2019-03-26
46002-P-GM-J00-002,actual_start,2019-07-22
46002-P-GM-J00-002,planned_end,2021-12-31
46002-P-GM-J00-002,actual_end,2021-12-29
46002-P-GM-K00-013,planned_start,2020-07-24
46002-P-GM-K00-013,actual_start,2020-08-18
46002-P-GW-KA0-009,planned_start,2024-10-31
46002-P-GW-KA0-009,actual_start,2024-11-27
46002-P-GW-KA0-009,planned_end,2026-06-30
46002-P-GM-KA0-011,actual_start,2023-11-30
46002-P-GM-KA0-011,planned_end,2025-06-30
46002-P-GM-KA0-011,actual_end,2025-08-19
46002-P-GM-KA0-011,planned_start,2023-10-03
46002-P-GN-KA0-006,planned_start,2016-07-13
46002-P-GN-KA0-006,actual_start,2016-07-19
46002-P-GN-KA0-006,planned_end,2017-12-31
46002-P-GN-KA0-006,actual_end,2016-12-31
46002-P-KE-KD0-004,planned_end,1996-06-30
46002-P-KE-KD0-004,actual_end,1996-06-30
46002-P-LS-KA0-001,planned_start,2009-11-17
46002-P-LS-KA0-001,actual_start,2010-02-18
46002-P-LS-KA0-001,planned_end,2011-03-31
46002-P-LS-KA0-001,actual_end,2011-03-31
46002-P-LS-KE0-001,planned_start,2000-11-22
46002-P-LR-K00-020,planned_start,2020-07-24
46002-P-LR-K00-020,actual_start,2020-08-07
46002-P-LR-K00-020,planned_end,2021-11-05
46002-P-LR-K00-020,actual_end,2021-11-05
46002-P-LS-KE0-001,actual_start,2001-03-14
46002-P-LS-KE0-001,planned_end,2006-12-31
46002-P-LS-KE0-001,actual_end,2005-12-31
46002-P-LR-AA0-013,planned_start,2022-07-15
46002-P-LR-AA0-013,actual_start,2022-12-08
46002-P-LR-AA0-013,planned_end,2026-12-31
46002-P-KE-K00-015,planned_end,2027-06-30
46002-P-LR-K00-023,planned_start,2026-05-20
46002-P-LR-K00-023,actual_start,2026-06-17
46002-P-LR-K00-023,planned_end,2027-12-31
46002-P-KE-K00-004,planned_start,2021-06-16
46002-P-KE-K00-004,actual_start,2021-06-25
46002-P-KE-K00-004,planned_end,2023-12-31
46002-P-KE-K00-004,actual_end,2024-06-26
46002-P-LR-KA0-004,planned_start,2018-07-31
46002-P-LR-KA0-004,actual_start,2018-08-21
46002-P-KE-AA0-001,planned_start,1991-02-26
46002-P-KE-AA0-001,actual_start,1991-11-28
46002-P-KE-AA0-001,planned_end,1996-06-30
46002-P-KE-AA0-001,actual_end,2000-06-30
46002-P-GH-K00-013,actual_end,2016-06-30
46002-P-ML-KA0-009,planned_end,2021-07-31
46002-P-ML-KA0-009,actual_end,2021-07-31
46002-P-MG-K00-001,planned_start,2006-07-24
46002-P-MG-K00-001,actual_start,2006-07-31
46002-P-MG-K00-001,planned_end,2008-06-30
46002-P-MG-K00-001,actual_end,2008-12-31
46002-P-MG-K00-007,planned_start,2008-07-02
46002-P-MG-K00-007,actual_start,2008-07-14
46002-P-MG-K00-007,planned_end,2012-12-31
46002-P-MG-K00-007,actual_end,2011-06-30
46002-P-MG-K00-010,planned_start,2014-11-05
46002-P-MG-K00-010,actual_start,2014-11-14
46002-P-MG-K00-010,planned_end,2015-06-30
46002-P-MG-K00-010,actual_end,2015-06-30
46002-P-KE-KA0-001,planned_start,1989-02-23
46002-P-KE-KA0-001,actual_start,1989-04-21
46002-P-KE-KA0-001,planned_end,1994-06-30
46002-P-KE-KA0-001,actual_end,1994-06-30
46002-P-KE-KA0-002,planned_start,2000-11-03
46002-P-KE-KA0-002,actual_start,2000-11-27
46002-P-KE-KA0-002,planned_end,2005-12-31
46002-P-KE-KA0-002,actual_end,2005-12-31
46002-P-KE-KD0-004,planned_start,1993-10-22
46002-P-KE-KD0-004,actual_start,1993-11-17
46002-P-MG-K00-018,planned_start,2020-07-22
46002-P-MG-K00-018,actual_start,2020-08-07
46002-P-MG-K00-018,planned_end,2021-07-31
46002-P-MG-K00-018,actual_end,2021-07-31
46002-P-MG-KA0-012,planned_start,2019-11-26
46002-P-MG-K00-021,planned_start,2024-09-20
46002-P-MG-K00-021,actual_start,2024-10-03
46002-P-MG-K00-021,planned_end,2025-12-31
46002-P-KE-HB0-009,planned_start,2019-05-15
46002-P-KE-HB0-009,actual_start,2020-04-02
46002-P-KE-HB0-009,planned_end,2026-06-30
46002-P-KE-K00-007,planned_start,2020-05-22
46002-P-KE-K00-007,actual_start,2020-06-04
46002-P-KE-K00-007,planned_end,2021-06-30
46002-P-KE-K00-007,actual_end,2021-06-30
46002-P-KE-K00-010,planned_start,2022-06-29
46002-P-KE-K00-010,actual_start,2022-08-29
46002-P-KE-K00-010,planned_end,2023-06-30
46002-P-KE-K00-010,actual_end,2024-06-27
46002-P-KE-A00-002,planned_start,2022-07-14
46002-P-KE-A00-002,actual_start,2023-05-03
46002-P-KE-A00-002,planned_end,2025-12-31
46002-P-KE-A00-002,actual_end,2025-09-09
46002-P-KE-IA0-005,planned_start,2023-03-13
46002-P-KE-IA0-005,actual_start,2023-07-05
46002-P-KE-IA0-005,planned_end,2028-12-31
46002-P-KE-K00-012,planned_start,2023-11-29
46002-P-KE-K00-012,actual_start,2024-02-02
46002-P-KE-K00-012,planned_end,2024-12-31
46002-P-KE-K00-012,actual_end,2024-06-30
46002-P-KE-K00-013,planned_start,2024-12-16
46002-P-KE-K00-013,actual_start,2025-04-15
46002-P-KE-K00-013,planned_end,2027-06-30
46002-P-KE-K00-015,planned_start,2026-07-08
46002-P-KE-K00-015,actual_start,2026-07-09
46002-P-MW-K00-002,planned_start,2004-12-08
46002-P-MW-K00-002,actual_start,2005-03-04
46002-P-MW-K00-002,planned_end,2006-12-31
46002-P-MW-K00-002,actual_end,2005-12-31
46002-P-MW-KZ0-003,planned_start,2007-04-11
46002-P-MU-K00-002,planned_start,2007-03-28
46002-P-MU-K00-002,actual_start,2007-05-17
46002-P-MU-K00-002,planned_end,2010-12-31
46002-P-MU-K00-002,actual_end,2010-12-31
46002-P-MU-K00-004,planned_start,2009-11-25
46002-P-MU-K00-004,actual_start,2009-12-10
46002-P-MU-K00-004,planned_end,2014-08-01
46002-P-MU-K00-004,actual_end,2014-07-31
46002-P-MU-K00-005,planned_end,2014-08-01
46002-P-MU-K00-005,actual_end,2014-07-31
46002-P-MW-KZ0-003,actual_start,2007-10-18
46002-P-MW-KZ0-003,planned_end,2008-12-31
46002-P-MW-KZ0-003,actual_end,2008-12-31
46002-P-MW-IE0-005,planned_start,2015-04-29
46002-P-MW-IE0-005,actual_start,2015-06-08
46002-P-MU-K00-005,planned_start,2009-11-25
46002-P-MU-K00-005,actual_start,2009-12-10
46002-P-MW-IE0-005,planned_end,2019-06-30
46002-P-MW-IE0-005,actual_end,2018-12-30
46002-P-MU-K00-008,planned_start,2020-05-22
46002-P-MU-K00-008,actual_start,2020-05-30
46002-P-MU-K00-008,planned_end,2021-06-30
46002-P-MU-K00-008,actual_end,2021-06-30
46002-P-MU-K00-009,planned_start,2023-03-29
46002-P-MU-K00-009,actual_start,2023-04-21
46002-P-MU-K00-009,planned_end,2024-12-31
46002-P-MU-K00-009,actual_end,2025-04-30
46002-P-MU-K00-010,planned_start,2024-05-22
46002-P-MU-K00-010,actual_start,2024-08-20
46002-P-MU-K00-010,planned_end,2026-12-31
46002-P-MW-KA0-004,planned_end,2020-12-31
46002-P-MG-KA0-009,planned_end,2017-12-31
46002-P-MG-KA0-009,actual_end,2017-06-23
46002-P-MG-KA0-009,planned_start,2016-03-30
46002-P-MG-KA0-009,actual_start,2016-04-26
46002-P-MR-K00-018,planned_start,2020-07-22
46002-P-MR-K00-018,actual_start,2020-07-27
46002-P-MR-K00-018,planned_end,2021-06-30
46002-P-MR-K00-018,actual_end,2021-06-30
46002-P-MW-KA0-004,actual_end,2020-12-31
46002-P-MW-KA0-004,planned_start,2020-07-22
46002-P-MW-KA0-004,actual_start,2020-08-06
46002-P-MG-KA0-012,actual_start,2019-12-19
46002-P-MG-KA0-012,planned_end,2020-12-31
46002-P-MG-KA0-012,actual_end,2020-12-31
46002-P-MW-AA0-040,planned_start,2024-05-15
46002-P-MW-AA0-040,actual_start,2024-10-16
46002-P-MW-AA0-040,planned_end,2029-12-31
46002-P-MW-AA0-040,actual_end,2026-07-14
46002-P-MR-K00-017,planned_start,2017-12-15
46002-P-MR-K00-017,actual_start,2018-02-11
46002-P-MR-K00-017,planned_end,2018-12-31
46002-P-MR-K00-017,actual_end,2018-12-31
46002-P-ML-KA0-009,actual_start,2020-11-19
46002-P-ML-KA0-009,planned_start,2020-07-22
46002-P-ML-KA0-008,planned_start,2019-11-13
46002-P-NA-K00-005,actual_start,2022-10-12
46002-P-NA-K00-005,planned_end,2023-12-11
46002-P-ML-KA0-008,actual_start,2019-11-29
46002-P-ML-KA0-008,planned_end,2019-12-31
46002-P-ML-KA0-008,actual_end,2020-06-30
46002-P-NA-K00-005,actual_end,2023-06-30
46002-P-MR-K00-016,planned_start,2016-11-23
46002-P-MR-K00-016,actual_start,2016-11-30
46002-P-MR-K00-016,planned_end,2017-12-31
46002-P-MR-K00-016,actual_end,2017-12-31
46002-P-ML-KA0-004,planned_start,2016-12-14
46002-P-ML-KA0-004,actual_start,2017-01-17
46002-P-ML-KA0-004,planned_end,2017-12-31
46002-P-ML-KA0-004,actual_end,2017-12-31
46002-P-ML-KA0-007,planned_start,2017-12-15
46002-P-ML-KA0-007,actual_start,2017-12-22
46002-P-ML-KA0-007,planned_end,2018-12-31
46002-P-ML-KA0-007,actual_end,2018-06-30
46002-P-ML-K00-011,planned_start,2004-07-19
46002-P-ML-K00-011,actual_start,2004-08-26
46002-P-ML-K00-011,planned_end,2005-12-31
46002-P-ML-K00-011,actual_end,2005-12-31
46002-P-ML-K00-014,planned_start,2005-12-12
46002-P-ML-K00-014,actual_start,2005-12-29
46002-P-ML-K00-014,planned_end,2007-12-31
46002-P-ML-K00-014,actual_end,2006-12-05
46002-P-ML-K00-015,planned_start,2008-09-24
46002-P-ML-K00-015,actual_start,2008-10-13
46002-P-ML-K00-015,planned_end,2011-12-31
46002-P-ML-K00-015,actual_end,2011-06-30
46002-P-ML-K00-018,planned_start,2009-11-30
46002-P-ML-K00-018,actual_start,2009-12-01
46002-P-ML-K00-018,planned_end,2011-06-30
46002-P-ML-K00-018,actual_end,2011-06-30
46002-P-ML-K00-020,planned_start,2011-10-26
46002-P-ML-K00-020,actual_start,2011-10-26
46002-P-ML-K00-020,planned_end,2013-12-31
46002-P-ML-K00-020,actual_end,2013-12-31
46002-P-ML-KA0-001,planned_start,2013-05-08
46002-P-ML-KA0-001,actual_start,2013-05-10
46002-P-ML-KA0-001,planned_end,2014-12-31
46002-P-ML-KA0-001,actual_end,2014-07-31
46002-P-ML-KA0-003,planned_start,2014-12-17
46002-P-ML-KA0-003,actual_start,2014-12-17
46002-P-ML-KA0-003,planned_end,2015-12-31
46002-P-ML-KA0-003,actual_end,2015-06-30
46002-P-ML-KA0-006,planned_start,2015-11-04
46002-P-ML-KA0-006,actual_start,2015-11-27
46002-P-ML-KA0-006,planned_end,2018-12-31
46002-P-ML-KA0-006,actual_end,2016-12-31
46002-P-NA-KA0-002,planned_end,2021-12-31
46002-P-NA-KA0-002,actual_end,2019-06-30
46002-P-NA-KA0-002,planned_start,2018-07-18
46002-P-NA-KA0-002,actual_start,2018-08-14
46002-P-MZ-K00-011,planned_end,2016-03-31
46002-P-MZ-K00-011,actual_end,2016-01-31
46002-P-NA-K00-007,planned_start,2017-05-10
46002-P-NE-KA0-006,actual_end,2011-12-31
46002-P-NE-KA0-008,actual_end,2014-06-30
46002-P-NE-KA0-010,planned_start,2015-11-04
46002-P-NE-KA0-010,actual_start,2015-11-14
46002-P-NE-KA0-010,planned_end,2017-12-31
46002-P-NE-KA0-010,actual_end,2016-12-31
46002-P-NA-K00-007,actual_start,2017-05-23
46002-P-MZ-K00-001,planned_start,1997-07-02
46002-P-MZ-K00-001,actual_start,1997-09-25
46002-P-MZ-K00-001,planned_end,2005-12-31
46002-P-MZ-K00-001,actual_end,2005-06-30
46002-P-MZ-K00-002,planned_end,2006-06-30
46002-P-MZ-K00-002,actual_end,2006-12-31
46002-P-MZ-K00-002,planned_start,2004-12-01
46002-P-MZ-K00-002,actual_start,2004-12-10
46002-P-MZ-K00-004,planned_start,2006-10-27
46002-P-MZ-K00-004,actual_start,2006-11-02
46002-P-MZ-K00-004,planned_end,2008-06-30
46002-P-MZ-K00-004,actual_end,2008-06-30
46002-P-NA-K00-007,planned_end,2019-12-31
46002-P-MZ-K00-007,planned_start,2008-10-22
46002-P-MZ-K00-007,actual_start,2008-11-17
46002-P-MZ-K00-007,planned_end,2011-06-30
46002-P-MZ-K00-007,actual_end,2010-12-31
46002-P-NE-KA0-014,planned_start,2025-09-26
46002-P-NA-K00-007,actual_end,2017-12-31
46002-P-MZ-K00-009,planned_start,2011-09-20
46002-P-MZ-K00-009,actual_start,2011-10-31
46002-P-MZ-K00-009,planned_end,2013-12-31
46002-P-MZ-K00-009,actual_end,2013-12-31
46002-P-MZ-K00-010,planned_start,2014-09-19
46002-P-MZ-K00-010,actual_start,2014-10-23
46002-P-MZ-K00-010,planned_end,2015-12-31
46002-P-MZ-K00-010,actual_end,2014-12-31
46002-P-MZ-K00-011,planned_start,2015-12-15
46002-P-MZ-K00-011,actual_start,2015-12-16
46002-P-NE-KA0-014,actual_start,2025-10-01
46002-P-NE-KA0-014,planned_end,2026-12-31
46002-P-MZ-K00-012,planned_start,2020-07-22
46002-P-MZ-K00-012,actual_start,2020-07-28
46002-P-MA-K00-019,actual_start,2024-07-10
46002-P-NA-KA0-004,planned_start,2020-03-11
46002-P-NA-KA0-004,actual_start,2020-05-06
46002-P-NA-KA0-004,planned_end,2020-12-31
46002-P-NA-KA0-004,actual_end,2020-12-31
46002-P-MZ-AA0-041,planned_start,2022-02-11
46002-P-MZ-AA0-041,actual_start,2022-07-06
46002-P-MZ-AA0-041,planned_end,2023-12-31
46002-P-MZ-AA0-041,actual_end,2025-10-31
46002-P-NA-K00-004,planned_start,2021-03-17
46002-P-NA-K00-004,actual_start,2021-03-31
46002-P-NA-K00-004,planned_end,2023-12-31
46002-P-NA-K00-004,actual_end,2023-12-31
46002-P-MA-K00-019,planned_end,2028-06-30
46002-P-NA-K00-005,planned_start,2022-09-28
46002-P-MZ-KA0-007,planned_start,2023-09-13
46002-P-MZ-KA0-007,actual_start,2023-09-20
46002-P-MZ-KA0-007,planned_end,2025-03-31
46002-P-MZ-KA0-007,actual_end,2026-06-08
46002-P-MA-I00-016,actual_start,2021-02-22
46002-P-MA-I00-016,planned_end,2023-12-31
46002-P-MA-I00-016,actual_end,2024-09-22
46002-P-MZ-AA0-045,planned_start,2024-10-30
46002-P-MZ-AA0-045,actual_start,2025-01-23
46002-P-MZ-AA0-045,planned_end,2028-12-31
46002-P-NE-KA0-015,planned_start,2020-07-22
46002-P-NE-KA0-015,actual_start,2020-07-27
46002-P-NE-KA0-015,planned_end,2021-06-30
46002-P-NE-KA0-015,actual_end,2021-06-30
46002-P-NE-KA0-013,planned_end,2019-06-30
46002-P-NE-KA0-013,planned_start,2018-11-27
46002-P-NE-KA0-013,actual_start,2018-11-30
46002-P-MA-I00-012,planned_end,2023-12-31
46002-P-NE-KA0-012,planned_start,2018-01-10
46002-P-NE-KA0-011,planned_start,2016-11-02
46002-P-NE-KA0-011,actual_start,2016-11-07
46002-P-NE-KA0-011,planned_end,2017-12-31
46002-P-NE-KA0-011,actual_end,2017-06-30
46002-P-MA-I00-012,actual_end,2024-03-06
46002-P-MA-GB0-002,planned_start,1998-12-09
46002-P-MA-GB0-002,actual_start,1999-05-10
46002-P-MA-GB0-002,planned_end,2002-12-31
46002-P-MA-GB0-002,actual_end,2002-12-31
46002-P-MA-GB0-003,planned_start,2001-04-04
46002-P-MA-GB0-003,actual_start,2001-10-04
46002-P-MA-GB0-003,planned_end,2007-03-31
46002-P-MA-GB0-003,actual_end,2006-12-31
46002-P-MA-AA0-024,planned_end,2030-12-31
46002-P-MA-H00-004,planned_start,2015-07-08
46002-P-MA-H00-004,actual_start,2015-07-28
46002-P-MA-H00-004,planned_end,2016-12-31
46002-P-MA-H00-004,actual_end,2016-12-31
46002-P-MA-HZ0-003,planned_start,2009-12-09
46002-P-MA-HZ0-003,actual_start,2009-12-11
46002-P-MA-HZ0-003,planned_end,2011-12-31
46002-P-MA-HZ0-003,actual_end,2011-12-31
46002-P-MA-HZ0-011,planned_start,2014-10-01
46002-P-MA-IAZ-003,planned_start,2009-03-31
46002-P-MA-IAZ-003,actual_start,2009-05-08
46002-P-MA-IAZ-003,planned_end,2012-12-31
46002-P-MA-IAZ-003,actual_end,2011-12-31
46002-P-MA-IAZ-004,planned_start,2013-07-22
46002-P-MA-IAZ-004,actual_start,2013-07-26
46002-P-NE-K00-007,planned_start,2005-09-21
46002-P-NE-K00-007,actual_start,2005-10-21
46002-P-NE-K00-007,planned_end,2007-12-31
46002-P-NE-K00-007,actual_end,2007-12-31
46002-P-MA-IBD-001,planned_start,2002-12-12
46002-P-MA-IBD-001,actual_start,2003-04-25
46002-P-MA-IBD-001,planned_end,2008-03-31
46002-P-MA-IBD-001,actual_end,2008-03-31
46002-P-MA-IBD-008,planned_start,2008-12-11
46002-P-MA-IBD-008,actual_start,2008-12-26
46002-P-MA-IBD-008,planned_end,2012-12-31
46002-P-MA-IBD-008,actual_end,2012-12-31
46002-P-MA-IBD-010,actual_start,2013-12-18
46002-P-MA-IBD-010,planned_end,2014-12-31
46002-P-MA-IBD-010,planned_start,2013-12-18
46002-P-MA-K00-002,planned_start,1998-12-09
46002-P-MA-K00-002,actual_start,1999-05-10
46002-P-MA-K00-002,planned_end,2003-06-01
46002-P-MA-K00-002,actual_end,2002-12-31
46002-P-MA-K00-003,planned_start,2004-12-20
46002-P-MA-K00-003,actual_start,2005-02-07
46002-P-MA-K00-003,planned_end,2007-12-31
46002-P-MA-K00-003,actual_end,2008-12-31
46002-P-MA-K00-004,planned_start,2006-06-28
46002-P-MA-K00-004,actual_start,2006-12-15
46002-P-MA-K00-004,planned_end,2009-12-31
46002-P-MA-K00-004,actual_end,2009-12-31
46002-P-MA-K00-005,planned_start,2008-06-25
46002-P-MA-K00-005,actual_start,2008-06-26
46002-P-MA-K00-005,planned_end,2010-12-31
46002-P-MA-K00-005,actual_end,2009-12-31
46002-P-MA-K00-006,planned_end,2011-12-31
46002-P-MA-K00-006,actual_end,2011-12-31
46002-P-MA-K00-006,planned_start,2010-06-30
46002-P-MA-K00-006,actual_start,2010-07-06
46002-P-MA-K00-010,planned_start,2012-11-28
46002-P-MA-K00-010,actual_start,2012-11-28
46002-P-MA-K00-010,planned_end,2013-09-30
46002-P-MA-K00-010,actual_end,2013-12-31
46002-P-MA-A00-003,planned_start,2015-10-14
46002-P-MA-A00-003,actual_start,2015-12-15
46002-P-MA-A00-003,planned_end,2017-09-30
46002-P-MA-A00-003,actual_end,2017-09-30
46002-P-MA-K00-013,planned_start,2017-07-14
46002-P-MA-K00-013,actual_start,2017-07-14
46002-P-MA-K00-013,planned_end,2018-12-31
46002-P-MA-K00-013,actual_end,2018-12-31
46002-P-NE-KA0-006,planned_end,2012-12-31
46002-P-NE-KA0-006,planned_start,2010-12-06
46002-P-NE-KA0-006,actual_start,2010-12-22
46002-P-NE-KA0-008,planned_end,2014-12-31
46002-P-NE-KA0-008,planned_start,2012-11-14
46002-P-NE-KA0-008,actual_start,2012-11-22
46002-P-MA-K00-019,planned_start,2019-12-18
46002-P-MA-K00-021,planned_start,2020-05-27
46002-P-MA-K00-021,actual_start,2020-06-09
46002-P-MA-K00-021,planned_end,2021-12-31
46002-P-MA-K00-021,actual_end,2021-12-31
46002-P-MA-I00-010,planned_start,2019-12-16
46002-P-MA-I00-010,actual_start,2020-02-21
46002-P-MA-I00-010,planned_end,2027-12-31
46002-P-MA-I00-016,planned_start,2020-11-02
46002-P-MA-H00-020,planned_start,2021-11-24
46002-P-MA-H00-020,actual_start,2021-12-14
46002-P-MA-H00-020,planned_end,2022-12-31
46002-P-MA-H00-020,actual_end,2023-03-10
46002-P-MZ-K00-012,planned_end,2021-12-31
46002-P-MZ-K00-012,actual_end,2021-12-01
46002-P-NE-KA0-013,actual_end,2019-06-30
46002-P-NE-KA0-012,actual_start,2018-01-11
46002-P-MA-I00-012,actual_start,2022-11-07
46002-P-MA-I00-012,planned_start,2022-07-08
46002-P-NE-KA0-012,planned_end,2019-12-30
46002-P-MA-AA0-023,planned_start,2022-09-28
46002-P-MA-AA0-023,actual_start,2022-11-07
46002-P-MA-AA0-023,planned_end,2026-12-31
46002-P-MA-AA0-023,actual_end,2025-06-16
46002-P-MA-IBD-012,planned_start,2023-06-07
46002-P-NE-KA0-012,actual_end,2018-06-30
46002-P-MA-IBD-012,actual_start,2023-10-24
46002-P-MA-IBD-012,planned_end,2028-12-30
46002-P-MA-IA0-008,planned_start,2023-07-05
46002-P-MA-IA0-008,actual_start,2023-10-24
46002-P-MA-IA0-008,planned_end,2023-12-31
46002-P-MA-IA0-008,actual_end,2024-06-20
46002-P-NE-A00-012,planned_start,2022-07-15
46002-P-NE-A00-012,actual_start,2022-08-01
46002-P-NE-A00-012,planned_end,2025-06-30
46002-P-NE-A00-012,actual_end,2025-09-30
46002-P-MA-IAD-003,planned_end,2028-12-31
46002-P-MA-IAD-003,planned_start,2024-05-15
46002-P-MA-IAD-003,actual_start,2024-07-10
46002-P-RW-AAE-004,actual_end,2015-12-31
46002-P-MA-K00-023,planned_start,2024-06-26
46002-P-MA-K00-023,actual_start,2024-11-22
46002-P-MA-K00-023,planned_end,2026-12-31
46002-P-MA-K00-028,planned_start,2025-06-25
46002-P-MA-K00-028,actual_start,2025-10-13
46002-P-MA-K00-028,planned_end,2026-12-31
46002-P-MA-AA0-024,planned_start,2025-07-18
46002-P-MA-AA0-024,actual_start,2025-10-24
46002-P-MA-IAZ-009,planned_start,2025-06-27
46002-P-MA-IAZ-009,actual_start,2025-10-13
46002-P-MA-IAZ-009,planned_end,2026-12-31
46002-P-NG-KA0-006,planned_start,2020-06-05
46002-P-NG-KA0-006,actual_start,2020-10-16
46002-P-NG-KA0-006,planned_end,2021-12-31
46002-P-NG-KA0-006,actual_end,2021-06-30
46002-P-MA-K00-014,planned_end,2020-12-31
46002-P-MA-K00-014,actual_end,2020-12-31
46002-P-MA-K00-014,planned_start,2019-03-14
46002-P-MA-K00-014,actual_start,2019-03-28
46002-P-MA-AA0-011,planned_start,2021-10-27
46002-P-MA-AA0-011,actual_start,2021-11-23
46002-P-MA-AA0-011,planned_end,2027-12-31
46002-P-MA-AA0-003,planned_start,2018-05-15
46002-P-MA-AA0-003,actual_start,2018-06-08
46002-P-MA-AA0-003,planned_end,2019-12-31
46002-P-MA-AA0-003,actual_end,2019-12-31
46002-P-MA-I00-006,planned_start,2018-12-13
46002-P-MA-I00-006,actual_start,2019-02-12
46002-P-MA-I00-006,planned_end,2024-12-31
46002-P-MA-I00-006,actual_end,2026-01-08
46002-P-NG-AAG-016,planned_start,2022-07-15
46002-P-NG-AAG-016,actual_start,2023-02-15
46002-P-NG-AAG-016,planned_end,2027-12-31
46002-P-NG-AAG-016,actual_end,2025-06-02
46002-P-NG-KA0-002,planned_start,2016-11-02
46002-P-NG-KA0-002,actual_start,2016-11-09
46002-P-NG-KA0-002,planned_end,2017-12-31
46002-P-NG-KA0-002,actual_end,2017-12-31
46002-P-MA-HAZ-002,planned_start,2016-07-13
46002-P-MA-HAZ-002,actual_start,2016-07-14
46002-P-MA-HAZ-002,planned_end,2018-12-31
46002-P-MA-HAZ-002,actual_end,2016-12-31
46002-P-MA-IBD-011,planned_start,2016-06-22
46002-P-MA-IBD-011,actual_start,2016-06-24
46002-P-MA-IBD-011,planned_end,2020-12-31
46002-P-MA-IBD-011,actual_end,2017-12-31
46002-P-NG-K00-012,planned_start,2024-07-19
46002-P-NG-K00-012,actual_start,2024-08-15
46002-P-NG-K00-012,planned_end,2025-12-31
46002-P-NG-K00-013,planned_start,2025-11-24
46002-P-NG-K00-013,actual_start,2025-12-22
46002-P-NG-K00-013,planned_end,2026-12-31
46002-P-MA-HA0-001,planned_start,2002-12-12
46002-P-MA-HA0-001,actual_start,2002-12-17
46002-P-MA-HA0-001,planned_end,2004-01-02
46002-P-MA-HA0-001,actual_end,2005-12-31
46002-P-MA-A00-002,planned_start,2012-07-18
46002-P-MA-A00-002,actual_start,2012-09-07
46002-P-MA-A00-002,planned_end,2014-12-31
46002-P-MA-A00-002,actual_end,2014-07-31
46002-P-RW-FA0-008,planned_start,2019-05-23
46002-P-RW-FA0-008,actual_start,2019-06-12
46002-P-RW-FA0-008,planned_end,2027-03-31
46002-P-RW-FA0-016,planned_start,2018-09-27
46002-P-RW-FA0-016,actual_start,2018-10-16
46002-P-RW-FA0-016,planned_end,2027-03-31
46002-P-RW-IZ0-004,planned_start,2016-07-13
46002-P-RW-IZ0-004,actual_start,2016-07-25
46002-P-RW-IZ0-004,planned_end,2020-01-02
46002-P-RW-IZ0-004,actual_end,2017-06-30
46002-P-RW-IZ0-006,planned_start,2017-11-24
46002-P-RW-IZ0-006,actual_start,2017-11-29
46002-P-RW-IZ0-006,planned_end,2020-07-30
46002-P-RW-IZ0-006,actual_end,2020-07-30
46002-P-RW-AAE-004,actual_start,2011-07-26
46002-P-RW-AAE-004,planned_end,2017-12-31
46002-P-RW-AAE-004,planned_start,2011-06-29
46002-P-MA-H00-001,planned_start,1997-11-19
46002-P-MA-H00-001,actual_start,1998-05-28
46002-P-MA-H00-001,planned_end,1999-12-31
46002-P-MA-H00-001,actual_end,2000-12-31
46002-P-MA-HZ0-006,planned_start,2011-11-23
46002-P-MA-HZ0-006,actual_start,2011-11-23
46002-P-MA-HZ0-006,planned_end,2012-12-31
46002-P-MA-HZ0-006,actual_end,2012-12-31
46002-P-MA-HZ0-011,actual_start,2014-10-15
46002-P-MA-DZ0-002,planned_start,2004-12-01
46002-P-MA-DZ0-002,actual_start,2005-02-07
46002-P-MA-DZ0-002,planned_end,2006-06-15
46002-P-MA-DZ0-002,actual_end,2007-12-31
46002-P-MA-HZ0-011,planned_end,2015-12-31
46002-P-MA-E00-004,planned_start,2003-12-03
46002-P-MA-E00-004,actual_start,2004-10-14
46002-P-MA-E00-004,planned_end,2008-06-30
46002-P-MA-E00-004,actual_end,2008-06-30
46002-P-MA-HZ0-011,actual_end,2015-12-31
46002-P-NG-FA0-002,planned_end,2015-12-31
46002-P-NG-FA0-002,actual_end,2015-12-31
46002-P-MA-IAZ-004,planned_end,2015-12-31
46002-P-MA-IAZ-004,actual_end,2014-12-31
46002-P-MA-IBD-010,actual_end,2014-12-31
46002-P-NG-FA0-002,planned_start,2009-10-28
46002-P-NG-FA0-002,actual_start,2012-03-30
46002-P-NG-K00-005,planned_start,2013-02-27
46002-P-NG-K00-005,actual_start,2013-05-27
46002-P-NG-K00-005,planned_end,2015-12-31
46002-P-NG-K00-005,actual_end,2015-12-31
46002-P-ZA-K00-006,planned_end,2024-12-31
46002-P-ZA-K00-006,actual_end,2026-02-16
46002-P-RW-IZ0-002,planned_start,2013-04-03
46002-P-RW-IZ0-002,actual_start,2013-04-16
46002-P-RW-IZ0-002,planned_end,2014-02-16
46002-P-RW-IZ0-002,actual_end,2013-12-31
46002-P-RW-IZ0-003,planned_start,2014-05-07
46002-P-RW-IZ0-003,actual_start,2014-05-07
46002-P-RW-IZ0-003,planned_end,2016-05-30
46002-P-RW-IZ0-003,actual_end,2016-05-30
46002-P-RW-K00-006,planned_start,2004-10-27
46002-P-RW-K00-006,actual_start,2004-11-17
46002-P-RW-K00-006,planned_end,2006-12-31
46002-P-RW-K00-006,actual_end,2006-11-16
46002-P-SS-A00-002,actual_start,2023-06-05
46002-P-SS-A00-002,planned_end,2027-12-31
46002-P-SO-AA0-009,planned_start,2022-07-15
46002-P-RW-K00-013,planned_start,2020-07-23
46002-P-RW-K00-013,actual_start,2020-08-10
46002-P-RW-K00-013,planned_end,2021-12-31
46002-P-RW-K00-013,actual_end,2021-12-31
46002-P-SO-AA0-009,actual_start,2022-08-01
46002-P-SO-AA0-009,planned_end,2026-12-31
46002-P-SO-KF0-015,planned_start,2023-10-02
46002-P-SO-KF0-015,actual_start,2023-11-30
46002-P-SO-KF0-015,planned_end,2027-12-31
46002-P-RW-E00-013,planned_start,2023-06-30
46002-P-RW-E00-013,actual_start,2023-07-10
46002-P-RW-E00-013,planned_end,2026-12-31
46002-P-SO-E00-009,planned_start,2024-12-18
46002-P-SO-E00-009,actual_start,2025-02-15
46002-P-SO-E00-009,planned_end,2026-12-31
46002-P-SO-E00-005,planned_start,2026-01-28
46002-P-SO-E00-005,actual_start,2026-02-26
46002-P-SO-E00-005,planned_end,2029-12-31
46002-P-SL-KA0-017,planned_start,2020-07-24
46002-P-SL-KA0-017,actual_start,2020-08-04
46002-P-SL-KA0-017,planned_end,2021-12-31
46002-P-SL-KA0-017,actual_end,2021-12-31
46002-P-SL-KA0-016,planned_start,2019-03-14
46002-P-SL-KA0-016,actual_start,2019-04-29
46002-P-SL-KA0-016,planned_end,2021-02-28
46002-P-SL-KA0-016,actual_end,2021-02-28
46002-P-RW-F00-009,planned_start,2025-07-14
46002-P-RW-F00-009,actual_start,2025-07-31
46002-P-RW-F00-009,planned_end,2031-03-31
46002-P-ST-K00-012,planned_start,2020-01-08
46002-P-ST-K00-012,actual_start,2020-01-15
46002-P-ST-K00-012,planned_end,2020-12-31
46002-P-ST-K00-012,actual_end,2020-12-31
46002-P-ST-K00-015,planned_start,2020-07-22
46002-P-ST-K00-015,actual_start,2020-07-29
46002-P-ST-K00-015,planned_end,2021-12-31
46002-P-ST-K00-015,actual_end,2020-12-31
46002-P-ST-K00-013,planned_start,2023-12-01
46002-P-ST-K00-013,actual_start,2023-12-11
46002-P-ST-K00-013,planned_end,2026-12-30
46002-P-ST-K00-014,planned_start,2025-03-27
46002-P-ST-K00-014,actual_start,2025-04-16
46002-P-ST-K00-014,planned_end,2026-12-30
46002-P-ST-K00-017,planned_start,2025-12-03
46002-P-ST-K00-017,actual_start,2025-12-11
46002-P-ST-K00-017,planned_end,2026-12-30
46002-P-SL-KA0-005,planned_start,2003-12-10
46002-P-SL-KA0-005,actual_start,2004-01-21
46002-P-SL-KA0-005,planned_end,2007-12-31
46002-P-SL-KA0-005,actual_end,2007-12-31
46002-P-SL-KA0-013,planned_start,2014-05-05
46002-P-SL-KA0-013,actual_start,2014-05-22
46002-P-SL-KA0-013,planned_end,2015-12-31
46002-P-SL-KA0-013,actual_end,2014-12-31
46002-P-SN-KA0-009,planned_start,2016-09-14
46002-P-SN-KA0-009,actual_start,2016-10-19
46002-P-SN-KA0-009,planned_end,2017-12-31
46002-P-SN-KA0-009,actual_end,2016-12-31
46002-P-NA-HAA-006,planned_start,2024-12-18
46002-P-NA-HAA-006,actual_start,2025-04-07
46002-P-SL-AA0-023,planned_start,2022-07-15
46002-P-SL-AA0-023,actual_start,2022-08-18
46002-P-SL-AA0-023,planned_end,2024-06-30
46002-P-SL-AA0-023,actual_end,2025-01-29
46002-P-SL-KF0-013,planned_end,2027-04-30
46002-P-SL-KF0-013,planned_start,2023-04-05
46002-P-SL-KF0-013,actual_start,2023-07-05
46002-P-SC-K00-015,planned_start,2020-06-22
46002-P-SC-K00-015,actual_start,2020-06-30
46002-P-SC-K00-015,planned_end,2021-06-30
46002-P-SC-K00-015,actual_end,2021-06-30
46002-P-ZA-K00-005,planned_start,2020-07-22
46002-P-ZA-K00-005,actual_start,2020-09-09
46002-P-ZA-K00-005,planned_end,2021-06-30
46002-P-ZA-K00-005,actual_end,2021-06-30
46002-P-ZA-K00-006,planned_start,2023-10-25
46002-P-ZA-F00-013,planned_start,2025-06-27
46002-P-ZA-F00-013,actual_start,2025-07-24
46002-P-ZA-F00-013,planned_end,2025-11-30
46002-P-SS-I00-006,planned_start,2020-04-03
46002-P-SS-I00-006,actual_start,2020-05-21
46002-P-SS-I00-006,planned_end,2023-05-05
46002-P-SS-I00-006,actual_end,2023-03-07
46002-P-SS-I00-003,planned_start,2019-09-05
46002-P-SS-I00-003,actual_start,2019-09-26
46002-P-SS-I00-003,planned_end,2025-12-31
46002-P-SS-I00-003,actual_end,2026-02-05
46002-P-SC-K00-004,planned_start,2013-12-03
46002-P-SC-K00-004,actual_start,2013-12-06
46002-P-SC-K00-004,planned_end,2014-12-31
46002-P-SC-K00-004,actual_end,2014-12-31
46002-P-SC-KA0-001,planned_start,2009-07-20
46002-P-SC-KA0-001,actual_start,2009-08-25
46002-P-SC-KA0-001,planned_end,2011-06-30
46002-P-SC-KA0-001,actual_end,2011-06-30
46002-P-SC-K00-005,planned_start,2015-09-23
46002-P-SC-K00-005,actual_start,2015-11-09
46002-P-SC-K00-005,planned_end,2016-06-30
46002-P-SC-K00-005,actual_end,2016-06-30
46002-P-SC-K00-022,planned_start,2021-07-07
46002-P-SC-K00-022,actual_start,2021-08-17
46002-P-SC-K00-022,planned_end,2024-12-31
46002-P-SC-K00-022,actual_end,2024-04-24
46002-P-SC-K00-023,planned_start,2022-12-01
46002-P-SC-K00-023,actual_start,2022-12-12
46002-P-SC-K00-023,planned_end,2024-08-31
46002-P-SC-K00-023,actual_end,2024-04-24
46002-P-SC-K00-024,planned_start,2023-11-17
46002-P-SC-K00-024,actual_start,2023-12-11
46002-P-SC-K00-024,planned_end,2024-12-31
46002-P-SC-K00-024,actual_end,2024-04-24
46002-P-SC-K00-025,planned_start,2024-09-27
46002-P-SC-K00-025,actual_start,2024-10-30
46002-P-SC-K00-025,planned_end,2025-12-31
46002-P-SS-AAZ-001,planned_start,2020-12-18
46002-P-SC-K00-028,planned_start,2025-07-16
46002-P-SC-K00-028,actual_start,2025-08-21
46002-P-SC-K00-028,planned_end,2026-12-31
46002-P-SS-AAZ-001,actual_start,2021-02-03
46002-P-SS-AAZ-001,planned_end,2026-12-31
46002-P-SS-I00-009,planned_start,2021-11-23
46002-P-SO-K00-003,planned_start,2020-02-26
46002-P-SO-K00-003,actual_start,2020-03-02
46002-P-SO-K00-003,planned_end,2021-06-30
46002-P-SO-K00-003,actual_end,2020-08-31
46002-P-SS-I00-009,actual_start,2022-02-03
46002-P-SS-I00-009,planned_end,2027-06-30
46002-P-SS-I00-008,planned_start,2021-12-03
46002-P-SS-I00-008,actual_start,2022-02-03
46002-P-SS-I00-008,planned_end,2027-06-30
46002-P-SS-A00-001,planned_start,2022-07-15
46002-P-SS-A00-001,actual_start,2022-08-29
46002-P-SS-A00-001,planned_end,2023-06-29
46002-P-SS-A00-001,actual_end,2025-06-29
46002-P-SS-A00-002,planned_start,2023-04-18
46002-P-SS-I00-005,planned_start,2023-11-02
46002-P-SS-I00-005,actual_start,2024-06-21
46002-P-SS-I00-005,planned_end,2027-06-11
46002-P-SS-I00-010,planned_start,2024-09-25
46002-P-SS-I00-010,actual_start,2024-12-18
46002-P-SS-I00-010,planned_end,2028-12-31
46002-P-SS-I00-011,planned_start,2024-09-25
46002-P-SS-I00-011,actual_start,2025-03-19
46002-P-SS-I00-011,planned_end,2027-12-31
46002-P-SS-I00-014,planned_start,2024-09-25
46002-P-SS-I00-014,actual_start,2025-03-19
46002-P-SS-I00-014,planned_end,2027-12-31
46002-P-SN-KA0-016,planned_end,2022-12-31
46002-P-ZA-K00-006,actual_start,2023-11-17
46002-P-SN-K00-006,actual_start,2011-07-27
46002-P-SN-KA0-014,planned_start,2019-11-21
46002-P-SN-KA0-014,actual_start,2019-11-25
46002-P-SN-KA0-014,planned_end,2021-12-31
46002-P-SN-KA0-014,actual_end,2020-12-31
46002-P-SN-K00-006,planned_end,2013-09-30
46002-P-SN-KA0-016,planned_start,2021-06-30
46002-P-SN-KA0-016,actual_start,2021-08-03
46002-P-SN-K00-005,planned_start,2008-12-22
46002-P-SN-K00-005,actual_start,2008-12-22
46002-P-SN-K00-005,planned_end,2010-12-31
46002-P-SN-K00-005,actual_end,2010-12-31
46002-P-SN-K00-006,planned_start,2011-07-06
46002-P-SN-K00-006,actual_end,2013-09-30
46002-P-SN-K00-008,planned_start,2013-06-19
46002-P-SN-K00-008,actual_start,2013-07-25
46002-P-SN-K00-008,planned_end,2015-12-31
46002-P-SN-K00-008,actual_end,2014-12-31
46002-P-SN-KA0-005,planned_start,2003-12-10
46002-P-SN-KA0-005,actual_start,2004-01-16
46002-P-SN-KA0-005,planned_end,2007-12-31
46002-P-SN-KA0-005,actual_end,2007-09-30
46002-P-SN-K00-013,planned_end,2021-12-31
46002-P-SN-K00-013,actual_end,2021-06-30
46002-P-SN-K00-013,planned_start,2020-05-29
46002-P-SN-K00-013,actual_start,2020-06-04
46002-P-TZ-K00-007,planned_start,2004-10-27
46002-P-TZ-K00-007,actual_start,2004-12-09
46002-P-TZ-K00-007,planned_end,2006-06-30
46002-P-TZ-K00-007,actual_end,2005-12-31
46002-P-TZ-K00-008,planned_start,2006-06-28
46002-P-TZ-K00-008,actual_start,2006-08-31
46002-P-TZ-K00-008,planned_end,2008-03-30
46002-P-TZ-K00-008,actual_end,2007-12-31
46002-P-TZ-K00-009,planned_start,2008-10-29
46002-P-TZ-K00-009,actual_start,2008-11-26
46002-P-TZ-K00-009,planned_end,2009-06-30
46002-P-TZ-K00-009,actual_end,2010-12-31
46002-P-SN-BG0-001,planned_start,2021-11-26
46002-P-SN-BG0-001,actual_start,2022-02-24
46002-P-SN-BG0-001,planned_end,2028-06-30
46002-P-TZ-K00-011,planned_start,2011-12-16
46002-P-TZ-K00-011,actual_start,2011-12-19
46002-P-TZ-K00-011,planned_end,2013-12-31
46002-P-TZ-K00-011,actual_end,2013-12-31
46002-P-TZ-K00-013,planned_start,2013-12-17
46002-P-SZ-K00-005,planned_start,2021-11-24
46002-P-SZ-K00-005,actual_start,2022-04-05
46002-P-SZ-K00-005,planned_end,2023-03-07
46002-P-SZ-K00-005,actual_end,2023-06-30
46002-P-TZ-K00-013,actual_start,2013-12-30
46002-P-TZ-K00-014,planned_start,2015-05-20
46002-P-SN-A00-022,planned_start,2022-07-08
46002-P-SN-A00-022,actual_start,2022-08-10
46002-P-SN-A00-022,planned_end,2024-06-30
46002-P-SN-A00-022,actual_end,2025-02-02
46002-P-SZ-AA0-013,planned_start,2022-07-14
46002-P-SZ-AA0-013,actual_start,2022-10-20
46002-P-SZ-AA0-013,planned_end,2023-08-01
46002-P-SZ-AA0-013,actual_end,2025-01-28
46002-P-SZ-K00-008,planned_start,2025-06-25
46002-P-SZ-K00-008,actual_start,2025-11-13
46002-P-SZ-K00-008,planned_end,2027-04-30
46002-P-SN-KA0-018,planned_start,2022-11-30
46002-P-SN-KA0-018,actual_start,2023-02-07
46002-P-SN-KA0-018,planned_end,2025-12-30
46002-P-SN-KA0-018,actual_end,2025-09-25
46002-P-SN-KA0-019,planned_start,2023-12-01
46002-P-SN-KA0-019,actual_start,2023-12-13
46002-P-SN-KA0-019,planned_end,2024-06-30
46002-P-SN-KA0-019,actual_end,2026-01-08
46002-P-TG-KA0-002,actual_start,2017-12-21
46002-P-TG-KA0-002,planned_start,2017-12-05
46002-P-TZ-KA0-007,planned_start,2019-12-18
46002-P-TZ-KA0-007,actual_start,2020-03-13
46002-P-TZ-KA0-007,planned_end,2020-12-31
46002-P-TZ-KA0-007,actual_end,2020-12-31
46002-P-TZ-K00-018,planned_start,2023-06-07
46002-P-TZ-K00-018,actual_start,2023-06-12
46002-P-TZ-K00-018,planned_end,2025-04-20
46002-P-TZ-HAA-004,planned_start,2023-12-05
46002-P-TZ-HAA-004,actual_start,2024-02-23
46002-P-TZ-HAA-004,planned_end,2027-12-31
46002-P-TZ-K00-019,planned_start,2024-06-12
46002-P-TZ-K00-019,actual_start,2024-07-18
46002-P-TZ-K00-019,planned_end,2026-07-30
46002-P-TZ-K00-020,planned_start,2025-07-16
46002-P-TZ-K00-020,actual_start,2025-08-06
46002-P-TZ-K00-020,planned_end,2026-12-31
46002-P-TG-KZ0-002,planned_start,2020-07-24
46002-P-TG-KZ0-002,actual_start,2020-08-06
46002-P-TG-KZ0-002,planned_end,2021-06-30
46002-P-TG-KZ0-002,actual_end,2021-06-30
46002-P-SD-KF0-006,planned_start,2021-04-23
46002-P-SD-KF0-006,actual_start,2021-05-05
46002-P-SD-KF0-006,planned_end,2022-12-31
46002-P-SD-KF0-006,actual_end,2022-12-31
46002-P-TN-HZ0-005,planned_end,2020-12-31
46002-P-SD-K00-007,planned_start,2020-11-18
46002-P-SD-K00-007,actual_start,2021-02-10
46002-P-SD-K00-007,planned_end,2021-12-31
46002-P-SD-K00-007,actual_end,2021-12-31
46002-P-TN-HZ0-005,actual_end,2019-12-31
46002-P-TN-HZ0-005,planned_start,2019-05-15
46002-P-TN-HZ0-005,actual_start,2019-06-13
46002-P-SD-AAB-005,planned_end,2025-12-31
46002-P-SD-AAB-005,actual_end,2026-07-14
46002-P-SD-AAB-005,planned_start,2022-12-09
46002-P-SD-AAB-005,actual_start,2023-02-03
46002-P-TG-AA0-015,planned_start,2022-07-15
46002-P-TG-AA0-015,actual_start,2022-08-17
46002-P-TG-AA0-015,planned_end,2025-12-31
46002-P-TG-AA0-015,actual_end,2025-06-24
46002-P-SD-I00-010,planned_start,2025-03-26
46002-P-SD-I00-010,actual_start,2025-05-26
46002-P-SD-I00-010,planned_end,2028-04-30
46002-P-SD-AA0-009,actual_start,2025-08-04
46002-P-SD-AA0-009,planned_end,2029-05-31
46002-P-SD-AA0-009,planned_start,2025-06-27
46002-P-SD-I00-008,planned_start,2025-07-11
46002-P-SD-I00-008,actual_start,2025-10-07
46002-P-SD-I00-008,planned_end,2028-02-29
46002-P-TG-KA0-002,planned_end,2018-12-31
46002-P-TG-KA0-002,actual_end,2018-06-30
46002-P-TN-IAZ-003,planned_start,2017-11-03
46002-P-TN-IAZ-003,actual_start,2017-11-09
46002-P-TN-IAZ-003,planned_end,2018-12-31
46002-P-TN-IAZ-003,actual_end,2018-12-31
46002-P-TG-KA0-004,planned_start,2024-07-04
46002-P-TG-KA0-004,actual_start,2024-08-02
46002-P-TG-KA0-004,planned_end,2025-12-31
46002-P-TN-IAZ-002,planned_start,2016-11-02
46002-P-TZ-K00-016,planned_end,2021-12-31
46002-P-TZ-K00-016,actual_end,2021-12-31
46002-P-TZ-K00-016,planned_start,2020-10-14
46002-P-TZ-K00-016,actual_start,2020-12-08
46002-P-TN-IAZ-002,actual_start,2016-11-08
46002-P-TN-IAZ-002,planned_end,2017-12-31
46002-P-TN-IAZ-002,actual_end,2017-12-31
46002-P-TN-I00-022,planned_start,2024-07-19
46002-P-TZ-AA0-025,planned_start,2016-12-13
46002-P-TZ-AA0-025,actual_start,2016-12-19
46002-P-TZ-AA0-025,planned_end,2023-03-31
46002-P-TZ-AA0-025,actual_end,2020-01-31
46002-P-TZ-KA0-002,planned_start,2016-12-15
46002-P-TZ-KA0-002,actual_start,2016-12-19
46002-P-TZ-KA0-002,planned_end,2017-12-31
46002-P-TZ-KA0-002,actual_end,2017-12-31
46002-P-TZ-KA0-005,planned_start,2018-07-11
46002-P-TZ-KA0-005,actual_start,2018-09-07
46002-P-TZ-KA0-005,planned_end,2020-12-31
46002-P-TZ-KA0-005,actual_end,2019-12-31
46002-P-UG-K00-009,planned_start,2020-07-24
46002-P-UG-K00-009,actual_start,2021-06-10
46002-P-UG-K00-009,planned_end,2022-01-31
46002-P-UG-K00-009,actual_end,2022-05-30
46002-P-TZ-AAZ-002,planned_start,2007-09-05
46002-P-TZ-AAZ-002,actual_start,2007-11-19
46002-P-TZ-AAZ-002,planned_end,2014-12-31
46002-P-TZ-AAZ-002,actual_end,2013-12-31
46002-P-TZ-K00-014,actual_start,2015-05-27
46002-P-TZ-K00-014,planned_end,2017-12-31
46002-P-TZ-K00-014,actual_end,2015-11-30
46002-P-TN-HA0-004,planned_start,2001-11-28
46002-P-TN-HA0-004,actual_start,2001-11-29
46002-P-TN-HA0-004,planned_end,2004-12-31
46002-P-TN-HA0-004,actual_end,2004-12-31
46002-P-TN-HAA-030,planned_start,2005-09-21
46002-P-TN-HAA-030,actual_start,2005-09-27
46002-P-TN-HAA-030,planned_end,2007-12-31
46002-P-TN-HAA-030,actual_end,2007-12-31
46002-P-TZ-IAC-002,planned_start,2007-09-05
46002-P-TZ-IAC-002,actual_start,2007-11-19
46002-P-TZ-IAC-002,planned_end,2011-12-31
46002-P-TZ-IAC-002,actual_end,2011-12-31
46002-P-TN-HZ0-002,planned_end,2017-12-31
46002-P-TN-HZ0-002,actual_end,2017-12-31
46002-P-TZ-K00-013,planned_end,2014-12-31
46002-P-TZ-K00-013,actual_end,2014-03-31
46002-P-TN-IZ0-001,planned_start,2011-05-30
46002-P-TN-IZ0-001,actual_start,2011-06-10
46002-P-TN-IZ0-001,planned_end,2012-12-31
46002-P-TN-IZ0-001,actual_end,2011-12-31
46002-P-TN-I00-022,actual_start,2024-09-10
46002-P-TN-IZ0-006,planned_start,2012-11-28
46002-P-TN-IZ0-006,actual_start,2012-11-28
46002-P-TN-IZ0-006,planned_end,2013-09-30
46002-P-TN-IZ0-006,actual_end,2013-12-31
46002-P-TN-I00-022,planned_end,2028-12-31
46002-P-TN-KA0-003,planned_start,2009-04-16
46002-P-UG-K00-006,planned_start,2002-10-16
46002-P-UG-K00-006,actual_start,2003-06-02
46002-P-UG-K00-006,planned_end,2005-09-30
46002-P-UG-K00-006,actual_end,2005-09-30
46002-P-TN-KA0-003,actual_start,2009-05-18
46002-P-TN-KA0-003,planned_end,2011-12-31
46002-P-TN-KA0-003,actual_end,2011-12-31
46002-P-TN-IZ0-008,planned_start,2015-11-18
46002-P-TN-IZ0-008,actual_start,2015-11-19
46002-P-TN-IZ0-008,planned_end,2018-04-10
46002-P-TN-IZ0-008,actual_end,2016-12-31
46002-P-TN-HZ0-002,planned_start,2016-07-13
46002-P-TN-HZ0-002,actual_start,2016-07-14
46002-P-UG-E00-012,planned_start,2016-02-03
46002-P-UG-E00-012,actual_start,2016-03-03
46002-P-UG-E00-012,planned_end,2022-06-30
46002-P-UG-E00-012,actual_end,2021-12-31
46002-P-TN-I00-012,planned_start,2020-06-03
46002-P-TN-I00-012,actual_start,2020-06-04
46002-P-TN-I00-012,planned_end,2021-12-31
46002-P-TN-I00-012,actual_end,2021-12-31
46002-P-TN-K00-018,planned_start,2021-07-14
46002-P-TN-K00-018,actual_start,2021-07-16
46002-P-TN-K00-018,planned_end,2023-04-06
46002-P-TN-K00-018,actual_end,2023-05-31
46002-P-ZW-AA0-021,planned_start,2022-07-15
46002-P-ZW-AA0-021,actual_start,2022-10-26
46002-P-ZW-I00-004,planned_start,2024-09-27
46002-P-ZW-I00-004,actual_start,2024-12-20
46002-P-ZW-I00-004,planned_end,2028-12-31
46002-P-ZW-AA0-024,planned_start,2026-03-11
46002-P-ZW-AA0-024,actual_start,2026-03-27
46002-P-ZW-AA0-024,planned_end,2031-12-31
46002-P-ZW-AA0-021,planned_end,2026-06-30
46002-P-ZW-KZ0-001,actual_end,1997-12-31
46002-P-ZW-KZ0-001,planned_start,1991-12-16
46002-P-ZW-KZ0-001,actual_start,1992-01-20
46002-P-ZW-KZ0-001,planned_end,1996-12-31
XM-DAC-6-4-011639-02-5,planned_start,2023-05-15
XM-DAC-6-4-011639-02-5,actual_start,2024-12-24
XM-DAC-6-4-011639-02-5,planned_end,2027-05-14
XM-DAC-6-4-011005-01-3,planned_start,2016-12-15
XM-DAC-6-4-011005-01-3,actual_start,2017-12-15
XM-DAC-6-4-011005-01-3,planned_end,2022-12-31
XM-DAC-6-4-011005-01-3,actual_end,2025-05-29
46002-P-ZM-K00-002,planned_start,2006-11-29
46002-P-ZM-K00-002,actual_start,2007-05-17
46002-P-ZM-K00-002,planned_end,2008-12-31
46002-P-ZM-K00-002,actual_end,2008-12-31
46002-P-ZM-KA0-001,planned_start,2001-06-28
46002-P-ZM-KA0-001,actual_start,2001-07-17
46002-P-ZM-KA0-001,planned_end,2006-12-31
46002-P-ZM-KA0-001,actual_end,2006-12-31
46002-P-ZM-IZ0-002,planned_start,2011-09-28
46002-P-ZM-IZ0-002,actual_start,2011-10-20
46002-P-ZM-IZ0-002,planned_end,2013-06-23
46002-P-ZM-IZ0-002,actual_end,2012-12-31
46002-P-ZM-K00-003,planned_end,2011-12-31
46002-P-ZM-K00-003,actual_end,2011-12-31
46002-P-ZM-K00-003,planned_start,2008-10-29
46002-P-ZM-K00-003,actual_start,2008-12-02
46002-P-ZM-KA0-004,planned_start,2010-06-30
46002-P-ZM-KA0-004,actual_start,2010-08-01
46002-P-ZM-KA0-004,planned_end,2011-12-31
46002-P-ZM-KA0-004,actual_end,2011-12-31
XM-DAC-6-4-010877-02-0,planned_start,2016-11-01
XM-DAC-6-4-010877-02-0,actual_start,2019-12-31
XM-DAC-6-4-010877-02-0,planned_end,2020-10-31
XM-DAC-6-4-010877-02-0,actual_end,2023-03-02
XM-DAC-6-4-010888-01-0,planned_start,2017-06-05
XM-DAC-6-4-010888-01-0,actual_start,2017-06-05
XM-DAC-6-4-010888-01-0,planned_end,2026-12-31
46002-P-ZM-K00-006,actual_start,2024-12-17
46002-P-ZM-K00-006,planned_end,2025-12-31
46002-P-ZM-K00-006,actual_end,2026-07-21
XM-DAC-6-4-013158-01-1,planned_start,2025-01-01
XM-DAC-6-4-013158-01-1,actual_start,2025-02-18
XM-DAC-6-4-013158-01-1,planned_end,2027-12-31
46002-P-ZM-K00-006,planned_start,2024-12-11
XM-DAC-6-4-011835-01-4,planned_start,2019-05-02
XM-DAC-6-4-011835-01-4,actual_start,2020-04-01
XM-DAC-6-4-011835-01-4,planned_end,2021-04-30
XM-DAC-6-4-010152-01-5,actual_start,2017-03-20
XM-DAC-6-4-010152-01-5,planned_start,2014-01-01
XM-DAC-6-4-010152-01-5,planned_end,2026-06-30
XM-DAC-6-4-011764-02-3,planned_start,2020-03-05
XM-DAC-6-4-011764-02-3,actual_start,2020-11-26
XM-DAC-6-4-011764-02-3,planned_end,2027-09-30
XM-DAC-6-4-011389-02-2,planned_start,2018-01-02
XM-DAC-6-4-011389-02-2,actual_start,2019-11-25
XM-DAC-6-4-011389-02-2,planned_end,2020-12-31
XM-DAC-6-4-009659-01-6,planned_start,2011-07-15
XM-DAC-6-4-009659-01-6,actual_start,2015-11-24
XM-DAC-6-4-009659-01-6,planned_end,2019-07-14
XM-DAC-6-4-009659-01-6,actual_end,2024-03-04
XM-DAC-6-4-010081-01-3,actual_start,2014-01-13
XM-DAC-6-4-010081-01-3,planned_end,2015-12-31
XM-DAC-6-4-010081-01-3,planned_start,2013-06-17
XM-DAC-6-4-010081-01-3,actual_end,2018-01-09
XM-DAC-6-4-013015-01-0,planned_start,2024-09-01
XM-DAC-6-4-013015-01-0,actual_start,2024-08-30
XM-DAC-6-4-013015-01-0,planned_end,2027-09-02
XM-DAC-6-4-011598-01-6,planned_start,2018-12-01
XM-DAC-6-4-011598-01-6,actual_start,2025-10-03
XM-DAC-6-4-011598-01-6,planned_end,2028-07-31
XM-DAC-6-4-011755-03-0,planned_start,2019-01-01
XM-DAC-6-4-011755-03-0,planned_end,2026-08-31
XM-DAC-6-4-010718-02-4,planned_start,2015-11-12
XM-DAC-6-4-010718-02-4,actual_start,2015-12-22
XM-DAC-6-4-010718-02-4,planned_end,2017-03-12
XM-DAC-6-4-010718-02-4,actual_end,2025-03-28
XM-DAC-6-4-010418-01-5,actual_start,2015-01-15
XM-DAC-6-4-010418-01-5,planned_end,2015-12-31
XM-DAC-6-4-010418-01-5,planned_start,2014-09-24
XM-DAC-6-4-010418-01-5,actual_end,2023-03-02
XM-DAC-6-4-012316-01-0,planned_start,2021-06-06
XM-DAC-6-4-012316-01-0,actual_start,2022-11-23
XM-DAC-6-4-012316-01-0,planned_end,2023-06-06
XM-DAC-6-4-010693-01-2,planned_start,2015-11-30
XM-DAC-6-4-010693-01-2,planned_end,2016-11-16
XM-DAC-6-4-010693-01-2,actual_end,2023-03-02
XM-DAC-6-4-010084-02-3,planned_start,2016-01-28
XM-DAC-6-4-010084-02-3,planned_end,2016-12-30
XM-DAC-6-4-010084-02-3,actual_end,2023-03-02
XM-DAC-6-4-010496-02-1,planned_start,2015-02-13
XM-DAC-6-4-010496-02-1,actual_start,2016-12-14
XM-DAC-6-4-010496-02-1,planned_end,2016-10-13
XM-DAC-6-4-010496-02-1,actual_end,2023-03-02
XM-DAC-6-4-010680-01-4,planned_start,2015-10-30
XM-DAC-6-4-010680-01-4,planned_end,2016-10-15
XM-DAC-6-4-010680-01-4,actual_end,2018-03-27
XM-DAC-6-4-012586-01-0,planned_start,2022-02-27
XM-DAC-6-4-012586-01-0,actual_start,2022-02-28
XM-DAC-6-4-012586-01-0,planned_end,2022-12-31
XM-DAC-6-4-012586-01-0,actual_end,2022-04-05
XM-DAC-6-4-012620-01-0,planned_start,2022-06-01
XM-DAC-6-4-012620-01-0,actual_start,2026-06-15
XM-DAC-6-4-012620-01-0,planned_end,2023-05-31
XM-DAC-6-4-011068-01-3,planned_start,2017-04-02
XM-DAC-6-4-011068-01-3,actual_start,2017-12-15
XM-DAC-6-4-011068-01-3,planned_end,2026-12-31
XM-DAC-6-4-010733-01-5,planned_start,2015-12-30
XM-DAC-6-4-010733-01-5,planned_end,2016-12-10
XM-DAC-6-4-010733-01-5,actual_end,2023-03-02
XM-DAC-6-4-010408-01-6,actual_end,2023-03-02
XM-DAC-6-4-010408-01-6,planned_start,2014-11-03
XM-DAC-6-4-010408-01-6,actual_start,2015-02-03
XM-DAC-6-4-010408-01-6,planned_end,2015-11-02
XM-DAC-6-4-010519-02-5,planned_start,2015-03-04
XM-DAC-6-4-010519-02-5,actual_start,2015-10-12
XM-DAC-6-4-010519-02-5,planned_end,2018-03-03
XM-DAC-6-4-010519-02-5,actual_end,2023-03-02
XM-DAC-6-4-009614-01-0,planned_start,2011-03-01
XM-DAC-6-4-009614-01-0,actual_start,2015-05-26
XM-DAC-6-4-009614-01-0,planned_end,2023-09-18
XM-DAC-6-4-010607-01-5,planned_start,2015-09-01
XM-DAC-6-4-010607-01-5,actual_start,2015-12-16
XM-DAC-6-4-010607-01-5,planned_end,2016-09-01
XM-DAC-6-4-010744-01-6,planned_start,2016-04-21
XM-DAC-6-4-010744-01-6,actual_start,2019-10-18
XM-DAC-6-4-010744-01-6,planned_end,2026-12-31
XM-DAC-6-4-011649-01-3,planned_start,2019-01-01
XM-DAC-6-4-011649-01-3,planned_end,2021-12-31
XM-DAC-6-4-010419-01-0,planned_start,2014-12-01
XM-DAC-6-4-010419-01-0,actual_start,2017-08-30
XM-DAC-6-4-010419-01-0,planned_end,2021-12-31
XM-DAC-6-4-010997-01-1,planned_start,2016-12-20
XM-DAC-6-4-010997-01-1,actual_start,2018-09-12
XM-DAC-6-4-010997-01-1,planned_end,2020-12-19
XM-DAC-6-4-010997-01-1,actual_end,2023-03-02
XM-DAC-6-4-009147-01-4,planned_start,2010-01-01
XM-DAC-6-4-009147-01-4,actual_start,2008-12-17
XM-DAC-6-4-009147-01-4,planned_end,2020-12-31
XM-DAC-6-4-009147-01-4,actual_end,2018-01-09
XM-DAC-6-4-008465-03-0,planned_start,2007-01-01
XM-DAC-6-4-008465-03-0,planned_end,2009-12-31
XM-DAC-6-4-008465-03-0,actual_end,2023-03-02
XM-DAC-6-4-010997-03-3,actual_end,2023-03-02
XM-DAC-6-4-010997-03-3,actual_start,2017-10-03
XM-DAC-6-4-010997-03-3,planned_end,2017-12-19
XM-DAC-6-4-010997-03-3,planned_start,2016-12-20
XM-DAC-6-4-011097-01-5,planned_start,2017-05-03
XM-DAC-6-4-011097-01-5,actual_start,2017-10-16
XM-DAC-6-4-011097-01-5,planned_end,2020-04-30
XM-DAC-6-4-011097-01-5,actual_end,2022-05-11
XM-DAC-6-4-010049-01-2,planned_start,2013-06-05
XM-DAC-6-4-010049-01-2,actual_start,2013-12-04
XM-DAC-6-4-010049-01-2,planned_end,2015-06-05
XM-DAC-6-4-009696-03-5,planned_start,2015-11-01
XM-DAC-6-4-009696-03-5,planned_end,2016-10-31
XM-DAC-6-4-009696-03-5,actual_end,2023-03-02
XM-DAC-6-4-012041-01-3,planned_start,2020-03-01
XM-DAC-6-4-012041-01-3,actual_start,2023-11-08
XM-DAC-6-4-012041-01-3,planned_end,2027-03-03
XM-DAC-6-4-010497-01-2,planned_start,2015-09-10
XM-DAC-6-4-010497-01-2,actual_start,2015-07-24
XM-DAC-6-4-010497-01-2,planned_end,2016-09-09
XM-DAC-6-4-010497-01-2,actual_end,2018-03-27
XM-DAC-6-4-011023-01-4,planned_start,2017-02-01
XM-DAC-6-4-011023-01-4,planned_end,2019-12-31
BJ-IFU-4201710182326-RSG0123375-29296,planned_start,2018-02-08
BJ-IFU-4201710182326-RSG0123375-29296,actual_start,2018-02-08
BJ-IFU-4201710182326-RSG0123375-29296,planned_end,2021-06-30
XM-DAC-46004-54192-001-GRNT0772,planned_end,2021-12-31+08:00
XM-DAC-46004-54192-001-GRNT0772,actual_end,2021-12-31+08:00
BJ-IFU-4201710182326-RSG0123375-29295A,planned_start,2016-11-29
BJ-IFU-4201710182326-RSG0123375-29295A,actual_start,2018-02-08
BJ-IFU-4201710182326-RSG0123375-29295A,planned_end,2021-06-30
BJ-IFU-4201710182326-RSG0123375-29295A,actual_end,2021-06-30
BJ-IFU-4201710182326-RSG0123375-29295,planned_start,2018-02-08
BJ-IFU-4201710182326-RSG0123375-29295,actual_start,2018-02-08
BJ-IFU-4201710182326-RSG0123375-29295,planned_end,2021-12-31
XM-DAC-46004-54192-001-GRNT0772,planned_start,2020-12-06+08:00
XM-DAC-46004-54192-001-GRNT0772,actual_start,2020-12-06+08:00
XM-DAC-46004-38122-013-LN2215,planned_start,2005-12-29+08:00
XM-DAC-46004-38122-013-LN2215,actual_start,2005-12-29+08:00
XM-DAC-46004-38122-013-LN2215,planned_end,2015-12-31+08:00
XM-DAC-46004-38122-013-LN2215,actual_end,2015-12-11+08:00
XM-DAC-46004-37393-032-GRNT0067,planned_start,2007-03-14+08:00
XM-DAC-46004-37393-032-GRNT0067,actual_start,2007-03-14+08:00
XM-DAC-46004-37393-032-GRNT0067,planned_end,2010-06-30+08:00
XM-DAC-46004-37393-032-GRNT0067,actual_end,2009-04-13+08:00
XM-DAC-46004-43087-013-LN2529,planned_start,2009-07-15
XM-DAC-46004-43087-013-LN2529,actual_start,2009-07-15
XM-DAC-46004-43087-013-LN2529,planned_end,2009-12-31
XM-DAC-46004-43087-013-LN2529,actual_end,2009-10-15
XM-DAC-46004-43087-023-LN2530,planned_start,2009-07-15
XM-DAC-46004-43087-023-LN2530,actual_start,2009-07-15
XM-DAC-46004-43087-023-LN2530,planned_end,2009-12-31
XM-DAC-46004-43087-023-LN2530,actual_end,2009-10-15
XM-DAC-46004-45230-001-LN2922,planned_start,2012-11-15
XM-DAC-46004-45230-001-LN2922,actual_start,2013-01-25
XM-DAC-46004-45230-001-LN2922,planned_end,2017-12-31
XM-DAC-46004-45230-001-LN2922,actual_end,2015-12-17
XM-DAC-46004-46220-001-LN3155,planned_start,2014-09-30
XM-DAC-46004-46220-001-LN3155,actual_start,2014-10-03
XM-DAC-46004-46220-001-LN3155,planned_end,2015-09-30
XM-DAC-46004-46220-001-LN3155,actual_end,2015-11-11
XM-DAC-46004-46220-006-LN3453,planned_start,2016-11-18
XM-DAC-46004-46220-006-LN3453,actual_start,2016-11-11
XM-DAC-46004-46220-006-LN3453,planned_end,2017-12-31
XM-DAC-46004-46220-006-LN3453,actual_end,2017-12-31
XM-DAC-46004-51060-002-LN3584,planned_start,2017-11-24
XM-DAC-46004-51060-002-LN3584,actual_start,2017-10-27
XM-DAC-46004-51060-002-LN3584,planned_end,2017-12-31
XM-DAC-46004-51060-002-LN3584,actual_end,2017-12-30
XM-DAC-46004-51060-003-LN3735,actual_start,2018-11-09
XM-DAC-46004-51060-003-LN3735,planned_end,2018-12-31
XM-DAC-46004-51060-003-LN3735,actual_end,2018-12-31
XM-DAC-46004-53248-001-LN3859,planned_end,2019-12-31
XM-DAC-46004-53248-001-LN3859,actual_end,2019-12-31
XM-DAC-46004-51060-003-LN3735,planned_start,2018-11-19
XM-DAC-46004-53248-001-LN3859,planned_start,2019-11-15
XM-DAC-46004-53248-001-LN3859,actual_start,2019-11-14
XM-DAC-46004-51129-002-LN3860,planned_start,2019-11-18
XM-DAC-46004-55103-001-LN4250,planned_start,2022-11-17
XM-DAC-46004-55103-001-LN4250,actual_start,2022-11-17
XM-DAC-46004-55103-001-LN4250,planned_end,2023-06-30
XM-DAC-46004-55103-001-LN4250,actual_end,2023-06-30
XM-DAC-46004-51129-002-LN3860,actual_start,2019-11-18
XM-DAC-46004-51129-002-LN3860,planned_end,2020-03-31
XM-DAC-46004-51129-002-LN3860,actual_end,2019-12-31
XM-DAC-46004-55103-002-LN4518,planned_start,2024-11-01
XM-DAC-46004-55103-002-LN4518,actual_start,2024-11-01
XM-DAC-46004-55103-002-LN4518,planned_end,2025-06-30
XM-DAC-46004-55103-002-LN4518,actual_end,2025-06-30
XM-DAC-46004-58475-001-LN4760,actual_start,2026-05-21
XM-DAC-46004-58475-001-LN4760,planned_end,2026-06-30
XM-DAC-46004-58475-001-LN4760,planned_start,2026-03-06
XM-DAC-46004-46371-002-GRNT0431,planned_start,2015-06-16
XM-DAC-46004-46371-002-GRNT0431,actual_start,2015-06-15
XM-DAC-46004-46371-002-GRNT0431,planned_end,2016-12-31
XM-DAC-46004-46371-002-GRNT0431,actual_end,2015-06-18
XM-DAC-46004-37164-023-LN2279,planned_start,2007-02-28
XM-DAC-46004-37164-023-LN2279,actual_start,2007-03-08
XM-DAC-46004-37164-023-LN2279,planned_end,2010-06-30
XM-DAC-46004-37164-023-LN2279,actual_end,2012-07-30
XM-DAC-46004-45260-001-LN2955,planned_start,2012-11-29
XM-DAC-46004-50145-001-LN3486,planned_start,2016-12-12
XM-DAC-46004-50145-001-LN3486,actual_start,2016-12-08
XM-DAC-46004-50145-001-LN3486,planned_end,2017-02-28
XM-DAC-46004-50145-001-LN3486,actual_end,2017-02-02
XM-DAC-46004-45260-001-LN2955,actual_start,2013-01-30
XM-DAC-46004-45260-001-LN2955,planned_end,2015-12-31
XM-DAC-46004-45260-001-LN2955,actual_end,2015-11-15
XM-DAC-46004-46371-001-LN2994,planned_start,2013-07-31
XM-DAC-46004-46371-001-LN2994,actual_start,2013-03-21
XM-DAC-46004-46371-001-LN2994,planned_end,2014-09-30
XM-DAC-46004-46371-001-LN2994,actual_end,2014-07-23
XM-DAC-46004-48386-004-LN3614,planned_start,2018-02-21
XM-DAC-46004-48386-004-LN3614,actual_start,2017-12-19
XM-DAC-46004-48386-004-LN3614,planned_end,2022-06-30
XM-DAC-46004-48386-004-LN3614,actual_end,2019-09-30
XM-DAC-46004-51059-001-LN3616,planned_start,2018-02-06
XM-DAC-46004-51059-001-LN3616,actual_start,2018-06-08
XM-DAC-46004-51059-001-LN3616,planned_end,2018-12-31
XM-DAC-46004-51059-001-LN3616,actual_end,2018-12-31
XM-DAC-46004-51059-002-LN3868,planned_start,2019-12-16
XM-DAC-46004-51059-002-LN3868,actual_start,2019-12-16
XM-DAC-46004-51059-002-LN3868,planned_end,2019-12-27
XM-DAC-46004-51059-002-LN3868,actual_end,2019-12-27
XM-DAC-46004-46371-002-LN3258,planned_start,2015-06-16
XM-DAC-46004-46371-002-LN3258,actual_start,2015-06-15
XM-DAC-46004-46371-002-LN3258,planned_end,2016-12-31
XM-DAC-46004-46371-002-LN3258,actual_end,2017-05-30
XM-DAC-46004-51141-002-GRNT0615,planned_start,2018-10-15
XM-DAC-46004-51141-002-GRNT0615,actual_start,2018-11-29
XM-DAC-46004-51141-002-GRNT0615,planned_end,2023-08-31
XM-DAC-46004-51141-002-GRNT0615,actual_end,2021-12-16
XM-DAC-46004-55073-001-LN4082,planned_start,2021-08-16
XM-DAC-46004-55073-001-LN4082,actual_start,2021-11-03
XM-DAC-46004-55073-001-LN4082,planned_end,2021-12-31
XM-DAC-46004-55073-001-LN4082,actual_end,2022-09-30
XM-DAC-46004-51252-003-LN3863,planned_start,2019-12-05
XM-DAC-46004-51252-003-LN3863,actual_start,2019-11-28
XM-DAC-46004-51252-003-LN3863,planned_end,2020-05-31
XM-DAC-46004-51252-003-LN3863,actual_end,2020-05-31
XM-DAC-46004-54183-001-LN3914,planned_start,2020-05-11
XM-DAC-46004-54183-001-LN3914,actual_start,2020-05-06
XM-DAC-46004-54183-001-LN3914,planned_end,2021-06-30
XM-DAC-46004-54183-001-LN3914,actual_end,2021-07-12
XM-DAC-46004-51252-004-LN3992,planned_start,2020-11-03
XM-DAC-46004-51252-004-LN3992,actual_start,2020-10-29
XM-DAC-46004-51252-004-LN3992,planned_end,2020-12-31
XM-DAC-46004-51252-004-LN3992,actual_end,2020-12-31
XM-DAC-46004-51252-005-LN4130,planned_start,2021-11-05
XM-DAC-46004-51252-005-LN4130,actual_start,2021-11-03
XM-DAC-46004-51252-005-LN4130,planned_end,2021-12-31
XM-DAC-46004-51252-005-LN4130,actual_end,2021-12-31
XM-DAC-46004-56010-001-LN4229,planned_start,2022-10-24
XM-DAC-46004-56010-001-LN4229,actual_start,2022-10-18
XM-DAC-46004-56010-001-LN4229,planned_end,2022-12-31
XM-DAC-46004-56010-001-LN4229,actual_end,2022-12-31
XM-DAC-46004-56010-002-LN4453,planned_start,2024-06-25
XM-DAC-46004-56010-002-LN4453,actual_start,2024-06-20
XM-DAC-46004-56010-002-LN4453,planned_end,2024-08-31
XM-DAC-46004-56010-002-LN4453,actual_end,2024-08-31
XM-DAC-46004-59151-001-GRNT1094,planned_end,2026-04-30
XM-DAC-46004-59151-001-GRNT1094,actual_end,2026-04-30
XM-DAC-46004-59151-001-GRNT1094,planned_start,2025-12-11
XM-DAC-46004-59151-001-GRNT1094,actual_start,2025-12-11
XM-DAC-46004-59151-001-LN4722,planned_end,2026-04-30
XM-DAC-46004-59151-001-LN4722,planned_start,2025-12-11
XM-DAC-46004-59151-001-LN4722,actual_start,2025-12-11
XM-DAC-46004-58522-001-GRNT1030,planned_start,2026-02-27
XM-DAC-46004-58522-001-GRNT1030,actual_start,2026-02-12
XM-DAC-46004-58522-001-GRNT1030,planned_end,2026-04-30
XM-DAC-46004-58522-001-LN4752,planned_start,2026-02-27
XM-DAC-46004-58522-001-LN4752,actual_start,2026-02-12
XM-DAC-46004-58522-001-LN4752,planned_end,2026-04-30
XM-DAC-46004-59151-001-LN4722,actual_end,2026-04-30
XM-DAC-46004-48490-002-LN3667,planned_start,2018-06-12
XM-DAC-46004-48490-003-LN3812,planned_start,2019-12-19
XM-DAC-46004-48490-002-LN3667,actual_start,2018-06-24
XM-DAC-46004-48490-002-LN3667,planned_end,2018-08-31
XM-DAC-46004-48490-002-LN3667,actual_end,2019-01-02
XM-DAC-46004-48490-004-LN3952,actual_end,2020-10-15
XM-DAC-46004-48490-003-LN3812,actual_start,2019-12-19
XM-DAC-46004-48490-003-LN3812,planned_end,2020-03-31
XM-DAC-46004-48490-003-LN3812,actual_end,2020-02-26
XM-DAC-46004-48490-004-LN3952,planned_end,2020-10-31
XM-DAC-46004-55116-001-LN4194,planned_start,2022-06-28
XM-DAC-46004-55116-001-LN4194,actual_start,2022-06-24
XM-DAC-46004-55116-001-LN4194,planned_end,2022-12-31
XM-DAC-46004-55116-001-LN4194,actual_end,2022-10-31
XM-DAC-46004-48490-004-LN3952,planned_start,2020-08-13
XM-DAC-46004-48490-004-LN3952,actual_start,2020-08-13
XM-DAC-46004-55116-001-LN4193,planned_start,2022-06-28
XM-DAC-46004-55116-001-LN4193,actual_start,2022-06-24
XM-DAC-46004-55116-001-LN4193,planned_end,2022-12-31
XM-DAC-46004-55116-001-LN4193,actual_end,2022-10-31
XM-DAC-46004-57264-001-LN4471,planned_start,2024-07-29
XM-DAC-46004-57264-001-LN4471,actual_start,2024-08-01
XM-DAC-46004-57264-001-LN4471,planned_end,2024-12-31
XM-DAC-46004-57264-001-LN4471,actual_end,2024-12-31
XM-DAC-46004-50028-003-GRNT0756,planned_start,2020-12-11
XM-DAC-46004-50028-003-GRNT0756,actual_start,2020-12-11
XM-DAC-46004-50028-003-GRNT0756,planned_end,2024-03-11
XM-DAC-46004-50028-003-GRNT0756,actual_end,2022-09-23
XM-DAC-46004-42529-023-LN2532,actual_end,2009-09-24
XM-DAC-46004-50028-002-GRNT0669,planned_end,2022-12-31
XM-DAC-46004-50028-002-GRNT0669,actual_end,2020-05-18
XM-DAC-46004-50028-002-GRNT0669,planned_start,2019-09-30
XM-DAC-46004-50028-002-GRNT0669,actual_start,2019-09-30
XM-DAC-46004-54309-001-GRNT0751,planned_start,2020-11-27
XM-DAC-46004-54309-001-GRNT0751,actual_start,2020-11-25
XM-DAC-46004-54309-001-GRNT0751,planned_end,2021-09-30
XM-DAC-46004-54309-001-GRNT0751,actual_end,2021-02-02
XM-DAC-46004-42503-013-LN2565,planned_start,2009-10-21
XM-DAC-46004-42503-013-LN2565,actual_start,2009-10-29
XM-DAC-46004-42503-013-LN2565,planned_end,2010-03-31
XM-DAC-46004-42503-013-LN2565,actual_end,2010-03-31
XM-DAC-46004-56138-002-GRNT0950,planned_start,2024-07-05
XM-DAC-46004-56138-002-GRNT0950,actual_start,2024-08-15
XM-DAC-46004-56138-002-GRNT0950,planned_end,2027-03-31
XM-DAC-46004-42503-023-LN2946,planned_start,2012-12-03
XM-DAC-46004-42503-023-LN2946,actual_start,2013-09-16
XM-DAC-46004-42503-023-LN2946,planned_end,2013-12-31
XM-DAC-46004-42503-023-LN2946,actual_end,2014-01-24
XM-DAC-46004-50212-001-LN3479,planned_end,2020-06-30
XM-DAC-46004-50212-001-LN3479,actual_end,2020-02-11
XM-DAC-46004-50212-001-LN3479,planned_start,2016-12-08
XM-DAC-46004-50212-001-LN3479,actual_start,2016-12-09
XM-DAC-46004-42529-013-LN2531,planned_start,2009-07-06
XM-DAC-46004-50212-003-LN3933,planned_end,2023-09-03
XM-DAC-46004-50212-003-LN3933,actual_end,2020-08-17
XM-DAC-46004-50212-003-LN3933,planned_start,2020-06-02
XM-DAC-46004-50212-003-LN3933,actual_start,2020-06-02
XM-DAC-46004-54289-001-LN4010,planned_start,2020-12-12
XM-DAC-46004-54289-001-LN4010,actual_start,2020-11-26
XM-DAC-46004-54289-001-LN4010,planned_end,2021-01-31
XM-DAC-46004-54289-001-LN4010,actual_end,2021-01-31
XM-DAC-46004-42529-013-LN2531,actual_start,2009-07-06
XM-DAC-46004-42529-013-LN2531,planned_end,2009-12-31
XM-DAC-46004-42529-013-LN2531,actual_end,2009-09-24
XM-DAC-46004-42529-023-LN2532,planned_end,2009-12-31
XM-DAC-46004-55014-001-LN4161,planned_start,2021-12-15
XM-DAC-46004-55014-001-LN4161,actual_start,2021-12-14
XM-DAC-46004-55014-001-LN4161,planned_end,2024-12-31
XM-DAC-46004-55014-001-LN4161,actual_end,2022-07-06
XM-DAC-46004-55014-001-LN4162,planned_start,2021-12-14
XM-DAC-46004-55014-001-LN4162,actual_start,2021-12-14
XM-DAC-46004-55014-001-LN4162,planned_end,2024-12-31
XM-DAC-46004-56138-002-LN4459,planned_start,2024-07-05
XM-DAC-46004-56138-002-LN4459,actual_start,2024-09-23
XM-DAC-46004-56138-002-LN4459,planned_end,2027-03-31
XM-DAC-46004-42529-023-LN2532,planned_start,2009-07-06
XM-DAC-46004-57084-001-LN4563,planned_start,2024-12-16
XM-DAC-46004-57084-001-LN4563,actual_start,2024-12-18
XM-DAC-46004-57084-001-LN4563,planned_end,2025-01-31
XM-DAC-46004-57084-001-LN4563,actual_end,2024-12-24
XM-DAC-46004-42529-023-LN2532,actual_start,2009-07-06
XM-DAC-46004-43496-013-LN2664,planned_start,2010-09-29
XM-DAC-46004-43496-013-LN2664,actual_start,2010-09-29
XM-DAC-46004-43496-013-LN2664,planned_end,2011-03-31
XM-DAC-46004-43496-013-LN2664,actual_end,2010-11-08
XM-DAC-46004-39305-013-LN2554,actual_end,2014-10-08
XM-DAC-46004-48044-001-LN3190,planned_start,2014-11-28
XM-DAC-46004-48044-001-LN3190,actual_start,2014-11-21
XM-DAC-46004-48044-001-LN3190,planned_end,2014-12-31
XM-DAC-46004-48044-001-LN3190,actual_end,2015-01-05
XM-DAC-46004-48044-001-LN3191,planned_start,2014-11-28
XM-DAC-46004-48044-001-LN3191,actual_start,2014-11-21
XM-DAC-46004-48044-001-LN3191,planned_end,2014-12-31
XM-DAC-46004-48044-001-LN3191,actual_end,2015-01-05
XM-DAC-46004-39305-013-LN2554,planned_start,2009-11-30
XM-DAC-46004-39305-013-LN2554,actual_start,2009-10-14
XM-DAC-46004-39305-013-LN2554,planned_end,2017-06-30
XM-DAC-46004-48044-004-LN3282,planned_start,2015-10-21
XM-DAC-46004-48044-004-LN3282,actual_start,2015-10-06
XM-DAC-46004-48044-004-LN3282,planned_end,2015-12-31
XM-DAC-46004-48044-004-LN3282,actual_end,2015-12-18
XM-DAC-46004-48044-004-LN3283,planned_start,2015-10-21
XM-DAC-46004-48044-004-LN3283,actual_start,2015-10-06
XM-DAC-46004-48044-004-LN3283,planned_end,2015-12-31
XM-DAC-46004-48044-004-LN3283,actual_end,2015-12-18
XM-DAC-46004-43157-013-LN2566,planned_start,2009-10-26
XM-DAC-46004-48044-005-LN3417,planned_start,2016-12-19
XM-DAC-46004-48044-005-LN3417,actual_start,2016-09-01
XM-DAC-46004-48044-005-LN3417,planned_end,2016-12-31
XM-DAC-46004-48044-005-LN3417,actual_end,2016-12-30
XM-DAC-46004-43157-013-LN2567,planned_start,2009-10-26
XM-DAC-46004-43157-013-LN2567,actual_start,2009-10-26
XM-DAC-46004-43157-013-LN2567,planned_end,2011-06-30
XM-DAC-46004-43157-013-LN2567,actual_end,2011-12-28
XM-DAC-46004-43157-013-LN2568,planned_start,2009-10-26
XM-DAC-46004-43157-013-LN2568,actual_start,2009-10-26
XM-DAC-46004-43157-013-LN2568,planned_end,2011-06-30
XM-DAC-46004-43157-013-LN2568,actual_end,2011-12-28
XM-DAC-46004-48044-005-LN3418,planned_start,2016-12-19
XM-DAC-46004-48044-005-LN3418,actual_start,2016-09-01
XM-DAC-46004-48044-005-LN3418,planned_end,2016-12-31
XM-DAC-46004-48044-005-LN3418,actual_end,2016-12-30
XM-DAC-46004-43157-013-LN2569,planned_start,2009-10-26
XM-DAC-46004-43157-013-LN2569,actual_start,2009-10-26
XM-DAC-46004-43157-013-LN2569,planned_end,2010-12-31
XM-DAC-46004-43157-013-LN2569,actual_end,2011-12-28
XM-DAC-46004-54191-001-LN3929,planned_start,2020-06-02
XM-DAC-46004-54191-001-LN3929,actual_start,2020-06-02
XM-DAC-46004-54191-001-LN3929,planned_end,2020-12-31
XM-DAC-46004-54191-001-LN3929,actual_end,2020-12-31
XM-DAC-46004-51132-002-LN3985,planned_start,2020-10-30
XM-DAC-46004-51132-002-LN3985,actual_start,2020-10-15
XM-DAC-46004-51132-002-LN3985,planned_end,2021-12-31
XM-DAC-46004-51132-002-LN3985,actual_end,2022-03-15
XM-DAC-46004-54271-001-LN3993,planned_start,2020-11-12
XM-DAC-46004-54271-001-LN3993,actual_start,2020-10-29
XM-DAC-46004-54271-001-LN3993,planned_end,2021-05-31
XM-DAC-46004-54271-001-LN3993,actual_end,2021-05-31
XM-DAC-46004-52339-001-LN4033,planned_start,2020-12-21
XM-DAC-46004-52339-001-LN4033,actual_start,2020-12-09
XM-DAC-46004-52339-001-LN4033,planned_end,2021-03-31
XM-DAC-46004-52339-001-LN4033,actual_end,2021-05-13
XM-DAC-46004-49006-003-LN4112,planned_start,2021-10-15
XM-DAC-46004-49006-003-LN4112,actual_start,2021-10-15
XM-DAC-46004-49006-003-LN4112,planned_end,2022-06-30
XM-DAC-46004-49006-003-LN4112,actual_end,2022-06-30
XM-DAC-46004-54271-002-LN4246,planned_start,2022-11-25
XM-DAC-46004-54271-002-LN4246,actual_start,2022-11-21
XM-DAC-46004-54271-002-LN4246,planned_end,2022-12-31
XM-DAC-46004-54271-002-LN4246,actual_end,2022-12-31
XM-DAC-46004-54014-001-LN4378,planned_start,2023-11-20
XM-DAC-46004-54014-001-LN4378,actual_start,2023-11-17
XM-DAC-46004-54014-001-LN4378,planned_end,2024-06-30
XM-DAC-46004-54014-001-LN4378,actual_end,2024-06-30
XM-DAC-46004-56069-001-LN4444,planned_start,2024-05-03
XM-DAC-46004-56069-001-LN4444,actual_start,2024-04-24
XM-DAC-46004-56069-001-LN4444,planned_end,2025-07-31
XM-DAC-46004-56069-001-LN4444,actual_end,2025-10-21
XM-DAC-46004-52339-003-LN4547,planned_start,2024-12-31
XM-DAC-46004-52339-003-LN4547,actual_start,2024-12-02
XM-DAC-46004-52339-003-LN4547,planned_end,2025-11-30
XM-DAC-46004-54180-001-LN3920,planned_start,2020-05-14
XM-DAC-46004-54180-001-LN3920,actual_start,2020-05-11
XM-DAC-46004-54180-001-LN3920,planned_end,2021-12-31
XM-DAC-46004-54180-001-LN3920,actual_end,2021-12-31
XM-DAC-46004-54180-001-LN3919,planned_start,2020-05-14
XM-DAC-46004-54180-001-LN3919,actual_start,2020-05-11
XM-DAC-46004-54180-001-LN3919,planned_end,2021-12-31
XM-DAC-46004-54180-001-LN3919,actual_end,2021-12-31
XM-DAC-46004-43157-013-LN2566,actual_start,2009-10-26
XM-DAC-46004-43157-013-LN2566,planned_end,2011-06-30
XM-DAC-46004-43157-013-LN2566,actual_end,2011-12-28
XM-DAC-46004-45260-001-LN2954,actual_end,2015-11-15
XM-DAC-46004-37307-013-LN2267,planned_start,2006-12-30
XM-DAC-46004-37307-013-LN2267,actual_start,2006-11-08
XM-DAC-46004-37307-013-LN2267,planned_end,2009-09-30
XM-DAC-46004-37307-013-LN2267,actual_end,2010-06-21
XM-DAC-46004-43477-013-LN2951,planned_start,2012-11-30
XM-DAC-46004-43477-013-LN2951,actual_start,2012-11-29
XM-DAC-46004-43477-013-LN2951,planned_end,2014-06-30
XM-DAC-46004-43477-013-LN2951,actual_end,2013-04-05
XM-DAC-46004-43477-013-LN2952,planned_start,2012-11-30
XM-DAC-46004-43477-013-LN2952,actual_start,2012-11-29
XM-DAC-46004-43477-013-LN2952,planned_end,2014-06-30
XM-DAC-46004-43477-013-LN2952,actual_end,2014-12-18
XM-DAC-46004-43477-013-LN2953,planned_start,2012-11-30
XM-DAC-46004-43477-013-LN2953,actual_start,2012-11-29
XM-DAC-46004-43477-013-LN2953,planned_end,2014-06-30
XM-DAC-46004-43477-013-LN2953,actual_end,2014-12-18
XM-DAC-46004-45260-001-LN2954,planned_end,2015-12-31
XM-DAC-46004-45260-001-LN2954,planned_start,2012-12-03
XM-DAC-46004-45260-001-LN2954,actual_start,2013-01-20
XM-DAC-46004-36107-023-LN2334,planned_start,2007-06-28
XM-DAC-46004-36107-023-LN2334,actual_start,2007-06-28
XM-DAC-46004-36107-023-LN2334,planned_end,2008-06-30
XM-DAC-46004-36107-023-LN2334,actual_end,2008-06-16
XM-DAC-46004-53260-001-LN4177,planned_start,2022-06-30
XM-DAC-46004-53260-001-LN4177,actual_start,2022-06-15
XM-DAC-46004-53260-001-LN4177,planned_end,2024-10-31
XM-DAC-46004-53260-001-LN4177,actual_end,2024-10-31
XM-DAC-46004-55041-001-LN4076,actual_end,2021-08-26
XM-DAC-46004-54307-002-LN4319,actual_end,2023-06-22
XM-DAC-46004-55041-001-LN4076,planned_start,2021-06-24
XM-DAC-46004-55041-001-LN4076,actual_start,2021-06-22
XM-DAC-46004-37017-013-LN2362,planned_start,2007-10-22
XM-DAC-46004-37017-013-LN2362,actual_start,2007-11-01
XM-DAC-46004-55041-001-LN4076,planned_end,2021-09-30
XM-DAC-46004-37017-013-LN2362,planned_end,2012-03-31
XM-DAC-46004-37017-013-LN2362,actual_end,2018-11-16
XM-DAC-46004-55041-003-LN4187,planned_start,2022-06-14
XM-DAC-46004-55041-003-LN4187,actual_start,2022-06-14
XM-DAC-46004-55041-003-LN4187,planned_end,2022-09-30
XM-DAC-46004-55041-003-LN4187,actual_end,2023-03-31
XM-DAC-46004-54307-001-LN4115,planned_start,2021-10-03
XM-DAC-46004-54307-001-LN4115,actual_start,2021-10-04
XM-DAC-46004-54307-001-LN4115,planned_end,2021-12-31
XM-DAC-46004-54307-001-LN4115,actual_end,2021-12-31
XM-DAC-46004-39405-013-LN2383,planned_start,2007-12-12
XM-DAC-46004-39405-013-LN2383,actual_start,2007-12-12
XM-DAC-46004-39405-013-LN2383,planned_end,2014-06-30
XM-DAC-46004-39405-013-LN2383,actual_end,2014-10-06
XM-DAC-46004-58020-002-LN4780,planned_end,2026-06-30
XM-DAC-46004-54307-002-LN4319,planned_start,2023-06-20
XM-DAC-46004-54307-002-LN4319,actual_start,2023-06-14
XM-DAC-46004-54307-002-LN4319,planned_end,2023-12-31
XM-DAC-46004-56253-001-LN4423,planned_end,2024-06-30
XM-DAC-46004-56253-001-LN4423,actual_end,2024-09-30
XM-DAC-46004-56253-001-LN4423,planned_start,2023-12-13
XM-DAC-46004-56253-001-LN4423,actual_start,2023-12-11
XM-DAC-46004-57194-001-LN4451,planned_start,2024-06-13
XM-DAC-46004-57194-001-LN4451,actual_start,2024-06-10
XM-DAC-46004-57194-001-LN4451,planned_end,2024-11-30
XM-DAC-46004-57194-001-LN4451,actual_end,2024-10-15
XM-DAC-46004-58020-001-LN4571,planned_start,2024-12-17
XM-DAC-46004-56253-004-LN4606,planned_start,2025-06-20
XM-DAC-46004-56253-004-LN4606,actual_start,2025-06-20
XM-DAC-46004-56253-004-LN4606,planned_end,2025-06-30
XM-DAC-46004-56253-004-LN4606,actual_end,2025-06-30
XM-DAC-46004-58020-001-LN4571,actual_start,2024-12-18
XM-DAC-46004-58020-001-LN4571,planned_end,2024-12-31
XM-DAC-46004-58020-001-LN4571,actual_end,2024-12-31
XM-DAC-46004-58446-001-LN4605,planned_start,2025-06-30
XM-DAC-46004-58446-001-LN4605,actual_start,2025-06-20
XM-DAC-46004-58446-001-LN4605,planned_end,2025-06-30
XM-DAC-46004-58446-001-LN4605,actual_end,2025-06-30
XM-DAC-46004-45253-002-LN3318,actual_start,2015-11-22
XM-DAC-46004-45253-002-LN3318,planned_end,2018-06-30
XM-DAC-46004-45253-002-LN3318,actual_end,2020-03-20
XM-DAC-46004-45253-002-LN3318,planned_start,2015-12-04
XM-DAC-46004-48134-006-LN3402,planned_start,2016-06-15
XM-DAC-46004-45253-002-LN3319,planned_start,2015-12-04
XM-DAC-46004-45253-002-LN3319,actual_start,2015-11-22
XM-DAC-46004-45253-002-LN3319,planned_end,2018-06-30
XM-DAC-46004-45253-002-LN3319,actual_end,2020-03-20
XM-DAC-46004-48134-006-LN3402,actual_start,2016-07-14
XM-DAC-46004-48134-006-LN3402,planned_end,2016-12-31
XM-DAC-46004-48134-006-LN3402,actual_end,2016-11-22
XM-DAC-46004-50168-001-LN3454,planned_start,2016-11-25
XM-DAC-46004-57194-002-LN4774,planned_start,2026-05-24
XM-DAC-46004-57194-002-LN4774,actual_start,2026-05-24
XM-DAC-46004-57194-002-LN4774,planned_end,2026-06-30
XM-DAC-46004-50168-001-LN3454,actual_start,2016-11-17
XM-DAC-46004-50168-001-LN3454,planned_end,2017-06-30
XM-DAC-46004-50168-001-LN3454,actual_end,2017-03-03
XM-DAC-46004-50024-002-GRNT0552,planned_end,2021-12-31
XM-DAC-46004-50024-002-GRNT0552,planned_start,2018-01-19
XM-DAC-46004-50024-002-GRNT0552,actual_start,2017-12-13
XM-DAC-46004-41544-091-GRNT0563,actual_start,2017-12-18
XM-DAC-46004-41544-091-GRNT0563,planned_start,2017-12-18
XM-DAC-46004-58020-002-LN4780,planned_start,2026-05-25
XM-DAC-46004-58020-002-LN4780,actual_start,2026-05-24
XM-DAC-46004-48207-002-LN3541,planned_start,2017-07-14
XM-DAC-46004-58020-002-LN4781,planned_start,2026-05-25
XM-DAC-46004-58020-002-LN4781,actual_start,2026-05-24
XM-DAC-46004-58020-002-LN4781,planned_end,2026-06-30
XM-DAC-46004-34172-013-LN2224,planned_start,2006-05-23
XM-DAC-46004-34172-013-LN2224,actual_start,2006-05-23
XM-DAC-46004-34172-013-LN2224,planned_end,2009-06-30
XM-DAC-46004-34172-013-LN2224,actual_end,2009-11-25
XM-DAC-46004-48207-002-LN3541,actual_start,2017-07-18
XM-DAC-46004-48207-002-LN3541,planned_end,2018-03-31
XM-DAC-46004-48207-002-LN3541,actual_end,2017-11-15
XM-DAC-46004-49043-002-LN3561,planned_start,2017-09-29
XM-DAC-46004-49043-002-LN3561,actual_start,2017-09-28
XM-DAC-46004-49043-002-LN3561,planned_end,2018-03-31
XM-DAC-46004-49043-002-LN3561,actual_end,2018-01-05
XM-DAC-46004-50168-002-LN3671,planned_start,2018-07-09
XM-DAC-46004-40009-023-LN2263,planned_start,2006-11-23
XM-DAC-46004-40009-023-LN2263,actual_start,2006-11-23
XM-DAC-46004-40009-023-LN2263,planned_end,2007-03-31
XM-DAC-46004-40009-023-LN2263,actual_end,2006-11-29
XM-DAC-46004-50168-002-LN3671,actual_start,2018-07-06
XM-DAC-46004-50168-002-LN3671,planned_end,2019-06-30
XM-DAC-46004-50168-002-LN3671,actual_end,2019-01-10
XM-DAC-46004-48134-007-LN3670,planned_start,2018-07-09
XM-DAC-46004-48134-007-LN3670,actual_start,2018-07-06
XM-DAC-46004-48134-007-LN3670,planned_end,2019-06-30
XM-DAC-46004-48134-007-LN3670,actual_end,2018-12-31
XM-DAC-46004-48207-004-LN3779,planned_start,2019-04-29
XM-DAC-46004-48207-004-LN3779,actual_start,2019-05-03
XM-DAC-46004-48207-004-LN3779,planned_end,2020-03-31
XM-DAC-46004-48207-004-LN3779,actual_end,2019-07-01
XM-DAC-46004-50168-003-LN3842,planned_start,2019-11-25
XM-DAC-46004-50168-003-LN3842,actual_start,2019-11-01
XM-DAC-46004-50168-003-LN3842,planned_end,2020-08-31
XM-DAC-46004-50168-003-LN3842,actual_end,2019-12-16
XM-DAC-46004-40003-013-LN2361,planned_start,2007-11-23
XM-DAC-46004-40003-013-LN2361,actual_start,2007-11-23
XM-DAC-46004-40003-013-LN2361,planned_end,2008-03-31
XM-DAC-46004-40003-013-LN2361,actual_end,2008-03-31
XM-DAC-46004-54139-001-LN3905,planned_start,2020-04-27
XM-DAC-46004-32507-013-LN2379,planned_start,2007-12-11
XM-DAC-46004-32507-013-LN2379,actual_start,2007-12-11
XM-DAC-46004-32507-013-LN2379,planned_end,2008-03-31
XM-DAC-46004-32507-013-LN2379,actual_end,2008-03-31
XM-DAC-46004-54139-001-LN3905,actual_start,2020-04-24
XM-DAC-46004-54139-001-LN3905,planned_end,2021-03-31
XM-DAC-46004-54139-001-LN3905,actual_end,2022-01-31
XM-DAC-46004-54139-001-LN3906,actual_start,2020-04-24
XM-DAC-46004-54139-001-LN3906,planned_end,2021-03-31
XM-DAC-46004-54139-001-LN3906,planned_start,2020-04-27
XM-DAC-46004-40272-013-LN2394,planned_start,2007-12-17
XM-DAC-46004-40272-013-LN2394,actual_start,2007-12-17
XM-DAC-46004-40272-013-LN2394,planned_end,2008-03-31
XM-DAC-46004-40272-013-LN2394,actual_end,2007-12-20
XM-DAC-46004-52218-001-LN4038,planned_start,2020-12-18
XM-DAC-46004-52218-001-LN4038,actual_start,2020-12-22
XM-DAC-46004-52218-001-LN4038,planned_end,2021-10-31
XM-DAC-46004-32507-023-LN2577,planned_start,2009-12-10
XM-DAC-46004-32507-023-LN2577,actual_start,2009-12-10
XM-DAC-46004-32507-023-LN2577,planned_end,2010-03-31
XM-DAC-46004-32507-023-LN2577,actual_end,2010-03-31
XM-DAC-46004-40009-033-LN2475,planned_start,2008-12-10
XM-DAC-46004-40009-033-LN2475,actual_start,2008-12-10
XM-DAC-46004-40009-033-LN2475,planned_end,2009-03-31
XM-DAC-46004-40009-033-LN2475,actual_end,2008-12-18
XM-DAC-46004-38264-013-LN2478,planned_start,2008-12-11
XM-DAC-46004-38264-013-LN2478,actual_start,2008-12-11
XM-DAC-46004-38264-013-LN2478,planned_end,2008-12-31
XM-DAC-46004-38264-013-LN2478,actual_end,2008-12-31
XM-DAC-46004-40273-013-LN2488,planned_start,2008-12-18
XM-DAC-46004-40273-013-LN2488,actual_start,2008-12-18
XM-DAC-46004-40273-013-LN2488,planned_end,2009-03-31
XM-DAC-46004-40273-013-LN2488,actual_end,2008-12-26
XM-DAC-46004-41544-089-LN3410,planned_start,2016-09-21
XM-DAC-46004-41544-089-LN3410,actual_start,2016-08-12
XM-DAC-46004-41544-089-LN3410,planned_end,2016-12-31
XM-DAC-46004-41544-089-LN3410,actual_end,2016-12-30
XM-DAC-46004-53211-001-LN4137,planned_start,2021-12-15
XM-DAC-46004-53211-001-LN4137,actual_start,2021-12-15
XM-DAC-46004-53211-001-LN4137,planned_end,2022-12-31
XM-DAC-46004-53211-001-LN4137,actual_end,2022-12-31
XM-DAC-46004-54461-001-LN4144,planned_start,2021-12-20
XM-DAC-46004-54461-001-LN4144,actual_start,2021-12-15
XM-DAC-46004-54461-001-LN4144,planned_end,2022-12-31
XM-DAC-46004-54461-001-LN4144,actual_end,2022-12-31
XM-DAC-46004-43009-013-LN2521,planned_start,2009-10-02
XM-DAC-46004-43009-013-LN2521,actual_start,2009-10-02
XM-DAC-46004-43009-013-LN2521,planned_end,2010-12-31
XM-DAC-46004-43009-013-LN2521,actual_end,2010-09-24
XM-DAC-46004-40009-043-LN2708,actual_end,2010-12-29
XM-DAC-46004-46093-001-LN2942,actual_start,2012-11-26
XM-DAC-46004-46093-001-LN2942,planned_end,2013-03-31
XM-DAC-46004-46093-001-LN2942,actual_end,2013-03-31
XM-DAC-46004-43092-013-LN2595,planned_start,2009-12-16
XM-DAC-46004-43092-013-LN2595,actual_start,2009-12-16
XM-DAC-46004-43092-013-LN2595,planned_end,2010-03-31
XM-DAC-46004-43092-013-LN2595,actual_end,2009-12-21
XM-DAC-46004-48207-001-LN3274,planned_end,2016-06-30
XM-DAC-46004-54169-001-GRNT0699,planned_start,2020-05-29
XM-DAC-46004-54169-001-GRNT0699,actual_start,2020-05-05
XM-DAC-46004-54169-001-GRNT0699,planned_end,2020-12-31
XM-DAC-46004-54169-001-GRNT0699,actual_end,2020-12-31
XM-DAC-46004-48207-001-LN3274,actual_end,2016-02-03
XM-DAC-46004-54139-001-LN3906,actual_end,2022-01-31
XM-DAC-46004-54117-001-LN3971,planned_start,2020-09-25
XM-DAC-46004-54117-001-LN3971,actual_start,2020-09-30
XM-DAC-46004-54117-001-LN3971,planned_end,2023-12-29
XM-DAC-46004-54117-001-LN3971,actual_end,2023-12-29
XM-DAC-46004-52218-001-LN4038,actual_end,2021-10-31
XM-DAC-46004-54169-001-LN3913,planned_start,2020-05-29
XM-DAC-46004-54169-001-LN3913,actual_start,2020-05-05
XM-DAC-46004-54169-001-LN3913,planned_end,2020-12-31
XM-DAC-46004-54169-001-LN3913,actual_end,2020-12-31
XM-DAC-46004-40009-043-LN2708,actual_start,2010-12-20
XM-DAC-46004-40009-043-LN2708,planned_end,2011-03-31
XM-DAC-46004-40009-043-LN2708,planned_start,2010-12-20
XM-DAC-46004-43211-013-LN2723,planned_start,2011-10-13
XM-DAC-46004-43211-013-LN2723,actual_start,2011-10-13
XM-DAC-46004-43211-013-LN2723,planned_end,2011-12-15
XM-DAC-46004-43211-013-LN2723,actual_end,2011-11-30
XM-DAC-46004-52225-003-GRNT0800,planned_start,2021-10-15
XM-DAC-46004-52225-003-GRNT0800,actual_start,2021-10-04
XM-DAC-46004-52225-003-GRNT0800,planned_end,2021-12-31
XM-DAC-46004-52225-003-GRNT0800,actual_end,2021-12-31
XM-DAC-46004-52225-003-LN4114,planned_end,2021-12-31
XM-DAC-46004-52225-003-LN4114,actual_end,2021-12-31
XM-DAC-46004-52225-003-LN4114,planned_start,2021-10-15
XM-DAC-46004-52225-003-LN4114,actual_start,2021-10-04
XM-DAC-46004-52225-004-LN4221,actual_start,2022-10-03
XM-DAC-46004-52225-004-LN4221,planned_end,2023-10-31
XM-DAC-46004-52225-004-LN4221,planned_start,2022-10-31
XM-DAC-46004-49043-003-LN4256,planned_start,2022-12-23
XM-DAC-46004-52225-004-GRNT0853,planned_start,2022-10-31
XM-DAC-46004-52225-004-GRNT0853,actual_start,2022-10-03
XM-DAC-46004-52225-004-GRNT0853,planned_end,2023-10-31
XM-DAC-46004-52225-004-GRNT0853,actual_end,2023-10-31
XM-DAC-46004-56150-001-GRNT0860,planned_start,2022-11-30
XM-DAC-46004-56150-001-GRNT0860,actual_start,2022-11-11
XM-DAC-46004-56150-001-GRNT0860,planned_end,2023-03-31
XM-DAC-46004-56150-001-GRNT0860,actual_end,2023-03-31
XM-DAC-46004-56150-001-LN4241,planned_start,2022-11-30
XM-DAC-46004-56150-001-LN4241,actual_start,2022-11-11
XM-DAC-46004-56150-001-LN4241,planned_end,2023-03-31
XM-DAC-46004-56150-001-LN4241,actual_end,2023-03-31
XM-DAC-46004-46239-001-LN2871,planned_start,2012-08-19
XM-DAC-46004-46239-001-LN2871,actual_start,2012-07-17
XM-DAC-46004-46239-001-LN2871,planned_end,2013-12-31
XM-DAC-46004-46239-001-LN2871,actual_end,2016-03-18
XM-DAC-46004-44252-013-LN2895,planned_start,2012-10-31
XM-DAC-46004-44252-013-LN2895,actual_start,2012-10-23
XM-DAC-46004-44252-013-LN2895,planned_end,2012-12-31
XM-DAC-46004-44252-013-LN2895,actual_end,2012-12-31
XM-DAC-46004-49043-003-LN4256,actual_start,2022-12-28
XM-DAC-46004-49043-003-LN4256,planned_end,2023-06-30
XM-DAC-46004-49043-003-LN4256,actual_end,2023-06-30
XM-DAC-46004-52218-002-LN4249,planned_start,2022-12-21
XM-DAC-46004-52218-002-LN4249,actual_start,2022-12-28
XM-DAC-46004-52218-002-LN4249,planned_end,2023-11-30
XM-DAC-46004-52218-002-LN4249,actual_end,2023-11-30
XM-DAC-46004-55235-001-LN4251,planned_start,2022-12-28
XM-DAC-46004-55235-001-LN4251,actual_start,2022-12-28
XM-DAC-46004-55235-001-LN4251,planned_end,2023-12-31
XM-DAC-46004-55235-001-LN4251,actual_end,2023-12-31
XM-DAC-46004-52337-001-GRNT0852,planned_start,2023-06-30
XM-DAC-46004-52337-001-GRNT0852,actual_start,2023-07-21
XM-DAC-46004-52337-001-GRNT0852,planned_end,2025-12-31
XM-DAC-46004-53211-002-LN4350,planned_start,2023-10-27
XM-DAC-46004-46093-001-LN2942,planned_start,2012-12-20
XM-DAC-46004-53211-002-LN4350,actual_start,2023-10-06
XM-DAC-46004-53211-002-LN4350,planned_end,2024-06-30
XM-DAC-46004-53211-002-LN4350,actual_end,2024-06-30
XM-DAC-46004-57193-001-GRNT0954,planned_start,2024-09-26
XM-DAC-46004-57193-001-GRNT0954,actual_start,2024-07-04
XM-DAC-46004-57193-001-GRNT0954,planned_end,2025-06-30
XM-DAC-46004-57193-001-GRNT0954,actual_end,2025-06-30
XM-DAC-46004-54461-002-LN4377,planned_start,2023-12-15
XM-DAC-46004-54461-002-LN4377,actual_start,2023-12-14
XM-DAC-46004-54461-002-LN4377,planned_end,2024-12-31
XM-DAC-46004-54461-002-LN4377,actual_end,2024-09-10
XM-DAC-46004-57193-001-LN4462,planned_start,2024-09-26
XM-DAC-46004-57193-001-LN4462,actual_start,2024-07-04
XM-DAC-46004-57193-001-LN4462,planned_end,2025-06-30
XM-DAC-46004-57193-001-LN4462,actual_end,2025-06-30
XM-DAC-46004-46093-004-LN3068,planned_start,2014-01-26
XM-DAC-46004-46093-004-LN3068,actual_start,2013-11-29
XM-DAC-46004-46093-004-LN3068,planned_end,2014-03-31
XM-DAC-46004-46093-004-LN3068,actual_end,2014-02-03
XM-DAC-46004-57018-001-LN4449,planned_start,2024-12-20
XM-DAC-46004-57018-001-LN4449,actual_start,2024-10-25
XM-DAC-46004-57018-001-LN4449,planned_end,2025-06-30
XM-DAC-46004-57018-001-LN4449,actual_end,2025-06-30
XM-DAC-46004-56368-001-LN4487,planned_start,2024-12-30
XM-DAC-46004-56368-001-LN4487,actual_start,2024-10-25
XM-DAC-46004-56368-001-LN4487,planned_end,2025-06-30
XM-DAC-46004-56368-001-LN4487,actual_end,2025-06-30
XM-DAC-46004-58165-001-LN4557,planned_start,2024-12-31
XM-DAC-46004-58165-001-LN4557,actual_start,2024-12-30
XM-DAC-46004-58165-001-LN4557,planned_end,2025-12-31
XM-DAC-46004-58165-001-LN4557,actual_end,2025-12-31
XM-DAC-46004-58326-001-GRNT1044,planned_start,2025-10-31
XM-DAC-46004-58326-001-GRNT1044,actual_start,2025-10-06
XM-DAC-46004-58326-001-GRNT1044,planned_end,2026-03-31
XM-DAC-46004-58326-001-GRNT1044,actual_end,2026-03-31
XM-DAC-46004-58326-001-LN4651,planned_start,2025-10-31
XM-DAC-46004-58326-001-LN4651,actual_start,2025-10-06
XM-DAC-46004-41544-088-GRNT0432,planned_start,2015-06-30
XM-DAC-46004-41544-088-GRNT0432,actual_start,2015-06-17
XM-DAC-46004-41544-088-GRNT0432,planned_end,2015-12-31
XM-DAC-46004-41544-088-GRNT0432,actual_end,2015-10-06
XM-DAC-46004-50024-002-GRNT0552,actual_end,2022-02-07
XM-DAC-46004-41544-091-GRNT0563,planned_end,2018-06-30
XM-DAC-46004-41544-091-GRNT0563,actual_end,2018-11-02
XM-DAC-46004-52225-004-LN4221,actual_end,2023-10-31
XM-DAC-46004-58326-001-LN4651,planned_end,2026-03-31
XM-DAC-46004-58326-001-LN4651,actual_end,2026-03-31
XM-DAC-46004-48134-001-LN3164,planned_start,2014-10-24
XM-DAC-46004-48134-001-LN3164,actual_start,2014-10-01
XM-DAC-46004-48134-001-LN3164,planned_end,2014-12-31
XM-DAC-46004-48134-001-LN3164,actual_end,2014-12-31
XM-DAC-46004-48207-001-LN3274,actual_start,2015-09-30
XM-DAC-46004-48207-001-LN3274,planned_start,2015-10-15
XM-DAC-46004-59154-001-GRNT1067,planned_start,2025-12-05
XM-DAC-46004-59154-001-GRNT1067,actual_start,2025-12-30
XM-DAC-46004-49043-001-LN3303,planned_start,2015-09-30
XM-DAC-46004-49043-001-LN3303,actual_start,2015-10-16
XM-DAC-46004-49043-001-LN3303,planned_end,2015-12-31
XM-DAC-46004-49043-001-LN3303,actual_end,2015-12-31
XM-DAC-46004-52225-001-GRNT0657,planned_start,2019-09-30
XM-DAC-46004-56257-001-LN4617,planned_start,2025-09-30
XM-DAC-46004-56257-001-LN4617,actual_start,2025-08-27
XM-DAC-46004-56257-001-LN4617,planned_end,2026-06-30
XM-DAC-46004-56257-001-LN4617,actual_end,2026-06-30
XM-DAC-46004-52225-001-GRNT0657,actual_start,2019-10-08
XM-DAC-46004-52225-001-GRNT0657,planned_end,2020-03-31
XM-DAC-46004-52225-001-GRNT0657,actual_end,2020-03-31
XM-DAC-46004-54461-003-LN4723,planned_start,2025-12-31
XM-DAC-46004-54461-003-LN4723,actual_start,2025-12-24
XM-DAC-46004-54461-003-LN4723,planned_end,2026-06-30
XM-DAC-46004-54461-003-LN4723,actual_end,2026-06-30
XM-DAC-46004-53211-003-LN4659,planned_start,2025-11-07
XM-DAC-46004-53211-003-LN4659,actual_start,2025-11-07
XM-DAC-46004-53211-003-LN4659,planned_end,2026-06-30
XM-DAC-46004-53211-003-LN4659,actual_end,2026-06-30
XM-DAC-46004-56140-001-GRNT1064,planned_start,2025-12-29
XM-DAC-46004-56140-001-GRNT1064,actual_start,2025-12-23
XM-DAC-46004-56140-001-GRNT1064,planned_end,2031-12-31
XM-DAC-46004-53211-003-LN4659-JICA,planned_start,2025-12-01
XM-DAC-46004-53211-003-LN4659-JICA,planned_end,2026-06-30
XM-DAC-46004-53211-003-LN4659-JICA,actual_end,2026-06-30
XM-DAC-46004-53211-003-LN4659-KfW,planned_start,2025-12-01
XM-DAC-46004-53211-003-LN4659-KfW,actual_start,2025-12-04
XM-DAC-46004-53211-003-LN4659-KfW,planned_end,2026-06-30
XM-DAC-46004-53211-003-LN4659-KfW,actual_end,2026-06-30
XM-DAC-46004-41544-084-GRNT0393,planned_start,2014-06-20
XM-DAC-46004-41544-084-GRNT0393,actual_start,2014-06-19
XM-DAC-46004-41544-084-GRNT0393,planned_end,2014-12-31
XM-DAC-46004-41544-084-GRNT0393,actual_end,2014-09-08
XM-DAC-46004-46537-002-GRNT0407,planned_start,2014-10-31
XM-DAC-46004-46537-002-GRNT0407,actual_start,2015-01-23
XM-DAC-46004-46537-002-GRNT0407,planned_end,2018-05-31
XM-DAC-46004-46537-002-GRNT0407,actual_end,2019-01-09
XM-DAC-46004-41544-089-GRNT0487,planned_start,2016-09-21
XM-DAC-46004-41544-089-GRNT0487,actual_start,2016-08-12
XM-DAC-46004-41544-089-GRNT0487,planned_end,2016-12-31
XM-DAC-46004-41544-089-GRNT0487,actual_end,2016-12-30
XM-DAC-46004-52230-001-LN3988,planned_start,2020-12-16
XM-DAC-46004-52230-001-LN3988,actual_start,2020-12-16
XM-DAC-46004-52230-001-LN3988,planned_end,2022-07-31
XM-DAC-46004-52230-001-LN3988,actual_end,2023-05-09
XM-DAC-46004-49232-001-LN3356,planned_start,2016-03-30
XM-DAC-46004-49232-001-LN3356,actual_start,2016-02-23
XM-DAC-46004-49232-001-LN3356,planned_end,2017-06-30
XM-DAC-46004-49232-001-LN3356,actual_end,2016-06-03
XM-DAC-46004-53059-001-LN4220,planned_end,2026-06-30
XM-DAC-46004-47322-001-GRNT0560,actual_start,2017-12-15
XM-DAC-46004-47322-001-GRNT0560,planned_end,2018-05-31
XM-DAC-46004-47322-001-GRNT0560,actual_end,2018-02-19
XM-DAC-46004-40368-022-LN2777,planned_start,2011-10-10
XM-DAC-46004-47314-001-GRNT0416,actual_start,2014-12-04
XM-DAC-46004-47314-001-GRNT0416,planned_end,2014-12-31
XM-DAC-46004-47314-001-GRNT0416,actual_end,2014-12-31
XM-DAC-46004-47314-001-GRNT0416,planned_start,2014-12-04
XM-DAC-46004-40368-022-LN2777,actual_start,2011-11-15
XM-DAC-46004-40368-022-LN2777,planned_end,2016-12-31
XM-DAC-46004-40368-022-LN2777,actual_end,2018-12-18
XM-DAC-46004-47322-001-GRNT0560,planned_start,2017-12-15
XM-DAC-46004-44057-012-LN2791,planned_start,2011-10-15
XM-DAC-46004-44057-012-LN2791,actual_start,2011-11-15
XM-DAC-46004-44057-012-LN2791,planned_end,2012-04-30
XM-DAC-46004-44057-012-LN2791,actual_end,2012-01-31
XM-DAC-46004-47322-002-GRNT0633,planned_start,2018-12-13
XM-DAC-46004-47322-002-GRNT0633,actual_start,2018-11-29
XM-DAC-46004-47322-002-GRNT0633,planned_end,2019-03-31
XM-DAC-46004-47322-002-GRNT0633,actual_end,2019-04-03
XM-DAC-46004-53059-001-LN4220,planned_start,2022-12-23
XM-DAC-46004-53059-001-LN4220,actual_start,2022-12-21
XM-DAC-46004-50028-003-GRNT0758,planned_start,2020-12-11
XM-DAC-46004-50028-003-GRNT0758,actual_start,2020-12-16
XM-DAC-46004-50028-003-GRNT0758,planned_end,2024-03-16
XM-DAC-46004-50028-003-GRNT0758,actual_end,2022-05-30
XM-DAC-46004-56138-001-GRNT0882,planned_start,2023-03-17
XM-DAC-46004-56138-001-GRNT0882,actual_start,2023-03-24
XM-DAC-46004-56138-001-GRNT0882,planned_end,2025-12-31
XM-DAC-46004-56138-001-GRNT0882,actual_end,2023-11-30
XM-DAC-46004-56284-001-GRNT0914,planned_start,2023-11-24
XM-DAC-46004-46059-001-LN2905,planned_start,2012-09-27
XM-DAC-46004-56284-001-GRNT0914,actual_start,2023-11-24
XM-DAC-46004-56284-001-GRNT0914,planned_end,2024-02-29
XM-DAC-46004-56284-001-GRNT0914,actual_end,2024-03-06
XM-DAC-46004-46059-001-LN2905,actual_start,2012-10-23
XM-DAC-46004-46059-001-LN2905,planned_end,2013-03-31
XM-DAC-46004-46059-001-LN2905,actual_end,2013-03-31
XM-DAC-46004-56284-002-GRNT1081,planned_start,2025-12-05
XM-DAC-46004-56284-002-GRNT1081,actual_start,2025-12-05
XM-DAC-46004-56284-002-GRNT1081,planned_end,2025-12-30
XM-DAC-46004-56284-002-GRNT1081,actual_end,2025-12-31
XM-DAC-46004-44057-013-LN3036,planned_start,2013-10-31
XM-DAC-46004-44057-013-LN3036,actual_start,2013-10-11
XM-DAC-46004-44057-013-LN3036,planned_end,2014-03-31
XM-DAC-46004-44057-013-LN3036,actual_end,2014-04-22
XM-DAC-46004-43330-013-LN2543,planned_start,2009-09-14
XM-DAC-46004-43330-013-LN2543,actual_start,2009-09-14
XM-DAC-46004-43330-013-LN2543,planned_end,2010-12-31
XM-DAC-46004-43330-013-LN2543,actual_end,2009-12-14
XM-DAC-46004-46059-002-LN3205,planned_start,2014-12-12
XM-DAC-46004-46059-002-LN3205,actual_start,2014-12-11
XM-DAC-46004-46059-002-LN3205,planned_end,2015-06-30
XM-DAC-46004-46059-002-LN3205,actual_end,2015-06-30
XM-DAC-46004-47137-003-LN3279,planned_start,2015-10-23
XM-DAC-46004-47137-003-LN3279,actual_start,2015-10-01
XM-DAC-46004-47137-003-LN3279,planned_end,2016-03-31
XM-DAC-46004-47137-003-LN3279,actual_end,2016-03-31
XM-DAC-46004-47137-006-GRNT0572,planned_start,2018-05-20
XM-DAC-46004-47137-006-GRNT0572,actual_start,2018-05-22
XM-DAC-46004-47137-006-GRNT0572,planned_end,2018-12-31
XM-DAC-46004-47137-006-GRNT0572,actual_end,2018-07-23
XM-DAC-46004-49083-001-LN3272,planned_start,2015-09-21
XM-DAC-46004-49083-001-LN3272,actual_start,2015-11-18
XM-DAC-46004-49083-001-LN3272,planned_end,2016-12-31
XM-DAC-46004-49083-001-LN3272,actual_end,2016-01-05
XM-DAC-46004-52146-001-LN3825,planned_start,2019-10-30
XM-DAC-46004-54188-001-LN3940,planned_start,2020-07-30
XM-DAC-46004-54188-001-LN3940,actual_start,2020-08-25
XM-DAC-46004-54188-001-LN3940,planned_end,2021-12-31
XM-DAC-46004-54188-001-LN3940,actual_end,2021-12-31
XM-DAC-46004-52146-001-LN3825,actual_start,2019-10-30
XM-DAC-46004-52146-001-LN3825,planned_end,2020-08-31
XM-DAC-46004-52146-001-LN3825,actual_end,2019-12-31
XM-DAC-46004-54188-001-LN3941,planned_end,2021-12-31
XM-DAC-46004-54188-001-LN3941,actual_end,2021-12-31
XM-DAC-46004-54188-001-LN3941,planned_start,2020-07-30
XM-DAC-46004-54188-001-LN3941,actual_start,2020-08-25
XM-DAC-46004-32312-013-LN2306,planned_end,2010-04-30
XM-DAC-46004-32312-013-LN2306,actual_end,2011-06-08
XM-DAC-46004-50399-003-LN3821,planned_start,2019-11-27
XM-DAC-46004-50399-003-LN3821,actual_start,2019-10-30
XM-DAC-46004-50399-003-LN3821,planned_end,2020-06-30
XM-DAC-46004-50399-003-LN3821,actual_end,2019-12-02
XM-DAC-46004-55039-001-LN4405,planned_start,2023-12-22
XM-DAC-46004-55039-001-LN4405,actual_start,2024-08-23
XM-DAC-46004-55039-001-LN4405,planned_end,2024-12-31
XM-DAC-46004-55039-001-LN4405,actual_end,2024-12-31
XM-DAC-46004-33357-013-LN2252,planned_start,2006-11-30
XM-DAC-46004-33357-013-LN2252,actual_start,2006-11-30
XM-DAC-46004-33357-013-LN2252,planned_end,2010-09-30
XM-DAC-46004-33357-013-LN2252,actual_end,2010-07-29
XM-DAC-46004-32312-013-LN2306,planned_start,2007-03-21
XM-DAC-46004-32312-013-LN2306,actual_start,2007-03-21
XM-DAC-46004-38421-013-LN2480,actual_end,2009-04-30
XM-DAC-46004-34389-033-LN2585,actual_start,2009-12-27
XM-DAC-46004-34389-033-LN2585,planned_end,2010-04-30
XM-DAC-46004-34389-033-LN2585,actual_end,2010-03-05
XM-DAC-46004-38421-072-LN2904,actual_end,2013-05-02
XM-DAC-46004-44321-013-LN3006,actual_end,2022-08-31
XM-DAC-46004-41392-023-LN3415,actual_end,2017-02-13
XM-DAC-46004-34389-013-LN2378,planned_start,2008-02-18
XM-DAC-46004-34389-013-LN2378,actual_start,2008-02-18
XM-DAC-46004-34389-013-LN2378,planned_end,2008-03-31
XM-DAC-46004-34389-013-LN2378,actual_end,2008-05-31
XM-DAC-46004-34389-023-LN2479,planned_start,2008-12-08
XM-DAC-46004-34389-023-LN2479,actual_start,2008-12-08
XM-DAC-46004-34389-023-LN2479,planned_end,2009-04-30
XM-DAC-46004-34389-023-LN2479,actual_end,2009-04-30
XM-DAC-46004-38421-013-LN2480,planned_end,2009-04-30
XM-DAC-46004-38421-013-LN2480,planned_start,2008-12-08
XM-DAC-46004-38421-013-LN2480,actual_start,2008-12-08
XM-DAC-46004-34389-033-LN2585,planned_start,2009-12-27
XM-DAC-46004-42305-023-LN3002,planned_start,2013-06-14
XM-DAC-46004-42305-023-LN3002,actual_start,2013-08-26
XM-DAC-46004-42305-023-LN3002,planned_end,2013-12-31
XM-DAC-46004-42305-023-LN3002,actual_end,2013-12-31
XM-DAC-46004-44321-013-LN3006,planned_end,2017-06-30
XM-DAC-46004-44321-013-LN3006,planned_start,2013-08-30
XM-DAC-46004-44321-013-LN3006,actual_start,2013-08-26
XM-DAC-46004-38558-013-LN2673,planned_start,2010-10-22
XM-DAC-46004-38558-013-LN2673,actual_start,2010-10-22
XM-DAC-46004-38558-013-LN2673,planned_end,2013-06-30
XM-DAC-46004-38558-013-LN2673,actual_end,2017-06-23
XM-DAC-46004-46064-002-LN3166,planned_start,2014-12-10
XM-DAC-46004-46064-002-LN3166,actual_start,2014-10-27
XM-DAC-46004-46064-002-LN3166,planned_end,2017-12-31
XM-DAC-46004-46064-002-LN3166,actual_end,2018-07-11
XM-DAC-46004-41373-013-LN2674,planned_start,2010-10-22
XM-DAC-46004-41373-013-LN2674,actual_start,2010-10-22
XM-DAC-46004-41373-013-LN2674,planned_end,2011-04-30
XM-DAC-46004-41373-013-LN2674,actual_end,2011-04-30
XM-DAC-46004-38421-023-LN2675,planned_start,2010-10-22
XM-DAC-46004-38421-023-LN2675,actual_start,2010-10-22
XM-DAC-46004-38421-023-LN2675,planned_end,2011-04-30
XM-DAC-46004-38421-023-LN2675,actual_end,2011-04-30
XM-DAC-46004-34389-043-LN2706,planned_start,2011-01-27
XM-DAC-46004-34389-043-LN2706,actual_start,2011-01-27
XM-DAC-46004-34389-043-LN2706,planned_end,2011-06-30
XM-DAC-46004-34389-043-LN2706,actual_end,2011-06-30
XM-DAC-46004-42305-033-LN3185,planned_start,2014-11-30
XM-DAC-46004-42305-033-LN3185,actual_start,2014-12-18
XM-DAC-46004-42305-033-LN3185,planned_end,2015-06-30
XM-DAC-46004-42305-033-LN3185,actual_end,2015-07-31
XM-DAC-46004-42305-013-LN2815,planned_start,2012-01-20
XM-DAC-46004-42305-013-LN2815,actual_start,2011-12-20
XM-DAC-46004-42305-013-LN2815,planned_end,2012-05-31
XM-DAC-46004-42305-013-LN2815,actual_end,2012-05-31
XM-DAC-46004-41392-013-LN2886,planned_start,2012-10-12
XM-DAC-46004-41392-013-LN2886,actual_start,2013-01-17
XM-DAC-46004-41392-013-LN2886,planned_end,2013-03-31
XM-DAC-46004-41392-013-LN2886,actual_end,2013-04-30
XM-DAC-46004-58452-001-LN4622,planned_end,2026-08-29
XM-DAC-46004-58452-001-LN4622,planned_start,2025-09-04
XM-DAC-46004-58452-001-LN4622,actual_start,2025-09-30
XM-DAC-46004-41392-023-LN3415,actual_start,2016-10-06
XM-DAC-46004-41392-023-LN3415,planned_end,2017-06-30
XM-DAC-46004-41392-023-LN3415,planned_start,2016-10-17
XM-DAC-46004-43260-013-LN2888,planned_start,2012-10-15
XM-DAC-46004-43260-013-LN2888,actual_start,2013-01-17
XM-DAC-46004-43260-013-LN2888,planned_end,2013-12-31
XM-DAC-46004-43260-013-LN2888,actual_end,2015-12-31
XM-DAC-46004-47136-003-LN3426,planned_start,2017-01-08
XM-DAC-46004-47136-003-LN3426,actual_start,2016-10-06
XM-DAC-46004-47136-003-LN3426,planned_end,2017-06-30
XM-DAC-46004-47136-003-LN3426,actual_end,2017-05-31
XM-DAC-46004-58538-001-LN4693,planned_start,2025-12-12
XM-DAC-46004-58538-001-LN4693,actual_start,2025-12-04
XM-DAC-46004-58538-001-LN4693,planned_end,2026-02-28
XM-DAC-46004-58538-001-LN4693,actual_end,2026-02-28
XM-DAC-46004-38421-072-LN2904,planned_end,2013-03-31
XM-DAC-46004-38421-072-LN2904,planned_start,2012-10-15
XM-DAC-46004-38421-072-LN2904,actual_start,2013-01-17
XM-DAC-46004-49041-002-LN3428,planned_start,2016-11-30
XM-DAC-46004-49041-002-LN3428,actual_start,2016-10-06
XM-DAC-46004-49041-002-LN3428,planned_end,2017-06-30
XM-DAC-46004-49041-002-LN3428,actual_end,2017-04-24
XM-DAC-46004-44263-013-LN3460,planned_start,2016-12-23
XM-DAC-46004-44263-013-LN3460,actual_start,2016-12-14
XM-DAC-46004-44263-013-LN3460,planned_end,2017-06-30
XM-DAC-46004-44263-013-LN3460,actual_end,2017-04-11
XM-DAC-46004-43321-013-LN2659,planned_start,2010-09-08
XM-DAC-46004-43321-013-LN2659,actual_start,2010-09-08
XM-DAC-46004-43321-013-LN2659,planned_end,2011-02-28
XM-DAC-46004-43321-013-LN2659,actual_end,2011-02-28
XM-DAC-46004-43321-023-LN2950,planned_start,2012-12-11
XM-DAC-46004-43321-023-LN2950,actual_start,2012-12-13
XM-DAC-46004-43321-023-LN2950,planned_end,2013-12-31
XM-DAC-46004-43321-023-LN2950,actual_end,2014-03-31
XM-DAC-46004-50028-002-GRNT0666,planned_end,2022-12-31
XM-DAC-46004-50028-002-GRNT0666,actual_end,2020-05-18
XM-DAC-46004-50028-002-GRNT0666,planned_start,2019-09-30
XM-DAC-46004-50028-002-GRNT0666,actual_start,2019-09-30
XM-DAC-46004-50028-003-GRNT0761,planned_start,2020-12-11
XM-DAC-46004-50028-003-GRNT0761,actual_start,2020-12-11
XM-DAC-46004-50028-003-GRNT0761,planned_end,2024-03-11
XM-DAC-46004-50028-003-GRNT0761,actual_end,2022-09-23
XM-DAC-46004-54358-001-GRNT0766,planned_start,2020-12-01
XM-DAC-46004-54358-001-GRNT0766,actual_start,2020-12-11
XM-DAC-46004-54358-001-GRNT0766,planned_end,2021-09-30
XM-DAC-46004-54358-001-GRNT0766,actual_end,2021-02-05
XM-DAC-46004-56138-002-GRNT0951,planned_start,2024-07-05
XM-DAC-46004-56138-002-GRNT0951,actual_start,2024-08-06
XM-DAC-46004-56138-002-GRNT0951,planned_end,2027-03-31
XM-DAC-46004-47136-006-LN3719,planned_start,2018-10-31
XM-DAC-46004-47136-006-LN3719,actual_start,2018-10-24
XM-DAC-46004-47136-006-LN3719,planned_end,2019-06-30
XM-DAC-46004-47136-006-LN3719,actual_end,2019-03-13
XM-DAC-46004-46372-001-LN2984,planned_start,2013-01-18
XM-DAC-46004-46372-001-LN2984,actual_start,2013-01-14
XM-DAC-46004-46372-001-LN2984,planned_end,2013-03-31
XM-DAC-46004-46372-001-LN2984,actual_end,2013-01-18
XM-DAC-46004-50101-002-LN3832,planned_start,2019-10-30
XM-DAC-46004-50101-002-LN3832,actual_start,2019-10-30
XM-DAC-46004-50101-002-LN3832,planned_end,2022-03-31
XM-DAC-46004-50101-002-LN3832,actual_end,2024-06-28
XM-DAC-46004-44263-015-LN3831,planned_end,2020-03-31
XM-DAC-46004-44263-015-LN3831,actual_end,2020-03-31
XM-DAC-46004-44263-015-LN3831,planned_start,2019-09-16
XM-DAC-46004-44263-015-LN3831,actual_start,2019-10-30
XM-DAC-46004-55360-001-LN4331,planned_end,2024-02-28
XM-DAC-46004-36308-023-LN2442,planned_start,2008-10-14
XM-DAC-46004-36308-023-LN2442,actual_start,2008-10-14
XM-DAC-46004-36308-023-LN2442,planned_end,2012-03-31
XM-DAC-46004-36308-023-LN2442,actual_end,2012-02-06
XM-DAC-46004-54195-001-LN3951,planned_start,2020-07-09
XM-DAC-46004-54195-001-LN3951,actual_start,2020-07-10
XM-DAC-46004-54195-001-LN3951,planned_end,2021-06-30
XM-DAC-46004-54195-001-LN3951,actual_end,2022-01-31
XM-DAC-46004-55360-001-LN4331,actual_end,2024-02-28
XM-DAC-46004-49041-004-LN4391,planned_end,2024-11-30
XM-DAC-46004-49041-004-LN4391,actual_end,2024-04-12
XM-DAC-46004-54430-002-LN4654,planned_start,2025-11-21
XM-DAC-46004-54430-002-LN4654,actual_start,2025-12-04
XM-DAC-46004-54430-002-LN4654,planned_end,2025-12-31
XM-DAC-46004-54430-002-LN4654,actual_end,2025-12-26
XM-DAC-46004-52145-001-LN3969,planned_start,2020-10-28
XM-DAC-46004-52145-001-LN3969,actual_start,2020-10-28
XM-DAC-46004-52145-001-LN3969,planned_end,2021-06-30
XM-DAC-46004-52145-001-LN3969,actual_end,2021-06-30
XM-DAC-46004-42151-013-LN2452,planned_start,2009-12-22
XM-DAC-46004-42151-013-LN2452,actual_start,2009-12-22
XM-DAC-46004-42151-013-LN2452,planned_end,2011-09-30
XM-DAC-46004-42151-013-LN2452,actual_end,2018-01-09
XM-DAC-46004-44263-016-LN4128,planned_start,2021-11-15
XM-DAC-46004-44263-016-LN4128,actual_start,2021-12-08
XM-DAC-46004-44263-016-LN4128,planned_end,2022-03-31
XM-DAC-46004-44263-016-LN4128,actual_end,2022-03-31
XM-DAC-46004-54255-001-LN3960,planned_start,2020-08-17
XM-DAC-46004-54255-001-LN3960,actual_start,2020-09-04
XM-DAC-46004-54255-001-LN3960,planned_end,2021-09-30
XM-DAC-46004-54430-001-LN4285,planned_start,2022-12-22
XM-DAC-46004-54430-001-LN4285,actual_start,2022-12-22
XM-DAC-46004-54430-001-LN4285,planned_end,2023-06-30
XM-DAC-46004-54430-001-LN4285,actual_end,2023-06-28
XM-DAC-46004-55255-001-LN4267,planned_start,2022-12-06
XM-DAC-46004-55255-001-LN4267,actual_start,2022-12-22
XM-DAC-46004-55255-001-LN4267,planned_end,2023-12-31
XM-DAC-46004-55255-001-LN4267,actual_end,2023-12-31
XM-DAC-46004-41607-013-LN2536,planned_end,2013-01-31
XM-DAC-46004-41607-013-LN2536,actual_end,2015-03-02
XM-DAC-46004-41607-013-LN2536,planned_start,2009-09-17
XM-DAC-46004-41607-013-LN2536,actual_start,2009-09-17
XM-DAC-46004-55360-001-LN4331,planned_start,2023-09-30
XM-DAC-46004-55360-001-LN4331,actual_start,2023-09-26
XM-DAC-46004-52145-002-LN4330,planned_start,2023-09-26
XM-DAC-46004-52145-002-LN4330,actual_start,2023-09-26
XM-DAC-46004-52145-002-LN4330,planned_end,2023-09-30
XM-DAC-46004-52145-002-LN4330,actual_end,2023-12-31
XM-DAC-46004-49041-004-LN4391,planned_start,2023-12-19
XM-DAC-46004-49041-004-LN4391,actual_start,2023-12-19
XM-DAC-46004-39658-013-LN2597,planned_start,2010-03-18
XM-DAC-46004-39658-013-LN2597,actual_start,2010-03-18
XM-DAC-46004-39658-013-LN2597,planned_end,2012-12-31
XM-DAC-46004-39658-013-LN2597,actual_end,2012-12-11
XM-DAC-46004-44453-014-LN2926,planned_start,2013-04-30
XM-DAC-46004-44453-014-LN2926,actual_start,2012-11-06
XM-DAC-46004-44453-014-LN2926,planned_end,2014-11-30
XM-DAC-46004-54189-001-LN3942,planned_start,2020-06-28
XM-DAC-46004-55220-001-LN4477,planned_start,2024-10-02
XM-DAC-46004-55220-001-LN4477,actual_start,2024-09-27
XM-DAC-46004-55220-001-LN4477,planned_end,2025-03-31
XM-DAC-46004-55220-001-LN4477,actual_end,2024-12-16
XM-DAC-46004-44453-014-LN2926,actual_end,2014-07-24
XM-DAC-46004-54189-001-LN3942,actual_start,2020-06-28
XM-DAC-46004-54189-001-LN3942,planned_end,2021-06-30
XM-DAC-46004-54189-001-LN3942,actual_end,2021-06-30
XM-DAC-46004-55255-003-LN4549,planned_start,2024-12-17
XM-DAC-46004-55255-003-LN4549,actual_start,2024-12-03
XM-DAC-46004-55255-003-LN4549,planned_end,2025-06-30
XM-DAC-46004-55255-003-LN4549,actual_end,2025-06-30
XM-DAC-46004-54189-001-GRNT0710,planned_start,2020-06-28
XM-DAC-46004-54189-001-GRNT0710,actual_start,2020-06-28
XM-DAC-46004-54189-001-GRNT0710,planned_end,2021-06-30
XM-DAC-46004-54189-001-GRNT0710,actual_end,2021-06-30
XM-DAC-46004-55003-001-GRNT0898,planned_start,2023-10-06
XM-DAC-46004-55003-001-GRNT0898,actual_start,2023-09-04
XM-DAC-46004-55003-001-GRNT0898,planned_end,2024-08-30
XM-DAC-46004-55003-001-GRNT0898,actual_end,2024-08-30
XM-DAC-46004-36343-013-LN2281,planned_start,2007-02-28
XM-DAC-46004-36343-013-LN2281,actual_start,2006-12-11
XM-DAC-46004-36343-013-LN2281,planned_end,2010-06-30
XM-DAC-46004-36343-013-LN2281,actual_end,2013-06-30
XM-DAC-46004-49209-001-LN3563,planned_start,2017-12-19
XM-DAC-46004-49209-001-LN3563,actual_start,2017-10-24
XM-DAC-46004-49209-001-LN3563,planned_end,2019-09-30
XM-DAC-46004-49209-001-LN3563,actual_end,2019-11-29
XM-DAC-46004-55154-001-LN4275,planned_start,2022-12-28
XM-DAC-46004-55154-001-LN4275,actual_start,2022-12-23
XM-DAC-46004-55154-001-LN4275,planned_end,2023-06-30
XM-DAC-46004-55154-001-LN4275,actual_end,2023-05-19
XM-DAC-46004-55054-002-LN4362,planned_end,2024-04-30
XM-DAC-46004-55054-002-LN4362,planned_start,2023-11-13
XM-DAC-46004-55054-002-LN4362,actual_start,2023-11-13
XM-DAC-46004-55080-001-LN4401,planned_start,2023-12-15
XM-DAC-46004-55080-001-LN4401,actual_start,2023-12-15
XM-DAC-46004-55080-001-LN4401,planned_end,2024-10-31
XM-DAC-46004-55080-001-LN4401,actual_end,2024-03-21
XM-DAC-46004-54465-002-LN4421,planned_start,2023-12-15
XM-DAC-46004-54465-002-LN4421,actual_start,2023-12-15
XM-DAC-46004-54465-002-LN4421,planned_end,2024-06-30
XM-DAC-46004-54465-002-LN4421,actual_end,2024-02-08
XM-DAC-46004-54182-001-LN3915,planned_start,2020-04-29
XM-DAC-46004-54182-001-LN3915,actual_start,2020-04-28
XM-DAC-46004-54182-001-LN3915,planned_end,2021-06-30
XM-DAC-46004-54182-001-LN3915,actual_end,2021-06-30
XM-DAC-46004-54182-001-LN3916,planned_start,2020-04-29
XM-DAC-46004-54182-001-LN3916,actual_start,2020-04-28
XM-DAC-46004-54182-001-LN3916,planned_end,2021-06-30
XM-DAC-46004-54182-001-LN3916,actual_end,2021-06-30
XM-DAC-46004-55145-001-LN4452,planned_start,2024-07-01
XM-DAC-46004-55145-001-LN4452,actual_start,2024-07-01
XM-DAC-46004-55145-001-LN4452,planned_end,2024-12-31
XM-DAC-46004-55145-001-LN4452,actual_end,2024-12-18
XM-DAC-46004-56343-001-LN4393,planned_start,2024-08-21
XM-DAC-46004-56343-001-LN4393,actual_start,2024-08-21
XM-DAC-46004-56343-001-LN4393,planned_end,2024-09-30
XM-DAC-46004-56343-001-LN4393,actual_end,2024-12-18
XM-DAC-46004-54001-001-LN4004,planned_start,2020-11-23
XM-DAC-46004-54001-001-LN4004,actual_start,2020-12-02
XM-DAC-46004-54001-001-LN4004,planned_end,2022-12-31
XM-DAC-46004-54001-001-LN4004,actual_end,2023-09-29
XM-DAC-46004-55154-003-LN4559,planned_start,2024-12-13
XM-DAC-46004-55154-003-LN4559,actual_start,2024-12-20
XM-DAC-46004-55154-003-LN4559,planned_end,2025-03-31
XM-DAC-46004-55154-003-LN4559,actual_end,2025-03-31
XM-DAC-46004-42267-026-LN3182,planned_start,2014-12-15
XM-DAC-46004-42267-026-LN3182,actual_start,2015-09-11
XM-DAC-46004-42267-026-LN3182,planned_end,2020-06-30
XM-DAC-46004-42267-026-LN3182,actual_end,2019-11-07
XM-DAC-46004-55054-002-LN4362,actual_end,2023-12-27
XM-DAC-46004-45288-002-LN3187,planned_start,2014-11-24
XM-DAC-46004-45288-002-LN3187,actual_start,2014-11-28
XM-DAC-46004-45288-002-LN3187,planned_end,2017-06-30
XM-DAC-46004-45288-002-LN3187,actual_end,2018-12-14
XM-DAC-46004-45032-001-GRNT0300,planned_end,2014-09-30
XM-DAC-46004-45032-001-GRNT0300,actual_end,2014-11-21
XM-DAC-46004-43096-013-LN2523,actual_end,2012-09-30
XM-DAC-46004-48434-005-LN3424,planned_start,2016-12-30
XM-DAC-46004-48434-005-LN3424,actual_start,2017-02-23
XM-DAC-46004-48434-005-LN3424,planned_end,2019-12-31
XM-DAC-46004-48434-005-LN3424,actual_end,2019-10-25
XM-DAC-46004-54465-001-LN4138,planned_start,2021-11-25
XM-DAC-46004-54465-001-LN4138,actual_start,2021-11-25
XM-DAC-46004-54465-001-LN4138,planned_end,2022-01-31
XM-DAC-46004-54465-001-LN4138,actual_end,2022-01-31
XM-DAC-46004-55054-001-LN4158,planned_start,2021-12-15
XM-DAC-46004-55054-001-LN4158,actual_start,2021-12-17
XM-DAC-46004-55054-001-LN4158,planned_end,2022-06-30
XM-DAC-46004-55054-001-LN4158,actual_end,2022-05-03
XM-DAC-46004-34135-013-LN2218,planned_start,2006-07-04
XM-DAC-46004-34135-013-LN2218,actual_start,2006-07-04
XM-DAC-46004-34135-013-LN2218,planned_end,2010-06-30
XM-DAC-46004-34135-013-LN2218,actual_end,2010-06-30
XM-DAC-46004-43096-013-LN2523,actual_start,2009-06-26
XM-DAC-46004-43096-013-LN2523,planned_end,2010-12-31
XM-DAC-46004-43096-013-LN2523,planned_start,2009-06-26
XM-DAC-46004-59288-001-LN4703,planned_start,2025-12-15
XM-DAC-46004-59288-001-LN4703,actual_start,2025-12-15
XM-DAC-46004-59288-001-LN4703,planned_end,2026-02-28
XM-DAC-46004-45032-001-GRNT0300,actual_start,2012-09-14
XM-DAC-46004-45032-001-GRNT0300,planned_start,2012-09-10
XM-DAC-46004-48478-001-GRNT0473,planned_start,2016-05-21
XM-DAC-46004-48478-001-GRNT0473,actual_start,2016-05-01
XM-DAC-46004-48478-001-GRNT0473,planned_end,2016-06-30
XM-DAC-46004-48478-001-GRNT0473,actual_end,2016-12-01
XM-DAC-46004-52073-001-GRNT0703,planned_start,2020-06-11
XM-DAC-46004-52073-001-GRNT0703,actual_start,2020-06-11
XM-DAC-46004-52073-001-GRNT0703,planned_end,2020-06-30
XM-DAC-46004-52073-001-GRNT0703,actual_end,2020-09-10
XM-DAC-46004-55017-001-GRNT0946,planned_start,2024-05-31
XM-DAC-46004-55017-001-GRNT0946,actual_start,2024-06-05
XM-DAC-46004-55017-001-GRNT0946,planned_end,2024-09-30
XM-DAC-46004-55017-001-GRNT0946,actual_end,2024-10-08
XM-DAC-46004-49210-001-LN3297,planned_start,2015-10-15
XM-DAC-46004-49210-001-LN3297,actual_start,2015-10-28
XM-DAC-46004-49210-001-LN3297,planned_end,2016-12-31
XM-DAC-46004-49210-001-LN3297,actual_end,2016-06-15
XM-DAC-46004-49365-002-LN3446,planned_start,2016-11-15
XM-DAC-46004-49365-002-LN3446,actual_start,2016-11-24
XM-DAC-46004-49365-002-LN3446,planned_end,2018-08-31
XM-DAC-46004-49365-002-LN3446,actual_end,2022-03-03
XM-DAC-46004-50302-001-LN3532,actual_end,2018-10-30
XM-DAC-46004-50302-001-LN3532,planned_start,2017-05-31
XM-DAC-46004-50302-001-LN3532,actual_start,2017-05-31
XM-DAC-46004-50302-001-LN3532,planned_end,2018-09-30
XM-DAC-46004-51054-001-LN3533,planned_start,2017-05-31
XM-DAC-46004-51054-001-LN3533,actual_start,2017-05-31
XM-DAC-46004-51054-001-LN3533,planned_end,2017-12-31
XM-DAC-46004-51054-001-LN3533,actual_end,2017-08-03
XM-DAC-46004-51199-001-LN3648,planned_start,2018-05-22
XM-DAC-46004-51199-001-LN3648,actual_start,2018-04-04
XM-DAC-46004-51199-001-LN3648,planned_end,2019-05-30
XM-DAC-46004-51199-001-LN3648,actual_end,2019-10-30
XM-DAC-46004-53028-001-LN3880,planned_start,2019-12-31
XM-DAC-46004-53028-001-LN3880,actual_start,2019-12-13
XM-DAC-46004-53028-001-LN3880,planned_end,2020-09-30
XM-DAC-46004-53028-001-LN3880,actual_end,2020-12-22
XM-DAC-46004-54174-001-LN3922,planned_start,2020-05-29
XM-DAC-46004-54174-001-LN3922,actual_start,2020-05-14
XM-DAC-46004-54174-001-LN3922,planned_end,2021-06-30
XM-DAC-46004-54174-001-LN3922,actual_end,2021-06-30
XM-DAC-46004-54228-001-LN4056,planned_start,2021-04-01
XM-DAC-46004-54228-001-LN4056,actual_start,2021-04-01
XM-DAC-46004-54228-001-LN4056,planned_end,2021-05-14
XM-DAC-46004-54228-001-LN4056,actual_end,2021-10-22
XM-DAC-46004-56144-001-LN4202,planned_start,2022-09-19
XM-DAC-46004-56144-001-LN4202,actual_start,2022-08-26
XM-DAC-46004-56144-001-LN4202,planned_end,2023-06-30
XM-DAC-46004-56144-001-LN4202,actual_end,2022-10-01
XM-DAC-46004-57035-001-LN4315,planned_start,2023-05-29
XM-DAC-46004-57035-001-LN4315,actual_start,2023-05-29
XM-DAC-46004-57035-001-LN4315,planned_end,2023-10-31
XM-DAC-46004-57035-001-LN4315,actual_end,2023-05-31
XM-DAC-46004-56285-001-LN4422,planned_start,2023-12-06
XM-DAC-46004-56285-001-LN4422,actual_start,2023-12-11
XM-DAC-46004-56285-001-LN4422,planned_end,2023-12-31
XM-DAC-46004-56285-001-LN4422,actual_end,2023-12-31
XM-DAC-46004-56332-001-LN4464,planned_start,2024-07-31
XM-DAC-46004-56332-001-LN4464,actual_start,2024-08-05
XM-DAC-46004-56332-001-LN4464,planned_end,2025-02-28
XM-DAC-46004-56332-001-LN4464,actual_end,2025-01-09
XM-DAC-46004-55209-003-LN4356,planned_start,2023-11-06
XM-DAC-46004-55209-003-LN4356,actual_start,2023-10-19
XM-DAC-46004-55209-003-LN4356,planned_end,2024-03-31
XM-DAC-46004-55209-003-LN4356,actual_end,2024-03-13
XM-DAC-46004-56281-001-LN4479,planned_start,2024-09-20
XM-DAC-46004-56281-001-LN4479,actual_start,2024-09-20
XM-DAC-46004-56281-001-LN4479,planned_end,2025-01-31
XM-DAC-46004-56281-001-LN4479,actual_end,2024-10-07
XM-DAC-46004-58208-001-LN4543,planned_start,2024-11-29
XM-DAC-46004-58208-001-LN4543,actual_start,2024-11-27
XM-DAC-46004-58208-001-LN4543,planned_end,2024-12-31
XM-DAC-46004-58208-001-LN4543,actual_end,2024-12-31
XM-DAC-46004-35174-082-GRNT0272,planned_end,2014-12-31
XM-DAC-46004-35174-082-GRNT0272,actual_end,2015-01-15
XM-DAC-46004-56270-001-LN4538,planned_start,2024-11-29
XM-DAC-46004-56270-001-LN4538,actual_start,2024-11-20
XM-DAC-46004-56270-001-LN4538,planned_end,2025-08-31
XM-DAC-46004-56270-001-LN4538,actual_end,2025-08-31
XM-DAC-46004-56270-001-LN4539,planned_start,2024-11-29
XM-DAC-46004-56270-001-LN4539,actual_start,2024-11-20
XM-DAC-46004-56270-001-LN4539,planned_end,2025-08-31
XM-DAC-46004-56270-001-LN4539,actual_end,2025-08-31
XM-DAC-46004-54284-001-LN4063,planned_start,2021-05-07
XM-DAC-46004-57227-001-LN4669,planned_end,2026-04-30
XM-DAC-46004-57227-001-LN4669,planned_start,2025-11-17
XM-DAC-46004-57227-001-LN4669,actual_start,2025-11-17
XM-DAC-46004-54284-001-LN4063,actual_start,2021-05-17
XM-DAC-46004-54284-001-LN4063,planned_end,2021-07-31
XM-DAC-46004-54284-001-LN4063,actual_end,2021-09-30
XM-DAC-46004-54284-001-LN4064,planned_start,2021-05-07
XM-DAC-46004-54284-001-LN4064,actual_start,2021-05-17
XM-DAC-46004-54284-001-LN4064,planned_end,2021-07-31
XM-DAC-46004-54284-001-LN4064,actual_end,2021-09-30
XM-DAC-46004-58023-001-LN4679,planned_start,2025-11-17
XM-DAC-46004-58023-001-LN4679,actual_start,2025-11-17
XM-DAC-46004-58023-001-LN4679,planned_end,2025-12-31
XM-DAC-46004-58023-001-LN4679,actual_end,2025-12-31
XM-DAC-46004-54284-002-LN4206,planned_start,2022-09-15
XM-DAC-46004-54284-002-LN4206,actual_start,2022-09-15
XM-DAC-46004-54284-002-LN4206,planned_end,2023-01-31
XM-DAC-46004-54284-002-LN4206,actual_end,2023-01-20
XM-DAC-46004-54151-003-LN4198,planned_end,2022-10-31
XM-DAC-46004-36169-023-LN2641,planned_start,2010-12-23
XM-DAC-46004-36169-023-LN2641,actual_start,2010-12-23
XM-DAC-46004-36169-023-LN2641,planned_end,2012-12-31
XM-DAC-46004-36169-023-LN2641,actual_end,2015-08-18
XM-DAC-46004-59038-001-LN4675,planned_start,2025-11-12
XM-DAC-46004-59038-001-LN4675,actual_start,2025-11-17
XM-DAC-46004-59038-001-LN4675,planned_end,2025-12-31
XM-DAC-46004-59038-001-LN4675,actual_end,2025-12-31
XM-DAC-46004-54151-003-LN4198,planned_start,2022-08-15
XM-DAC-46004-54151-003-LN4198,actual_start,2022-08-15
XM-DAC-46004-57121-001-LN4448,planned_start,2024-05-30
XM-DAC-46004-56332-002-LN4709,planned_start,2025-12-29
XM-DAC-46004-56332-002-LN4709,actual_start,2025-12-05
XM-DAC-46004-56332-002-LN4709,planned_end,2026-03-31
XM-DAC-46004-57121-001-LN4448,actual_start,2024-06-03
XM-DAC-46004-57121-001-LN4448,planned_end,2024-09-30
XM-DAC-46004-57121-001-LN4448,actual_end,2024-10-04
XM-DAC-46004-35174-082-GRNT0272,planned_start,2011-12-31
XM-DAC-46004-35174-082-GRNT0272,actual_start,2012-02-13
XM-DAC-46004-36172-063-GRNT0305,planned_start,2012-11-30
XM-DAC-46004-36172-063-GRNT0305,actual_start,2012-12-27
XM-DAC-46004-36172-063-GRNT0305,planned_end,2015-10-31
XM-DAC-46004-36172-063-GRNT0305,actual_end,2017-04-06
XM-DAC-46004-45260-001-GRNT0322,planned_start,2012-11-29
XM-DAC-46004-45260-001-GRNT0322,actual_start,2013-02-25
XM-DAC-46004-45260-001-GRNT0322,planned_end,2015-12-31
XM-DAC-46004-45260-001-GRNT0322,actual_end,2015-11-15
XM-DAC-46004-36169-013-LN2268,planned_start,2006-11-01
XM-DAC-46004-36169-013-LN2268,actual_start,2006-11-01
XM-DAC-46004-36169-013-LN2268,planned_end,2009-06-30
XM-DAC-46004-36169-013-LN2268,actual_end,2007-12-20
XM-DAC-46004-35174-013-LN2277,planned_start,2007-01-31
XM-DAC-46004-35174-013-LN2277,actual_start,2006-12-28
XM-DAC-46004-35174-013-LN2277,planned_end,2010-01-31
XM-DAC-46004-35174-013-LN2277,actual_end,2009-01-09
XM-DAC-46004-35174-023-LN2551,planned_start,2009-11-01
XM-DAC-46004-35174-023-LN2551,actual_start,2009-11-27
XM-DAC-46004-35174-023-LN2551,planned_end,2012-12-31
XM-DAC-46004-35174-023-LN2551,actual_end,2011-10-26
XM-DAC-46004-56138-001-GRNT0884,planned_start,2023-03-17
XM-DAC-46004-56138-001-GRNT0884,actual_start,2023-03-14
XM-DAC-46004-56138-001-GRNT0884,planned_end,2026-06-12
XM-DAC-46004-50254-001-LN3546,planned_start,2017-08-11
XM-DAC-46004-50254-001-LN3546,actual_start,2017-09-10
XM-DAC-46004-50254-001-LN3546,planned_end,2021-08-01
XM-DAC-46004-50254-001-LN3546,actual_end,2020-03-04
XM-DAC-46004-55011-002-LN4564,planned_start,2024-12-11
XM-DAC-46004-55011-002-LN4564,actual_start,2024-12-11
XM-DAC-46004-55011-002-LN4564,planned_end,2025-04-30
XM-DAC-46004-55011-002-LN4564,actual_end,2025-04-30
XM-DAC-46004-55002-001-LN4349,actual_start,2023-11-24
XM-DAC-46004-55002-001-LN4349,planned_end,2024-02-29
XM-DAC-46004-55002-001-LN4349,actual_end,2024-02-29
XM-DAC-46004-48218-010-LN3847,planned_start,2019-11-11
XM-DAC-46004-48218-010-LN3847,actual_start,2019-12-10
XM-DAC-46004-48218-010-LN3847,planned_end,2021-05-31
XM-DAC-46004-48218-010-LN3847,actual_end,2023-01-20
XM-DAC-46004-54184-001-LN3926,planned_start,2020-06-01
XM-DAC-46004-54184-001-LN3926,actual_start,2020-06-01
XM-DAC-46004-54184-001-LN3926,planned_end,2021-07-15
XM-DAC-46004-54184-001-LN3926,actual_end,2021-11-30
XM-DAC-46004-38349-029-LN3948,planned_start,2020-07-07
XM-DAC-46004-38349-029-LN3948,actual_start,2020-07-09
XM-DAC-46004-38349-029-LN3948,planned_end,2023-06-30
XM-DAC-46004-38349-029-LN3948,actual_end,2024-01-12
XM-DAC-46004-54151-003-LN4198,actual_end,2022-09-23
XM-DAC-46004-51035-001-LN3664,planned_start,2018-06-12
XM-DAC-46004-51035-001-LN3664,actual_start,2018-06-13
XM-DAC-46004-51035-001-LN3664,planned_end,2018-10-30
XM-DAC-46004-51035-001-LN3664,actual_end,2019-04-03
XM-DAC-46004-51035-003-LN3857,planned_start,2019-12-30
XM-DAC-46004-51035-003-LN3857,actual_start,2019-11-26
XM-DAC-46004-51035-003-LN3857,planned_end,2019-12-31
XM-DAC-46004-51035-003-LN3857,actual_end,2020-02-25
XM-DAC-46004-54402-001-LN4323,planned_start,2023-07-05
XM-DAC-46004-54402-001-LN4323,actual_start,2023-07-05
XM-DAC-46004-54402-001-LN4323,planned_end,2023-12-31
XM-DAC-46004-54402-001-LN4323,actual_end,2023-12-31
XM-DAC-46004-53424-001-LN4022,planned_start,2020-12-10
XM-DAC-46004-55002-001-LN4349,planned_start,2023-10-02
XM-DAC-46004-53424-001-LN4022,actual_start,2020-12-04
XM-DAC-46004-53424-001-LN4022,planned_end,2021-03-31
XM-DAC-46004-53424-001-LN4022,actual_end,2021-03-31
XM-DAC-46004-51035-005-LN4017,planned_start,2020-12-08
XM-DAC-46004-51035-005-LN4017,actual_start,2020-12-08
XM-DAC-46004-51035-005-LN4017,planned_end,2020-12-31
XM-DAC-46004-51035-005-LN4017,actual_end,2021-02-10
XM-DAC-46004-54346-001-LN4015,planned_start,2020-12-09
XM-DAC-46004-54346-001-LN4015,actual_start,2020-12-08
XM-DAC-46004-54346-001-LN4015,planned_end,2021-06-30
XM-DAC-46004-54346-001-LN4015,actual_end,2021-06-08
XM-DAC-46004-51035-005-LN4016,planned_start,2020-12-08
XM-DAC-46004-51035-005-LN4016,actual_start,2020-12-08
XM-DAC-46004-51035-005-LN4016,planned_end,2020-12-31
XM-DAC-46004-51035-005-LN4016,actual_end,2021-02-10
XM-DAC-46004-53424-002-LN4155,planned_start,2021-12-17
XM-DAC-46004-53424-002-LN4155,actual_start,2021-12-15
XM-DAC-46004-53424-002-LN4155,planned_end,2022-03-31
XM-DAC-46004-53424-002-LN4155,actual_end,2022-03-31
XM-DAC-46004-53424-003-LN4266,planned_start,2022-12-14
XM-DAC-46004-53424-003-LN4266,actual_start,2022-12-14
XM-DAC-46004-53424-003-LN4266,planned_end,2023-04-30
XM-DAC-46004-53424-003-LN4266,actual_end,2023-03-02
XM-DAC-46004-57337-001-LN4535,planned_start,2024-11-22
XM-DAC-46004-57337-001-LN4535,actual_start,2024-12-20
XM-DAC-46004-57337-001-LN4535,planned_end,2025-06-30
XM-DAC-46004-57337-001-LN4535,actual_end,2025-06-30
XM-DAC-46004-57067-001-LN4568,planned_start,2024-12-13
XM-DAC-46004-57067-001-LN4568,actual_start,2024-12-16
XM-DAC-46004-57067-001-LN4568,planned_end,2025-05-31
XM-DAC-46004-57067-001-LN4568,actual_end,2024-12-20
XM-DAC-46004-56023-001-LN4746,planned_start,2025-12-16
XM-DAC-46004-56023-001-LN4746,actual_start,2025-12-18
XM-DAC-46004-56023-001-LN4746,planned_end,2026-03-31
XM-DAC-46004-56023-001-LN4746,actual_end,2026-03-31
XM-DAC-46004-58479-001-LN4748,planned_start,2025-12-31
XM-DAC-46004-58479-001-LN4748,actual_start,2025-12-18
XM-DAC-46004-58479-001-LN4748,planned_end,2026-05-31
XM-DAC-46004-59193-001-LN4704,planned_start,2025-12-20
XM-DAC-46004-59193-001-LN4704,actual_start,2025-12-17
XM-DAC-46004-59193-001-LN4704,planned_end,2026-03-31
XM-DAC-46004-59193-001-LN4704,actual_end,2026-03-31
XM-DAC-46004-46497-001-GRNT0339,planned_start,2013-06-20
XM-DAC-46004-46497-001-GRNT0339,actual_start,2013-03-26
XM-DAC-46004-46497-001-GRNT0339,planned_end,2013-12-31
XM-DAC-46004-46497-001-GRNT0339,actual_end,2014-01-16
XM-DAC-46004-48479-001-GRNT0478,planned_start,2016-06-10
XM-DAC-46004-48479-001-GRNT0478,actual_start,2016-07-01
XM-DAC-46004-48479-001-GRNT0478,planned_end,2017-03-31
XM-DAC-46004-48479-001-GRNT0478,actual_end,2017-03-31
XM-DAC-46004-51309-001-LN3707,actual_end,2019-02-20
XM-DAC-46004-44031-013-LN2691,planned_start,2010-12-15
XM-DAC-46004-44031-013-LN2691,actual_start,2011-10-06
XM-DAC-46004-44031-013-LN2691,planned_end,2015-02-28
XM-DAC-46004-44031-013-LN2691,actual_end,2014-04-02
XM-DAC-46004-44031-013-LN2692,planned_start,2010-12-15
XM-DAC-46004-44031-013-LN2692,actual_start,2011-10-06
XM-DAC-46004-44031-013-LN2692,planned_end,2015-02-28
XM-DAC-46004-44031-013-LN2692,actual_end,2014-04-02
XM-DAC-46004-52074-001-GRNT0629,planned_start,2018-12-13
XM-DAC-46004-52074-001-GRNT0629,actual_start,2018-11-29
XM-DAC-46004-52074-001-GRNT0629,planned_end,2018-12-31
XM-DAC-46004-52074-001-GRNT0629,actual_end,2019-02-12
XM-DAC-46004-50028-002-GRNT0667,planned_start,2019-09-30
XM-DAC-46004-50028-002-GRNT0667,actual_start,2019-09-30
XM-DAC-46004-50028-002-GRNT0667,planned_end,2022-12-31
XM-DAC-46004-50028-002-GRNT0667,actual_end,2020-05-18
XM-DAC-46004-50028-002-LN3830,planned_start,2019-09-30
XM-DAC-46004-50028-002-LN3830,actual_start,2019-09-30
XM-DAC-46004-50028-002-LN3830,planned_end,2022-12-31
XM-DAC-46004-50028-002-LN3830,actual_end,2020-05-18
XM-DAC-46004-54178-001-LN3938,planned_start,2020-06-25
XM-DAC-46004-38276-013-LN2278,planned_start,2006-12-11
XM-DAC-46004-38276-013-LN2278,actual_start,2006-12-11
XM-DAC-46004-38276-013-LN2278,planned_end,2008-12-31
XM-DAC-46004-38276-013-LN2278,actual_end,2006-12-22
XM-DAC-46004-54178-001-LN3938,actual_start,2020-06-26
XM-DAC-46004-54178-001-LN3938,planned_end,2021-06-30
XM-DAC-46004-54178-001-LN3938,actual_end,2021-06-03
XM-DAC-46004-50028-003-GRNT0754,planned_start,2020-12-11
XM-DAC-46004-50028-003-GRNT0754,actual_start,2020-12-11
XM-DAC-46004-50028-003-GRNT0754,planned_end,2024-03-11
XM-DAC-46004-50028-003-GRNT0754,actual_end,2022-05-30
XM-DAC-46004-52018-001-LN3725,planned_start,2018-11-15
XM-DAC-46004-52018-001-LN3725,actual_start,2018-10-17
XM-DAC-46004-52018-001-LN3725,planned_end,2021-12-31
XM-DAC-46004-52018-001-LN3725,actual_end,2020-10-13
XM-DAC-46004-37752-013-LN2282,planned_start,2006-12-14
XM-DAC-46004-37752-013-LN2282,actual_start,2006-12-11
XM-DAC-46004-37752-013-LN2282,planned_end,2009-06-30
XM-DAC-46004-37752-013-LN2282,actual_end,2009-06-30
XM-DAC-46004-54245-001-LN3955,planned_start,2020-08-07
XM-DAC-46004-54245-001-LN3955,actual_start,2020-08-03
XM-DAC-46004-54245-001-LN3955,planned_end,2021-01-31
XM-DAC-46004-54245-001-LN3955,actual_end,2020-10-13
XM-DAC-46004-54151-001-LN4030,planned_start,2020-12-18
XM-DAC-46004-54151-001-LN4030,actual_start,2020-12-10
XM-DAC-46004-54151-001-LN4030,planned_end,2021-03-31
XM-DAC-46004-54151-001-LN4030,actual_end,2021-05-07
XM-DAC-46004-54178-001-GRNT0708,planned_start,2020-06-25
XM-DAC-46004-50028-003-LN4011,planned_start,2020-12-11
XM-DAC-46004-50028-003-LN4011,actual_start,2020-12-15
XM-DAC-46004-50028-003-LN4011,planned_end,2024-03-14
XM-DAC-46004-54178-001-GRNT0708,actual_start,2020-06-26
XM-DAC-46004-54178-001-GRNT0708,planned_end,2021-06-30
XM-DAC-46004-54178-001-GRNT0708,actual_end,2021-06-03
XM-DAC-46004-55011-001-GRNT0871,planned_start,2022-12-13
XM-DAC-46004-55011-001-GRNT0871,actual_start,2022-12-13
XM-DAC-46004-55011-001-GRNT0871,planned_end,2023-04-30
XM-DAC-46004-55011-001-GRNT0871,actual_end,2023-06-01
XM-DAC-46004-55011-001-LN4274,planned_end,2023-04-30
XM-DAC-46004-55011-001-LN4274,actual_end,2023-06-01
XM-DAC-46004-40538-013-LN2315,planned_start,2007-02-13
XM-DAC-46004-40538-013-LN2315,actual_start,2007-02-13
XM-DAC-46004-40538-013-LN2315,planned_end,2007-03-31
XM-DAC-46004-40538-013-LN2315,actual_end,2007-03-31
XM-DAC-46004-55011-001-LN4274,planned_start,2022-12-13
XM-DAC-46004-55011-001-LN4274,actual_start,2022-12-13
XM-DAC-46004-56138-001-LN4300,planned_start,2023-03-17
XM-DAC-46004-56138-001-LN4300,actual_start,2023-03-14
XM-DAC-46004-56138-001-LN4300,planned_end,2026-06-12
XM-DAC-46004-39516-013-LN2387,planned_start,2008-02-22
XM-DAC-46004-39516-013-LN2387,actual_start,2008-02-22
XM-DAC-46004-39516-013-LN2387,planned_end,2008-03-31
XM-DAC-46004-39516-013-LN2387,actual_end,2008-04-09
XM-DAC-46004-40538-023-LN2450,planned_start,2008-10-07
XM-DAC-46004-40538-023-LN2450,actual_start,2008-10-07
XM-DAC-46004-40538-023-LN2450,planned_end,2009-03-31
XM-DAC-46004-40538-023-LN2450,actual_end,2008-11-20
XM-DAC-46004-44253-016-LN3505,planned_start,2017-01-13
XM-DAC-46004-44253-016-LN3505,actual_start,2016-12-15
XM-DAC-46004-44253-016-LN3505,planned_end,2017-06-30
XM-DAC-46004-44253-016-LN3505,actual_end,2017-10-19
XM-DAC-46004-49117-002-LN3530,planned_start,2017-06-02
XM-DAC-46004-49117-002-LN3530,actual_start,2017-11-06
XM-DAC-46004-49117-002-LN3530,planned_end,2018-05-31
XM-DAC-46004-49117-002-LN3530,actual_end,2018-02-16
XM-DAC-46004-41380-013-LN2489,planned_start,2008-12-18
XM-DAC-46004-41380-013-LN2489,actual_start,2008-12-18
XM-DAC-46004-41380-013-LN2489,planned_end,2010-02-28
XM-DAC-46004-41380-013-LN2489,actual_end,2010-02-28
XM-DAC-46004-48427-002-LN3595,planned_start,2017-12-22
XM-DAC-46004-48427-002-LN3595,actual_start,2017-12-06
XM-DAC-46004-48427-002-LN3595,planned_end,2018-12-31
XM-DAC-46004-48427-002-LN3595,actual_end,2019-02-15
XM-DAC-46004-48458-003-LN3691,planned_start,2018-09-21
XM-DAC-46004-48458-003-LN3691,actual_start,2018-08-28
XM-DAC-46004-48458-003-LN3691,planned_end,2019-10-31
XM-DAC-46004-48458-003-LN3691,actual_end,2019-03-29
XM-DAC-46004-51309-001-LN3707,planned_start,2018-10-31
XM-DAC-46004-51309-001-LN3707,actual_start,2018-10-09
XM-DAC-46004-51309-001-LN3707,planned_end,2019-12-31
XM-DAC-46004-43300-013-LN2538,planned_start,2009-08-27
XM-DAC-46004-43300-013-LN2538,actual_start,2009-08-27
XM-DAC-46004-43300-013-LN2538,planned_end,2009-12-31
XM-DAC-46004-43300-013-LN2538,actual_end,2009-12-31
XM-DAC-46004-40538-033-LN2545,planned_start,2009-09-16
XM-DAC-46004-40538-033-LN2545,actual_start,2009-09-16
XM-DAC-46004-40538-033-LN2545,planned_end,2009-12-31
XM-DAC-46004-40538-033-LN2545,actual_end,2009-12-31
XM-DAC-46004-39516-023-LN2584,planned_start,2009-12-08
XM-DAC-46004-39516-023-LN2584,actual_start,2009-12-08
XM-DAC-46004-39516-023-LN2584,planned_end,2010-03-31
XM-DAC-46004-39516-023-LN2584,actual_end,2010-03-31
XM-DAC-46004-52173-001-LN3858,planned_start,2019-11-18
XM-DAC-46004-52173-001-LN3858,actual_start,2019-11-20
XM-DAC-46004-52173-001-LN3858,planned_end,2020-12-31
XM-DAC-46004-52173-001-LN3858,actual_end,2020-01-30
XM-DAC-46004-49117-003-LN3875,planned_start,2019-12-06
XM-DAC-46004-49117-003-LN3875,actual_start,2019-12-13
XM-DAC-46004-49117-003-LN3875,planned_end,2020-12-31
XM-DAC-46004-49117-003-LN3875,actual_end,2020-01-30
XM-DAC-46004-38276-023-LN2715,planned_start,2011-02-22
XM-DAC-46004-38276-023-LN2715,actual_start,2011-02-22
XM-DAC-46004-38276-023-LN2715,planned_end,2012-04-15
XM-DAC-46004-38276-023-LN2715,actual_end,2012-04-15
XM-DAC-46004-54138-001-LN3910,planned_start,2020-04-24
XM-DAC-46004-54138-001-LN3910,actual_start,2020-04-23
XM-DAC-46004-54138-001-LN3910,planned_end,2021-05-31
XM-DAC-46004-54138-001-LN3910,actual_end,2022-01-31
XM-DAC-46004-54138-001-LN3907,planned_start,2020-04-23
XM-DAC-46004-54138-001-LN3907,actual_start,2020-04-23
XM-DAC-46004-54138-001-LN3907,planned_end,2021-05-31
XM-DAC-46004-54138-001-LN3907,actual_end,2022-01-31
XM-DAC-46004-54138-001-LN3909,planned_start,2020-04-24
XM-DAC-46004-54138-001-LN3909,actual_start,2020-04-23
XM-DAC-46004-54138-001-LN3909,planned_end,2021-05-31
XM-DAC-46004-54138-001-LN3909,actual_end,2022-01-31
XM-DAC-46004-54138-001-LN3908,planned_start,2020-04-23
XM-DAC-46004-54138-001-LN3908,actual_start,2020-04-23
XM-DAC-46004-54138-001-LN3908,planned_end,2021-05-31
XM-DAC-46004-54138-001-LN3908,actual_end,2022-01-31
XM-DAC-46004-53047-001-LN3925,planned_start,2020-06-04
XM-DAC-46004-53047-001-LN3925,actual_start,2020-06-04
XM-DAC-46004-53047-001-LN3925,planned_end,2021-04-30
XM-DAC-46004-53047-001-LN3925,actual_end,2020-07-30
XM-DAC-46004-41380-023-LN2840,planned_start,2011-12-30
XM-DAC-46004-41380-023-LN2840,actual_start,2012-01-13
XM-DAC-46004-41380-023-LN2840,planned_end,2012-03-31
XM-DAC-46004-41380-023-LN2840,actual_end,2012-03-31
XM-DAC-46004-43396-013-LN2872,planned_start,2012-06-29
XM-DAC-46004-43396-013-LN2872,actual_start,2012-07-04
XM-DAC-46004-43396-013-LN2872,planned_end,2012-10-31
XM-DAC-46004-43396-013-LN2872,actual_end,2012-12-07
XM-DAC-46004-53353-001-LN3957,planned_start,2020-08-20
XM-DAC-46004-53353-001-LN3957,actual_start,2020-08-20
XM-DAC-46004-53353-001-LN3957,planned_end,2021-08-31
XM-DAC-46004-53353-001-LN3957,actual_end,2020-11-06
XM-DAC-46004-51309-002-LN3959,planned_start,2020-08-28
XM-DAC-46004-51309-002-LN3959,actual_start,2020-08-27
XM-DAC-46004-51309-002-LN3959,planned_end,2021-08-31
XM-DAC-46004-51309-002-LN3959,actual_end,2021-02-01
XM-DAC-46004-54022-001-LN3968,planned_start,2020-09-11
XM-DAC-46004-54022-001-LN3968,actual_start,2020-09-15
XM-DAC-46004-54022-001-LN3968,planned_end,2023-12-15
XM-DAC-46004-54022-001-LN3968,actual_end,2023-12-15
XM-DAC-46004-44253-013-LN3111,planned_start,2014-02-28
XM-DAC-46004-44253-013-LN3111,actual_start,2014-02-14
XM-DAC-46004-44253-013-LN3111,planned_end,2014-12-31
XM-DAC-46004-44253-013-LN3111,actual_end,2014-08-15
XM-DAC-46004-43396-014-LN3233,planned_start,2015-01-16
XM-DAC-46004-43396-014-LN3233,actual_start,2015-02-12
XM-DAC-46004-43396-014-LN3233,planned_end,2015-12-31
XM-DAC-46004-43396-014-LN3233,actual_end,2015-11-10
XM-DAC-46004-49117-004-LN4089,planned_start,2021-07-30
XM-DAC-46004-49117-004-LN4089,actual_start,2021-08-13
XM-DAC-46004-49117-004-LN4089,planned_end,2022-08-31
XM-DAC-46004-49117-004-LN4089,actual_end,2022-08-31
XM-DAC-46004-52173-003-LN4102,planned_start,2021-11-19
XM-DAC-46004-52173-003-LN4102,actual_start,2021-11-19
XM-DAC-46004-52173-003-LN4102,planned_end,2022-08-31
XM-DAC-46004-52173-003-LN4102,actual_end,2022-08-31
XM-DAC-46004-48458-001-LN3333,planned_start,2016-01-25
XM-DAC-46004-48458-001-LN3333,actual_start,2015-12-07
XM-DAC-46004-48458-001-LN3333,planned_end,2016-12-31
XM-DAC-46004-48458-001-LN3333,actual_end,2016-08-31
XM-DAC-46004-55105-001-LN4145,planned_start,2021-12-16
XM-DAC-46004-55105-001-LN4145,actual_start,2021-12-16
XM-DAC-46004-55105-001-LN4145,planned_end,2022-12-31
XM-DAC-46004-55105-001-LN4145,actual_end,2022-12-31
XM-DAC-46004-48427-001-LN3334,planned_start,2016-01-25
XM-DAC-46004-48427-001-LN3334,actual_start,2015-12-07
XM-DAC-46004-48427-001-LN3334,planned_end,2016-12-31
XM-DAC-46004-48427-001-LN3334,actual_end,2016-08-31
XM-DAC-46004-55268-001-LN4186,planned_start,2022-06-01
XM-DAC-46004-55268-001-LN4186,actual_start,2022-06-01
XM-DAC-46004-55268-001-LN4186,planned_end,2023-07-31
XM-DAC-46004-55268-001-LN4186,actual_end,2023-07-31
XM-DAC-46004-53047-003-LN4185,planned_start,2022-06-01
XM-DAC-46004-53047-003-LN4185,actual_start,2022-06-01
XM-DAC-46004-53047-003-LN4185,planned_end,2023-06-30
XM-DAC-46004-53047-003-LN4185,actual_end,2023-06-30
XM-DAC-46004-53353-002-LN4288,planned_start,2023-02-06
XM-DAC-46004-53353-002-LN4288,actual_start,2023-02-06
XM-DAC-46004-53353-002-LN4288,planned_end,2023-12-31
XM-DAC-46004-53353-002-LN4288,actual_end,2023-03-21
XM-DAC-46004-55300-001-LN4289,planned_start,2023-02-06
XM-DAC-46004-55300-001-LN4289,actual_start,2023-02-06
XM-DAC-46004-55300-001-LN4289,planned_end,2023-12-31
XM-DAC-46004-55300-001-LN4289,actual_end,2023-12-31
XM-DAC-46004-58548-001-GRNT1063,planned_start,2025-11-28
XM-DAC-46004-58548-001-GRNT1063,actual_start,2025-11-28
XM-DAC-46004-58548-001-GRNT1063,planned_end,2026-01-31
XM-DAC-46004-58548-001-GRNT1063,actual_end,2026-01-31
XM-DAC-46004-44061-012-GRNT0251,planned_start,2011-04-13
XM-DAC-46004-44061-012-GRNT0251,actual_start,2011-04-13
XM-DAC-46004-44061-012-GRNT0251,planned_end,2013-04-30
XM-DAC-46004-44061-012-GRNT0251,actual_end,2014-09-04
XM-DAC-46004-51309-003-LN4355,planned_start,2023-11-03
XM-DAC-46004-51309-003-LN4355,actual_start,2023-11-03
XM-DAC-46004-51309-003-LN4355,planned_end,2024-08-31
XM-DAC-46004-51309-003-LN4355,actual_end,2024-08-31
XM-DAC-46004-51066-001-GRNT0782,actual_end,2021-12-31
XM-DAC-46004-55105-003-LN4414,planned_start,2023-12-22
XM-DAC-46004-55105-003-LN4414,actual_start,2023-12-22
XM-DAC-46004-55105-003-LN4414,planned_end,2024-12-31
XM-DAC-46004-55105-003-LN4414,actual_end,2024-12-31
XM-DAC-46004-46385-001-GRNT0359,planned_start,2013-09-30
XM-DAC-46004-46385-001-GRNT0359,actual_start,2013-11-05
XM-DAC-46004-46385-001-GRNT0359,planned_end,2013-12-31
XM-DAC-46004-46385-001-GRNT0359,actual_end,2014-01-24
XM-DAC-46004-56288-001-LN4376,planned_start,2023-12-15
XM-DAC-46004-56288-001-LN4376,actual_start,2023-12-15
XM-DAC-46004-56288-001-LN4376,planned_end,2024-12-31
XM-DAC-46004-56288-001-LN4376,actual_end,2024-12-31
XM-DAC-46004-50377-001-GRNT0673,actual_end,2019-12-04
XM-DAC-46004-57309-001-LN4580,actual_start,2025-02-25
XM-DAC-46004-48361-001-GRNT0479,planned_start,2016-06-03
XM-DAC-46004-48361-001-GRNT0479,actual_start,2016-06-07
XM-DAC-46004-48361-001-GRNT0479,planned_end,2016-06-30
XM-DAC-46004-48361-001-GRNT0479,actual_end,2016-06-30
XM-DAC-46004-48361-002-GRNT0532,planned_start,2017-05-29
XM-DAC-46004-48361-002-GRNT0532,actual_start,2017-05-31
XM-DAC-46004-48361-002-GRNT0532,planned_end,2017-09-30
XM-DAC-46004-48361-002-GRNT0532,actual_end,2017-09-11
XM-DAC-46004-52313-001-GRNT0635,planned_start,2018-12-17
XM-DAC-46004-52313-001-GRNT0635,actual_start,2018-12-17
XM-DAC-46004-52313-001-GRNT0635,planned_end,2020-12-31
XM-DAC-46004-52313-001-GRNT0635,actual_end,2024-09-04
XM-DAC-46004-47099-002-GRNT0463,planned_start,2016-02-05
XM-DAC-46004-57309-001-LN4580,planned_end,2029-12-31
XM-DAC-46004-47099-002-GRNT0463,actual_start,2015-12-08
XM-DAC-46004-47099-002-GRNT0463,planned_end,2016-06-30
XM-DAC-46004-47099-002-GRNT0463,actual_end,2016-01-08
XM-DAC-46004-50028-001-GRNT0558,planned_start,2017-12-20
XM-DAC-46004-50028-001-GRNT0558,actual_start,2017-12-15
XM-DAC-46004-50028-001-GRNT0558,planned_end,2022-12-31
XM-DAC-46004-50028-001-GRNT0558,actual_end,2018-08-03
XM-DAC-46004-48361-001-LN3393,planned_start,2016-06-03
XM-DAC-46004-48361-001-LN3393,actual_start,2016-06-07
XM-DAC-46004-48361-001-LN3393,planned_end,2016-06-30
XM-DAC-46004-48361-001-LN3393,actual_end,2016-06-30
XM-DAC-46004-47099-004-GRNT0530,planned_start,2016-12-28
XM-DAC-46004-47099-004-GRNT0530,actual_start,2017-01-24
XM-DAC-46004-47099-004-GRNT0530,planned_end,2017-12-31
XM-DAC-46004-47099-004-GRNT0530,actual_end,2017-12-31
XM-DAC-46004-48361-002-LN3531,planned_start,2017-05-29
XM-DAC-46004-48361-002-LN3531,actual_start,2017-05-31
XM-DAC-46004-48361-002-LN3531,planned_end,2017-09-30
XM-DAC-46004-48361-002-LN3531,actual_end,2017-09-11
XM-DAC-46004-50028-001-LN3628,planned_start,2017-12-20
XM-DAC-46004-50028-001-LN3628,actual_start,2017-12-15
XM-DAC-46004-50028-001-LN3628,planned_end,2022-12-31
XM-DAC-46004-50028-001-LN3628,actual_end,2018-08-03
XM-DAC-46004-48361-003-GRNT0647,planned_start,2019-06-07
XM-DAC-46004-48361-003-GRNT0647,actual_start,2019-06-07
XM-DAC-46004-48361-003-GRNT0647,planned_end,2019-09-30
XM-DAC-46004-48361-003-GRNT0647,actual_end,2019-10-03
XM-DAC-46004-55268-003-LN4550,planned_start,2024-12-11
XM-DAC-46004-55268-003-LN4550,actual_start,2024-12-11
XM-DAC-46004-55268-003-LN4550,planned_end,2025-12-31
XM-DAC-46004-55268-003-LN4550,actual_end,2025-12-31
XM-DAC-46004-50028-002-GRNT0668,planned_start,2019-09-30
XM-DAC-46004-50028-002-GRNT0668,actual_start,2019-09-30
XM-DAC-46004-50028-002-GRNT0668,planned_end,2022-12-31
XM-DAC-46004-50028-002-GRNT0668,actual_end,2020-05-18
XM-DAC-46004-58003-001-LN4572,planned_start,2024-12-12
XM-DAC-46004-58003-001-LN4572,actual_start,2024-12-20
XM-DAC-46004-58003-001-LN4572,planned_end,2025-12-31
XM-DAC-46004-58003-001-LN4572,actual_end,2025-12-31
XM-DAC-46004-50028-003-GRNT0755,planned_start,2020-12-11
XM-DAC-46004-50028-003-GRNT0755,actual_start,2020-12-14
XM-DAC-46004-50028-003-GRNT0755,planned_end,2024-03-14
XM-DAC-46004-50028-003-GRNT0755,actual_end,2022-05-30
XM-DAC-46004-55016-001-GRNT0807,planned_start,2021-11-17
XM-DAC-46004-55016-001-GRNT0807,actual_start,2021-11-17
XM-DAC-46004-55016-001-GRNT0807,planned_end,2021-12-31
XM-DAC-46004-55016-001-GRNT0807,actual_end,2022-01-20
XM-DAC-46004-52030-001-GRNT0709,planned_start,2020-07-09
XM-DAC-46004-52030-001-GRNT0709,actual_start,2020-06-26
XM-DAC-46004-52030-001-GRNT0709,planned_end,2020-07-31
XM-DAC-46004-52030-001-GRNT0709,actual_end,2020-07-28
XM-DAC-46004-56138-001-GRNT0883,planned_start,2023-03-17
XM-DAC-46004-56138-001-GRNT0883,actual_start,2023-03-15
XM-DAC-46004-56138-001-GRNT0883,planned_end,2026-06-13
XM-DAC-46004-55300-002-LN4581,planned_start,2025-03-11
XM-DAC-46004-55300-002-LN4581,actual_start,2025-03-11
XM-DAC-46004-55300-002-LN4581,planned_end,2025-12-31
XM-DAC-46004-55300-002-LN4581,actual_end,2025-11-15
XM-DAC-46004-57309-001-LN4580,planned_start,2025-02-10
XM-DAC-46004-56358-001-GRNT0943,planned_start,2024-04-11
XM-DAC-46004-56358-001-GRNT0943,actual_start,2024-04-11
XM-DAC-46004-56358-001-GRNT0943,planned_end,2024-06-30
XM-DAC-46004-56358-001-GRNT0943,actual_end,2024-07-04
XM-DAC-46004-47099-004-LN3513,actual_end,2017-12-31
XM-DAC-46004-47099-002-LN3343,planned_start,2016-02-05
XM-DAC-46004-47099-002-LN3343,actual_start,2015-12-08
XM-DAC-46004-47099-002-LN3343,planned_end,2016-06-30
XM-DAC-46004-47099-002-LN3343,actual_end,2016-01-08
XM-DAC-46004-56358-002-GRNT1051,planned_start,2025-10-30
XM-DAC-46004-56358-002-GRNT1051,actual_start,2025-10-30
XM-DAC-46004-56358-002-GRNT1051,planned_end,2025-12-30
XM-DAC-46004-56358-002-GRNT1051,actual_end,2025-12-17
XM-DAC-46004-47099-004-LN3513,planned_start,2016-12-28
XM-DAC-46004-47099-004-LN3513,actual_start,2017-01-24
XM-DAC-46004-47099-004-LN3513,planned_end,2017-12-31
XM-DAC-46004-57075-001-LN4660,planned_start,2025-10-31
XM-DAC-46004-57075-001-LN4660,actual_start,2025-11-06
XM-DAC-46004-57075-001-LN4660,planned_end,2026-12-31
XM-DAC-46004-58379-001-LN4725,planned_start,2025-12-31
XM-DAC-46004-58379-001-LN4725,actual_start,2025-12-30
XM-DAC-46004-58379-001-LN4725,planned_end,2026-07-31
XM-DAC-46004-59092-001-LN4724,planned_end,2026-06-30
XM-DAC-46004-59092-001-LN4724,actual_end,2026-06-30
XM-DAC-46004-59092-001-LN4724,planned_start,2025-12-12
XM-DAC-46004-59092-001-LN4724,actual_start,2025-12-30
XM-DAC-46004-51066-001-GRNT0782,planned_start,2020-12-17
XM-DAC-46004-51066-001-GRNT0782,actual_start,2020-12-17
XM-DAC-46004-51066-001-GRNT0782,planned_end,2021-12-31
XM-DAC-46004-53315-001-GRNT0777,planned_start,2020-12-29
XM-DAC-46004-58379-001-LN4725-KfW,planned_start,2025-12-17
XM-DAC-46004-58379-001-LN4725-KfW,actual_start,2025-12-26
XM-DAC-46004-58379-001-LN4725-KfW,planned_end,2026-07-31
XM-DAC-46004-53315-001-GRNT0777,actual_start,2020-12-29
XM-DAC-46004-53315-001-GRNT0777,planned_end,2021-06-30
XM-DAC-46004-53315-001-GRNT0777,actual_end,2021-12-21
XM-DAC-46004-54156-001-GRNT0706,planned_start,2020-06-22
XM-DAC-46004-54156-001-GRNT0706,actual_start,2020-06-23
XM-DAC-46004-54156-001-GRNT0706,planned_end,2020-12-31
XM-DAC-46004-54156-001-GRNT0706,actual_end,2020-12-31
XM-DAC-46004-56147-001-GRNT0857,planned_start,2022-11-04
XM-DAC-46004-56147-001-GRNT0857,actual_start,2022-11-04
XM-DAC-46004-56147-001-GRNT0857,planned_end,2023-04-30
XM-DAC-46004-56147-001-GRNT0857,actual_end,2023-04-30
XM-DAC-46004-51066-003-GRNT0870,planned_start,2022-12-16
XM-DAC-46004-51066-003-GRNT0870,actual_start,2022-12-15
XM-DAC-46004-51066-003-GRNT0870,planned_end,2023-06-30
XM-DAC-46004-51066-003-GRNT0870,actual_end,2023-06-30
XM-DAC-46004-56299-001-GRNT0955,planned_start,2024-08-30
XM-DAC-46004-56299-001-GRNT0955,actual_start,2024-08-12
XM-DAC-46004-56299-001-GRNT0955,planned_end,2025-06-30
XM-DAC-46004-56299-001-GRNT0955,actual_end,2025-06-30
XM-DAC-46004-41325-013-LN2665,planned_start,2011-02-14
XM-DAC-46004-41325-013-LN2665,actual_start,2011-02-14
XM-DAC-46004-41325-013-LN2665,planned_end,2012-03-31
XM-DAC-46004-41325-013-LN2665,actual_end,2013-07-16
XM-DAC-46004-50028-003-GRNT0757,planned_start,2020-12-11
XM-DAC-46004-50028-003-GRNT0757,actual_start,2020-12-08
XM-DAC-46004-50028-003-GRNT0757,planned_end,2024-03-08
XM-DAC-46004-50028-003-GRNT0757,actual_end,2022-05-30
XM-DAC-46004-54179-001-GRNT0776,planned_start,2020-12-08
XM-DAC-46004-54179-001-GRNT0776,actual_start,2020-12-08
XM-DAC-46004-54179-001-GRNT0776,planned_end,2021-12-31
XM-DAC-46004-54179-001-GRNT0776,actual_end,2022-06-21
XM-DAC-46004-54177-001-LN3949,planned_start,2020-06-27
XM-DAC-46004-54177-001-LN3949,actual_start,2020-11-16
XM-DAC-46004-54177-001-LN3949,planned_end,2021-06-30
XM-DAC-46004-54177-001-LN3949,actual_end,2022-01-31
XM-DAC-46004-54177-001-LN3945,planned_start,2020-06-27
XM-DAC-46004-54177-001-LN3945,actual_start,2020-11-16
XM-DAC-46004-54177-001-LN3945,planned_end,2021-06-30
XM-DAC-46004-54177-001-LN3945,actual_end,2022-01-31
XM-DAC-46004-56138-002-GRNT0953,planned_start,2024-07-05
XM-DAC-46004-56138-002-GRNT0953,actual_start,2024-09-16
XM-DAC-46004-56138-002-GRNT0953,planned_end,2027-03-31
XM-DAC-46004-55052-001-GRNT1001,actual_end,2024-12-23
XM-DAC-46004-55052-001-GRNT1001,planned_start,2024-11-05
XM-DAC-46004-55052-001-GRNT1001,actual_start,2024-12-16
XM-DAC-46004-55052-001-GRNT1001,planned_end,2025-04-30
XM-DAC-46004-58417-001-GRNT1080,planned_start,2025-12-02
XM-DAC-46004-43191-013-LN2625,actual_end,2010-12-14
XM-DAC-46004-50028-001-LN3627,actual_end,2023-01-30
XM-DAC-46004-54243-001-GRNT0718,planned_end,2021-06-30
XM-DAC-46004-58417-001-GRNT1080,actual_start,2025-12-02
XM-DAC-46004-58417-001-GRNT1080,planned_end,2026-05-31
XM-DAC-46004-54243-001-GRNT0718,actual_end,2020-10-13
XM-DAC-46004-58417-001-GRNT1080,actual_end,2026-05-31
XM-DAC-46004-59154-001-GRNT1068,planned_start,2025-12-05
XM-DAC-46004-59154-001-GRNT1068,actual_start,2025-12-02
XM-DAC-46004-58547-001-GRNT1086,planned_start,2025-12-15
XM-DAC-46004-58547-001-GRNT1086,actual_start,2025-12-12
XM-DAC-46004-58547-001-GRNT1086,planned_end,2031-12-29
XM-DAC-46004-45395-001-GRNT0318,planned_start,2012-12-22
XM-DAC-46004-45395-001-GRNT0318,actual_start,2012-12-17
XM-DAC-46004-45395-001-GRNT0318,planned_end,2013-12-31
XM-DAC-46004-45395-001-GRNT0318,actual_end,2014-01-24
XM-DAC-46004-47318-001-GRNT0442,planned_start,2015-10-30
XM-DAC-46004-47318-001-GRNT0442,actual_start,2015-10-09
XM-DAC-46004-47318-001-GRNT0442,planned_end,2015-10-30
XM-DAC-46004-47318-001-GRNT0442,actual_end,2015-11-24
XM-DAC-46004-39492-013-LN2292,actual_start,2006-12-20
XM-DAC-46004-39492-013-LN2292,planned_end,2007-03-31
XM-DAC-46004-39492-013-LN2292,actual_end,2007-01-12
XM-DAC-46004-50028-001-GRNT0559,planned_start,2017-12-20
XM-DAC-46004-50028-001-GRNT0559,actual_start,2017-12-15
XM-DAC-46004-50028-001-GRNT0559,planned_end,2022-12-31
XM-DAC-46004-50028-001-GRNT0559,actual_end,2020-03-05
XM-DAC-46004-46384-001-GRNT0360,planned_start,2013-09-30
XM-DAC-46004-46384-001-GRNT0360,actual_start,2013-10-29
XM-DAC-46004-46384-001-GRNT0360,planned_end,2015-12-31
XM-DAC-46004-46384-001-GRNT0360,actual_end,2015-10-12
XM-DAC-46004-50377-001-GRNT0673,planned_start,2019-11-22
XM-DAC-46004-50377-001-GRNT0673,actual_start,2019-10-31
XM-DAC-46004-50377-001-GRNT0673,planned_end,2019-12-31
XM-DAC-46004-50028-003-GRNT0760,planned_start,2020-12-11
XM-DAC-46004-50210-001-GRNT0525,planned_start,2017-01-09
XM-DAC-46004-50210-001-GRNT0525,actual_start,2017-01-11
XM-DAC-46004-50210-001-GRNT0525,planned_end,2017-03-31
XM-DAC-46004-50210-001-GRNT0525,actual_end,2017-06-28
XM-DAC-46004-50028-003-GRNT0760,actual_start,2020-12-10
XM-DAC-46004-50028-003-GRNT0760,planned_end,2024-03-10
XM-DAC-46004-50028-003-GRNT0760,actual_end,2023-01-30
XM-DAC-46004-50028-001-GRNT0557,planned_start,2017-12-20
XM-DAC-46004-50028-001-GRNT0557,actual_start,2017-12-18
XM-DAC-46004-50028-001-GRNT0557,planned_end,2022-12-31
XM-DAC-46004-50028-001-GRNT0557,actual_end,2020-05-18
XM-DAC-46004-56138-002-GRNT0952,planned_start,2024-07-05
XM-DAC-46004-56138-002-GRNT0952,actual_start,2024-07-26
XM-DAC-46004-56138-002-GRNT0952,planned_end,2027-03-31
XM-DAC-46004-43191-013-LN2625,planned_end,2011-04-30
XM-DAC-46004-43191-013-LN2625,planned_start,2010-04-22
XM-DAC-46004-43191-013-LN2625,actual_start,2010-04-22
XM-DAC-46004-43191-023-LN2801,planned_start,2011-12-07
XM-DAC-46004-43191-023-LN2801,actual_start,2012-03-20
XM-DAC-46004-43191-023-LN2801,planned_end,2012-06-30
XM-DAC-46004-43191-023-LN2801,actual_end,2012-07-02
XM-DAC-46004-50028-001-LN3627,planned_end,2022-12-31
XM-DAC-46004-50028-001-LN3627,planned_start,2017-12-20
XM-DAC-46004-50028-001-LN3627,actual_start,2017-12-18
XM-DAC-46004-39492-013-LN2291,planned_start,2006-12-01
XM-DAC-46004-54243-001-GRNT0718,actual_start,2020-07-31
XM-DAC-46004-54243-001-GRNT0718,planned_start,2020-07-31
XM-DAC-46004-39492-013-LN2291,actual_start,2006-12-20
XM-DAC-46004-39492-013-LN2291,planned_end,2008-12-31
XM-DAC-46004-39492-013-LN2291,actual_end,2008-06-27
XM-DAC-46004-39492-013-LN2292,planned_start,2006-12-01
XM-DAC-46004-50028-003-GRNT0759,planned_start,2020-12-11
XM-DAC-46004-50028-003-GRNT0759,actual_start,2020-12-08
XM-DAC-46004-50028-003-GRNT0759,planned_end,2024-03-08
XM-DAC-46004-50028-003-GRNT0759,actual_end,2022-09-29
XM-DAC-46004-54054-001-GRNT0862,planned_start,2022-11-30
XM-DAC-46004-54054-001-GRNT0862,actual_start,2022-11-22
XM-DAC-46004-54054-001-GRNT0862,planned_end,2023-03-31
XM-DAC-46004-54054-001-GRNT0862,actual_end,2023-09-04
XM-DAC-46004-56138-001-GRNT0881,planned_start,2023-03-17
XM-DAC-46004-56138-001-GRNT0881,actual_start,2023-03-21
XM-DAC-46004-56138-001-GRNT0881,planned_end,2026-06-19
XM-DAC-46004-54054-002-GRNT0996,planned_start,2024-12-13
XM-DAC-46004-54054-002-GRNT0996,actual_start,2024-12-13
XM-DAC-46004-54054-002-GRNT0996,planned_end,2025-04-30
XM-DAC-46004-54054-002-GRNT0996,actual_end,2024-12-24
XM-DAC-46004-40563-013-LN2335,planned_start,2007-07-04
XM-DAC-46004-40563-013-LN2335,actual_start,2007-07-04
XM-DAC-46004-40563-013-LN2335,planned_end,2008-12-31
XM-DAC-46004-40563-013-LN2335,actual_end,2008-05-05
XM-DAC-46004-41108-013-LN2340,planned_start,2008-05-15
XM-DAC-46004-47015-003-LN3537,planned_start,2017-06-16
XM-DAC-46004-47015-003-LN3537,actual_start,2017-06-16
XM-DAC-46004-47015-003-LN3537,planned_end,2017-06-30
XM-DAC-46004-47015-003-LN3537,actual_end,2017-06-30
XM-DAC-46004-41108-013-LN2340,actual_start,2008-05-15
XM-DAC-46004-41108-013-LN2340,planned_end,2009-06-30
XM-DAC-46004-41108-013-LN2340,actual_end,2011-07-12
XM-DAC-46004-41666-013-LN2385,planned_start,2007-12-14
XM-DAC-46004-48065-003-LN3538,planned_start,2017-06-30
XM-DAC-46004-48065-003-LN3538,actual_start,2017-06-22
XM-DAC-46004-48065-003-LN3538,planned_end,2018-06-30
XM-DAC-46004-48065-003-LN3538,actual_end,2018-06-30
XM-DAC-46004-41666-013-LN2385,actual_start,2007-12-14
XM-DAC-46004-41666-013-LN2385,planned_end,2008-06-30
XM-DAC-46004-41666-013-LN2385,actual_end,2008-02-12
XM-DAC-46004-37218-013-LN2202,planned_start,2006-05-30
XM-DAC-46004-37218-013-LN2202,actual_start,2006-08-24
XM-DAC-46004-37218-013-LN2202,planned_end,2009-12-31
XM-DAC-46004-37218-013-LN2202,actual_end,2009-12-31
XM-DAC-46004-37218-013-LN2203,planned_start,2006-05-30
XM-DAC-46004-37218-013-LN2203,actual_start,2006-08-24
XM-DAC-46004-37218-013-LN2203,planned_end,2009-12-31
XM-DAC-46004-37218-013-LN2203,actual_end,2009-12-31
XM-DAC-46004-42163-013-LN2446,planned_start,2008-09-30
XM-DAC-46004-42163-013-LN2446,actual_start,2008-09-30
XM-DAC-46004-42163-013-LN2446,planned_end,2008-12-31
XM-DAC-46004-42163-013-LN2446,actual_end,2008-09-30
XM-DAC-46004-42163-013-LN2447,planned_start,2008-09-30
XM-DAC-46004-42163-013-LN2447,actual_start,2008-09-30
XM-DAC-46004-42163-013-LN2447,planned_end,2008-12-31
XM-DAC-46004-42163-013-LN2447,actual_end,2008-09-30
XM-DAC-46004-41545-013-LN2484,planned_start,2008-12-01
XM-DAC-46004-41545-013-LN2484,actual_start,2008-12-17
XM-DAC-46004-41545-013-LN2484,planned_end,2009-04-30
XM-DAC-46004-41545-013-LN2484,actual_end,2009-01-22
XM-DAC-46004-41641-013-LN2485,planned_start,2008-12-17
XM-DAC-46004-52049-001-LN3804,planned_start,2019-08-30
XM-DAC-46004-52049-001-LN3804,actual_start,2019-08-07
XM-DAC-46004-52049-001-LN3804,planned_end,2020-12-31
XM-DAC-46004-52049-001-LN3804,actual_end,2020-12-31
XM-DAC-46004-41641-013-LN2485,actual_start,2008-12-17
XM-DAC-46004-41641-013-LN2485,planned_end,2009-04-30
XM-DAC-46004-41641-013-LN2485,actual_end,2009-02-04
XM-DAC-46004-53247-001-LN3882,planned_start,2019-12-11
XM-DAC-46004-53247-001-LN3882,actual_start,2019-12-09
XM-DAC-46004-53247-001-LN3882,planned_end,2020-06-30
XM-DAC-46004-53247-001-LN3882,actual_end,2020-06-30
XM-DAC-46004-53165-001-LN3881,planned_start,2019-12-09
XM-DAC-46004-53165-001-LN3881,actual_start,2019-12-09
XM-DAC-46004-53165-001-LN3881,planned_end,2020-06-30
XM-DAC-46004-53165-001-LN3881,actual_end,2020-06-30
XM-DAC-46004-36155-013-LN2270,planned_start,2006-11-01
XM-DAC-46004-36155-013-LN2270,actual_start,2006-11-23
XM-DAC-46004-36155-013-LN2270,planned_end,2010-06-30
XM-DAC-46004-36155-013-LN2270,actual_end,2010-06-28
XM-DAC-46004-42163-023-LN2524,planned_start,2009-06-26
XM-DAC-46004-42163-023-LN2524,actual_start,2009-06-26
XM-DAC-46004-42163-023-LN2524,planned_end,2009-12-31
XM-DAC-46004-42163-023-LN2524,actual_end,2009-07-01
XM-DAC-46004-42163-023-LN2525,planned_start,2009-06-26
XM-DAC-46004-42163-023-LN2525,actual_start,2009-06-26
XM-DAC-46004-42163-023-LN2525,planned_end,2009-12-31
XM-DAC-46004-42163-023-LN2525,actual_end,2009-07-01
XM-DAC-46004-41666-033-LN2547,planned_start,2009-09-17
XM-DAC-46004-54193-001-LN3931,planned_start,2020-06-19
XM-DAC-46004-54193-001-LN3931,actual_start,2020-06-19
XM-DAC-46004-54193-001-LN3931,planned_end,2021-06-30
XM-DAC-46004-54193-001-LN3931,actual_end,2021-06-30
XM-DAC-46004-41666-033-LN2547,actual_start,2009-09-17
XM-DAC-46004-41666-033-LN2547,planned_end,2010-03-31
XM-DAC-46004-41666-033-LN2547,actual_end,2009-10-09
XM-DAC-46004-41666-033-LN2548,planned_start,2009-09-17
XM-DAC-46004-41666-033-LN2548,actual_start,2009-09-17
XM-DAC-46004-41666-033-LN2548,planned_end,2010-03-31
XM-DAC-46004-41666-033-LN2548,actual_end,2009-10-09
XM-DAC-46004-53221-001-LN3976,planned_start,2020-09-30
XM-DAC-46004-53221-001-LN3976,actual_start,2020-09-30
XM-DAC-46004-53221-001-LN3976,planned_end,2021-09-30
XM-DAC-46004-53221-001-LN3976,actual_end,2021-09-30
XM-DAC-46004-53221-001-LN3975,planned_end,2021-09-30
XM-DAC-46004-53221-001-LN3975,actual_end,2021-09-30
XM-DAC-46004-53221-001-LN3975,planned_start,2020-09-30
XM-DAC-46004-53221-001-LN3975,actual_start,2020-09-30
XM-DAC-46004-52049-003-LN4018,planned_start,2020-12-07
XM-DAC-46004-52049-003-LN4018,actual_start,2020-11-27
XM-DAC-46004-52049-003-LN4018,planned_end,2021-12-31
XM-DAC-46004-52049-003-LN4018,actual_end,2021-12-31
XM-DAC-46004-41641-023-LN2644,planned_start,2010-06-24
XM-DAC-46004-41641-023-LN2644,actual_start,2010-06-24
XM-DAC-46004-41641-023-LN2644,planned_end,2010-12-31
XM-DAC-46004-41641-023-LN2644,actual_end,2010-06-30
XM-DAC-46004-41545-023-LN2645,planned_start,2010-06-24
XM-DAC-46004-41545-023-LN2645,actual_start,2010-06-24
XM-DAC-46004-41545-023-LN2645,planned_end,2010-12-31
XM-DAC-46004-41545-023-LN2645,actual_end,2010-06-30
XM-DAC-46004-47015-001-LN3126,planned_end,2015-06-30
XM-DAC-46004-47015-001-LN3126,actual_end,2015-06-03
XM-DAC-46004-53165-002-LN4159,planned_start,2021-12-21
XM-DAC-46004-53165-002-LN4159,actual_start,2021-12-18
XM-DAC-46004-53165-002-LN4159,planned_end,2022-06-30
XM-DAC-46004-53165-002-LN4159,actual_end,2022-06-30
XM-DAC-46004-53221-003-LN4176,planned_start,2022-03-25
XM-DAC-46004-53221-003-LN4176,actual_start,2022-03-25
XM-DAC-46004-53221-003-LN4176,planned_end,2022-06-30
XM-DAC-46004-53221-003-LN4176,actual_end,2022-06-30
XM-DAC-46004-56148-001-LN4234,planned_start,2022-10-28
XM-DAC-46004-56148-001-LN4234,actual_start,2022-10-24
XM-DAC-46004-56148-001-LN4234,planned_end,2023-12-31
XM-DAC-46004-56148-001-LN4234,actual_end,2023-12-31
XM-DAC-46004-56148-001-LN4235,planned_end,2023-12-31
XM-DAC-46004-56148-001-LN4235,actual_end,2023-12-31
XM-DAC-46004-56148-001-LN4235,planned_start,2022-10-28
XM-DAC-46004-56148-001-LN4235,actual_start,2022-10-24
XM-DAC-46004-47015-001-LN3126,planned_start,2014-05-31
XM-DAC-46004-47015-001-LN3126,actual_start,2014-04-28
XM-DAC-46004-54424-001-LN4427,planned_start,2023-12-13
XM-DAC-46004-54424-001-LN4427,actual_start,2023-12-15
XM-DAC-46004-54424-001-LN4427,planned_end,2024-06-30
XM-DAC-46004-54424-001-LN4427,actual_end,2024-06-30
XM-DAC-46004-56006-001-LN4406,planned_start,2023-12-15
XM-DAC-46004-56006-001-LN4406,actual_start,2023-12-15
XM-DAC-46004-56006-001-LN4406,planned_end,2024-03-31
XM-DAC-46004-56006-001-LN4406,actual_end,2024-06-30
XM-DAC-46004-55183-001-LN4450,planned_start,2024-06-10
XM-DAC-46004-55183-001-LN4450,actual_start,2024-06-21
XM-DAC-46004-55183-001-LN4450,planned_end,2025-06-30
XM-DAC-46004-55183-001-LN4450,actual_end,2025-06-30
XM-DAC-46004-58054-001-LN4514,planned_start,2024-11-08
XM-DAC-46004-58054-001-LN4514,actual_start,2024-11-18
XM-DAC-46004-58054-001-LN4514,planned_end,2024-11-30
XM-DAC-46004-58054-001-LN4514,actual_end,2024-11-30
XM-DAC-46004-54160-001-LN3939,actual_start,2020-07-07
XM-DAC-46004-54160-001-LN3939,planned_end,2021-01-29
XM-DAC-46004-54160-001-LN3939,actual_end,2021-01-29
XM-DAC-46004-51350-004-LN4292,actual_end,2023-03-31
XM-DAC-46004-56006-003-GRNT4598,planned_start,2025-06-04
XM-DAC-46004-56006-003-GRNT4598,actual_start,2025-06-18
XM-DAC-46004-56006-003-GRNT4598,planned_end,2026-06-30
XM-DAC-46004-47015-002-LN3321,planned_start,2015-11-30
XM-DAC-46004-56006-003-LN4597,planned_start,2025-06-04
XM-DAC-46004-56006-003-LN4597,actual_start,2025-06-04
XM-DAC-46004-56006-003-LN4597,planned_end,2026-06-01
XM-DAC-46004-47015-002-LN3321,actual_start,2015-11-26
XM-DAC-46004-47015-002-LN3321,planned_end,2016-06-30
XM-DAC-46004-47015-002-LN3321,actual_end,2016-06-30
XM-DAC-46004-47015-002-LN3322,planned_start,2015-11-30
XM-DAC-46004-58508-001-LN4608,planned_start,2025-06-24
XM-DAC-46004-58508-001-LN4608,actual_start,2025-06-24
XM-DAC-46004-58508-001-LN4608,planned_end,2026-05-31
XM-DAC-46004-58508-001-LN4609,planned_start,2025-06-24
XM-DAC-46004-58508-001-LN4609,actual_start,2025-06-24
XM-DAC-46004-58508-001-LN4609,planned_end,2030-12-31
XM-DAC-46004-47015-002-LN3322,actual_start,2015-11-26
XM-DAC-46004-47015-002-LN3322,planned_end,2016-06-30
XM-DAC-46004-47015-002-LN3322,actual_end,2016-06-30
XM-DAC-46004-48065-002-LN3398,planned_start,2016-07-29
XM-DAC-46004-48065-002-LN3398,actual_start,2016-06-28
XM-DAC-46004-48065-002-LN3398,planned_end,2017-06-30
XM-DAC-46004-48065-002-LN3398,actual_end,2017-06-30
XM-DAC-46004-48065-002-LN3399,planned_start,2016-07-29
XM-DAC-46004-48065-002-LN3399,actual_start,2016-06-28
XM-DAC-46004-48065-002-LN3399,planned_end,2017-06-30
XM-DAC-46004-48065-002-LN3399,actual_end,2017-06-30
XM-DAC-46004-53161-001-LN4123,planned_start,2021-12-09
XM-DAC-46004-53161-001-LN4123,actual_start,2021-12-09
XM-DAC-46004-53161-001-LN4123,planned_end,2021-12-31
XM-DAC-46004-53161-001-LN4123,actual_end,2022-03-01
XM-DAC-46004-42007-020-LN4156,planned_start,2021-12-17
XM-DAC-46004-42007-020-LN4156,actual_start,2021-12-20
XM-DAC-46004-42007-020-LN4156,planned_end,2022-06-30
XM-DAC-46004-42007-020-LN4156,actual_end,2022-06-30
XM-DAC-46004-42007-020-LN4157,planned_start,2021-12-17
XM-DAC-46004-42007-020-LN4157,actual_start,2021-12-20
XM-DAC-46004-42007-020-LN4157,planned_end,2022-06-30
XM-DAC-46004-42007-020-LN4157,actual_end,2022-06-30
XM-DAC-46004-51350-001-LN3675,planned_start,2018-07-31
XM-DAC-46004-51350-001-LN3675,actual_start,2018-07-27
XM-DAC-46004-51350-001-LN3675,planned_end,2018-12-31
XM-DAC-46004-51350-001-LN3675,actual_end,2018-12-31
XM-DAC-46004-56149-001-LN4225,planned_start,2022-10-14
XM-DAC-46004-41360-013-LN2680,planned_start,2010-12-24
XM-DAC-46004-41360-013-LN2680,actual_start,2010-12-24
XM-DAC-46004-41360-013-LN2680,planned_end,2011-03-31
XM-DAC-46004-41360-013-LN2680,actual_end,2011-07-15
XM-DAC-46004-56149-001-LN4225,actual_start,2022-11-03
XM-DAC-46004-56149-001-LN4225,planned_end,2023-01-31
XM-DAC-46004-56149-001-LN4225,actual_end,2023-01-31
XM-DAC-46004-51350-004-LN4292,planned_start,2023-02-28
XM-DAC-46004-51350-004-LN4292,actual_start,2023-02-28
XM-DAC-46004-51350-004-LN4292,planned_end,2023-03-31
XM-DAC-46004-42007-021-LN4415,planned_start,2023-12-07
XM-DAC-46004-42007-021-LN4415,actual_start,2023-12-07
XM-DAC-46004-42007-021-LN4415,planned_end,2024-12-31
XM-DAC-46004-42007-021-LN4415,actual_end,2024-12-31
XM-DAC-46004-51348-001-LN3869,planned_start,2019-12-05
XM-DAC-46004-51348-001-LN3869,actual_start,2019-12-12
XM-DAC-46004-51348-001-LN3869,planned_end,2021-07-31
XM-DAC-46004-51348-001-LN3869,actual_end,2023-01-31
XM-DAC-46004-53161-003-LN4472,planned_start,2024-08-15
XM-DAC-46004-53161-003-LN4472,actual_start,2024-08-02
XM-DAC-46004-53161-003-LN4472,planned_end,2024-12-31
XM-DAC-46004-53161-003-LN4472,actual_end,2024-12-31
XM-DAC-46004-54269-002-LN4473,planned_end,2025-01-31
XM-DAC-46004-51350-003-LN3866,planned_start,2019-12-12
XM-DAC-46004-51350-003-LN3866,actual_start,2019-12-12
XM-DAC-46004-51350-003-LN3866,planned_end,2019-12-31
XM-DAC-46004-51350-003-LN3866,actual_end,2019-12-31
XM-DAC-46004-54160-001-LN3939,planned_start,2020-06-26
XM-DAC-46004-54269-002-LN4473,actual_end,2025-01-31
XM-DAC-46004-54269-002-LN4473,planned_start,2024-08-02
XM-DAC-46004-54269-002-LN4473,actual_start,2024-08-02
XM-DAC-46004-57245-001-LN4489,planned_start,2024-09-23
XM-DAC-46004-57245-001-LN4489,actual_start,2024-09-20
XM-DAC-46004-57245-001-LN4489,planned_end,2025-03-31
XM-DAC-46004-57245-001-LN4489,actual_end,2025-03-31
XM-DAC-46004-54269-001-LN3980,planned_start,2020-10-13
XM-DAC-46004-54269-001-LN3980,actual_start,2020-11-10
XM-DAC-46004-58125-001-LN4544,planned_start,2024-12-06
XM-DAC-46004-54269-001-LN3980,planned_end,2021-02-26
XM-DAC-46004-54269-001-LN3980,actual_end,2021-02-26
XM-DAC-46004-58125-001-LN4544,actual_start,2024-11-20
XM-DAC-46004-58125-001-LN4544,planned_end,2025-06-30
XM-DAC-46004-58125-001-LN4544,actual_end,2025-06-30
XM-DAC-46004-58125-001-LN4545,planned_start,2024-12-06
XM-DAC-46004-58125-001-LN4545,actual_start,2024-11-20
XM-DAC-46004-58125-001-LN4545,planned_end,2025-06-30
XM-DAC-46004-58125-001-LN4545,actual_end,2025-06-30
XM-DAC-46004-37577-023-LN2707,planned_start,2010-12-24
XM-DAC-46004-37577-023-LN2707,actual_start,2010-12-24
XM-DAC-46004-37577-023-LN2707,planned_end,2011-05-31
XM-DAC-46004-37577-023-LN2707,actual_end,2011-07-15
XM-DAC-46004-49331-001-LN3743,planned_start,2019-06-30
XM-DAC-46004-49331-001-LN3743,actual_start,2019-06-03
XM-DAC-46004-49331-001-LN3743,planned_end,2020-06-30
XM-DAC-46004-49331-001-LN3743,actual_end,2020-08-15
XM-DAC-46004-51350-005-LN4658,planned_start,2025-10-17
XM-DAC-46004-51350-005-LN4658,actual_start,2025-10-16
XM-DAC-46004-51350-005-LN4658,planned_end,2026-03-31
XM-DAC-46004-51350-005-LN4658,actual_end,2025-11-26
XM-DAC-46004-58438-001-LN4681,planned_start,2025-11-19
XM-DAC-46004-50285-002-LN3758,planned_start,2019-07-31
XM-DAC-46004-50285-002-LN3758,actual_start,2019-08-06
XM-DAC-46004-50285-002-LN3758,planned_end,2020-03-31
XM-DAC-46004-50285-002-LN3758,actual_end,2023-03-20
XM-DAC-46004-58438-001-LN4681,actual_start,2025-11-17
XM-DAC-46004-58438-001-LN4681,planned_end,2026-05-31
XM-DAC-46004-58438-001-LN4682,planned_start,2025-11-19
XM-DAC-46004-58438-001-LN4682,actual_start,2025-11-17
XM-DAC-46004-58438-001-LN4682,planned_end,2026-05-31
XM-DAC-46004-38392-033-LN2262,planned_start,2006-12-07
XM-DAC-46004-38392-033-LN2262,actual_start,2006-12-07
XM-DAC-46004-38392-033-LN2262,planned_end,2007-12-31
XM-DAC-46004-38392-033-LN2262,actual_end,2007-05-22
XM-DAC-46004-42191-033-LN2827,planned_start,2012-01-15
XM-DAC-46004-42191-033-LN2827,actual_start,2012-01-17
XM-DAC-46004-42191-033-LN2827,planned_end,2012-06-30
XM-DAC-46004-42191-033-LN2827,actual_end,2012-05-25
XM-DAC-46004-38335-013-LN2284,planned_start,2007-01-16
XM-DAC-46004-42235-013-LN2877,planned_start,2012-08-06
XM-DAC-46004-42235-013-LN2877,actual_start,2012-09-07
XM-DAC-46004-42235-013-LN2877,planned_end,2012-12-31
XM-DAC-46004-42235-013-LN2877,actual_end,2013-03-31
XM-DAC-46004-38335-013-LN2284,actual_start,2007-01-16
XM-DAC-46004-38335-013-LN2284,planned_end,2008-07-01
XM-DAC-46004-38335-013-LN2284,actual_end,2009-03-31
XM-DAC-46004-37577-013-LN2377,planned_start,2008-01-10
XM-DAC-46004-37577-013-LN2377,actual_start,2008-01-10
XM-DAC-46004-37577-013-LN2377,planned_end,2009-06-30
XM-DAC-46004-37577-013-LN2377,actual_end,2009-12-31
XM-DAC-46004-44251-034-LN3335,actual_start,2015-12-30
XM-DAC-46004-44251-034-LN3335,planned_end,2016-03-31
XM-DAC-46004-44251-034-LN3335,actual_end,2016-03-31
XM-DAC-46004-42191-013-LN2490,planned_start,2008-12-29
XM-DAC-46004-42191-013-LN2490,actual_start,2008-12-29
XM-DAC-46004-42191-013-LN2490,planned_end,2009-12-31
XM-DAC-46004-42191-013-LN2490,actual_end,2009-05-15
XM-DAC-46004-42191-023-LN2570,planned_start,2009-10-20
XM-DAC-46004-41360-014-LN3050,planned_start,2013-11-25
XM-DAC-46004-41360-014-LN3050,actual_start,2013-11-22
XM-DAC-46004-41360-014-LN3050,planned_end,2014-03-31
XM-DAC-46004-41360-014-LN3050,actual_end,2014-08-18
XM-DAC-46004-42191-023-LN2570,actual_start,2009-10-20
XM-DAC-46004-42191-023-LN2570,planned_end,2010-05-31
XM-DAC-46004-42191-023-LN2570,actual_end,2009-12-25
XM-DAC-46004-40347-013-LN2582,planned_start,2009-12-22
XM-DAC-46004-44251-013-LN3081,planned_start,2014-01-30
XM-DAC-46004-44251-013-LN3081,actual_start,2014-01-24
XM-DAC-46004-44251-013-LN3081,planned_end,2014-03-31
XM-DAC-46004-44251-013-LN3081,actual_end,2014-08-18
XM-DAC-46004-40347-013-LN2582,actual_start,2009-12-22
XM-DAC-46004-40347-013-LN2582,planned_end,2013-06-30
XM-DAC-46004-40347-013-LN2582,actual_end,2013-03-27
XM-DAC-46004-42235-023-LN3213,planned_start,2015-01-30
XM-DAC-46004-42235-023-LN3213,actual_start,2015-03-27
XM-DAC-46004-42235-023-LN3213,planned_end,2015-06-30
XM-DAC-46004-42235-023-LN3213,actual_end,2015-09-30
XM-DAC-46004-47293-001-LN3227,planned_start,2015-03-17
XM-DAC-46004-47293-001-LN3227,actual_start,2015-02-09
XM-DAC-46004-47293-001-LN3227,planned_end,2015-06-30
XM-DAC-46004-47293-001-LN3227,actual_end,2015-09-08
XM-DAC-46004-47293-001-LN3228,planned_start,2015-03-17
XM-DAC-46004-47293-001-LN3228,actual_start,2015-02-09
XM-DAC-46004-47293-001-LN3228,planned_end,2015-06-30
XM-DAC-46004-47293-001-LN3228,actual_end,2015-09-08
XM-DAC-46004-40354-013-LN2642,planned_start,2010-09-07
XM-DAC-46004-40354-013-LN2642,actual_start,2010-09-07
XM-DAC-46004-40354-013-LN2642,planned_end,2012-12-31
XM-DAC-46004-40354-013-LN2642,actual_end,2014-04-07
XM-DAC-46004-44251-034-LN3335,planned_start,2015-12-23
XM-DAC-46004-47140-002-LN3493,planned_start,2017-01-28
XM-DAC-46004-47140-002-LN3493,actual_start,2017-03-02
XM-DAC-46004-47140-002-LN3493,planned_end,2018-06-30
XM-DAC-46004-47140-002-LN3493,actual_end,2019-06-24
XM-DAC-46004-50051-001-LN3502,planned_start,2017-01-13
XM-DAC-46004-50051-001-LN3502,actual_start,2017-05-26
XM-DAC-46004-50051-001-LN3502,planned_end,2017-12-31
XM-DAC-46004-50051-001-LN3502,actual_end,2017-11-07
XM-DAC-46004-50051-001-LN3503,planned_start,2017-01-13
XM-DAC-46004-50051-001-LN3503,actual_start,2017-05-26
XM-DAC-46004-50051-001-LN3503,planned_end,2017-12-31
XM-DAC-46004-50051-001-LN3503,actual_end,2018-12-31
AU-5-INL354-VN,planned_start,2014-05-05
AU-5-INL354-VN,actual_start,2014-05-05
AU-5-INL354-VN,planned_end,2017-10-31
AU-5-INL354-VN,actual_end,2017-10-31
AU-5-INJ438-VU,planned_start,2010-07-01
AU-5-INJ438-VU,actual_start,2010-07-01
AU-5-INJ438-VU,planned_end,2020-12-31
AU-5-INJ438-VU,actual_end,2020-06-30
AU-5-INJ402-WS,actual_start,2010-07-01
AU-5-INJ402-WS,planned_start,2010-07-01
AU-5-INJ402-WS,planned_end,2020-07-30
AU-5-INJ402-WS,actual_end,2020-07-30
AU-5-INJ648-ID,planned_start,2010-11-05
AU-5-INJ648-ID,actual_start,2010-11-05
AU-5-INJ648-ID,planned_end,2017-06-30
AU-5-INJ648-ID,actual_end,2017-06-30
AU-5-INI950-NR,planned_end,2021-06-30
AU-5-INI950-NR,planned_start,2009-07-01
AU-5-INI950-NR,actual_start,2009-07-01
AU-5-INI950-NR,actual_end,2020-06-30
AU-5-INK561-SB,planned_start,2012-07-01
AU-5-INK561-SB,actual_start,2012-07-01
AU-5-INK561-SB,planned_end,2017-03-31
AU-5-INK561-SB,actual_end,2017-03-31
AU-5-INL126-SB,actual_end,2020-06-30
AU-5-INL121-SB,planned_start,2016-07-01
AU-5-INL121-SB,actual_start,2016-07-01
AU-5-INL121-SB,planned_end,2020-12-31
AU-5-INL121-SB,actual_end,2020-06-30
AU-5-INL126-SB,planned_start,2016-03-01
AU-5-INL126-SB,actual_start,2016-03-01
AU-5-INL126-SB,planned_end,2021-06-30
AU-5-INL129-SB,planned_start,2015-06-15
AU-5-INL129-SB,actual_start,2015-06-15
AU-5-INL129-SB,planned_end,2020-12-31
AU-5-INL129-SB,actual_end,2020-06-30
AU-5-INJ128-VN,planned_start,2011-03-18
AU-5-INJ128-VN,actual_start,2011-03-18
AU-5-INJ128-VN,planned_end,2016-06-30
AU-5-INJ128-VN,actual_end,2016-06-30
AU-5-INL683-TO,planned_start,2015-03-20
AU-5-INL683-TO,actual_start,2015-03-20
AU-5-INL683-TO,planned_end,2021-12-30
AU-5-INL683-TO,actual_end,2020-06-30
AU-5-INJ899-TV,planned_start,2011-05-01
AU-5-INJ899-TV,actual_start,2011-05-01
AU-5-INJ899-TV,planned_end,2021-06-30
AU-5-INJ899-TV,actual_end,2020-06-30
DE-1-201170307,actual_start,2012-10-01
DE-1-201170307,planned_end,2016-09-09
DE-1-201170307,actual_end,2016-09-09
DE-1-201165281,planned_start,2012-10-01
DE-1-201165281,actual_start,2012-10-01
DE-1-201165281,planned_end,2016-09-09
DE-1-201165281,actual_end,2016-09-09
DE-1-201166974,planned_start,2013-04-10
DE-1-201166974,actual_start,2013-04-10
DE-1-201166974,planned_end,2015-11-19
DE-1-201166974,actual_end,2015-11-19
DE-1-201170307,planned_start,2012-10-01
DE-1-201170323,planned_start,2013-04-10
DE-1-201170323,actual_start,2013-04-10
DE-1-201170323,planned_end,2016-12-28
DE-1-201170323,actual_end,2016-12-28
DE-1-201767508,planned_start,2018-07-05
DE-1-201767508,actual_start,2018-07-05
DE-1-201767508,planned_end,2021-10-28
DE-1-201767508,actual_end,2021-10-28
DE-1-201868785,planned_start,2018-12-07
DE-1-201868785,actual_start,2018-12-07
DE-1-201868785,planned_end,2021-10-28
DE-1-201868785,actual_end,2021-10-28
DE-1-201965052,planned_start,2019-12-11
DE-1-201965052,actual_start,2019-12-11
DE-1-201965052,planned_end,2023-12-31
DE-1-201965052,actual_end,2023-12-31
DE-1-201468487,actual_end,2016-11-23
DE-1-201468453,planned_start,2015-11-18
DE-1-201468453,actual_start,2015-11-18
DE-1-201468453,planned_end,2019-12-19
DE-1-201468453,actual_end,2019-12-19
DE-1-201468461,planned_start,2017-04-12
DE-1-201468461,actual_start,2017-04-12
DE-1-201468461,planned_end,2019-12-19
DE-1-201468461,actual_end,2019-12-19
DE-1-201468479,planned_start,2015-11-18
DE-1-201468479,actual_start,2015-11-18
DE-1-201468479,planned_end,2021-12-22
DE-1-201468479,actual_end,2021-12-22
DE-1-201468487,planned_start,2016-09-06
DE-1-201468487,actual_start,2016-09-06
DE-1-201468487,planned_end,2016-11-23
DE-1-201667484,planned_start,2017-12-19
DE-1-201667484,actual_start,2017-12-19
DE-1-201667484,planned_end,2018-02-27
DE-1-201667484,actual_end,2018-02-27
DE-1-201667492,planned_start,2018-08-06
DE-1-201667492,actual_start,2018-08-06
DE-1-201667492,planned_end,2018-09-25
DE-1-201667492,actual_end,2018-09-25
DE-1-200570218,planned_start,2010-12-08
DE-1-200570218,actual_start,2010-12-08
DE-1-200570218,planned_end,2015-12-17
DE-1-200570218,actual_end,2015-12-17
DE-1-201265420,planned_start,2015-08-05
DE-1-201265420,actual_start,2015-08-05
DE-1-201265420,planned_end,2015-12-17
DE-1-201265420,actual_end,2015-12-17
DE-1-201767805,planned_start,2017-12-06
DE-1-201767805,actual_start,2017-12-06
DE-1-201767805,planned_end,2020-03-05
DE-1-201767805,actual_end,2020-03-05
DE-1-201770114,planned_start,2018-08-19
DE-1-201770114,actual_start,2018-08-19
DE-1-201770114,planned_end,2027-06-30
DE-1-200770347,planned_start,2009-12-18
DE-1-200770347,actual_start,2009-12-18
DE-1-200770347,planned_end,2019-05-17
DE-1-200770347,actual_end,2019-05-17
DE-1-200970418,planned_start,2010-10-01
DE-1-200970418,actual_start,2010-10-01
DE-1-200970418,planned_end,2019-05-17
DE-1-200970418,actual_end,2019-05-17
DE-1-200970012,planned_start,2010-06-29
DE-1-200970012,actual_start,2010-06-29
DE-1-200970012,planned_end,2015-04-24
DE-1-200970012,actual_end,2015-04-24
DE-1-201265248,planned_start,2013-11-08
DE-1-201265248,actual_start,2013-11-08
DE-1-201265248,planned_end,2015-04-24
DE-1-201265248,actual_end,2015-04-24
DE-1-201270370,actual_end,2016-04-29
DE-1-201270370,planned_start,2013-11-08
DE-1-201270370,actual_start,2013-11-08
DE-1-201270370,planned_end,2016-04-29
DE-1-201366632,planned_start,2013-11-08
DE-1-201366632,actual_start,2013-11-08
DE-1-201366632,planned_end,2015-04-24
DE-1-201366632,actual_end,2015-04-24
DE-1-201265743,actual_start,2015-05-26
DE-1-201265743,planned_end,2015-12-31
DE-1-201265743,actual_end,2015-12-31
DE-1-201265750,planned_start,2014-11-07
DE-1-201265750,actual_start,2014-11-07
DE-1-201265750,planned_end,2016-04-04
DE-1-201265750,actual_end,2016-04-04
DE-1-201266287,planned_start,2017-12-28
DE-1-201266287,actual_start,2017-12-28
DE-1-201266287,planned_end,2018-07-30
DE-1-201266287,actual_end,2018-07-30
DE-1-201265743,planned_start,2015-05-26
DE-1-201170315,actual_end,2015-06-23
DE-1-201170315,planned_start,2012-11-14
DE-1-201170315,actual_start,2012-11-14
DE-1-201170315,planned_end,2015-06-23
DE-1-201265115,planned_start,2012-12-17
DE-1-201265115,actual_start,2012-12-17
DE-1-201265115,planned_end,2015-12-21
DE-1-201265115,actual_end,2015-12-21
DE-1-201270040,planned_start,2012-12-17
DE-1-201270040,actual_start,2012-12-17
DE-1-201270040,planned_end,2015-12-21
DE-1-201270040,actual_end,2015-12-21
DE-1-201070259,planned_start,2012-08-01
DE-1-201070259,actual_start,2012-08-01
DE-1-201070259,planned_end,2017-08-31
DE-1-201070259,actual_end,2017-08-31
DE-1-201165828,planned_start,2012-07-17
DE-1-201165828,actual_start,2012-07-17
DE-1-201165828,planned_end,2015-02-27
DE-1-201165828,actual_end,2015-02-27
BJ-IFU-6201001076902-RSG0123375-29295,planned_start,2016-11-29
BJ-IFU-6201001076902-RSG0123375-29295,actual_start,2018-01-05
BJ-IFU-6201001076902-RSG0123375-29295,planned_end,2122-06-30
BJ-IFU-6200901944209-RSG0123375-29295,planned_start,2016-11-29
BJ-IFU-6200901944209-RSG0123375-29295,actual_start,2018-01-05
BJ-IFU-6200901944209-RSG0123375-29295,planned_end,2022-06-30
BJ-IFU-6201001843703-RGS0123375-29295,planned_start,2016-11-29
BJ-IFU-6201001843703-RGS0123375-29295,actual_start,2018-01-05
BJ-IFU-6201001843703-RGS0123375-29295,planned_end,2022-06-30
BJ-IFU-6201000370801-RSG0123375-29295,planned_start,2016-11-29
BJ-IFU-6201000370801-RSG0123375-29295,actual_start,2018-01-05
BJ-IFU-6201000370801-RSG0123375-29295,planned_end,2022-06-30
BJ-IFU-6201300688700-RSG0123375-29295,planned_start,2016-11-29
BJ-IFU-6201300688700-RSG0123375-29295,actual_start,2018-01-05
BJ-IFU-6201300688700-RSG0123375-29295,planned_end,2022-06-30
XI-IATI-CWSEC-Q0104,planned_start,2021-10-01
XI-IATI-CWSEC-Q0104,planned_end,2025-06-30
XI-IATI-CWSEC-Q0201,planned_start,2021-10-01
XI-IATI-CWSEC-Q0201,planned_end,2025-06-30
XI-IATI-CWSEC-Q0301,planned_start,2021-10-01
XI-IATI-CWSEC-Q0301,planned_end,2025-06-30
XI-IATI-CWSEC-Q0304,planned_start,2021-10-01
XI-IATI-CWSEC-Q0304,planned_end,2025-06-30
XI-IATI-CWSEC-Q0305,planned_start,2021-10-01
XI-IATI-CWSEC-Q0305,planned_end,2025-06-30
XI-IATI-CWSEC-Q0306,planned_start,2021-10-01
XI-IATI-CWSEC-Q0306,planned_end,2025-06-30
XI-IATI-CWSEC-Q0308,planned_start,2021-10-01
XI-IATI-CWSEC-Q0308,planned_end,2025-06-30
XI-IATI-CWSEC-Q0501,planned_start,2021-10-01
XI-IATI-CWSEC-Q0501,planned_end,2025-06-30
XI-IATI-CWSEC-Q0502,planned_start,2021-10-01
XI-IATI-CWSEC-Q0502,planned_end,2025-06-30
XI-IATI-CWSEC-Q0503,planned_start,2021-10-01
XI-IATI-CWSEC-Q0503,planned_end,2025-06-30
XI-IATI-CWSEC-Q0601,planned_start,2021-10-01
XI-IATI-CWSEC-Q0601,planned_end,2025-06-30
XI-IATI-CWSEC-Q0701,planned_start,2021-10-01
XI-IATI-CWSEC-Q0701,planned_end,2025-06-30
XI-IATI-CWSEC-Q0801,planned_start,2021-10-01
XI-IATI-CWSEC-Q0801,planned_end,2025-06-30
XI-IATI-CWSEC-Q0802,planned_start,2021-10-01
XI-IATI-CWSEC-Q0802,planned_end,2025-06-30
XI-IATI-CWSEC-Q0901,planned_start,2021-10-01
XI-IATI-CWSEC-Q0901,planned_end,2025-06-30
XI-IATI-CWSEC-Q1101,planned_start,2021-10-01
XI-IATI-CWSEC-Q1101,planned_end,2025-06-30
XI-IATI-CWSEC-Q1203,planned_start,2021-10-01
XI-IATI-CWSEC-Q1203,planned_end,2025-06-30
XI-IATI-CWSEC-Q1303,planned_start,2021-10-01
XI-IATI-CWSEC-Q1303,planned_end,2025-06-30
XI-IATI-CWSEC-Q0603,planned_start,2021-10-01
XI-IATI-CWSEC-Q0603,planned_end,2025-06-30
XI-IATI-CWSEC-Q0803,planned_start,2021-10-01
XI-IATI-CWSEC-Q0803,planned_end,2025-06-30
XI-IATI-CWSEC-Q1001,planned_start,2021-10-01
XI-IATI-CWSEC-Q1001,planned_end,2025-06-30
XI-IATI-CWSEC-R11P04,planned_start,2025-09-30
XI-IATI-CWSEC-R11P04,planned_end,2026-06-29
XI-IATI-CWSEC-R11P05,planned_start,2025-09-30
XI-IATI-CWSEC-R11P05,planned_end,2026-06-29
XI-IATI-CWSEC-R11P06,planned_start,2025-09-30
XI-IATI-CWSEC-R11P06,planned_end,2027-06-29
XI-IATI-CWSEC-R11P07,planned_start,2025-09-30
XI-IATI-CWSEC-R11P07,planned_end,2026-06-29
XI-IATI-CWSEC-R11P09,planned_start,2025-09-30
XI-IATI-CWSEC-R11P09,planned_end,2026-06-29
XI-IATI-CWSEC-R12P01,planned_start,2025-09-30
XI-IATI-CWSEC-R12P01,planned_end,2026-06-29
XI-IATI-CWSEC-R21P01,planned_start,2025-09-30
XI-IATI-CWSEC-R21P01,planned_end,2026-06-29
XI-IATI-CWSEC-R22P01,planned_start,2025-09-30
XI-IATI-CWSEC-R22P01,planned_end,2026-06-29
XI-IATI-CWSEC-R31P01,planned_start,2025-09-30
XI-IATI-CWSEC-R31P01,planned_end,2026-06-29
XI-IATI-CWSEC-R32P01,planned_start,2025-09-30
XI-IATI-CWSEC-R32P01,planned_end,2026-06-29
XI-IATI-CWSEC-R43P01,planned_start,2025-09-30
XI-IATI-CWSEC-R43P01,planned_end,2026-06-29
XI-IATI-CWSEC-Q1301,planned_start,2021-10-01
XI-IATI-CWSEC-Q1301,planned_end,2025-06-30
XI-IATI-CWSEC-Q1302,planned_start,2021-10-01
XI-IATI-CWSEC-Q1302,planned_end,2025-06-30
XI-IATI-CWSEC-Q1401,planned_start,2021-10-01
XI-IATI-CWSEC-Q1401,planned_end,2025-06-30
XI-IATI-CWSEC-R11P03,planned_start,2025-09-30
XI-IATI-CWSEC-R11P03,planned_end,2026-06-29
XI-IATI-CWSEC-R32P02,planned_start,2025-09-30
XI-IATI-CWSEC-R32P02,planned_end,2026-06-29
XI-IATI-CWSEC-R44P01,planned_start,2025-09-30
XI-IATI-CWSEC-R44P01,planned_end,2026-06-29
XI-IATI-CWSEC-R71P03,planned_start,2025-09-30
XI-IATI-CWSEC-R71P03,planned_end,2026-06-29
BJ-IFU-4201710012551-RGS0123375-29295,planned_end,2022-06-30
BJ-IFU-4201710012551-RGS0123375-29295,planned_start,2016-11-29
BJ-IFU-4201710012551-RGS0123375-29295,actual_start,2018-01-05
BJ-IFU-6201501755307-RSG0123375-29295,planned_start,2016-11-29
BJ-IFU-6201501755307-RSG0123375-29295,actual_start,2018-01-05
BJ-IFU-6201501755307-RSG0123375-29295,planned_end,2022-06-30
BJ-IFU-5200801335602-RSG0123375-29295,planned_start,2016-11-29
BJ-IFU-5200801335602-RSG0123375-29295,actual_start,2018-01-05
BJ-IFU-5200801335602-RSG0123375-29295,planned_end,2022-06-30
XM-DAC-3-1-185092-24540,planned_start,2011-01-01
XM-DAC-3-1-185092-24540,planned_end,2015-12-31
XM-DAC-3-1-185092-24540,actual_start,2011-07-31
XM-DAC-3-1-185092-24540,actual_end,2018-05-15
XM-DAC-3-1-187132-24323,planned_end,2014-12-31
XM-DAC-3-1-187132-24323,actual_end,2017-10-03
XM-DAC-3-1-187132-24323,planned_start,2010-01-01
XM-DAC-3-1-187132-24323,actual_start,2010-12-07
XM-DAC-3-1-191966-24982,actual_start,2011-06-27
XM-DAC-3-1-191966-24982,actual_end,2016-08-29
XM-DAC-3-1-191966-24982,planned_start,2011-01-01
XM-DAC-3-1-191966-24982,planned_end,2014-12-31
XM-DAC-3-1-107049-16394,actual_start,2005-12-19
XM-DAC-3-1-107049-16394,actual_end,2015-01-26
XM-DAC-3-1-107049-16394,planned_start,2005-01-01
XM-DAC-3-1-107049-16394,planned_end,2010-12-31
XM-DAC-3-1-114412-14709,actual_start,2004-10-31
XM-DAC-3-1-114412-14709,actual_end,2019-04-09
XM-DAC-3-1-114412-14709,planned_start,1998-01-01
XM-DAC-3-1-114412-14709,planned_end,2009-12-31
XM-DAC-3-1-144397-20541,actual_end,2021-01-07
XM-DAC-3-1-144397-20541,planned_start,2007-01-01
XM-DAC-3-1-144397-20541,planned_end,2011-12-31
XM-DAC-3-1-144397-20541,actual_start,2008-03-31
XM-DAC-3-1-160285-21566,actual_start,2008-07-23
XM-DAC-3-1-160285-21566,actual_end,2015-11-18
XM-DAC-3-1-160285-21566,planned_start,2008-01-01
XM-DAC-3-1-160285-21566,planned_end,2013-12-31
XM-DAC-3-1-174458-24297,actual_start,2010-12-20
XM-DAC-3-1-174458-24297,actual_end,2017-04-21
XM-DAC-3-1-174458-24297,planned_start,2010-01-01
XM-DAC-3-1-174458-24297,planned_end,2014-12-31
XM-DAC-3-1-209288-26075,actual_start,2012-12-12
XM-DAC-3-1-209288-26075,actual_end,2016-05-31
XM-DAC-3-1-209288-26075,planned_start,2012-01-01
XM-DAC-3-1-209288-26075,planned_end,2015-12-31
XM-DAC-3-1-209288-26078,actual_start,2012-12-12
XM-DAC-3-1-209288-26078,actual_end,2016-04-07
XM-DAC-3-1-209288-26078,planned_start,2012-01-01
XM-DAC-3-1-209288-26078,planned_end,2015-12-31
XM-DAC-3-1-172859-23033,actual_start,2009-12-22
XM-DAC-3-1-172859-23033,actual_end,2017-07-06
XM-DAC-3-1-172859-23033,planned_start,2010-01-01
XM-DAC-3-1-172859-23033,planned_end,2015-12-31
XM-DAC-3-1-204943-27743,actual_start,2013-11-07
XM-DAC-3-1-204943-27743,planned_start,2013-01-01
XM-DAC-3-1-204943-27743,planned_end,2026-12-31
XM-DAC-3-1-229249-29282,planned_end,2020-06-30
XM-DAC-3-1-229249-29282,actual_start,2014-11-19
XM-DAC-3-1-229249-29282,planned_start,2014-01-01
XM-DAC-3-1-255454-30798,actual_start,2016-12-20
XM-DAC-3-1-255454-30798,actual_end,2018-09-13
XM-DAC-3-1-255454-30798,planned_start,2016-01-01
XM-DAC-3-1-255454-30798,planned_end,2020-12-31
XM-DAC-3-1-255454-31740,actual_start,2017-02-23
XM-DAC-3-1-255454-31740,actual_end,2022-05-11
XM-DAC-3-1-255454-31740,planned_start,2016-01-01
XM-DAC-3-1-255454-31740,planned_end,2020-12-31
XM-DAC-3-1-255454-31741,actual_start,2017-02-23
XM-DAC-3-1-255454-31741,actual_end,2022-05-11
XM-DAC-3-1-255454-31741,planned_start,2016-01-01
XM-DAC-3-1-255454-31741,planned_end,2020-12-31
XM-DAC-3-1-49056-19443,actual_start,2007-12-13
XM-DAC-3-1-49056-19443,actual_end,2021-01-21
XM-DAC-3-1-49056-19443,planned_start,2000-01-01
XM-DAC-3-1-49056-19443,planned_end,2011-12-31
XI-IATI-EC_INTPA-2023-ACT-61831,actual_start,2023-11-23
XI-IATI-EC_INTPA-2023-ACT-61831,planned_start,2023-11-23
XI-IATI-EC_INTPA-2023-ACT-61831,planned_end,2031-02-28
XI-IATI-EC_INTPA-2021-PCC-427597,actual_end,2023-08-18
XI-IATI-EC_INTPA-2021-PCC-427597,planned_start,2021-10-18
XI-IATI-EC_INTPA-2021-PCC-427597,actual_start,2021-10-18
XI-IATI-EC_INTPA-2021-PCC-427597,planned_end,2023-08-18
XI-IATI-EC_INTPA-2023-PC-23134,planned_start,2023-06-20
XI-IATI-EC_INTPA-2023-PC-23134,actual_start,2023-06-20
XI-IATI-EC_INTPA-2023-PC-23134,planned_end,2027-06-20
XI-IATI-EC_INTPA-2022-ACT-61306,planned_start,2022-12-16
XI-IATI-EC_INTPA-2022-ACT-61306,actual_start,2022-12-16
XI-IATI-EC_INTPA-2022-ACT-61306,planned_end,2031-02-10
XI-IATI-EC_INTPA-2023-PC-23130,planned_start,2023-09-21
XI-IATI-EC_INTPA-2023-PC-23130,actual_start,2023-09-25
XI-IATI-EC_INTPA-2023-PC-23130,planned_end,2028-01-24
XI-IATI-EC_INTPA-2025-PC-55044,planned_start,2025-07-16
XI-IATI-EC_INTPA-2025-PC-55044,actual_start,2025-07-16
XI-IATI-EC_INTPA-2025-PC-55044,planned_end,2026-01-21
XI-IATI-EC_INTPA-2025-PC-55044,actual_end,2026-01-21
XI-IATI-EC_INTPA-2023-PC-23139,planned_start,2023-05-12
XI-IATI-EC_INTPA-2023-PC-23139,actual_start,2023-05-15
XI-IATI-EC_INTPA-2023-PC-23139,planned_end,2027-03-15
XI-IATI-EC_INTPA-2023-ACT-61724,planned_start,2023-09-15
XI-IATI-EC_INTPA-2023-ACT-61724,actual_start,2023-09-15
XI-IATI-EC_INTPA-2023-ACT-61724,planned_end,2028-12-17
XI-IATI-EC_INTPA-2022-PC-21502,planned_start,2022-09-14
XI-IATI-EC_INTPA-2022-PC-21502,actual_start,2022-09-14
XI-IATI-EC_INTPA-2022-PC-21502,planned_end,2030-06-29
XI-IATI-EC_INTPA-2018-ACT-D-40701-00,planned_start,2019-06-30
XI-IATI-EC_INTPA-2018-ACT-D-40701-00,actual_start,2019-06-30
XI-IATI-EC_INTPA-2018-ACT-D-40701-00,planned_end,2032-01-30
XI-IATI-EC_INTPA-2018-ACT-D-40643-00,planned_start,2018-12-17
XI-IATI-EC_INTPA-2018-ACT-D-40643-00,actual_start,2018-12-17
XI-IATI-EC_INTPA-2018-ACT-D-40643-00,planned_end,2027-12-17
XI-IATI-EC_INTPA-2017-ACT-D-39656-00,planned_start,2018-12-17
XI-IATI-EC_INTPA-2017-ACT-D-39656-00,actual_start,2018-12-17
XI-IATI-EC_INTPA-2017-ACT-D-39656-00,planned_end,2027-12-17
XI-IATI-EC_INTPA-2021-ACT-62576,planned_start,2025-03-25
XI-IATI-EC_INTPA-2021-ACT-62576,actual_start,2024-11-14
XI-IATI-EC_INTPA-2021-ACT-62576,planned_end,2032-06-29
XI-IATI-EC_INTPA-2021-ACT-61116,planned_start,2021-12-16
XI-IATI-EC_INTPA-2021-ACT-61116,actual_start,2021-12-16
XI-IATI-EC_INTPA-2021-ACT-61116,planned_end,2030-06-29
XI-IATI-EC_INTPA-2019-PCC-410060,planned_start,2019-04-26
XI-IATI-EC_INTPA-2019-PCC-410060,actual_start,2019-06-30
XI-IATI-EC_INTPA-2019-PCC-410060,planned_end,2025-06-30
XI-IATI-EC_INTPA-2019-PCC-410060,actual_end,2025-06-30
XI-IATI-EC_INTPA-2018-PCC-404409,planned_start,2018-12-19
XI-IATI-EC_INTPA-2018-PCC-404409,actual_start,2018-12-19
XI-IATI-EC_INTPA-2018-PCC-404409,planned_end,2024-12-19
XI-IATI-EC_INTPA-2018-PCC-404409,actual_end,2024-12-19
XI-IATI-EC_INTPA-2025-PC-36947,planned_start,2025-04-29
XI-IATI-EC_INTPA-2025-PC-36947,actual_start,2025-05-01
XI-IATI-EC_INTPA-2025-PC-36947,planned_end,2027-04-30
XI-IATI-EC_INTPA-2025-PC-26320,planned_start,2025-04-26
XI-IATI-EC_INTPA-2025-PC-26320,actual_start,2025-05-01
XI-IATI-EC_INTPA-2025-PC-26320,planned_end,2026-12-31
XI-IATI-EC_INTPA-2021-PCC-428501,planned_start,2021-12-10
XI-IATI-EC_INTPA-2021-PCC-428501,actual_start,2021-12-10
XI-IATI-EC_INTPA-2021-PCC-428501,planned_end,2025-12-06
XI-IATI-EC_INTPA-2021-PCC-428501,actual_end,2025-12-06
XI-IATI-EC_INTPA-2023-ACT-61699,planned_start,2023-11-06
XI-IATI-EC_INTPA-2023-ACT-61699,actual_start,2023-11-06
XI-IATI-EC_INTPA-2023-ACT-61699,planned_end,2031-08-05
XI-IATI-EC_INTPA-2022-ACT-61508,planned_start,2022-11-23
XI-IATI-EC_INTPA-2022-ACT-61508,actual_start,2022-11-23
XI-IATI-EC_INTPA-2022-ACT-61508,planned_end,2032-07-09
XI-IATI-EC_INTPA-2024-PC-26908,planned_start,2024-08-05
XI-IATI-EC_INTPA-2024-PC-26908,actual_start,2024-08-05
XI-IATI-EC_INTPA-2024-PC-26908,planned_end,2027-08-05
XI-IATI-EC_INTPA-2023-PC-25147,planned_start,2023-07-10
XI-IATI-EC_INTPA-2023-PC-25147,actual_start,2023-07-10
XI-IATI-EC_INTPA-2023-PC-25147,planned_end,2024-07-10
XI-IATI-EC_INTPA-2023-PC-25147,actual_end,2024-07-10
XI-IATI-EC_INTPA-2023-PC-41431,actual_start,2023-07-10
XI-IATI-EC_INTPA-2023-PC-41431,planned_start,2023-07-10
XI-IATI-EC_INTPA-2023-PC-41431,planned_end,2026-07-09
XI-IATI-EC_INTPA-2023-PC-41431,actual_end,2026-07-09
XI-IATI-EC_INTPA-2023-PC-25043,planned_start,2023-08-24
XI-IATI-EC_INTPA-2023-PC-25043,actual_start,2023-08-29
XI-IATI-EC_INTPA-2023-PC-25043,planned_end,2026-06-25
XI-IATI-EC_INTPA-2023-PC-25043,actual_end,2026-06-25
XI-IATI-EC_INTPA-2024-PC-25155,planned_start,2024-10-08
XI-IATI-EC_INTPA-2024-PC-25155,actual_start,2024-10-08
XI-IATI-EC_INTPA-2024-PC-25155,planned_end,2027-10-07
XI-IATI-EC_INTPA-2023-PC-25042,planned_start,2023-08-31
XI-IATI-EC_INTPA-2023-PC-25042,actual_start,2023-09-01
XI-IATI-EC_INTPA-2023-PC-25042,planned_end,2028-08-31
XI-IATI-EC_INTPA-2022-ACT-60736,actual_start,2022-12-12
XI-IATI-EC_INTPA-2022-ACT-60736,planned_start,2022-12-12
XI-IATI-EC_INTPA-2022-ACT-60736,planned_end,2029-07-03
XI-IATI-EC_INTPA-2023-PC-25058,planned_start,2023-11-27
XI-IATI-EC_INTPA-2023-PC-25058,actual_start,2023-11-27
XI-IATI-EC_INTPA-2023-PC-25058,planned_end,2027-11-27
XI-IATI-EC_INTPA-2008-ACT-D-20972-01,planned_start,2009-05-08
XI-IATI-EC_INTPA-2008-ACT-D-20972-01,actual_start,2009-05-08
XI-IATI-EC_INTPA-2008-ACT-D-20972-01,planned_end,2021-12-08
XI-IATI-EC_INTPA-2021-ACT-61083,planned_start,2021-12-16
XI-IATI-EC_INTPA-2021-ACT-61083,actual_start,2021-12-16
XI-IATI-EC_INTPA-2021-ACT-61083,planned_end,2025-12-20
XI-IATI-EC_INTPA-2022-PC-20222,actual_start,2022-09-19
XI-IATI-EC_INTPA-2022-PC-20222,planned_start,2022-09-19
XI-IATI-EC_INTPA-2022-PC-20222,planned_end,2027-09-19
XI-IATI-EC_INTPA-2023-PC-27590,planned_end,2027-08-31
XI-IATI-EC_INTPA-2023-PC-27590,planned_start,2023-09-27
XI-IATI-EC_INTPA-2023-PC-27590,actual_start,2023-11-01
XI-IATI-EC_INTPA-2022-ACT-60987,planned_end,2028-05-04
XI-IATI-EC_INTPA-2022-ACT-60987,planned_start,2022-11-16
XI-IATI-EC_INTPA-2022-ACT-60987,actual_start,2022-11-16
XI-IATI-EC_INTPA-2021-ACT-61078,planned_start,2021-12-16
XI-IATI-EC_INTPA-2021-ACT-61078,actual_start,2021-12-16
XI-IATI-EC_INTPA-2021-ACT-61078,planned_end,2027-09-19
XI-IATI-EC_INTPA-2024-PC-27708,planned_start,2024-08-02
XI-IATI-EC_INTPA-2024-PC-27708,actual_start,2024-08-05
XI-IATI-EC_INTPA-2024-PC-27708,planned_end,2027-08-04
XI-IATI-EC_INTPA-2023-PC-27690,planned_start,2023-12-26
XI-IATI-EC_INTPA-2023-PC-27690,actual_start,2024-01-01
XI-IATI-EC_INTPA-2023-PC-27690,planned_end,2026-12-31
XI-IATI-EC_INTPA-2023-PC-27689,actual_start,2023-05-05
XI-IATI-EC_INTPA-2023-PC-27689,planned_start,2023-05-05
XI-IATI-EC_INTPA-2023-PC-27689,planned_end,2027-05-05
XI-IATI-EC_INTPA-2016-ACT-D-38574-01,planned_start,2016-12-07
XI-IATI-EC_INTPA-2016-ACT-D-38574-01,actual_start,2016-12-07
XI-IATI-EC_INTPA-2016-ACT-D-38574-01,planned_end,2025-06-07
XI-IATI-EC_INTPA-2020-PCC-417520,planned_start,2020-08-18
XI-IATI-EC_INTPA-2020-PCC-417520,actual_start,2020-08-21
XI-IATI-EC_INTPA-2020-PCC-417520,planned_end,2022-01-01
XI-IATI-EC_INTPA-2020-PCC-417520,actual_end,2022-01-01
XI-IATI-EC_INTPA-2023-PC-27358,planned_end,2023-10-08
XI-IATI-EC_INTPA-2023-PC-27358,planned_start,2023-07-07
XI-IATI-EC_INTPA-2023-PC-27358,actual_start,2023-07-10
XI-IATI-EC_INTPA-2023-PC-27358,actual_end,2023-10-08
XI-IATI-EC_INTPA-2021-PCC-417549,planned_start,2021-02-15
XI-IATI-EC_INTPA-2021-PCC-417549,actual_start,2021-03-15
XI-IATI-EC_INTPA-2021-PCC-417549,planned_end,2022-07-15
XI-IATI-EC_INTPA-2021-PCC-417549,actual_end,2022-07-15
XI-IATI-EC_INTPA-2016-ACT-D-38564-01,planned_end,2025-06-13
XI-IATI-EC_INTPA-2016-ACT-D-38564-01,planned_start,2016-10-13
XI-IATI-EC_INTPA-2016-ACT-D-38564-01,actual_start,2016-10-13
XI-IATI-EC_INTPA-2016-ACT-D-38569-00,actual_start,2016-12-07
XI-IATI-EC_INTPA-2016-ACT-D-38569-00,planned_start,2016-12-07
XI-IATI-EC_INTPA-2016-ACT-D-38569-00,planned_end,2024-12-07
XI-IATI-EC_INTPA-2016-ACT-D-38575-00,planned_start,2017-02-27
XI-IATI-EC_INTPA-2016-ACT-D-38575-00,actual_start,2017-02-27
XI-IATI-EC_INTPA-2016-ACT-D-38575-00,planned_end,2025-02-27
XI-IATI-EC_INTPA-2022-PC-21515,planned_start,2022-12-31
XI-IATI-EC_INTPA-2022-PC-21515,actual_start,2022-12-31
XI-IATI-EC_INTPA-2022-PC-21515,planned_end,2024-12-01
XI-IATI-EC_INTPA-2022-PC-21515,actual_end,2024-12-01
XI-IATI-EC_INTPA-2019-ACT-D-42209-00,planned_start,2019-12-13
XI-IATI-EC_INTPA-2019-ACT-D-42209-00,actual_start,2019-12-13
XI-IATI-EC_INTPA-2019-ACT-D-42209-00,planned_end,2024-12-13
XI-IATI-EC_INTPA-2023-PC-18126,planned_start,2023-05-17
XI-IATI-EC_INTPA-2023-PC-18126,actual_start,2023-06-01
XI-IATI-EC_INTPA-2023-PC-18126,planned_end,2025-09-01
XI-IATI-EC_INTPA-2023-PC-18126,actual_end,2025-09-01
XI-IATI-EC_INTPA-2019-PCC-407596,actual_end,2022-04-11
XI-IATI-EC_INTPA-2019-PCC-407596,planned_start,2019-10-10
XI-IATI-EC_INTPA-2019-PCC-407596,actual_start,2019-10-11
XI-IATI-EC_INTPA-2019-PCC-407596,planned_end,2022-04-11
XI-IATI-EC_INTPA-2020-ACT-D-42401-00,planned_start,2020-06-12
XI-IATI-EC_INTPA-2020-ACT-D-42401-00,actual_start,2020-06-12
XI-IATI-EC_INTPA-2020-ACT-D-42401-00,planned_end,2030-06-12
XI-IATI-EC_INTPA-2019-PCC-404038,planned_start,2019-01-16
XI-IATI-EC_INTPA-2019-PCC-404038,actual_start,2019-03-01
XI-IATI-EC_INTPA-2019-PCC-404038,planned_end,2022-02-14
XI-IATI-EC_INTPA-2019-PCC-404038,actual_end,2022-02-14
XI-IATI-EC_INTPA-2022-PCC-436209,planned_start,2022-09-14
XI-IATI-EC_INTPA-2022-PCC-436209,actual_start,2022-09-14
XI-IATI-EC_INTPA-2022-PCC-436209,planned_end,2023-09-14
XI-IATI-EC_INTPA-2022-PCC-436209,actual_end,2023-09-14
XI-IATI-EC_INTPA-2021-PCC-422434,planned_start,2021-02-15
XI-IATI-EC_INTPA-2021-PCC-422434,actual_start,2021-03-15
XI-IATI-EC_INTPA-2021-PCC-422434,planned_end,2022-07-15
XI-IATI-EC_INTPA-2021-PCC-422434,actual_end,2022-07-15
XI-IATI-EC_INTPA-2023-PC-25426,planned_start,2023-06-09
XI-IATI-EC_INTPA-2023-PC-25426,actual_start,2023-06-13
XI-IATI-EC_INTPA-2023-PC-25426,planned_end,2028-06-13
XI-IATI-EC_INTPA-2018-PCC-383693,planned_start,2018-03-30
XI-IATI-EC_INTPA-2018-PCC-383693,actual_start,2018-04-01
XI-IATI-EC_INTPA-2018-PCC-383693,planned_end,2022-07-01
XI-IATI-EC_INTPA-2018-PCC-383693,actual_end,2022-07-01
XI-IATI-EC_INTPA-2018-PCC-397536,planned_start,2018-05-14
XI-IATI-EC_INTPA-2018-PCC-397536,actual_start,2018-06-01
XI-IATI-EC_INTPA-2018-PCC-397536,planned_end,2022-08-01
XI-IATI-EC_INTPA-2018-PCC-397536,actual_end,2022-08-01
XI-IATI-EC_INTPA-2023-PC-25538,planned_start,2023-11-01
XI-IATI-EC_INTPA-2023-PC-25538,actual_start,2023-11-01
XI-IATI-EC_INTPA-2023-PC-25538,planned_end,2027-11-01
XI-IATI-EC_INTPA-2019-ACT-D-40019-00,planned_start,2019-08-05
XI-IATI-EC_INTPA-2019-ACT-D-40019-00,actual_start,2019-08-05
XI-IATI-EC_INTPA-2019-ACT-D-40019-00,planned_end,2029-01-04
XI-IATI-EC_INTPA-2020-ACT-D-38966-00,planned_start,2021-12-06
XI-IATI-EC_INTPA-2020-ACT-D-38966-00,actual_start,2021-12-06
XI-IATI-EC_INTPA-2020-ACT-D-38966-00,planned_end,2027-12-05
XI-IATI-EC_INTPA-2020-ACT-D-40118-00,planned_start,2021-12-06
XI-IATI-EC_INTPA-2020-ACT-D-40118-00,actual_start,2021-12-06
XI-IATI-EC_INTPA-2020-ACT-D-40118-00,planned_end,2032-12-05
XI-IATI-EC_INTPA-2019-PCC-410047,planned_start,2019-12-23
XI-IATI-EC_INTPA-2019-PCC-410047,actual_start,2021-01-01
XI-IATI-EC_INTPA-2019-PCC-410047,planned_end,2026-09-30
XI-IATI-EC_INTPA-2014-ACT-D-25027-00,planned_start,2015-06-05
XI-IATI-EC_INTPA-2014-ACT-D-25027-00,actual_start,2015-06-05
XI-IATI-EC_INTPA-2014-ACT-D-25027-00,planned_end,2026-02-04
XI-IATI-EC_INTPA-2023-ACT-60734,planned_start,2023-04-26
XI-IATI-EC_INTPA-2023-ACT-60734,actual_start,2023-04-26
XI-IATI-EC_INTPA-2023-ACT-60734,planned_end,2031-11-01
XI-IATI-EC_INTPA-2019-PCC-409406,actual_end,2024-01-01
XI-IATI-EC_INTPA-2019-PCC-409406,planned_end,2024-01-01
XI-IATI-EC_INTPA-2019-PCC-409406,planned_start,2019-08-28
XI-IATI-EC_INTPA-2019-PCC-409406,actual_start,2019-08-28
XI-IATI-EC_INTPA-2023-ACT-62014,planned_start,2023-12-20
XI-IATI-EC_INTPA-2023-ACT-62014,actual_start,2023-12-20
XI-IATI-EC_INTPA-2023-ACT-62014,planned_end,2032-06-13
XI-IATI-EC_INTPA-2021-PCC-428633,planned_start,2021-12-08
XI-IATI-EC_INTPA-2021-PCC-428633,actual_start,2021-12-08
XI-IATI-EC_INTPA-2021-PCC-428633,planned_end,2025-12-05
XI-IATI-EC_INTPA-2021-PCC-428633,actual_end,2025-12-05
XI-IATI-EC_INTPA-2024-PC-25551,planned_start,2024-11-14
XI-IATI-EC_INTPA-2024-PC-25551,actual_start,2024-11-14
XI-IATI-EC_INTPA-2024-PC-25551,planned_end,2028-05-14
XI-IATI-EC_INTPA-2024-PC-37405,planned_start,2024-11-13
XI-IATI-EC_INTPA-2024-PC-37405,actual_start,2024-11-13
XI-IATI-EC_INTPA-2024-PC-37405,planned_end,2029-11-13
XI-IATI-EC_INTPA-2022-ACT-61489,planned_end,2028-12-21
XI-IATI-EC_INTPA-2022-ACT-61489,planned_start,2022-12-20
XI-IATI-EC_INTPA-2022-ACT-61489,actual_start,2022-12-20
XI-IATI-EC_INTPA-2018-ACT-D-39315-00,actual_start,2018-12-27
XI-IATI-EC_INTPA-2018-ACT-D-39315-00,planned_start,2018-12-27
XI-IATI-EC_INTPA-2018-ACT-D-39315-00,planned_end,2024-12-27
XI-IATI-EC_INTPA-2019-ACT-D-41940-00,planned_start,2020-10-27
XI-IATI-EC_INTPA-2019-PCC-413782,planned_start,2019-12-02
XI-IATI-EC_INTPA-2019-PCC-413782,actual_start,2019-12-02
XI-IATI-EC_INTPA-2019-PCC-413782,planned_end,2027-11-02
XI-IATI-EC_INTPA-2019-ACT-D-41940-00,actual_start,2020-10-27
XI-IATI-EC_INTPA-2019-ACT-D-41940-00,planned_end,2027-10-27
XI-IATI-EC_INTPA-2019-PCC-409671,planned_start,2019-09-10
XI-IATI-EC_INTPA-2019-PCC-409671,actual_start,2019-09-16
XI-IATI-EC_INTPA-2019-PCC-409671,planned_end,2028-04-16
XI-IATI-EC_INTPA-2022-PCC-431645,planned_start,2022-03-07
XI-IATI-EC_INTPA-2022-PCC-431645,actual_start,2022-03-15
XI-IATI-EC_INTPA-2022-PCC-431645,planned_end,2025-10-28
XI-IATI-EC_INTPA-2022-PCC-431645,actual_end,2025-10-28
XI-IATI-EC_INTPA-2016-ACT-D-39312-00,planned_start,2017-06-01
XI-IATI-EC_INTPA-2016-ACT-D-39312-00,actual_start,2017-06-01
XI-IATI-EC_INTPA-2016-ACT-D-39312-00,planned_end,2025-12-01
XI-IATI-EC_INTPA-2018-PCC-397670,planned_start,2018-12-23
XI-IATI-EC_INTPA-2018-PCC-397670,actual_start,2018-12-23
XI-IATI-EC_INTPA-2018-PCC-397670,planned_end,2023-06-22
XI-IATI-EC_INTPA-2018-PCC-397670,actual_end,2023-06-22
XI-IATI-EC_INTPA-2023-PC-26293,planned_start,2023-12-21
XI-IATI-EC_INTPA-2023-PC-26293,actual_start,2023-12-21
XI-IATI-EC_INTPA-2023-PC-26293,planned_end,2027-12-21
XI-IATI-EC_INTPA-2026-PC-26307,planned_start,2026-07-22
XI-IATI-EC_INTPA-2026-PC-26307,planned_end,2028-12-16
XI-IATI-EC_INTPA-2021-PC-1116,planned_start,2021-03-26
XI-IATI-EC_INTPA-2021-PC-1116,actual_start,2021-05-03
XI-IATI-EC_INTPA-2021-PC-1116,planned_end,2024-10-16
XI-IATI-EC_INTPA-2021-PC-1116,actual_end,2024-10-16
XI-IATI-EC_INTPA-2024-PC-36292,actual_start,2024-07-06
XI-IATI-EC_INTPA-2024-PC-36292,planned_start,2024-07-06
XI-IATI-EC_INTPA-2024-PC-36292,planned_end,2028-07-06
XI-IATI-EC_INTPA-2017-PCC-392914,planned_start,2017-11-24
XI-IATI-EC_INTPA-2017-PCC-392914,actual_start,2017-11-25
XI-IATI-EC_INTPA-2017-PCC-392914,planned_end,2029-11-25
XI-IATI-EC_INTPA-2017-ACT-D-39674-04,planned_start,2017-11-25
XI-IATI-EC_INTPA-2017-ACT-D-39674-04,actual_start,2017-11-25
XI-IATI-EC_INTPA-2017-ACT-D-39674-04,planned_end,2031-11-25
XI-IATI-EC_INTPA-2020-ACT-D-38561-00,planned_start,2020-06-04
XI-IATI-EC_INTPA-2017-ACT-D-40031-01,planned_start,2017-11-09
XI-IATI-EC_INTPA-2017-ACT-D-40031-01,actual_start,2017-11-09
XI-IATI-EC_INTPA-2017-ACT-D-40031-01,planned_end,2028-05-09
XI-IATI-EC_INTPA-2020-ACT-D-38561-00,actual_start,2020-06-04
XI-IATI-EC_INTPA-2020-ACT-D-38561-00,planned_end,2027-06-04
XI-IATI-EC_INTPA-2023-PC-36658,planned_start,2023-12-14
XI-IATI-EC_INTPA-2023-PC-36658,actual_start,2023-12-14
XI-IATI-EC_INTPA-2023-PC-36658,planned_end,2027-12-14
XI-IATI-EC_INTPA-2023-ACT-61606,planned_start,2023-10-03
XI-IATI-EC_INTPA-2023-ACT-61606,actual_start,2023-10-03
XI-IATI-EC_INTPA-2023-ACT-61606,planned_end,2030-12-14
XI-IATI-EC_INTPA-2025-PC-36663,planned_end,2027-12-13
XI-IATI-EC_INTPA-2025-PC-36663,planned_start,2025-04-14
XI-IATI-EC_INTPA-2025-PC-36663,actual_start,2025-04-14
XI-IATI-EC_INTPA-2024-ACT-62007,planned_start,2024-04-11
XI-IATI-EC_INTPA-2024-ACT-62007,actual_start,2024-04-11
XI-IATI-EC_INTPA-2024-ACT-62007,planned_end,2028-09-05
XI-IATI-EC_INTPA-2022-ACT-D-44510-00,planned_start,2022-12-28
XI-IATI-EC_INTPA-2022-ACT-D-44510-00,actual_start,2022-12-28
XI-IATI-EC_INTPA-2022-ACT-D-44510-00,planned_end,2038-12-28
XI-IATI-EC_INTPA-2022-PC-21486,planned_start,2022-12-05
XI-IATI-EC_INTPA-2022-PC-21486,actual_start,2022-12-06
XI-IATI-EC_INTPA-2022-PC-21486,planned_end,2026-01-01
XI-IATI-EC_INTPA-2022-PC-21486,actual_end,2026-01-01
XI-IATI-EC_INTPA-2026-PC-83853,planned_start,2026-07-01
XI-IATI-EC_INTPA-2026-PC-83853,actual_start,2026-07-01
XI-IATI-EC_INTPA-2026-PC-83853,planned_end,2027-12-31
XI-IATI-EC_INTPA-2021-PC-7879,planned_start,2021-12-08
XI-IATI-EC_INTPA-2021-PC-7879,actual_start,2021-12-08
XI-IATI-EC_INTPA-2021-PC-7879,planned_end,2023-03-22
XI-IATI-EC_INTPA-2021-PC-7879,actual_end,2023-03-22
XI-IATI-EC_INTPA-2019-PCC-408616,actual_start,2019-08-07
XI-IATI-EC_INTPA-2019-PCC-408616,planned_end,2025-01-01
XI-IATI-EC_INTPA-2019-PCC-408616,planned_start,2019-07-22
XI-IATI-EC_INTPA-2019-PCC-408616,actual_end,2025-01-01
XI-IATI-EC_INTPA-2022-PC-16749,planned_start,2022-11-08
XI-IATI-EC_INTPA-2022-PC-16749,actual_start,2022-11-08
XI-IATI-EC_INTPA-2022-PC-16749,planned_end,2024-05-30
XI-IATI-EC_INTPA-2022-PC-16749,actual_end,2024-05-30
XI-IATI-EC_INTPA-2023-PC-21484,planned_end,2026-01-10
XI-IATI-EC_INTPA-2023-PC-21484,planned_start,2023-06-30
XI-IATI-EC_INTPA-2023-PC-21484,actual_start,2023-07-10
XI-IATI-EC_INTPA-2023-PC-21484,actual_end,2026-01-10
XI-IATI-EC_INTPA-2025-PC-36398,planned_start,2025-08-20
XI-IATI-EC_INTPA-2025-PC-36398,actual_start,2025-09-01
XI-IATI-EC_INTPA-2025-PC-36398,planned_end,2028-08-31
XI-IATI-EC_INTPA-2023-PC-32262,planned_start,2023-08-31
XI-IATI-EC_INTPA-2023-PC-32262,actual_start,2023-09-05
XI-IATI-EC_INTPA-2023-PC-32262,planned_end,2025-05-01
XI-IATI-EC_INTPA-2023-PC-32262,actual_end,2025-05-01
XI-IATI-EC_INTPA-2019-PCC-412775,planned_start,2019-12-15
XI-IATI-EC_INTPA-2019-PCC-412775,actual_start,2020-01-06
XI-IATI-EC_INTPA-2019-PCC-412775,planned_end,2024-06-06
XI-IATI-EC_INTPA-2019-PCC-412775,actual_end,2024-06-06
XI-IATI-EC_INTPA-2023-PC-18143,planned_start,2023-09-01
XI-IATI-EC_INTPA-2023-PC-18143,actual_start,2023-09-04
XI-IATI-EC_INTPA-2023-PC-18143,planned_end,2024-08-15
XI-IATI-EC_INTPA-2023-PC-18143,actual_end,2024-08-15
XI-IATI-EC_INTPA-2024-PC-27305,planned_start,2024-09-30
XI-IATI-EC_INTPA-2024-PC-27305,actual_start,2024-09-30
XI-IATI-EC_INTPA-2024-PC-27305,planned_end,2027-09-29
XI-IATI-EC_INTPA-2023-ACT-62246,planned_start,2023-12-01
XI-IATI-EC_INTPA-2023-ACT-62246,actual_start,2023-12-01
XI-IATI-EC_INTPA-2023-ACT-62246,planned_end,2030-12-19
XI-IATI-EC_INTPA-2023-ACT-61910,planned_start,2023-12-20
XI-IATI-EC_INTPA-2023-ACT-61910,actual_start,2023-12-20
XI-IATI-EC_INTPA-2023-ACT-61910,planned_end,2032-09-30
XI-IATI-EC_INTPA-2021-ACT-61102,planned_start,2021-12-20
XI-IATI-EC_INTPA-2021-ACT-61102,actual_start,2021-12-20
XI-IATI-EC_INTPA-2021-ACT-61102,planned_end,2026-05-20
XI-IATI-EC_INTPA-2026-PC-38372,planned_start,2026-04-21
XI-IATI-EC_INTPA-2020-ACT-D-42454-00,planned_start,2021-09-27
XI-IATI-EC_INTPA-2020-ACT-D-42454-00,actual_start,2021-09-27
XI-IATI-EC_INTPA-2020-ACT-D-42454-00,planned_end,2028-09-27
XI-IATI-EC_INTPA-2026-PC-38372,actual_start,2026-04-15
XI-IATI-EC_INTPA-2026-PC-38372,planned_end,2028-04-14
XI-IATI-EC_INTPA-2022-PC-17800,planned_start,2022-05-20
XI-IATI-EC_INTPA-2019-ACT-D-41517-00,planned_start,2020-05-07
XI-IATI-EC_INTPA-2019-ACT-D-41517-00,actual_start,2020-05-07
XI-IATI-EC_INTPA-2019-ACT-D-41517-00,planned_end,2027-01-31
XI-IATI-EC_INTPA-2022-PC-17800,actual_start,2022-05-20
XI-IATI-EC_INTPA-2022-PC-17800,planned_end,2024-05-19
XI-IATI-EC_INTPA-2022-PC-17800,actual_end,2024-05-19
XI-IATI-EC_INTPA-2024-PC-37206,planned_start,2024-06-19
XI-IATI-EC_INTPA-2024-PC-37206,actual_start,2024-06-19
XI-IATI-EC_INTPA-2024-PC-37206,planned_end,2027-06-18
XI-IATI-EC_INTPA-2015-ACT-D-38302-01,planned_start,2016-08-26
XI-IATI-EC_INTPA-2015-ACT-D-38302-01,actual_start,2016-08-26
XI-IATI-EC_INTPA-2015-ACT-D-38302-01,planned_end,2022-08-26
XI-IATI-EC_INTPA-2022-ACT-61483,planned_start,2022-12-16
XI-IATI-EC_INTPA-2022-ACT-61483,actual_start,2022-12-16
XI-IATI-EC_INTPA-2022-ACT-61483,planned_end,2029-12-19
XI-IATI-EC_INTPA-2019-ACT-D-41264-00,actual_start,2019-12-19
XI-IATI-EC_INTPA-2019-ACT-D-41264-00,planned_start,2019-12-19
XI-IATI-EC_INTPA-2019-ACT-D-41264-00,planned_end,2027-12-19
XI-IATI-EC_INTPA-2021-ACT-61633,planned_start,2025-12-23
XI-IATI-EC_INTPA-2021-ACT-61633,actual_start,2023-02-27
XI-IATI-EC_INTPA-2021-ACT-61633,planned_end,2031-11-21
XI-IATI-EC_INTPA-2024-PC-41558,planned_start,2024-09-30
XI-IATI-EC_INTPA-2015-ACT-D-38302-02,planned_start,2016-08-26
XI-IATI-EC_INTPA-2015-ACT-D-38302-02,actual_start,2016-08-26
XI-IATI-EC_INTPA-2015-ACT-D-38302-02,planned_end,2022-08-26
XI-IATI-EC_INTPA-2024-PC-41558,actual_start,2024-11-01
XI-IATI-EC_INTPA-2024-PC-41558,planned_end,2026-09-24
XI-IATI-EC_INTPA-2025-PC-50869,planned_start,2025-06-05
XI-IATI-EC_INTPA-2025-PC-50869,actual_start,2025-06-05
XI-IATI-EC_INTPA-2025-PC-50869,planned_end,2026-01-31
XI-IATI-EC_INTPA-2025-PC-50869,actual_end,2026-01-31
XI-IATI-EC_INTPA-2024-PC-53145,planned_start,2024-12-23
XI-IATI-EC_INTPA-2024-PC-53145,actual_start,2025-03-05
XI-IATI-EC_INTPA-2024-PC-53145,planned_end,2029-03-04
XI-IATI-EC_INTPA-2023-ACT-61846,planned_end,2029-11-20
XI-IATI-EC_INTPA-2023-ACT-61846,planned_start,2023-11-06
XI-IATI-EC_INTPA-2023-ACT-61846,actual_start,2023-11-06
XI-IATI-EC_INTPA-2020-PCC-416581,planned_start,2020-10-28
XI-IATI-EC_INTPA-2020-PCC-416581,actual_start,2021-01-01
XI-IATI-EC_INTPA-2020-PCC-416581,planned_end,2024-10-31
XI-IATI-EC_INTPA-2020-PCC-416581,actual_end,2024-10-31
XI-IATI-EC_INTPA-2024-PC-36587,planned_start,2024-10-29
XI-IATI-EC_INTPA-2024-PC-36587,actual_start,2024-11-01
XI-IATI-EC_INTPA-2024-PC-36587,planned_end,2026-11-04
XI-IATI-EC_INTPA-2025-PC-49555,planned_start,2025-06-05
XI-IATI-EC_INTPA-2025-PC-49555,actual_start,2025-07-07
XI-IATI-EC_INTPA-2025-PC-49555,planned_end,2026-05-04
XI-IATI-EC_INTPA-2025-PC-49555,actual_end,2026-05-04
XI-IATI-EC_INTPA-2024-PC-27309,planned_start,2024-09-03
XI-IATI-EC_INTPA-2024-PC-27309,actual_start,2025-03-04
XI-IATI-EC_INTPA-2024-PC-27309,planned_end,2028-03-03
XI-IATI-EC_INTPA-2024-PC-27308,planned_start,2024-07-10
XI-IATI-EC_INTPA-2024-PC-27308,actual_start,2024-10-31
XI-IATI-EC_INTPA-2024-PC-27308,planned_end,2027-10-31
XI-IATI-EC_INTPA-2021-PCC-429840,planned_start,2021-12-16
XI-IATI-EC_INTPA-2021-PCC-429840,actual_start,2021-12-17
XI-IATI-EC_INTPA-2021-PCC-429840,planned_end,2025-12-17
XI-IATI-EC_INTPA-2021-PCC-429840,actual_end,2025-12-17
XI-IATI-EC_INTPA-2023-PC-28421,planned_start,2023-11-20
XI-IATI-EC_INTPA-2022-ACT-61302,actual_start,2022-12-29
XI-IATI-EC_INTPA-2022-ACT-61302,planned_start,2022-12-29
XI-IATI-EC_INTPA-2023-PC-28421,actual_start,2023-11-20
XI-IATI-EC_INTPA-2022-ACT-61302,planned_end,2029-06-13
XI-IATI-EC_INTPA-2023-PC-28421,planned_end,2027-11-19
XI-IATI-EC_INTPA-2021-PCC-428224,planned_start,2021-11-11
XI-IATI-EC_INTPA-2021-PCC-428224,actual_start,2021-11-15
XI-IATI-EC_INTPA-2021-PCC-428224,planned_end,2025-11-15
XI-IATI-EC_INTPA-2021-PCC-428224,actual_end,2025-11-15
XI-IATI-EC_INTPA-2026-PC-75852,planned_start,2026-03-18
XI-IATI-EC_INTPA-2026-PC-75852,actual_start,2026-03-18
XI-IATI-EC_INTPA-2026-PC-75852,planned_end,2027-03-18
XI-IATI-EC_INTPA-2024-PC-36591,planned_start,2024-12-19
XI-IATI-EC_INTPA-2024-PC-36591,actual_start,2025-02-20
XI-IATI-EC_INTPA-2024-PC-36591,planned_end,2027-11-19
XI-IATI-EC_INTPA-2022-PC-21817,planned_start,2022-12-12
XI-IATI-EC_INTPA-2023-PC-25625,planned_start,2023-11-17
XI-IATI-EC_INTPA-2023-PC-25625,actual_start,2023-11-17
XI-IATI-EC_INTPA-2022-PC-21817,actual_start,2023-01-28
XI-IATI-EC_INTPA-2023-PC-25625,planned_end,2027-11-17
XI-IATI-EC_INTPA-2022-PC-21817,planned_end,2025-12-20
XI-IATI-EC_INTPA-2022-PC-21817,actual_end,2025-12-20
XI-IATI-EC_INTPA-2021-ACT-63101,planned_start,2025-11-27
XI-IATI-EC_INTPA-2021-ACT-63101,planned_end,2030-11-27
XI-IATI-EC_INTPA-2025-PC-53764,planned_start,2025-12-27
XI-IATI-EC_INTPA-2025-PC-53764,actual_start,2025-11-27
XI-IATI-EC_INTPA-2025-PC-53764,planned_end,2028-11-27
XI-IATI-EC_INTPA-2021-ACT-60940,planned_start,2021-12-16
XI-IATI-EC_INTPA-2021-ACT-60940,actual_start,2021-12-16
XI-IATI-EC_INTPA-2021-ACT-60940,planned_end,2029-12-20
XI-IATI-EC_INTPA-2022-PC-24334,planned_start,2022-12-20
XI-IATI-EC_INTPA-2022-PC-24334,actual_start,2022-12-22
XI-IATI-EC_INTPA-2022-PC-24334,planned_end,2024-12-21
XI-IATI-EC_INTPA-2022-PC-24334,actual_end,2024-12-21
XI-IATI-EC_INTPA-2021-PCC-430941,planned_start,2021-12-20
XI-IATI-EC_INTPA-2021-PCC-430941,actual_start,2021-12-20
XI-IATI-EC_INTPA-2021-PCC-430941,planned_end,2022-12-20
XI-IATI-EC_INTPA-2021-PCC-430941,actual_end,2022-12-20
XI-IATI-EC_INTPA-2018-ACT-D-40855-00,actual_start,2018-07-17
XI-IATI-EC_INTPA-2018-ACT-D-40855-00,planned_start,2018-07-17
XI-IATI-EC_INTPA-2018-ACT-D-40855-00,planned_end,2025-07-17
XI-IATI-EC_INTPA-2018-ACT-D-41630-00,planned_start,2019-06-19
XI-IATI-EC_INTPA-2018-ACT-D-41630-00,actual_start,2019-06-19
XI-IATI-EC_INTPA-2018-ACT-D-41630-00,planned_end,2024-12-19
XI-IATI-EC_INTPA-2016-ACT-D-38386-00,planned_start,2016-12-09
XI-IATI-EC_INTPA-2016-ACT-D-38386-00,actual_start,2016-12-09
XI-IATI-EC_INTPA-2016-ACT-D-38386-00,planned_end,2029-12-09
XI-IATI-EC_INTPA-2019-ACT-D-40939-00,planned_start,2019-07-22
XI-IATI-EC_INTPA-2019-ACT-D-40939-00,actual_start,2019-07-22
XI-IATI-EC_INTPA-2019-ACT-D-40939-00,planned_end,2030-04-22
XI-IATI-EC_INTPA-2025-PC-55340,planned_start,2025-12-03
XI-IATI-EC_INTPA-2025-PC-55340,actual_start,2025-12-02
XI-IATI-EC_INTPA-2025-PC-55340,planned_end,2029-12-01
XI-IATI-EC_INTPA-2019-ACT-D-42051-00,planned_start,2020-11-27
XI-IATI-EC_INTPA-2019-ACT-D-42051-00,actual_start,2020-11-27
XI-IATI-EC_INTPA-2019-ACT-D-42051-00,planned_end,2027-11-27
XI-IATI-EC_INTPA-2015-ACT-D-38731-01,planned_start,2016-11-30
XI-IATI-EC_INTPA-2015-ACT-D-38731-01,actual_start,2016-11-30
XI-IATI-EC_INTPA-2015-ACT-D-38731-01,planned_end,2022-11-30
XI-IATI-EC_INTPA-2022-ACT-60692,planned_end,2028-07-30
XI-IATI-EC_INTPA-2022-ACT-60692,planned_start,2022-12-20
XI-IATI-EC_INTPA-2022-ACT-60692,actual_start,2022-12-20
XI-IATI-EC_INTPA-2020-PCC-421423,planned_start,2020-11-09
XI-IATI-EC_INTPA-2020-PCC-421423,actual_start,2020-11-27
XI-IATI-EC_INTPA-2020-PCC-421423,planned_end,2025-11-27
XI-IATI-EC_INTPA-2020-PCC-421423,actual_end,2025-11-27
XI-IATI-EC_INTPA-2017-ACT-D-39228-00,planned_start,2018-12-03
XI-IATI-EC_INTPA-2017-ACT-D-39228-00,actual_start,2018-12-03
XI-IATI-EC_INTPA-2017-ACT-D-39228-00,planned_end,2026-06-03
XI-IATI-EC_INTPA-2022-PC-21579,planned_start,2022-12-01
XI-IATI-EC_INTPA-2022-PC-21579,actual_start,2023-01-02
XI-IATI-EC_INTPA-2022-PC-21579,planned_end,2025-11-02
XI-IATI-EC_INTPA-2022-PC-21579,actual_end,2025-11-02
XI-IATI-EC_INTPA-2021-ACT-62799,planned_start,2025-12-03
XI-IATI-EC_INTPA-2021-ACT-62799,actual_start,2024-07-31
XI-IATI-EC_INTPA-2021-ACT-62799,planned_end,2029-12-03
XI-IATI-EC_INTPA-2021-PCC-428606,planned_start,2021-11-23
XI-IATI-EC_INTPA-2021-PCC-428606,actual_start,2021-12-01
XI-IATI-EC_INTPA-2021-PCC-428606,planned_end,2024-06-01
XI-IATI-EC_INTPA-2021-PCC-428606,actual_end,2024-06-01
XI-IATI-EC_INTPA-2021-PCC-428618,planned_start,2021-11-24
XI-IATI-EC_INTPA-2021-PCC-428618,actual_start,2021-11-27
XI-IATI-EC_INTPA-2021-PCC-428618,planned_end,2024-05-27
XI-IATI-EC_INTPA-2021-PCC-428618,actual_end,2024-05-27
XI-IATI-EC_INTPA-2024-PC-37656,planned_start,2024-05-10
XI-IATI-EC_INTPA-2024-PC-37656,actual_start,2024-05-10
XI-IATI-EC_INTPA-2024-PC-37656,planned_end,2027-07-10
XI-IATI-EC_INTPA-2026-PC-80732,planned_start,2026-05-18
XI-IATI-EC_INTPA-2026-PC-80732,actual_start,2026-05-19
XI-IATI-EC_INTPA-2026-PC-80732,planned_end,2026-08-18
XI-IATI-EC_INTPA-2022-ACT-60599,planned_start,2022-02-18
XI-IATI-EC_INTPA-2022-ACT-60599,actual_start,2022-02-18
XI-IATI-EC_INTPA-2022-ACT-60599,planned_end,2030-01-24
XI-IATI-EC_INTPA-2020-PCC-416132,planned_start,2020-07-08
XI-IATI-EC_INTPA-2020-PCC-416132,actual_start,2020-07-11
XI-IATI-EC_INTPA-2020-PCC-416132,planned_end,2026-11-11
XI-IATI-EC_INTPA-2023-PC-31976,planned_start,2023-01-24
XI-IATI-EC_INTPA-2023-PC-31976,actual_start,2023-01-24
XI-IATI-EC_INTPA-2023-PC-31976,planned_end,2028-01-24
XI-IATI-EC_INTPA-2020-PCC-416065,actual_start,2020-06-01
XI-IATI-EC_INTPA-2020-PCC-416065,planned_start,2020-05-26
XI-IATI-EC_INTPA-2020-PCC-416065,planned_end,2026-11-01
XI-IATI-EC_INTPA-2025-PC-53379,planned_start,2025-08-15
XI-IATI-EC_INTPA-2025-PC-53379,actual_start,2025-08-15
XI-IATI-EC_INTPA-2025-PC-53379,planned_end,2028-01-14
XI-IATI-EC_INTPA-2021-ACT-63136,planned_start,2026-02-25
XI-IATI-EC_INTPA-2021-ACT-63136,planned_end,2034-02-25
XI-IATI-EC_INTPA-2021-ACT-62577,planned_start,2025-10-10
XI-IATI-EC_INTPA-2021-ACT-62577,actual_start,2024-06-10
XI-IATI-EC_INTPA-2021-ACT-62577,planned_end,2030-10-10
XI-IATI-EC_INTPA-2021-ACT-61001,planned_start,2021-12-17
XI-IATI-EC_INTPA-2021-ACT-61001,actual_start,2021-12-17
XI-IATI-EC_INTPA-2021-ACT-61001,planned_end,2030-04-06
XI-IATI-EC_INTPA-2015-ACT-D-37809-00,planned_start,2016-04-19
XI-IATI-EC_INTPA-2015-ACT-D-37809-00,actual_start,2016-04-19
XI-IATI-EC_INTPA-2015-ACT-D-37809-00,planned_end,2025-12-19
XI-IATI-EC_INTPA-2020-ACT-D-42335-00,planned_start,2020-10-27
XI-IATI-EC_INTPA-2020-ACT-D-42335-00,actual_start,2020-10-27
XI-IATI-EC_INTPA-2020-ACT-D-42335-00,planned_end,2028-10-27
XI-IATI-EC_INTPA-2015-ACT-D-38149-00,planned_start,2016-04-19
XI-IATI-EC_INTPA-2015-ACT-D-38149-00,actual_start,2016-04-19
XI-IATI-EC_INTPA-2015-ACT-D-38149-00,planned_end,2021-10-19
XI-IATI-EC_INTPA-2023-PC-19387,planned_end,2025-10-27
XI-IATI-EC_INTPA-2023-PC-19387,planned_start,2023-01-30
XI-IATI-EC_INTPA-2023-PC-19387,actual_start,2023-02-01
XI-IATI-EC_INTPA-2023-PC-19387,actual_end,2025-10-27
XI-IATI-EC_INTPA-2022-PC-15528,planned_start,2022-07-27
XI-IATI-EC_INTPA-2022-PC-15528,actual_start,2022-08-01
XI-IATI-EC_INTPA-2022-PC-15528,planned_end,2028-02-29
XI-IATI-EC_INTPA-2025-PC-61997,planned_start,2025-11-27
XI-IATI-EC_INTPA-2025-PC-61997,actual_start,2025-12-01
XI-IATI-EC_INTPA-2025-PC-61997,planned_end,2028-11-30
XI-IATI-EC_INTPA-2026-PC-75410,planned_start,2026-04-16
XI-IATI-EC_INTPA-2026-PC-75410,actual_start,2026-04-06
XI-IATI-EC_INTPA-2026-PC-75410,planned_end,2031-04-05
XI-IATI-EC_INTPA-2016-PCC-375131,planned_start,2016-08-15
XI-IATI-EC_INTPA-2016-PCC-375131,actual_start,2016-08-16
XI-IATI-EC_INTPA-2016-PCC-375131,planned_end,2023-03-01
XI-IATI-EC_INTPA-2016-PCC-375131,actual_end,2023-03-01
XI-IATI-EC_INTPA-2026-PC-42830,planned_start,2026-02-06
XI-IATI-EC_INTPA-2026-PC-42830,actual_start,2026-02-09
XI-IATI-EC_INTPA-2026-PC-42830,planned_end,2028-10-08
XI-IATI-EC_INTPA-2023-PC-25140,planned_start,2023-03-10
XI-IATI-EC_INTPA-2023-PC-25140,actual_start,2023-03-15
XI-IATI-EC_INTPA-2023-PC-25140,planned_end,2026-03-15
XI-IATI-EC_INTPA-2023-PC-25140,actual_end,2026-03-15
XI-IATI-EC_INTPA-2017-ACT-D-38831-00,planned_start,2017-06-08
XI-IATI-EC_INTPA-2017-ACT-D-38831-00,actual_start,2017-06-08
XI-IATI-EC_INTPA-2017-ACT-D-38831-00,planned_end,2026-12-31
XI-IATI-EC_INTPA-2017-ACT-D-39902-00,planned_start,2018-08-15
XI-IATI-EC_INTPA-2017-ACT-D-39902-00,actual_start,2018-08-15
XI-IATI-EC_INTPA-2017-ACT-D-39902-00,planned_end,2025-08-15
XI-IATI-EC_INTPA-2023-ACT-61732,planned_start,2023-11-13
XI-IATI-EC_INTPA-2023-ACT-61732,actual_start,2023-11-13
XI-IATI-EC_INTPA-2023-ACT-61732,planned_end,2030-03-27
XI-IATI-EC_INTPA-2018-ACT-D-40874-00,planned_start,2019-05-23
XI-IATI-EC_INTPA-2018-ACT-D-40874-00,actual_start,2019-05-23
XI-IATI-EC_INTPA-2018-ACT-D-40874-00,planned_end,2025-05-23
XI-IATI-EC_INTPA-2019-ACT-D-41594-00,planned_start,2019-07-01
XI-IATI-EC_INTPA-2019-ACT-D-41594-00,actual_start,2019-07-01
XI-IATI-EC_INTPA-2019-ACT-D-41594-00,planned_end,2027-12-31
XI-IATI-EC_INTPA-2022-ACT-60558,planned_start,2022-08-23
XI-IATI-EC_INTPA-2022-ACT-60558,actual_start,2022-08-23
XI-IATI-EC_INTPA-2022-ACT-60558,planned_end,2033-06-08
XI-IATI-EC_INTPA-2024-PC-40050,planned_start,2024-03-27
XI-IATI-EC_INTPA-2024-PC-40050,actual_start,2024-03-27
XI-IATI-EC_INTPA-2024-PC-40050,planned_end,2028-03-27
XI-IATI-EC_INTPA-2020-PCC-422215,planned_start,2020-12-28
XI-IATI-EC_INTPA-2020-PCC-422215,actual_start,2021-01-18
XI-IATI-EC_INTPA-2020-PCC-422215,planned_end,2024-06-30
XI-IATI-EC_INTPA-2020-PCC-422215,actual_end,2024-06-30
XI-IATI-EC_INTPA-2020-PCC-422462,planned_start,2020-12-30
XI-IATI-EC_INTPA-2020-PCC-422462,actual_start,2021-02-01
XI-IATI-EC_INTPA-2020-PCC-422462,planned_end,2025-01-01
XI-IATI-EC_INTPA-2020-PCC-422462,actual_end,2025-01-01
XI-IATI-EC_INTPA-2024-PC-25272,planned_start,2024-10-28
XI-IATI-EC_INTPA-2024-PC-25272,actual_start,2024-10-28
XI-IATI-EC_INTPA-2024-PC-25272,planned_end,2025-10-31
XI-IATI-EC_INTPA-2024-PC-25272,actual_end,2025-10-31
XI-IATI-EC_INTPA-2022-PC-24289,planned_start,2022-12-08
XI-IATI-EC_INTPA-2022-PC-24289,actual_start,2022-12-08
XI-IATI-EC_INTPA-2022-PC-24289,planned_end,2026-12-07
XI-IATI-EC_INTPA-2020-PCC-422494,planned_start,2020-12-24
XI-IATI-EC_INTPA-2020-PCC-422494,actual_start,2020-12-24
XI-IATI-EC_INTPA-2020-PCC-422494,planned_end,2023-12-24
XI-IATI-EC_INTPA-2020-PCC-422494,actual_end,2023-12-24
XI-IATI-EC_INTPA-2019-PCC-413519,planned_start,2019-11-28
XI-IATI-EC_INTPA-2019-PCC-413519,actual_start,2019-12-02
XI-IATI-EC_INTPA-2019-PCC-413519,planned_end,2024-12-02
XI-IATI-EC_INTPA-2019-PCC-413519,actual_end,2024-12-02
XI-IATI-EC_INTPA-2019-ACT-D-40840-00,planned_start,2019-12-02
XI-IATI-EC_INTPA-2019-ACT-D-40840-00,actual_start,2019-12-02
XI-IATI-EC_INTPA-2019-ACT-D-40840-00,planned_end,2027-12-02
XI-IATI-EC_INTPA-2015-ACT-D-38103-00,planned_start,2016-08-08
XI-IATI-EC_INTPA-2015-ACT-D-38103-00,actual_start,2016-08-08
XI-IATI-EC_INTPA-2015-ACT-D-38103-00,planned_end,2026-12-08
XI-IATI-EC_INTPA-2018-ACT-D-40697-00,planned_start,2019-09-25
XI-IATI-EC_INTPA-2018-ACT-D-40697-00,actual_start,2019-09-25
XI-IATI-EC_INTPA-2018-ACT-D-40697-00,planned_end,2027-03-24
XI-IATI-EC_INTPA-2021-PCC-422992,planned_start,2021-08-18
XI-IATI-EC_INTPA-2021-PCC-422992,actual_start,2021-08-27
XI-IATI-EC_INTPA-2021-PCC-422992,planned_end,2025-02-27
XI-IATI-EC_INTPA-2021-PCC-422992,actual_end,2025-02-27
XI-IATI-EC_INTPA-2020-ACT-D-42802-00,planned_start,2020-06-23
XI-IATI-EC_INTPA-2020-ACT-D-42802-00,actual_start,2020-06-23
XI-IATI-EC_INTPA-2020-ACT-D-42802-00,planned_end,2023-06-23
XI-IATI-EC_INTPA-2020-PCC-416217,planned_start,2020-05-27
XI-IATI-EC_INTPA-2020-PCC-416217,actual_start,2020-05-27
XI-IATI-EC_INTPA-2020-PCC-416217,planned_end,2027-04-29
XI-IATI-EC_INTPA-2021-PCC-419116,planned_start,2021-05-17
XI-IATI-EC_INTPA-2021-PCC-419116,actual_start,2021-06-01
XI-IATI-EC_INTPA-2021-PCC-419116,planned_end,2025-12-01
XI-IATI-EC_INTPA-2021-PCC-419116,actual_end,2025-12-01
XI-IATI-EC_INTPA-2021-ACT-62518,planned_start,2025-05-08
XI-IATI-EC_INTPA-2021-ACT-62518,actual_start,2024-07-01
XI-IATI-EC_INTPA-2021-ACT-62518,planned_end,2030-05-08
XI-IATI-EC_INTPA-2025-PC-69397,planned_start,2025-11-21
XI-IATI-EC_INTPA-2025-PC-69397,actual_start,2025-11-28
XI-IATI-EC_INTPA-2025-PC-69397,planned_end,2028-11-27
XI-IATI-EC_INTPA-2025-PC-36183,planned_start,2025-10-15
XI-IATI-EC_INTPA-2025-PC-36183,actual_start,2025-11-01
XI-IATI-EC_INTPA-2025-PC-36183,planned_end,2027-10-31
XI-IATI-EC_INTPA-2026-PC-52678,planned_start,2026-07-02
XI-IATI-EC_INTPA-2026-PC-52678,actual_start,2026-07-02
XI-IATI-EC_INTPA-2026-PC-52678,planned_end,2030-03-31
XI-IATI-EC_INTPA-2020-ACT-D-41871-00,actual_start,2020-11-30
XI-IATI-EC_INTPA-2020-ACT-D-41871-00,planned_start,2020-11-30
XI-IATI-EC_INTPA-2020-ACT-D-41871-00,planned_end,2026-09-14
XI-IATI-EC_INTPA-2019-ACT-D-41123-00,planned_start,2019-07-30
XI-IATI-EC_INTPA-2019-ACT-D-41123-00,actual_start,2019-07-30
XI-IATI-EC_INTPA-2019-ACT-D-41123-00,planned_end,2027-07-29
XI-IATI-EC_INTPA-2018-ACT-D-39985-00,planned_start,2018-09-14
XI-IATI-EC_INTPA-2018-ACT-D-39985-00,actual_start,2018-09-14
XI-IATI-EC_INTPA-2018-ACT-D-39985-00,planned_end,2026-09-14
XI-IATI-EC_INTPA-2019-ACT-D-42187-00,planned_start,2020-05-29
XI-IATI-EC_INTPA-2019-ACT-D-42187-00,actual_start,2020-05-29
XI-IATI-EC_INTPA-2019-ACT-D-42187-00,planned_end,2029-05-29
XI-IATI-EC_INTPA-2017-ACT-D-39148-00,planned_start,2018-04-10
XI-IATI-EC_INTPA-2017-ACT-D-39148-00,actual_start,2018-04-10
XI-IATI-EC_INTPA-2017-ACT-D-39148-00,planned_end,2029-04-09
XI-IATI-EC_INTPA-2026-PC-53801,planned_start,2026-03-02
XI-IATI-EC_INTPA-2026-PC-53801,actual_start,2026-03-02
XI-IATI-EC_INTPA-2026-PC-53801,planned_end,2029-03-01
XI-IATI-EC_INTPA-2022-ACT-60628,planned_start,2022-09-01
XI-IATI-EC_INTPA-2022-ACT-60628,actual_start,2022-09-01
XI-IATI-EC_INTPA-2022-ACT-60628,planned_end,2032-12-20
XI-IATI-EC_INTPA-2018-PCC-397120,planned_start,2018-04-10
XI-IATI-EC_INTPA-2018-PCC-397120,actual_start,2018-04-10
XI-IATI-EC_INTPA-2018-PCC-397120,planned_end,2027-04-10
XI-IATI-EC_INTPA-2023-PC-24294,planned_start,2023-06-20
XI-IATI-EC_INTPA-2023-PC-24294,actual_start,2023-06-20
XI-IATI-EC_INTPA-2023-PC-24294,planned_end,2030-12-19
XI-IATI-EC_INTPA-2020-PCC-415725,planned_start,2020-05-18
XI-IATI-EC_INTPA-2020-PCC-415725,actual_start,2020-05-29
XI-IATI-EC_INTPA-2020-PCC-415725,planned_end,2027-05-28
XI-IATI-EC_INTPA-2020-PCC-418930,planned_start,2020-09-29
XI-IATI-EC_INTPA-2020-PCC-418930,actual_start,2020-10-01
XI-IATI-EC_INTPA-2020-PCC-418930,planned_end,2025-01-01
XI-IATI-EC_INTPA-2020-PCC-418930,actual_end,2025-01-01
XI-IATI-EC_INTPA-2026-PC-81164,planned_start,2026-06-18
XI-IATI-EC_INTPA-2026-PC-81164,planned_end,2029-08-31
XI-IATI-EC_INTPA-2022-PCC-421392,planned_start,2022-07-14
XI-IATI-EC_INTPA-2022-PCC-421392,actual_start,2025-03-19
XI-IATI-EC_INTPA-2022-PCC-421392,planned_end,2028-03-18
XI-IATI-EC_INTPA-2018-PCC-399023,planned_start,2018-07-06
XI-IATI-EC_INTPA-2018-PCC-399023,actual_start,2018-07-13
XI-IATI-EC_INTPA-2018-PCC-399023,planned_end,2027-04-09
XI-IATI-EC_INTPA-2023-PC-27334,planned_start,2023-05-31
XI-IATI-EC_INTPA-2023-PC-27334,actual_start,2023-07-30
XI-IATI-EC_INTPA-2023-PC-27334,planned_end,2025-05-20
XI-IATI-EC_INTPA-2023-PC-27334,actual_end,2025-05-20
XI-IATI-EC_INTPA-2021-PCC-425135,planned_start,2021-08-23
XI-IATI-EC_INTPA-2021-PCC-425135,actual_start,2021-09-01
XI-IATI-EC_INTPA-2021-PCC-425135,planned_end,2025-08-20
XI-IATI-EC_INTPA-2021-PCC-425135,actual_end,2025-08-20
XI-IATI-EC_INTPA-2019-ACT-D-39998-00,planned_start,2020-08-20
XI-IATI-EC_INTPA-2019-ACT-D-39998-00,actual_start,2020-08-20
XI-IATI-EC_INTPA-2019-ACT-D-39998-00,planned_end,2027-08-20
XI-IATI-EC_INTPA-2026-PC-75966,planned_start,2026-02-28
XI-IATI-EC_INTPA-2026-PC-75966,actual_start,2026-02-28
XI-IATI-EC_INTPA-2026-PC-75966,planned_end,2031-12-31
XI-IATI-EC_INTPA-2018-ACT-D-39665-00,planned_start,2019-02-07
XI-IATI-EC_INTPA-2018-ACT-D-39665-00,actual_start,2019-02-07
XI-IATI-EC_INTPA-2018-ACT-D-39665-00,planned_end,2027-02-07
XI-IATI-EC_INTPA-2016-ACT-D-38868-01,planned_start,2017-03-30
XI-IATI-EC_INTPA-2016-ACT-D-38868-01,actual_start,2017-03-30
XI-IATI-EC_INTPA-2016-ACT-D-38868-01,planned_end,2026-03-30
XI-IATI-EC_INTPA-2018-PCC-397039,planned_start,2018-09-26
XI-IATI-EC_INTPA-2018-PCC-397039,actual_start,2018-09-30
XI-IATI-EC_INTPA-2018-PCC-397039,planned_end,2023-09-30
XI-IATI-EC_INTPA-2018-PCC-397039,actual_end,2023-09-30
XI-IATI-EC_INTPA-2022-PC-19577,actual_start,2023-01-01
XI-IATI-EC_INTPA-2022-PC-19577,planned_start,2022-12-23
XI-IATI-EC_INTPA-2022-PC-19577,planned_end,2027-01-01
XI-IATI-EC_INTPA-2021-ACT-61069,planned_start,2021-12-16
XI-IATI-EC_INTPA-2021-ACT-61069,actual_start,2021-12-16
XI-IATI-EC_INTPA-2021-ACT-61069,planned_end,2029-06-16
XI-IATI-EC_INTPA-2020-PCC-421284,actual_end,2024-01-01
XI-IATI-EC_INTPA-2020-PCC-421284,planned_start,2020-12-10
XI-IATI-EC_INTPA-2020-PCC-421284,actual_start,2020-12-16
XI-IATI-EC_INTPA-2020-PCC-421284,planned_end,2024-01-01
XI-IATI-EC_INTPA-2024-ACT-62693,planned_start,2024-11-14
XI-IATI-EC_INTPA-2024-ACT-62693,actual_start,2024-11-14
XI-IATI-EC_INTPA-2024-ACT-62693,planned_end,2028-11-20
XI-IATI-EC_INTPA-2022-PC-18569,planned_start,2022-08-31
XI-IATI-EC_INTPA-2022-PC-18569,actual_start,2022-09-01
XI-IATI-EC_INTPA-2022-PC-18569,planned_end,2025-09-01
XI-IATI-EC_INTPA-2022-PC-18569,actual_end,2025-09-01
XI-IATI-EC_INTPA-2026-PC-76775,planned_start,2026-06-22
XI-IATI-EC_INTPA-2026-PC-76775,actual_start,2026-06-22
XI-IATI-EC_INTPA-2026-PC-76775,planned_end,2027-06-21
XI-IATI-EC_INTPA-2024-PC-47768,planned_start,2024-11-25
XI-IATI-EC_INTPA-2024-PC-47768,actual_start,2024-11-25
XI-IATI-EC_INTPA-2024-PC-47768,planned_end,2027-11-25
XI-IATI-EC_INTPA-2015-ACT-D-38388-00,planned_start,2015-12-02
XI-IATI-EC_INTPA-2015-ACT-D-38388-00,actual_start,2015-12-02
XI-IATI-EC_INTPA-2015-ACT-D-38388-00,planned_end,2025-08-08
XI-IATI-EC_INTPA-2025-PC-53445,planned_start,2025-11-12
XI-IATI-EC_INTPA-2025-PC-53445,actual_start,2025-11-10
XI-IATI-EC_INTPA-2025-PC-53445,planned_end,2026-11-09
XI-IATI-EC_INTPA-2016-ACT-D-38972-00,planned_start,2017-04-25
XI-IATI-EC_INTPA-2016-ACT-D-38972-00,actual_start,2017-04-25
XI-IATI-EC_INTPA-2016-ACT-D-38972-00,planned_end,2030-04-24
XI-IATI-EC_INTPA-2020-PCC-415584,planned_start,2020-04-16
XI-IATI-EC_INTPA-2020-PCC-415584,actual_start,2020-04-25
XI-IATI-EC_INTPA-2020-PCC-415584,planned_end,2028-04-24
XI-IATI-EC_INTPA-2017-PCC-389389,planned_start,2017-11-28
XI-IATI-EC_INTPA-2017-PCC-389389,actual_start,2017-12-19
XI-IATI-EC_INTPA-2017-PCC-389389,planned_end,2028-04-01
XI-IATI-EC_INTPA-2022-ACT-61433,planned_start,2022-11-21
XI-IATI-EC_INTPA-2022-ACT-61433,actual_start,2022-11-21
XI-IATI-EC_INTPA-2022-ACT-61433,planned_end,2030-09-01
XI-IATI-EC_INTPA-2023-PC-24210,planned_start,2023-09-01
XI-IATI-EC_INTPA-2023-PC-24210,actual_start,2023-09-01
XI-IATI-EC_INTPA-2023-PC-24210,planned_end,2028-08-31
XI-IATI-EC_INTPA-2023-PC-26617,planned_start,2023-12-13
XI-IATI-EC_INTPA-2023-PC-26617,actual_start,2024-01-01
XI-IATI-EC_INTPA-2023-PC-26617,planned_end,2028-03-31
XI-IATI-EC_INTPA-2022-ACT-61310,planned_start,2022-12-15
XI-IATI-EC_INTPA-2022-ACT-61310,actual_start,2022-12-15
XI-IATI-EC_INTPA-2022-ACT-61310,planned_end,2030-07-17
XI-IATI-EC_INTPA-2022-ACT-61446,planned_start,2022-11-21
XI-IATI-EC_INTPA-2022-ACT-61446,actual_start,2022-11-21
XI-IATI-EC_INTPA-2022-ACT-61446,planned_end,2030-02-27
XI-IATI-EC_INTPA-2023-PC-24213,planned_start,2023-02-27
XI-IATI-EC_INTPA-2023-PC-24213,actual_start,2023-02-27
XI-IATI-EC_INTPA-2023-PC-24213,planned_end,2028-02-26
XI-IATI-EC_INTPA-2023-PC-25713,planned_start,2023-12-15
XI-IATI-EC_INTPA-2023-PC-25713,actual_start,2023-12-15
XI-IATI-EC_INTPA-2023-PC-25713,planned_end,2028-09-14
XI-IATI-EC_INTPA-2023-PC-26888,planned_start,2023-10-11
XI-IATI-EC_INTPA-2023-PC-26888,actual_start,2023-10-15
XI-IATI-EC_INTPA-2023-PC-26888,planned_end,2026-01-14
XI-IATI-EC_INTPA-2023-PC-26888,actual_end,2026-01-14
XI-IATI-EC_INTPA-2016-ACT-D-38030-00,planned_start,2017-08-09
XI-IATI-EC_INTPA-2016-ACT-D-38030-00,actual_start,2017-08-09
XI-IATI-EC_INTPA-2016-ACT-D-38030-00,planned_end,2025-08-09
XI-IATI-EC_INTPA-2021-ACT-61472,planned_start,2021-12-14
XI-IATI-EC_INTPA-2021-ACT-61472,actual_start,2021-12-14
XI-IATI-EC_INTPA-2021-ACT-61472,planned_end,2030-12-31
XI-IATI-EC_INTPA-2021-ACT-61086,planned_start,2021-12-16
XI-IATI-EC_INTPA-2021-ACT-61086,actual_start,2021-12-16
XI-IATI-EC_INTPA-2021-ACT-61086,planned_end,2027-05-31
XI-IATI-EC_INTPA-2023-PC-20039,planned_start,2023-05-15
XI-IATI-EC_INTPA-2023-PC-20039,actual_start,2023-05-16
XI-IATI-EC_INTPA-2023-PC-20039,planned_end,2028-05-15
XI-IATI-EC_INTPA-2023-PC-22492,planned_end,2027-06-01
XI-IATI-EC_INTPA-2023-PC-22492,planned_start,2023-01-02
XI-IATI-EC_INTPA-2023-PC-22492,actual_start,2023-01-02
XI-IATI-EC_INTPA-2024-PC-35983,planned_end,2028-10-04
XI-IATI-EC_INTPA-2024-PC-35983,planned_start,2024-10-24
XI-IATI-EC_INTPA-2024-PC-35983,actual_start,2024-10-24
XI-IATI-EC_INTPA-2024-ACT-62209,planned_start,2024-02-01
XI-IATI-EC_INTPA-2018-ACT-D-40839-01,planned_start,2019-06-11
XI-IATI-EC_INTPA-2018-ACT-D-40839-01,actual_start,2019-06-11
XI-IATI-EC_INTPA-2018-ACT-D-40839-01,planned_end,2026-06-11
XI-IATI-EC_INTPA-2022-PC-22100,planned_start,2022-12-12
XI-IATI-EC_INTPA-2022-PC-22100,actual_start,2023-01-01
XI-IATI-EC_INTPA-2022-PC-22100,planned_end,2025-01-01
XI-IATI-EC_INTPA-2022-PC-22100,actual_end,2025-01-01
XI-IATI-EC_INTPA-2023-PC-19168,planned_end,2025-09-22
XI-IATI-EC_INTPA-2023-PC-19168,planned_start,2023-04-14
XI-IATI-EC_INTPA-2023-PC-19168,actual_start,2022-09-23
XI-IATI-EC_INTPA-2023-PC-19168,actual_end,2025-09-22
XI-IATI-EC_INTPA-2023-PC-29022,planned_start,2023-05-04
XI-IATI-EC_INTPA-2023-PC-29022,actual_start,2023-05-04
XI-IATI-EC_INTPA-2023-PC-29022,planned_end,2026-05-03
XI-IATI-EC_INTPA-2023-PC-29022,actual_end,2026-05-03
XI-IATI-EC_INTPA-2024-ACT-62209,actual_start,2024-02-01
XI-IATI-EC_INTPA-2024-ACT-62209,planned_end,2030-10-04
XI-IATI-EC_INTPA-2022-ACT-D-44448-00,planned_start,2022-11-23
XI-IATI-EC_INTPA-2022-ACT-D-44448-00,actual_start,2022-11-23
XI-IATI-EC_INTPA-2022-ACT-D-44448-00,planned_end,2032-05-24
XI-IATI-EC_INTPA-2023-PC-32264,planned_start,2023-09-07
XI-IATI-EC_INTPA-2023-PC-32264,actual_start,2023-09-07
XI-IATI-EC_INTPA-2023-PC-32264,planned_end,2028-09-07
XI-IATI-EC_INTPA-2023-PC-25701,planned_start,2023-08-30
XI-IATI-EC_INTPA-2023-PC-25701,actual_start,2023-08-30
XI-IATI-EC_INTPA-2023-PC-25701,planned_end,2028-11-30
XI-IATI-EC_INTPA-2016-ACT-D-38233-00,planned_start,2016-11-28
XI-IATI-EC_INTPA-2016-ACT-D-38233-00,actual_start,2016-11-28
XI-IATI-EC_INTPA-2016-ACT-D-38233-00,planned_end,2024-05-28
XI-IATI-EC_INTPA-2016-ACT-D-38320-00,planned_start,2016-11-28
XI-IATI-EC_INTPA-2016-ACT-D-38320-00,actual_start,2016-11-28
XI-IATI-EC_INTPA-2016-ACT-D-38320-00,planned_end,2027-11-28
XI-IATI-EC_INTPA-2022-PC-16758,planned_start,2022-05-31
XI-IATI-EC_INTPA-2022-PC-16758,actual_start,2022-05-31
XI-IATI-EC_INTPA-2022-PC-16758,planned_end,2027-05-30
XI-IATI-EC_INTPA-2022-PC-16925,planned_start,2022-11-21
XI-IATI-EC_INTPA-2022-PC-16925,actual_start,2023-01-01
XI-IATI-EC_INTPA-2022-PC-16925,planned_end,2025-01-01
XI-IATI-EC_INTPA-2022-PC-16925,actual_end,2025-01-01
XI-IATI-EC_INTPA-2023-PC-20035,planned_start,2023-06-21
XI-IATI-EC_INTPA-2023-PC-20035,actual_start,2023-06-22
XI-IATI-EC_INTPA-2023-PC-20035,planned_end,2026-06-21
XI-IATI-EC_INTPA-2023-PC-20035,actual_end,2026-06-21
XI-IATI-EC_INTPA-2023-PC-16929,planned_start,2023-04-13
XI-IATI-EC_INTPA-2023-PC-16929,actual_start,2023-04-25
XI-IATI-EC_INTPA-2023-PC-16929,planned_end,2028-04-24
XI-IATI-EC_INTPA-2020-PCC-414217,planned_start,2020-07-09
XI-IATI-EC_INTPA-2020-PCC-414217,actual_start,2020-07-09
XI-IATI-EC_INTPA-2020-PCC-414217,planned_end,2025-12-31
XI-IATI-EC_INTPA-2020-PCC-414217,actual_end,2025-12-31
XI-IATI-EC_INTPA-2024-PC-45725,planned_start,2024-12-10
XI-IATI-EC_INTPA-2024-PC-45725,actual_start,2024-12-11
XI-IATI-EC_INTPA-2024-PC-45725,planned_end,2025-09-11
XI-IATI-EC_INTPA-2024-PC-45725,actual_end,2025-09-11
XI-IATI-EC_INTPA-2015-ACT-D-37956-00,planned_start,2016-04-08
XI-IATI-EC_INTPA-2015-ACT-D-37956-00,actual_start,2016-04-08
XI-IATI-EC_INTPA-2015-ACT-D-37956-00,planned_end,2023-12-08
XI-IATI-EC_INTPA-2026-PC-77174,planned_start,2026-03-05
XI-IATI-EC_INTPA-2026-PC-77174,actual_start,2026-03-09
XI-IATI-EC_INTPA-2026-PC-77174,planned_end,2027-12-29
XI-IATI-EC_INTPA-2023-PC-20001,planned_start,2023-07-20
XI-IATI-EC_INTPA-2023-PC-20001,actual_start,2023-07-21
XI-IATI-EC_INTPA-2023-PC-20001,planned_end,2025-07-20
XI-IATI-EC_INTPA-2023-PC-20001,actual_end,2025-07-20
XI-IATI-EC_INTPA-2020-ACT-D-42950-01,planned_start,2021-12-29
XI-IATI-EC_INTPA-2020-ACT-D-42950-01,actual_start,2021-12-29
XI-IATI-EC_INTPA-2020-ACT-D-42950-01,planned_end,2026-12-28
XI-IATI-EC_INTPA-2024-ACT-62358,planned_start,2024-07-15
XI-IATI-EC_INTPA-2024-ACT-62358,actual_start,2024-07-15
XI-IATI-EC_INTPA-2024-ACT-62358,planned_end,2029-10-16
XI-IATI-EC_INTPA-2022-PCC-435740,planned_start,2022-10-04
XI-IATI-EC_INTPA-2022-PCC-435740,actual_start,2022-10-04
XI-IATI-EC_INTPA-2022-PCC-435740,planned_end,2025-12-29
XI-IATI-EC_INTPA-2022-PCC-435740,actual_end,2025-12-29
XI-IATI-EC_INTPA-2021-ACT-63421,planned_start,2100-01-01
XI-IATI-EC_INTPA-2024-PC-37344,planned_start,2024-10-16
XI-IATI-EC_INTPA-2024-PC-37344,actual_start,2024-10-16
XI-IATI-EC_INTPA-2024-PC-37344,planned_end,2027-10-15
XI-IATI-EC_INTPA-2020-ACT-D-42916-00,planned_start,2020-12-08
XI-IATI-EC_INTPA-2020-ACT-D-42916-00,actual_start,2020-12-08
XI-IATI-EC_INTPA-2020-ACT-D-42916-00,planned_end,2025-06-08
XI-IATI-EC_INTPA-2023-PC-26364,planned_start,2023-02-06
XI-IATI-EC_INTPA-2023-PC-26364,actual_start,2023-02-06
XI-IATI-EC_INTPA-2023-PC-26364,planned_end,2027-02-06
XI-IATI-EC_INTPA-2024-PC-26389,planned_start,2024-12-20
XI-IATI-EC_INTPA-2024-PC-26389,actual_start,2025-01-02
XI-IATI-EC_INTPA-2024-PC-26389,planned_end,2025-11-29
XI-IATI-EC_INTPA-2024-PC-26389,actual_end,2025-11-29
XI-IATI-EC_INTPA-2022-ACT-61423,planned_start,2022-12-13
XI-IATI-EC_INTPA-2021-ACT-61104,planned_start,2021-12-16
XI-IATI-EC_INTPA-2021-ACT-61104,actual_start,2021-12-16
XI-IATI-EC_INTPA-2021-ACT-61104,planned_end,2029-06-21
XI-IATI-EC_INTPA-2022-PC-18559,planned_start,2022-06-21
XI-IATI-EC_INTPA-2022-PC-18559,actual_start,2022-06-21
XI-IATI-EC_INTPA-2022-PC-18559,planned_end,2027-06-20
XI-IATI-EC_INTPA-2022-ACT-61423,actual_start,2022-12-13
XI-IATI-EC_INTPA-2022-ACT-61423,planned_end,2029-02-06
XI-IATI-EC_INTPA-2021-ACT-63091,planned_start,2026-01-21
XI-IATI-EC_INTPA-2021-ACT-63091,planned_end,2032-01-21
XI-IATI-EC_INTPA-2023-PC-22049,planned_start,2023-03-08
XI-IATI-EC_INTPA-2023-PC-22049,actual_start,2023-04-17
XI-IATI-EC_INTPA-2023-PC-22049,planned_end,2026-04-16
XI-IATI-EC_INTPA-2023-PC-22049,actual_end,2026-04-16
XI-IATI-EC_INTPA-2018-ACT-D-38945-00,planned_start,2018-06-20
XI-IATI-EC_INTPA-2018-ACT-D-38945-00,actual_start,2018-06-20
XI-IATI-EC_INTPA-2018-ACT-D-38945-00,planned_end,2025-03-20
XI-IATI-EC_INTPA-2022-PCC-429800,actual_end,2026-03-29
XI-IATI-EC_INTPA-2022-PCC-429800,planned_start,2022-04-05
XI-IATI-EC_INTPA-2022-PCC-429800,actual_start,2022-04-29
XI-IATI-EC_INTPA-2022-PCC-429800,planned_end,2026-03-29
XI-IATI-EC_INTPA-2021-PCC-424359,planned_start,2021-07-26
XI-IATI-EC_INTPA-2021-PCC-424359,actual_start,2021-08-06
XI-IATI-EC_INTPA-2021-PCC-424359,planned_end,2026-12-15
XI-IATI-EC_INTPA-2021-ACT-62771,planned_start,2025-09-11
XI-IATI-EC_INTPA-2021-ACT-62771,planned_end,2034-09-11
XI-IATI-EC_INTPA-2025-PC-72780,planned_start,2025-09-11
XI-IATI-EC_INTPA-2025-PC-72780,actual_start,2026-02-28
XI-IATI-EC_INTPA-2025-PC-72780,planned_end,2032-09-11
XI-IATI-EC_INTPA-2026-PC-64428,planned_start,2026-06-04
XI-IATI-EC_INTPA-2026-PC-64428,actual_start,2026-07-01
XI-IATI-EC_INTPA-2026-PC-64428,planned_end,2028-12-31
XI-IATI-EC_INTPA-2017-ACT-D-39288-00,planned_start,2018-12-26
XI-IATI-EC_INTPA-2017-ACT-D-39288-00,actual_start,2018-12-26
XI-IATI-EC_INTPA-2017-ACT-D-39288-00,planned_end,2028-09-26
XI-IATI-EC_INTPA-2026-PC-75396,actual_start,2026-04-30
XI-IATI-EC_INTPA-2026-PC-75396,planned_start,2026-04-30
XI-IATI-EC_INTPA-2026-PC-75396,planned_end,2028-01-30
XI-IATI-EC_INTPA-2020-ACT-D-40138-00,planned_start,2020-11-20
XI-IATI-EC_INTPA-2020-ACT-D-40138-00,actual_start,2020-11-20
XI-IATI-EC_INTPA-2020-ACT-D-40138-00,planned_end,2025-12-23
XI-IATI-EC_INTPA-2021-PCC-421490,planned_start,2021-01-28
XI-IATI-EC_INTPA-2021-PCC-421490,actual_start,2021-02-01
XI-IATI-EC_INTPA-2021-PCC-421490,planned_end,2024-11-21
XI-IATI-EC_INTPA-2021-PCC-421490,actual_end,2024-11-21
XI-IATI-EC_INTPA-2021-PC-4857,planned_start,2021-06-25
XI-IATI-EC_INTPA-2021-PC-4857,actual_start,2021-06-25
XI-IATI-EC_INTPA-2021-PC-4857,planned_end,2023-11-12
XI-IATI-EC_INTPA-2021-PC-4857,actual_end,2023-11-12
XI-IATI-EC_INTPA-2019-ACT-D-38918-00,planned_start,2020-11-20
XI-IATI-EC_INTPA-2019-ACT-D-38918-00,actual_start,2020-11-20
XI-IATI-EC_INTPA-2019-ACT-D-38918-00,planned_end,2027-11-19
XI-IATI-EC_INTPA-2023-PC-27905,planned_start,2023-05-16
XI-IATI-EC_INTPA-2023-PC-27905,actual_start,2023-05-16
XI-IATI-EC_INTPA-2023-PC-27905,planned_end,2027-05-16
XI-IATI-EC_INTPA-2021-PCC-425265,planned_end,2024-11-21
XI-IATI-EC_INTPA-2021-PCC-425265,planned_start,2021-06-25
XI-IATI-EC_INTPA-2021-PCC-425265,actual_start,2021-06-29
XI-IATI-EC_INTPA-2021-PCC-425265,actual_end,2024-11-21
XI-IATI-EC_INTPA-2020-PCC-420650,planned_start,2020-11-27
XI-IATI-EC_INTPA-2023-ACT-61862,planned_start,2023-08-01
XI-IATI-EC_INTPA-2023-ACT-61862,actual_start,2023-08-01
XI-IATI-EC_INTPA-2023-ACT-61862,planned_end,2028-11-18
XI-IATI-EC_INTPA-2020-PCC-420650,actual_start,2020-12-23
XI-IATI-EC_INTPA-2020-PCC-420650,planned_end,2024-12-23
XI-IATI-EC_INTPA-2020-PCC-420650,actual_end,2024-12-23
XI-IATI-EC_INTPA-2021-ACT-63055,planned_start,2026-02-20
XI-IATI-EC_INTPA-2021-ACT-63055,planned_end,2034-02-20
XI-IATI-EC_INTPA-2022-ACT-61240,planned_start,2022-11-30
XI-IATI-EC_INTPA-2022-ACT-61240,actual_start,2022-11-30
XI-IATI-EC_INTPA-2022-ACT-61240,planned_end,2030-10-25
XI-IATI-EC_INTPA-2020-PCC-416008,planned_start,2020-05-28
XI-IATI-EC_INTPA-2020-PCC-416008,actual_start,2020-09-29
XI-IATI-EC_INTPA-2020-PCC-416008,planned_end,2023-03-01
XI-IATI-EC_INTPA-2020-PCC-416008,actual_end,2023-03-01
XI-IATI-EC_INTPA-2021-ACT-61090,planned_start,2021-12-16
XI-IATI-EC_INTPA-2021-ACT-61090,actual_start,2021-12-16
XI-IATI-EC_INTPA-2021-ACT-61090,planned_end,2030-10-06
XI-IATI-EC_INTPA-2016-ACT-D-38107-00,planned_start,2016-05-10
XI-IATI-EC_INTPA-2016-ACT-D-38107-00,actual_start,2016-05-10
XI-IATI-EC_INTPA-2016-ACT-D-38107-00,planned_end,2027-05-10
XI-IATI-EC_INTPA-2026-PC-53819,planned_start,2026-02-17
XI-IATI-EC_INTPA-2026-PC-53819,actual_start,2026-02-20
XI-IATI-EC_INTPA-2026-PC-53819,planned_end,2030-02-19
XI-IATI-EC_INTPA-2023-PC-32142,planned_start,2023-11-29
XI-IATI-EC_INTPA-2023-PC-32142,actual_start,2023-11-29
XI-IATI-EC_INTPA-2023-PC-32142,planned_end,2026-11-29
XI-IATI-EC_INTPA-2023-PC-30334,planned_start,2023-06-02
XI-IATI-EC_INTPA-2023-PC-30334,actual_start,2023-06-02
XI-IATI-EC_INTPA-2023-PC-30334,planned_end,2027-06-01
XI-IATI-EC_INTPA-2016-ACT-D-37486-02,planned_start,2016-06-23
XI-IATI-EC_INTPA-2016-ACT-D-37486-02,actual_start,2016-06-23
XI-IATI-EC_INTPA-2016-ACT-D-37486-02,planned_end,2027-06-23
XI-IATI-EC_INTPA-2023-PC-32172,planned_start,2023-11-18
XI-IATI-EC_INTPA-2023-PC-32172,actual_start,2023-11-18
XI-IATI-EC_INTPA-2023-PC-32172,planned_end,2026-11-18
XI-IATI-EC_INTPA-2022-PC-23195,actual_start,2023-01-01
XI-IATI-EC_INTPA-2022-PC-23195,planned_end,2028-01-01
XI-IATI-EC_INTPA-2022-PC-23195,planned_start,2022-12-15
XI-IATI-EC_INTPA-2021-ACT-62976,planned_start,2100-01-01
XI-IATI-EC_INTPA-2019-PCC-414050,actual_end,2025-06-16
XI-IATI-EC_INTPA-2019-PCC-414050,planned_start,2019-12-31
XI-IATI-EC_INTPA-2019-PCC-414050,actual_start,2020-02-03
XI-IATI-EC_INTPA-2019-PCC-414050,planned_end,2025-06-16
XI-IATI-EC_INTPA-2019-PCC-413820,planned_start,2019-12-30
XI-IATI-EC_INTPA-2019-PCC-413820,actual_start,2020-02-03
XI-IATI-EC_INTPA-2019-PCC-413820,planned_end,2024-12-05
XI-IATI-EC_INTPA-2019-PCC-413820,actual_end,2024-12-05
XI-IATI-EC_INTPA-2020-PCC-418161,planned_start,2020-09-28
XI-IATI-EC_INTPA-2020-PCC-418161,actual_start,2021-01-01
XI-IATI-EC_INTPA-2020-PCC-418161,planned_end,2025-02-01
XI-IATI-EC_INTPA-2020-PCC-418161,actual_end,2025-02-01
XI-IATI-EC_INTPA-2024-PC-27747,planned_start,2024-07-05
XI-IATI-EC_INTPA-2024-PC-27747,actual_start,2024-07-08
XI-IATI-EC_INTPA-2024-PC-27747,planned_end,2027-07-08
XI-IATI-EC_INTPA-2024-PC-46872,planned_start,2024-12-10
XI-IATI-EC_INTPA-2024-PC-46872,actual_start,2025-01-01
XI-IATI-EC_INTPA-2024-PC-46872,planned_end,2026-01-01
XI-IATI-EC_INTPA-2024-PC-46872,actual_end,2026-01-01
XI-IATI-EC_INTPA-2019-ACT-D-40807-00,planned_start,2019-06-15
XI-IATI-EC_INTPA-2019-ACT-D-40807-00,actual_start,2019-06-15
XI-IATI-EC_INTPA-2019-ACT-D-40807-00,planned_end,2026-06-15
XI-IATI-EC_INTPA-2021-ACT-61065,planned_start,2021-12-16
XI-IATI-EC_INTPA-2021-ACT-61065,actual_start,2021-12-16
XI-IATI-EC_INTPA-2021-ACT-61065,planned_end,2031-05-11
XI-IATI-EC_INTPA-2016-ACT-D-39310-00,planned_start,2016-12-09
XI-IATI-EC_INTPA-2016-ACT-D-39310-00,actual_start,2016-12-09
XI-IATI-EC_INTPA-2016-ACT-D-39310-00,planned_end,2025-12-09
XI-IATI-EC_INTPA-2022-PC-16482,planned_start,2022-06-07
XI-IATI-EC_INTPA-2022-PC-16482,actual_start,2022-06-07
XI-IATI-EC_INTPA-2022-PC-16482,planned_end,2024-12-30
XI-IATI-EC_INTPA-2022-PC-16482,actual_end,2024-12-30
XI-IATI-EC_INTPA-2023-PC-27513,planned_start,2023-12-27
XI-IATI-EC_INTPA-2023-PC-27513,actual_start,2023-12-27
XI-IATI-EC_INTPA-2023-PC-27513,planned_end,2024-10-25
XI-IATI-EC_INTPA-2023-PC-27513,actual_end,2024-10-25
XI-IATI-EC_INTPA-2022-PC-19819,planned_start,2022-11-22
XI-IATI-EC_INTPA-2022-PC-19819,actual_start,2022-11-22
XI-IATI-EC_INTPA-2022-PC-19819,planned_end,2028-11-22
XI-IATI-EC_INTPA-2018-PCC-397046,planned_start,2018-05-16
XI-IATI-EC_INTPA-2018-PCC-397046,actual_start,2018-06-01
XI-IATI-EC_INTPA-2018-PCC-397046,planned_end,2021-06-01
XI-IATI-EC_INTPA-2017-ACT-D-40134-00,planned_start,2018-04-06
XI-IATI-EC_INTPA-2017-ACT-D-40134-00,actual_start,2018-04-06
XI-IATI-EC_INTPA-2017-ACT-D-40134-00,planned_end,2030-04-05
XI-IATI-EC_INTPA-2018-PCC-397046,actual_end,2021-06-01
XI-IATI-EC_INTPA-2017-PCC-385290,planned_start,2017-07-27
XI-IATI-EC_INTPA-2017-PCC-385290,actual_start,2017-08-08
XI-IATI-EC_INTPA-2017-PCC-385290,planned_end,2025-03-02
XI-IATI-EC_INTPA-2017-PCC-385290,actual_end,2025-03-02
XI-IATI-EC_INTPA-2018-PCC-404429,planned_start,2018-12-28
XI-IATI-EC_INTPA-2018-PCC-404429,actual_start,2019-01-01
XI-IATI-EC_INTPA-2018-PCC-404429,planned_end,2022-09-01
XI-IATI-EC_INTPA-2018-PCC-404429,actual_end,2022-09-01
XI-IATI-EC_INTPA-2025-PC-59817,planned_start,2025-07-01
XI-IATI-EC_INTPA-2025-PC-59817,actual_start,2025-07-01
XI-IATI-EC_INTPA-2025-PC-59817,planned_end,2028-06-30
XI-IATI-EC_INTPA-2023-PC-24360,planned_start,2023-01-25
XI-IATI-EC_INTPA-2023-PC-24360,actual_start,2023-01-25
XI-IATI-EC_INTPA-2023-PC-24360,planned_end,2028-01-26
XI-IATI-EC_INTPA-2023-ACT-61233,planned_start,2023-12-18
XI-IATI-EC_INTPA-2023-ACT-61233,actual_start,2023-12-18
XI-IATI-EC_INTPA-2023-ACT-61233,planned_end,2031-11-25
XI-IATI-EC_INTPA-2025-PC-36473,planned_start,2025-07-06
XI-IATI-EC_INTPA-2025-PC-36473,actual_start,2025-07-06
XI-IATI-EC_INTPA-2025-PC-36473,planned_end,2029-01-05
XI-IATI-EC_INTPA-2024-PC-36429,planned_start,2024-11-25
XI-IATI-EC_INTPA-2024-PC-36429,actual_start,2024-11-25
XI-IATI-EC_INTPA-2024-PC-36429,planned_end,2028-11-25
XI-IATI-EC_INTPA-2021-PCC-429309,planned_start,2021-12-06
XI-IATI-EC_INTPA-2021-PCC-429309,actual_start,2021-12-09
XI-IATI-EC_INTPA-2021-PCC-429309,planned_end,2023-12-09
XI-IATI-EC_INTPA-2021-PCC-429309,actual_end,2023-12-09
XI-IATI-EC_INTPA-2023-PC-30817,planned_start,2023-08-03
XI-IATI-EC_INTPA-2023-PC-30817,actual_start,2023-09-15
XI-IATI-EC_INTPA-2023-PC-30817,planned_end,2025-06-14
XI-IATI-EC_INTPA-2023-PC-30817,actual_end,2025-06-14
XI-IATI-EC_INTPA-2024-PC-44598,planned_start,2024-10-14
XI-IATI-EC_INTPA-2024-PC-44598,actual_start,2024-10-14
XI-IATI-EC_INTPA-2024-PC-44598,planned_end,2026-10-13
XI-IATI-EC_INTPA-2023-PC-26198,planned_start,2023-04-28
XI-IATI-EC_INTPA-2023-PC-26198,actual_start,2023-05-01
XI-IATI-EC_INTPA-2023-PC-26198,planned_end,2027-04-30
XI-IATI-EC_INTPA-2016-ACT-D-38540-01,planned_start,2016-10-31
XI-IATI-EC_INTPA-2016-ACT-D-38540-01,actual_start,2016-10-31
XI-IATI-EC_INTPA-2016-ACT-D-38540-01,planned_end,2023-10-31
XI-IATI-EC_INTPA-2023-PC-26026,planned_start,2023-08-07
XI-IATI-EC_INTPA-2023-PC-26026,actual_start,2023-08-07
XI-IATI-EC_INTPA-2023-PC-26026,planned_end,2026-03-06
XI-IATI-EC_INTPA-2023-PC-26026,actual_end,2026-03-06
XI-IATI-EC_INTPA-2021-ACT-61121,planned_start,2021-12-16
XI-IATI-EC_INTPA-2021-ACT-61121,actual_start,2021-12-16
XI-IATI-EC_INTPA-2021-ACT-61121,planned_end,2032-12-31
XI-IATI-EC_INTPA-2023-PC-26483,planned_start,2023-04-27
XI-IATI-EC_INTPA-2023-PC-26483,actual_start,2023-05-01
XI-IATI-EC_INTPA-2023-PC-26483,planned_end,2025-05-01
XI-IATI-EC_INTPA-2023-PC-26483,actual_end,2025-05-01
XI-IATI-EC_INTPA-2023-ACT-61294,planned_start,2023-07-26
XI-IATI-EC_INTPA-2023-ACT-61294,actual_start,2023-07-26
XI-IATI-EC_INTPA-2023-ACT-61294,planned_end,2033-10-19
XI-IATI-EC_INTPA-2020-ACT-D-41754-00,planned_start,2020-02-27
XI-IATI-EC_INTPA-2020-ACT-D-41754-00,actual_start,2020-02-27
XI-IATI-EC_INTPA-2020-ACT-D-41754-00,planned_end,2028-10-27
XI-IATI-EC_INTPA-2022-ACT-61496,planned_start,2022-12-19
XI-IATI-EC_INTPA-2022-ACT-61496,actual_start,2022-12-19
XI-IATI-EC_INTPA-2022-ACT-61496,planned_end,2030-04-25
XI-IATI-EC_INTPA-2022-PC-22890,planned_start,2022-12-01
XI-IATI-EC_INTPA-2022-PC-22890,actual_start,2022-12-02
XI-IATI-EC_INTPA-2022-PC-22890,planned_end,2024-12-02
XI-IATI-EC_INTPA-2022-PC-22890,actual_end,2024-12-02
XI-IATI-EC_INTPA-2018-ACT-D-40929-00,planned_start,2018-12-17
XI-IATI-EC_INTPA-2018-ACT-D-40929-00,actual_start,2018-12-17
XI-IATI-EC_INTPA-2018-ACT-D-40929-00,planned_end,2026-12-17
XI-IATI-EC_INTPA-2020-PCC-419898,planned_start,2020-12-01
XI-IATI-EC_INTPA-2020-PCC-419898,actual_start,2020-12-17
XI-IATI-EC_INTPA-2020-PCC-419898,planned_end,2026-02-27
XI-IATI-EC_INTPA-2020-PCC-419898,actual_end,2026-02-27
XI-IATI-EC_INTPA-2024-PC-37034,planned_start,2024-07-16
XI-IATI-EC_INTPA-2024-PC-37034,actual_start,2024-07-16
XI-IATI-EC_INTPA-2024-PC-37034,planned_end,2026-07-16
XI-IATI-EC_INTPA-2024-PC-37034,actual_end,2026-07-16
XI-IATI-EC_INTPA-2023-PC-26203,actual_end,2025-09-08
XI-IATI-EC_INTPA-2023-PC-26203,planned_start,2023-09-08
XI-IATI-EC_INTPA-2023-PC-26203,actual_start,2023-09-08
XI-IATI-EC_INTPA-2023-PC-26203,planned_end,2025-09-08
XI-IATI-EC_INTPA-2023-PC-31561,planned_start,2023-09-08
XI-IATI-EC_INTPA-2023-PC-31561,actual_start,2023-09-08
XI-IATI-EC_INTPA-2023-PC-31561,planned_end,2026-09-08
XI-IATI-EC_INTPA-2023-PC-34444,planned_start,2023-12-22
XI-IATI-EC_INTPA-2023-PC-34444,actual_start,2024-01-01
XI-IATI-EC_INTPA-2023-PC-34444,planned_end,2027-01-01
XI-IATI-EC_INTPA-2023-PC-26647,planned_start,2023-12-21
XI-IATI-EC_INTPA-2023-PC-26647,actual_start,2024-02-01
XI-IATI-EC_INTPA-2023-PC-26647,planned_end,2027-02-01
XI-IATI-EC_INTPA-2023-PC-26380,planned_start,2023-10-19
XI-IATI-EC_INTPA-2023-PC-26380,actual_start,2023-10-19
XI-IATI-EC_INTPA-2023-PC-26380,planned_end,2027-10-19
XI-IATI-EC_INTPA-2023-ACT-61325,planned_start,2023-03-03
XI-IATI-EC_INTPA-2023-ACT-61325,actual_start,2023-03-03
XI-IATI-EC_INTPA-2023-ACT-61325,planned_end,2028-06-30
XI-IATI-EC_INTPA-2025-PC-72129,planned_start,2025-12-19
XI-IATI-EC_INTPA-2025-PC-72129,actual_start,2026-07-01
XI-IATI-EC_INTPA-2025-PC-72129,planned_end,2029-06-30
XI-IATI-EC_INTPA-2023-PC-29463,planned_start,2023-06-16
XI-IATI-EC_INTPA-2023-PC-29463,actual_start,2023-06-16
XI-IATI-EC_INTPA-2023-PC-29463,planned_end,2023-11-16
XI-IATI-EC_INTPA-2023-PC-29463,actual_end,2023-11-16
XI-IATI-EC_INTPA-2023-PC-30645,planned_start,2023-12-12
XI-IATI-EC_INTPA-2023-PC-30645,actual_start,2023-12-12
XI-IATI-EC_INTPA-2023-PC-30645,planned_end,2024-09-12
XI-IATI-EC_INTPA-2023-PC-30645,actual_end,2024-09-12
XI-IATI-EC_INTPA-2023-PC-25850,planned_start,2023-04-05
XI-IATI-EC_INTPA-2023-PC-25850,actual_start,2023-04-05
XI-IATI-EC_INTPA-2023-PC-25850,planned_end,2027-04-05
XI-IATI-EC_INTPA-2022-PC-15602,planned_start,2022-04-08
XI-IATI-EC_INTPA-2022-PC-15602,actual_start,2022-04-08
XI-IATI-EC_INTPA-2022-PC-15602,planned_end,2026-04-08
XI-IATI-EC_INTPA-2022-PC-15602,actual_end,2026-04-08
XI-IATI-EC_INTPA-2021-PCC-429957,planned_start,2021-12-14
XI-IATI-EC_INTPA-2021-PCC-429957,actual_start,2022-02-01
XI-IATI-EC_INTPA-2021-PCC-429957,planned_end,2025-12-01
XI-IATI-EC_INTPA-2021-PCC-429957,actual_end,2025-12-01
XI-IATI-EC_INTPA-2018-ACT-D-39797-00,planned_start,2018-09-25
XI-IATI-EC_INTPA-2018-ACT-D-39797-00,actual_start,2018-09-25
XI-IATI-EC_INTPA-2018-ACT-D-39797-00,planned_end,2035-09-25
XI-IATI-EC_INTPA-2021-ACT-60933,planned_start,2021-12-16
XI-IATI-EC_INTPA-2021-PCC-423353,planned_start,2021-03-04
XI-IATI-EC_INTPA-2021-PCC-423353,actual_start,2021-03-06
XI-IATI-EC_INTPA-2021-PCC-423353,planned_end,2025-10-31
XI-IATI-EC_INTPA-2021-PCC-423353,actual_end,2025-10-31
XI-IATI-EC_INTPA-2021-ACT-60933,actual_start,2021-12-16
XI-IATI-EC_INTPA-2021-ACT-60933,planned_end,2030-10-08
XI-IATI-EC_INTPA-2023-PC-26837,planned_start,2023-10-05
XI-IATI-EC_INTPA-2023-PC-26837,actual_start,2023-06-30
XI-IATI-EC_INTPA-2023-PC-26837,planned_end,2026-06-29
XI-IATI-EC_INTPA-2023-PC-26837,actual_end,2026-06-29
XI-IATI-EC_INTPA-2020-ACT-D-40387-00,planned_start,2020-09-17
XI-IATI-EC_INTPA-2020-ACT-D-40387-00,actual_start,2020-09-17
XI-IATI-EC_INTPA-2020-ACT-D-40387-00,planned_end,2029-09-30
XI-IATI-EC_INTPA-2021-ACT-60903,planned_start,2021-12-16
XI-IATI-EC_INTPA-2021-ACT-60903,actual_start,2021-12-16
XI-IATI-EC_INTPA-2021-ACT-60903,planned_end,2030-04-08
XI-IATI-EC_INTPA-2022-ACT-60909,planned_end,2029-05-16
XI-IATI-EC_INTPA-2022-ACT-60909,planned_start,2022-12-12
XI-IATI-EC_INTPA-2022-ACT-60909,actual_start,2022-12-12
XI-IATI-EC_INTPA-2016-ACT-D-38939-00,planned_start,2017-04-03
XI-IATI-EC_INTPA-2025-PC-37761,actual_start,2025-06-26
XI-IATI-EC_INTPA-2026-PC-37759,planned_start,2026-05-15
XI-IATI-EC_INTPA-2026-PC-37759,actual_start,2026-05-15
XI-IATI-EC_INTPA-2026-PC-37759,planned_end,2027-05-14
XI-IATI-EC_INTPA-2025-PC-37761,planned_start,2025-06-26
XI-IATI-EC_INTPA-2025-PC-37761,planned_end,2026-06-25
XI-IATI-EC_INTPA-2025-PC-37761,actual_end,2026-06-25
XI-IATI-EC_INTPA-2016-ACT-D-38939-00,actual_start,2017-04-03
XI-IATI-EC_INTPA-2016-ACT-D-38939-00,planned_end,2025-04-03
XI-IATI-EC_INTPA-2022-ACT-60961,planned_start,2022-12-16
XI-IATI-EC_INTPA-2022-ACT-60961,actual_start,2022-12-16
XI-IATI-EC_INTPA-2022-ACT-60961,planned_end,2028-03-27
XI-IATI-EC_INTPA-2021-ACT-60930,planned_start,2021-12-16
XI-IATI-EC_INTPA-2021-ACT-60930,actual_start,2021-12-16
XI-IATI-EC_INTPA-2021-ACT-60930,planned_end,2030-04-08
XI-IATI-EC_INTPA-2023-ACT-60983,planned_start,2023-05-08
XI-IATI-EC_INTPA-2023-ACT-60983,actual_start,2023-05-08
XI-IATI-EC_INTPA-2023-ACT-60983,planned_end,2034-11-08
XI-IATI-EC_INTPA-2019-ACT-D-41577-00,planned_start,2020-02-27
XI-IATI-EC_INTPA-2019-ACT-D-41577-00,actual_start,2020-02-27
XI-IATI-EC_INTPA-2019-ACT-D-41577-00,planned_end,2027-02-27
XI-IATI-EC_INTPA-2018-ACT-D-39984-00,planned_start,2018-12-17
XI-IATI-EC_INTPA-2018-ACT-D-39984-00,actual_start,2018-12-17
XI-IATI-EC_INTPA-2018-ACT-D-39984-00,planned_end,2025-12-17
XI-IATI-EC_INTPA-2021-PCC-425462,planned_start,2021-12-21
XI-IATI-EC_INTPA-2021-PCC-425462,actual_start,2021-12-29
XI-IATI-EC_INTPA-2021-PCC-425462,planned_end,2033-08-29
XI-IATI-EC_INTPA-2021-ACT-62317,planned_start,2025-05-26
XI-IATI-EC_INTPA-2021-ACT-62317,actual_start,2024-08-06
XI-IATI-EC_INTPA-2021-ACT-62317,planned_end,2032-05-26
XI-IATI-EC_INTPA-2023-PC-23354,planned_start,2023-09-27
XI-IATI-EC_INTPA-2016-ACT-D-37957-01,planned_start,2017-03-30
XI-IATI-EC_INTPA-2016-ACT-D-37957-01,actual_start,2017-03-30
XI-IATI-EC_INTPA-2016-ACT-D-37957-01,planned_end,2026-03-30
XI-IATI-EC_INTPA-2023-PC-23354,actual_start,2023-09-27
XI-IATI-EC_INTPA-2023-PC-23354,planned_end,2027-10-01
XI-IATI-EC_INTPA-2022-PC-15588,planned_start,2022-04-08
XI-IATI-EC_INTPA-2022-PC-15588,actual_start,2022-04-08
XI-IATI-EC_INTPA-2022-PC-15588,planned_end,2028-04-08
XI-IATI-EC_INTPA-2022-PC-16632,planned_start,2022-09-13
XI-IATI-EC_INTPA-2022-PC-16632,actual_start,2022-09-15
XI-IATI-EC_INTPA-2022-PC-16632,planned_end,2026-12-31
XI-IATI-EC_INTPA-2023-PC-26411,planned_start,2023-05-17
XI-IATI-EC_INTPA-2023-PC-26411,actual_start,2023-05-17
XI-IATI-EC_INTPA-2023-PC-26411,planned_end,2027-02-17
XI-IATI-EC_INTPA-2025-PC-52952,planned_start,2025-05-26
XI-IATI-EC_INTPA-2025-PC-52952,actual_start,2025-05-26
XI-IATI-EC_INTPA-2025-PC-52952,planned_end,2030-05-25
XI-IATI-EC_INTPA-2015-ACT-D-38504-00,planned_start,2016-05-11
XI-IATI-EC_INTPA-2015-ACT-D-38504-00,actual_start,2016-05-11
XI-IATI-EC_INTPA-2015-ACT-D-38504-00,planned_end,2024-05-11
XI-IATI-EC_INTPA-2021-ACT-61120,planned_start,2021-12-16
XI-IATI-EC_INTPA-2021-ACT-61120,actual_start,2021-12-16
XI-IATI-EC_INTPA-2021-ACT-61120,planned_end,2029-12-21
XI-IATI-EC_INTPA-2024-PC-44588,planned_start,2024-11-15
XI-IATI-EC_INTPA-2024-PC-44588,actual_start,2024-11-15
XI-IATI-EC_INTPA-2024-PC-44588,planned_end,2027-11-15
XI-IATI-EC_INTPA-2022-PC-24537,planned_start,2022-12-21
XI-IATI-EC_INTPA-2022-PC-24537,actual_start,2022-12-21
XI-IATI-EC_INTPA-2022-PC-24537,planned_end,2027-12-21
XI-IATI-EC_INTPA-2024-PC-32327,planned_start,2024-07-03
XI-IATI-EC_INTPA-2024-PC-32327,actual_start,2024-07-22
XI-IATI-EC_INTPA-2024-PC-32327,planned_end,2027-04-21
XI-IATI-EC_INTPA-2023-PC-25655,planned_start,2023-05-12
XI-IATI-EC_INTPA-2023-PC-25655,actual_start,2023-05-12
XI-IATI-EC_INTPA-2023-PC-25655,planned_end,2028-05-11
XI-IATI-EC_INTPA-2022-ACT-60636,planned_start,2022-08-18
XI-IATI-EC_INTPA-2022-ACT-60636,actual_start,2022-08-18
XI-IATI-EC_INTPA-2022-ACT-60636,planned_end,2030-05-12
XI-IATI-EC_INTPA-2024-PC-25656,planned_start,2024-05-28
XI-IATI-EC_INTPA-2024-PC-25656,actual_start,2024-06-23
XI-IATI-EC_INTPA-2024-PC-25656,planned_end,2026-12-22
XI-IATI-EC_INTPA-2024-PC-36107,planned_start,2024-09-25
XI-IATI-EC_INTPA-2024-PC-36107,actual_start,2024-09-25
XI-IATI-EC_INTPA-2024-PC-36107,planned_end,2027-09-25
XI-IATI-EC_INTPA-2016-ACT-D-37972-00,planned_start,2017-12-01
XI-IATI-EC_INTPA-2016-ACT-D-37972-00,actual_start,2017-12-01
XI-IATI-EC_INTPA-2016-ACT-D-37972-00,planned_end,2023-12-01
XI-IATI-EC_INTPA-2023-PC-26579,planned_start,2023-05-08
XI-IATI-EC_INTPA-2023-PC-26579,actual_start,2023-05-08
XI-IATI-EC_INTPA-2023-PC-26579,planned_end,2027-05-08
XI-IATI-EC_INTPA-2020-ACT-D-40898-00,planned_start,2021-12-31
XI-IATI-EC_INTPA-2020-ACT-D-40898-00,actual_start,2021-12-31
XI-IATI-EC_INTPA-2020-ACT-D-40898-00,planned_end,2029-12-30
XI-IATI-EC_INTPA-2023-PC-18768,planned_start,2023-06-27
XI-IATI-EC_INTPA-2023-PC-18768,actual_start,2023-07-15
XI-IATI-EC_INTPA-2023-PC-18768,planned_end,2026-12-31
XI-IATI-EC_INTPA-2021-PCC-427166,planned_start,2021-09-24
XI-IATI-EC_INTPA-2021-PCC-427166,actual_start,2021-11-01
XI-IATI-EC_INTPA-2021-PCC-427166,planned_end,2024-09-01
XI-IATI-EC_INTPA-2021-PCC-427166,actual_end,2024-09-01
XI-IATI-EC_INTPA-2022-PC-15913,planned_start,2022-04-08
XI-IATI-EC_INTPA-2022-PC-15913,actual_start,2022-04-08
XI-IATI-EC_INTPA-2022-PC-15913,planned_end,2026-04-08
XI-IATI-EC_INTPA-2022-PC-15913,actual_end,2026-04-08
XI-IATI-EC_INTPA-2022-PCC-429583,planned_start,2022-01-28
XI-IATI-EC_INTPA-2022-PCC-429583,actual_start,2022-01-28
XI-IATI-EC_INTPA-2022-PCC-429583,planned_end,2027-12-31
XI-IATI-EC_INTPA-2023-PC-30243,planned_start,2023-06-27
XI-IATI-EC_INTPA-2023-PC-30243,actual_start,2023-10-02
XI-IATI-EC_INTPA-2023-PC-30243,planned_end,2027-12-30
XI-IATI-EC_INTPA-2026-PC-78665,planned_start,2026-04-24
XI-IATI-EC_INTPA-2026-PC-78665,actual_start,2026-05-04
XI-IATI-EC_INTPA-2026-PC-78665,planned_end,2026-11-03
XI-IATI-EC_INTPA-2021-ACT-62292,planned_end,2033-07-29
XI-IATI-EC_INTPA-2021-ACT-62292,planned_start,2025-07-29
XI-IATI-EC_INTPA-2021-ACT-62292,actual_start,2024-06-10
XI-IATI-EC_INTPA-2026-PC-49465,planned_start,2026-05-28
XI-IATI-EC_INTPA-2026-PC-49465,actual_start,2026-05-28
XI-IATI-EC_INTPA-2026-PC-49465,planned_end,2031-05-27
XI-IATI-EC_INTPA-2025-PC-49248,planned_start,2025-07-29
XI-IATI-EC_INTPA-2022-PC-23770,planned_end,2027-12-01
XI-IATI-EC_INTPA-2022-PCC-428966,planned_end,2026-06-30
XI-IATI-EC_INTPA-2022-PCC-428966,planned_start,2022-09-30
XI-IATI-EC_INTPA-2022-PCC-428966,actual_start,2022-10-01
XI-IATI-EC_INTPA-2022-PCC-428966,actual_end,2026-06-30
XI-IATI-EC_INTPA-2025-PC-49248,actual_start,2025-07-29
XI-IATI-EC_INTPA-2025-PC-49248,planned_end,2031-07-28
XI-IATI-EC_INTPA-2022-PC-23770,planned_start,2022-12-08
XI-IATI-EC_INTPA-2022-PC-23770,actual_start,2023-01-01
XI-IATI-EC_INTPA-2021-ACT-62696,planned_start,2025-12-11
XI-IATI-EC_INTPA-2021-ACT-62696,actual_start,2024-09-25
XI-IATI-EC_INTPA-2021-ACT-62696,planned_end,2031-12-10
XI-IATI-EC_INTPA-2025-PC-42917,planned_start,2025-12-11
XI-IATI-EC_INTPA-2025-PC-42917,actual_start,2025-12-11
XI-IATI-EC_INTPA-2025-PC-42917,planned_end,2029-12-10
XI-IATI-EC_INTPA-2021-ACT-61100,planned_end,2028-12-22
XI-IATI-EC_INTPA-2021-ACT-61100,planned_start,2021-12-16
XI-IATI-EC_INTPA-2021-ACT-61100,actual_start,2021-12-16
XI-IATI-EC_INTPA-2017-ACT-D-40033-01,planned_start,2018-07-19
XI-IATI-EC_INTPA-2017-ACT-D-40033-01,actual_start,2018-07-19
XI-IATI-EC_INTPA-2017-ACT-D-40033-01,planned_end,2027-07-18
XI-IATI-EC_INTPA-2022-PC-24576,planned_start,2022-12-22
XI-IATI-EC_INTPA-2022-PC-24576,actual_start,2022-12-22
XI-IATI-EC_INTPA-2022-PC-24576,planned_end,2026-12-22
XI-IATI-EC_INTPA-2019-PCC-413599,planned_start,2019-11-28
XI-IATI-EC_INTPA-2019-PCC-413599,actual_start,2019-11-28
XI-IATI-EC_INTPA-2019-PCC-413599,planned_end,2026-11-27
XI-IATI-EC_INTPA-2016-ACT-D-39297-00,planned_start,2017-07-24
XI-IATI-EC_INTPA-2016-ACT-D-39297-00,actual_start,2017-07-24
XI-IATI-EC_INTPA-2016-ACT-D-39297-00,planned_end,2026-10-24
XI-IATI-EC_INTPA-2017-ACT-D-40022-00,planned_start,2018-07-19
XI-IATI-EC_INTPA-2017-ACT-D-40022-00,actual_start,2018-07-19
XI-IATI-EC_INTPA-2017-ACT-D-40022-00,planned_end,2026-01-18
XI-IATI-EC_INTPA-2019-ACT-D-41739-00,planned_start,2020-09-28
XI-IATI-EC_INTPA-2019-ACT-D-41739-00,actual_start,2020-09-28
XI-IATI-EC_INTPA-2019-ACT-D-41739-00,planned_end,2028-09-28
XI-IATI-EC_INTPA-2018-ACT-D-41015-01,planned_start,2019-11-28
XI-IATI-EC_INTPA-2018-ACT-D-41015-01,actual_start,2019-11-28
XI-IATI-EC_INTPA-2018-ACT-D-41015-01,planned_end,2028-11-28
XI-IATI-EC_INTPA-2021-PC-5303,planned_start,2021-06-29
XI-IATI-EC_INTPA-2021-PC-5303,actual_start,2021-07-16
XI-IATI-EC_INTPA-2021-PC-5303,planned_end,2024-07-14
XI-IATI-EC_INTPA-2021-PC-5303,actual_end,2024-07-14
XI-IATI-EC_INTPA-2018-ACT-D-40854-00,planned_start,2019-08-08
XI-IATI-EC_INTPA-2018-ACT-D-40854-00,actual_start,2019-08-08
XI-IATI-EC_INTPA-2018-ACT-D-40854-00,planned_end,2029-08-08
XI-IATI-EC_INTPA-2021-PC-1163,planned_start,2021-03-12
XI-IATI-EC_INTPA-2021-PC-1163,actual_start,2021-03-22
XI-IATI-EC_INTPA-2021-PC-1163,planned_end,2024-03-21
XI-IATI-EC_INTPA-2021-PC-1163,actual_end,2024-03-21
XI-IATI-EC_INTPA-2018-PCC-402235,actual_start,2018-07-19
XI-IATI-EC_INTPA-2018-PCC-402235,planned_start,2018-02-14
XI-IATI-EC_INTPA-2018-PCC-402235,planned_end,2024-01-19
XI-IATI-EC_INTPA-2018-PCC-402235,actual_end,2024-01-19
XI-IATI-EC_INTPA-2019-ACT-D-41736-00,actual_start,2020-03-09
XI-IATI-EC_INTPA-2019-ACT-D-41736-00,planned_start,2020-03-09
XI-IATI-EC_INTPA-2019-ACT-D-41736-00,planned_end,2027-03-09
XI-IATI-EC_INTPA-2021-PCC-426286,planned_start,2021-08-11
XI-IATI-EC_INTPA-2021-PCC-426286,actual_start,2021-09-01
XI-IATI-EC_INTPA-2021-PCC-426286,planned_end,2026-09-28
XI-IATI-EC_INTPA-2018-PCC-402069,planned_start,2018-07-19
XI-IATI-EC_INTPA-2020-PCC-418122,planned_end,2025-07-18
XI-IATI-EC_INTPA-2020-PCC-418122,planned_start,2020-08-13
XI-IATI-EC_INTPA-2020-PCC-418122,actual_start,2020-10-01
XI-IATI-EC_INTPA-2020-PCC-418122,actual_end,2025-07-18
XI-IATI-EC_INTPA-2018-PCC-402069,actual_start,2018-07-19
XI-IATI-EC_INTPA-2018-PCC-402069,planned_end,2025-07-19
XI-IATI-EC_INTPA-2018-PCC-402069,actual_end,2025-07-19
XI-IATI-EC_INTPA-2020-PCC-415467,planned_start,2020-10-08
XI-IATI-EC_INTPA-2020-PCC-415467,actual_start,2020-10-09
XI-IATI-EC_INTPA-2020-PCC-415467,planned_end,2024-10-09
XI-IATI-EC_INTPA-2020-PCC-415467,actual_end,2024-10-09
XI-IATI-EC_INTPA-2025-PC-52115,planned_start,2025-08-19
XI-IATI-EC_INTPA-2025-PC-52115,actual_start,2025-08-25
XI-IATI-EC_INTPA-2025-PC-52115,planned_end,2027-02-24
XI-IATI-EC_INTPA-2021-ACT-63169,planned_start,2100-01-01
XI-IATI-EC_INTPA-2023-ACT-61863,planned_start,2023-06-01
XI-IATI-EC_INTPA-2023-ACT-61863,actual_start,2023-06-01
XI-IATI-EC_INTPA-2023-ACT-61863,planned_end,2028-12-31
XI-IATI-EC_INTPA-2024-PC-37833,planned_start,2024-07-10
XI-IATI-EC_INTPA-2024-PC-37833,actual_start,2024-08-01
XI-IATI-EC_INTPA-2024-PC-37833,planned_end,2026-10-11
XI-IATI-EC_NEAR-2016-ACT-D-39595-00,planned_start,2017-02-20
XI-IATI-EC_NEAR-2016-ACT-D-39595-00,actual_start,2017-02-20
XI-IATI-EC_NEAR-2016-ACT-D-39595-00,planned_end,2025-02-20
XI-IATI-EC_NEAR-2022-ACT-61467,planned_start,2022-12-19
XI-IATI-EC_NEAR-2022-ACT-61467,actual_start,2022-12-19
XI-IATI-EC_NEAR-2022-ACT-61467,planned_end,2030-09-12
XI-IATI-EC_NEAR-2023-ACT-62364,planned_start,2023-12-15
XI-IATI-EC_NEAR-2023-ACT-62364,actual_start,2023-12-15
XI-IATI-EC_NEAR-2023-ACT-62364,planned_end,2026-12-27
XI-IATI-EC_NEAR-2020-ACT-D-42019-00,planned_start,2020-10-09
XI-IATI-EC_NEAR-2020-ACT-D-42019-00,actual_start,2020-10-09
XI-IATI-EC_NEAR-2020-ACT-D-42019-00,planned_end,2026-12-31
XI-IATI-EC_NEAR-2022-ACT-61442,planned_start,2022-12-19
XI-IATI-EC_NEAR-2022-ACT-61442,actual_start,2022-12-19
XI-IATI-EC_NEAR-2022-ACT-61442,planned_end,2029-12-07
XI-IATI-EC_NEAR-2024-PC-36865,planned_end,2026-12-27
XI-IATI-EC_NEAR-2024-PC-26598,planned_start,2024-10-04
XI-IATI-EC_NEAR-2016-ACT-D-38717-03,planned_start,2017-12-14
XI-IATI-EC_NEAR-2015-ACT-D-38716-05,planned_start,2016-09-30
XI-IATI-EC_NEAR-2023-PC-26413,planned_end,2027-12-07
XI-IATI-EC_NEAR-2021-PCC-427664,planned_start,2021-05-27
XI-IATI-EC_NEAR-2021-PCC-427664,actual_start,2021-06-04
XI-IATI-EC_NEAR-2021-PCC-427664,planned_end,2025-02-04
XI-IATI-EC_NEAR-2021-PCC-423828,planned_start,2021-05-27
XI-IATI-EC_NEAR-2021-PCC-423828,actual_start,2021-06-04
XI-IATI-EC_NEAR-2021-PCC-423828,planned_end,2025-06-04
XI-IATI-EC_NEAR-2024-PC-26598,actual_start,2024-10-21
XI-IATI-EC_NEAR-2024-PC-26598,planned_end,2026-12-20
XI-IATI-EC_NEAR-2021-PCC-424514,planned_start,2021-06-21
XI-IATI-EC_NEAR-2021-PCC-424514,actual_start,2021-07-01
XI-IATI-EC_NEAR-2021-PCC-424514,planned_end,2024-07-01
XI-IATI-EC_NEAR-2021-PCC-424514,actual_end,2024-07-01
XI-IATI-EC_NEAR-2021-PCC-424417,actual_start,2021-06-01
XI-IATI-EC_NEAR-2021-PCC-424417,planned_end,2024-08-01
XI-IATI-EC_NEAR-2021-PCC-424417,actual_end,2024-08-01
XI-IATI-EC_NEAR-2021-PCC-426292,planned_start,2021-11-26
XI-IATI-EC_NEAR-2021-PCC-426292,actual_start,2021-11-29
XI-IATI-EC_NEAR-2021-PCC-426292,planned_end,2025-05-29
XI-IATI-EC_NEAR-2020-PCC-424787,planned_end,2027-04-12
XI-IATI-EC_NEAR-2021-PCC-424517,planned_start,2021-06-25
XI-IATI-EC_NEAR-2021-PCC-424517,actual_start,2021-07-01
XI-IATI-EC_NEAR-2021-PCC-424517,planned_end,2024-12-01
XI-IATI-EC_NEAR-2021-PCC-424517,actual_end,2024-12-01
XI-IATI-EC_NEAR-2016-PCC-383649,planned_start,2016-07-25
XI-IATI-EC_NEAR-2016-PCC-383649,actual_start,2016-09-30
XI-IATI-EC_NEAR-2016-PCC-383649,planned_end,2022-09-30
XI-IATI-EC_NEAR-2016-PCC-383649,actual_end,2022-09-30
XI-IATI-EC_NEAR-2023-PC-26413,planned_start,2023-12-07
XI-IATI-EC_NEAR-2023-PC-26413,actual_start,2023-12-07
XI-IATI-EC_NEAR-2014-ACT-D-32813-01,planned_start,2015-12-11
XI-IATI-EC_NEAR-2014-ACT-D-32813-01,actual_start,2015-12-11
XI-IATI-EC_NEAR-2023-PC-26479,planned_end,2028-09-13
XI-IATI-EC_NEAR-2023-PC-26479,planned_start,2023-09-12
XI-IATI-EC_NEAR-2023-PC-26479,actual_start,2023-09-12
XI-IATI-EC_NEAR-2024-PC-36865,planned_start,2024-06-27
XI-IATI-EC_NEAR-2024-PC-36865,actual_start,2024-06-27
XI-IATI-EC_NEAR-2024-PC-26416,planned_start,2024-05-22
XI-IATI-EC_NEAR-2024-PC-26416,actual_start,2024-05-22
XI-IATI-EC_NEAR-2024-PC-26416,planned_end,2026-05-21
XI-IATI-EC_NEAR-2014-ACT-D-32813-01,planned_end,2027-12-11
XI-IATI-EC_NEAR-2020-PCC-423478,planned_end,2026-12-17
XI-IATI-EC_NEAR-2024-PC-26596,planned_start,2024-02-26
XI-IATI-EC_NEAR-2024-PC-26596,actual_start,2024-03-01
XI-IATI-EC_NEAR-2024-PC-26596,planned_end,2027-03-01
XI-IATI-EC_NEAR-2016-ACT-D-38718-06,planned_start,2017-12-14
XI-IATI-EC_NEAR-2016-ACT-D-38718-06,actual_start,2017-12-14
XI-IATI-EC_NEAR-2016-ACT-D-38718-06,planned_end,2025-12-14
XI-IATI-EC_NEAR-2016-ACT-D-38717-03,actual_start,2017-12-14
XI-IATI-EC_NEAR-2016-ACT-D-38717-03,planned_end,2025-12-14
XI-IATI-EC_NEAR-2015-ACT-D-38716-05,actual_start,2016-09-30
XI-IATI-EC_NEAR-2015-ACT-D-38716-05,planned_end,2028-09-30
XI-IATI-EC_NEAR-2015-ACT-D-38715-01,planned_start,2016-09-30
XI-IATI-EC_NEAR-2015-ACT-D-38715-01,actual_start,2016-09-30
XI-IATI-EC_NEAR-2015-ACT-D-38715-01,planned_end,2028-09-30
XI-IATI-EC_NEAR-2020-PCC-423478,planned_start,2020-09-14
XI-IATI-EC_NEAR-2020-PCC-423478,actual_start,2020-12-17
XI-IATI-EC_NEAR-2021-ACT-62392,planned_start,2025-12-31
XI-IATI-EC_NEAR-2021-ACT-62392,actual_start,2024-02-06
XI-IATI-EC_NEAR-2021-ACT-62392,planned_end,2031-12-31
XI-IATI-EC_NEAR-2020-ACT-D-42914-01,planned_start,2021-04-12
XI-IATI-EC_NEAR-2020-ACT-D-42914-01,actual_start,2021-04-12
XI-IATI-EC_NEAR-2020-ACT-D-42914-01,planned_end,2030-04-12
XI-IATI-EC_NEAR-2021-PCC-424417,planned_start,2021-05-21
XI-IATI-EC_NEAR-2023-ACT-61604,planned_start,2023-01-25
XI-IATI-EC_NEAR-2023-ACT-61604,actual_start,2023-01-25
XI-IATI-EC_NEAR-2023-ACT-61604,planned_end,2027-03-24
XI-IATI-EC_NEAR-2019-ACT-D-41203-02,planned_start,2020-12-17
XI-IATI-EC_NEAR-2019-ACT-D-41203-02,actual_start,2020-12-17
XI-IATI-EC_NEAR-2019-ACT-D-41203-02,planned_end,2032-12-17
XI-IATI-EC_NEAR-2020-PCC-424787,planned_start,2020-12-03
XI-IATI-EC_NEAR-2020-PCC-424787,actual_start,2021-04-12
XI-IATI-EC_NEAR-2020-PCC-419973,planned_end,2025-12-17
XI-IATI-EC_NEAR-2019-PCC-408874,planned_start,2019-07-26
XI-IATI-EC_NEAR-2019-PCC-408874,actual_start,2019-07-26
XI-IATI-EC_NEAR-2019-PCC-408874,planned_end,2024-07-26
XI-IATI-EC_NEAR-2019-PCC-408874,actual_end,2024-07-26
XI-IATI-EC_NEAR-2020-PCC-419973,planned_start,2020-12-17
XI-IATI-EC_NEAR-2020-PCC-419973,actual_start,2020-12-17
XI-IATI-EC_NEAR-2023-PC-3384,planned_end,2027-09-08
XI-IATI-EC_NEAR-2023-PC-3384,planned_start,2023-09-08
XI-IATI-EC_NEAR-2023-PC-3384,actual_start,2023-09-08
XI-IATI-EC_NEAR-2023-PC-25960,planned_start,2023-03-24
XI-IATI-EC_NEAR-2023-PC-25960,actual_start,2023-03-24
XI-IATI-EC_NEAR-2023-PC-25960,planned_end,2025-03-24
XI-IATI-EC_NEAR-2023-PC-3383,planned_end,2026-02-28
XI-IATI-EC_NEAR-2023-PC-3383,actual_start,2023-12-30
XI-IATI-EC_NEAR-2023-PC-3383,planned_start,2023-12-20
XI-IATI-EC_NEAR-2024-PC-34437,planned_start,2024-04-11
XI-IATI-EC_NEAR-2024-PC-34437,actual_start,2024-04-11
XI-IATI-EC_NEAR-2024-PC-34437,planned_end,2025-04-11
XI-IATI-EC_NEAR-2023-ACT-61596,planned_start,2023-01-25
XI-IATI-EC_NEAR-2023-ACT-61596,actual_start,2023-01-25
XI-IATI-EC_NEAR-2023-ACT-61596,planned_end,2031-04-04
XI-IATI-EC_NEAR-2023-PC-25441,planned_start,2023-04-04
XI-IATI-EC_NEAR-2023-PC-25441,actual_start,2023-04-04
XI-IATI-EC_NEAR-2023-PC-25441,planned_end,2025-04-04
XI-IATI-EC_NEAR-2012-ACT-D-24572-00,planned_start,2013-11-27
XI-IATI-EC_NEAR-2012-ACT-D-24572-00,actual_start,2013-11-27
XI-IATI-EC_NEAR-2012-ACT-D-24572-00,planned_end,2022-05-27
XI-IATI-EC_NEAR-2016-ACT-D-39318-00,actual_start,2017-12-04
XI-IATI-EC_NEAR-2016-ACT-D-39318-00,planned_end,2024-12-04
XI-IATI-EC_NEAR-2017-ACT-D-40318-00,planned_start,2018-11-20
XI-IATI-EC_NEAR-2017-ACT-D-40318-00,actual_start,2018-11-20
XI-IATI-EC_NEAR-2017-ACT-D-40318-00,planned_end,2025-11-20
XI-IATI-EC_NEAR-2016-ACT-D-39318-00,planned_start,2017-12-04
XI-IATI-EC_NEAR-2018-ACT-D-41405-00,actual_start,2019-07-12
XI-IATI-EC_NEAR-2019-ACT-D-41937-00,planned_start,2020-11-30
XI-IATI-EC_NEAR-2019-ACT-D-41937-00,actual_start,2020-11-30
XI-IATI-EC_NEAR-2019-ACT-D-41937-00,planned_end,2028-11-30
XI-IATI-EC_NEAR-2018-ACT-D-41405-00,planned_start,2019-07-12
XI-IATI-EC_NEAR-2018-ACT-D-41405-00,planned_end,2026-07-12
XI-IATI-EC_NEAR-2019-ACT-D-41934-01,planned_start,2020-09-28
XI-IATI-EC_NEAR-2019-ACT-D-41934-01,actual_start,2020-09-28
XI-IATI-EC_NEAR-2019-ACT-D-41934-01,planned_end,2027-09-28
XI-IATI-EC_NEAR-2023-ACT-61996,planned_start,2023-09-19
XI-IATI-EC_NEAR-2023-ACT-61996,actual_start,2023-09-19
XI-IATI-EC_NEAR-2023-ACT-61996,planned_end,2030-06-20
XI-IATI-EC_NEAR-2022-ACT-61197,planned_start,2022-12-19
XI-IATI-EC_NEAR-2022-ACT-61197,actual_start,2022-12-19
XI-IATI-EC_NEAR-2022-ACT-61197,planned_end,2031-09-11
XI-IATI-EC_NEAR-2018-PCC-401348,planned_start,2018-12-11
XI-IATI-EC_NEAR-2018-PCC-401348,actual_start,2018-12-11
XI-IATI-EC_NEAR-2018-PCC-401348,planned_end,2023-11-11
XI-IATI-EC_NEAR-2018-PCC-401348,actual_end,2023-11-11
XI-IATI-EC_NEAR-2018-PCC-401352,planned_start,2018-12-20
XI-IATI-EC_NEAR-2018-PCC-401352,actual_start,2019-01-01
XI-IATI-EC_NEAR-2018-PCC-401352,planned_end,2023-01-01
XI-IATI-EC_NEAR-2018-PCC-401352,actual_end,2023-01-01
XI-IATI-EC_NEAR-2021-PCC-428565,planned_start,2021-12-08
XI-IATI-EC_NEAR-2021-PCC-428565,actual_start,2022-01-28
XI-IATI-EC_NEAR-2021-PCC-428565,planned_end,2025-09-28
XI-IATI-EC_NEAR-2018-PCC-403393,planned_start,2018-12-05
XI-IATI-EC_NEAR-2018-PCC-403393,actual_start,2018-12-05
XI-IATI-EC_NEAR-2018-PCC-403393,planned_end,2024-12-05
XI-IATI-EC_NEAR-2018-PCC-403393,actual_end,2024-12-05
XI-IATI-EC_NEAR-2022-PC-23492,planned_end,2025-12-09
XI-IATI-EC_NEAR-2022-PC-23383,planned_start,2022-12-14
XI-IATI-EC_NEAR-2022-PC-23383,actual_start,2022-12-15
XI-IATI-EC_NEAR-2022-PC-23383,planned_end,2025-06-14
XI-IATI-EC_NEAR-2021-PCC-428582,planned_start,2021-12-08
XI-IATI-EC_NEAR-2021-PCC-427568,planned_start,2021-12-10
XI-IATI-EC_NEAR-2021-PCC-427568,actual_start,2021-12-16
XI-IATI-EC_NEAR-2021-PCC-427568,planned_end,2024-10-16
XI-IATI-EC_NEAR-2021-PCC-427568,actual_end,2024-10-16
XI-IATI-EC_NEAR-2020-PCC-419437,planned_start,2020-09-28
XI-IATI-EC_NEAR-2020-PCC-419437,actual_start,2020-09-28
XI-IATI-EC_NEAR-2021-PC-7372,planned_start,2021-12-09
XI-IATI-EC_NEAR-2021-PC-7372,actual_start,2021-12-09
XI-IATI-EC_NEAR-2021-PC-7372,planned_end,2024-12-08
XI-IATI-EC_NEAR-2021-PC-7372,actual_end,2024-12-08
XI-IATI-EC_NEAR-2020-PCC-419437,planned_end,2025-09-28
XI-IATI-EC_NEAR-2020-PCC-421173,planned_end,2025-11-30
XI-IATI-EC_NEAR-2020-PCC-421173,planned_start,2020-11-23
XI-IATI-EC_NEAR-2020-PCC-421173,actual_start,2020-11-30
XI-IATI-EC_NEAR-2022-PC-23690,actual_start,2023-01-01
XI-IATI-EC_NEAR-2020-PCC-417111,planned_end,2023-07-23
XI-IATI-EC_NEAR-2020-PCC-417111,actual_end,2023-07-23
XI-IATI-EC_NEAR-2022-PC-23690,planned_end,2026-01-01
XI-IATI-EC_NEAR-2022-PC-21806,planned_start,2022-12-13
XI-IATI-EC_NEAR-2022-PC-21806,actual_start,2022-12-13
XI-IATI-EC_NEAR-2022-PC-21806,planned_end,2025-12-13
XI-IATI-EC_NEAR-2023-PC-23854,actual_start,2023-09-11
XI-IATI-EC_NEAR-2023-PC-23854,planned_end,2029-09-11
XI-IATI-EC_NEAR-2022-PC-23492,planned_start,2022-12-08
XI-IATI-EC_NEAR-2022-PC-23492,actual_start,2022-12-09
XI-IATI-EC_NEAR-2022-PC-22447,planned_start,2022-12-12
XI-IATI-EC_NEAR-2021-PCC-428582,actual_start,2021-12-27
XI-IATI-EC_NEAR-2021-PCC-428582,planned_end,2025-09-27
XI-IATI-EC_NEAR-2022-PC-22447,actual_start,2022-12-13
XI-IATI-EC_NEAR-2022-PC-22447,planned_end,2025-12-13
XI-IATI-EC_NEAR-2022-PC-22453,planned_start,2022-12-08
XI-IATI-EC_NEAR-2022-PC-22453,actual_start,2022-12-09
XI-IATI-EC_NEAR-2022-PC-22453,planned_end,2025-12-09
XI-IATI-EC_NEAR-2023-PC-23151,planned_start,2023-07-24
XI-IATI-EC_NEAR-2023-PC-23151,actual_start,2023-09-04
XI-IATI-EC_NEAR-2023-PC-23151,planned_end,2025-09-04
XI-IATI-EC_NEAR-2020-ACT-D-42602-00,planned_end,2028-06-27
XI-IATI-EC_NEAR-2021-ACT-62606,actual_start,2024-09-13
XI-IATI-EC_NEAR-2020-PCC-417111,planned_start,2020-07-22
XI-IATI-EC_NEAR-2020-PCC-417111,actual_start,2020-07-23
XI-IATI-EC_NEAR-2021-PCC-416172,actual_end,2024-02-01
XI-IATI-EC_NEAR-2021-PCC-416172,planned_start,2021-08-18
XI-IATI-EC_NEAR-2021-PCC-416172,actual_start,2021-02-01
XI-IATI-EC_NEAR-2021-PCC-416172,planned_end,2024-02-01
XI-IATI-EC_NEAR-2021-PCC-427059,planned_end,2025-04-01
XI-IATI-EC_NEAR-2021-PCC-427059,planned_start,2021-12-17
XI-IATI-EC_NEAR-2021-PCC-427059,actual_start,2022-01-01
XI-IATI-EC_NEAR-2022-PC-23690,planned_start,2022-12-12
XI-IATI-EC_NEAR-2022-PC-22151,planned_start,2022-11-30
XI-IATI-EC_NEAR-2022-PC-22151,actual_start,2023-01-01
XI-IATI-EC_NEAR-2022-PC-22151,planned_end,2025-09-01
XI-IATI-EC_NEAR-2022-PC-22257,planned_start,2022-11-28
XI-IATI-EC_NEAR-2024-PC-26216,planned_start,2024-08-01
XI-IATI-EC_NEAR-2024-PC-26216,actual_start,2024-08-26
XI-IATI-EC_NEAR-2024-PC-26216,planned_end,2025-03-23
XI-IATI-EC_NEAR-2022-PC-22257,actual_start,2023-01-01
XI-IATI-EC_NEAR-2022-PC-22257,planned_end,2025-07-01
XI-IATI-EC_NEAR-2021-PCC-424843,planned_end,2025-11-18
XI-IATI-EC_NEAR-2021-PCC-424843,planned_start,2021-12-16
XI-IATI-EC_NEAR-2021-PCC-424843,actual_start,2021-12-18
XI-IATI-EC_NEAR-2023-PC-23854,planned_start,2023-09-11
XI-IATI-EC_NEAR-2015-ACT-D-37735-00,planned_end,2029-01-19
XI-IATI-EC_NEAR-2015-ACT-D-37735-00,planned_start,2016-07-20
XI-IATI-EC_NEAR-2015-ACT-D-37735-00,actual_start,2016-07-20
XI-IATI-EC_NEAR-2016-ACT-D-39601-00,planned_start,2017-12-18
XI-IATI-EC_NEAR-2016-ACT-D-39601-00,actual_start,2017-12-18
XI-IATI-EC_NEAR-2016-ACT-D-39601-00,planned_end,2030-06-18
XI-IATI-EC_NEAR-2023-PC-26221,planned_end,2025-01-03
XI-IATI-EC_NEAR-2017-ACT-D-40316-00,planned_start,2017-12-18
XI-IATI-EC_NEAR-2017-ACT-D-40316-00,actual_start,2017-12-18
XI-IATI-EC_NEAR-2017-ACT-D-40316-00,planned_end,2030-06-18
XI-IATI-EC_NEAR-2023-PC-26221,actual_end,2025-01-03
XI-IATI-EC_NEAR-2017-ACT-D-40548-00,planned_start,2018-11-11
XI-IATI-EC_NEAR-2017-ACT-D-40548-00,actual_start,2018-11-11
XI-IATI-EC_NEAR-2017-ACT-D-40548-00,planned_end,2025-11-11
XI-IATI-EC_NEAR-2023-PC-26221,planned_start,2023-04-11
XI-IATI-EC_NEAR-2023-PC-26221,actual_start,2023-05-14
XI-IATI-EC_NEAR-2019-ACT-D-42137-00,planned_start,2020-12-20
XI-IATI-EC_NEAR-2019-ACT-D-42137-00,actual_start,2020-12-20
XI-IATI-EC_NEAR-2019-ACT-D-42137-00,planned_end,2027-12-19
XI-IATI-EC_NEAR-2020-ACT-D-42602-00,planned_start,2020-12-27
XI-IATI-EC_NEAR-2020-ACT-D-42602-00,actual_start,2020-12-27
XI-IATI-EC_NEAR-2019-ACT-D-42240-00,planned_start,2020-12-27
XI-IATI-EC_NEAR-2019-ACT-D-42240-00,actual_start,2020-12-27
XI-IATI-EC_NEAR-2019-ACT-D-42240-00,planned_end,2028-06-27
XI-IATI-EC_NEAR-2021-ACT-61727,planned_start,2024-12-05
XI-IATI-EC_NEAR-2021-ACT-61727,actual_start,2023-10-04
XI-IATI-EC_NEAR-2021-ACT-61727,planned_end,2030-12-05
XI-IATI-EC_NEAR-2020-ACT-D-42575-00,planned_start,2020-12-20
XI-IATI-EC_NEAR-2020-ACT-D-42575-00,actual_start,2020-12-20
XI-IATI-EC_NEAR-2020-ACT-D-42575-00,planned_end,2027-12-19
XI-IATI-EC_NEAR-2021-ACT-62606,planned_start,2025-12-31
XI-IATI-EC_NEAR-2021-ACT-62606,planned_end,2029-12-31
XI-IATI-EC_NEAR-2023-ACT-61816,planned_start,2023-11-07
XI-IATI-EC_NEAR-2023-ACT-61816,actual_start,2023-11-07
XI-IATI-EC_NEAR-2023-ACT-61816,planned_end,2031-12-01
XI-IATI-EC_NEAR-2022-ACT-60900,planned_start,2022-10-26
XI-IATI-EC_NEAR-2022-ACT-60900,actual_start,2022-10-26
XI-IATI-EC_NEAR-2022-ACT-60900,planned_end,2029-08-21
XI-IATI-EC_NEAR-2022-ACT-60901,planned_start,2022-11-18
XI-IATI-EC_NEAR-2022-ACT-60901,actual_start,2022-11-18
XI-IATI-EC_NEAR-2022-ACT-60901,planned_end,2030-04-21
XI-IATI-EC_NEAR-2019-PCC-411975,actual_start,2020-02-17
XI-IATI-EC_NEAR-2019-PCC-411975,planned_start,2019-11-21
XI-IATI-EC_NEAR-2019-PCC-411975,planned_end,2026-02-17
XI-IATI-EC_NEAR-2017-PCC-394566,actual_start,2017-12-21
XI-IATI-EC_NEAR-2022-PC-24488,planned_end,2025-08-27
XI-IATI-EC_NEAR-2018-PCC-399610,planned_start,2018-08-29
XI-IATI-EC_NEAR-2018-PCC-399610,actual_start,2018-09-01
XI-IATI-EC_NEAR-2018-PCC-399610,planned_end,2023-10-01
XI-IATI-EC_NEAR-2018-PCC-399610,actual_end,2023-10-01
XI-IATI-EC_NEAR-2022-PCC-430729,actual_end,2025-01-30
XI-IATI-EC_NEAR-2022-PC-24488,planned_start,2022-12-26
XI-IATI-EC_NEAR-2022-PC-24488,actual_start,2022-12-27
XI-IATI-EC_NEAR-2022-PCC-430729,actual_start,2022-01-30
XI-IATI-EC_NEAR-2022-PCC-430729,planned_start,2022-01-30
XI-IATI-EC_NEAR-2020-PCC-420275,planned_start,2020-12-20
XI-IATI-EC_NEAR-2020-PCC-420275,actual_start,2020-12-20
XI-IATI-EC_NEAR-2020-PCC-420275,planned_end,2025-12-20
XI-IATI-EC_NEAR-2017-PCC-394566,planned_end,2027-12-19
XI-IATI-EC_NEAR-2017-PCC-394566,planned_start,2017-12-20
XI-IATI-EC_NEAR-2021-PCC-430372,actual_end,2024-12-10
XI-IATI-EC_NEAR-2021-PCC-430372,actual_start,2022-01-10
XI-IATI-EC_NEAR-2021-PCC-430372,planned_end,2024-12-10
XI-IATI-EC_NEAR-2021-PCC-430372,planned_start,2021-12-30
XI-IATI-EC_NEAR-2016-PCC-380129,planned_start,2016-12-07
XI-IATI-EC_NEAR-2016-PCC-380129,actual_start,2016-12-08
XI-IATI-EC_NEAR-2016-PCC-380129,planned_end,2026-07-08
XI-IATI-EC_NEAR-2016-PCC-380130,planned_start,2016-12-07
XI-IATI-EC_NEAR-2016-PCC-380130,actual_start,2016-12-08
XI-IATI-EC_NEAR-2016-PCC-380130,planned_end,2024-01-08
XI-IATI-EC_NEAR-2016-PCC-380130,actual_end,2024-01-08
XI-IATI-EC_NEAR-2017-PCC-394816,planned_start,2017-12-15
XI-IATI-EC_NEAR-2017-PCC-394816,actual_start,2017-12-18
XI-IATI-EC_NEAR-2017-PCC-394816,planned_end,2024-12-18
XI-IATI-EC_NEAR-2017-PCC-394816,actual_end,2024-12-18
XI-IATI-EC_NEAR-2022-PCC-430729,planned_end,2025-01-30
XI-IATI-EC_NEAR-2020-PCC-420528,planned_start,2020-12-16
XI-IATI-EC_NEAR-2020-PCC-420528,actual_start,2020-12-27
XI-IATI-EC_NEAR-2020-PCC-420528,planned_end,2024-12-27
XI-IATI-EC_NEAR-2020-PCC-420528,actual_end,2024-12-27
XI-IATI-EC_NEAR-2022-PC-23142,actual_start,2022-12-12
XI-IATI-EC_NEAR-2022-PC-23142,planned_end,2025-12-12
XI-IATI-EC_NEAR-2022-PC-23142,planned_start,2022-12-11
XI-IATI-EC_NEAR-2022-PC-19257,planned_start,2022-11-27
XI-IATI-EC_NEAR-2022-PC-19257,actual_start,2022-12-11
XI-IATI-EC_NEAR-2022-PC-19257,planned_end,2024-12-27
XI-IATI-EC_NEAR-2022-PC-19257,actual_end,2024-12-27
XI-IATI-EC_NEAR-2023-PC-26322,planned_start,2023-11-30
XI-IATI-EC_NEAR-2022-PC-19626,planned_start,2022-12-15
XI-IATI-EC_NEAR-2022-PC-19626,actual_start,2022-12-15
XI-IATI-EC_NEAR-2022-PC-19626,planned_end,2025-12-15
XI-IATI-EC_NEAR-2023-PC-28407,planned_start,2023-12-05
XI-IATI-EC_NEAR-2023-PC-28407,actual_start,2023-12-27
XI-IATI-EC_NEAR-2023-PC-28407,planned_end,2024-07-11
XI-IATI-EC_NEAR-2023-PC-28407,actual_end,2024-07-11
XI-IATI-EC_NEAR-2023-PC-26322,actual_start,2023-11-30
XI-IATI-EC_NEAR-2023-PC-26322,planned_end,2025-11-30
XI-IATI-EC_NEAR-2023-PC-24994,planned_end,2027-10-04
XI-IATI-EC_NEAR-2023-PC-24994,planned_start,2023-10-04
XI-IATI-EC_NEAR-2023-PC-24994,actual_start,2023-10-04
XI-IATI-EC_NEAR-2023-PC-26324,planned_start,2023-11-08
XI-IATI-EC_NEAR-2023-PC-26324,actual_start,2023-11-08
XI-IATI-EC_NEAR-2023-PC-26324,planned_end,2026-11-08
XI-IATI-EC_NEAR-2023-PC-25371,planned_start,2023-09-26
XI-IATI-EC_NEAR-2023-PC-25371,actual_start,2023-09-26
XI-IATI-EC_NEAR-2023-PC-25371,planned_end,2027-09-26
XI-IATI-EC_NEAR-2016-ACT-D-39842-01,planned_end,2025-12-10
XI-IATI-EC_NEAR-2019-ACT-D-42126-00,planned_start,2020-05-13
XI-IATI-EC_NEAR-2016-ACT-D-39842-01,actual_start,2017-12-11
XI-IATI-EC_NEAR-2016-ACT-D-39842-01,planned_start,2017-12-11
XI-IATI-EC_NEAR-2014-ACT-D-37371-00,planned_start,2015-12-29
XI-IATI-EC_NEAR-2014-ACT-D-37371-00,actual_start,2015-12-29
XI-IATI-EC_NEAR-2014-ACT-D-37371-00,planned_end,2025-12-29
XI-IATI-EC_NEAR-2019-ACT-D-42126-00,actual_start,2020-05-13
XI-IATI-EC_NEAR-2017-ACT-D-40260-00,planned_start,2018-12-24
XI-IATI-EC_NEAR-2017-ACT-D-40260-00,actual_start,2018-12-24
XI-IATI-EC_NEAR-2017-ACT-D-40260-00,planned_end,2026-12-24
XI-IATI-EC_NEAR-2019-ACT-D-42126-00,planned_end,2029-01-13
XI-IATI-EC_NEAR-2016-ACT-D-39372-02,actual_start,2017-12-19
XI-IATI-EC_NEAR-2016-ACT-D-39372-02,planned_end,2024-12-19
XI-IATI-EC_NEAR-2017-ACT-D-40313-00,planned_start,2018-12-18
XI-IATI-EC_NEAR-2017-ACT-D-40313-00,actual_start,2018-12-18
XI-IATI-EC_NEAR-2017-ACT-D-40313-00,planned_end,2024-12-17
XI-IATI-EC_NEAR-2016-ACT-D-39372-02,planned_start,2017-12-19
XI-IATI-EC_NEAR-2011-ACT-D-22775-00,planned_start,2012-07-03
XI-IATI-EC_NEAR-2011-ACT-D-22775-00,actual_start,2012-07-03
XI-IATI-EC_NEAR-2011-ACT-D-22775-00,planned_end,2022-01-03
XI-IATI-EC_NEAR-2021-ACT-61868,planned_start,2025-12-31
XI-IATI-EC_NEAR-2021-ACT-61868,actual_start,2024-09-30
XI-IATI-EC_NEAR-2021-ACT-61868,planned_end,2030-12-31
XI-IATI-EC_NEAR-2021-ACT-61066,planned_start,2021-12-20
XI-IATI-EC_NEAR-2021-ACT-61066,actual_start,2021-12-20
XI-IATI-EC_NEAR-2021-ACT-61066,planned_end,2029-12-28
XI-IATI-EC_NEAR-2021-PCC-428890,planned_end,2024-12-20
XI-IATI-EC_NEAR-2019-ACT-D-41950-00,planned_start,2020-04-27
XI-IATI-EC_NEAR-2019-ACT-D-41950-00,actual_start,2020-04-27
XI-IATI-EC_NEAR-2019-ACT-D-41950-00,planned_end,2028-10-26
XI-IATI-EC_NEAR-2017-ACT-D-40759-00,planned_start,2018-12-18
XI-IATI-EC_NEAR-2017-ACT-D-40759-00,actual_start,2018-12-18
XI-IATI-EC_NEAR-2017-ACT-D-40759-00,planned_end,2025-12-26
XI-IATI-EC_NEAR-2017-ACT-D-40761-01,planned_start,2018-09-14
XI-IATI-EC_NEAR-2017-ACT-D-40761-01,actual_start,2018-09-14
XI-IATI-EC_NEAR-2017-ACT-D-40761-01,planned_end,2025-12-10
XI-IATI-EC_NEAR-2018-ACT-D-41398-00,planned_start,2019-12-13
XI-IATI-EC_NEAR-2018-ACT-D-41398-00,actual_start,2019-12-13
XI-IATI-EC_NEAR-2018-ACT-D-41398-00,planned_end,2026-12-13
XI-IATI-EC_NEAR-2021-ACT-61137,planned_start,2021-12-20
XI-IATI-EC_NEAR-2021-ACT-61137,actual_start,2021-12-20
XI-IATI-EC_NEAR-2021-ACT-61137,planned_end,2027-12-20
XI-IATI-EC_NEAR-2021-PCC-428890,actual_end,2024-12-20
XI-IATI-EC_NEAR-2021-PCC-428890,planned_start,2021-12-16
XI-IATI-EC_NEAR-2021-ACT-61068,planned_start,2021-12-20
XI-IATI-EC_NEAR-2018-ACT-D-41290-00,planned_start,2018-12-20
XI-IATI-EC_NEAR-2018-ACT-D-41290-00,actual_start,2018-12-20
XI-IATI-EC_NEAR-2018-ACT-D-41290-00,planned_end,2025-12-29
XI-IATI-EC_NEAR-2021-ACT-61068,actual_start,2021-12-20
XI-IATI-EC_NEAR-2021-ACT-61068,planned_end,2028-12-26
XI-IATI-EC_NEAR-2022-ACT-61027,planned_start,2022-12-16
XI-IATI-EC_NEAR-2022-ACT-61027,actual_start,2022-12-16
XI-IATI-EC_NEAR-2022-ACT-61027,planned_end,2031-09-21
XI-IATI-EC_NEAR-2023-ACT-62340,planned_start,2023-12-20
XI-IATI-EC_NEAR-2023-ACT-62340,actual_start,2023-12-20
XI-IATI-EC_NEAR-2023-ACT-62340,planned_end,2031-08-13
XI-IATI-EC_NEAR-2018-ACT-D-41151-00,planned_start,2019-12-19
XI-IATI-EC_NEAR-2018-ACT-D-41151-00,actual_start,2019-12-19
XI-IATI-EC_NEAR-2018-ACT-D-41151-00,planned_end,2027-12-19
XI-IATI-EC_NEAR-2020-ACT-D-42278-00,planned_start,2020-04-27
XI-IATI-EC_NEAR-2020-ACT-D-42278-00,actual_start,2020-04-27
XI-IATI-EC_NEAR-2020-ACT-D-42278-00,planned_end,2028-10-26
XI-IATI-EC_NEAR-2020-ACT-D-42291-00,planned_start,2020-05-13
XI-IATI-EC_NEAR-2020-ACT-D-42291-00,actual_start,2020-05-13
XI-IATI-EC_NEAR-2020-ACT-D-42291-00,planned_end,2029-01-13
XI-IATI-EC_NEAR-2022-ACT-61400,planned_start,2022-11-22
XI-IATI-EC_NEAR-2022-ACT-61400,actual_start,2022-11-22
XI-IATI-EC_NEAR-2022-ACT-61400,planned_end,2026-01-26
XI-IATI-EC_NEAR-2022-ACT-60561,planned_start,2022-10-25
XI-IATI-EC_NEAR-2022-ACT-60561,actual_start,2022-10-25
XI-IATI-EC_NEAR-2022-ACT-60561,planned_end,2029-12-19
XI-IATI-EC_NEAR-2021-PCC-423852,planned_start,2021-12-22
XI-IATI-EC_NEAR-2021-PCC-423852,actual_start,2021-12-23
XI-IATI-EC_NEAR-2021-PCC-423852,planned_end,2026-04-23
XI-IATI-EC_NEAR-2021-PCC-428962,planned_start,2021-12-13
XI-IATI-EC_NEAR-2022-ACT-61199,planned_start,2022-12-16
XI-IATI-EC_NEAR-2022-ACT-61199,actual_start,2022-12-16
XI-IATI-EC_NEAR-2022-ACT-61199,planned_end,2030-09-04
XI-IATI-EC_NEAR-2021-PCC-428962,actual_start,2021-12-17
XI-IATI-EC_NEAR-2021-PCC-428962,planned_end,2023-12-17
XI-IATI-EC_NEAR-2021-PCC-428962,actual_end,2023-12-17
XI-IATI-EC_NEAR-2021-PCC-428965,planned_start,2021-12-13
XI-IATI-EC_NEAR-2021-PCC-428965,actual_start,2021-12-17
XI-IATI-EC_NEAR-2021-PCC-428965,planned_end,2023-12-17
XI-IATI-EC_NEAR-2021-PCC-428965,actual_end,2023-12-17
XI-IATI-EC_NEAR-2021-PCC-430122,planned_start,2021-12-16
XI-IATI-EC_NEAR-2021-PCC-430122,actual_start,2022-02-01
XI-IATI-EC_NEAR-2021-PCC-430122,planned_end,2024-12-01
XI-IATI-EC_NEAR-2021-PCC-430122,actual_end,2024-12-01
XI-IATI-EC_NEAR-2021-PCC-428959,planned_start,2021-12-13
XI-IATI-EC_NEAR-2021-PCC-428959,actual_start,2021-12-15
XI-IATI-EC_NEAR-2021-PCC-428959,planned_end,2023-12-15
XI-IATI-EC_NEAR-2021-PCC-428959,actual_end,2023-12-15
XI-IATI-EC_NEAR-2019-PCC-414058,planned_start,2019-12-05
XI-IATI-EC_NEAR-2019-PCC-414058,actual_start,2019-12-13
XI-IATI-EC_NEAR-2019-PCC-414058,planned_end,2023-12-13
XI-IATI-EC_NEAR-2019-PCC-414058,actual_end,2023-12-13
XI-IATI-EC_NEAR-2019-PCC-413828,planned_start,2019-12-05
XI-IATI-EC_NEAR-2019-PCC-413828,actual_start,2019-12-11
XI-IATI-EC_NEAR-2019-PCC-413828,planned_end,2024-12-11
XI-IATI-EC_NEAR-2019-PCC-413828,actual_end,2024-12-11
XI-IATI-EC_NEAR-2021-PCC-427905,planned_start,2021-12-15
XI-IATI-EC_NEAR-2021-PCC-427905,actual_start,2022-01-12
XI-IATI-EC_NEAR-2021-PCC-427905,planned_end,2022-10-14
XI-IATI-EC_NEAR-2021-PCC-427905,actual_end,2022-10-14
XI-IATI-EC_NEAR-2021-PCC-423450,actual_start,2021-03-22
XI-IATI-EC_NEAR-2017-PCC-394764,planned_start,2017-12-27
XI-IATI-EC_NEAR-2017-PCC-394764,actual_start,2018-02-01
XI-IATI-EC_NEAR-2017-PCC-394764,planned_end,2023-02-01
XI-IATI-EC_NEAR-2017-PCC-394764,actual_end,2023-02-01
XI-IATI-EC_NEAR-2021-PCC-423450,planned_end,2023-12-30
XI-IATI-EC_NEAR-2021-PCC-423450,actual_end,2023-12-30
XI-IATI-EC_NEAR-2021-PCC-423450,planned_start,2021-03-01
XI-IATI-EC_NEAR-2021-PCC-428890,actual_start,2021-12-20
XI-IATI-EC_NEAR-2018-PCC-404157,planned_start,2018-12-27
XI-IATI-EC_NEAR-2018-PCC-404157,actual_start,2019-03-01
XI-IATI-EC_NEAR-2018-PCC-404157,planned_end,2023-05-29
XI-IATI-EC_NEAR-2018-PCC-404157,actual_end,2023-05-29
XI-IATI-EC_NEAR-2017-PCC-394871,actual_start,2018-06-01
XI-IATI-EC_NEAR-2017-PCC-394871,planned_end,2022-12-01
XI-IATI-EC_NEAR-2021-PCC-428889,planned_start,2021-12-16
XI-IATI-EC_NEAR-2021-PCC-428889,actual_start,2022-04-01
XI-IATI-EC_NEAR-2021-PCC-428889,planned_end,2024-12-25
XI-IATI-EC_NEAR-2017-PCC-394871,actual_end,2022-12-01
XI-IATI-EC_NEAR-2017-PCC-394871,planned_start,2017-12-26
XI-IATI-EC_NEAR-2021-PCC-428889,actual_end,2024-12-25
XI-IATI-EC_NEAR-2021-PCC-417640,planned_end,2023-12-01
XI-IATI-EC_NEAR-2021-PC-7220,planned_start,2021-11-22
XI-IATI-EC_NEAR-2023-PC-17755,planned_start,2023-04-21
XI-IATI-EC_NEAR-2023-PC-17755,actual_start,2023-04-28
XI-IATI-EC_NEAR-2023-PC-17755,planned_end,2025-04-27
XI-IATI-EC_NEAR-2022-PC-24235,planned_start,2022-12-28
XI-IATI-EC_NEAR-2022-PC-24235,actual_start,2022-12-28
XI-IATI-EC_NEAR-2022-PC-24235,planned_end,2027-12-28
XI-IATI-EC_NEAR-2022-PC-23356,planned_start,2022-12-27
XI-IATI-EC_NEAR-2022-PC-23356,actual_start,2022-12-27
XI-IATI-EC_NEAR-2022-PC-23356,planned_end,2027-12-27
XI-IATI-EC_NEAR-2024-PC-26165,planned_start,2024-09-30
XI-IATI-EC_NEAR-2024-PC-26165,actual_start,2024-10-01
XI-IATI-EC_NEAR-2024-PC-26165,planned_end,2026-04-03
XI-IATI-EC_NEAR-2015-ACT-D-37894-03,planned_start,2016-09-22
XI-IATI-EC_NEAR-2015-ACT-D-37894-03,actual_start,2016-09-22
XI-IATI-EC_NEAR-2015-ACT-D-37894-03,planned_end,2028-09-22
XI-IATI-EC_NEAR-2021-PC-7220,actual_start,2021-12-06
XI-IATI-EC_NEAR-2021-PC-7220,planned_end,2024-01-31
XI-IATI-EC_NEAR-2021-PC-7220,actual_end,2024-01-31
XI-IATI-EC_NEAR-2020-PCC-416795,planned_start,2020-06-24
XI-IATI-EC_NEAR-2020-PCC-416795,actual_start,2020-08-01
XI-IATI-EC_NEAR-2020-PCC-416795,planned_end,2024-12-01
XI-IATI-EC_NEAR-2020-PCC-416795,actual_end,2024-12-01
XI-IATI-EC_NEAR-2020-PCC-415186,planned_end,2024-12-01
XI-IATI-EC_NEAR-2020-PCC-415186,planned_start,2020-05-11
XI-IATI-EC_NEAR-2020-PCC-415186,actual_start,2020-07-01
XI-IATI-EC_NEAR-2023-ACT-60844,planned_start,2023-05-12
XI-IATI-EC_NEAR-2023-ACT-60844,actual_start,2023-05-12
XI-IATI-EC_NEAR-2023-ACT-60844,planned_end,2029-06-06
XI-IATI-EC_NEAR-2023-ACT-60862,planned_start,2023-05-12
XI-IATI-EC_NEAR-2023-ACT-60862,actual_start,2023-05-12
XI-IATI-EC_NEAR-2023-ACT-60862,planned_end,2029-06-06
XI-IATI-EC_NEAR-2023-ACT-61597,actual_start,2023-02-02
XI-IATI-EC_NEAR-2023-ACT-61597,planned_start,2023-02-02
XI-IATI-EC_NEAR-2023-ACT-61597,planned_end,2025-02-27
XI-IATI-EC_NEAR-2023-PC-13415,planned_start,2023-05-13
XI-IATI-EC_NEAR-2023-PC-13415,actual_start,2023-05-13
XI-IATI-EC_NEAR-2023-PC-13415,planned_end,2024-07-10
XI-IATI-EC_NEAR-2023-PC-13415,actual_end,2024-07-10
XI-IATI-EC_NEAR-2021-PCC-415259,planned_start,2021-08-02
XI-IATI-EC_NEAR-2021-PCC-415259,actual_start,2021-10-01
XI-IATI-EC_NEAR-2021-PCC-415259,planned_end,2024-12-14
XI-IATI-EC_NEAR-2021-PCC-415259,actual_end,2024-12-14
XI-IATI-EC_NEAR-2021-PCC-415264,planned_start,2021-08-02
XI-IATI-EC_NEAR-2020-ACT-D-42145-06,planned_start,2020-08-28
XI-IATI-EC_NEAR-2020-ACT-D-42145-06,actual_start,2020-08-28
XI-IATI-EC_NEAR-2020-ACT-D-42145-06,planned_end,2032-08-28
XI-IATI-EC_NEAR-2020-PCC-414985,actual_end,2024-08-01
XI-IATI-EC_NEAR-2020-PCC-414985,planned_start,2020-07-20
XI-IATI-EC_NEAR-2020-PCC-414985,actual_start,2020-09-01
XI-IATI-EC_NEAR-2021-PC-2265,planned_start,2021-02-22
XI-IATI-EC_NEAR-2021-PC-2265,actual_start,2021-02-22
XI-IATI-EC_NEAR-2021-PC-2265,planned_end,2022-08-21
XI-IATI-EC_NEAR-2021-PC-2265,actual_end,2022-08-21
XI-IATI-EC_NEAR-2022-PC-22869,planned_end,2024-11-18
XI-IATI-EC_NEAR-2022-PC-22869,actual_end,2024-11-18
XI-IATI-EC_NEAR-2022-PC-22869,planned_start,2022-12-19
XI-IATI-EC_NEAR-2022-PC-22869,actual_start,2023-02-18
XI-IATI-EC_NEAR-2021-PCC-415264,actual_start,2021-10-01
XI-IATI-EC_NEAR-2021-PCC-415264,planned_end,2024-12-01
XI-IATI-EC_NEAR-2021-PCC-415264,actual_end,2024-12-01
XI-IATI-EC_NEAR-2021-PCC-417640,actual_end,2023-12-01
XI-IATI-EC_NEAR-2020-PCC-416748,planned_end,2025-05-13
XI-IATI-EC_NEAR-2022-PC-23718,planned_start,2022-12-19
XI-IATI-EC_NEAR-2022-PC-23718,actual_start,2022-12-19
XI-IATI-EC_NEAR-2022-PC-23718,planned_end,2027-12-19
XI-IATI-EC_NEAR-2020-PCC-416748,planned_start,2020-06-02
XI-IATI-EC_NEAR-2020-PCC-416748,actual_start,2020-05-13
XI-IATI-EC_NEAR-2021-PCC-417640,actual_start,2021-06-01
XI-IATI-EC_NEAR-2021-PCC-417640,planned_start,2021-03-22
XI-IATI-EC_NEAR-2020-PCC-421661,actual_start,2021-02-01
XI-IATI-EC_NEAR-2020-PCC-421661,planned_end,2023-08-01
XI-IATI-EC_NEAR-2020-PCC-421661,planned_start,2020-12-11
XI-IATI-EC_NEAR-2020-PCC-421661,actual_end,2023-08-01
XI-IATI-EC_NEAR-2021-PCC-429045,actual_end,2024-12-18
XI-IATI-EC_NEAR-2021-PCC-424895,planned_start,2021-12-10
XI-IATI-EC_NEAR-2021-PCC-424895,actual_start,2022-01-17
XI-IATI-EC_NEAR-2020-PCC-416324,planned_start,2020-04-20
XI-IATI-EC_NEAR-2022-PC-10234,planned_start,2022-05-30
XI-IATI-EC_NEAR-2022-PC-10234,actual_start,2022-06-03
XI-IATI-EC_NEAR-2022-PC-10234,planned_end,2025-06-02
XI-IATI-EC_NEAR-2020-PCC-416324,actual_start,2020-04-27
XI-IATI-EC_NEAR-2020-PCC-416324,planned_end,2025-04-27
XI-IATI-EC_NEAR-2021-PC-4855,planned_start,2021-06-03
XI-IATI-EC_NEAR-2021-PC-4855,actual_start,2021-06-03
XI-IATI-EC_NEAR-2021-PC-4855,planned_end,2024-06-03
XI-IATI-EC_NEAR-2021-PC-4855,actual_end,2024-06-03
XI-IATI-EC_NEAR-2021-PCC-424895,planned_end,2023-12-27
XI-IATI-EC_NEAR-2021-PCC-424895,actual_end,2023-12-27
XI-IATI-EC_NEAR-2021-PCC-425620,planned_end,2024-12-20
XI-IATI-EC_NEAR-2021-PCC-425620,planned_start,2021-08-13
XI-IATI-EC_NEAR-2021-PCC-425620,actual_start,2021-09-20
XI-IATI-EC_NEAR-2021-PCC-425620,actual_end,2024-12-20
XI-IATI-EC_NEAR-2020-PCC-415186,actual_end,2024-12-01
XI-IATI-EC_NEAR-2020-PCC-414985,planned_end,2024-08-01
XI-IATI-EC_NEAR-2021-PCC-429045,planned_start,2021-12-16
XI-IATI-EC_NEAR-2021-PCC-429045,actual_start,2021-12-18
XI-IATI-EC_NEAR-2021-PCC-429045,planned_end,2024-12-18
XI-IATI-EC_NEAR-2022-PC-20176,planned_start,2022-12-19
XI-IATI-EC_NEAR-2022-PC-20176,actual_start,2022-12-19
XI-IATI-EC_NEAR-2022-PC-20176,planned_end,2026-12-19
XI-IATI-EC_NEAR-2023-PC-29638,planned_start,2023-05-13
XI-IATI-EC_NEAR-2023-PC-29638,actual_start,2023-05-13
XI-IATI-EC_NEAR-2023-PC-29638,planned_end,2024-07-07
XI-IATI-EC_NEAR-2023-PC-29638,actual_end,2024-07-07
XI-IATI-EC_NEAR-2023-PC-26487,planned_end,2026-10-02
XI-IATI-EC_NEAR-2023-PC-29284,planned_start,2023-04-26
XI-IATI-EC_NEAR-2023-PC-29284,actual_start,2023-09-01
XI-IATI-EC_NEAR-2023-PC-29284,planned_end,2026-09-01
XI-IATI-EC_NEAR-2023-PC-29639,planned_start,2023-05-11
XI-IATI-EC_NEAR-2023-PC-29639,actual_start,2023-05-11
XI-IATI-EC_NEAR-2023-PC-29639,planned_end,2024-07-05
XI-IATI-EC_NEAR-2023-PC-29639,actual_end,2024-07-05
XI-IATI-EC_NEAR-2023-PC-22338,planned_end,2027-01-26
XI-IATI-EC_NEAR-2023-PC-22338,planned_start,2023-01-26
XI-IATI-EC_NEAR-2023-PC-22338,actual_start,2023-01-26
XI-IATI-EC_NEAR-2023-PC-26509,planned_start,2023-06-07
XI-IATI-EC_NEAR-2023-PC-26509,actual_start,2023-06-05
XI-IATI-EC_NEAR-2023-PC-26509,planned_end,2024-06-05
XI-IATI-EC_NEAR-2023-PC-26509,actual_end,2024-06-05
XI-IATI-EC_NEAR-2023-PC-25026,planned_start,2023-05-04
XI-IATI-EC_NEAR-2023-PC-25026,actual_start,2023-05-15
XI-IATI-EC_NEAR-2023-PC-25026,planned_end,2026-05-15
XI-IATI-EC_NEAR-2023-PC-26206,planned_start,2023-04-06
XI-IATI-EC_NEAR-2023-PC-26206,actual_start,2023-04-13
XI-IATI-EC_NEAR-2023-PC-26206,planned_end,2025-03-13
XI-IATI-EC_NEAR-2023-PC-26205,planned_start,2023-04-25
XI-IATI-EC_NEAR-2023-PC-26205,actual_start,2023-05-01
XI-IATI-EC_NEAR-2023-PC-26205,planned_end,2026-05-01
XI-IATI-EC_NEAR-2023-PC-21871,planned_end,2025-05-13
XI-IATI-EC_NEAR-2023-PC-26487,actual_start,2023-10-02
XI-IATI-EC_NEAR-2023-PC-26487,planned_start,2023-10-03
XI-IATI-EC_NEAR-2023-PC-21871,planned_start,2023-05-13
XI-IATI-EC_NEAR-2023-PC-21871,actual_start,2023-05-13
XI-IATI-EC_NEAR-2023-PC-26474,planned_start,2023-11-15
XI-IATI-EC_NEAR-2023-PC-26474,actual_start,2023-11-15
XI-IATI-EC_NEAR-2023-PC-26474,planned_end,2026-11-15
XI-IATI-EC_NEAR-2023-PC-25712,planned_start,2023-09-04
XI-IATI-EC_NEAR-2023-PC-25712,actual_start,2023-09-04
XI-IATI-EC_NEAR-2023-PC-25712,planned_end,2028-09-04
XI-IATI-EC_NEAR-2024-PC-36873,planned_start,2024-08-13
XI-IATI-EC_NEAR-2024-PC-36873,actual_start,2024-08-13
XI-IATI-EC_NEAR-2024-PC-36873,planned_end,2029-08-13
XI-IATI-EC_NEAR-2024-PC-16109,planned_end,2028-08-09
XI-IATI-EC_NEAR-2024-PC-16109,planned_start,2024-08-09
XI-IATI-EC_NEAR-2024-PC-16109,actual_start,2024-08-09
XI-IATI-EC_NEAR-2023-PC-25094,planned_start,2023-07-05
XI-IATI-EC_NEAR-2023-PC-25094,actual_start,2023-09-01
XI-IATI-EC_NEAR-2023-PC-25094,planned_end,2026-09-01
XI-IATI-EC_NEAR-2024-PC-26711,planned_start,2024-10-30
XI-IATI-EC_NEAR-2024-PC-26711,actual_start,2024-11-04
XI-IATI-EC_NEAR-2024-PC-26711,planned_end,2027-11-04
XI-IATI-EC_NEAR-2020-ACT-D-42747-06,planned_start,2020-09-18
XI-IATI-EC_NEAR-2020-ACT-D-42747-06,planned_end,2032-09-18
XI-IATI-EC_NEAR-2019-PCC-415500,actual_start,2020-03-05
XI-IATI-EC_NEAR-2023-PC-34044,planned_start,2023-11-15
XI-IATI-EC_NEAR-2023-PC-34044,actual_start,2023-11-15
XI-IATI-EC_NEAR-2019-PCC-415500,planned_end,2026-03-05
XI-IATI-EC_NEAR-2022-ACT-60915,planned_start,2022-12-13
XI-IATI-EC_NEAR-2022-ACT-60915,actual_start,2022-12-13
XI-IATI-EC_NEAR-2022-ACT-60915,planned_end,2031-12-21
XI-IATI-EC_NEAR-2023-PC-34044,planned_end,2026-11-15
XI-IATI-EC_NEAR-2020-ACT-D-42747-06,actual_start,2020-09-18
XI-IATI-EC_NEAR-2020-PCC-421250,planned_start,2020-12-14
XI-IATI-EC_NEAR-2020-PCC-421250,actual_start,2021-01-18
XI-IATI-EC_NEAR-2020-PCC-421250,planned_end,2025-07-02
XI-IATI-EC_NEAR-2019-ACT-D-41263-03,planned_end,2028-03-05
XI-IATI-EC_NEAR-2019-ACT-D-41263-03,planned_start,2020-03-05
XI-IATI-EC_NEAR-2019-ACT-D-41263-03,actual_start,2020-03-05
XI-IATI-EC_NEAR-2023-PC-25995,planned_start,2023-06-06
XI-IATI-EC_NEAR-2023-PC-25995,actual_start,2023-06-06
XI-IATI-EC_NEAR-2023-PC-25995,planned_end,2026-06-06
XI-IATI-EC_NEAR-2023-PC-25842,planned_start,2023-06-06
XI-IATI-EC_NEAR-2023-PC-25842,actual_start,2023-09-22
XI-IATI-EC_NEAR-2023-PC-25842,planned_end,2027-09-22
XI-IATI-EC_NEAR-2023-PC-25328,planned_start,2023-02-27
XI-IATI-EC_NEAR-2023-PC-25328,actual_start,2023-02-27
XI-IATI-EC_NEAR-2023-PC-25328,planned_end,2025-02-27
XI-IATI-EC_NEAR-2023-ACT-61594,planned_end,2027-02-08
XI-IATI-EC_NEAR-2023-ACT-61594,planned_start,2023-01-23
XI-IATI-EC_NEAR-2023-ACT-61594,actual_start,2023-01-23
XI-IATI-EC_NEAR-2019-PCC-415500,planned_start,2019-12-20
XI-IATI-EC_NEAR-2020-PCC-419152,planned_start,2020-07-31
XI-IATI-EC_NEAR-2020-PCC-419152,actual_start,2020-09-18
XI-IATI-EC_NEAR-2020-PCC-419152,planned_end,2026-09-18
XI-IATI-EC_NEAR-2015-ACT-D-38144-00,actual_start,2016-12-14
XI-IATI-EC_NEAR-2015-ACT-D-38144-00,planned_start,2016-12-14
XI-IATI-EC_NEAR-2015-ACT-D-38144-00,planned_end,2023-12-13
XI-IATI-EC_NEAR-2020-ACT-D-42924-00,planned_start,2021-02-19
XI-IATI-EC_NEAR-2021-ACT-62648,planned_start,2025-12-31
XI-IATI-EC_NEAR-2021-ACT-62648,actual_start,2024-12-31
XI-IATI-EC_NEAR-2021-ACT-62648,planned_end,2028-12-31
XI-IATI-EC_NEAR-2023-ACT-60518,planned_start,2023-08-21
XI-IATI-EC_NEAR-2023-ACT-60518,actual_start,2023-08-21
XI-IATI-EC_NEAR-2023-ACT-60518,planned_end,2026-12-14
XI-IATI-EC_NEAR-2020-ACT-D-42924-00,actual_start,2021-02-19
XI-IATI-EC_NEAR-2020-ACT-D-42924-00,planned_end,2025-02-18
XI-IATI-EC_NEAR-2023-PC-22941,planned_start,2023-02-21
XI-IATI-EC_NEAR-2023-PC-22941,actual_start,2023-02-21
XI-IATI-EC_NEAR-2023-PC-22941,planned_end,2027-02-22
XI-IATI-EC_NEAR-2023-PC-26649,planned_start,2023-12-21
XI-IATI-EC_NEAR-2023-PC-26649,actual_start,2024-02-26
XI-IATI-EC_NEAR-2023-PC-26649,planned_end,2028-02-26
XI-IATI-EC_NEAR-2024-PC-25269,planned_start,2024-07-23
XI-IATI-EC_NEAR-2024-PC-25269,actual_start,2024-09-23
XI-IATI-EC_NEAR-2024-PC-25269,planned_end,2026-09-23
XI-IATI-EC_NEAR-2022-PC-18169,planned_start,2022-07-21
XI-IATI-EC_NEAR-2022-PC-18169,actual_start,2022-07-21
XI-IATI-EC_NEAR-2022-PC-18169,planned_end,2023-07-21
XI-IATI-EC_NEAR-2022-PC-18169,actual_end,2023-07-21
XI-IATI-EC_NEAR-2021-PCC-430625,planned_start,2021-12-15
XI-IATI-EC_NEAR-2021-PCC-430625,actual_start,2021-12-15
XI-IATI-EC_NEAR-2021-PCC-430625,planned_end,2022-12-15
XI-IATI-EC_NEAR-2021-PCC-430625,actual_end,2022-12-15
XI-IATI-EC_NEAR-2023-PC-31959,planned_start,2023-10-11
XI-IATI-EC_NEAR-2023-PC-31959,actual_start,2022-12-14
XI-IATI-EC_NEAR-2023-PC-31959,planned_end,2023-12-14
XI-IATI-EC_NEAR-2023-PC-31959,actual_end,2023-12-14
XI-IATI-EC_NEAR-2016-ACT-D-39803-06,planned_start,2017-12-14
XI-IATI-EC_NEAR-2016-ACT-D-39803-06,actual_start,2017-12-14
XI-IATI-EC_NEAR-2016-ACT-D-39806-09,planned_start,2017-09-27
XI-IATI-EC_NEAR-2016-ACT-D-39806-09,actual_start,2017-09-27
XI-IATI-EC_NEAR-2016-ACT-D-39806-09,planned_end,2023-09-27
XI-IATI-EC_NEAR-2015-ACT-D-38444-04,planned_start,2016-12-02
XI-IATI-EC_NEAR-2015-ACT-D-38444-04,actual_start,2016-12-02
XI-IATI-EC_NEAR-2015-ACT-D-38444-04,planned_end,2029-12-02
XI-IATI-EC_NEAR-2021-ACT-60872,planned_start,2023-12-31
XI-IATI-EC_NEAR-2021-ACT-60872,actual_start,2022-09-05
XI-IATI-EC_NEAR-2021-ACT-60872,planned_end,2026-06-21
XI-IATI-EC_NEAR-2021-ACT-61585,planned_start,2023-02-13
XI-IATI-EC_NEAR-2021-ACT-61585,actual_start,2023-01-30
XI-IATI-EC_NEAR-2021-ACT-61585,planned_end,2025-02-13
XI-IATI-EC_NEAR-2021-ACT-60875,planned_start,2023-12-31
XI-IATI-EC_NEAR-2021-ACT-60875,actual_start,2022-09-05
XI-IATI-EC_NEAR-2021-ACT-60875,planned_end,2026-06-21
XI-IATI-EC_NEAR-2024-ACT-62417,planned_start,2024-05-27
XI-IATI-EC_NEAR-2024-ACT-62417,actual_start,2024-05-27
XI-IATI-EC_NEAR-2024-ACT-62417,planned_end,2032-11-28
XI-IATI-EC_NEAR-2018-PCC-397293,actual_start,2018-08-01
XI-IATI-EC_NEAR-2018-PCC-397293,planned_end,2023-02-01
XI-IATI-EC_NEAR-2018-PCC-397293,actual_end,2023-02-01
XI-IATI-EC_NEAR-2018-PCC-397293,planned_start,2018-06-27
XI-IATI-EC_NEAR-2019-PCC-407821,planned_start,2019-06-27
XI-IATI-EC_NEAR-2019-PCC-407821,actual_start,2019-09-09
XI-IATI-EC_NEAR-2019-PCC-407821,planned_end,2025-02-09
XI-IATI-EC_NEAR-2018-PCC-395584,planned_end,2023-12-01
XI-IATI-EC_NEAR-2018-PCC-395584,actual_end,2023-12-01
XI-IATI-EC_NEAR-2018-PCC-395584,planned_start,2018-02-20
XI-IATI-EC_NEAR-2018-PCC-395584,actual_start,2018-03-05
XI-IATI-EC_NEAR-2022-PC-18779,planned_start,2022-12-06
XI-IATI-EC_NEAR-2022-PC-18779,actual_start,2022-12-06
XI-IATI-EC_NEAR-2022-PC-18779,planned_end,2024-06-04
XI-IATI-EC_NEAR-2022-PC-18779,actual_end,2024-06-04
XI-IATI-EC_NEAR-2023-PC-29296,planned_start,2023-06-28
XI-IATI-EC_NEAR-2023-PC-29296,actual_start,2023-07-14
XI-IATI-EC_NEAR-2023-PC-29296,planned_end,2025-07-14
XI-IATI-EC_NEAR-2023-PC-26113,planned_start,2023-02-13
XI-IATI-EC_NEAR-2023-PC-26113,actual_start,2023-02-13
XI-IATI-EC_NEAR-2023-PC-26113,planned_end,2025-02-13
XI-IATI-EC_NEAR-2023-PC-25802,planned_start,2023-06-21
XI-IATI-EC_NEAR-2023-PC-25802,actual_start,2023-06-21
XI-IATI-EC_NEAR-2023-PC-25802,planned_end,2029-06-21
XI-IATI-EC_NEAR-2023-PC-25764,planned_end,2029-06-21
XI-IATI-EC_NEAR-2023-PC-25764,planned_start,2023-06-21
XI-IATI-EC_NEAR-2023-PC-25764,actual_start,2023-06-21
XI-IATI-EC_NEAR-2024-PC-37108,planned_start,2024-11-28
XI-IATI-EC_NEAR-2024-PC-37108,actual_start,2024-11-28
XI-IATI-EC_NEAR-2024-PC-37108,planned_end,2030-11-28
XI-IATI-EC_NEAR-2024-PC-25804,planned_start,2024-12-13
XI-IATI-EC_NEAR-2024-PC-25804,planned_end,2028-02-03
XI-IATI-EC_NEAR-2022-ACT-60730,planned_start,2022-06-20
XI-IATI-EC_NEAR-2022-ACT-60730,actual_start,2022-06-20
XI-IATI-EC_NEAR-2022-ACT-60730,planned_end,2032-12-11
XI-IATI-EC_NEAR-2023-PC-23862,planned_end,2028-01-01
XI-IATI-EC_NEAR-2019-ACT-D-41891-00,planned_start,2020-07-03
XI-IATI-EC_NEAR-2023-PC-23862,planned_start,2023-01-05
XI-IATI-EC_NEAR-2023-PC-23862,actual_start,2023-01-05
XI-IATI-EC_NEAR-2023-PC-21815,planned_start,2023-07-25
XI-IATI-EC_NEAR-2023-PC-21815,actual_start,2023-07-25
XI-IATI-EC_NEAR-2023-PC-21815,planned_end,2029-01-01
XI-IATI-EC_NEAR-2015-ACT-D-38422-00,planned_start,2016-11-29
XI-IATI-EC_NEAR-2015-ACT-D-38422-00,actual_start,2016-11-29
XI-IATI-EC_NEAR-2015-ACT-D-38422-00,planned_end,2025-11-28
XI-IATI-EC_NEAR-2017-ACT-D-40695-00,planned_end,2025-10-24
XI-IATI-EC_NEAR-2016-ACT-D-39506-00,planned_end,2024-09-30
XI-IATI-EC_NEAR-2017-ACT-D-40562-01,planned_start,2018-11-16
XI-IATI-EC_NEAR-2017-ACT-D-40562-01,actual_start,2018-11-16
XI-IATI-EC_NEAR-2017-ACT-D-40562-01,planned_end,2028-11-15
XI-IATI-EC_NEAR-2017-ACT-D-40695-00,planned_start,2018-10-25
XI-IATI-EC_NEAR-2017-ACT-D-40695-00,actual_start,2018-10-25
XI-IATI-EC_NEAR-2017-ACT-D-40704-00,planned_start,2018-11-16
XI-IATI-EC_NEAR-2017-ACT-D-40704-00,actual_start,2018-11-16
XI-IATI-EC_NEAR-2017-ACT-D-40704-00,planned_end,2029-11-15
XI-IATI-EC_NEAR-2017-ACT-D-40445-00,planned_start,2018-11-12
XI-IATI-EC_NEAR-2017-ACT-D-40445-00,actual_start,2018-11-12
XI-IATI-EC_NEAR-2017-ACT-D-40445-00,planned_end,2027-11-11
XI-IATI-EC_NEAR-2016-ACT-D-39506-00,planned_start,2017-03-31
XI-IATI-EC_NEAR-2016-ACT-D-39506-00,actual_start,2017-03-31
XI-IATI-EC_NEAR-2015-ACT-D-38720-00,planned_start,2016-11-18
XI-IATI-EC_NEAR-2015-ACT-D-38720-00,actual_start,2016-11-18
XI-IATI-EC_NEAR-2015-ACT-D-38720-00,planned_end,2023-11-17
XI-IATI-EC_NEAR-2021-ACT-61082,planned_start,2021-12-19
XI-IATI-EC_NEAR-2021-ACT-61082,actual_start,2021-12-19
XI-IATI-EC_NEAR-2021-ACT-61082,planned_end,2027-10-19
XI-IATI-EC_NEAR-2020-ACT-D-42859-00,planned_start,2021-03-01
XI-IATI-EC_NEAR-2020-ACT-D-42859-00,actual_start,2021-03-01
XI-IATI-EC_NEAR-2019-ACT-D-41859-00,planned_start,2020-11-19
XI-IATI-EC_NEAR-2019-ACT-D-41859-00,actual_start,2020-11-19
XI-IATI-EC_NEAR-2019-ACT-D-41859-00,planned_end,2030-11-19
XI-IATI-EC_NEAR-2019-ACT-D-41860-00,planned_start,2020-08-14
XI-IATI-EC_NEAR-2019-ACT-D-41860-00,actual_start,2020-08-14
XI-IATI-EC_NEAR-2019-ACT-D-41860-00,planned_end,2031-02-13
XI-IATI-EC_NEAR-2019-ACT-D-41891-00,actual_start,2020-07-03
XI-IATI-EC_NEAR-2019-ACT-D-41891-00,planned_end,2030-07-02
XI-IATI-EC_NEAR-2023-ACT-62422,planned_start,2023-12-20
XI-IATI-EC_NEAR-2023-ACT-62422,actual_start,2023-12-20
XI-IATI-EC_NEAR-2023-ACT-62422,planned_end,2027-12-29
XI-IATI-EC_NEAR-2018-PCC-403150,actual_end,2023-11-16
XI-IATI-EC_NEAR-2020-ACT-D-42859-00,planned_end,2032-07-02
XI-IATI-EC_NEAR-2019-PCC-410052,planned_end,2025-11-14
XI-IATI-EC_NEAR-2021-PCC-427970,planned_start,2021-11-02
XI-IATI-EC_NEAR-2021-PCC-427970,actual_start,2021-11-12
XI-IATI-EC_NEAR-2021-PCC-427970,planned_end,2024-11-12
XI-IATI-EC_NEAR-2021-PCC-427970,actual_end,2024-11-12
XI-IATI-EC_NEAR-2019-PCC-407099,planned_end,2025-01-01
XI-IATI-EC_NEAR-2019-PCC-407099,actual_end,2025-01-01
XI-IATI-EC_NEAR-2019-PCC-410052,planned_start,2019-12-13
XI-IATI-EC_NEAR-2019-PCC-410052,actual_start,2020-01-14
XI-IATI-EC_NEAR-2018-PCC-403150,planned_end,2023-11-16
XI-IATI-EC_NEAR-2018-PCC-403150,planned_start,2018-11-12
XI-IATI-EC_NEAR-2018-PCC-403150,actual_start,2018-11-16
XI-IATI-EC_NEAR-2021-PCC-428148,planned_start,2021-11-05
XI-IATI-EC_NEAR-2021-PCC-428148,actual_start,2022-02-01
XI-IATI-EC_NEAR-2021-PCC-428148,planned_end,2025-11-16
XI-IATI-EC_NEAR-2021-PCC-428768,planned_start,2021-11-16
XI-IATI-EC_NEAR-2021-PCC-428768,actual_start,2021-12-01
XI-IATI-EC_NEAR-2021-PCC-428768,planned_end,2024-11-01
XI-IATI-EC_NEAR-2021-PCC-428768,actual_end,2024-11-01
XI-IATI-EC_NEAR-2019-PCC-407099,planned_start,2019-05-21
XI-IATI-EC_NEAR-2019-PCC-411467,actual_start,2019-11-11
XI-IATI-EC_NEAR-2019-PCC-411467,planned_end,2025-04-11
XI-IATI-EC_NEAR-2019-PCC-404352,planned_start,2019-06-28
XI-IATI-EC_NEAR-2019-PCC-404352,actual_start,2019-08-01
XI-IATI-EC_NEAR-2019-PCC-404352,planned_end,2025-08-01
XI-IATI-EC_NEAR-2019-PCC-404799,planned_start,2019-04-16
XI-IATI-EC_NEAR-2019-PCC-404799,actual_start,2019-04-24
XI-IATI-EC_NEAR-2019-PCC-404799,planned_end,2023-07-22
XI-IATI-EC_NEAR-2019-PCC-404799,actual_end,2023-07-22
XI-IATI-EC_NEAR-2019-PCC-407099,actual_start,2019-06-03
XI-IATI-EC_NEAR-2019-PCC-411467,planned_start,2019-11-07
XI-IATI-EC_NEAR-2020-PCC-416672,planned_start,2020-12-16
XI-IATI-EC_NEAR-2020-PCC-416672,actual_start,2020-12-21
XI-IATI-EC_NEAR-2020-PCC-416672,planned_end,2028-10-21
XI-IATI-EC_NEAR-2021-PC-8877,actual_start,2021-11-16
XI-IATI-EC_NEAR-2021-PC-8877,planned_start,2021-11-16
XI-IATI-EC_NEAR-2021-PCC-426850,planned_start,2021-02-15
XI-IATI-EC_NEAR-2021-PCC-426850,actual_start,2021-03-01
XI-IATI-EC_NEAR-2021-PCC-426850,planned_end,2024-03-01
XI-IATI-EC_NEAR-2021-PCC-426850,actual_end,2024-03-01
XI-IATI-EC_NEAR-2020-PCC-418579,planned_start,2020-08-05
XI-IATI-EC_NEAR-2020-PCC-418579,actual_start,2020-08-14
XI-IATI-EC_NEAR-2020-PCC-418579,planned_end,2026-08-14
XI-IATI-EC_NEAR-2021-PCC-414053,planned_start,2021-11-13
XI-IATI-EC_NEAR-2021-PCC-414053,actual_start,2022-07-01
XI-IATI-EC_NEAR-2021-PCC-414053,planned_end,2026-11-01
XI-IATI-EC_NEAR-2018-PCC-404297,planned_start,2018-12-21
XI-IATI-EC_NEAR-2018-PCC-404297,actual_start,2019-01-01
XI-IATI-EC_NEAR-2018-PCC-404297,planned_end,2025-11-01
XI-IATI-EC_NEAR-2020-PCC-420597,planned_start,2020-10-30
XI-IATI-EC_NEAR-2020-PCC-420597,actual_start,2020-11-19
XI-IATI-EC_NEAR-2020-PCC-420597,planned_end,2028-11-19
XI-IATI-EC_NEAR-2021-PCC-423254,planned_start,2021-03-01
XI-IATI-EC_NEAR-2021-PCC-423254,actual_start,2021-03-11
XI-IATI-EC_NEAR-2021-PCC-423254,planned_end,2026-03-11
XI-IATI-EC_NEAR-2021-PCC-430183,planned_start,2021-12-14
XI-IATI-EC_NEAR-2021-PCC-430183,actual_start,2021-12-17
XI-IATI-EC_NEAR-2021-PCC-430183,planned_end,2025-12-17
XI-IATI-EC_NEAR-2018-PCC-404376,planned_start,2018-12-19
XI-IATI-EC_NEAR-2018-PCC-404376,actual_start,2019-01-01
XI-IATI-EC_NEAR-2018-PCC-404376,planned_end,2023-10-01
XI-IATI-EC_NEAR-2018-PCC-404376,actual_end,2023-10-01
XI-IATI-EC_NEAR-2018-PCC-404417,planned_start,2018-12-21
XI-IATI-EC_NEAR-2018-PCC-404417,actual_start,2018-12-27
XI-IATI-EC_NEAR-2018-PCC-404417,planned_end,2025-11-01
XI-IATI-EC_NEAR-2018-PCC-403140,planned_start,2018-11-15
XI-IATI-EC_NEAR-2018-PCC-403140,actual_start,2018-11-16
XI-IATI-EC_NEAR-2018-PCC-403140,planned_end,2022-11-16
XI-IATI-EC_NEAR-2018-PCC-403140,actual_end,2022-11-16
XI-IATI-EC_NEAR-2021-PC-8877,planned_end,2024-11-14
XI-IATI-EC_NEAR-2021-PC-8877,actual_end,2024-11-14
XI-IATI-EC_NEAR-2023-PC-37347,actual_start,2023-12-29
XI-IATI-EC_NEAR-2023-PC-37347,planned_end,2025-12-29
XI-IATI-EC_NEAR-2021-PC-3558,planned_start,2021-06-01
XI-IATI-EC_NEAR-2021-PC-3558,actual_start,2021-06-01
XI-IATI-EC_NEAR-2021-PC-3558,planned_end,2021-06-01
XI-IATI-EC_NEAR-2021-PC-3558,actual_end,2021-06-01
XI-IATI-EC_NEAR-2022-PC-22976,planned_end,2026-02-01
XI-IATI-EC_NEAR-2021-PCC-428588,planned_start,2021-12-14
XI-IATI-EC_NEAR-2021-PCC-428588,actual_start,2021-12-01
XI-IATI-EC_NEAR-2021-PCC-428588,planned_end,2026-07-01
XI-IATI-EC_NEAR-2022-PC-22976,planned_start,2022-12-20
XI-IATI-EC_NEAR-2022-PC-22976,actual_start,2023-02-01
XI-IATI-EC_NEAR-2024-PC-32056,planned_start,2024-06-12
XI-IATI-EC_NEAR-2024-PC-32056,actual_start,2024-07-01
XI-IATI-EC_NEAR-2024-PC-32056,planned_end,2028-06-30
XI-IATI-EC_NEAR-2024-PC-27731,actual_start,2024-07-02
XI-IATI-EC_NEAR-2024-PC-27731,planned_end,2028-07-01
XI-IATI-EC_NEAR-2022-PCC-425501,planned_start,2022-11-15
XI-IATI-EC_NEAR-2022-PCC-425501,actual_start,2022-11-16
XI-IATI-EC_NEAR-2022-PCC-425501,planned_end,2026-11-16
XI-IATI-EC_NEAR-2020-PCC-417245,planned_start,2020-12-07
XI-IATI-EC_NEAR-2017-PCC-394632,planned_start,2017-12-19
XI-IATI-EC_NEAR-2017-PCC-394632,actual_start,2017-12-15
XI-IATI-EC_NEAR-2017-PCC-394632,planned_end,2023-12-15
XI-IATI-EC_NEAR-2017-PCC-394632,actual_end,2023-12-15
XI-IATI-EC_NEAR-2020-PCC-417245,actual_start,2020-12-07
XI-IATI-EC_NEAR-2020-PCC-417245,planned_end,2024-01-07
XI-IATI-EC_NEAR-2020-PCC-417245,actual_end,2024-01-07
XI-IATI-EC_NEAR-2022-PC-15378,planned_start,2022-05-30
XI-IATI-EC_NEAR-2022-PC-15378,actual_start,2022-05-30
XI-IATI-EC_NEAR-2022-PC-15378,planned_end,2023-08-30
XI-IATI-EC_NEAR-2022-PC-15378,actual_end,2023-08-30
XI-IATI-EC_NEAR-2022-PC-23457,planned_start,2022-12-29
XI-IATI-EC_NEAR-2022-PC-23457,actual_start,2023-01-01
XI-IATI-EC_NEAR-2022-PC-23457,planned_end,2026-08-01
XI-IATI-EC_NEAR-2022-PC-20298,planned_start,2022-10-19
XI-IATI-EC_NEAR-2022-PC-20298,actual_start,2022-10-19
XI-IATI-EC_NEAR-2022-PC-20298,planned_end,2025-10-19
XI-IATI-EC_NEAR-2023-PC-31718,planned_end,2028-09-01
XI-IATI-EC_NEAR-2023-PC-37347,planned_start,2023-12-29
XI-IATI-EC_NEAR-2023-PC-31718,planned_start,2023-08-14
XI-IATI-EC_NEAR-2023-PC-31718,actual_start,2023-09-01
XI-IATI-EC_NEAR-2023-PC-31719,planned_start,2023-08-07
XI-IATI-EC_NEAR-2023-PC-31719,actual_start,2023-10-02
XI-IATI-EC_NEAR-2023-PC-31719,planned_end,2025-10-02
XI-IATI-EC_NEAR-2024-PC-27731,planned_start,2024-07-02
XI-IATI-EC_NEAR-2023-PC-31722,planned_start,2023-08-07
XI-IATI-EC_NEAR-2023-PC-31722,actual_start,2023-08-11
XI-IATI-EC_NEAR-2023-PC-31722,planned_end,2029-02-15
XI-IATI-EC_NEAR-2023-PC-30456,planned_start,2023-10-27
XI-IATI-EC_NEAR-2023-PC-30456,actual_start,2023-05-01
XI-IATI-EC_NEAR-2023-PC-30456,planned_end,2027-05-01
XI-IATI-EC_NEAR-2023-PC-30872,planned_start,2023-10-12
XI-IATI-EC_NEAR-2023-PC-30872,actual_start,2023-07-01
XI-IATI-EC_NEAR-2023-PC-30872,planned_end,2026-07-01
XI-IATI-EC_NEAR-2023-PC-32512,planned_start,2023-09-14
XI-IATI-EC_NEAR-2023-PC-32512,actual_start,2023-09-15
XI-IATI-EC_NEAR-2023-PC-32512,planned_end,2026-09-15
XI-IATI-EC_NEAR-2023-PC-30873,planned_end,2026-10-20
XI-IATI-EC_NEAR-2024-PC-39790,actual_start,2024-09-02
XI-IATI-EC_NEAR-2023-PC-30873,planned_start,2023-10-19
XI-IATI-EC_NEAR-2023-PC-30873,actual_start,2023-10-20
XI-IATI-EC_NEAR-2024-PC-39790,planned_start,2024-07-01
XI-IATI-EC_NEAR-2024-PC-39790,planned_end,2026-09-01
XI-IATI-EC_NEAR-2024-PC-38097,planned_start,2024-06-28
XI-IATI-EC_NEAR-2024-PC-38097,actual_start,2024-09-02
XI-IATI-EC_NEAR-2024-PC-38097,planned_end,2027-09-02
XI-IATI-EC_NEAR-2024-PC-38100,planned_start,2024-06-28
XI-IATI-EC_NEAR-2024-PC-38100,actual_start,2024-07-01
XI-IATI-EC_NEAR-2024-PC-38100,planned_end,2027-06-30
XI-IATI-EC_NEAR-2016-ACT-D-39747-07,planned_start,2017-12-15
XI-IATI-EC_NEAR-2016-ACT-D-39747-07,actual_start,2017-12-15
XI-IATI-EC_NEAR-2016-ACT-D-39747-07,planned_end,2029-12-15
XI-IATI-EC_NEAR-2023-ACT-61599,planned_start,2023-01-31
XI-IATI-EC_NEAR-2023-ACT-61599,actual_start,2023-01-31
XI-IATI-EC_NEAR-2023-ACT-61599,planned_end,2027-02-24
XI-IATI-EC_NEAR-2022-PC-24561,planned_start,2022-12-26
XI-IATI-EC_NEAR-2022-PC-24561,actual_start,2023-01-16
XI-IATI-EC_NEAR-2022-PC-24561,planned_end,2026-07-16
XI-IATI-EC_NEAR-2023-PC-25711,planned_end,2025-02-24
XI-IATI-EC_NEAR-2023-PC-25711,planned_start,2023-02-24
XI-IATI-EC_NEAR-2023-PC-25711,actual_start,2023-02-24
XI-IATI-EC_NEAR-2016-ACT-D-39569-00,planned_start,2016-12-19
XI-IATI-EC_NEAR-2016-ACT-D-39569-00,actual_start,2016-12-19
XI-IATI-EC_NEAR-2016-ACT-D-39569-00,planned_end,2027-07-18
XI-IATI-EC_NEAR-2022-ACT-60707,planned_start,2022-04-07
XI-IATI-EC_NEAR-2022-ACT-60707,actual_start,2022-04-07
XI-IATI-EC_NEAR-2022-ACT-60707,planned_end,2026-03-29
XI-IATI-EC_NEAR-2022-ACT-61256,planned_start,2022-07-08
XI-IATI-EC_NEAR-2022-ACT-61256,actual_start,2022-07-08
XI-IATI-EC_NEAR-2022-ACT-61256,planned_end,2027-09-05
XI-IATI-EC_NEAR-2023-ACT-61827,actual_start,2023-06-27
XI-IATI-EC_NEAR-2023-ACT-61827,planned_start,2023-06-27
XI-IATI-EC_NEAR-2023-ACT-61827,planned_end,2028-11-07
XI-IATI-EC_NEAR-2021-ACT-62782,planned_start,2024-07-08
XI-IATI-EC_NEAR-2021-ACT-62782,actual_start,2024-06-10
XI-IATI-EC_NEAR-2021-ACT-62782,planned_end,2027-07-08
XI-IATI-EC_NEAR-2017-PCC-385741,planned_start,2017-05-25
XI-IATI-EC_NEAR-2017-PCC-385741,actual_start,2016-08-01
XI-IATI-EC_NEAR-2017-PCC-385741,planned_end,2023-12-19
XI-IATI-EC_NEAR-2017-PCC-385741,actual_end,2023-12-19
XI-IATI-EC_NEAR-2022-PC-15302,planned_start,2022-04-06
XI-IATI-EC_NEAR-2022-PC-15302,actual_start,2022-04-06
XI-IATI-EC_NEAR-2022-PC-15302,planned_end,2024-04-06
XI-IATI-EC_NEAR-2022-PC-15302,actual_end,2024-04-06
XI-IATI-EC_NEAR-2022-PC-19078,planned_start,2022-09-05
XI-IATI-EC_NEAR-2022-PC-19078,actual_start,2022-09-20
XI-IATI-EC_NEAR-2022-PC-19078,planned_end,2025-09-20
XI-IATI-EC_NEAR-2023-PC-34368,planned_start,2023-06-29
XI-IATI-EC_NEAR-2023-PC-34368,actual_start,2023-06-29
XI-IATI-EC_NEAR-2023-PC-26460,planned_start,2023-11-07
XI-IATI-EC_NEAR-2023-PC-26460,actual_start,2023-11-07
XI-IATI-EC_NEAR-2023-PC-26460,planned_end,2026-11-07
XI-IATI-EC_NEAR-2023-PC-34368,planned_end,2023-06-29
XI-IATI-EC_NEAR-2023-PC-34368,actual_end,2023-06-29
XI-IATI-EC_NEAR-2024-PC-41992,planned_start,2024-07-30
XI-IATI-EC_NEAR-2024-PC-41992,actual_start,2024-07-30
XI-IATI-EC_NEAR-2024-PC-41992,planned_end,2024-07-30
XI-IATI-EC_NEAR-2024-PC-41992,actual_end,2024-07-30
GB-1-103985-101,planned_end,2016-12-31
GB-1-103985-101,actual_end,2016-11-02
GB-1-103985-101,planned_start,2007-02-01
GB-1-103985-101,actual_start,2007-02-01
GB-1-103986-101,planned_start,2006-04-01
GB-1-103986-101,actual_start,2006-04-01
GB-1-103986-101,planned_end,2014-06-01
GB-1-103986-101,actual_end,2015-12-31
GB-1-202328-101,planned_start,2011-07-26
GB-1-202328-101,actual_start,2011-02-22
GB-1-202328-101,planned_end,2022-03-31
GB-1-202328-101,actual_end,2025-10-31
GB-1-202377-101,planned_start,2011-08-01
GB-1-202377-101,actual_start,2011-04-06
GB-1-202377-101,planned_end,2015-06-30
GB-1-202377-101,actual_end,2017-10-19
GB-1-202462-101,planned_start,2012-03-01
GB-1-202462-101,actual_start,2011-05-06
GB-1-202462-101,planned_end,2016-12-31
GB-1-202462-101,actual_end,2022-03-02
GB-1-202468-101,planned_start,2012-03-01
GB-1-202468-101,actual_start,2011-05-09
GB-1-202468-101,planned_end,2015-12-31
GB-1-202468-101,actual_end,2017-09-30
GB-1-202697-101,actual_end,2025-10-31
GB-1-202697-101,planned_end,2022-03-31
GB-1-202697-101,planned_start,2012-04-10
GB-1-202697-101,actual_start,2011-07-01
GB-1-202893-104,planned_start,2011-09-16
GB-1-202893-104,actual_start,2011-09-16
GB-1-202893-104,planned_end,2018-03-30
GB-1-202893-104,actual_end,2020-03-24
GB-1-202990-101,planned_end,2015-03-31
GB-1-202990-101,actual_end,2016-10-31
GB-1-202990-101,planned_start,2011-10-31
GB-1-202990-101,actual_start,2011-11-03
GB-1-202990-103,planned_start,2011-11-03
GB-1-202990-103,actual_start,2011-11-03
GB-1-202990-103,planned_end,2015-03-31
GB-1-202990-103,actual_end,2016-10-31
GB-1-202991-102,planned_start,2012-01-12
GB-1-202991-102,actual_start,2011-11-03
GB-1-202991-102,planned_end,2015-07-07
GB-1-202991-102,actual_end,2017-09-03
GB-1-203001-101,planned_start,2011-11-09
GB-1-203001-101,actual_start,2011-11-09
GB-1-203001-101,planned_end,2018-09-30
GB-1-203001-101,actual_end,2024-03-23
GB-1-203213-101,planned_start,2012-04-30
GB-1-203213-101,actual_start,2012-02-13
GB-1-203213-101,planned_end,2015-04-30
GB-1-203213-101,actual_end,2016-12-06
GB-1-203213-102,planned_start,2012-04-30
GB-1-203213-102,actual_start,2012-02-13
GB-1-203213-102,planned_end,2015-04-30
GB-1-203213-102,actual_end,2016-12-06
GB-1-203100-104,planned_end,2020-12-31
GB-1-203100-104,actual_end,2022-09-30
GB-1-203100-104,planned_start,2013-09-02
GB-1-203100-104,actual_start,2012-01-10
GB-1-203396-102,planned_start,2013-10-18
GB-1-203396-102,actual_start,2012-05-02
GB-1-203396-102,planned_end,2018-06-30
GB-1-203396-102,actual_end,2021-01-01
GB-1-203413-102,planned_start,2015-07-15
GB-1-203413-102,actual_start,2012-05-09
GB-1-203413-102,planned_end,2017-03-31
GB-1-203413-102,actual_end,2019-02-28
GB-1-203536-101,planned_start,2012-08-01
GB-1-203536-101,actual_start,2012-07-03
GB-1-203536-101,planned_end,2017-03-31
GB-1-203536-101,actual_end,2021-06-15
GB-1-203536-113,planned_start,2016-07-20
GB-1-203536-113,actual_start,2016-07-20
GB-1-203536-113,planned_end,2018-07-31
GB-1-203536-113,actual_end,2021-06-15
GB-1-203766-109,planned_start,2012-12-12
GB-1-203766-109,actual_start,2012-11-26
GB-1-203766-109,planned_end,2018-04-30
GB-1-203766-109,actual_end,2021-06-20
GB-1-203766-111,planned_start,2012-12-12
GB-1-203766-111,actual_start,2012-11-26
GB-1-203766-111,planned_end,2018-04-30
GB-1-203766-111,actual_end,2021-06-20
GB-1-203766-112,planned_start,2015-01-01
GB-1-203766-112,actual_start,2012-11-26
GB-1-203766-112,planned_end,2018-04-30
GB-1-203766-112,actual_end,2021-06-20
GB-1-203585-101,planned_start,2013-01-01
GB-1-203585-101,actual_start,2012-08-09
GB-1-203585-101,planned_end,2016-12-31
GB-1-203585-101,actual_end,2018-06-30
GB-1-203811-101,planned_start,2013-01-23
GB-1-203811-101,actual_start,2013-01-23
GB-1-203811-101,planned_end,2016-03-31
GB-1-203811-101,actual_end,2017-12-30
GB-1-204288-102,actual_start,2013-09-24
GB-1-204288-102,planned_end,2018-03-31
GB-1-204288-102,actual_end,2022-09-26
GB-1-204288-102,planned_start,2013-11-21
GB-1-204024-107,planned_start,2013-06-04
GB-1-204024-107,actual_start,2013-06-04
GB-1-204024-107,planned_end,2017-09-30
GB-1-204024-107,actual_end,2021-09-30
GB-1-204179-101,planned_start,2014-12-08
GB-1-204179-101,actual_start,2013-08-14
GB-1-204179-101,planned_end,2018-12-31
GB-1-204179-101,actual_end,2020-09-29
GB-1-205145-102,planned_end,2022-12-31
GB-1-205145-102,planned_start,2016-07-16
GB-1-205145-102,actual_start,2016-05-11
GB-1-205145-104,planned_start,2016-07-16
GB-1-205145-104,actual_start,2016-05-14
GB-1-205145-104,planned_end,2024-07-31
GB-GOV-1-301596-404,planned_start,2024-05-10
GB-GOV-1-301596-404,actual_start,2024-05-10
GB-GOV-1-301596-404,planned_end,2030-03-31
GB-1-114506-106,planned_start,2008-04-01
GB-1-114506-106,actual_start,2008-01-01
GB-1-114506-106,planned_end,2016-03-30
GB-1-114506-106,actual_end,2018-09-29
GB-1-113707-102,planned_end,2015-12-30
GB-1-113707-102,actual_end,2017-09-30
GB-1-113707-102,actual_start,2007-05-01
GB-1-113707-102,planned_start,2007-05-01
GB-1-114086-101,planned_start,2008-07-01
GB-1-114086-101,actual_start,2008-07-01
GB-1-114086-101,planned_end,2020-03-31
GB-1-114086-101,actual_end,2023-09-30
GB-1-113963-102,planned_start,2007-06-01
GB-1-113963-102,actual_start,2007-04-01
GB-1-113963-102,planned_end,2015-03-30
GB-1-113963-102,actual_end,2016-09-30
GB-1-201375-102,planned_start,2010-07-01
GB-1-201375-102,actual_start,2010-07-01
GB-1-201375-102,planned_end,2015-07-31
GB-1-201375-102,actual_end,2016-11-22
GB-1-201375-106,planned_start,2010-07-01
GB-1-201375-106,actual_start,2010-07-01
GB-1-201375-106,planned_end,2015-07-31
GB-1-201375-106,actual_end,2016-11-22
GB-GOV-3-PSA-NPK-200029,actual_start,2016-02-15
GB-GOV-3-PSA-NPK-200029,planned_end,2016-02-17
GB-1-201564-101,planned_start,2011-01-01
GB-1-201564-101,actual_start,2010-02-09
GB-1-201564-101,planned_end,2014-12-31
GB-1-201564-101,actual_end,2016-06-30
GB-1-201629-108,planned_start,2010-06-01
GB-1-201629-108,actual_start,2010-06-01
GB-1-201629-108,planned_end,2017-12-31
GB-1-201629-108,actual_end,2019-10-16
FI-3-2014-2005050123,actual_start,2005-10-20
FI-3-2014-2005050123,planned_end,2015-12-31
FI-3-2014-2002023052,actual_start,2003-12-18
FI-3-2014-2002023052,planned_end,2014-12-31
FI-3-2014-2008080028,actual_start,2008-07-31
FI-3-2014-2008080028,planned_end,2014-12-31
FI-3-2014-2014140714,actual_start,2014-12-17
FI-3-2014-2014140714,planned_end,2016-12-31
FI-3-2014-2000003078,actual_start,2001-12-05
FI-3-2014-2000003078,planned_end,2015-12-31
FI-3-2014-2013130107,actual_start,2002-12-17
FI-3-2014-2013130107,planned_end,2014-12-31
FI-3-2014-2013130132,actual_start,2009-12-10
FI-3-2014-2013130132,planned_end,2014-12-31
FI-3-2014-2012000151,actual_start,2012-12-14
FI-3-2014-2012000151,planned_end,2015-12-31
FI-3-2016-2013130288,planned_start,2011-12-16
FI-3-2016-2013130288,actual_start,2011-12-16
FI-3-2016-2013130288,planned_end,2018-12-31
FI-3-2016-2014140891,planned_start,2014-06-19
FI-3-2016-2014140891,actual_start,2014-06-19
FI-3-2016-2014140891,planned_end,2017-12-31
FI-3-2014-2009091300,actual_start,2009-10-21
FI-3-2014-2009091300,planned_end,2016-12-31
FI-3-2014-2008080130,actual_start,2008-09-01
FI-3-2014-2008080130,planned_end,2014-12-31
FI-3-2014-2004043014,actual_start,2004-06-02
FI-3-2014-2004043014,planned_end,2014-12-31
FI-3-2014-2013130288,actual_start,2011-12-16
FI-3-2014-2013130288,planned_end,2017-12-31
FI-3-2014-2014140891,actual_start,2014-06-19
FI-3-2014-2014140891,planned_end,2017-12-31
FI-3-2016-2005050123,planned_start,2005-10-20
FI-3-2016-2005050123,actual_start,2005-10-20
FI-3-2016-2005050123,planned_end,2017-12-31
FI-3-2016-2008080028,planned_start,2008-07-31
FI-3-2016-2008080028,actual_start,2008-07-31
FI-3-2016-2008080028,planned_end,2016-12-31
FI-3-2016-2013130107,planned_start,2002-12-17
FI-3-2016-2013130107,actual_start,2002-12-17
FI-3-2016-2013130107,planned_end,2017-12-31
FI-3-2016-2009091300,planned_start,2009-10-21
FI-3-2016-2009091300,actual_start,2009-10-21
FI-3-2016-2009091300,planned_end,2016-12-31
FI-3-2015-2015150032,planned_start,2015-12-14
FI-3-2015-2015150032,actual_start,2015-12-14
FI-3-2015-2015150032,planned_end,2019-12-31
FI-3-2015-2005050123,planned_start,2005-10-20
FI-3-2015-2005050123,actual_start,2005-10-20
FI-3-2015-2005050123,planned_end,2017-12-31
FI-3-2015-2008080028,planned_start,2008-07-31
FI-3-2015-2008080028,actual_start,2008-07-31
FI-3-2015-2008080028,planned_end,2015-12-31
FI-3-2015-2014140714,planned_start,2014-12-17
FI-3-2015-2014140714,actual_start,2014-12-17
FI-3-2015-2014140714,planned_end,2016-12-31
FI-3-2015-2013130107,planned_start,2002-12-17
FI-3-2015-2013130107,actual_start,2002-12-17
FI-3-2015-2013130107,planned_end,2016-12-31
FI-3-2017-2013130288,planned_start,2011-12-16
FI-3-2017-2013130288,actual_start,2011-12-16
FI-3-2017-2013130288,planned_end,2018-12-31
FI-3-2017-2014140891,planned_start,2014-06-19
FI-3-2017-2014140891,actual_start,2014-06-19
FI-3-2017-2014140891,planned_end,2017-12-31
FI-3-2015-2009091300,planned_start,2009-10-21
FI-3-2015-2009091300,actual_start,2009-10-21
FI-3-2015-2009091300,planned_end,2016-12-31
FI-3-2015-2008080130,planned_start,2008-09-01
FI-3-2015-2008080130,actual_start,2008-09-01
FI-3-2015-2008080130,planned_end,2015-12-31
FI-3-2015-2013130288,planned_start,2011-12-16
FI-3-2015-2013130288,actual_start,2011-12-16
FI-3-2015-2013130288,planned_end,2018-12-31
FI-3-2017-2015150032,planned_start,2015-12-14
FI-3-2017-2015150032,actual_start,2015-12-14
FI-3-2017-2015150032,planned_end,2019-12-31
FI-3-2015-2014140891,planned_start,2014-06-19
FI-3-2015-2014140891,actual_start,2014-06-19
FI-3-2015-2014140891,planned_end,2017-12-31
FI-3-2017-2005050123,planned_start,2005-10-20
FI-3-2017-2005050123,actual_start,2005-10-20
FI-3-2017-2005050123,planned_end,2019-12-31
FI-3-2019-2015150032,actual_start,2015-12-14
FI-3-2019-2015150032,planned_start,2015-12-14
FI-3-2019-2015150032,planned_end,2019-12-31
FI-3-2019-2019190049,actual_start,2019-12-11
FI-3-2019-2019190049,planned_start,2019-12-11
FI-3-2019-2019190049,planned_end,2023-12-31
FI-3-2018-2015150032,actual_start,2015-12-14
FI-3-2018-2015150032,planned_start,2015-12-14
FI-3-2018-2015150032,planned_end,2019-12-31
FI-3-2019-2005050123,actual_start,2005-10-20
FI-3-2019-2005050123,planned_start,2005-10-20
FI-3-2019-2005050123,planned_end,2019-12-31
FI-3-2019-2019190107,actual_start,2019-12-19
FI-3-2019-2019190107,planned_start,2019-12-19
FI-3-2019-2019190107,planned_end,2022-12-31
FI-3-2021-2021001001,planned_start,2021-01-01
FI-3-2021-2021001001,actual_start,2021-01-01
FI-3-2021-2021001001,planned_end,2021-12-31
FI-3-2018-2005050123,actual_start,2005-10-20
FI-3-2018-2005050123,planned_start,2005-10-20
FI-3-2018-2005050123,planned_end,2019-12-31
FI-3-2021-2019190107,planned_start,2021-01-01
FI-3-2021-2019190107,actual_start,2021-01-01
FI-3-2021-2019190107,planned_end,2021-12-31
FI-3-2021-2021005339,planned_start,2021-01-01
FI-3-2021-2021005339,actual_start,2021-01-01
FI-3-2021-2021005339,planned_end,2021-12-31
FI-3-2019-2013130288,actual_start,2011-12-16
FI-3-2019-2013130288,planned_start,2011-12-16
FI-3-2019-2013130288,planned_end,2019-12-31
FI-3-2021-2018180551,planned_start,2021-01-01
FI-3-2021-2018180551,actual_start,2021-01-01
FI-3-2021-2018180551,planned_end,2021-12-31
FI-3-2019-2018180551,actual_start,2018-02-14
FI-3-2019-2018180551,planned_start,2018-02-14
FI-3-2019-2018180551,planned_end,2020-12-31
FI-3-2018-2013130288,actual_start,2011-12-16
FI-3-2018-2013130288,planned_start,2011-12-16
FI-3-2018-2013130288,planned_end,2018-12-31
FI-3-2018-2018180551,actual_start,2018-02-14
FI-3-2018-2018180551,planned_start,2018-02-14
FI-3-2018-2018180551,planned_end,2020-12-31
FI-3-2020-2019190049,actual_start,2019-12-11
FI-3-2020-2019190049,planned_start,2019-12-11
FI-3-2020-2019190049,planned_end,2023-12-31
FI-3-2024-2024240259,actual_start,2024-01-01
FI-3-2024-2024240259,planned_end,2024-12-31
FI-3-2024-2024240349,actual_start,2024-01-01
FI-3-2024-2024240349,planned_end,2024-12-31
FI-3-2020-2019190107,planned_end,2022-12-31
FI-3-2020-2019190107,actual_start,2019-12-19
FI-3-2020-2019190107,planned_start,2019-12-19
FI-3-2022-2018180551,actual_start,2023-01-01
FI-3-2022-2018180551,planned_end,2023-12-31
FI-3-2022-2021210112,actual_start,2023-01-01
FI-3-2022-2021210112,planned_end,2023-12-31
FI-3-2023-2023230044,actual_start,2023-01-01
FI-3-2023-2023230044,planned_end,2023-12-31
FI-3-2023-2023230130,actual_start,2023-01-01
FI-3-2023-2023230130,planned_end,2023-12-31
FI-3-2022-2019190049,actual_start,2023-01-01
FI-3-2022-2019190049,planned_end,2023-12-31
FI-3-2023-2023230300,actual_start,2023-01-01
FI-3-2023-2023230300,planned_end,2023-12-31
FI-3-2022-2022220043,actual_start,2023-01-01
FI-3-2022-2022220043,planned_end,2023-12-31
FI-3-2023-2023230435,actual_start,2023-01-01
FI-3-2023-2023230435,planned_end,2023-12-31
FI-3-2020-2018180551,actual_start,2018-02-14
FI-3-2020-2018180551,planned_start,2018-02-14
FI-3-2020-2018180551,planned_end,2020-12-31
FI-3-2022-2019190107,actual_start,2023-01-01
FI-3-2022-2019190107,planned_end,2023-12-31
FI-3-2023-2023230729,actual_start,2023-01-01
FI-3-2023-2023230729,planned_end,2023-12-31
FI-3-2024-2024240132,actual_start,2024-01-01
FI-3-2024-2024240132,planned_end,2024-12-31
FI-3-2025-2025250181,actual_start,2025-01-01
FI-3-2025-2025250181,planned_end,2025-12-31
FI-3-2025-2025250423,actual_start,2025-01-01
FI-3-2025-2025250423,planned_end,2025-12-31
XM-DAC-5-7-6617541,planned_start,2023-01-31
XM-DAC-5-7-6617541,planned_end,2023-12-02
XM-DAC-5-7-6619031,planned_start,2023-05-15
XM-DAC-5-7-6619031,planned_end,2023-11-01
XM-DAC-5-7-6618264,planned_start,2023-01-01
XM-DAC-5-7-6618264,planned_end,2023-12-31
XM-DAC-5-7-6618595,planned_start,2023-01-01
XM-DAC-5-7-6618595,planned_end,2023-12-31
XM-DAC-5-7-6618689,planned_start,2023-01-01
XM-DAC-5-7-6618689,planned_end,2024-03-31
XM-DAC-5-7-6618709,planned_start,2023-01-01
XM-DAC-5-7-6618709,planned_end,2024-03-31
XM-DAC-5-7-6619140,planned_start,2023-06-15
XM-DAC-5-7-6619140,planned_end,2023-12-15
XM-DAC-5-7-6619197,planned_start,2023-07-01
XM-DAC-5-7-6619197,planned_end,2023-12-31
XM-DAC-5-7-6619010,planned_start,2023-05-01
XM-DAC-5-7-6619010,planned_end,2023-06-30
CA-3-A033033001,actual_start,2009-03-02
CA-3-A033033001,planned_end,2019-03-31
CA-3-A033033001,actual_end,2018-03-31
CA-3-A033033002,actual_end,2018-03-31
CA-3-A033033002,actual_start,2009-03-27
CA-3-A033033002,planned_end,2019-03-31
CA-3-A033033004,actual_start,2009-03-27
CA-3-A033033004,planned_end,2019-03-31
CA-3-A033033004,actual_end,2018-11-28
CA-3-A033640001,actual_start,2011-04-29
CA-3-A033640001,planned_end,2019-06-28
CA-3-A033640001,actual_end,2019-06-28
CA-3-A034252001,actual_start,2013-09-10
CA-3-A034252001,planned_end,2018-06-30
CA-3-A034252001,actual_end,2018-06-30
CA-3-A034769001,actual_start,2011-02-04
CA-3-A034769001,planned_end,2019-12-31
CA-3-A034769001,actual_end,2019-12-31
CA-3-A035435001,actual_start,2012-03-13
CA-3-A035435001,planned_end,2018-12-31
CA-3-A035261001,actual_start,2013-03-25
CA-3-A035261001,planned_end,2022-03-31
CA-3-A035261001,actual_end,2017-12-31
CA-3-A035342001,actual_start,2013-03-07
CA-3-A035342001,planned_end,2013-03-06
CA-3-A035342001,actual_end,2018-10-25
CA-3-A035369002,planned_end,2018-09-18
CA-3-A035369002,actual_end,2019-02-14
CA-3-A035369002,actual_start,2014-03-14
CA-3-A035369003,actual_start,2014-03-14
CA-3-A035369003,planned_end,2018-09-18
CA-3-A035369003,actual_end,2019-09-12
CA-3-A035435001,actual_end,2019-10-22
CA-3-D000301001,actual_start,2015-03-17
CA-3-D000301001,planned_end,2017-03-01
CA-3-D000301001,actual_end,2017-03-01
CA-3-D000327001,actual_start,2015-01-15
CA-3-D000327001,planned_end,2018-12-31
CA-3-D000327001,actual_end,2018-12-31
CA-3-D000954001,actual_start,2015-07-10
CA-3-D000954001,planned_end,2017-06-30
CA-3-D000954001,actual_end,2017-06-30
CA-3-A032230001,planned_end,2020-06-30
CA-3-A032220001,actual_start,2008-03-04
CA-3-A032220001,planned_end,2020-12-31
CA-3-A032220001,actual_end,2020-03-31
CA-3-A032230001,actual_end,2020-03-31
CA-3-A032230001,actual_start,2010-06-21
CA-3-P006740002,planned_end,2022-03-31
CA-3-P006740002,actual_end,2022-03-31
CA-3-A034768005,actual_start,2011-03-31
CA-3-A034768005,planned_end,2021-03-31
CA-3-P006740001,actual_start,2019-03-26
CA-3-P006740001,planned_end,2022-03-31
CA-3-P006740001,actual_end,2022-03-31
CA-3-P006740002,actual_start,2021-02-25
CA-3-A035209001,actual_start,2012-02-02
CA-3-A035209001,planned_end,2020-06-30
CA-3-A035209001,actual_end,2020-06-30
CA-3-D000259001,actual_start,2014-03-26
CA-3-D000259001,planned_end,2022-06-30
CA-3-D000259001,actual_end,2022-06-30
CA-3-D001661001,actual_start,2016-02-11
CA-3-D001661001,planned_end,2021-03-31
CA-3-D001661001,actual_end,2022-08-18
CA-3-A033419002,actual_start,2008-07-29
CA-3-A033419002,planned_end,2013-12-31
CA-3-A033419002,actual_end,2013-12-31
CA-3-A033985001,actual_start,2009-03-12
CA-3-A033985001,planned_end,2016-03-31
CA-3-A033985001,actual_end,2013-03-22
CA-3-A033999002,actual_start,2012-03-01
CA-3-A033999002,planned_end,2015-12-31
CA-3-A033999002,actual_end,2015-12-31
CA-3-A033033007,actual_start,2011-02-28
CA-3-A033033007,planned_end,2015-03-31
CA-3-A033033007,actual_end,2015-12-31
CA-3-A034052001,actual_start,2014-03-27
CA-3-A034052001,planned_end,2016-03-31
CA-3-A034052001,actual_end,2016-10-03
CA-3-A034379001,actual_start,2009-03-30
CA-3-A034379001,planned_end,2016-03-31
CA-3-A034379001,actual_end,2016-03-31
CA-3-A034782006,actual_start,2011-02-03
CA-3-A034782006,planned_end,2016-06-30
CA-3-A034782006,actual_end,2016-06-30
CA-3-A034908002,actual_start,2011-03-28
CA-3-A034908002,planned_end,2021-12-31
CA-3-A034908002,actual_end,2011-05-01
XI-IATI-IADB-BO-L1199,actual_start,2019-06-28
XI-IATI-IADB-BO-L1199,planned_end,2020-06-13
XI-IATI-IADB-BA-U0001,actual_start,2022-08-03
XI-IATI-IADB-BO-L1199,planned_start,2019-06-27
XI-IATI-IADB-BA-U0001,planned_end,2037-09-20
XI-IATI-IADB-BA-U0001,planned_start,2022-12-15
XI-IATI-IADB-BO-L1199,actual_end,2019-07-02
XI-IATI-IADB-BA-L1056,actual_start,2023-03-17
XI-IATI-IADB-BA-L1056,planned_end,2024-02-28
XI-IATI-IADB-BA-L1056,planned_start,2023-03-16
XI-IATI-IADB-BA-L1056,actual_end,2023-03-20
XI-IATI-IADB-BA-L1061,actual_start,2024-02-22
XI-IATI-IADB-BA-L1061,planned_end,2025-02-16
XI-IATI-IADB-BA-L1061,planned_start,2024-02-21
XI-IATI-IADB-BA-L1061,actual_end,2024-02-23
XI-IATI-IADB-BA-L1052,planned_start,2021-12-21
XI-IATI-IADB-BA-L1052,actual_start,2021-12-22
XI-IATI-IADB-BA-L1052,planned_end,2022-12-19
XI-IATI-IADB-BA-L1048,actual_start,2020-04-14
XI-IATI-IADB-BA-L1048,planned_end,2021-03-25
XI-IATI-IADB-BA-L1050,actual_start,2020-12-24
XI-IATI-IADB-BA-L1050,planned_end,2021-12-14
XI-IATI-IADB-BA-L1050,planned_start,2020-12-23
XI-IATI-IADB-BA-L1050,actual_end,2020-12-25
XI-IATI-IADB-BO-L1104,planned_end,2016-08-24
XI-IATI-IADB-BO-L1104,planned_start,2015-08-28
XI-IATI-IADB-BO-L1104,actual_start,2015-08-31
XI-IATI-IADB-BA-L1060,actual_start,2023-12-08
XI-IATI-IADB-BA-L1060,planned_end,2024-12-07
XI-IATI-IADB-BA-L1060,planned_start,2023-12-08
XI-IATI-IADB-BA-L1060,actual_end,2023-12-11
XI-IATI-IADB-BA-L1062,actual_start,2025-03-28
XI-IATI-IADB-BA-L1062,planned_end,2026-03-19
XI-IATI-IADB-BA-L1062,planned_start,2025-03-26
XI-IATI-IADB-BA-L1062,actual_end,2025-03-31
XI-IATI-IADB-BA-U0002,actual_start,2024-07-24
XI-IATI-IADB-BA-U0002,planned_end,2044-11-28
XI-IATI-IADB-BA-U0002,planned_start,2025-03-31
XI-IATI-IADB-BO-L1189,actual_start,2018-12-20
XI-IATI-IADB-BO-L1189,planned_end,2019-12-13
XI-IATI-IADB-BO-L1189,planned_start,2018-12-18
XI-IATI-IADB-BO-L1189,actual_end,2018-12-27
XI-IATI-IADB-BH-L1050,planned_start,2020-09-08
XI-IATI-IADB-BH-L1050,actual_end,2020-09-11
XI-IATI-IADB-BO-L1183,actual_start,2017-06-02
XI-IATI-IADB-BO-L1183,planned_end,2018-05-26
XI-IATI-IADB-BO-L1089,actual_start,2014-08-22
XI-IATI-IADB-BO-L1089,planned_end,2015-07-23
XI-IATI-IADB-BO-L1089,planned_start,2014-08-22
XI-IATI-IADB-BO-L1100,actual_start,2016-06-27
XI-IATI-IADB-BO-L1100,planned_end,2017-05-18
XI-IATI-IADB-BO-L1100,planned_start,2016-06-27
XI-IATI-IADB-BO-L1100,actual_end,2016-06-29
XI-IATI-IADB-BO-L1089,actual_end,2014-08-26
XI-IATI-IADB-BO-L1200,actual_start,2019-08-19
XI-IATI-IADB-BO-L1200,planned_end,2020-08-07
XI-IATI-IADB-BO-L1200,planned_start,2019-08-18
XI-IATI-IADB-BO-L1200,actual_end,2019-12-05
XI-IATI-IADB-BO-L1112,actual_start,2017-11-22
XI-IATI-IADB-BO-L1112,planned_end,2018-11-13
XI-IATI-IADB-BO-L1112,planned_start,2017-11-22
XI-IATI-IADB-BO-L1112,actual_end,2017-11-28
XI-IATI-IADB-BH-L1050,planned_end,2021-08-27
XI-IATI-IADB-BH-L1062,actual_end,2025-10-29
XI-IATI-IADB-BO-L1107,actual_start,2016-07-13
XI-IATI-IADB-BH-U0002,actual_start,2023-11-09
XI-IATI-IADB-BH-U0002,planned_end,2034-01-02
XI-IATI-IADB-BH-U0002,planned_start,2025-05-07
XI-IATI-IADB-BO-L1107,planned_end,2017-06-01
XI-IATI-IADB-BO-L1107,planned_start,2016-07-13
XI-IATI-IADB-BO-L1107,actual_end,2016-07-15
XI-IATI-IADB-BH-L1052,actual_start,2021-05-26
XI-IATI-IADB-BH-L1052,planned_end,2022-06-18
XI-IATI-IADB-BH-L1052,planned_start,2021-06-22
XI-IATI-IADB-BH-L1052,actual_end,2021-06-25
XI-IATI-IADB-BH-U0001,planned_end,2036-06-16
XI-IATI-IADB-BH-U0001,planned_start,2022-10-19
XI-IATI-IADB-BH-U0001,actual_start,2022-02-18
XI-IATI-IADB-BH-L1050,actual_start,2020-09-10
XI-IATI-IADB-BO-L1104,actual_end,2015-09-01
XI-IATI-IADB-BH-L1062,actual_start,2025-10-28
XI-IATI-IADB-BH-L1062,planned_end,2026-10-24
XI-IATI-IADB-BH-L1062,planned_start,2025-10-27
XI-IATI-IADB-BO-L1183,planned_start,2017-06-01
XI-IATI-IADB-BO-L1183,actual_end,2017-06-06
XI-IATI-IADB-BH-L1056,actual_start,2023-05-18
XI-IATI-IADB-BH-L1056,planned_end,2024-05-04
XI-IATI-IADB-BH-L1056,planned_start,2023-05-17
XI-IATI-IADB-BH-L1056,actual_end,2023-05-19
XI-IATI-IADB-AR-L1304,actual_start,2019-05-17
XI-IATI-IADB-AR-L1304,planned_end,2020-05-15
XI-IATI-IADB-AR-L1304,planned_start,2019-05-16
XI-IATI-IADB-AR-L1304,actual_end,2019-05-21
XI-IATI-IADB-BA-L1052,actual_end,2021-12-23
XI-IATI-IADB-BA-L1048,planned_start,2020-04-13
XI-IATI-IADB-BA-L1048,actual_end,2020-04-17
XI-IATI-IADB-AR-L1351,actual_end,2022-12-08
XI-IATI-IADB-AR-L1351,actual_start,2022-12-07
XI-IATI-IADB-AR-L1351,planned_end,2023-12-01
XI-IATI-IADB-AR-L1351,planned_start,2022-12-06
XI-IATI-IADB-AR-L1370,planned_end,2024-06-22
XI-IATI-IADB-AR-L1268,actual_start,2017-12-14
XI-IATI-IADB-AR-L1268,planned_end,2018-11-30
XI-IATI-IADB-AR-L1268,planned_start,2017-12-13
XI-IATI-IADB-AR-L1268,actual_end,2017-12-15
XI-IATI-IADB-AR-L1303,actual_start,2019-06-14
XI-IATI-IADB-AR-L1303,planned_end,2020-06-12
XI-IATI-IADB-AR-L1303,planned_start,2019-06-13
XI-IATI-IADB-AR-L1303,actual_end,2019-06-18
XI-IATI-IADB-AR-L1370,planned_start,2023-07-19
XI-IATI-IADB-AR-L1404,actual_start,2024-11-26
XI-IATI-IADB-AR-L1404,planned_end,2025-11-21
XI-IATI-IADB-AR-L1404,planned_start,2024-11-26
XI-IATI-IADB-AR-L1404,actual_end,2024-11-27
XI-IATI-IADB-AR-L1370,actual_end,2023-07-24
XI-IATI-IADB-AR-L1283,actual_start,2018-08-23
XI-IATI-IADB-AR-L1283,planned_end,2019-08-21
XI-IATI-IADB-AR-L1283,planned_start,2018-08-22
XI-IATI-IADB-AR-L1283,actual_end,2018-08-25
XI-IATI-IADB-CH-L1157,actual_start,2022-02-01
XI-IATI-IADB-CH-L1157,planned_end,2022-12-16
XI-IATI-IADB-CH-L1157,planned_start,2022-01-25
XI-IATI-IADB-CH-L1157,actual_end,2022-02-02
XI-IATI-IADB-AR-L1298,actual_start,2018-12-11
XI-IATI-IADB-AR-L1298,planned_end,2019-11-26
XI-IATI-IADB-AR-L1298,planned_start,2018-12-09
XI-IATI-IADB-AR-L1298,actual_end,2018-12-13
XI-IATI-IADB-CH-L1172,actual_start,2024-11-20
XI-IATI-IADB-CH-L1172,planned_end,2025-10-30
XI-IATI-IADB-CH-L1172,planned_start,2024-11-18
XI-IATI-IADB-CH-L1172,actual_end,2024-11-21
XI-IATI-IADB-CH-L1148,actual_start,2020-12-11
XI-IATI-IADB-CH-L1111,actual_start,2017-07-28
XI-IATI-IADB-CH-L1111,planned_end,2018-01-31
XI-IATI-IADB-CH-L1111,planned_start,2017-07-27
XI-IATI-IADB-CH-L1111,actual_end,2017-07-29
XI-IATI-IADB-CH-L1148,planned_end,2022-08-06
XI-IATI-IADB-CH-L1110,actual_start,2016-05-19
XI-IATI-IADB-CH-L1110,planned_end,2017-03-31
XI-IATI-IADB-CH-L1110,planned_start,2016-05-18
XI-IATI-IADB-CH-L1110,actual_end,2016-05-20
XI-IATI-IADB-CH-L1148,planned_start,2020-12-10
XI-IATI-IADB-CH-L1148,actual_end,2021-12-17
XI-IATI-IADB-CH-L1095,planned_end,2020-11-05
XI-IATI-IADB-CH-L1095,planned_start,2016-10-05
XI-IATI-IADB-CH-L1095,actual_end,2020-11-04
XI-IATI-IADB-CH-L1095,actual_start,2016-10-06
XI-IATI-IADB-CH-L1145,actual_start,2020-12-03
XI-IATI-IADB-CH-L1145,planned_end,2022-09-14
XI-IATI-IADB-CH-L1145,planned_start,2020-11-30
XI-IATI-IADB-CH-L1145,actual_end,2021-10-29
XI-IATI-IADB-AR-L1370,actual_start,2023-07-21
XI-IATI-IADB-CH-L1160,actual_start,2021-11-23
XI-IATI-IADB-CH-L1160,planned_end,2023-11-08
XI-IATI-IADB-CH-L1160,planned_start,2021-11-22
XI-IATI-IADB-CH-L1160,actual_end,2021-11-24
XI-IATI-IADB-CO-L1252,actual_end,2020-04-29
XI-IATI-IADB-CO-L1252,actual_start,2020-04-27
XI-IATI-IADB-CO-L1252,planned_end,2021-04-14
XI-IATI-IADB-CO-L1252,planned_start,2020-04-24
XI-IATI-IADB-CO-L1163,actual_start,2016-12-28
XI-IATI-IADB-CO-L1163,planned_end,2017-12-20
XI-IATI-IADB-CO-L1163,planned_start,2016-12-23
XI-IATI-IADB-CO-L1163,actual_end,2016-12-29
XI-IATI-IADB-CH-L1165,planned_start,2023-05-02
XI-IATI-IADB-CH-L1165,actual_end,2023-05-05
XI-IATI-IADB-CH-L1149,actual_start,2020-12-07
XI-IATI-IADB-CH-L1149,planned_end,2022-11-17
XI-IATI-IADB-CH-L1149,planned_start,2020-12-04
XI-IATI-IADB-CH-L1149,actual_end,2020-12-09
XI-IATI-IADB-CH-L1159,actual_start,2021-12-15
XI-IATI-IADB-CH-L1159,planned_end,2023-12-01
XI-IATI-IADB-CH-L1159,planned_start,2021-12-14
XI-IATI-IADB-CH-L1159,actual_end,2021-12-16
XI-IATI-IADB-CH-L1136,actual_start,2017-07-14
XI-IATI-IADB-CH-L1136,planned_end,2019-05-15
XI-IATI-IADB-CH-L1136,planned_start,2017-07-12
XI-IATI-IADB-CH-L1136,actual_end,2018-03-10
XI-IATI-IADB-CH-L1165,actual_start,2023-05-04
XI-IATI-IADB-CH-L1165,planned_end,2025-03-03
XI-IATI-IADB-CH-L1134,planned_end,2019-01-26
XI-IATI-IADB-CH-L1174,actual_start,2025-12-09
XI-IATI-IADB-CH-L1174,planned_end,2026-12-04
XI-IATI-IADB-CH-L1174,planned_start,2025-12-09
XI-IATI-IADB-CH-L1174,actual_end,2025-12-10
XI-IATI-IADB-AR-L1413,actual_end,2025-07-29
XI-IATI-IADB-CH-L1135,actual_start,2018-09-26
XI-IATI-IADB-CH-L1135,planned_end,2019-12-31
XI-IATI-IADB-CH-L1135,planned_start,2018-09-25
XI-IATI-IADB-CH-L1135,actual_end,2019-12-21
XI-IATI-IADB-CH-L1134,planned_start,2018-03-01
XI-IATI-IADB-CH-L1134,actual_start,2018-03-02
XI-IATI-IADB-CH-L1134,actual_end,2018-03-03
XI-IATI-IADB-CO-L1254,actual_start,2020-07-29
XI-IATI-IADB-CO-L1254,planned_end,2021-07-21
XI-IATI-IADB-CO-L1254,planned_start,2020-07-28
XI-IATI-IADB-CO-L1254,actual_end,2020-08-01
XI-IATI-IADB-AR-L1412,actual_start,2025-07-28
XI-IATI-IADB-AR-L1413,actual_start,2025-07-28
XI-IATI-IADB-AR-L1413,planned_end,2026-07-23
XI-IATI-IADB-AR-L1413,planned_start,2025-07-25
XI-IATI-IADB-CH-L1164,actual_start,2022-11-14
XI-IATI-IADB-CH-L1164,planned_end,2024-10-21
XI-IATI-IADB-CH-L1164,planned_start,2022-11-04
XI-IATI-IADB-CH-L1164,actual_end,2022-11-15
XI-IATI-IADB-CO-L1141,actual_end,2014-12-19
XI-IATI-IADB-CH-L1179,actual_start,2025-12-16
XI-IATI-IADB-CH-L1179,planned_end,2027-09-22
XI-IATI-IADB-CH-L1179,planned_start,2025-12-16
XI-IATI-IADB-CH-L1179,actual_end,2025-12-17
XI-IATI-IADB-CR-L1081,planned_start,2019-10-15
XI-IATI-IADB-CR-L1081,actual_start,2019-10-16
XI-IATI-IADB-CR-L1081,planned_end,2020-10-04
XI-IATI-IADB-CR-L1081,actual_end,2019-10-18
XI-IATI-IADB-CR-L1145,actual_start,2022-03-14
XI-IATI-IADB-CR-L1145,planned_end,2022-12-20
XI-IATI-IADB-CR-L1145,planned_start,2022-03-11
XI-IATI-IADB-CR-L1145,actual_end,2022-03-15
XI-IATI-IADB-CR-L1142,actual_start,2020-05-18
XI-IATI-IADB-CR-L1142,planned_end,2021-05-16
XI-IATI-IADB-CR-L1142,planned_start,2020-05-16
XI-IATI-IADB-CR-L1142,actual_end,2020-05-21
XI-IATI-IADB-CO-L1141,actual_start,2014-12-18
XI-IATI-IADB-CO-L1141,planned_end,2015-12-12
XI-IATI-IADB-CO-L1141,planned_start,2014-12-16
XI-IATI-IADB-AR-L1412,planned_end,2026-07-23
XI-IATI-IADB-AR-L1412,planned_start,2025-07-26
XI-IATI-IADB-AR-L1412,actual_end,2025-07-29
XI-IATI-IADB-CO-L1214,planned_start,2017-08-29
XI-IATI-IADB-CO-L1214,actual_end,2017-08-31
XI-IATI-IADB-CO-L1214,actual_start,2017-08-30
XI-IATI-IADB-CO-L1214,planned_end,2018-08-15
XI-IATI-IADB-CO-L1291,planned_start,2023-12-22
XI-IATI-IADB-CO-J0014,planned_end,2022-11-26
XI-IATI-IADB-CO-J0014,planned_start,2022-02-02
XI-IATI-IADB-CO-J0014,actual_end,2022-02-21
XI-IATI-IADB-CO-L1291,actual_end,2023-12-27
XI-IATI-IADB-CO-L1268,actual_start,2022-08-12
XI-IATI-IADB-CO-L1268,planned_end,2023-08-02
XI-IATI-IADB-CO-L1268,planned_start,2022-08-10
XI-IATI-IADB-CO-L1227,actual_start,2018-12-12
XI-IATI-IADB-CO-L1227,planned_end,2019-08-06
XI-IATI-IADB-CO-L1227,planned_start,2018-12-07
XI-IATI-IADB-CO-L1227,actual_end,2018-12-15
XI-IATI-IADB-DR-L1146,actual_end,2023-01-26
XI-IATI-IADB-DR-L1058,planned_end,2020-12-30
XI-IATI-IADB-CO-L1272,actual_start,2021-12-02
XI-IATI-IADB-CO-L1272,planned_end,2022-11-26
XI-IATI-IADB-CO-L1272,planned_start,2021-12-01
XI-IATI-IADB-CO-L1272,actual_end,2021-12-03
XI-IATI-IADB-CO-L1268,actual_end,2022-08-15
XI-IATI-IADB-CO-L1302,actual_start,2025-10-21
XI-IATI-IADB-CO-L1302,planned_end,2026-10-02
XI-IATI-IADB-CO-L1302,planned_start,2025-10-20
XI-IATI-IADB-CO-L1302,actual_end,2025-12-08
XI-IATI-IADB-CO-L1291,actual_start,2023-12-26
XI-IATI-IADB-CO-L1291,planned_end,2024-12-22
XI-IATI-IADB-DR-L1058,planned_start,2019-12-30
XI-IATI-IADB-DR-L1058,actual_end,2020-01-03
XI-IATI-IADB-DR-L1132,actual_start,2020-12-23
XI-IATI-IADB-DR-L1132,planned_end,2021-12-19
XI-IATI-IADB-DR-L1132,planned_start,2020-12-22
XI-IATI-IADB-DR-L1132,actual_end,2020-12-24
XI-IATI-IADB-CO-L1217,actual_start,2017-12-28
XI-IATI-IADB-CO-L1217,planned_end,2018-12-21
XI-IATI-IADB-CO-L1142,planned_start,2015-12-16
XI-IATI-IADB-CO-L1142,actual_end,2015-12-18
XI-IATI-IADB-CO-L1142,actual_start,2015-12-17
XI-IATI-IADB-CO-L1142,planned_end,2016-12-11
XI-IATI-IADB-DR-L1146,planned_end,2023-10-05
XI-IATI-IADB-DR-L1146,actual_start,2023-01-25
XI-IATI-IADB-DR-L1058,actual_start,2019-12-30
XI-IATI-IADB-CO-L1217,planned_start,2017-12-22
XI-IATI-IADB-CO-L1283,actual_start,2023-11-30
XI-IATI-IADB-CO-L1283,planned_end,2024-11-20
XI-IATI-IADB-CO-L1283,planned_start,2023-11-29
XI-IATI-IADB-CO-L1283,actual_end,2023-12-01
XI-IATI-IADB-CO-L1217,actual_end,2017-12-29
XI-IATI-IADB-CO-L1144,actual_start,2015-10-27
XI-IATI-IADB-CO-L1144,planned_end,2016-10-23
XI-IATI-IADB-CO-L1144,planned_start,2015-10-26
XI-IATI-IADB-CO-L1144,actual_end,2015-10-28
XI-IATI-IADB-CO-J0014,actual_start,2022-02-08
XI-IATI-IADB-DR-L1146,planned_start,2023-01-25
XI-IATI-IADB-DR-L1079,actual_start,2016-11-30
XI-IATI-IADB-DR-L1079,planned_end,2016-12-26
XI-IATI-IADB-DR-L1079,planned_start,2016-11-29
XI-IATI-IADB-DR-L1079,actual_end,2016-12-02
XI-IATI-IADB-DR-L1073,actual_start,2015-08-07
XI-IATI-IADB-DR-L1073,planned_end,2016-06-28
XI-IATI-IADB-DR-L1073,planned_start,2015-08-06
XI-IATI-IADB-DR-L1073,actual_end,2015-08-08
XI-IATI-IADB-CO-L1237,actual_start,2019-12-23
XI-IATI-IADB-CO-L1237,planned_end,2020-11-15
XI-IATI-IADB-CO-L1237,planned_start,2019-12-18
XI-IATI-IADB-CO-L1237,actual_end,2019-12-27
XI-IATI-IADB-CO-L1274,actual_start,2022-08-12
XI-IATI-IADB-CO-L1274,planned_end,2023-08-01
XI-IATI-IADB-CO-L1274,planned_start,2022-08-10
XI-IATI-IADB-CO-L1274,actual_end,2022-08-15
XI-IATI-IADB-DR-L1162,actual_start,2024-12-20
XI-IATI-IADB-DR-L1072,actual_start,2015-02-19
XI-IATI-IADB-DR-L1072,planned_end,2016-01-21
XI-IATI-IADB-DR-L1072,planned_start,2015-02-18
XI-IATI-IADB-DR-L1072,actual_end,2015-02-20
XI-IATI-IADB-CO-L1233,actual_start,2019-09-12
XI-IATI-IADB-CO-L1233,planned_end,2020-07-16
XI-IATI-IADB-CO-L1233,planned_start,2019-09-11
XI-IATI-IADB-CO-L1233,actual_end,2019-09-14
XI-IATI-IADB-CO-L1162,actual_start,2016-11-30
XI-IATI-IADB-CO-L1162,planned_end,2017-09-23
XI-IATI-IADB-CO-L1162,planned_start,2016-11-22
XI-IATI-IADB-CO-L1162,actual_end,2016-12-01
XI-IATI-IADB-BR-L1381,actual_start,2013-12-20
XI-IATI-IADB-BR-L1381,planned_end,2015-12-17
XI-IATI-IADB-BR-L1381,planned_start,2013-12-19
XI-IATI-IADB-BR-L1381,actual_end,2014-05-24
XI-IATI-IADB-DR-L1121,actual_start,2018-12-28
XI-IATI-IADB-DR-L1121,planned_end,2019-10-21
XI-IATI-IADB-DR-L1121,planned_start,2018-12-27
XI-IATI-IADB-DR-L1121,actual_end,2019-01-03
XI-IATI-IADB-DR-L1140,actual_start,2025-01-13
XI-IATI-IADB-DR-L1140,planned_end,2025-12-20
XI-IATI-IADB-DR-L1140,planned_start,2024-12-20
XI-IATI-IADB-DR-L1140,actual_end,2025-01-14
XI-IATI-IADB-DR-L1162,planned_end,2026-11-27
XI-IATI-IADB-DR-L1162,planned_start,2024-12-18
XI-IATI-IADB-DR-L1162,actual_end,2024-12-23
XI-IATI-IADB-DR-L1144,actual_start,2020-11-19
XI-IATI-IADB-DR-L1144,planned_end,2021-11-05
XI-IATI-IADB-DR-L1144,planned_start,2020-11-18
XI-IATI-IADB-DR-L1144,actual_end,2020-11-23
XI-IATI-IADB-BR-L1385,actual_start,2013-12-27
XI-IATI-IADB-BR-L1385,planned_end,2015-12-23
XI-IATI-IADB-BR-L1385,planned_start,2013-12-26
XI-IATI-IADB-BR-L1385,actual_end,2014-11-11
XI-IATI-IADB-BR-L1575,planned_end,2027-05-15
XI-IATI-IADB-BR-L1575,planned_start,2023-06-27
XI-IATI-IADB-BR-L1575,actual_end,2024-12-06
XI-IATI-IADB-BR-L1575,actual_start,2023-06-29
XI-IATI-IADB-BR-L1375,actual_start,2014-06-13
XI-IATI-IADB-BR-L1375,planned_end,2016-05-29
XI-IATI-IADB-BR-L1375,planned_start,2014-06-13
XI-IATI-IADB-BR-L1375,actual_end,2014-12-11
XI-IATI-IADB-GU-L1183,actual_start,2026-05-26
XI-IATI-IADB-GU-L1183,planned_end,2027-02-04
XI-IATI-IADB-GU-L1183,planned_start,2026-05-22
XI-IATI-IADB-GU-L1183,actual_end,2026-05-27
XI-IATI-IADB-GU-L1085,actual_start,2015-04-30
XI-IATI-IADB-GU-L1085,planned_end,2016-03-28
XI-IATI-IADB-GU-L1085,planned_start,2015-04-24
XI-IATI-IADB-GU-L1085,actual_end,2015-12-11
XI-IATI-IADB-GU-L1096,actual_start,2020-04-16
XI-IATI-IADB-GU-L1096,planned_end,2022-04-02
XI-IATI-IADB-GU-L1096,planned_start,2020-04-14
XI-IATI-IADB-GU-L1096,actual_end,2020-10-06
XI-IATI-IADB-BR-L1374,actual_start,2013-12-27
XI-IATI-IADB-BR-L1374,planned_end,2015-12-23
XI-IATI-IADB-BR-L1374,planned_start,2013-12-26
XI-IATI-IADB-BR-L1374,actual_end,2014-08-13
XI-IATI-IADB-EC-L1265,planned_start,2020-06-18
XI-IATI-IADB-EC-L1287,actual_start,2023-08-24
XI-IATI-IADB-EC-L1265,actual_end,2020-06-23
XI-IATI-IADB-EC-L1287,planned_end,2024-08-18
XI-IATI-IADB-EC-L1287,planned_start,2023-08-23
XI-IATI-IADB-EC-L1277,actual_end,2022-07-04
XI-IATI-IADB-EC-L1287,actual_end,2023-08-30
XI-IATI-IADB-EC-L1273,actual_end,2021-03-29
XI-IATI-IADB-GY-L1086,actual_start,2023-12-18
XI-IATI-IADB-GY-L1086,planned_end,2024-12-08
XI-IATI-IADB-GY-L1086,planned_start,2023-12-12
XI-IATI-IADB-GY-L1086,actual_end,2023-12-19
XI-IATI-IADB-EC-L1265,actual_start,2020-06-19
XI-IATI-IADB-EC-L1265,planned_end,2021-06-17
XI-IATI-IADB-EC-L1140,actual_start,2015-02-06
XI-IATI-IADB-EC-L1140,planned_end,2016-02-05
XI-IATI-IADB-EC-L1140,planned_start,2015-02-05
XI-IATI-IADB-EC-L1140,actual_end,2015-02-07
XI-IATI-IADB-EC-L1293,actual_start,2024-09-30
XI-IATI-IADB-EC-L1293,planned_end,2025-08-15
XI-IATI-IADB-EC-L1293,planned_start,2024-09-23
XI-IATI-IADB-EC-L1293,actual_end,2024-10-01
XI-IATI-IADB-GY-L1067,actual_start,2018-12-19
XI-IATI-IADB-GY-L1067,planned_end,2020-12-10
XI-IATI-IADB-GY-L1067,planned_start,2018-12-18
XI-IATI-IADB-GY-L1067,actual_end,2019-12-24
XI-IATI-IADB-GY-L1043,actual_start,2015-02-23
XI-IATI-IADB-GY-L1043,planned_end,2016-02-19
XI-IATI-IADB-GY-L1043,planned_start,2015-02-20
XI-IATI-IADB-GY-L1043,actual_end,2015-02-24
XI-IATI-IADB-EC-U0005,actual_start,2022-10-19
XI-IATI-IADB-EC-U0005,planned_end,2041-10-11
XI-IATI-IADB-EC-U0005,planned_start,2026-04-15
XI-IATI-IADB-GY-L1075,actual_start,2021-01-28
XI-IATI-IADB-GY-L1075,planned_end,2022-01-22
XI-IATI-IADB-GY-L1075,planned_start,2021-01-27
XI-IATI-IADB-GY-L1075,actual_end,2021-02-01
XI-IATI-IADB-GY-L1089,actual_start,2025-07-07
XI-IATI-IADB-GY-L1089,planned_end,2026-06-22
XI-IATI-IADB-GY-L1089,planned_start,2025-07-03
XI-IATI-IADB-GY-L1089,actual_end,2025-07-08
XI-IATI-IADB-GY-L1083,actual_start,2022-09-27
XI-IATI-IADB-GY-L1083,planned_end,2023-09-19
XI-IATI-IADB-GY-L1083,planned_start,2022-09-26
XI-IATI-IADB-GY-L1083,actual_end,2022-09-28
XI-IATI-IADB-EC-L1277,actual_start,2022-07-01
XI-IATI-IADB-EC-L1277,planned_end,2023-06-21
XI-IATI-IADB-EC-L1277,planned_start,2022-06-30
XI-IATI-IADB-EC-L1273,actual_start,2021-03-25
XI-IATI-IADB-EC-L1273,planned_end,2022-03-22
XI-IATI-IADB-EC-L1273,planned_start,2021-03-24
XI-IATI-IADB-HO-L1103,actual_start,2015-12-30
XI-IATI-IADB-HO-L1103,planned_end,2016-12-22
XI-IATI-IADB-HO-L1103,planned_start,2015-12-30
XI-IATI-IADB-HO-L1103,actual_end,2016-01-01
XI-IATI-IADB-HO-L1219,actual_start,2022-03-08
XI-IATI-IADB-HO-L1219,planned_end,2022-12-14
XI-IATI-IADB-HO-L1219,planned_start,2022-03-04
XI-IATI-IADB-HO-L1219,actual_end,2022-03-09
XI-IATI-IADB-HO-L1206,actual_start,2020-06-04
XI-IATI-IADB-HO-L1206,planned_end,2021-05-21
XI-IATI-IADB-HO-L1206,planned_start,2020-06-02
XI-IATI-IADB-HO-L1206,actual_end,2020-06-06
XI-IATI-IADB-HO-L1198,actual_start,2018-12-03
XI-IATI-IADB-HO-L1198,planned_end,2019-11-22
XI-IATI-IADB-HO-L1198,planned_start,2018-11-30
XI-IATI-IADB-HO-L1198,actual_end,2018-12-05
XI-IATI-IADB-EC-L1238,actual_start,2018-12-18
XI-IATI-IADB-HO-L1232,actual_start,2022-12-19
XI-IATI-IADB-HO-L1232,planned_end,2023-12-02
XI-IATI-IADB-HO-L1232,planned_start,2022-12-15
XI-IATI-IADB-HO-L1232,actual_end,2022-12-20
XI-IATI-IADB-HO-L1248,actual_start,2024-12-16
XI-IATI-IADB-HO-L1248,planned_end,2025-11-19
XI-IATI-IADB-HO-L1248,planned_start,2024-12-13
XI-IATI-IADB-HO-L1248,actual_end,2024-12-17
XI-IATI-IADB-EC-L1238,planned_end,2020-12-11
XI-IATI-IADB-EC-L1238,planned_start,2018-12-17
XI-IATI-IADB-EC-L1238,actual_end,2019-11-09
XI-IATI-IADB-EC-L1280,actual_start,2022-12-19
XI-IATI-IADB-EC-L1280,planned_end,2023-12-13
XI-IATI-IADB-EC-L1280,planned_start,2022-12-16
XI-IATI-IADB-EC-L1280,actual_end,2022-12-20
XI-IATI-IADB-EC-L1301,actual_start,2025-06-30
XI-IATI-IADB-EC-L1301,planned_end,2026-06-26
XI-IATI-IADB-EC-L1301,planned_start,2025-06-26
XI-IATI-IADB-EC-L1301,actual_end,2025-07-01
XI-IATI-IADB-EC-L1252,actual_end,2021-04-23
XI-IATI-IADB-EC-L1252,actual_start,2020-12-09
XI-IATI-IADB-EC-L1252,planned_end,2021-04-27
XI-IATI-IADB-EC-L1252,planned_start,2019-09-26
XI-IATI-IADB-EC-L1310,actual_start,2025-12-16
XI-IATI-IADB-EC-L1310,planned_end,2026-12-12
XI-IATI-IADB-EC-L1310,planned_start,2025-12-15
XI-IATI-IADB-EC-L1310,actual_end,2025-12-17
XI-IATI-IADB-EC-U0007,planned_start,2026-04-16
XI-IATI-IADB-EC-U0007,actual_start,2024-11-13
XI-IATI-IADB-EC-U0007,planned_end,2041-12-15
XI-IATI-IADB-HO-L1182,actual_start,2017-09-22
XI-IATI-IADB-HO-L1182,planned_end,2018-08-07
XI-IATI-IADB-HO-L1182,planned_start,2017-09-21
XI-IATI-IADB-HO-L1182,actual_end,2017-09-23
XI-IATI-IADB-HO-L1118,actual_start,2015-12-29
XI-IATI-IADB-HO-L1118,planned_end,2016-12-22
XI-IATI-IADB-HO-L1118,planned_start,2015-12-28
XI-IATI-IADB-HO-L1118,actual_end,2015-12-30
XI-IATI-IADB-HO-L1070,actual_start,2014-12-22
XI-IATI-IADB-HO-L1070,planned_end,2015-12-17
XI-IATI-IADB-HO-L1070,planned_start,2014-12-22
XI-IATI-IADB-HO-L1070,actual_end,2014-12-23
XI-IATI-IADB-HO-L1189,actual_start,2018-12-10
XI-IATI-IADB-HO-L1189,planned_end,2019-11-22
XI-IATI-IADB-HO-L1189,planned_start,2018-12-07
XI-IATI-IADB-HO-L1189,actual_end,2018-12-13
XI-IATI-IADB-JA-L1014,planned_start,2014-02-10
XI-IATI-IADB-JA-L1014,actual_end,2014-02-12
XI-IATI-IADB-HO-L1229,actual_start,2024-05-31
XI-IATI-IADB-HO-L1229,planned_end,2025-04-22
XI-IATI-IADB-HO-L1229,planned_start,2024-05-29
XI-IATI-IADB-HO-L1229,actual_end,2024-06-03
XI-IATI-IADB-HO-L1207,actual_start,2020-01-21
XI-IATI-IADB-HO-L1207,planned_end,2020-12-26
XI-IATI-IADB-HO-L1207,planned_start,2020-01-17
XI-IATI-IADB-HO-L1207,actual_end,2020-01-24
XI-IATI-IADB-HO-L1204,planned_end,2020-12-07
XI-IATI-IADB-HO-L1193,actual_start,2018-12-12
XI-IATI-IADB-HO-L1193,planned_end,2019-11-22
XI-IATI-IADB-HO-L1193,planned_start,2018-12-11
XI-IATI-IADB-HO-L1193,actual_end,2018-12-15
XI-IATI-IADB-HO-L1204,planned_start,2019-12-17
XI-IATI-IADB-HO-L1204,actual_end,2019-12-21
XI-IATI-IADB-JA-L1086,actual_start,2020-10-16
XI-IATI-IADB-JA-L1086,planned_end,2021-10-07
XI-IATI-IADB-JA-L1086,planned_start,2020-10-12
XI-IATI-IADB-JA-L1086,actual_end,2020-10-19
XI-IATI-IADB-HO-L1204,actual_start,2019-12-19
XI-IATI-IADB-JA-L1033,planned_end,2016-11-25
XI-IATI-IADB-JA-L1033,planned_start,2015-12-11
XI-IATI-IADB-JA-L1033,actual_end,2015-12-17
XI-IATI-IADB-JA-L1033,actual_start,2015-12-16
XI-IATI-IADB-JA-L1058,actual_start,2016-08-01
XI-IATI-IADB-JA-L1058,planned_end,2017-07-21
XI-IATI-IADB-JA-L1058,planned_start,2016-07-29
XI-IATI-IADB-JA-L1058,actual_end,2016-08-02
XI-IATI-IADB-JA-L1080,actual_start,2018-12-17
XI-IATI-IADB-JA-L1080,planned_end,2019-12-07
XI-IATI-IADB-JA-L1080,planned_start,2018-12-14
XI-IATI-IADB-JA-L1080,actual_end,2018-12-19
XI-IATI-IADB-JA-L1078,actual_start,2018-05-23
XI-IATI-IADB-JA-L1078,planned_end,2021-02-21
XI-IATI-IADB-JA-L1078,planned_start,2018-05-22
XI-IATI-IADB-JA-L1078,actual_end,2019-12-21
XI-IATI-IADB-JA-L1014,actual_start,2014-02-11
XI-IATI-IADB-JA-L1014,planned_end,2015-02-06
XI-IATI-IADB-JA-L1087,actual_end,2021-03-29
XI-IATI-IADB-JA-L1087,actual_start,2021-03-24
XI-IATI-IADB-JA-L1087,planned_end,2022-03-18
XI-IATI-IADB-JA-L1087,planned_start,2021-03-23
XI-IATI-IADB-JA-L1051,actual_start,2015-08-10
XI-IATI-IADB-JA-L1051,planned_end,2016-08-05
XI-IATI-IADB-JA-L1051,planned_start,2015-08-07
XI-IATI-IADB-JA-L1051,actual_end,2015-08-12
XI-IATI-IADB-JA-L1088,planned_end,2023-03-18
XI-IATI-IADB-JA-L1088,planned_start,2022-03-25
XI-IATI-IADB-JA-L1088,actual_end,2022-03-29
XI-IATI-IADB-JA-L1055,actual_start,2016-12-21
XI-IATI-IADB-JA-L1055,planned_end,2017-12-19
XI-IATI-IADB-JA-L1055,planned_start,2016-12-21
XI-IATI-IADB-JA-L1055,actual_end,2016-12-23
XI-IATI-IADB-JA-L1038,actual_start,2014-02-11
XI-IATI-IADB-JA-L1038,planned_end,2015-02-06
XI-IATI-IADB-JA-L1038,planned_start,2014-02-10
XI-IATI-IADB-JA-L1038,actual_end,2014-02-12
XI-IATI-IADB-JA-L1088,actual_start,2022-03-28
XI-IATI-IADB-ME-L1144,actual_start,2014-12-11
XI-IATI-IADB-ME-L1144,planned_end,2015-11-07
XI-IATI-IADB-ME-L1144,planned_start,2014-12-09
XI-IATI-IADB-ME-L1144,actual_end,2015-01-06
XI-IATI-IADB-ME-L1189,actual_start,2016-06-30
XI-IATI-IADB-ME-L1189,planned_end,2017-06-21
XI-IATI-IADB-ME-L1189,planned_start,2016-06-27
XI-IATI-IADB-ME-L1189,actual_end,2016-07-01
XI-IATI-IADB-ME-L1331,actual_start,2024-08-09
XI-IATI-IADB-ME-L1264,actual_start,2018-06-12
XI-IATI-IADB-ME-L1264,planned_end,2019-05-23
XI-IATI-IADB-ME-L1264,planned_start,2018-06-07
XI-IATI-IADB-ME-L1264,actual_end,2018-06-14
XI-IATI-IADB-ME-L1322,actual_start,2024-01-05
XI-IATI-IADB-ME-L1322,planned_end,2024-12-15
XI-IATI-IADB-ME-L1322,planned_start,2023-12-22
XI-IATI-IADB-ME-L1322,actual_end,2024-01-08
XI-IATI-IADB-ME-L1299,actual_start,2022-01-07
XI-IATI-IADB-ME-L1299,planned_start,2021-12-20
XI-IATI-IADB-ME-L1299,actual_end,2022-01-10
XI-IATI-IADB-ME-L1332,actual_start,2025-06-17
XI-IATI-IADB-ME-L1332,planned_end,2026-06-03
XI-IATI-IADB-ME-L1332,planned_start,2025-06-12
XI-IATI-IADB-ME-L1332,actual_end,2025-06-18
XI-IATI-IADB-ME-L1315,actual_start,2023-09-20
XI-IATI-IADB-ME-L1315,planned_end,2024-09-08
XI-IATI-IADB-ME-L1315,planned_start,2023-09-18
XI-IATI-IADB-ME-L1315,actual_end,2023-09-21
XI-IATI-IADB-ME-L1341,planned_end,2026-12-19
XI-IATI-IADB-ME-L1341,actual_start,2026-01-14
XI-IATI-IADB-ME-L1341,actual_end,2026-01-15
XI-IATI-IADB-ME-L1289,planned_end,2021-05-22
XI-IATI-IADB-ME-L1289,planned_start,2020-06-16
XI-IATI-IADB-ME-L1289,actual_end,2021-01-11
XI-IATI-IADB-ME-L1294,planned_start,2019-12-30
XI-IATI-IADB-ME-L1294,actual_start,2020-01-06
XI-IATI-IADB-ME-L1294,actual_end,2020-01-08
XI-IATI-IADB-ME-L1294,planned_end,2020-12-20
XI-IATI-IADB-ME-L1266,actual_start,2019-01-08
XI-IATI-IADB-ME-L1266,planned_end,2019-12-28
XI-IATI-IADB-ME-L1266,planned_start,2019-01-05
XI-IATI-IADB-ME-L1266,actual_end,2019-01-11
XI-IATI-IADB-ME-L1299,planned_end,2022-12-07
XI-IATI-IADB-ME-L1276,actual_start,2019-06-12
XI-IATI-IADB-ME-L1276,planned_end,2020-06-10
XI-IATI-IADB-ME-L1276,planned_start,2019-06-10
XI-IATI-IADB-ME-L1276,actual_end,2019-06-14
XI-IATI-IADB-ME-L1253,actual_start,2017-08-31
XI-IATI-IADB-ME-L1253,planned_start,2017-08-28
XI-IATI-IADB-ME-L1253,actual_end,2017-09-01
XI-IATI-IADB-ME-L1186,actual_start,2016-12-21
XI-IATI-IADB-ME-L1186,planned_end,2017-12-13
XI-IATI-IADB-ME-L1186,planned_start,2016-12-15
XI-IATI-IADB-ME-L1186,actual_end,2017-01-06
XI-IATI-IADB-HA-L1088,actual_end,2014-08-26
XI-IATI-IADB-HA-L1099,actual_start,2015-09-18
XI-IATI-IADB-HA-L1099,planned_end,2016-07-01
XI-IATI-IADB-HA-L1099,planned_start,2015-09-16
XI-IATI-IADB-HA-L1099,actual_end,2015-09-19
XI-IATI-IADB-HA-L1088,actual_start,2014-08-25
XI-IATI-IADB-HA-L1088,planned_end,2015-07-03
XI-IATI-IADB-HA-L1088,planned_start,2014-08-14
XI-IATI-IADB-ME-L1341,planned_start,2026-01-12
XI-IATI-IADB-ME-L1289,actual_start,2021-01-07
XI-IATI-IADB-ME-L1253,planned_end,2018-08-24
XI-IATI-IADB-NI-L1079,actual_end,2014-08-15
XI-IATI-IADB-ME-L1331,planned_end,2025-07-30
XI-IATI-IADB-NI-L1096,actual_start,2017-05-16
XI-IATI-IADB-ME-L1331,planned_start,2024-08-05
XI-IATI-IADB-ME-L1331,actual_end,2024-08-12
XI-IATI-IADB-NI-L1096,planned_end,2018-04-24
XI-IATI-IADB-NI-L1096,planned_start,2017-05-12
XI-IATI-IADB-NI-L1096,actual_end,2017-05-17
XI-IATI-IADB-NI-L1144,actual_end,2017-12-23
XI-IATI-IADB-PN-L1159,actual_start,2020-12-29
XI-IATI-IADB-PN-L1159,planned_end,2021-12-23
XI-IATI-IADB-PN-L1159,planned_start,2020-12-28
XI-IATI-IADB-PN-L1159,actual_end,2021-01-01
XI-IATI-IADB-PN-L1181,actual_start,2023-07-28
XI-IATI-IADB-PN-L1181,planned_end,2024-07-13
XI-IATI-IADB-PN-L1181,planned_start,2023-07-25
XI-IATI-IADB-PN-L1181,actual_end,2023-07-31
XI-IATI-IADB-PN-L1145,actual_start,2017-09-27
XI-IATI-IADB-PN-L1145,planned_end,2018-09-05
XI-IATI-IADB-PN-L1145,planned_start,2017-09-25
XI-IATI-IADB-PN-L1145,actual_end,2017-09-28
XI-IATI-IADB-NI-L1079,planned_start,2014-08-11
XI-IATI-IADB-NI-L1079,actual_start,2014-08-14
XI-IATI-IADB-NI-L1079,planned_end,2015-07-14
XI-IATI-IADB-PN-L1149,actual_start,2019-12-18
XI-IATI-IADB-PN-L1149,planned_end,2020-12-03
XI-IATI-IADB-PN-L1149,planned_start,2019-12-16
XI-IATI-IADB-PN-L1149,actual_end,2019-12-20
XI-IATI-IADB-NI-L1144,actual_start,2017-12-22
XI-IATI-IADB-NI-L1144,planned_end,2018-12-13
XI-IATI-IADB-NI-L1144,planned_start,2017-12-21
XI-IATI-IADB-PN-L1100,actual_end,2014-04-18
XI-IATI-IADB-NI-L1089,actual_start,2015-09-30
XI-IATI-IADB-NI-L1089,planned_end,2016-08-31
XI-IATI-IADB-NI-L1089,planned_start,2015-09-29
XI-IATI-IADB-NI-L1089,actual_end,2015-10-01
XI-IATI-IADB-PN-L1152,actual_start,2018-10-19
XI-IATI-IADB-PN-L1152,planned_end,2019-10-04
XI-IATI-IADB-PN-L1152,planned_start,2018-10-18
XI-IATI-IADB-PN-L1152,actual_end,2018-10-24
XI-IATI-IADB-PN-L1110,planned_start,2015-08-28
XI-IATI-IADB-PN-L1110,actual_end,2015-09-01
XI-IATI-IADB-PN-L1167,actual_start,2021-12-03
XI-IATI-IADB-PN-L1167,planned_end,2022-10-25
XI-IATI-IADB-PN-L1167,planned_start,2021-12-02
XI-IATI-IADB-PN-L1167,actual_end,2021-12-07
XI-IATI-IADB-PN-L1100,planned_start,2014-04-03
XI-IATI-IADB-PN-L1110,planned_end,2016-06-19
XI-IATI-IADB-PN-L1193,actual_start,2025-12-05
XI-IATI-IADB-PN-L1118,actual_start,2016-12-30
XI-IATI-IADB-PN-L1151,actual_end,2018-09-14
XI-IATI-IADB-PN-L1100,planned_end,2015-10-02
XI-IATI-IADB-PN-L1100,actual_start,2014-04-04
XI-IATI-IADB-PN-L1193,planned_end,2026-11-21
XI-IATI-IADB-PN-L1193,planned_start,2025-12-03
XI-IATI-IADB-PN-L1193,actual_end,2025-12-08
XI-IATI-IADB-HA-L1090,actual_end,2014-08-19
XI-IATI-IADB-PN-L1118,planned_end,2017-12-14
XI-IATI-IADB-PN-L1118,planned_start,2016-12-27
XI-IATI-IADB-PN-L1118,actual_end,2016-12-31
XI-IATI-IADB-PN-L1103,planned_end,2016-06-19
XI-IATI-IADB-PN-L1103,planned_start,2015-08-31
XI-IATI-IADB-PN-L1119,actual_start,2016-11-11
XI-IATI-IADB-PN-L1119,planned_end,2017-08-12
XI-IATI-IADB-PN-L1119,planned_start,2016-11-08
XI-IATI-IADB-PN-L1119,actual_end,2016-11-12
XI-IATI-IADB-HA-L1090,actual_start,2014-08-18
XI-IATI-IADB-HA-L1090,planned_end,2015-07-04
XI-IATI-IADB-HA-L1090,planned_start,2014-08-13
XI-IATI-IADB-PN-L1110,actual_start,2015-08-31
XI-IATI-IADB-PN-L1103,actual_end,2015-09-01
XI-IATI-IADB-PN-L1151,actual_start,2018-09-12
XI-IATI-IADB-PN-L1151,planned_end,2019-09-04
XI-IATI-IADB-PN-L1151,planned_start,2018-09-10
XI-IATI-IADB-PN-L1178,actual_start,2025-02-27
XI-IATI-IADB-PN-L1178,planned_end,2026-02-12
XI-IATI-IADB-PN-L1178,planned_start,2025-02-25
XI-IATI-IADB-PN-L1178,actual_end,2025-02-28
XI-IATI-IADB-PN-L1103,actual_start,2015-08-31
XI-IATI-IADB-PN-L1175,actual_start,2022-12-27
XI-IATI-IADB-PN-L1175,planned_end,2023-12-22
XI-IATI-IADB-PN-L1175,planned_start,2022-12-23
XI-IATI-IADB-PN-L1175,actual_end,2022-12-28
XI-IATI-IADB-SU-L1066,planned_end,2025-11-06
XI-IATI-IADB-SU-L1043,actual_end,2015-01-22
XI-IATI-IADB-PN-L1162,actual_start,2021-12-29
XI-IATI-IADB-PN-L1162,planned_end,2022-12-20
XI-IATI-IADB-PN-L1162,planned_start,2021-12-24
XI-IATI-IADB-PN-L1162,actual_end,2021-12-30
XI-IATI-IADB-PN-L1156,actual_start,2019-09-23
XI-IATI-IADB-PN-L1156,planned_end,2020-08-14
XI-IATI-IADB-PN-L1156,planned_start,2019-09-20
XI-IATI-IADB-PN-L1156,actual_end,2019-09-27
XI-IATI-IADB-ES-L1093,planned_start,2018-07-19
XI-IATI-IADB-ES-L1093,actual_end,2018-07-24
XI-IATI-IADB-ES-L1143,planned_start,2020-08-05
XI-IATI-IADB-ES-L1093,actual_start,2018-07-20
XI-IATI-IADB-ES-L1143,actual_end,2020-08-07
XI-IATI-IADB-ES-L1137,actual_start,2019-10-23
XI-IATI-IADB-ES-L1137,planned_end,2020-07-25
XI-IATI-IADB-ES-L1137,planned_start,2019-10-23
XI-IATI-IADB-ES-L1137,actual_end,2019-10-25
XI-IATI-IADB-ES-L1143,actual_start,2020-08-05
XI-IATI-IADB-SU-L1033,planned_start,2014-07-15
XI-IATI-IADB-ES-L1093,planned_end,2019-07-06
XI-IATI-IADB-ES-L1143,planned_end,2021-08-02
XI-IATI-IADB-SU-L1033,actual_end,2014-07-18
XI-IATI-IADB-SU-L1066,planned_start,2024-12-20
XI-IATI-IADB-PE-L1244,planned_end,2021-06-16
XI-IATI-IADB-SU-L1065,actual_start,2022-12-19
XI-IATI-IADB-SU-L1065,planned_end,2023-11-11
XI-IATI-IADB-SU-L1065,planned_start,2022-12-16
XI-IATI-IADB-SU-L1065,actual_end,2022-12-20
XI-IATI-IADB-SU-L1066,actual_end,2024-12-24
XI-IATI-IADB-SU-L1033,planned_end,2014-12-16
XI-IATI-IADB-SU-L1033,actual_start,2014-07-17
XI-IATI-IADB-SU-L1066,actual_start,2024-12-23
XI-IATI-IADB-PE-L1267,actual_start,2022-05-04
XI-IATI-IADB-PE-L1267,planned_end,2024-12-28
XI-IATI-IADB-PE-L1267,planned_start,2022-04-28
XI-IATI-IADB-PE-L1267,actual_end,2022-05-05
XI-IATI-IADB-PR-L1163,actual_start,2022-12-15
XI-IATI-IADB-PR-L1163,planned_end,2027-09-23
XI-IATI-IADB-PR-L1163,planned_start,2022-12-15
XI-IATI-IADB-PR-L1163,actual_end,2023-04-25
XI-IATI-IADB-SU-L1043,actual_start,2015-01-21
XI-IATI-IADB-SU-L1043,planned_end,2015-12-19
XI-IATI-IADB-SU-L1043,planned_start,2015-01-20
XI-IATI-IADB-PE-L1099,actual_start,2014-12-19
XI-IATI-IADB-PE-L1099,planned_end,2015-12-04
XI-IATI-IADB-PE-L1099,planned_start,2014-12-16
XI-IATI-IADB-PE-L1099,actual_end,2014-12-22
XI-IATI-IADB-SU-L1075,actual_start,2023-12-26
XI-IATI-IADB-SU-L1075,planned_end,2024-12-12
XI-IATI-IADB-SU-L1075,planned_start,2023-12-22
XI-IATI-IADB-SU-L1075,actual_end,2023-12-27
XI-IATI-IADB-PE-L1261,actual_start,2021-06-18
XI-IATI-IADB-PE-L1261,planned_end,2024-04-12
XI-IATI-IADB-PE-L1261,planned_start,2021-06-14
XI-IATI-IADB-PE-L1261,actual_end,2021-06-22
XI-IATI-IADB-PE-L1244,planned_start,2020-08-06
XI-IATI-IADB-PE-L1244,actual_end,2020-08-14
XI-IATI-IADB-PE-L1276,actual_start,2023-05-15
XI-IATI-IADB-PE-L1276,planned_end,2026-03-01
XI-IATI-IADB-PE-L1276,planned_start,2023-05-10
XI-IATI-IADB-PE-L1276,actual_end,2023-05-16
XI-IATI-IADB-PE-L1154,actual_start,2016-12-15
XI-IATI-IADB-PE-L1154,planned_end,2018-05-15
XI-IATI-IADB-PE-L1154,planned_start,2016-12-13
XI-IATI-IADB-PE-L1154,actual_end,2016-12-16
XI-IATI-IADB-PE-L1283,actual_start,2024-06-13
XI-IATI-IADB-PE-L1283,planned_end,2027-01-12
XI-IATI-IADB-PE-L1283,planned_start,2024-06-05
XI-IATI-IADB-PE-L1283,actual_end,2024-06-14
XI-IATI-IADB-PE-L1244,actual_start,2020-08-12
XI-IATI-IADB-PR-L1144,actual_start,2018-11-20
XI-IATI-IADB-SU-L1036,actual_start,2016-06-16
XI-IATI-IADB-SU-L1036,planned_end,2017-06-08
XI-IATI-IADB-SU-L1036,planned_start,2016-06-15
XI-IATI-IADB-SU-L1036,actual_end,2016-06-17
XI-IATI-IADB-PR-L1144,planned_end,2020-10-31
XI-IATI-IADB-PR-L1144,planned_start,2018-11-19
XI-IATI-IADB-PR-L1144,actual_end,2019-10-04
XI-IATI-IADB-PE-L1138,actual_start,2014-12-04
XI-IATI-IADB-PE-L1138,planned_end,2015-11-07
XI-IATI-IADB-PE-L1138,planned_start,2014-12-02
XI-IATI-IADB-PE-L1138,actual_end,2014-12-05
XI-IATI-IADB-PR-L1151,planned_start,2020-02-06
XI-IATI-IADB-PR-L1151,actual_end,2020-12-22
XI-IATI-IADB-PR-L1161,actual_start,2020-04-09
XI-IATI-IADB-PR-L1161,planned_end,2022-03-26
XI-IATI-IADB-PR-L1161,planned_start,2020-04-09
XI-IATI-IADB-PR-L1161,actual_end,2020-04-11
XI-IATI-IADB-PR-L1177,actual_start,2022-10-28
XI-IATI-IADB-PR-L1177,planned_end,2024-09-15
XI-IATI-IADB-PR-L1177,planned_start,2022-10-27
XI-IATI-IADB-PR-L1179,actual_start,2024-05-21
XI-IATI-IADB-PR-L1179,planned_end,2025-03-10
XI-IATI-IADB-PR-L1179,planned_start,2024-05-20
XI-IATI-IADB-PR-L1179,actual_end,2024-05-22
XI-IATI-IADB-PR-L1177,actual_end,2022-10-31
XI-IATI-IADB-PR-L1175,actual_end,2020-11-05
XI-IATI-IADB-PR-L1175,actual_start,2020-10-16
XI-IATI-IADB-PR-L1175,planned_end,2022-05-20
XI-IATI-IADB-PR-L1175,planned_start,2020-10-14
XI-IATI-IADB-PR-L1151,actual_start,2020-02-07
XI-IATI-IADB-PR-L1151,planned_end,2021-11-06
XI-IATI-IADB-PR-L1180,actual_start,2022-05-02
XI-IATI-IADB-PR-L1180,planned_end,2025-03-18
XI-IATI-IADB-PR-L1180,planned_start,2022-04-27
XI-IATI-IADB-PR-L1180,actual_end,2022-05-03
XI-IATI-IADB-PR-L1101,actual_start,2016-12-22
XI-IATI-IADB-PR-L1101,planned_end,2018-12-14
XI-IATI-IADB-PR-L1101,planned_start,2016-12-21
XI-IATI-IADB-PR-L1101,actual_end,2017-05-13
XI-IATI-IADB-PR-L1185,actual_start,2024-10-23
XI-IATI-IADB-PR-L1185,planned_end,2026-10-07
XI-IATI-IADB-PR-L1185,planned_start,2024-10-22
XI-IATI-IADB-PR-L1185,actual_end,2024-10-24
XI-IATI-IADB-PE-L1169,actual_start,2020-04-24
XI-IATI-IADB-PE-L1169,planned_end,2020-05-15
XI-IATI-IADB-PE-L1169,planned_start,2020-04-20
XI-IATI-IADB-PE-L1169,actual_end,2020-04-28
XI-IATI-IADB-PE-L1303,planned_start,2026-03-18
XI-IATI-IADB-PE-L1303,actual_end,2026-03-23
XI-IATI-IADB-PE-L1303,actual_start,2026-03-20
XI-IATI-IADB-PE-L1303,planned_end,2027-02-19
XI-IATI-IADB-UR-L1170,actual_start,2022-08-05
XI-IATI-IADB-UR-L1170,planned_end,2022-12-15
XI-IATI-IADB-UR-L1170,planned_start,2022-01-11
XI-IATI-IADB-UR-L1170,actual_end,2022-08-08
XI-IATI-IADB-PE-L1140,planned_start,2014-12-17
XI-IATI-IADB-PE-L1140,actual_end,2014-12-22
XI-IATI-IADB-PE-L1140,actual_start,2014-12-19
XI-IATI-IADB-PE-L1140,planned_end,2015-12-04
XI-IATI-IADB-PE-L1262,actual_start,2021-05-12
XI-IATI-IADB-PE-L1262,planned_end,2024-06-30
XI-IATI-IADB-PE-L1262,planned_start,2021-09-23
XI-IATI-IADB-PE-L1262,actual_end,2021-09-29
XI-IATI-IADB-PE-L1223,actual_start,2019-03-25
XI-IATI-IADB-PE-L1223,planned_end,2020-01-31
XI-IATI-IADB-PE-L1223,planned_start,2019-03-06
XI-IATI-IADB-PE-L1223,actual_end,2019-03-27
XI-IATI-IADB-UR-L1207,actual_start,2025-10-29
XI-IATI-IADB-UR-L1207,planned_end,2027-05-11
XI-IATI-IADB-UR-L1207,planned_start,2026-06-29
XI-IATI-IADB-TT-L1058,actual_start,2020-08-24
XI-IATI-IADB-TT-L1058,planned_end,2021-08-03
XI-IATI-IADB-TT-L1058,planned_start,2020-08-21
XI-IATI-IADB-TT-L1058,actual_end,2020-08-28
XI-IATI-IADB-UR-L1108,actual_start,2020-03-26
XI-IATI-IADB-UR-L1108,planned_end,2022-04-07
XI-IATI-IADB-UR-L1108,planned_start,2017-01-16
XI-IATI-IADB-UR-L1108,actual_end,2020-04-16
XI-IATI-IADB-UR-L1097,actual_start,2018-12-07
XI-IATI-IADB-UR-L1076,actual_start,2018-12-07
XI-IATI-IADB-UR-L1076,planned_end,2019-03-15
XI-IATI-IADB-UR-L1076,planned_start,2013-09-30
XI-IATI-IADB-UR-L1076,actual_end,2018-12-11
XI-IATI-IADB-UR-L1140,actual_start,2020-04-13
XI-IATI-IADB-UR-L1140,planned_end,2021-11-28
XI-IATI-IADB-UR-L1140,planned_start,2019-08-01
XI-IATI-IADB-UR-L1140,actual_end,2020-04-16
XI-IATI-IADB-UR-L1097,planned_end,2021-03-27
XI-IATI-IADB-UR-L1097,planned_start,2015-05-26
XI-IATI-IADB-UR-L1186,actual_start,2023-06-21
XI-IATI-IADB-UR-L1186,planned_end,2026-06-02
XI-IATI-IADB-UR-L1186,planned_start,2023-06-20
XI-IATI-IADB-UR-L1186,actual_end,2023-06-22
XI-IATI-IADB-UR-L1106,actual_start,2020-03-26
XI-IATI-IADB-UR-L1106,planned_end,2021-03-27
XI-IATI-IADB-UR-L1106,planned_start,2015-05-26
XI-IATI-IADB-UR-L1106,actual_end,2020-03-28
XI-IATI-IADB-UR-L1097,actual_end,2020-03-28
XI-IATI-IADB-UR-L1156,actual_start,2020-04-30
XI-IATI-IADB-UR-L1156,planned_end,2023-04-08
XI-IATI-IADB-UR-L1156,planned_start,2020-04-23
XI-IATI-IADB-UR-L1156,actual_end,2020-05-05
XI-IATI-IADB-UR-L1175,actual_start,2023-06-02
XI-IATI-IADB-UR-L1175,planned_end,2026-03-19
XI-IATI-IADB-UR-L1175,planned_start,2023-06-01
XI-IATI-IADB-UR-L1175,actual_end,2023-06-05
XI-IATI-IADB-UR-L1195,actual_start,2023-12-19
XI-IATI-IADB-UR-L1195,planned_end,2024-12-14
XI-IATI-IADB-UR-L1195,planned_start,2023-12-15
XI-IATI-IADB-UR-L1195,actual_end,2023-12-20
XI-IATI-IADB-UR-L1199,actual_start,2025-09-11
XI-IATI-IADB-UR-L1199,planned_end,2028-08-08
XI-IATI-IADB-UR-L1199,planned_start,2025-09-01
XI-IATI-IADB-UR-L1199,actual_end,2025-09-12
BJ-IFU-6201100143407-RSG0123375-29295,planned_start,2016-11-29
BJ-IFU-6201100143407-RSG0123375-29295,actual_start,2018-01-03
BJ-IFU-6201100143407-RSG0123375-29295,planned_end,2022-06-30
XM-DAC-21-1-2014B1MOZBSUP-MOZBUDSUP,planned_end,2014-12-31
XM-DAC-21-1-2014B1MOZBSUP-MOZBUDSUP,actual_start,2014-05-29
XM-DAC-21-1-2015000211B1TANGBIPTANGBS,planned_end,2015-12-31
XM-DAC-21-1-2015000211B1TANGBIPTANGBS,actual_start,2015-01-01
XM-DAC-21-1-2015000108B1MOZBSUPMOZBUDSUP,planned_end,2015-12-31
XM-DAC-21-1-2015000108B1MOZBSUPMOZBUDSUP,actual_start,2015-01-01
XM-DAC-701-8-201903815,planned_start,2023-09-05
XM-DAC-701-8-201903815,planned_end,2023-11-30
XM-DAC-701-8-202210984,planned_start,2022-01-01
XM-DAC-701-8-202210984,planned_end,2023-09-30
XM-DAC-701-8-202210509,planned_start,2023-01-01
XM-DAC-701-8-202210509,planned_end,2023-08-31
XM-DAC-701-8-202208006,planned_start,2023-08-28
XM-DAC-701-8-202208006,planned_end,2026-08-27
XM-DAC-701-8-202311927,planned_start,2023-06-27
XM-DAC-701-8-202311927,planned_end,2023-06-30
XM-DAC-701-8-202209514,planned_start,2022-07-01
XM-DAC-701-8-202209514,planned_end,2023-06-30
XM-DAC-701-8-202207950,planned_start,2023-03-30
XM-DAC-701-8-202207950,planned_end,2023-12-31
XM-DAC-701-8-201905005,planned_start,2023-03-31
XM-DAC-701-8-201905005,planned_end,2023-04-30
XM-DAC-701-8-202004739,planned_start,2023-03-27
XM-DAC-701-8-202004739,planned_end,2024-06-30
XM-DAC-701-8-202108578,planned_start,2023-02-17
XM-DAC-701-8-202108578,planned_end,2023-05-31
XM-DAC-701-8-202109599,planned_start,2023-02-20
XM-DAC-701-8-202109599,planned_end,2023-03-31
XM-DAC-701-8-202311965,planned_start,2021-04-01
XM-DAC-701-8-202311965,planned_end,2026-03-31
XM-DAC-701-8-202209138,planned_start,2022-03-01
XM-DAC-701-8-202209138,planned_end,2024-02-28
XM-DAC-701-8-202313856,planned_end,2024-12-31
XM-DAC-701-8-202209815,planned_start,2024-04-24
XM-DAC-701-8-202209815,planned_end,2027-05-31
XM-DAC-701-8-202312660,planned_start,2024-01-01
XM-DAC-701-8-202312660,planned_end,2024-09-30
XM-DAC-701-8-202208027,planned_start,2024-09-20
XM-DAC-701-8-202208027,planned_end,2025-01-31
XM-DAC-701-8-202111010,planned_start,2024-09-01
XM-DAC-701-8-202111010,planned_end,2024-09-30
XM-DAC-701-8-202313856,planned_start,2024-09-01
XM-DAC-701-8-202412128,planned_start,2025-01-16
XM-DAC-701-8-202412128,planned_end,2025-01-31
XM-DAC-701-8-202312773,planned_start,2021-06-01
XM-DAC-701-8-202312773,planned_end,2025-04-30
XM-DAC-701-8-202516249,planned_start,2025-06-05
XM-DAC-701-8-202413783,planned_start,2025-05-30
XM-DAC-701-8-202413783,planned_end,2025-05-31
XM-DAC-701-8-202314504,planned_start,2022-04-01
XM-DAC-701-8-202314504,planned_end,2025-04-30
XM-DAC-701-8-202210428,planned_start,2024-03-20
XM-DAC-701-8-202210428,planned_end,2027-12-31
XM-DAC-701-8-202311979,planned_start,2023-04-01
XM-DAC-701-8-202311979,planned_end,2027-04-30
BJ-IFU-6200901851300-RSG0123375-29295,planned_start,2016-11-29
BJ-IFU-6200901851300-RSG0123375-29295,actual_start,2018-01-05
BJ-IFU-6200901851300-RSG0123375-29295,planned_end,2022-06-30
XM-DAC-701-8-202412097,planned_start,2025-12-19
XM-DAC-701-8-202412097,planned_end,2026-02-28
XM-DAC-701-8-202515176,planned_start,2025-01-01
XM-DAC-701-8-202515176,planned_end,2025-12-31
XM-DAC-701-8-202615286,planned_start,2026-03-30
XM-DAC-701-8-202615286,planned_end,2026-05-31
XM-DAC-701-8-202515233,planned_start,2026-03-30
XM-DAC-701-8-202515233,planned_end,2026-06-30
BJ-IFU-6201101182902-RSG0123375-29295,planned_start,2016-11-29
BJ-IFU-6201101182902-RSG0123375-29295,actual_start,2018-01-05
BJ-IFU-6201101182902-RSG0123375-29295,planned_end,2022-06-30
BJ-IFU-6201100034408-RSG0123375-29295,planned_start,2016-11-29
BJ-IFU-6201100034408-RSG0123375-29295,actual_start,2018-01-05
BJ-IFU-6201100034408-RSG0123375-29295,planned_end,2022-06-30
XM-OCHAS-HPC6770-3209,actual_start,2018-06-01
XM-OCHAS-HPC6770-3209,actual_end,2019-01-31
XM-OCHAS-HPC6770-2398,actual_end,2018-12-31
XM-OCHAS-HPC6770-2399,actual_end,2018-12-31
XM-OCHAS-HPC6770-2397,actual_end,2018-12-31
XM-OCHAS-HPC6770-2401,actual_end,2018-12-31
XM-OCHAS-HPC6770-2402,actual_end,2018-12-31
XM-OCHAS-HPC6770-2403,actual_end,2018-12-31
XM-OCHAS-HPC6770-2405,actual_end,2018-12-31
XM-OCHAS-HPC6770-2404,actual_end,2018-12-31
XM-OCHAS-HPC6770-2406,actual_end,2018-12-31
XM-OCHAS-HPC6770-2407,actual_end,2018-12-31
XM-OCHAS-HPC6770-2408,actual_end,2018-12-31
XM-OCHAS-HPC6770-2409,actual_end,2018-12-31
XM-OCHAS-HPC6770-2373,actual_end,2018-12-31
XM-OCHAS-HPC6770-2378,actual_end,2018-12-31
XM-OCHAS-HPC6770-2379,actual_end,2018-12-31
XM-OCHAS-HPC6770-2377,actual_end,2018-12-31
XM-OCHAS-HPC6770-2375,actual_end,2018-12-31
XM-OCHAS-HPC6770-2380,actual_end,2018-12-31
XM-OCHAS-HPC6770-2400,actual_end,2018-12-31
XM-OCHAS-HPC6770-2386,actual_end,2018-12-31
XM-OCHAS-HPC6770-2381,actual_end,2018-12-31
XM-OCHAS-HPC6770-2382,actual_end,2018-12-31
XM-OCHAS-HPC6770-2383,actual_end,2018-12-31
XM-OCHAS-HPC6770-2384,actual_end,2018-12-31
XM-OCHAS-HPC6770-2387,actual_end,2018-12-31
XM-OCHAS-HPC6770-2389,actual_end,2018-12-31
XM-OCHAS-HPC6770-2390,actual_end,2018-12-31
XM-OCHAS-HPC6770-2391,actual_end,2018-12-31
XM-OCHAS-HPC6770-2392,actual_end,2018-12-31
XM-OCHAS-HPC6770-2393,actual_end,2018-12-31
XM-OCHAS-HPC6770-2394,actual_end,2018-12-31
XM-OCHAS-HPC6770-2778,actual_end,2018-10-17
XM-OCHAS-HPC6770-2695,actual_end,2018-09-13
XM-OCHAS-HPC6770-2733,actual_end,2018-10-12
XM-OCHAS-HPC6770-3812,actual_start,2019-10-21
XM-OCHAS-HPC6770-3812,actual_end,2019-10-29
XM-OCHAS-HPC6770-2370,actual_start,2018-01-01
XM-OCHAS-HPC6770-2370,actual_end,2018-12-31
XM-OCHAS-HPC6770-2371,actual_start,2018-01-01
XM-OCHAS-HPC6770-2371,actual_end,2018-12-31
XM-OCHAS-HPC6770-2372,actual_start,2018-01-01
XM-OCHAS-HPC6770-2372,actual_end,2018-12-31
XM-OCHAS-HPC6770-2385,actual_start,2018-01-01
XM-OCHAS-HPC6770-2385,actual_end,2018-12-31
XM-OCHAS-HPC6770-2398,actual_start,2018-01-01
XM-OCHAS-HPC6770-2399,actual_start,2018-01-01
XM-OCHAS-HPC6770-2397,actual_start,2018-01-01
XM-OCHAS-HPC6770-2401,actual_start,2018-01-01
XM-OCHAS-HPC6770-2402,actual_start,2018-01-01
XM-OCHAS-HPC6770-2403,actual_start,2018-01-01
XM-OCHAS-HPC6770-2405,actual_start,2018-01-01
XM-OCHAS-HPC6770-2404,actual_start,2018-01-01
XM-OCHAS-HPC6770-2406,actual_start,2018-01-01
XM-OCHAS-HPC6770-2407,actual_start,2018-01-01
XM-OCHAS-HPC6770-2408,actual_start,2018-01-01
XM-OCHAS-HPC6770-2409,actual_start,2018-01-01
XM-OCHAS-HPC6770-2373,actual_start,2018-01-01
XM-OCHAS-HPC6770-2374,actual_start,2018-01-01
XM-OCHAS-HPC6770-2374,actual_end,2018-12-31
XM-OCHAS-HPC6770-2378,actual_start,2018-01-01
XM-OCHAS-HPC6770-2379,actual_start,2018-01-01
XM-OCHAS-HPC6770-2377,actual_start,2018-01-01
XM-OCHAS-HPC6770-2375,actual_start,2018-01-01
XM-OCHAS-HPC6770-2380,actual_start,2018-01-01
XM-OCHAS-HPC6770-2400,actual_start,2018-01-01
XM-OCHAS-HPC6770-2386,actual_start,2018-01-01
XM-OCHAS-HPC6770-2381,actual_start,2018-01-01
XM-OCHAS-HPC6770-2382,actual_start,2018-01-01
XM-OCHAS-HPC6770-2383,actual_start,2018-01-01
XM-OCHAS-HPC6770-2384,actual_start,2018-01-01
XM-OCHAS-HPC6770-2387,actual_start,2018-01-01
XM-OCHAS-HPC6770-2389,actual_start,2018-01-01
XM-OCHAS-HPC6770-2390,actual_start,2018-01-01
XM-OCHAS-HPC6770-2391,actual_start,2018-01-01
XM-OCHAS-HPC6770-2392,actual_start,2018-01-01
XM-OCHAS-HPC6770-2393,actual_start,2018-01-01
XM-OCHAS-HPC6770-2394,actual_start,2018-01-01
XM-OCHAS-HPC6770-3206,actual_start,2018-01-01
XM-OCHAS-HPC6770-3206,planned_end,2019-12-31
XM-OCHAS-HPC6770-2376,actual_start,2018-04-09
XM-OCHAS-HPC6770-2376,actual_end,2019-04-08
XM-OCHAS-HPC6770-2778,actual_start,2018-10-16
XM-OCHAS-HPC6770-2690,actual_start,2018-06-16
XM-OCHAS-HPC6770-2690,actual_end,2018-06-17
XM-OCHAS-HPC6770-2691,actual_start,2018-07-15
XM-OCHAS-HPC6770-2691,actual_end,2018-07-16
XM-OCHAS-HPC6770-2695,actual_start,2018-08-14
XM-OCHAS-HPC6770-2733,actual_start,2018-09-13
XM-OCHAS-HPC6770-1258,actual_start,2017-08-16
XM-OCHAS-HPC6770-1258,actual_end,2017-08-17
XM-OCHAS-HPC6770-1518,actual_start,2017-01-01
XM-OCHAS-HPC6770-1518,actual_end,2017-01-31
XM-OCHAS-HPC6770-1605,actual_end,2017-04-23
XM-OCHAS-HPC6770-1311,actual_end,2017-04-23
XM-OCHAS-HPC6770-1605,actual_start,2017-04-20
XM-OCHAS-HPC6770-1311,actual_start,2017-04-20
XM-OCHAS-HPC6770-1606,actual_start,2017-04-20
XM-OCHAS-HPC6770-1606,actual_end,2017-04-23
XM-OCHAS-HPC6770-1609,actual_start,2017-04-20
XM-OCHAS-HPC6770-1609,actual_end,2017-04-23
XM-OCHAS-HPC6770-1610,actual_start,2017-04-20
XM-OCHAS-HPC6770-1610,actual_end,2017-04-23
XM-OCHAS-HPC6770-3662,actual_start,2019-09-23
XM-OCHAS-HPC6770-3662,planned_end,2020-01-22
XM-OCHAS-HPC6770-1612,actual_start,2017-04-20
XM-OCHAS-HPC6770-1612,actual_end,2017-04-23
XM-OCHAS-HPC6770-1613,actual_start,2017-04-20
XM-OCHAS-HPC6770-1613,actual_end,2017-04-23
XM-OCHAS-HPC6770-1614,actual_start,2017-04-20
XM-OCHAS-HPC6770-1614,actual_end,2017-04-23
XM-OCHAS-HPC6770-1641,actual_start,2017-10-23
XM-OCHAS-HPC6770-1641,actual_end,2018-04-22
XM-OCHAS-HPC6770-1642,actual_start,2017-09-20
XM-OCHAS-HPC6770-1642,actual_end,2018-11-20
XM-OCHAS-HPC6770-1789,actual_start,2017-11-20
XM-OCHAS-HPC6770-1789,actual_end,2017-11-23
XM-OCHAS-HPC6770-2174,actual_start,2017-11-01
XM-OCHAS-HPC6770-2174,actual_end,2017-11-03
XM-OCHAS-HPC6770-2176,actual_start,2017-11-01
XM-OCHAS-HPC6770-2176,actual_end,2017-11-03
XM-OCHAS-HPC6770-2186,actual_start,2017-11-01
XM-OCHAS-HPC6770-2186,actual_end,2017-11-03
XM-OCHAS-HPC6770-2188,actual_start,2017-11-01
XM-OCHAS-HPC6770-2188,actual_end,2017-11-03
XM-OCHAS-HPC6770-3198,actual_start,2017-03-23
XM-OCHAS-HPC6770-3198,actual_end,2017-11-22
BJ-IFU-6200901944805-RSG0123375-29295,planned_start,2016-11-29
BJ-IFU-6200901944805-RSG0123375-29295,actual_start,2018-01-05
BJ-IFU-6200901944805-RSG0123375-29295,planned_end,2022-06-30
NZ-1-ACT-0101827,planned_end,2021-05-31
NZ-1-ACT-0101827,actual_end,2022-07-28
NZ-1-ACT-0100512,planned_start,2019-06-07
NZ-1-ACT-0100512,actual_start,2019-06-12
NZ-1-ACT-0100512,planned_end,2022-03-31
NZ-1-ACT-0100512,actual_end,2023-03-21
NZ-1-ACT-0100637,planned_start,2018-12-17
NZ-1-ACT-0100637,actual_start,2018-12-17
NZ-1-ACT-0100637,planned_end,2021-10-15
NZ-1-ACT-0100637,actual_end,2021-10-04
NZ-1-ACT-0101084,planned_start,2019-12-17
NZ-1-ACT-0101084,actual_start,2020-06-10
NZ-1-ACT-0101084,planned_end,2026-03-20
NZ-1-ACT-0101084,actual_end,2026-01-16
NZ-1-ACT-0101236,planned_start,2019-12-30
NZ-1-ACT-0101236,actual_start,2019-12-18
NZ-1-ACT-0101236,planned_end,2034-09-30
NZ-1-ACT-0101776,planned_start,2020-03-20
NZ-1-ACT-0101776,actual_start,2020-03-27
NZ-1-ACT-0101776,planned_end,2022-12-30
NZ-1-ACT-0101776,actual_end,2026-01-16
NZ-1-ACT-0102671,planned_start,2021-07-27
NZ-1-ACT-0102671,actual_start,2021-07-26
NZ-1-ACT-0102671,planned_end,2025-10-31
NZ-1-ACT-0102671,actual_end,2026-01-16
NZ-1-ACT-0102932,planned_start,2023-05-12
NZ-1-ACT-0102932,actual_start,2023-05-12
NZ-1-ACT-0102932,planned_end,2027-06-30
NZ-1-ACT-0103398,planned_start,2023-05-01
NZ-1-ACT-0103398,actual_start,2023-04-27
NZ-1-ACT-0103398,planned_end,2025-10-31
NZ-1-ACT-0103398,actual_end,2026-01-16
NZ-1-ACT-0103562,planned_start,2023-06-27
NZ-1-ACT-0103562,actual_start,2023-06-14
NZ-1-ACT-0103562,planned_end,2025-12-20
NZ-1-ACT-0103562,actual_end,2026-01-16
NZ-1-ACT-0A11138,planned_start,2012-07-01
NZ-1-ACT-0A11138,actual_start,2012-09-27
NZ-1-ACT-0A11138,planned_end,2015-04-15
NZ-1-ACT-0A11138,actual_end,2015-04-15
NZ-1-ACT-0A11524,planned_start,2013-07-24
NZ-1-ACT-0A11524,actual_start,2013-07-24
NZ-1-ACT-0A11524,planned_end,2015-05-22
NZ-1-ACT-0A11524,actual_end,2015-05-22
NZ-1-ACT-0A11596,planned_start,2013-07-01
NZ-1-ACT-0A11596,actual_start,2014-10-31
NZ-1-ACT-0A11596,planned_end,2016-07-01
NZ-1-ACT-0A11596,actual_end,2015-04-24
NZ-1-ACT-0A12283,planned_start,2015-11-11
NZ-1-ACT-0A12283,actual_start,2015-11-11
NZ-1-ACT-0A12283,planned_end,2016-06-30
NZ-1-ACT-0A12283,actual_end,2016-06-30
NZ-1-ACT-0A12645,planned_start,2016-11-11
NZ-1-ACT-0A12645,actual_start,2016-08-17
NZ-1-ACT-0A12645,planned_end,2019-12-31
NZ-1-ACT-0A12645,actual_end,2020-06-09
NZ-1-ACT-0R10965,planned_start,2012-07-01
NZ-1-ACT-0R10965,actual_start,2012-06-08
NZ-1-ACT-0R10965,planned_end,2017-09-14
NZ-1-ACT-0R10965,actual_end,2017-09-14
NZ-1-ACT-0100378,planned_start,2019-06-01
NZ-1-ACT-0100378,actual_start,2019-06-21
NZ-1-ACT-0100378,planned_end,2024-12-31
NZ-1-ACT-0100378,actual_end,2024-09-24
NZ-1-ACT-0101351,planned_start,2022-07-31
NZ-1-ACT-0101351,actual_start,2022-07-19
NZ-1-ACT-0101351,planned_end,2027-07-31
NZ-1-ACT-0101567,planned_start,2020-09-01
NZ-1-ACT-0101567,actual_start,2020-07-13
NZ-1-ACT-0101567,planned_end,2028-03-31
NZ-1-ACT-0101775,planned_start,2020-03-20
NZ-1-ACT-0101775,actual_start,2020-03-27
NZ-1-ACT-0101775,planned_end,2022-03-31
NZ-1-ACT-0103305,planned_start,2024-07-01
NZ-1-ACT-0103305,actual_start,2023-03-24
NZ-1-ACT-0103305,planned_end,2027-03-31
NZ-1-ACT-0103509,planned_start,2023-07-01
NZ-1-ACT-0103509,actual_start,2023-06-14
NZ-1-ACT-0103509,planned_end,2025-04-30
NZ-1-ACT-0103509,actual_end,2024-12-20
NZ-1-ACT-0103537,planned_start,2023-10-15
NZ-1-ACT-0103537,actual_start,2023-10-18
NZ-1-ACT-0103537,planned_end,2026-03-31
NZ-1-ACT-0104800,planned_start,2025-07-14
NZ-1-ACT-0104800,actual_start,2025-06-25
NZ-1-ACT-0104800,planned_end,2027-06-30
NZ-1-ACT-0105177,planned_start,2026-07-01
NZ-1-ACT-0105177,actual_start,2026-05-18
NZ-1-ACT-0105177,planned_end,2028-03-31
NZ-1-ACT-0A12759,actual_end,2018-09-11
NZ-1-ACT-0A12759,planned_start,2017-04-17
NZ-1-ACT-0A12759,actual_start,2017-04-17
NZ-1-ACT-0A12759,planned_end,2018-09-11
NZ-1-ACT-0A12592,planned_start,2016-06-21
NZ-1-ACT-0A12592,actual_start,2016-06-21
NZ-1-ACT-0A12592,planned_end,2017-06-15
NZ-1-ACT-0A12592,actual_end,2017-06-15
NZ-1-ACT-0S12070,planned_start,2014-10-06
NZ-1-ACT-0S12070,actual_start,2014-10-06
NZ-1-ACT-0S12070,planned_end,2019-02-07
NZ-1-ACT-0S12070,actual_end,2019-02-07
NZ-1-ACT-0S12081,planned_start,2018-07-01
NZ-1-ACT-0S12081,actual_start,2014-10-02
NZ-1-ACT-0S12081,planned_end,2021-12-17
NZ-1-ACT-0S12081,actual_end,2022-11-16
NZ-1-ACT-0S12197,planned_start,2015-06-25
NZ-1-ACT-0S12197,actual_start,2015-06-25
NZ-1-ACT-0S12197,planned_end,2015-06-25
NZ-1-ACT-0S12197,actual_end,2015-06-25
NZ-1-ACT-0100023,planned_start,2018-01-09
NZ-1-ACT-0100023,actual_start,2017-06-30
NZ-1-ACT-0100023,planned_end,2021-10-29
NZ-1-ACT-0100023,actual_end,2023-06-21
NZ-1-ACT-0101117,planned_start,2019-06-11
NZ-1-ACT-0101117,actual_start,2019-06-21
NZ-1-ACT-0101117,planned_end,2026-02-27
NZ-1-ACT-0102044,actual_start,2021-04-08
NZ-1-ACT-0102044,planned_end,2025-01-31
NZ-1-ACT-0102044,actual_end,2025-01-22
NZ-1-ACT-0101323,planned_start,2021-11-30
NZ-1-ACT-0101323,actual_start,2021-12-17
NZ-1-ACT-0101323,planned_end,2030-07-31
NZ-1-ACT-0101736,planned_start,2020-09-30
NZ-1-ACT-0101736,actual_start,2020-11-23
NZ-1-ACT-0101736,planned_end,2021-10-31
NZ-1-ACT-0101736,actual_end,2024-02-01
NZ-1-ACT-0101774,planned_start,2020-03-20
NZ-1-ACT-0101774,actual_start,2020-03-27
NZ-1-ACT-0101774,planned_end,2022-06-30
NZ-1-ACT-0101774,actual_end,2022-07-28
NZ-1-ACT-0101827,planned_start,2020-05-14
NZ-1-ACT-0101827,actual_start,2020-05-19
NZ-1-ACT-0102575,planned_start,2026-04-01
NZ-1-ACT-0102575,actual_start,2026-04-24
NZ-1-ACT-0102575,planned_end,2028-10-15
NZ-1-ACT-0102089,planned_start,2021-01-31
NZ-1-ACT-0102089,actual_start,2020-12-17
NZ-1-ACT-0102089,planned_end,2026-12-31
NZ-1-ACT-0102252,planned_start,2020-11-30
NZ-1-ACT-0102252,actual_start,2021-01-14
NZ-1-ACT-0102252,planned_end,2026-07-31
NZ-1-ACT-0102518,planned_start,2023-07-01
NZ-1-ACT-0102518,actual_start,2023-04-04
NZ-1-ACT-0102518,planned_end,2028-06-30
NZ-1-ACT-0102885,planned_start,2023-12-07
NZ-1-ACT-0102885,actual_start,2023-12-19
NZ-1-ACT-0102885,planned_end,2028-08-01
NZ-1-ACT-0100092,actual_start,2017-12-20
NZ-1-ACT-0100092,planned_end,2022-11-01
NZ-1-ACT-0100220,actual_end,2018-09-28
NZ-1-ACT-0100092,actual_end,2025-06-25
NZ-1-ACT-0A11817,planned_start,2017-07-01
NZ-1-ACT-0A11817,actual_start,2014-06-25
NZ-1-ACT-0A11817,planned_end,2021-12-31
NZ-1-ACT-0A11817,actual_end,2020-11-04
NZ-1-ACT-0100092,planned_start,2017-07-01
NZ-1-ACT-0100220,planned_start,2018-03-14
NZ-1-ACT-0100220,actual_start,2018-03-14
NZ-1-ACT-0100220,planned_end,2018-09-28
NZ-1-ACT-0100432,planned_start,2019-11-29
NZ-1-ACT-0100432,actual_start,2019-11-18
NZ-1-ACT-0100432,planned_end,2021-06-30
NZ-1-ACT-0100432,actual_end,2025-03-20
NZ-1-ACT-0100448,planned_start,2019-05-28
NZ-1-ACT-0100448,actual_start,2019-06-04
NZ-1-ACT-0100448,planned_end,2033-12-31
NZ-1-ACT-0101779,planned_start,2020-03-20
NZ-1-ACT-0101779,actual_start,2020-03-27
NZ-1-ACT-0101779,planned_end,2020-06-30
NZ-1-ACT-0101779,actual_end,2020-12-04
NZ-1-ACT-0102028,planned_start,2020-11-30
NZ-1-ACT-0102028,actual_start,2020-12-03
NZ-1-ACT-0102028,planned_end,2026-12-30
NZ-1-ACT-0A11142,planned_start,2012-07-01
NZ-1-ACT-0A11142,actual_start,2012-06-25
NZ-1-ACT-0A11142,planned_end,2017-09-12
NZ-1-ACT-0A11142,actual_end,2017-09-12
NZ-1-ACT-0A12438,planned_start,2016-02-29
NZ-1-ACT-0A12438,actual_start,2016-02-29
NZ-1-ACT-0A12438,planned_end,2018-01-10
NZ-1-ACT-0A12438,actual_end,2018-01-10
NZ-1-ACT-0102044,planned_start,2021-04-09
NZ-1-ACT-0104876,planned_start,2026-04-17
NZ-1-ACT-0104876,actual_start,2026-03-20
NZ-1-ACT-0104876,planned_end,2029-12-31
NZ-1-ACT-0100022,planned_start,2017-06-29
NZ-1-ACT-0100022,actual_start,2017-07-06
NZ-1-ACT-0100022,planned_end,2021-10-01
NZ-1-ACT-0100022,actual_end,2021-12-11
NZ-1-ACT-0100039,planned_start,2015-07-01
NZ-1-ACT-0100039,actual_start,2017-10-16
NZ-1-ACT-0100039,planned_end,2022-03-30
NZ-1-ACT-0100039,actual_end,2023-04-20
NZ-1-ACT-0100787,planned_start,2019-06-14
NZ-1-ACT-0100787,actual_start,2019-06-17
NZ-1-ACT-0100787,planned_end,2026-12-31
NZ-1-ACT-0101219,planned_start,2020-06-30
NZ-1-ACT-0101219,actual_start,2020-06-12
NZ-1-ACT-0101219,planned_end,2021-09-30
NZ-1-ACT-0101219,actual_end,2021-10-02
NZ-1-ACT-0101221,planned_start,2020-06-30
NZ-1-ACT-0101221,actual_start,2020-06-30
NZ-1-ACT-0101221,planned_end,2021-09-30
NZ-1-ACT-0101221,actual_end,2022-03-24
NZ-1-ACT-0101780,planned_start,2020-03-20
NZ-1-ACT-0101780,actual_start,2020-03-27
NZ-1-ACT-0101780,planned_end,2022-12-30
NZ-1-ACT-0101780,actual_end,2025-08-28
NZ-1-ACT-0101785,planned_start,2020-03-27
NZ-1-ACT-0101785,actual_start,2020-04-17
NZ-1-ACT-0101785,planned_end,2020-12-31
NZ-1-ACT-0101785,actual_end,2022-05-11
NZ-1-ACT-0102670,planned_start,2021-08-25
NZ-1-ACT-0102670,actual_start,2021-09-03
NZ-1-ACT-0102670,planned_end,2024-03-31
NZ-1-ACT-0102670,actual_end,2024-10-11
NZ-1-ACT-0102857,planned_start,2022-03-06
NZ-1-ACT-0102857,actual_start,2022-03-04
NZ-1-ACT-0102857,planned_end,2023-03-31
NZ-1-ACT-0102857,actual_end,2022-12-30
NZ-1-ACT-0A10927,actual_start,2012-01-31
NZ-1-ACT-0A10927,planned_end,2014-12-08
NZ-1-ACT-0104720,planned_start,2025-09-01
NZ-1-ACT-0104720,actual_start,2025-08-14
NZ-1-ACT-0104720,planned_end,2028-12-31
NZ-1-ACT-0A10927,actual_end,2014-12-08
NZ-1-ACT-0A10991,actual_end,2015-05-18
NZ-1-ACT-0103265,planned_start,2023-07-01
NZ-1-ACT-0103265,actual_start,2023-06-14
NZ-1-ACT-0103265,planned_end,2025-01-31
NZ-1-ACT-0103265,actual_end,2025-08-26
NZ-1-ACT-0103477,planned_start,2024-05-29
NZ-1-ACT-0103477,actual_start,2024-05-29
NZ-1-ACT-0103477,planned_end,2025-12-15
NZ-1-ACT-0103477,actual_end,2026-05-05
NZ-1-ACT-0103491,planned_start,2023-04-04
NZ-1-ACT-0103491,actual_start,2023-03-29
NZ-1-ACT-0103491,planned_end,2025-03-31
NZ-1-ACT-0103491,actual_end,2026-01-15
NZ-1-ACT-0104285,planned_start,2025-07-21
NZ-1-ACT-0104285,actual_start,2025-07-23
NZ-1-ACT-0104285,planned_end,2026-12-31
NZ-1-ACT-0A11639,actual_start,2014-05-12
NZ-1-ACT-0A11639,planned_end,2015-04-20
NZ-1-ACT-0A11639,actual_end,2015-04-20
NZ-1-ACT-0104703,planned_start,2025-04-20
NZ-1-ACT-0104703,actual_start,2025-04-16
NZ-1-ACT-0104703,planned_end,2025-10-31
NZ-1-ACT-0105157,planned_start,2026-04-01
NZ-1-ACT-0105157,actual_start,2026-03-24
NZ-1-ACT-0105157,planned_end,2026-09-30
NZ-1-ACT-0A10772,planned_start,2011-09-30
NZ-1-ACT-0A10772,actual_start,2011-09-30
NZ-1-ACT-0A10772,planned_end,2014-04-10
NZ-1-ACT-0A10772,actual_end,2014-04-10
NZ-1-ACT-0A10927,planned_start,2012-07-01
NZ-1-ACT-0A10991,planned_start,2012-07-01
NZ-1-ACT-0A10991,actual_start,2012-05-22
NZ-1-ACT-0A10991,planned_end,2015-05-18
NZ-1-ACT-0A11588,planned_start,2012-07-01
NZ-1-ACT-0A11588,actual_start,2013-07-03
NZ-1-ACT-0A11588,planned_end,2014-03-24
NZ-1-ACT-0A11588,actual_end,2014-03-24
NZ-1-ACT-0A11639,planned_start,2014-05-12
NZ-1-ACT-0A11836,planned_start,2014-07-11
NZ-1-ACT-0A11836,actual_start,2014-07-11
NZ-1-ACT-0A11836,planned_end,2015-03-16
NZ-1-ACT-0A11836,actual_end,2015-03-16
NZ-1-ACT-0A11971,planned_start,2014-05-12
NZ-1-ACT-0A11971,actual_start,2014-05-12
NZ-1-ACT-0A11971,planned_end,2018-08-31
NZ-1-ACT-0A11971,actual_end,2018-08-31
NZ-1-ACT-0A12296,planned_start,2015-07-10
NZ-1-ACT-0A12296,actual_start,2015-07-10
NZ-1-ACT-0A12296,planned_end,2016-03-18
NZ-1-ACT-0A12296,actual_end,2016-03-18
NZ-1-ACT-0A12554,planned_start,2016-06-23
NZ-1-ACT-0A12554,actual_start,2016-06-24
NZ-1-ACT-0A12554,planned_end,2023-12-31
NZ-1-ACT-0A12554,actual_end,2022-12-15
NZ-1-ACT-0A12555,planned_start,2016-06-15
NZ-1-ACT-0A12555,actual_start,2016-06-17
NZ-1-ACT-0A12555,planned_end,2022-12-31
NZ-1-ACT-0A12555,actual_end,2022-12-15
NZ-1-ACT-0A12575,planned_start,2015-07-01
NZ-1-ACT-0A12575,actual_start,2016-06-17
NZ-1-ACT-0A12575,planned_end,2021-09-30
NZ-1-ACT-0A12575,actual_end,2021-11-12
NZ-1-ACT-0A12607,planned_start,2016-07-31
NZ-1-ACT-0A12607,actual_start,2016-07-31
NZ-1-ACT-0A12607,planned_end,2018-08-31
NZ-1-ACT-0A12607,actual_end,2018-08-31
NZ-1-ACT-0A12254,planned_start,2015-05-29
NZ-1-ACT-0A12254,actual_start,2015-05-29
NZ-1-ACT-0A12254,planned_end,2017-05-09
NZ-1-ACT-0A12254,actual_end,2017-05-09
NZ-1-ACT-0103194,planned_start,2023-09-25
NZ-1-ACT-0103329,planned_start,2025-04-21
NZ-1-ACT-0103329,actual_start,2024-12-11
NZ-1-ACT-0103329,planned_end,2028-08-07
NZ-1-ACT-0103399,planned_start,2023-01-18
NZ-1-ACT-0103399,actual_start,2023-05-01
NZ-1-ACT-0103399,planned_end,2024-01-30
NZ-1-ACT-0103399,actual_end,2024-08-27
NZ-1-ACT-0104327,planned_start,2027-04-05
NZ-1-ACT-0104327,actual_start,2025-06-18
NZ-1-ACT-0104327,planned_end,2032-07-30
NZ-1-ACT-0104505,planned_start,2024-10-23
NZ-1-ACT-0104505,actual_start,2024-10-21
NZ-1-ACT-0104505,planned_end,2025-12-26
NZ-1-ACT-0104505,actual_end,2026-01-16
NZ-1-ACT-0105129,planned_start,2026-01-05
NZ-1-ACT-0105129,actual_start,2025-12-23
NZ-1-ACT-0105129,planned_end,2027-07-20
NZ-1-ACT-0A00526,planned_start,2012-07-01
NZ-1-ACT-0A00526,actual_start,2007-11-16
NZ-1-ACT-0A00526,planned_end,2015-07-01
NZ-1-ACT-0A00526,actual_end,2015-06-03
NZ-1-ACT-0A11059,planned_start,2012-05-15
NZ-1-ACT-0A11059,actual_start,2012-05-15
NZ-1-ACT-0A11059,planned_end,2015-06-29
NZ-1-ACT-0A11059,actual_end,2015-06-29
NZ-1-ACT-0A11337,planned_start,2019-07-01
NZ-1-ACT-0A11337,actual_start,2013-10-04
NZ-1-ACT-0A11337,planned_end,2020-07-31
NZ-1-ACT-0A11337,actual_end,2022-01-13
NZ-1-ACT-0A11470,planned_start,2012-07-01
NZ-1-ACT-0A11470,actual_start,2013-05-29
NZ-1-ACT-0A11470,planned_end,2019-12-01
NZ-1-ACT-0A11470,actual_end,2022-01-13
NZ-1-ACT-0A11839,planned_start,2013-05-01
NZ-1-ACT-0A11839,actual_start,2016-06-30
NZ-1-ACT-0A11839,planned_end,2020-12-31
NZ-1-ACT-0A11839,actual_end,2021-11-16
NZ-1-ACT-0A10592,planned_start,2012-07-01
NZ-1-ACT-0A10592,actual_start,2011-10-10
NZ-1-ACT-0A10592,planned_end,2014-02-28
NZ-1-ACT-0A10592,actual_end,2014-02-28
NZ-1-ACT-0A10983,planned_start,2012-07-01
NZ-1-ACT-0A10983,actual_start,2012-04-30
NZ-1-ACT-0A10983,planned_end,2016-07-01
NZ-1-ACT-0A10983,actual_end,2015-05-31
NZ-1-ACT-0100310,actual_start,2018-08-03
NZ-1-ACT-0100310,planned_end,2020-06-05
NZ-1-ACT-0100310,actual_end,2020-08-14
NZ-1-ACT-0A11603,planned_start,2013-07-01
NZ-1-ACT-0A11603,actual_start,2014-06-19
NZ-1-ACT-0A11603,planned_end,2016-07-01
NZ-1-ACT-0A11603,actual_end,2014-12-03
NZ-1-ACT-0A11670,planned_start,2014-06-18
NZ-1-ACT-0A11670,actual_start,2014-06-18
NZ-1-ACT-0A11670,planned_end,2018-01-08
NZ-1-ACT-0A11670,actual_end,2018-01-08
NZ-1-ACT-0101650,planned_start,2024-07-17
NZ-1-ACT-0101650,actual_start,2023-10-26
NZ-1-ACT-0101650,planned_end,2028-12-31
NZ-1-ACT-0101650,actual_end,2024-08-14
NZ-1-ACT-0A11941,planned_start,2012-07-01
NZ-1-ACT-0A11941,actual_start,2014-06-11
NZ-1-ACT-0A11941,planned_end,2019-02-18
NZ-1-ACT-0A11941,actual_end,2019-02-18
NZ-1-ACT-0101654,planned_start,2020-10-26
NZ-1-ACT-0101654,actual_start,2020-10-21
NZ-1-ACT-0101654,planned_end,2027-06-30
NZ-1-ACT-0101778,planned_start,2024-06-09
NZ-1-ACT-0101778,actual_start,2020-03-27
NZ-1-ACT-0101778,planned_end,2025-12-30
NZ-1-ACT-0102484,planned_start,2021-03-22
NZ-1-ACT-0102484,actual_start,2022-08-10
NZ-1-ACT-0102484,planned_end,2025-01-31
NZ-1-ACT-0102484,actual_end,2025-01-31
NZ-1-ACT-0A12128,planned_start,2015-07-01
NZ-1-ACT-0A12128,actual_start,2021-11-30
NZ-1-ACT-0A12128,planned_end,2021-11-30
NZ-1-ACT-0A12128,actual_end,2021-11-30
NZ-1-ACT-0A12359,actual_end,2018-01-09
NZ-1-ACT-0102778,planned_end,2025-01-30
NZ-1-ACT-0102778,actual_end,2025-02-24
NZ-1-ACT-0100238,planned_start,2018-05-31
NZ-1-ACT-0100238,actual_start,2018-05-23
NZ-1-ACT-0100238,planned_end,2020-08-31
NZ-1-ACT-0100238,actual_end,2022-01-13
NZ-1-ACT-0100272,planned_start,2018-06-14
NZ-1-ACT-0100272,actual_start,2018-06-22
NZ-1-ACT-0100272,planned_end,2020-07-31
NZ-1-ACT-0100272,actual_end,2022-01-13
NZ-1-ACT-0103194,actual_start,2023-10-05
NZ-1-ACT-0103194,planned_end,2029-03-31
NZ-1-ACT-0100385,planned_start,2020-06-16
NZ-1-ACT-0100385,actual_start,2020-06-22
NZ-1-ACT-0100385,planned_end,2025-08-01
NZ-1-ACT-0100487,planned_start,2020-01-24
NZ-1-ACT-0100487,actual_start,2020-01-24
NZ-1-ACT-0100487,planned_end,2022-03-31
NZ-1-ACT-0100487,actual_end,2023-03-22
NZ-1-ACT-0100986,planned_start,2019-06-03
NZ-1-ACT-0100986,actual_start,2019-05-14
NZ-1-ACT-0100986,planned_end,2027-12-31
NZ-1-ACT-0101781,planned_end,2022-06-30
NZ-1-ACT-0101781,planned_start,2020-03-20
NZ-1-ACT-0101781,actual_start,2020-03-27
NZ-1-ACT-0102702,planned_start,2022-01-20
NZ-1-ACT-0102702,actual_start,2022-01-20
NZ-1-ACT-0102702,planned_end,2027-07-01
NZ-1-ACT-0102778,planned_start,2022-02-02
NZ-1-ACT-0102778,actual_start,2022-05-11
NZ-1-ACT-0A12335,actual_start,2015-08-26
NZ-1-ACT-0A12335,planned_end,2015-08-26
NZ-1-ACT-0A12335,actual_end,2015-08-26
GB-GOV-28-MHRA-GAMRIF,planned_start,2024-04-01
NZ-1-ACT-0100546,planned_start,2019-05-31
NZ-1-ACT-0100546,actual_start,2019-05-02
NZ-1-ACT-0100546,planned_end,2019-05-31
NZ-1-ACT-0100546,actual_end,2019-09-17
NZ-1-ACT-0101071,planned_start,2019-06-20
NZ-1-ACT-0101071,actual_start,2019-06-14
NZ-1-ACT-0101071,planned_end,2021-12-31
NZ-1-ACT-0101071,actual_end,2022-05-02
NZ-1-ACT-0101773,planned_start,2020-03-20
NZ-1-ACT-0101773,actual_start,2020-03-27
NZ-1-ACT-0101773,planned_end,2022-02-28
NZ-1-ACT-0101773,actual_end,2022-10-25
NZ-1-ACT-0102435,planned_start,2021-01-12
NZ-1-ACT-0102435,actual_start,2021-12-13
NZ-1-ACT-0102435,planned_end,2025-01-27
NZ-1-ACT-0102435,actual_end,2026-01-16
NZ-1-ACT-0102806,actual_start,2025-05-12
NZ-1-ACT-0102727,planned_start,2021-09-21
NZ-1-ACT-0102727,actual_start,2021-09-21
NZ-1-ACT-0102727,planned_end,2022-02-28
NZ-1-ACT-0102727,actual_end,2022-08-17
NZ-1-ACT-0102806,planned_end,2027-09-30
NZ-1-ACT-0102806,planned_start,2025-05-16
NZ-1-ACT-0103689,planned_start,2024-02-29
NZ-1-ACT-0103689,actual_start,2024-01-25
NZ-1-ACT-0103689,planned_end,2027-08-31
NZ-1-ACT-0103910,actual_start,2025-10-21
NZ-1-ACT-0103910,planned_end,2031-08-31
NZ-1-ACT-0103910,planned_start,2026-01-01
NZ-1-ACT-0100067,actual_end,2019-02-13
NZ-1-ACT-0104218,planned_start,2024-04-30
NZ-1-ACT-0104218,actual_start,2024-03-11
NZ-1-ACT-0104218,planned_end,2024-12-31
NZ-1-ACT-0104218,actual_end,2024-12-06
NZ-1-ACT-0104329,planned_start,2024-06-07
NZ-1-ACT-0104329,actual_start,2024-06-14
NZ-1-ACT-0104329,planned_end,2025-07-31
NZ-1-ACT-0A00446,planned_start,2007-06-28
NZ-1-ACT-0A00446,actual_start,2007-06-28
NZ-1-ACT-0A00446,planned_end,2016-06-22
NZ-1-ACT-0A00446,actual_end,2016-06-22
NZ-1-ACT-0100067,planned_start,2017-09-04
NZ-1-ACT-0100067,actual_start,2017-09-04
NZ-1-ACT-0100067,planned_end,2019-02-13
NZ-1-ACT-0100310,planned_start,2018-07-01
NZ-1-ACT-0100483,planned_start,2019-07-01
NZ-1-ACT-0100483,actual_start,2019-08-19
NZ-1-ACT-0100483,planned_end,2020-12-21
NZ-1-ACT-0100483,actual_end,2020-12-01
NZ-1-ACT-0100484,planned_start,2020-07-01
NZ-1-ACT-0100484,actual_start,2020-06-12
NZ-1-ACT-0100484,planned_end,2021-12-23
NZ-1-ACT-0100484,actual_end,2021-10-28
NZ-1-ACT-0101771,planned_start,2020-03-20
NZ-1-ACT-0101771,actual_start,2020-03-27
NZ-1-ACT-0101771,planned_end,2022-03-31
NZ-1-ACT-0102087,planned_start,2021-07-01
NZ-1-ACT-0102087,actual_start,2021-06-09
NZ-1-ACT-0102087,planned_end,2022-09-30
NZ-1-ACT-0102087,actual_end,2024-08-19
NZ-1-ACT-0102556,planned_start,2022-07-01
NZ-1-ACT-0102556,actual_start,2022-06-13
NZ-1-ACT-0102556,planned_end,2024-09-30
NZ-1-ACT-0102556,actual_end,2024-12-06
NZ-1-ACT-0103461,planned_start,2023-04-20
NZ-1-ACT-0103461,actual_start,2023-06-14
NZ-1-ACT-0103461,planned_end,2025-06-10
NZ-1-ACT-0103461,actual_end,2024-12-19
NZ-1-ACT-0103520,planned_start,2023-03-31
NZ-1-ACT-0103520,actual_start,2023-03-16
NZ-1-ACT-0103520,planned_end,2024-09-30
NZ-1-ACT-0103520,actual_end,2025-10-20
NZ-1-ACT-0103825,planned_start,2024-05-30
NZ-1-ACT-0103825,actual_start,2024-05-27
NZ-1-ACT-0103825,planned_end,2025-12-01
NZ-1-ACT-0103825,actual_end,2026-05-20
NZ-1-ACT-0A12335,planned_start,2015-08-26
NZ-1-ACT-0104283,planned_start,2025-05-30
NZ-1-ACT-0104283,actual_start,2025-06-05
NZ-1-ACT-0104283,planned_end,2026-11-01
NZ-1-ACT-0104284,planned_start,2026-06-12
NZ-1-ACT-0104284,actual_start,2026-06-10
NZ-1-ACT-0104284,planned_end,2027-09-30
NZ-1-ACT-0104560,planned_start,2025-03-31
NZ-1-ACT-0104560,actual_start,2025-03-11
NZ-1-ACT-0104560,planned_end,2027-10-30
NZ-1-ACT-0A12771,planned_start,2018-06-01
NZ-1-ACT-0A12771,actual_start,2017-04-17
NZ-1-ACT-0A12771,planned_end,2018-12-31
NZ-1-ACT-0A12771,actual_end,2019-09-16
NZ-1-ACT-0A11555,planned_start,2013-06-30
NZ-1-ACT-0A11555,actual_start,2013-06-30
NZ-1-ACT-0A11555,planned_end,2014-03-06
NZ-1-ACT-0A11555,actual_end,2014-03-06
NZ-1-ACT-0A11834,planned_start,2014-07-31
NZ-1-ACT-0A11834,actual_start,2014-07-31
NZ-1-ACT-0A11834,planned_end,2014-12-19
NZ-1-ACT-0A11834,actual_end,2014-12-19
NZ-1-ACT-0A12049,planned_start,2014-06-24
NZ-1-ACT-0A12049,actual_start,2014-06-24
NZ-1-ACT-0A12049,planned_end,2014-06-24
NZ-1-ACT-0A12049,actual_end,2014-06-24
NZ-1-ACT-0A12359,planned_start,2015-07-01
NZ-1-ACT-0A12359,actual_start,2015-09-11
NZ-1-ACT-0A12359,planned_end,2018-01-09
NZ-1-ACT-0A12639,planned_start,2017-04-17
NZ-1-ACT-0A12639,actual_start,2017-04-17
NZ-1-ACT-0A12639,planned_end,2017-11-08
NZ-1-ACT-0A12639,actual_end,2017-11-08
NZ-1-ACT-0A12678,planned_start,2016-10-26
NZ-1-ACT-0A12678,actual_start,2016-10-26
NZ-1-ACT-0A12678,planned_end,2018-09-24
NZ-1-ACT-0A12678,actual_end,2018-09-24
GB-GOV-28-MHRA-GAMRIF,actual_start,2024-09-01
GB-GOV-28-MHRA-GAMRIF,planned_end,2027-03-31
NZ-1-ACT-0100239,planned_start,2018-08-09
NZ-1-ACT-0100239,actual_start,2018-06-18
NZ-1-ACT-0100239,planned_end,2021-11-30
NZ-1-ACT-0100239,actual_end,2025-01-28
NZ-1-ACT-0100252,planned_start,2018-05-01
NZ-1-ACT-0100252,actual_start,2018-05-16
NZ-1-ACT-0100252,planned_end,2020-07-31
NZ-1-ACT-0100252,actual_end,2022-02-04
NZ-1-ACT-0101175,planned_start,2019-09-01
NZ-1-ACT-0101175,actual_start,2019-11-13
NZ-1-ACT-0101175,planned_end,2028-03-31
NZ-1-ACT-0101786,actual_start,2020-03-27
NZ-1-ACT-0101786,planned_end,2020-12-31
NZ-1-ACT-0101777,planned_start,2020-03-20
NZ-1-ACT-0101777,actual_start,2020-03-27
NZ-1-ACT-0101777,planned_end,2022-06-30
NZ-1-ACT-0101777,actual_end,2025-11-06
NZ-1-ACT-0101786,planned_start,2020-03-27
NZ-1-ACT-0101853,planned_start,2020-07-31
NZ-1-ACT-0101853,actual_start,2021-03-17
NZ-1-ACT-0101853,planned_end,2027-06-30
NZ-1-ACT-0101786,actual_end,2026-02-24
NZ-1-ACT-0102283,planned_start,2020-11-10
NZ-1-ACT-0102283,actual_start,2021-06-11
NZ-1-ACT-0102283,planned_end,2024-12-31
NZ-1-ACT-0102283,actual_end,2026-01-06
NZ-1-ACT-0104124,planned_start,2025-08-01
NZ-1-ACT-0104124,actual_start,2025-07-23
NZ-1-ACT-0104124,planned_end,2036-12-31
NZ-1-ACT-0100978,planned_start,2019-03-19
NZ-1-ACT-0100978,actual_start,2019-03-21
NZ-1-ACT-0100978,planned_end,2019-07-31
NZ-1-ACT-0100978,actual_end,2019-08-14
NZ-1-ACT-0101038,planned_start,2020-01-30
NZ-1-ACT-0101038,actual_start,2020-07-03
NZ-1-ACT-0101038,planned_end,2022-03-31
NZ-1-ACT-0101038,actual_end,2022-10-26
NZ-1-ACT-0101435,planned_start,2019-11-15
NZ-1-ACT-0101435,actual_start,2019-11-20
NZ-1-ACT-0101435,planned_end,2020-12-31
NZ-1-ACT-0101435,actual_end,2020-04-28
NZ-1-ACT-0101772,planned_start,2020-03-20
NZ-1-ACT-0101772,actual_start,2020-03-27
NZ-1-ACT-0101772,planned_end,2021-06-30
NZ-1-ACT-0101772,actual_end,2025-10-22
NZ-1-ACT-0102464,planned_start,2022-07-01
NZ-1-ACT-0102464,actual_start,2021-04-13
NZ-1-ACT-0102464,planned_end,2024-11-29
NZ-1-ACT-0102464,actual_end,2024-11-08
NZ-1-ACT-0102733,planned_start,2022-03-25
NZ-1-ACT-0102733,actual_start,2022-02-01
NZ-1-ACT-0102733,planned_end,2024-10-31
NZ-1-ACT-0102733,actual_end,2024-11-07
NZ-1-ACT-0103028,planned_start,2023-05-12
NZ-1-ACT-0103028,actual_start,2023-05-12
NZ-1-ACT-0103028,planned_end,2029-01-31
NZ-1-ACT-0103397,planned_start,2023-01-18
NZ-1-ACT-0103397,actual_start,2023-05-23
NZ-1-ACT-0103397,planned_end,2024-01-31
NZ-1-ACT-0103397,actual_end,2024-12-19
NZ-1-ACT-0103441,planned_start,2025-06-12
NZ-1-ACT-0103441,actual_start,2025-06-09
NZ-1-ACT-0103441,planned_end,2026-12-01
NZ-1-ACT-0103755,planned_start,2027-01-31
NZ-1-ACT-0103755,actual_start,2026-04-10
NZ-1-ACT-0103755,planned_end,2031-03-31
NZ-1-ACT-0104008,planned_start,2024-06-30
NZ-1-ACT-0104008,actual_start,2024-06-20
NZ-1-ACT-0104008,planned_end,2024-07-31
NZ-1-ACT-0104008,actual_end,2026-01-16
NZ-1-ACT-0104120,planned_start,2024-05-20
NZ-1-ACT-0105057,planned_start,2026-06-15
NZ-1-ACT-0105057,actual_start,2026-06-17
NZ-1-ACT-0105057,planned_end,2027-09-30
NZ-1-ACT-0104126,planned_start,2025-07-01
NZ-1-ACT-0104126,actual_start,2025-06-18
NZ-1-ACT-0104126,planned_end,2030-06-30
NZ-1-ACT-0A10372,planned_start,2010-11-16
NZ-1-ACT-0A10372,actual_start,2010-11-16
NZ-1-ACT-0A10372,planned_end,2019-03-07
NZ-1-ACT-0A10372,actual_end,2019-03-07
NZ-1-ACT-0A11439,planned_start,2012-07-01
NZ-1-ACT-0A11439,actual_start,2013-03-27
NZ-1-ACT-0A11439,planned_end,2016-07-01
NZ-1-ACT-0A11439,actual_end,2017-09-29
NZ-1-ACT-0A11913,planned_start,2014-06-09
NZ-1-ACT-0A11913,actual_start,2014-06-09
NZ-1-ACT-0A11913,planned_end,2014-11-13
NZ-1-ACT-0A11913,actual_end,2014-11-13
NZ-1-ACT-0A12061,planned_start,2014-09-15
NZ-1-ACT-0A12061,actual_start,2014-09-15
NZ-1-ACT-0A12061,planned_end,2014-12-17
NZ-1-ACT-0A12061,actual_end,2014-12-17
NZ-1-ACT-0A11594,planned_start,2013-07-01
NZ-1-ACT-0A11594,actual_start,2013-10-04
NZ-1-ACT-0A11594,planned_end,2016-07-01
NZ-1-ACT-0A11594,actual_end,2015-06-30
NZ-1-ACT-0A12560,planned_start,2016-07-01
NZ-1-ACT-0A12560,actual_start,2016-06-29
NZ-1-ACT-0A12560,planned_end,2019-08-31
NZ-1-ACT-0A12560,actual_end,2019-07-08
NZ-1-ACT-0100035,planned_start,2018-06-28
NZ-1-ACT-0100035,actual_start,2018-10-19
NZ-1-ACT-0100035,planned_end,2027-03-31
NZ-1-ACT-0F12261,planned_start,2018-09-11
NZ-1-ACT-0F12261,actual_start,2016-03-24
NZ-1-ACT-0F12261,planned_end,2020-08-31
NZ-1-ACT-0F12261,actual_end,2021-10-18
NZ-1-ACT-0101770,planned_start,2020-03-20
NZ-1-ACT-0101770,actual_start,2020-03-27
NZ-1-ACT-0101770,planned_end,2022-07-31
NZ-1-ACT-0101794,planned_start,2020-03-27
NZ-1-ACT-0101794,actual_start,2020-04-07
NZ-1-ACT-0101794,planned_end,2021-12-31
NZ-1-ACT-0101794,actual_end,2026-02-24
NZ-1-ACT-0102481,planned_start,2021-03-28
NZ-1-ACT-0102481,actual_start,2021-05-07
NZ-1-ACT-0102481,planned_end,2022-02-01
NZ-1-ACT-0102481,actual_end,2024-09-16
NZ-1-ACT-0104120,actual_start,2024-05-07
NZ-1-ACT-0104120,planned_end,2025-09-01
NZ-1-ACT-0104120,actual_end,2025-09-22
NZ-1-ACT-0103908,planned_start,2024-06-20
NZ-1-ACT-0103908,actual_start,2024-05-01
NZ-1-ACT-0103908,planned_end,2027-06-30
NZ-1-ACT-0104449,planned_start,2024-09-20
NZ-1-ACT-0104449,actual_start,2024-09-23
NZ-1-ACT-0104449,planned_end,2027-12-31
NZ-1-ACT-0A10201,planned_start,2012-07-01
NZ-1-ACT-0A10201,actual_start,2010-02-17
NZ-1-ACT-0A10201,planned_end,2016-05-25
NZ-1-ACT-0A10201,actual_end,2016-05-25
NL-1-PPR-26891,planned_start,2014-10-27
NL-1-PPR-26891,actual_start,2014-01-01
NL-1-PPR-26891,planned_end,2018-06-30
NL-1-PPR-26891,actual_end,2017-11-23
GB-GOR-PB57-Ghana,planned_end,2026-03-31
GB-GOR-PB57-Ghana,actual_start,2024-04-01
GB-GOR-PB57-6,planned_end,2026-03-31
GB-GOR-PB57-6,planned_start,2024-04-01
GB-GOR-PB57-4,planned_end,2026-03-31
GB-GOR-PB57-4,actual_start,2024-04-01
GB-GOR-PB57-5,planned_end,2026-03-31
GB-GOR-PB57-5,actual_start,2024-04-01
GB-GOR-PB57-7,planned_end,2026-03-31
GB-GOR-PB57-7,actual_start,2024-04-01
GB-GOR-PB57-8,planned_end,2026-03-31
GB-GOR-PB57-8,actual_start,2024-04-01
GB-GOR-PB57-9,planned_end,2026-03-31
GB-GOR-PB57-9,actual_start,2024-04-01
KR-GOV-021-12ED00015,planned_start,2012-12-21
KR-GOV-021-12ED00015,planned_end,2012-12-31
KR-GOV-021-13ED00017,planned_start,2013-12-25
KR-GOV-021-13ED00017,planned_end,2013-12-27
KR-GOV-021-14ED00021,planned_start,2015-03-19
KR-GOV-021-14ED00021,planned_end,2017-12-31
KR-GOV-021-18ED00038,planned_start,2019-01-20
KR-GOV-021-18ED00038,planned_end,2022-01-20
KR-GOV-021-19ED00043,planned_start,2019-10-20
KR-GOV-021-19ED00043,planned_end,2022-10-20
KR-GOV-021-20ED00021,planned_start,2020-05-20
KR-GOV-021-20ED00021,planned_end,2021-05-20
KR-GOV-021-20ED00023,planned_start,2020-06-30
KR-GOV-021-20ED00023,planned_end,2021-12-31
KR-GOV-021-21ED00017,planned_end,2023-12-31
KR-GOV-021-20ED00026,planned_start,2020-10-26
KR-GOV-021-20ED00026,planned_end,2020-12-31
KR-GOV-021-20ED00029,planned_start,2020-12-21
KR-GOV-021-20ED00029,planned_end,2022-12-21
KR-GOV-021-20ED00032,planned_start,2021-01-01
KR-GOV-021-20ED00032,planned_end,2021-12-31
KR-GOV-021-20ED00033,planned_start,2020-12-10
KR-GOV-021-20ED00033,planned_end,2022-12-10
KR-GOV-021-20ED00045,planned_start,2020-12-29
KR-GOV-021-20ED00045,planned_end,2022-12-29
KR-GOV-021-21ED00001,planned_start,2023-07-01
KR-GOV-021-21ED00001,planned_end,2024-06-30
KR-GOV-021-21ED00012,planned_start,2020-01-01
KR-GOV-021-21ED00012,planned_end,2021-12-31
KR-GOV-021-21ED00015,planned_start,2021-12-30
KR-GOV-021-21ED00015,planned_end,2025-06-20
KR-GOV-021-21ED00017,planned_start,2020-01-01
KR-GOV-021-21ED00020,planned_start,2021-12-29
KR-GOV-021-21ED00020,planned_end,2022-06-30
KR-GOV-021-21ED00028,planned_start,2019-07-01
KR-GOV-021-21ED00028,planned_end,2022-10-31
KR-GOV-021-21ED00037,planned_start,2021-12-31
KR-GOV-021-21ED00037,planned_end,2023-12-31
KR-GOV-021-22ED00001,planned_start,2024-09-01
KR-GOV-021-22ED00001,planned_end,2025-03-31
KR-GOV-021-23ED00011,planned_start,2023-07-01
KR-GOV-021-23ED00011,planned_end,2023-12-31
KR-GOV-021-23ED00043,planned_start,2026-12-31
KR-GOV-021-23ED00043,planned_end,2030-12-31
KR-GOV-021-24ED00011,planned_start,2025-07-31
KR-GOV-021-24ED00011,planned_end,2025-12-31
KR-GOV-021-24ED00020,planned_start,2024-06-27
KR-GOV-021-24ED00020,planned_end,2024-06-30
KR-GOV-021-24ED00021,planned_start,2024-08-01
KR-GOV-021-24ED00021,planned_end,2026-12-31
KR-GOV-021-24ED00027,planned_start,2022-12-20
KR-GOV-021-24ED00027,planned_end,2024-12-31
KR-GOV-021-24ED00043,planned_start,2024-12-01
KR-GOV-021-24ED00043,planned_end,2026-12-31
KR-GOV-021-24ED00044,planned_start,2024-12-24
KR-GOV-021-24ED00044,planned_end,2026-12-24
NO-BRC-971277882-PAL-24/0005,planned_start,2024-01-01
NO-BRC-971277882-PAL-24/0005,actual_start,2024-05-20
NO-BRC-971277882-PAL-24/0005,planned_end,2025-12-31
NO-BRC-971277882-NPL-20/0002,planned_start,2022-01-01
NO-BRC-971277882-NPL-20/0002,actual_start,2022-12-02
NO-BRC-971277882-NPL-20/0002,planned_end,2025-12-31
NO-BRC-971277882-NPL-07/010,planned_start,2009-01-01
NO-BRC-971277882-NPL-07/010,actual_start,2009-11-27
NO-BRC-971277882-NPL-07/010,planned_end,2014-12-31
NO-BRC-971277882-NPL-07/010,actual_end,2025-01-13
NO-BRC-971277882-PAL-26/0002,planned_start,2026-01-01
NO-BRC-971277882-PAL-26/0002,actual_start,2026-04-30
NO-BRC-971277882-PAL-26/0002,planned_end,2026-12-31
NO-BRC-971277882-PAL-25/0011,planned_start,2025-01-01
NO-BRC-971277882-PAL-25/0011,actual_start,2025-07-30
NO-BRC-971277882-PAL-25/0011,planned_end,2025-12-31
BJ-IFU-6201000068802-RSG0123375-29295,planned_start,2016-11-29
BJ-IFU-6201000068802-RSG0123375-29295,actual_start,2017-12-15
BJ-IFU-6201000068802-RSG0123375-29295,planned_end,2021-06-30
BJ-IFU-6201200579608-RSG0123375-29295,planned_start,2016-11-29
BJ-IFU-6201200579608-RSG0123375-29295,actual_start,2018-01-05
BJ-IFU-6201200579608-RSG0123375-29295,planned_end,2022-06-30
CH-4-2024-2020010895,planned_start,2023-10-01
CH-4-2024-2020010895,actual_start,2023-10-01
CH-4-2024-2020010895,planned_end,2024-12-31
CH-4-2024-2018011172,planned_start,2019-01-01
CH-4-2024-2018011172,actual_start,2019-01-01
CH-4-2024-2018011172,planned_end,2024-12-31
CH-4-2024-2024000918,planned_start,2025-01-01
CH-4-2024-2024000918,actual_start,2025-01-01
CH-4-2024-2024000918,planned_end,2025-12-31
CH-4-2024-2023000533,planned_start,2025-01-01
CH-4-2024-2023000533,actual_start,2025-01-01
CH-4-2024-2023000533,planned_end,2025-12-31
CH-4-2023-2004006120,planned_start,2022-01-01
CH-4-2023-2004006120,actual_start,2022-01-01
CH-4-2023-2004006120,planned_end,2024-04-25
CH-4-2023-2020010895,planned_start,2023-10-01
CH-4-2023-2020010894,planned_start,2020-03-01
CH-4-2023-2020010894,actual_start,2020-03-01
CH-4-2023-2020010894,planned_end,2024-12-31
CH-4-2023-2020010895,actual_start,2023-10-01
CH-4-2023-2020010895,planned_end,2025-09-30
CH-4-2023-2023000533,planned_start,2023-02-01
CH-4-2023-2023000533,actual_start,2023-02-01
CH-4-2023-2023000533,planned_end,2026-01-31
CH-4-2023-2018011172,planned_start,2019-01-01
CH-4-2023-2018011172,actual_start,2019-01-01
CH-4-2023-2018011172,planned_end,2024-04-30
CH-4-2023-2023001248,planned_start,2021-06-20
CH-4-2023-2023001248,actual_start,2021-06-20
CH-4-2023-2023001248,planned_end,2024-12-31
CH-4-2025-2020010895,planned_start,2023-10-01
CH-4-2025-2020010895,actual_start,2023-10-01
CH-4-2025-2020010895,planned_end,2026-12-31
CH-4-2025-2020011220,planned_start,2025-11-18
CH-4-2025-2020011220,actual_start,2025-11-18
CH-4-2025-2020011220,planned_end,2029-12-14
CH-4-2025-2023000533,planned_start,2023-02-01
CH-4-2025-2023000533,actual_start,2023-02-01
CH-4-2025-2023000533,planned_end,2026-01-31
BJ-IFU-3200700033415-RSG0123375-29295,planned_start,2016-11-29
BJ-IFU-3200700033415-RSG0123375-29295,actual_start,2018-02-08
BJ-IFU-3200700033415-RSG0123375-29295,planned_end,2022-06-30
XM-DAC-69-1-2019000246,actual_start,2019-01-01
XM-DAC-69-3-2018000217,actual_start,2018-12-17
XM-DAC-69-3-2018000217,actual_end,2020-12-31
XM-DAC-69-3-2018000330,actual_start,2019-01-01
XM-DAC-69-3-2018000330,actual_end,2020-12-31
BJ-IFU-5200081145006-RSG0123375-29295,planned_start,2016-11-29
BJ-IFU-5200081145006-RSG0123375-29295,actual_start,2018-01-05
BJ-IFU-5200081145006-RSG0123375-29295,planned_end,2022-06-30
BJ-IFU-6200901945503-RSG0123375-29295,planned_start,2017-11-29
BJ-IFU-6200901945503-RSG0123375-29295,actual_start,2018-01-05
BJ-IFU-6200901945503-RSG0123375-29295,planned_end,2022-06-30
XM-DAC-41111-98569,planned_start,2009-02-28
XM-DAC-41111-98569,planned_end,2019-12-31
XM-DAC-41111-92034,planned_start,2016-01-01
XM-DAC-41111-92034,planned_end,2020-12-31
XM-DAC-41111-88100,planned_start,2016-01-01
XM-DAC-41111-88100,planned_end,2020-12-31
XM-DAC-41111-111465,planned_start,2018-01-01
XM-DAC-41111-111465,planned_end,2021-12-31
XM-DAC-41111-112392,planned_start,2019-01-01
XM-DAC-41111-112392,planned_end,2021-12-31
XM-DAC-41111-113154,planned_start,2018-01-01
XM-DAC-41111-113154,planned_end,2020-12-31
XM-DAC-41111-118133,planned_start,2019-01-01
XM-DAC-41111-118133,planned_end,2021-12-31
XM-DAC-41111-106347,planned_end,2021-12-31
XM-DAC-41111-114278,actual_start,2019-01-01
XM-DAC-41111-114278,planned_end,2023-12-31
XM-DAC-41111-76452,planned_start,2018-01-01
XM-DAC-41111-76452,planned_end,2019-12-31
XM-DAC-41111-95546,planned_start,2014-01-01
XM-DAC-41111-95546,planned_end,2021-12-31
XM-DAC-41111-106347,planned_start,2017-01-01
XM-DAC-41111-110521,planned_start,2018-01-01
XM-DAC-41111-110521,planned_end,2019-12-31
XM-DAC-41111-90703,planned_start,2014-01-01
XM-DAC-41111-90703,planned_end,2021-12-31
XM-DAC-41111-90014,planned_start,2014-01-01
XM-DAC-41111-90014,planned_end,2021-12-31
44000-P152064,actual_end,2018-03-31
44000-P155605,planned_end,2018-01-31
44000-P160594,planned_end,2021-03-31
44000-P146280,planned_start,2014-05-28
44000-P146280,actual_start,2014-05-15
44000-P146280,planned_end,2015-06-30
44000-P146280,actual_end,2015-06-30
44000-P147226,planned_start,2014-05-29
44000-P147226,actual_start,2014-05-29
44000-P147226,planned_end,2015-12-30
44000-P147226,actual_end,2015-12-30
44000-P155605,actual_end,2018-01-31
44000-P152064,planned_start,2015-09-23
44000-P152064,actual_start,2017-03-13
44000-P152064,planned_end,2018-03-31
44000-P155605,planned_start,2016-07-12
44000-P155605,actual_start,2017-01-31
44000-P160594,planned_start,2017-03-28
44000-P160594,actual_start,2019-11-14
44000-P160594,actual_end,2021-03-31
44000-P169524,planned_start,2020-03-26
44000-P169524,actual_start,2020-12-11
44000-P169524,planned_end,2021-12-31
44000-P169524,actual_end,2021-12-31
44000-P127754,planned_start,2013-01-22
44000-P127754,actual_start,2013-11-07
44000-P127754,planned_end,2014-03-31
44000-P127754,actual_end,2014-03-31
44000-P178202,planned_start,2022-12-14
44000-P178202,actual_start,2023-03-16
44000-P178202,planned_end,2024-12-31
44000-P178202,actual_end,2024-12-31
44000-P180679,planned_start,2024-03-18
44000-P180679,actual_start,2025-02-12
44000-P180679,planned_end,2026-12-31
44000-P180679,actual_end,2026-12-31
44000-P179849,actual_end,2025-03-31
44000-P179849,planned_start,2024-04-24
44000-P179849,actual_start,2024-04-24
44000-P179849,planned_end,2025-03-31
44000-P169624,planned_start,2019-10-29
44000-P169624,actual_start,2019-11-21
44000-P169624,planned_end,2020-12-31
44000-P169624,actual_end,2020-12-31
44000-P168446,planned_end,2020-05-31
44000-P168446,planned_start,2019-06-20
44000-P168446,actual_start,2019-06-20
44000-P168446,actual_end,2020-05-31
44000-P143040,planned_start,2014-09-25
44000-P143040,actual_start,2014-11-12
44000-P143040,planned_end,2015-03-31
44000-P143040,actual_end,2015-03-31
44000-P176137,planned_start,2021-06-24
44000-P176137,actual_start,2021-06-24
44000-P176137,planned_end,2022-06-30
44000-P176137,actual_end,2022-06-30
44000-P174234,planned_start,2020-07-15
44000-P174234,actual_start,2020-07-09
44000-P174234,planned_end,2020-12-31
44000-P174234,actual_end,2020-12-31
44000-P508569,planned_start,2026-03-30
44000-P508569,actual_start,2026-03-30
44000-P508569,planned_end,2027-09-30
44000-P508569,actual_end,2027-09-30
44000-P164882,planned_start,2018-01-22
44000-P164882,actual_start,2018-06-14
44000-P164882,planned_end,2019-05-15
44000-P164882,actual_end,2019-05-15
44000-P176278,planned_end,2024-03-29
44000-P176278,planned_start,2021-09-30
44000-P176278,actual_start,2023-03-24
44000-P176278,actual_end,2024-03-29
44000-P160544,planned_start,2017-03-30
44000-P160544,actual_start,2017-06-13
44000-P160544,planned_end,2018-06-22
44000-P160544,actual_end,2018-06-22
44000-P168336,planned_start,2021-03-16
44000-P168336,actual_start,2021-03-16
44000-P168336,planned_end,2021-12-31
44000-P168336,actual_end,2021-12-31
44000-P179513,planned_start,2024-05-27
44000-P179513,actual_start,2024-09-30
44000-P179513,planned_end,2026-12-31
44000-P179513,actual_end,2026-12-31
44000-P172211,planned_start,2020-06-18
44000-P172211,actual_start,2020-05-07
44000-P172211,planned_end,2021-06-30
44000-P172211,actual_end,2021-06-30
44000-P511848,actual_end,2028-06-30
44000-P511848,planned_end,2028-06-30
44000-P511848,planned_start,2026-03-05
44000-P511848,actual_start,2026-03-05
44000-P179512,planned_start,2023-07-20
44000-P179512,actual_start,2023-06-30
44000-P179512,planned_end,2024-06-30
44000-P179512,actual_end,2024-06-30
44000-P153234,planned_end,2016-11-30
44000-P153234,planned_start,2015-11-16
44000-P153234,actual_start,2015-12-09
44000-P153234,actual_end,2016-11-30
44000-P175492,planned_end,2022-06-30
44000-P175492,actual_end,2022-06-30
44000-P175492,planned_start,2021-06-24
44000-P175492,actual_start,2021-06-24
44000-P179112,planned_start,2023-02-28
44000-P179112,actual_start,2023-01-10
44000-P179112,planned_end,2024-03-30
44000-P179112,actual_end,2024-03-30
44000-P507916,planned_start,2025-04-10
44000-P507916,actual_start,2025-04-10
44000-P507916,planned_end,2028-04-30
44000-P507916,actual_end,2028-04-30
44000-P153243,planned_start,2015-04-30
44000-P153243,actual_start,2015-06-30
44000-P153243,planned_end,2016-12-31
44000-P153243,actual_end,2016-12-31
44000-P166564,planned_start,2018-10-31
44000-P166564,actual_start,2019-07-16
44000-P166564,planned_end,2020-12-01
44000-P166564,actual_end,2020-12-01
44000-P169983,planned_start,2022-02-01
44000-P169983,actual_start,2022-03-25
44000-P169983,planned_end,2023-06-30
44000-P169983,actual_end,2023-06-30
44000-P167889,planned_start,2018-08-28
44000-P167889,actual_start,2018-11-01
44000-P167889,planned_end,2020-01-31
44000-P167889,actual_end,2020-01-31
44000-P168713,planned_start,2019-06-18
44000-P168713,actual_start,2019-07-11
44000-P168713,planned_end,2020-06-30
44000-P168713,actual_end,2020-06-30
44000-P180544,planned_start,2024-10-01
44000-P180544,actual_start,2025-01-29
44000-P180544,planned_end,2026-06-30
44000-P180544,actual_end,2026-06-30
44000-P150941,planned_start,2014-11-25
44000-P150941,actual_start,2015-01-13
44000-P150941,planned_end,2015-12-31
44000-P150941,actual_end,2015-12-31
44000-P509552,planned_start,2025-04-11
44000-P509552,actual_start,2025-04-11
44000-P509552,planned_end,2026-12-31
44000-P509552,actual_end,2026-12-31
44000-P149768,planned_start,2014-12-18
44000-P149768,actual_start,2017-03-23
44000-P149768,planned_end,2018-03-31
44000-P149768,actual_end,2018-03-31
44000-P175191,planned_start,2021-06-30
44000-P175191,actual_start,2023-03-20
44000-P175191,planned_end,2024-03-31
44000-P175191,actual_end,2024-03-31
44000-P170934,planned_start,2020-03-31
44000-P170934,actual_start,2020-06-05
44000-P170934,planned_end,2021-06-30
44000-P170934,actual_end,2021-06-30
44000-P166298,actual_end,2020-06-30
44000-P146640,planned_start,2013-12-05
44000-P146640,actual_start,2013-12-05
44000-P146640,planned_end,2014-06-30
44000-P146640,actual_end,2014-06-30
44000-P174315,planned_start,2020-09-24
44000-P174315,actual_start,2020-12-15
44000-P174315,planned_end,2021-12-31
44000-P174315,actual_end,2021-12-31
44000-P151275,planned_start,2014-11-25
44000-P151275,actual_start,2015-04-02
44000-P151275,planned_end,2015-12-31
44000-P151275,actual_end,2015-12-31
44000-P166298,planned_start,2018-07-31
44000-P166298,actual_start,2019-04-24
44000-P166298,planned_end,2020-06-30
44000-P146740,planned_start,2014-02-20
44000-P146740,actual_start,2014-10-03
44000-P146740,planned_end,2015-12-31
44000-P146740,actual_end,2015-12-31
44000-P173529,planned_start,2021-03-31
44000-P157060,planned_start,2016-11-22
44000-P157060,actual_start,2016-12-20
44000-P157060,planned_end,2019-06-30
44000-P157060,actual_end,2019-06-30
44000-P173529,actual_start,2021-12-06
44000-P173529,planned_end,2022-12-31
44000-P173529,actual_end,2022-12-31
44000-P163283,planned_start,2017-11-06
44000-P163283,actual_start,2017-12-14
44000-P163283,planned_end,2019-06-30
44000-P163283,actual_end,2019-06-30
44000-P132786,planned_start,2013-11-05
44000-P132786,actual_start,2014-03-11
44000-P132786,planned_end,2014-12-31
44000-P132786,actual_end,2014-12-31
44000-P146665,planned_start,2015-03-17
44000-P146665,actual_start,2015-03-17
44000-P146665,planned_end,2016-06-30
44000-P146665,actual_end,2016-06-30
44000-P166115,planned_start,2018-11-27
44000-P166115,actual_start,2018-08-30
44000-P166115,planned_end,2019-06-30
44000-P166115,actual_end,2019-06-30
44000-P168668,planned_start,2019-10-31
44000-P168668,actual_start,2019-12-12
44000-P168668,planned_end,2020-12-31
44000-P168668,actual_end,2020-12-31
44000-P505490,actual_start,2025-07-29
44000-P505490,planned_start,2025-07-30
44000-P505490,planned_end,2028-11-01
44000-P505490,actual_end,2028-11-01
44000-P172749,planned_start,2020-11-17
44000-P172749,actual_start,2020-12-16
44000-P172749,planned_end,2021-12-31
44000-P172749,actual_end,2021-12-31
44000-P505866,planned_start,2025-05-16
44000-P505866,actual_start,2025-05-16
44000-P505866,planned_end,2026-12-31
44000-P505866,actual_end,2026-12-31
44000-P150751,planned_start,2014-08-19
44000-P150751,actual_start,2015-02-24
44000-P150751,planned_end,2016-07-15
44000-P150751,actual_end,2016-07-15
44000-P176513,planned_start,2021-12-02
44000-P176513,actual_start,2021-12-16
44000-P176513,planned_end,2022-12-31
44000-P176513,actual_end,2022-12-31
44000-P507322,planned_start,2025-03-18
44000-P507322,actual_start,2025-03-18
44000-P507322,planned_end,2026-12-31
44000-P507322,actual_end,2026-12-31
44000-P178042,planned_start,2022-10-31
44000-P178042,actual_start,2022-09-21
44000-P178042,planned_end,2023-09-30
44000-P178042,actual_end,2023-09-30
44000-P180286,planned_start,2023-09-29
44000-P180286,actual_start,2023-09-15
44000-P180286,planned_end,2027-12-31
44000-P180286,actual_end,2027-12-31
44000-P181457,planned_start,2024-10-31
44000-P181457,actual_start,2024-10-31
44000-P181457,planned_end,2025-12-31
44000-P181457,actual_end,2025-12-31
44000-P510638,planned_start,2026-02-27
44000-P510638,actual_start,2026-02-27
44000-P510638,planned_end,2027-07-31
44000-P510638,actual_end,2027-07-31
44000-P181501,planned_start,2024-05-30
44000-P181501,actual_start,2024-08-27
44000-P181501,planned_end,2026-12-31
44000-P181501,actual_end,2026-12-31
44000-P175490,planned_start,2021-03-25
44000-P175490,actual_start,2021-05-25
44000-P175490,planned_end,2022-06-30
44000-P175490,actual_end,2022-06-30
44000-P172455,planned_start,2020-03-24
44000-P172455,actual_start,2020-12-11
44000-P172455,planned_end,2022-12-30
44000-P172455,actual_end,2022-12-30
44000-P509756,planned_start,2025-12-16
44000-P157469,planned_start,2016-12-20
44000-P157469,actual_start,2016-12-21
44000-P157469,planned_end,2018-06-30
44000-P157469,actual_end,2018-06-30
44000-P509756,actual_start,2025-12-16
44000-P509756,planned_end,2026-12-31
44000-P509756,actual_end,2026-12-31
44000-P178635,planned_start,2023-06-01
44000-P178635,actual_start,2023-08-22
44000-P178635,planned_end,2024-06-30
44000-P178635,actual_end,2024-06-30
44000-P509816,planned_end,2027-08-31
44000-P177712,actual_end,2023-06-30
44000-P509816,planned_start,2026-04-01
44000-P509816,actual_start,2026-04-01
44000-P509816,actual_end,2027-08-31
44000-P147984,actual_start,2014-07-30
44000-P147984,planned_start,2014-05-13
44000-P147984,actual_end,2016-01-31
44000-P179182,planned_start,2023-10-26
44000-P179182,actual_start,2023-11-16
44000-P179182,planned_end,2024-12-31
44000-P179182,actual_end,2024-12-31
44000-P173008,planned_start,2020-06-16
44000-P177712,planned_start,2022-06-20
44000-P177712,actual_start,2022-06-21
44000-P177712,planned_end,2023-06-30
44000-P147806,planned_start,2014-10-15
44000-P147806,actual_start,2015-06-17
44000-P147806,planned_end,2016-03-31
44000-P147806,actual_end,2016-03-31
44000-P173008,actual_start,2020-05-12
44000-P173008,planned_end,2023-06-30
44000-P173008,actual_end,2023-06-30
44000-P500536,planned_start,2024-12-11
44000-P500536,actual_start,2024-12-11
44000-P500536,planned_end,2027-12-31
44000-P500536,actual_end,2027-12-31
44000-P171780,planned_start,2020-03-31
44000-P171780,actual_start,2020-04-23
44000-P171780,planned_end,2021-06-30
44000-P171780,actual_end,2021-06-30
44000-P168166,planned_start,2019-03-28
44000-P168166,actual_start,2019-06-21
44000-P168166,planned_end,2020-06-30
44000-P168166,actual_end,2020-06-30
44000-P175758,planned_start,2021-06-21
44000-P175758,actual_start,2021-06-23
44000-P175758,planned_end,2022-06-30
44000-P175758,actual_end,2022-06-30
44000-P176810,planned_start,2022-04-20
44000-P176810,actual_start,2023-06-16
44000-P176810,planned_end,2024-06-30
44000-P176810,actual_end,2024-06-30
44000-P147913,planned_start,2013-12-12
44000-P147913,actual_start,2013-12-05
44000-P147913,planned_end,2015-07-31
44000-P147913,actual_end,2015-07-31
44000-P148083,planned_start,2014-05-22
44000-P148083,actual_start,2014-06-27
44000-P148083,planned_end,2015-12-31
44000-P148083,actual_end,2015-12-31
44000-P175934,planned_start,2021-03-25
44000-P175934,actual_start,2021-06-11
44000-P175934,planned_end,2022-12-31
44000-P175934,actual_end,2022-12-31
44000-P146981,planned_start,2014-03-14
44000-P146981,actual_start,2015-12-21
44000-P146981,planned_end,2017-08-31
44000-P146981,actual_end,2017-08-31
44000-P153203,planned_start,2015-05-29
44000-P153203,actual_start,2015-12-03
44000-P153203,planned_end,2017-07-31
44000-P153203,actual_end,2017-07-31
44000-P126749,planned_start,2012-03-28
44000-P126749,actual_start,2013-06-14
44000-P126749,planned_end,2014-12-31
44000-P126749,actual_end,2014-12-31
44000-P506321,actual_end,2027-02-26
44000-P505235,planned_start,2025-04-29
44000-P505235,actual_start,2025-04-29
44000-P505235,planned_end,2026-12-31
44000-P505235,actual_end,2026-12-31
44000-P147984,planned_end,2016-01-31
44000-P147695,planned_start,2013-12-04
44000-P147695,actual_start,2013-11-21
44000-P147695,planned_end,2016-01-31
44000-P147695,actual_end,2016-01-31
44000-P506861,planned_start,2025-08-28
44000-P506861,actual_start,2025-08-28
44000-P506861,planned_end,2027-12-31
44000-P506861,actual_end,2027-12-31
44000-P126351,planned_end,2014-12-31
44000-P126351,planned_start,2012-01-10
44000-P126351,actual_start,2012-06-28
44000-P126351,actual_end,2014-12-31
44000-P506321,planned_start,2025-04-29
44000-P506321,actual_start,2025-04-29
44000-P506321,planned_end,2027-02-26
44000-P129652,planned_start,2013-02-21
44000-P129652,actual_start,2013-05-21
44000-P129652,planned_end,2014-12-31
44000-P129652,actual_end,2014-12-31
44000-P178729,planned_start,2022-05-18
44000-P178729,actual_start,2022-06-16
44000-P178729,planned_end,2024-12-31
44000-P178729,actual_end,2024-12-31
44000-P512526,planned_start,2026-03-20
44000-P512526,actual_start,2026-03-20
44000-P512526,planned_end,2027-02-26
44000-P512526,actual_end,2027-02-26
44000-P168035,planned_start,2018-12-13
44000-P168035,actual_start,2019-05-06
44000-P168035,planned_end,2021-05-31
44000-P168035,actual_end,2021-05-31
44000-P132768,planned_start,2013-07-18
44000-P132768,actual_start,2013-06-25
44000-P132768,planned_end,2014-09-30
44000-P132768,actual_end,2014-09-30
44000-P164588,planned_end,2021-12-31
44000-P164588,actual_end,2021-12-31
44000-P164588,planned_start,2018-04-17
44000-P164588,actual_start,2019-05-24
44000-P168474,planned_start,2020-05-11
44000-P168474,actual_start,2020-09-01
44000-P168474,planned_end,2021-12-31
44000-P168474,actual_end,2021-12-31
44000-P500614,planned_start,2025-03-27
44000-P500614,actual_start,2025-03-27
44000-P500614,planned_end,2026-12-31
44000-P500614,actual_end,2026-12-31
44000-P177632,planned_start,2022-04-13
44000-P177632,actual_start,2022-04-28
44000-P177632,planned_end,2024-12-31
44000-P177632,actual_end,2024-12-31
44000-P164442,planned_start,2017-10-24
44000-P164442,actual_start,2018-04-12
44000-P164442,planned_end,2019-07-31
44000-P164442,actual_end,2019-07-31
44000-P147979,planned_start,2014-03-20
44000-P147979,actual_start,2014-05-23
44000-P147979,planned_end,2016-01-31
44000-P147979,actual_end,2016-01-31
44000-P180497,planned_start,2023-09-14
44000-P180497,actual_start,2024-03-28
44000-P180497,planned_end,2025-12-31
44000-P180497,actual_end,2025-12-31
44000-P178614,planned_start,2022-11-30
44000-P178614,actual_start,2022-12-16
44000-P178614,planned_end,2023-12-19
44000-P178614,actual_end,2023-12-19
44000-P180093,planned_start,2023-11-15
44000-P180093,actual_start,2023-12-15
44000-P180093,planned_end,2024-12-31
44000-P180093,actual_end,2024-12-31
44000-P180398,planned_start,2024-11-29
44000-P180398,actual_start,2025-06-20
44000-P180398,planned_end,2026-12-31
44000-P180398,actual_end,2026-12-31
44000-P178481,planned_start,2024-06-21
44000-P178481,actual_start,2024-06-21
44000-P178481,planned_end,2025-06-30
44000-P178481,actual_end,2025-06-30
44000-P179079,planned_start,2022-12-21
44000-P179079,actual_start,2023-04-27
44000-P179079,planned_end,2024-06-30
44000-P179079,actual_end,2024-06-30
44000-P180439,planned_start,2023-05-31
44000-P180439,actual_start,2024-12-19
44000-P180439,actual_end,2026-01-15
44000-P511201,planned_start,2025-06-20
44000-P511201,actual_start,2025-06-20
44000-P511201,planned_end,2026-06-30
44000-P511201,actual_end,2026-06-30
44000-P154213,planned_end,2016-12-30
44000-P154213,planned_start,2015-05-29
44000-P154213,actual_start,2015-11-16
44000-P154213,actual_end,2016-12-30
44000-P167190,planned_start,2018-11-29
44000-P167190,actual_start,2018-12-12
44000-P167190,planned_end,2019-06-27
44000-P167190,actual_end,2019-06-27
44000-P155259,planned_start,2015-08-27
44000-P155259,actual_start,2015-09-29
44000-P155259,planned_end,2016-06-30
44000-P155259,actual_end,2016-06-30
44000-P168724,planned_start,2019-12-19
44000-P168724,actual_start,2020-06-19
44000-P168724,planned_end,2020-12-15
44000-P168724,actual_end,2020-12-15
44000-P168725,actual_end,2022-04-30
44000-P168725,planned_start,2021-03-30
44000-P168725,actual_start,2021-03-26
44000-P168725,planned_end,2022-04-30
44000-P166388,planned_start,2018-12-11
44000-P166388,actual_start,2018-12-11
44000-P166388,planned_end,2020-06-30
44000-P166388,actual_end,2020-06-30
44000-P143781,actual_end,2015-06-30
44000-P127449,planned_start,2012-07-12
44000-P127449,actual_start,2013-08-30
44000-P127449,planned_end,2013-12-31
44000-P127449,actual_end,2013-12-31
44000-P178064,planned_start,2022-09-15
44000-P178064,actual_start,2022-12-08
44000-P178064,planned_end,2023-12-31
44000-P178064,actual_end,2023-12-31
44000-P169828,planned_start,2019-12-02
44000-P169828,actual_start,2020-03-31
44000-P169828,planned_end,2023-06-30
44000-P169828,actual_end,2023-06-30
44000-P143781,planned_start,2013-12-17
44000-P143781,actual_start,2014-12-04
44000-P143781,planned_end,2015-06-30
44000-P158463,planned_start,2016-11-17
44000-P158463,actual_start,2016-12-15
44000-P158463,planned_end,2019-06-30
44000-P158463,actual_end,2019-06-30
44000-P510901,planned_end,2027-11-30
44000-P510901,planned_start,2026-06-05
44000-P510901,actual_start,2026-06-05
44000-P510901,actual_end,2027-11-30
44000-P163284,planned_start,2017-10-31
44000-P163284,actual_start,2017-12-05
44000-P163284,planned_end,2020-06-30
44000-P163284,actual_end,2020-06-30
44000-P174892,planned_start,2021-12-03
44000-P174892,actual_start,2022-03-31
44000-P174892,planned_end,2023-05-31
44000-P174892,actual_end,2023-05-31
44000-P179006,planned_start,2023-11-03
44000-P179006,actual_start,2023-12-08
44000-P179006,planned_end,2024-12-31
44000-P179006,actual_end,2024-12-31
44000-P174110,planned_start,2020-07-27
44000-P174110,actual_start,2021-02-16
44000-P174110,planned_end,2021-12-31
44000-P174110,actual_end,2021-12-31
44000-P180439,planned_end,2026-01-15
44000-P177460,planned_start,2022-07-05
44000-P177460,actual_start,2022-06-23
44000-P177460,planned_end,2023-06-30
44000-P177460,actual_end,2023-06-30
44000-P179141,planned_start,2023-02-22
44000-P179141,actual_start,2023-03-28
44000-P179141,planned_end,2024-06-30
44000-P179141,actual_end,2024-06-30
44000-P180234,planned_start,2024-12-05
44000-P180234,actual_start,2024-12-05
44000-P180234,planned_end,2025-12-31
44000-P180234,actual_end,2025-12-31
44000-P507861,planned_start,2025-05-22
44000-P507861,actual_start,2025-05-22
44000-P507861,planned_end,2026-05-29
44000-P507861,actual_end,2026-05-29
44000-P174754,planned_start,2021-08-31
44000-P174754,actual_start,2021-12-06
44000-P174754,planned_end,2022-12-31
44000-P174754,actual_end,2022-12-31
44000-P165631,planned_start,2018-06-20
44000-P165631,actual_start,2019-06-05
44000-P165631,planned_end,2020-06-30
44000-P165631,actual_end,2020-06-30
44000-P147015,actual_start,2015-06-16
44000-P147015,planned_start,2014-07-22
44000-P147015,planned_end,2015-12-31
44000-P147015,actual_end,2015-12-31
44000-P181310,actual_end,2025-12-30
44000-P160628,planned_start,2017-02-20
44000-P160628,actual_start,2019-06-05
44000-P160628,planned_end,2022-06-30
44000-P160628,actual_end,2022-06-30
44000-P181310,planned_start,2024-11-15
44000-P181310,actual_start,2024-12-12
44000-P181310,planned_end,2025-12-30
44000-P127411,planned_start,2010-11-30
44000-P127411,actual_start,2014-04-22
44000-P127411,planned_end,2014-12-31
44000-P127411,actual_end,2014-12-31
44000-P111926,planned_end,2017-10-30
44000-P111926,actual_end,2017-10-30
44000-P111926,planned_start,2008-09-30
44000-P111926,actual_start,2008-09-16
44000-P176148,planned_start,2022-10-14
44000-P176148,actual_start,2022-11-17
44000-P176148,planned_end,2026-02-15
44000-P176148,actual_end,2026-02-15
44000-P171912,planned_end,2021-06-30
44000-P171912,planned_start,2020-03-26
44000-P171912,actual_start,2020-06-26
44000-P171080,planned_start,2020-03-19
44000-P171080,actual_start,2020-08-07
44000-P171080,planned_end,2021-07-07
44000-P171080,actual_end,2021-07-07
44000-P174786,planned_start,2021-01-21
44000-P174786,actual_start,2021-06-29
44000-P174786,planned_end,2022-08-31
44000-P174786,actual_end,2022-08-31
44000-P177029,planned_start,2022-06-15
44000-P177029,actual_start,2023-06-16
44000-P177029,planned_end,2025-09-30
44000-P177029,actual_end,2025-09-30
44000-P179861,planned_start,2023-02-23
44000-P179861,actual_start,2023-03-23
44000-P179861,planned_end,2029-03-24
44000-P179861,actual_end,2029-03-24
44000-P181372,planned_start,2024-04-30
44000-P181372,actual_start,2024-11-25
44000-P181372,planned_end,2027-12-30
44000-P181372,actual_end,2027-12-30
44000-P508347,planned_start,2025-09-30
44000-P508347,actual_start,2025-09-30
44000-P508347,planned_end,2027-02-26
44000-P508347,actual_end,2027-02-26
44000-P179265,planned_start,2023-12-11
44000-P179265,actual_start,2023-12-11
44000-P179265,planned_end,2024-12-31
44000-P179265,actual_end,2024-12-31
44000-P145605,planned_start,2013-08-29
44000-P145605,actual_start,2013-09-06
44000-P145605,planned_end,2014-12-31
44000-P145605,actual_end,2014-12-31
44000-P154821,planned_start,2015-10-06
44000-P154821,actual_start,2015-12-08
44000-P154821,planned_end,2017-06-30
44000-P154821,actual_end,2017-06-30
44000-P174927,planned_start,2021-01-21
44000-P158739,planned_end,2018-03-30
44000-P174927,actual_start,2021-03-18
44000-P174927,planned_end,2021-12-31
44000-P174927,actual_end,2021-12-31
44000-P175847,planned_start,2022-04-21
44000-P175847,actual_start,2022-06-03
44000-P175847,planned_end,2023-03-31
44000-P175847,actual_end,2023-03-31
44000-P177807,planned_start,2022-06-17
44000-P176505,planned_start,2021-06-15
44000-P176505,actual_start,2021-11-11
44000-P176505,planned_end,2023-11-15
44000-P176505,actual_end,2023-11-15
44000-P158739,planned_start,2016-12-01
44000-P158739,actual_start,2017-03-16
44000-P158739,actual_end,2018-03-30
44000-P177807,actual_start,2022-06-03
44000-P177807,planned_end,2028-05-05
44000-P177807,actual_end,2028-05-05
44000-P508114,planned_start,2025-04-02
44000-P508114,actual_start,2025-04-02
44000-P508114,planned_end,2026-06-30
44000-P508114,actual_end,2026-06-30
44000-P170728,planned_start,2019-12-27
44000-P170728,actual_start,2020-02-27
44000-P170728,planned_end,2021-12-31
44000-P170728,actual_end,2021-12-31
44000-P163657,planned_end,2018-12-31
44000-P149609,planned_start,2014-11-03
44000-P149609,actual_start,2014-12-12
44000-P149609,planned_end,2017-06-30
44000-P149609,actual_end,2017-06-30
44000-P163657,planned_start,2017-11-22
44000-P163657,actual_end,2018-12-31
44000-P163657,actual_start,2017-12-20
44000-P150475,planned_start,2015-04-27
44000-P150475,actual_start,2015-09-30
44000-P150475,planned_end,2016-10-31
44000-P150475,actual_end,2016-10-31
44000-P174118,planned_start,2020-06-15
44000-P174118,actual_start,2020-06-26
44000-P174118,planned_end,2021-06-30
44000-P174118,actual_end,2021-06-30
44000-P180566,planned_start,2023-06-22
44000-P180566,actual_start,2023-06-14
44000-P180566,planned_end,2024-06-15
44000-P180566,actual_end,2024-06-15
44000-P181080,planned_start,2024-03-25
44000-P181080,actual_start,2024-03-28
44000-P181080,planned_end,2025-04-30
44000-P181080,actual_end,2025-04-30
44000-P161642,planned_start,2017-07-06
44000-P161642,actual_start,2017-12-14
44000-P161642,planned_end,2018-12-31
44000-P161642,actual_end,2018-12-31
44000-P126583,actual_end,2021-07-10
44000-P173424,planned_start,2021-02-15
44000-P173424,actual_start,2020-09-30
44000-P173424,planned_end,2022-03-31
44000-P173424,actual_end,2022-03-31
44000-P180033,planned_start,2022-12-16
44000-P180033,actual_start,2022-12-19
44000-P180033,planned_end,2023-12-31
44000-P180033,actual_end,2023-12-31
44000-P126583,planned_start,2012-04-17
44000-P126583,actual_start,2012-07-10
44000-P126583,planned_end,2021-07-10
44000-P145766,planned_end,2015-12-31
44000-P145766,planned_start,2014-07-08
44000-P145766,actual_start,2014-12-12
44000-P145766,actual_end,2015-12-31
44000-P166694,planned_start,2018-11-15
44000-P166694,actual_start,2019-08-28
44000-P166694,planned_end,2020-08-31
44000-P166694,actual_end,2020-08-31
44000-P175801,planned_start,2021-07-15
44000-P175801,actual_start,2021-09-23
44000-P175801,planned_end,2023-01-30
44000-P175801,actual_end,2023-01-30
44000-P180927,planned_start,2024-06-20
44000-P180927,actual_start,2025-02-20
44000-P180927,planned_end,2026-04-26
44000-P180927,actual_end,2026-04-26
44000-P168332,planned_start,2019-10-30
44000-P168332,actual_start,2021-04-19
44000-P168332,planned_end,2022-02-28
44000-P168332,actual_end,2022-02-28
44000-P158520,planned_start,2016-10-18
44000-P158520,actual_start,2016-12-08
44000-P158520,planned_end,2017-12-31
44000-P158520,actual_end,2017-12-31
44000-P176650,actual_end,2025-06-15
44000-P176650,planned_start,2021-12-09
44000-P176650,actual_start,2021-12-17
44000-P176650,planned_end,2025-06-15
44000-P175249,planned_start,2021-10-14
44000-P175249,actual_start,2022-12-19
44000-P175249,planned_end,2023-06-30
44000-P175249,actual_end,2023-06-30
44000-P171912,actual_end,2021-06-30
44000-P162858,planned_start,2017-12-15
44000-P162858,actual_start,2019-05-21
44000-P162858,planned_end,2020-05-21
44000-P162858,actual_end,2020-05-21
44000-P180017,planned_end,2026-12-31
44000-P180017,planned_start,2025-03-14
44000-P180017,actual_start,2025-03-14
44000-P180017,actual_end,2026-12-31
44000-P176788,planned_end,2023-03-24
44000-P176788,planned_start,2021-11-08
44000-P176788,actual_start,2022-03-24
44000-P176788,actual_end,2023-03-24
44000-P181256,actual_end,2028-03-01
44000-P181256,planned_start,2024-03-01
44000-P181256,actual_start,2025-02-06
44000-P181256,planned_end,2028-03-01
44000-P175126,planned_start,2021-05-03
44000-P175126,actual_start,2021-05-17
44000-P175126,planned_end,2022-06-30
44000-P175126,actual_end,2022-06-30
44000-P130972,planned_start,2012-12-13
44000-P130972,actual_start,2012-12-13
44000-P130972,planned_end,2013-06-30
44000-P130972,actual_end,2013-06-30
44000-P169822,planned_start,2019-06-11
44000-P169822,planned_end,2019-12-31
44000-P169822,actual_end,2019-12-31
44000-P171190,planned_start,2020-05-19
44000-P171190,actual_start,2020-05-07
44000-P171190,planned_end,2020-12-31
44000-P171190,actual_end,2020-12-31
44000-P180319,planned_end,2024-12-31
44000-P180319,actual_end,2024-12-31
44000-P174115,planned_start,2020-10-20
44000-P174115,actual_start,2020-11-24
44000-P174115,planned_end,2021-12-31
44000-P174115,actual_end,2021-12-31
44000-P176983,planned_start,2022-03-31
44000-P176983,actual_start,2022-02-01
44000-P176983,planned_end,2023-01-31
44000-P176983,actual_end,2023-01-31
44000-P178636,planned_start,2022-10-14
44000-P178636,actual_start,2022-12-06
44000-P178636,planned_end,2023-12-15
44000-P178636,actual_end,2023-12-15
44000-P180319,planned_start,2023-07-31
44000-P180319,actual_start,2023-08-04
44000-P169822,actual_start,2019-06-11
44000-P505747,planned_start,2024-07-31
44000-P505747,actual_start,2024-07-31
44000-P505747,planned_end,2025-12-31
44000-P505747,actual_end,2025-12-31
44000-P164079,actual_start,2017-12-05
44000-P164079,planned_start,2017-12-05
44000-P164079,planned_end,2019-06-30
44000-P164079,actual_end,2019-06-30
44000-P510158,planned_start,2025-11-27
44000-P510158,actual_start,2025-11-26
44000-P510158,planned_end,2028-12-31
44000-P510158,actual_end,2028-12-31
44000-P512397,planned_start,2025-11-26
44000-P512397,actual_start,2025-11-26
44000-P512397,planned_end,2026-12-31
44000-P512397,actual_end,2026-12-31
44000-P171311,planned_start,2019-12-05
44000-P171311,actual_start,2021-10-26
44000-P171311,planned_end,2023-03-31
44000-P171311,actual_end,2023-03-31
44000-P504910,planned_start,2024-06-21
44000-P504910,actual_start,2024-06-21
44000-P504910,planned_end,2025-12-01
44000-P504910,actual_end,2025-12-01
44000-P514501,planned_start,2026-05-08
44000-P514501,actual_start,2026-05-07
44000-P514501,planned_end,2027-07-31
44000-P514501,actual_end,2027-07-31
44000-P155425,planned_start,2015-12-07
44000-P155425,actual_start,2015-11-04
44000-P155425,planned_end,2017-06-30
44000-P155425,actual_end,2017-06-30
44000-P173558,planned_start,2020-12-29
44000-P173558,actual_start,2021-03-25
44000-P173558,planned_end,2027-03-24
44000-P173558,actual_end,2027-03-24
44000-P159774,planned_start,2016-06-24
44000-P159774,actual_start,2016-06-30
44000-P159774,planned_end,2017-06-30
44000-P159774,actual_end,2017-06-30
44000-P159351,planned_start,2017-04-27
44000-P159351,actual_start,2017-09-28
44000-P159351,planned_end,2021-02-28
44000-P159351,actual_end,2021-02-28
44000-P500609,planned_start,2024-06-21
44000-P500609,actual_start,2024-06-21
44000-P500609,planned_end,2027-07-15
44000-P500609,actual_end,2027-07-15
44000-P168402,planned_start,2019-05-28
44000-P168402,actual_start,2019-11-07
44000-P168402,planned_end,2020-11-07
44000-P168402,actual_end,2020-11-07
44000-P175874,planned_end,2023-09-30
44000-P174145,planned_start,2020-05-29
44000-P174145,actual_start,2020-06-26
44000-P174145,planned_end,2021-03-31
44000-P174145,actual_end,2021-03-31
44000-P175874,planned_start,2021-03-31
44000-P175874,actual_start,2022-03-31
44000-P175874,actual_end,2023-09-30
44000-P175543,actual_end,2024-03-25
44000-P175543,planned_start,2022-07-06
44000-P175543,actual_start,2022-06-30
44000-P175543,planned_end,2024-03-25
44000-P178122,planned_start,2022-03-31
44000-P178122,actual_start,2022-12-02
44000-P178122,planned_end,2029-01-15
44000-P178122,actual_end,2029-01-15
44000-P178570,planned_start,2023-03-31
44000-P178570,actual_start,2023-05-26
44000-P178570,planned_end,2024-06-28
44000-P178570,actual_end,2024-06-28
44000-P500557,actual_end,2025-12-31
44000-P500557,planned_start,2024-06-07
44000-P500557,actual_start,2024-06-07
44000-P500557,planned_end,2025-12-31
44000-P157406,planned_start,2016-05-27
44000-P157406,actual_start,2017-01-10
44000-P157406,planned_end,2017-12-31
44000-P157406,actual_end,2017-12-31
44000-P112346,planned_end,2015-03-31
44000-P112346,planned_start,2009-04-16
44000-P112346,actual_start,2009-09-24
44000-P112346,actual_end,2015-03-31
44000-P157404,planned_start,2016-05-20
44000-P157404,actual_start,2017-01-10
44000-P157404,planned_end,2017-12-31
44000-P157404,actual_end,2017-12-31
44000-P159508,actual_end,2018-10-31
44000-P159508,planned_end,2018-10-31
44000-P159508,planned_start,2017-04-26
44000-P159508,actual_start,2017-11-07
44000-P163285,planned_start,2017-05-25
44000-P164201,actual_start,2019-02-19
44000-P164201,planned_start,2018-09-28
44000-P164201,planned_end,2019-12-31
44000-P164201,actual_end,2019-12-31
44000-P163285,actual_start,2017-06-30
44000-P163285,planned_end,2017-12-31
44000-P163285,actual_end,2017-12-31
44000-P164289,planned_start,2018-01-31
44000-P164289,actual_start,2018-06-22
44000-P164289,planned_end,2019-12-31
44000-P164289,actual_end,2019-12-31
44000-P173150,planned_start,2021-05-13
44000-P173150,actual_start,2022-05-10
44000-P173150,planned_end,2023-06-30
44000-P173150,actual_end,2023-06-30
44000-P510637,planned_start,2025-11-24
44000-P510637,actual_start,2025-11-24
44000-P510637,planned_end,2027-12-31
44000-P510637,actual_end,2027-12-31
44000-P164545,planned_start,2018-05-01
44000-P164545,actual_start,2020-05-14
44000-P164545,planned_end,2021-05-30
44000-P164545,actual_end,2021-05-30
44000-P171465,planned_start,2019-10-03
44000-P171465,actual_start,2020-01-21
44000-P171465,planned_end,2026-02-16
44000-P171465,actual_end,2026-02-16
44000-P178930,actual_end,2024-12-31
44000-P151821,planned_start,2015-03-27
44000-P151821,actual_start,2015-10-28
44000-P151821,planned_end,2016-11-30
44000-P151821,actual_end,2016-11-30
44000-P174527,planned_start,2020-09-29
44000-P174527,actual_start,2020-12-17
44000-P174527,planned_end,2021-12-31
44000-P174527,actual_end,2021-12-31
44000-P178930,planned_start,2023-06-07
44000-P178930,actual_start,2023-07-20
44000-P178930,planned_end,2024-12-31
44000-P177748,actual_end,2027-12-31
44000-P177748,planned_start,2023-11-20
44000-P177748,actual_start,2023-11-20
44000-P177748,planned_end,2027-12-31
44000-P167748,planned_start,2019-07-25
44000-P167748,actual_start,2019-12-16
44000-P167748,planned_end,2020-12-31
44000-P167748,actual_end,2020-12-31
44000-P176663,planned_start,2022-05-25
44000-P176663,actual_start,2022-05-25
44000-P176663,planned_end,2023-12-31
44000-P176663,actual_end,2023-12-31
44000-P502012,planned_start,2024-12-05
44000-P147152,planned_start,2014-01-17
44000-P147152,actual_start,2014-06-30
44000-P147152,planned_end,2015-06-29
44000-P502012,actual_start,2024-12-05
44000-P147152,actual_end,2015-06-29
44000-P502012,planned_end,2025-12-31
44000-P502012,actual_end,2025-12-31
44000-P156761,planned_start,2016-10-31
44000-P156761,actual_start,2016-12-16
44000-P156761,planned_end,2017-11-30
44000-P156761,actual_end,2017-11-30
44000-P129597,planned_start,2012-07-26
44000-P129597,actual_start,2012-07-19
44000-P129597,planned_end,2013-03-31
44000-P129597,actual_end,2013-03-31
44000-P143060,planned_start,2013-07-25
44000-P143060,actual_start,2013-06-27
44000-P143060,planned_end,2014-03-31
44000-P143060,actual_end,2014-03-31
44000-P177797,planned_start,2022-06-21
44000-P177797,actual_start,2023-03-24
44000-P177797,planned_end,2024-03-31
44000-P177797,actual_end,2024-03-31
44000-P149998,planned_start,2015-02-25
44000-P149998,actual_start,2015-04-28
44000-P149998,planned_end,2015-12-31
44000-P149998,actual_end,2015-12-31
44000-P169913,planned_start,2020-03-17
44000-P169913,actual_start,2020-03-26
44000-P169913,planned_end,2021-03-31
44000-P169913,actual_end,2021-03-31
44000-P155553,planned_start,2016-04-21
44000-P155553,actual_start,2017-07-31
44000-P155553,planned_end,2018-07-31
44000-P155553,actual_end,2018-07-31
44000-P133664,planned_start,2013-01-07
44000-P133664,actual_start,2015-06-30
44000-P133664,planned_end,2016-11-30
44000-P133664,actual_end,2016-11-30
44000-P149991,planned_start,2015-06-18
44000-P149991,actual_start,2015-04-28
44000-P149991,planned_end,2015-12-31
44000-P149991,actual_end,2015-12-31
44000-P156444,planned_start,2016-04-28
44000-P156444,actual_start,2017-04-28
44000-P156444,planned_end,2018-03-31
44000-P156444,actual_end,2018-03-31
44000-P181148,planned_start,2025-06-27
44000-P181148,actual_start,2025-06-27
44000-P181148,planned_end,2026-12-31
44000-P181148,actual_end,2026-12-31
44000-P157343,actual_end,2018-06-30
44000-P157343,planned_start,2016-05-19
44000-P157343,actual_start,2017-12-20
44000-P157343,planned_end,2018-06-30
44000-P180718,planned_start,2023-10-31
44000-P180718,actual_start,2024-01-23
44000-P180718,planned_end,2024-12-31
44000-P180718,actual_end,2024-12-31
44000-P168566,planned_start,2018-10-30
44000-P168566,actual_start,2018-10-30
44000-P168566,planned_end,2019-11-30
44000-P168566,actual_end,2019-11-30
44000-P169079,planned_start,2019-11-26
44000-P169079,actual_start,2020-03-19
44000-P169079,planned_end,2021-02-26
44000-P169079,actual_end,2021-02-26
44000-P151794,planned_start,2015-12-15
44000-P151794,actual_start,2014-11-13
44000-P151794,planned_end,2015-06-30
44000-P151794,actual_end,2015-06-30
44000-P156629,planned_start,2015-10-08
44000-P156629,actual_start,2016-06-17
44000-P156629,planned_end,2017-06-30
44000-P156629,actual_end,2017-06-30
44000-P166322,planned_start,2018-11-30
44000-P166322,actual_start,2019-11-26
44000-P166322,planned_end,2020-12-31
44000-P166322,actual_end,2020-12-31
44000-P161796,planned_start,2017-08-15
44000-P161796,actual_start,2018-07-31
44000-P161796,planned_end,2018-12-31
44000-P161796,actual_end,2018-12-31
44000-P175979,actual_end,2025-06-30
44000-P175979,planned_end,2025-06-30
44000-P175979,planned_start,2022-06-01
44000-P175979,actual_start,2022-10-20
44000-P131763,planned_start,2012-09-27
44000-P131763,actual_start,2012-09-27
44000-P131763,planned_end,2013-12-31
44000-P131763,actual_end,2013-12-31
44000-P133738,planned_start,2013-07-18
44000-P133738,actual_start,2014-06-17
44000-P133738,planned_end,2015-03-31
44000-P133738,actual_end,2015-03-31
44000-P181591,planned_start,2024-07-30
44000-P181591,actual_start,2024-07-30
44000-P181591,planned_end,2027-12-31
44000-P181591,actual_end,2027-12-31
44000-P159710,planned_start,2016-08-11
44000-P159710,actual_start,2019-05-24
44000-P159710,planned_end,2023-03-31
44000-P159710,actual_end,2023-03-31
44000-P160667,planned_start,2016-11-17
44000-P160667,actual_start,2016-11-17
44000-P160667,planned_end,2019-09-09
44000-P160667,actual_end,2019-09-09
44000-P505784,actual_end,2029-08-28
44000-P505784,planned_start,2025-09-24
44000-P505784,actual_start,2025-09-24
44000-P505784,planned_end,2029-08-28
44000-P173698,planned_start,2020-12-17
44000-P173698,actual_start,2020-12-17
44000-P173698,planned_end,2022-11-03
44000-P173698,actual_end,2022-11-03
44000-P174063,planned_start,2020-07-29
44000-P174063,actual_start,2020-07-30
44000-P174063,planned_end,2022-01-31
44000-P174063,actual_end,2022-01-31
44000-P165425,actual_start,2018-06-22
44000-P165425,planned_end,2019-06-30
44000-P165425,actual_end,2019-06-30
44000-P165425,planned_start,2018-06-21
44000-P180216,planned_start,2023-06-15
44000-P171474,planned_start,2019-09-26
44000-P171474,actual_start,2020-06-29
44000-P171474,planned_end,2022-06-30
44000-P171474,actual_end,2022-06-30
44000-P180216,actual_start,2023-12-14
44000-P180216,planned_end,2024-12-31
44000-P180216,actual_end,2024-12-31
44000-P127665,planned_end,2014-08-31
44000-P127665,planned_start,2013-01-31
44000-P127665,actual_start,2014-04-29
44000-P127665,actual_end,2014-08-31
44000-P500567,planned_start,2025-05-01
44000-P173996,planned_start,2020-06-18
44000-P173996,actual_start,2020-06-26
44000-P173996,planned_end,2021-02-28
44000-P173996,actual_end,2021-02-28
44000-P500567,actual_start,2025-05-01
44000-P500567,planned_end,2026-05-01
44000-P500567,actual_end,2026-05-01
44000-P512660,planned_start,2025-12-22
44000-P512660,actual_start,2025-12-22
44000-P512660,planned_end,2029-03-31
44000-P512660,actual_end,2029-03-31
44000-P170223,planned_start,2019-06-25
44000-P170223,actual_start,2020-03-19
44000-P170223,planned_end,2021-03-31
44000-P170223,actual_end,2021-03-31
44000-P179909,planned_start,2024-09-09
44000-P179909,actual_start,2025-02-14
44000-P179909,planned_end,2026-08-14
44000-P179909,actual_end,2026-08-14
44000-P172567,planned_start,2020-03-31
44000-P172567,actual_start,2020-04-10
44000-P172567,planned_end,2023-06-30
44000-P172567,actual_end,2023-06-30
44000-P162452,planned_start,2017-08-10
44000-P162452,actual_start,2018-09-20
44000-P162452,planned_end,2020-06-30
44000-P162452,actual_end,2020-06-30
44000-P163586,planned_start,2017-06-06
44000-P163586,actual_start,2017-06-08
44000-P163586,planned_end,2018-06-30
44000-P163586,actual_end,2018-06-30
44000-P174531,planned_start,2020-09-29
44000-P174531,actual_start,2021-03-18
44000-P174531,planned_end,2022-03-31
44000-P174531,actual_end,2022-03-31
44000-P151803,planned_start,2015-03-31
44000-P151803,actual_start,2014-12-09
44000-P151803,planned_end,2016-03-01
44000-P151803,actual_end,2016-03-01
44000-P151448,planned_start,2014-10-16
44000-P151448,actual_start,2015-03-03
44000-P151448,planned_end,2015-12-31
44000-P151448,actual_end,2015-12-31
44000-P161167,planned_start,2016-12-15
44000-P161167,actual_start,2016-12-20
44000-P161167,planned_end,2017-12-31
44000-P161167,actual_end,2017-12-31
44000-P160236,actual_end,2017-12-31
44000-P155962,planned_start,2015-10-01
44000-P155962,actual_start,2015-12-17
44000-P155962,planned_end,2016-12-31
44000-P155962,actual_end,2016-12-31
44000-P154299,planned_start,2015-08-20
44000-P154299,actual_start,2015-09-18
44000-P154299,planned_end,2016-09-30
44000-P154299,actual_end,2016-09-30
44000-P160236,planned_start,2016-12-01
44000-P160236,actual_start,2016-12-01
44000-P160236,planned_end,2017-12-31
44000-P166360,actual_end,2020-06-30
44000-P166360,planned_start,2018-06-27
44000-P166360,actual_start,2018-06-27
44000-P166360,planned_end,2020-06-30
44000-P168130,planned_start,2018-11-22
44000-P168130,actual_start,2019-06-04
44000-P168130,planned_end,2021-12-31
44000-P168130,actual_end,2021-12-31
44000-P155920,planned_start,2015-12-18
44000-P155920,actual_start,2015-12-15
44000-P155920,planned_end,2017-03-30
44000-P155920,actual_end,2017-03-30
44000-P177001,planned_start,2022-06-22
44000-P177001,actual_start,2022-06-16
44000-P177001,planned_end,2025-06-30
44000-P177001,actual_end,2025-06-30
44000-P145995,planned_start,2014-01-16
44000-P145995,actual_start,2013-12-12
44000-P145995,planned_end,2014-06-30
44000-P145995,actual_end,2014-06-30
44000-P507259,planned_start,2025-02-28
44000-P507259,actual_start,2025-02-28
44000-P507259,planned_end,2028-03-02
44000-P507259,actual_end,2028-03-02
44000-P505118,planned_start,2024-06-27
44000-P505118,actual_start,2024-06-27
44000-P505118,planned_end,2025-12-31
44000-P505118,actual_end,2025-12-31
44000-P507382,planned_start,2025-03-31
44000-P507382,actual_start,2025-03-31
44000-P507382,planned_end,2026-09-30
44000-P507382,actual_end,2026-09-30
44000-P152440,actual_start,2015-01-29
44000-P152440,planned_start,2015-01-29
44000-P152440,planned_end,2016-01-31
44000-P152440,actual_end,2016-01-31
44000-P130048,planned_start,2012-04-25
44000-P130048,actual_start,2012-05-15
44000-P130048,planned_end,2015-12-31
44000-P130048,actual_end,2015-12-31
44000-P163983,planned_start,2018-05-01
44000-P163983,actual_start,2018-11-08
44000-P163983,planned_end,2019-12-31
44000-P163983,actual_end,2019-12-31
44000-P148099,planned_start,2015-04-21
44000-P148099,actual_start,2016-07-07
44000-P148099,planned_end,2017-09-01
44000-P148099,actual_end,2017-09-01
44000-P126274,planned_start,2013-06-25
44000-P126274,actual_start,2014-06-10
44000-P126274,planned_end,2015-12-31
44000-P126274,actual_end,2015-12-31
44000-P154291,planned_start,2015-09-30
44000-P154291,actual_start,2015-12-01
44000-P154291,planned_end,2016-06-30
44000-P154291,actual_end,2016-06-30
44000-P126034,planned_start,2012-06-26
44000-P126034,actual_start,2013-07-25
44000-P126034,planned_end,2014-09-30
44000-P126034,actual_end,2014-09-30
44000-P158140,planned_start,2016-11-30
44000-P158140,actual_start,2016-11-02
44000-P158140,planned_end,2017-09-30
44000-P158140,actual_end,2017-09-30
44000-P161475,planned_start,2017-07-31
44000-P161475,actual_start,2017-10-31
44000-P161475,planned_end,2018-06-30
44000-P161475,actual_end,2018-06-30
44000-P163973,planned_start,2018-05-02
44000-P163973,actual_start,2018-06-28
44000-P163973,planned_end,2018-11-30
44000-P163973,actual_end,2018-11-30
44000-P173232,planned_end,2022-06-30
44000-P167297,planned_start,2019-03-29
44000-P167297,actual_start,2019-05-23
44000-P167297,planned_end,2019-12-31
44000-P167297,actual_end,2019-12-31
44000-P180749,planned_end,2025-06-30
44000-P170940,planned_start,2020-03-31
44000-P170940,actual_start,2020-03-20
44000-P170940,planned_end,2021-04-30
44000-P170940,actual_end,2021-04-30
44000-P172439,actual_start,2021-06-15
44000-P172439,planned_start,2021-06-15
44000-P172439,planned_end,2021-12-31
44000-P172439,actual_end,2021-12-31
44000-P176756,planned_start,2021-06-24
44000-P176756,actual_start,2021-06-24
44000-P176756,planned_end,2022-05-31
44000-P176756,actual_end,2022-05-31
44000-P173232,planned_start,2021-05-27
44000-P173232,actual_start,2021-06-10
44000-P173232,actual_end,2022-06-30
44000-P173233,planned_start,2022-03-31
44000-P173233,actual_start,2023-03-28
44000-P173233,planned_end,2024-06-30
44000-P173233,actual_end,2024-06-30
44000-P508608,planned_start,2025-06-20
44000-P508608,actual_start,2025-06-20
44000-P508608,planned_end,2027-12-31
44000-P508608,actual_end,2027-12-31
44000-P175742,planned_start,2021-09-23
44000-P175742,actual_start,2022-06-29
44000-P175742,planned_end,2023-06-30
44000-P175742,actual_end,2023-06-30
44000-P144602,planned_start,2013-12-05
44000-P144602,actual_start,2013-12-11
44000-P144602,planned_end,2014-06-30
44000-P144602,actual_end,2014-06-30
44000-P149888,planned_start,2014-08-29
44000-P149888,actual_start,2014-11-14
44000-P149888,planned_end,2015-06-30
44000-P149888,actual_end,2015-06-30
44000-P155540,planned_start,2016-02-16
44000-P155540,actual_start,2016-09-13
44000-P155540,planned_end,2017-12-31
44000-P155540,actual_end,2017-12-31
44000-P177726,actual_start,2022-06-17
44000-P177726,planned_start,2022-06-17
44000-P177726,planned_end,2023-06-30
44000-P177726,actual_end,2023-06-30
44000-P161794,planned_start,2017-11-14
44000-P161794,actual_start,2017-11-22
44000-P161794,planned_end,2018-12-31
44000-P161794,actual_end,2018-12-31
44000-P180749,planned_start,2024-06-15
44000-P180749,actual_start,2024-06-20
44000-P180749,actual_end,2025-06-30
44000-P179019,planned_start,2022-12-22
44000-P179019,actual_start,2022-12-20
44000-P179019,planned_end,2023-10-31
44000-P179019,actual_end,2023-10-31
44000-P167263,planned_start,2018-09-27
44000-P167263,actual_start,2018-11-29
44000-P167263,planned_end,2020-09-30
44000-P167263,actual_end,2020-09-30
44000-P169179,planned_start,2019-10-31
44000-P169179,actual_start,2020-12-03
44000-P169179,planned_end,2022-02-28
44000-P169179,actual_end,2022-02-28
44000-P500689,planned_start,2023-12-06
44000-P500689,actual_start,2023-12-06
44000-P500689,planned_end,2024-12-24
44000-P500689,actual_end,2024-12-24
44000-P508323,planned_start,2025-06-04
44000-P508323,actual_start,2025-06-04
44000-P508323,planned_end,2026-12-31
44000-P508323,actual_end,2026-12-31
44000-P177794,planned_start,2023-11-30
44000-P177794,actual_start,2023-11-30
44000-P177794,planned_end,2026-12-31
44000-P177794,actual_end,2026-12-31
44000-P511822,planned_start,2025-12-17
44000-P511822,actual_start,2025-12-16
44000-P511822,planned_end,2029-01-15
44000-P511822,actual_end,2029-01-15
44000-P154702,planned_start,2015-05-28
44000-P154702,actual_start,2015-11-03
44000-P154702,planned_end,2016-12-31
44000-P154702,actual_end,2016-12-31
44000-P178303,planned_start,2022-09-19
44000-P178303,actual_start,2024-03-14
44000-P178303,planned_end,2025-12-31
44000-P178303,actual_end,2025-12-31
44000-P181269,planned_end,2027-02-26
44000-P181269,planned_start,2025-08-29
44000-P181269,actual_start,2025-08-29
44000-P181269,actual_end,2027-02-26
44000-P179763,planned_start,2023-05-31
44000-P179763,actual_start,2023-09-29
44000-P179763,planned_end,2024-12-15
44000-P179763,actual_end,2024-12-15
44000-P174367,planned_start,2020-10-01
44000-P174367,actual_start,2021-12-09
44000-P174367,planned_end,2023-12-31
44000-P174367,actual_end,2023-12-31
44000-P131688,planned_start,2013-11-14
44000-P131688,actual_start,2014-04-29
44000-P131688,planned_end,2014-12-30
44000-P131688,actual_end,2014-12-30
44000-P174260,planned_start,2020-07-14
44000-P174260,actual_start,2020-12-10
44000-P174260,planned_end,2021-12-31
44000-P174260,actual_end,2021-12-31
44000-P150924,planned_start,2015-04-30
44000-P150924,actual_start,2015-06-02
44000-P150924,planned_end,2016-12-31
44000-P150924,actual_end,2016-12-31
44000-P508695,planned_start,2026-03-13
44000-P508695,actual_start,2026-03-13
44000-P508695,planned_end,2027-08-31
44000-P508695,actual_end,2027-08-31
44000-P161562,planned_start,2018-02-13
44000-P161562,actual_start,2018-06-21
44000-P161562,planned_end,2021-09-30
44000-P161562,actual_end,2021-09-30
44000-P159956,planned_end,2018-06-30
44000-P159956,planned_start,2017-03-29
44000-P159956,actual_start,2017-05-31
44000-P159956,actual_end,2018-06-30
44000-P168204,planned_start,2019-05-28
44000-P168204,actual_start,2019-05-28
44000-P168204,planned_end,2020-06-30
44000-P168204,actual_end,2020-06-30
44000-P172321,planned_start,2020-05-22
44000-P172321,actual_start,2020-05-19
44000-P172321,planned_end,2021-06-30
44000-P172321,actual_end,2021-06-30
44000-P166839,planned_start,2018-12-20
44000-P166839,actual_start,2019-05-28
44000-P166839,planned_end,2020-12-31
44000-P166839,actual_end,2020-12-31
44000-P175251,planned_start,2021-06-10
44000-P175251,actual_start,2021-06-10
44000-P175251,planned_end,2022-06-30
44000-P175251,actual_end,2022-06-30
44000-P176903,planned_start,2022-01-31
44000-P176903,actual_start,2022-03-16
44000-P176903,planned_end,2023-02-28
44000-P176903,actual_end,2023-02-28
44000-P179808,planned_start,2023-05-31
44000-P179808,actual_start,2023-06-28
44000-P179808,planned_end,2024-10-31
44000-P179808,actual_end,2024-10-31
44000-P180339,planned_start,2023-05-31
44000-P180339,actual_start,2023-05-26
44000-P180339,planned_end,2025-06-30
44000-P180339,actual_end,2025-06-30
44000-P500912,planned_start,2024-05-30
44000-P500912,actual_start,2024-05-30
44000-P500912,planned_end,2025-06-30
44000-P500912,actual_end,2025-06-30
44000-P147454,planned_end,2017-05-31
44000-P179539,planned_start,2023-01-26
44000-P147454,planned_start,2014-03-27
44000-P147454,actual_start,2014-04-22
44000-P147454,actual_end,2017-05-31
44000-P179539,actual_start,2024-01-11
44000-P179539,planned_end,2024-12-31
44000-P179539,actual_end,2024-12-31
44000-P174346,planned_start,2020-07-31
44000-P174346,actual_start,2021-01-14
44000-P174346,planned_end,2021-12-31
44000-P174346,actual_end,2021-12-31
44000-P181432,planned_start,2025-01-30
44000-P181432,actual_start,2025-04-10
44000-P181432,planned_end,2028-04-28
44000-P181432,actual_end,2028-04-28
44000-P180549,planned_start,2024-09-11
44000-P180549,actual_start,2024-09-11
44000-P180549,planned_end,2025-09-30
44000-P180549,actual_end,2025-09-30
44000-P157804,planned_start,2016-03-18
44000-P157804,actual_start,2016-07-29
44000-P157804,planned_end,2017-09-30
44000-P157804,actual_end,2017-09-30
44000-P167246,planned_start,2019-05-07
44000-P167246,actual_start,2019-01-16
44000-P167246,planned_end,2020-10-31
44000-P167246,actual_end,2020-10-31
44000-P124041,planned_start,2011-11-10
44000-P124041,actual_start,2012-09-06
44000-P124041,planned_end,2013-09-30
44000-P124041,actual_end,2013-09-30
44000-P169907,planned_start,2019-03-28
44000-P169907,actual_start,2019-06-27
44000-P169907,planned_end,2021-06-30
44000-P169907,actual_end,2021-06-30
44000-P172732,planned_start,2020-05-18
44000-P172732,actual_start,2020-05-18
44000-P172732,planned_end,2022-06-30
44000-P172732,actual_end,2022-06-30
44000-P173943,planned_start,2020-05-14
44000-P173943,actual_start,2020-05-14
44000-P173943,planned_end,2021-12-01
44000-P173943,actual_end,2021-12-01
44000-P174027,planned_start,2020-09-24
44000-P174027,actual_start,2020-12-15
44000-P174027,planned_end,2022-12-31
44000-P174027,actual_end,2022-12-31
44000-P174292,planned_start,2020-06-30
44000-P174292,actual_start,2020-06-30
44000-P174292,planned_end,2021-06-30
44000-P174292,actual_end,2021-06-30
44000-P157224,planned_start,2016-11-22
44000-P157224,actual_start,2016-03-25
44000-P157224,planned_end,2017-03-31
44000-P157224,actual_end,2017-03-31
44000-P178329,planned_start,2022-07-20
44000-P178329,actual_start,2022-06-30
44000-P178329,planned_end,2024-06-30
44000-P178329,actual_end,2024-06-30
44000-P159669,planned_start,2017-02-28
44000-P159669,actual_start,2018-07-05
44000-P159669,planned_end,2019-10-31
44000-P159669,actual_end,2019-10-31
44000-P176447,planned_start,2023-08-31
44000-P176447,actual_start,2021-06-29
44000-P176447,planned_end,2022-12-31
44000-P176447,actual_end,2022-12-31
44000-P181032,planned_start,2023-06-29
44000-P181032,actual_start,2023-06-29
44000-P181032,planned_end,2023-12-31
44000-P181032,actual_end,2023-12-31
44000-P181195,planned_start,2023-11-28
44000-P181195,actual_start,2024-06-28
44000-P181195,planned_end,2026-06-30
44000-P181195,actual_end,2026-06-30
44000-P177985,planned_start,2022-07-29
44000-P177985,actual_start,2022-06-29
44000-P177985,planned_end,2023-06-30
44000-P177985,actual_end,2023-06-30
44000-P175570,planned_start,2021-03-17
44000-P175570,actual_start,2021-06-17
44000-P175570,planned_end,2022-12-31
44000-P175570,actual_end,2022-12-31
44000-P176993,planned_start,2022-05-06
44000-P176993,actual_start,2022-09-30
44000-P176993,planned_end,2023-12-31
44000-P176993,actual_end,2023-12-31
44000-P180050,planned_start,2023-01-31
44000-P180050,actual_start,2023-06-14
44000-P180050,planned_end,2024-12-31
44000-P180050,actual_end,2024-12-31
44000-P174004,planned_start,2021-09-22
44000-P174004,actual_start,2021-06-17
44000-P174004,planned_end,2022-12-31
44000-P174004,actual_end,2022-12-31
44000-P502565,planned_start,2024-12-06
44000-P502565,actual_start,2024-12-05
44000-P502565,planned_end,2027-12-31
44000-P502565,actual_end,2027-12-31
44000-P168587,planned_start,2019-05-31
44000-P168587,actual_start,2019-02-19
44000-P168587,planned_end,2020-12-31
44000-P168587,actual_end,2020-12-31
44000-P144185,planned_end,2015-12-31
44000-P144185,planned_start,2013-12-12
44000-P144185,actual_start,2014-08-26
44000-P144185,actual_end,2015-12-31
44000-P174005,planned_start,2022-05-30
44000-P174005,actual_start,2023-03-31
44000-P174005,planned_end,2024-12-31
44000-P174005,actual_end,2024-12-31
44000-P127955,actual_start,2013-02-14
44000-P127955,planned_end,2013-12-31
44000-P127955,planned_start,2013-02-28
44000-P127955,actual_end,2013-12-31
44000-P127956,planned_start,2012-12-18
44000-P127956,actual_start,2013-12-19
44000-P127956,planned_end,2014-12-31
44000-P127956,actual_end,2014-12-31
44000-P171587,planned_start,2020-05-27
44000-P171587,actual_start,2020-06-22
44000-P171587,planned_end,2021-12-31
44000-P171587,actual_end,2021-12-31
44000-P513503,planned_start,2026-04-10
44000-P513503,actual_start,2026-04-10
44000-P513503,planned_end,2027-06-30
44000-P513503,actual_end,2027-06-30
44000-P127822,actual_end,2014-03-15
44000-P127822,planned_start,2012-09-27
44000-P127822,actual_start,2013-03-27
44000-P127822,planned_end,2014-03-15
44000-P507248,planned_start,2025-03-19
44000-P507248,actual_start,2025-03-19
44000-P507248,planned_end,2026-09-30
44000-P507248,actual_end,2026-09-30
44000-P148642,planned_start,2015-02-26
44000-P148642,actual_start,2015-02-12
44000-P148642,planned_end,2015-12-31
44000-P148642,actual_end,2015-12-31
44000-P162111,planned_start,2017-10-26
44000-P162111,actual_start,2018-01-24
44000-P162111,planned_end,2018-12-31
44000-P162111,actual_end,2018-12-31
44000-P168218,planned_start,2020-02-27
44000-P168218,actual_start,2020-03-17
44000-P168218,planned_end,2021-09-30
44000-P168218,actual_end,2021-09-30
44000-P147257,planned_end,2014-12-31
44000-P147257,planned_start,2014-04-24
44000-P147257,actual_start,2014-04-29
44000-P147257,actual_end,2014-12-31
44000-P178382,planned_start,2023-12-15
44000-P178382,actual_start,2023-12-19
44000-P178382,planned_end,2024-12-31
44000-P178382,actual_end,2024-12-31
44000-P168580,planned_start,2019-06-17
44000-P168580,actual_start,2019-12-11
44000-P168580,planned_end,2023-06-15
44000-P168580,actual_end,2023-06-15
44000-P178646,planned_start,2023-01-31
44000-P178646,actual_start,2024-10-04
44000-P178646,planned_end,2026-03-31
44000-P178646,actual_end,2026-03-31
44000-P127038,actual_end,2013-12-31
44000-P149747,actual_start,2015-12-18
44000-P149747,planned_start,2015-07-30
44000-P149747,planned_end,2016-12-31
44000-P149747,actual_end,2016-12-31
44000-P176937,planned_start,2022-03-31
44000-P176937,actual_start,2022-06-16
44000-P176937,planned_end,2023-06-30
44000-P176937,actual_end,2023-06-30
44000-P130903,planned_end,2014-12-31
44000-P130903,planned_start,2012-12-18
44000-P130903,actual_start,2013-10-29
44000-P130903,actual_end,2014-12-31
44000-P126038,planned_start,2012-05-22
44000-P126038,actual_start,2012-11-29
44000-P126038,planned_end,2013-06-28
44000-P126038,actual_end,2013-06-28
44000-P130847,planned_start,2013-09-12
44000-P130847,actual_start,2014-03-13
44000-P130847,planned_end,2014-10-30
44000-P130847,actual_end,2014-10-30
44000-P120566,actual_start,2012-06-12
44000-P127038,planned_start,2011-12-18
44000-P127038,actual_start,2013-03-12
44000-P127038,planned_end,2013-12-31
44000-P120566,planned_end,2012-12-31
44000-P120566,actual_end,2012-12-31
44000-P120566,planned_start,2011-07-15
44000-P504373,planned_start,2024-07-19
44000-P504373,actual_start,2024-07-19
44000-P504373,planned_end,2027-09-30
44000-P504373,actual_end,2027-09-30
44000-P171851,planned_end,2020-05-31
44000-P180587,planned_start,2023-09-21
44000-P180587,actual_start,2023-12-15
44000-P180587,planned_end,2024-06-30
44000-P180587,actual_end,2024-06-30
44000-P171851,actual_end,2020-05-31
44000-P171851,planned_start,2019-09-19
44000-P171851,actual_start,2019-09-19
44000-P507576,planned_start,2025-05-08
44000-P507576,actual_start,2025-05-08
44000-P507576,planned_end,2026-06-30
44000-P507576,actual_end,2026-06-30
44000-P149555,actual_end,2017-09-30
44000-P149555,planned_start,2014-10-02
44000-P149555,actual_start,2016-12-16
44000-P149555,planned_end,2017-09-30
44000-P160866,planned_start,2016-11-22
44000-P160866,actual_start,2016-11-22
44000-P160866,planned_end,2018-12-31
44000-P160866,actual_end,2018-12-31
44000-P145275,planned_start,2014-04-29
44000-P145275,actual_start,2014-11-18
44000-P145275,planned_end,2015-06-30
44000-P145275,actual_end,2015-06-30
44000-P162279,planned_start,2017-07-20
44000-P162279,actual_start,2017-12-07
44000-P162279,planned_end,2018-12-31
44000-P162279,actual_end,2018-12-31
44000-P164137,planned_start,2017-10-10
44000-P164137,actual_start,2017-11-16
44000-P164137,planned_end,2018-12-31
44000-P164137,actual_end,2018-12-31
44000-P166425,planned_start,2018-07-12
44000-P166425,actual_start,2018-08-30
44000-P166425,planned_end,2019-08-31
44000-P166425,actual_end,2019-08-31
44000-P181479,planned_start,2024-03-28
44000-P166752,planned_start,2018-08-07
44000-P166752,actual_start,2019-04-30
44000-P166752,planned_end,2020-12-31
44000-P181479,actual_start,2024-06-14
44000-P166752,actual_end,2020-12-31
44000-P181479,planned_end,2026-06-30
44000-P181479,actual_end,2026-06-30
44000-P167941,planned_start,2019-08-22
44000-P167941,actual_start,2019-12-12
44000-P167941,planned_end,2023-12-31
44000-P167941,actual_end,2023-12-31
44000-P168697,planned_start,2019-07-31
44000-P168697,actual_start,2020-03-26
44000-P168697,planned_end,2021-03-26
44000-P168697,actual_end,2021-03-26
44000-P175640,planned_start,2021-06-23
44000-P175640,actual_start,2022-06-02
44000-P175640,planned_end,2023-05-31
44000-P175640,actual_end,2023-05-31
44000-P179086,planned_start,2023-06-21
44000-P179086,actual_start,2023-05-25
44000-P179086,planned_end,2024-05-24
44000-P179086,actual_end,2024-05-24
44000-P161619,planned_start,2017-11-02
44000-P161619,actual_start,2018-07-05
44000-P161619,planned_end,2019-06-30
44000-P161619,actual_end,2019-06-30
44000-P174388,planned_start,2020-07-28
44000-P174388,actual_start,2020-08-27
44000-P174388,planned_end,2021-06-30
44000-P174388,actual_end,2021-06-30
44000-P156963,planned_end,2019-07-31
44000-P167547,planned_start,2019-05-23
44000-P167547,actual_start,2019-12-12
44000-P167547,planned_end,2020-12-31
44000-P167547,actual_end,2020-12-31
44000-P143283,planned_start,2014-03-27
44000-P143283,actual_start,2014-03-28
44000-P143283,planned_end,2014-10-31
44000-P143283,actual_end,2014-10-31
44000-P156963,planned_start,2017-02-17
44000-P156963,actual_start,2018-07-05
44000-P156963,actual_end,2019-07-31
44000-P180288,planned_start,2023-06-08
44000-P180288,actual_start,2023-06-08
44000-P180288,planned_end,2024-06-30
44000-P180288,actual_end,2024-06-30
44000-P513997,planned_start,2026-06-04
44000-P509948,planned_start,2025-06-18
44000-P509948,actual_start,2025-06-18
44000-P509948,planned_end,2026-12-31
44000-P509948,actual_end,2026-12-31
44000-P513997,actual_start,2026-06-04
44000-P513997,planned_end,2028-12-29
44000-P513997,actual_end,2028-12-29
44000-P125694,actual_end,2012-12-31
44000-P150503,planned_start,2014-09-11
44000-P150503,actual_start,2014-12-18
44000-P150503,planned_end,2015-12-30
44000-P150503,actual_end,2015-12-30
44000-P153084,planned_start,2015-11-17
44000-P153084,actual_start,2015-12-10
44000-P153084,planned_end,2016-12-30
44000-P153084,actual_end,2016-12-30
44000-P126903,actual_end,2012-12-31
44000-P125694,planned_start,2011-12-15
44000-P125694,actual_start,2012-03-27
44000-P125694,planned_end,2012-12-31
44000-P126903,planned_end,2012-12-31
44000-P126903,planned_start,2012-05-17
44000-P126903,actual_start,2012-03-27
44000-P128140,planned_start,2013-03-25
44000-P128140,actual_start,2013-03-27
44000-P128140,planned_end,2014-06-30
44000-P128140,actual_end,2014-06-30
44000-P132510,planned_start,2013-04-25
44000-P132510,actual_start,2013-03-27
44000-P132510,planned_end,2014-06-30
44000-P132510,actual_end,2014-06-30
44000-P171238,planned_start,2020-07-31
44000-P171238,actual_start,2021-07-22
44000-P171238,planned_end,2022-07-31
44000-P171238,actual_end,2022-07-31
44000-P171585,planned_start,2022-07-01
44000-P171585,actual_start,2022-07-28
44000-P171585,planned_end,2023-06-30
44000-P171585,actual_end,2023-06-30
44000-P174155,planned_start,2020-08-07
44000-P174155,actual_start,2020-07-31
44000-P174155,planned_end,2021-07-31
44000-P174155,actual_end,2021-07-31
44000-P167485,planned_start,2019-03-27
44000-P167485,actual_start,2019-07-30
44000-P167485,planned_end,2020-07-23
44000-P167485,actual_end,2020-07-23
44000-P179263,planned_start,2023-08-24
44000-P179263,actual_start,2024-02-29
44000-P179263,planned_end,2027-06-30
44000-P179263,actual_end,2027-06-30
44000-P165056,planned_end,2022-06-21
44000-P165056,planned_start,2018-10-23
44000-P165056,actual_end,2022-06-21
44000-P511001,planned_start,2025-11-25
44000-P511001,actual_start,2025-11-25
44000-P511001,planned_end,2027-06-01
44000-P511001,actual_end,2027-06-01
44000-P175072,planned_start,2023-12-15
44000-P175072,actual_start,2023-12-12
44000-P175072,planned_end,2026-12-31
44000-P175072,actual_end,2026-12-31
44000-P163939,planned_start,2018-03-29
44000-P126297,planned_start,2012-03-27
44000-P163939,actual_start,2019-07-01
44000-P163939,planned_end,2022-09-30
44000-P163939,actual_end,2022-09-30
44000-P126297,actual_start,2012-03-13
44000-P126297,planned_end,2013-11-29
44000-P126297,actual_end,2013-11-29
44000-P163966,planned_start,2018-01-31
44000-P163966,actual_start,2019-07-01
44000-P163966,planned_end,2020-09-30
44000-P163966,actual_end,2020-09-30
44000-P147244,planned_start,2013-12-23
44000-P147244,actual_start,2013-12-16
44000-P147244,planned_end,2015-09-30
44000-P147244,actual_end,2015-09-30
44000-P167674,planned_start,2018-11-20
44000-P167674,actual_start,2019-06-18
44000-P167674,planned_end,2020-06-30
44000-P167674,actual_end,2020-06-30
44000-P172863,planned_start,2020-06-30
44000-P172863,actual_start,2020-05-19
44000-P172863,planned_end,2021-05-31
44000-P172863,actual_end,2021-05-31
44000-P174000,planned_start,2020-11-12
44000-P174000,actual_start,2020-12-17
44000-P174000,planned_end,2021-12-31
44000-P174000,actual_end,2021-12-31
44000-P174150,planned_start,2020-08-27
44000-P174150,actual_start,2021-01-21
44000-P174150,planned_end,2021-12-31
44000-P174150,actual_end,2021-12-31
44000-P503988,planned_end,2025-12-31
44000-P178224,planned_start,2022-03-31
44000-P178224,actual_start,2022-05-31
44000-P178224,planned_end,2023-12-31
44000-P178224,actual_end,2023-12-31
44000-P180496,planned_start,2023-03-31
44000-P180496,actual_start,2023-06-23
44000-P180496,planned_end,2024-12-31
44000-P180496,actual_end,2024-12-31
44000-P503988,planned_start,2024-06-03
44000-P503988,actual_start,2024-06-03
44000-P503988,actual_end,2025-12-31
44000-P125272,planned_start,2012-03-27
44000-P125272,actual_start,2012-06-26
44000-P125272,planned_end,2013-06-30
44000-P125272,actual_end,2013-06-30
44000-P160592,planned_start,2016-11-30
44000-P160592,actual_start,2016-12-15
44000-P160592,planned_end,2017-12-31
44000-P160592,actual_end,2017-12-31
44000-P163057,planned_start,2017-11-30
44000-P163057,actual_start,2017-12-20
44000-P163057,planned_end,2018-12-31
44000-P163057,actual_end,2018-12-31
44000-P132757,planned_start,2013-03-26
44000-P132757,actual_start,2013-04-30
44000-P132757,planned_end,2014-06-30
44000-P132757,actual_end,2014-06-30
44000-P145251,planned_start,2014-04-08
44000-P145251,actual_start,2014-03-21
44000-P145251,planned_end,2015-06-30
44000-P145251,actual_end,2015-06-30
44000-P167348,planned_start,2019-04-23
44000-P167348,actual_start,2019-07-24
44000-P167348,planned_end,2020-07-30
44000-P167348,actual_end,2020-07-30
44000-P151487,planned_start,2015-04-30
44000-P151487,actual_start,2015-12-03
44000-P151487,planned_end,2016-11-30
44000-P151487,actual_end,2016-11-30
44000-P175256,planned_start,2021-08-31
44000-P153753,planned_start,2015-10-08
44000-P153753,actual_start,2017-05-04
44000-P153753,planned_end,2018-03-31
44000-P153753,actual_end,2018-03-31
44000-P175256,actual_start,2021-12-10
44000-P175256,planned_end,2023-06-30
44000-P175256,actual_end,2023-06-30
44000-P159969,planned_start,2016-12-15
44000-P159969,actual_start,2017-02-28
44000-P159969,planned_end,2018-03-31
44000-P159969,actual_end,2018-03-31
44000-P178423,planned_start,2022-11-30
44000-P178423,actual_start,2022-12-09
44000-P178423,planned_end,2023-12-31
44000-P178423,actual_end,2023-12-31
44000-P163318,planned_start,2017-10-31
44000-P163318,actual_start,2017-12-05
44000-P163318,planned_end,2018-12-31
44000-P163318,actual_end,2018-12-31
44000-P166124,planned_start,2018-08-09
44000-P165056,actual_start,2019-06-06
44000-P166124,actual_start,2018-12-06
44000-P166124,planned_end,2019-12-31
44000-P166124,actual_end,2019-12-31
44000-P169830,planned_start,2019-10-31
44000-P169830,actual_start,2019-12-12
44000-P169830,planned_end,2020-12-31
44000-P169830,actual_end,2020-12-31
44000-P129489,planned_start,2013-03-29
44000-P129489,actual_start,2013-04-25
44000-P129489,planned_end,2013-12-31
44000-P129489,actual_end,2013-12-31
44000-P173113,planned_start,2020-10-29
44000-P173113,actual_start,2020-08-06
44000-P173113,planned_end,2021-12-31
44000-P173113,actual_end,2021-12-31
44000-P131212,actual_end,2014-03-31
44000-P131212,planned_start,2013-05-20
44000-P131212,actual_start,2013-07-16
44000-P131212,planned_end,2014-03-31
44000-P146398,planned_start,2014-07-24
44000-P146398,actual_start,2014-12-23
44000-P146398,planned_end,2015-06-30
44000-P146398,actual_end,2015-06-30
44000-P176762,planned_start,2021-10-28
44000-P176762,actual_start,2022-07-13
44000-P176762,planned_end,2023-06-30
44000-P176762,actual_end,2023-06-30
44000-P133687,planned_start,2013-09-26
44000-P166159,planned_end,2019-12-31
44000-P166159,planned_start,2018-04-26
44000-P166159,actual_start,2018-06-15
44000-P166159,actual_end,2019-12-31
44000-P508348,planned_start,2025-12-18
44000-P508348,actual_start,2025-12-18
44000-P508348,planned_end,2026-12-31
44000-P508348,actual_end,2026-12-31
44000-P181306,planned_start,2024-03-29
44000-P181306,actual_start,2024-03-22
44000-P181306,planned_end,2025-12-31
44000-P181306,actual_end,2025-12-31
44000-P151804,planned_start,2015-06-02
44000-P151804,actual_start,2015-04-07
44000-P151804,planned_end,2016-04-30
44000-P151804,actual_end,2016-04-30
44000-P122738,planned_start,2011-07-14
44000-P122738,actual_start,2011-10-18
44000-P122738,planned_end,2021-06-30
44000-P122738,actual_end,2021-06-30
44000-P127332,planned_start,2012-04-05
44000-P127332,actual_start,2013-03-26
44000-P127332,planned_end,2014-06-30
44000-P127332,actual_end,2014-06-30
44000-P133687,actual_start,2014-07-15
44000-P133687,planned_end,2015-06-30
44000-P133687,actual_end,2015-06-30
44000-P178668,planned_start,2023-07-06
44000-P178668,actual_start,2023-11-22
44000-P178668,planned_end,2024-12-31
44000-P178668,actual_end,2024-12-31
44000-P154422,planned_start,2015-11-30
44000-P154422,actual_start,2015-12-22
44000-P154422,planned_end,2016-12-31
44000-P154422,actual_end,2016-12-31
44000-P175930,planned_start,2021-12-01
44000-P175930,actual_start,2022-06-24
44000-P175930,planned_end,2023-12-29
44000-P175930,actual_end,2023-12-29
44000-P179817,planned_start,2023-04-05
44000-P179817,actual_start,2023-04-27
44000-P179817,planned_end,2025-12-31
44000-P179817,actual_end,2025-12-31
44000-P146537,planned_start,2014-04-23
44000-P146537,actual_start,2014-12-05
44000-P146537,planned_end,2015-03-31
44000-P146537,actual_end,2015-03-31
44000-P146942,planned_start,2014-01-23
44000-P146942,actual_start,2013-12-30
44000-P146942,planned_end,2015-01-30
44000-P146942,actual_end,2015-01-30
44000-P174107,planned_start,2020-07-31
44000-P174107,actual_start,2020-12-08
44000-P174107,planned_end,2021-12-31
44000-P174107,actual_end,2021-12-31
44000-P174191,planned_start,2021-01-14
44000-P174191,actual_start,2022-03-14
44000-P174191,planned_end,2028-03-14
44000-P174191,actual_end,2028-03-14
44000-P128434,planned_start,2012-11-06
44000-P128434,actual_start,2013-01-24
44000-P128434,planned_end,2013-06-30
44000-P128434,actual_end,2013-06-30
44000-P146930,planned_start,2014-07-03
44000-P146930,actual_start,2015-03-30
44000-P146930,planned_end,2016-03-28
44000-P146930,actual_end,2016-03-28
44000-P501661,planned_start,2024-06-13
44000-P501661,actual_start,2024-06-13
44000-P501661,planned_end,2025-12-31
44000-P501661,actual_end,2025-12-31
44000-P174152,planned_start,2020-07-06
44000-P174152,actual_start,2020-10-22
44000-P174152,planned_end,2021-06-30
44000-P174152,actual_end,2021-06-30
44000-P130012,planned_start,2012-11-15
44000-P130012,actual_start,2013-06-28
44000-P130012,planned_end,2015-03-31
44000-P130012,actual_end,2015-03-31
44000-P123353,planned_start,2011-09-29
44000-P123353,actual_start,2012-03-29
44000-P123353,planned_end,2014-06-30
44000-P123353,actual_end,2014-06-30
44000-P123352,planned_start,2011-09-29
44000-P123352,actual_start,2014-03-27
44000-P123352,planned_end,2015-05-31
44000-P123352,actual_end,2015-05-31
44000-P151480,planned_start,2015-01-26
44000-P151480,actual_start,2015-04-29
44000-P151480,planned_end,2016-12-31
44000-P151480,actual_end,2016-12-31
44000-P170248,actual_end,2021-06-30
44000-P170248,planned_end,2021-06-30
44000-P170248,planned_start,2019-12-30
44000-P170248,actual_start,2020-06-02
44000-P173044,actual_end,2021-06-30
44000-P177776,planned_start,2022-06-15
44000-P177776,actual_start,2022-07-14
44000-P177776,planned_end,2023-06-30
44000-P177776,actual_end,2023-06-30
44000-P173982,planned_start,2021-06-16
44000-P173982,actual_start,2021-06-16
44000-P173982,planned_end,2022-05-31
44000-P173982,actual_end,2022-05-31
44000-P173044,planned_start,2020-07-07
44000-P173044,actual_start,2020-09-17
44000-P173044,planned_end,2021-06-30
44000-P168869,planned_start,2019-03-28
44000-P168869,actual_start,2019-06-13
44000-P168869,planned_end,2020-06-30
44000-P168869,actual_end,2020-06-30
44000-P176498,planned_start,2022-10-10
44000-P176498,actual_start,2024-02-29
44000-P176498,planned_end,2025-02-28
44000-P176498,actual_end,2025-02-28
44000-P159547,planned_start,2017-03-31
44000-P159547,actual_start,2018-08-07
44000-P159547,planned_end,2019-06-30
44000-P159547,actual_end,2019-06-30
44000-P181344,planned_start,2024-09-30
44000-P181344,actual_start,2024-10-08
44000-P181344,planned_end,2027-11-30
44000-P181344,actual_end,2027-11-30
44000-P178687,planned_start,2024-12-12
44000-P178687,actual_start,2024-12-12
44000-P178687,planned_end,2025-12-15
44000-P178687,actual_end,2025-12-15
44000-P166788,planned_start,2019-04-30
44000-P166788,actual_start,2020-03-10
44000-P166788,planned_end,2024-11-30
44000-P166788,actual_end,2024-11-30
44000-P170477,planned_start,2019-06-27
44000-P170477,actual_start,2020-03-24
44000-P170477,planned_end,2021-06-30
44000-P170477,actual_end,2021-06-30
44000-P174440,planned_start,2021-02-22
44000-P174440,actual_start,2021-03-25
44000-P174440,planned_end,2022-05-31
44000-P174440,actual_end,2022-05-31
44000-P176881,planned_start,2022-02-24
44000-P176881,actual_start,2022-03-24
44000-P176881,planned_end,2023-06-30
44000-P176881,actual_end,2023-06-30
44000-P178531,planned_start,2024-05-06
44000-P178531,actual_start,2024-05-06
44000-P178531,planned_end,2025-04-25
44000-P178531,actual_end,2025-04-25
44000-P149831,planned_end,2018-03-12
44000-P154981,planned_end,2020-09-30
44000-P101177,planned_start,2008-03-20
44000-P101177,actual_start,2009-04-09
44000-P101177,planned_end,2015-09-08
44000-P101177,actual_end,2015-09-08
44000-P149831,actual_end,2018-03-12
44000-P149831,planned_start,2015-03-12
44000-P149831,actual_start,2015-03-12
44000-P101471,planned_start,2008-05-18
44000-P101471,actual_start,2009-02-17
44000-P101471,planned_end,2015-09-08
44000-P101471,actual_end,2015-09-08
44000-P154981,actual_start,2016-02-11
44000-P154981,planned_start,2015-08-20
44000-P154981,actual_end,2020-09-30
44000-P151007,planned_start,2014-10-21
44000-P151007,actual_start,2015-03-18
44000-P151007,planned_end,2017-12-31
44000-P151007,actual_end,2017-12-31
44000-P156858,planned_start,2015-10-01
44000-P156858,actual_start,2016-02-11
44000-P156858,planned_end,2020-09-30
44000-P156858,actual_end,2020-09-30
44000-P169505,planned_start,2019-07-18
44000-P169505,actual_start,2020-03-19
44000-P169505,planned_end,2023-06-30
44000-P169505,actual_end,2023-06-30
44000-P178285,planned_start,2022-07-15
44000-P178285,actual_start,2022-06-30
44000-P178285,planned_end,2023-12-15
44000-P178285,actual_end,2023-12-15
44000-P120860,planned_start,2010-09-15
44000-P120860,actual_start,2010-12-09
44000-P120860,planned_end,2019-12-09
44000-P120860,actual_end,2019-12-09
44000-P176387,planned_start,2021-06-29
44000-P176387,actual_start,2021-06-24
44000-P176387,planned_end,2022-12-31
44000-P176387,actual_end,2022-12-31
44000-P177765,planned_start,2022-01-12
44000-P177765,actual_start,2022-03-31
44000-P177765,planned_end,2023-06-30
44000-P177765,actual_end,2023-06-30
44000-P508227,planned_start,2025-08-08
44000-P508227,actual_start,2025-08-08
44000-P508227,planned_end,2027-02-08
44000-P508227,actual_end,2027-02-08
44000-P178591,planned_start,2022-10-31
44000-P178591,actual_start,2022-12-15
44000-P178591,planned_end,2025-12-29
44000-P178591,actual_end,2025-12-29
44000-P131028,planned_start,2012-11-15
44000-P131028,actual_start,2012-12-13
44000-P131028,planned_end,2013-12-31
44000-P131028,actual_end,2013-12-31
44000-P179214,planned_end,2026-11-30
44000-P179214,actual_end,2026-11-30
44000-P179214,planned_start,2023-07-07
44000-P179214,actual_start,2023-10-26
44000-P181263,actual_end,2028-03-31
44000-P180554,planned_start,2024-08-09
44000-P180554,actual_start,2024-08-09
44000-P180554,planned_end,2027-11-01
44000-P180554,actual_end,2027-11-01
44000-P181263,planned_end,2028-03-31
44000-P181263,planned_start,2024-07-22
44000-P181263,actual_start,2025-03-26
44000-P174347,planned_start,2020-09-15
44000-P174347,actual_start,2021-06-28
44000-P174347,planned_end,2022-09-30
44000-P174347,actual_end,2022-09-30
44000-P506131,planned_start,2026-01-26
44000-P506131,actual_start,2026-01-26
44000-P506131,planned_end,2029-03-31
44000-P506131,actual_end,2029-03-31
44000-P507527,planned_start,2025-12-11
44000-P507527,actual_start,2025-12-11
44000-P507527,planned_end,2028-12-31
44000-P507527,actual_end,2028-12-31
44000-P127433,planned_start,2012-05-29
44000-P127433,actual_start,2012-06-19
44000-P127433,planned_end,2013-06-30
44000-P127433,actual_end,2013-06-30
44000-P146243,planned_start,2014-05-22
44000-P146243,actual_start,2014-07-01
44000-P146243,planned_end,2015-12-31
44000-P146243,actual_end,2015-12-31
44000-P130459,planned_start,2013-05-30
44000-P130459,actual_start,2013-06-18
44000-P130459,planned_end,2014-06-30
44000-P130459,actual_end,2014-06-30
44000-P165717,planned_start,2018-08-31
44000-P165717,actual_start,2018-10-25
44000-P165717,planned_end,2020-03-31
44000-P165717,actual_end,2020-03-31
44000-P130051,planned_start,2012-05-29
44000-P130051,actual_start,2012-06-12
44000-P130051,planned_end,2014-10-27
44000-P130051,actual_end,2014-10-27
44000-P179297,planned_start,2023-09-29
44000-P179297,actual_start,2023-06-30
44000-P179297,planned_end,2024-09-30
44000-P179297,actual_end,2024-09-30
44000-P181517,planned_start,2024-09-30
44000-P148957,planned_start,2014-05-06
44000-P181517,actual_start,2024-07-25
44000-P181517,planned_end,2026-12-31
44000-P181517,actual_end,2026-12-31
44000-P502111,actual_end,2027-12-31
44000-P148957,actual_start,2014-05-22
44000-P148957,planned_end,2015-12-31
44000-P148957,actual_end,2015-12-31
44000-P149776,planned_start,2015-06-11
44000-P149776,actual_start,2016-12-15
44000-P149776,planned_end,2017-12-31
44000-P149776,actual_end,2017-12-31
44000-P502111,planned_start,2024-09-19
44000-P502111,actual_start,2024-09-19
44000-P502111,planned_end,2027-12-31
44000-P513191,planned_start,2026-03-30
44000-P513191,actual_start,2026-03-30
44000-P513191,planned_end,2027-06-30
44000-P513191,actual_end,2027-06-30
44000-P161184,planned_end,2019-08-30
44000-P155694,planned_end,2018-03-31
44000-P155694,planned_start,2016-04-20
44000-P155694,actual_start,2017-01-18
44000-P155694,actual_end,2018-03-31
44000-P166303,planned_start,2018-05-31
44000-P166303,actual_start,2018-06-26
44000-P166303,planned_end,2021-12-31
44000-P166303,actual_end,2021-12-31
44000-P157489,planned_start,2017-07-28
44000-P157489,actual_start,2017-05-03
44000-P157489,planned_end,2020-10-31
44000-P157489,actual_end,2020-10-31
44000-P161184,planned_start,2017-10-03
44000-P161184,actual_start,2018-03-20
44000-P161184,actual_end,2019-08-30
44000-P164575,planned_start,2021-04-29
44000-P164575,actual_start,2021-04-29
44000-P164575,planned_end,2022-12-31
44000-P164575,actual_end,2022-12-31
44000-P178912,planned_start,2022-06-30
44000-P178912,actual_start,2022-06-30
44000-P178912,planned_end,2023-09-30
44000-P178912,actual_end,2023-09-30
44000-P177410,planned_start,2022-04-19
44000-P177410,actual_start,2023-03-09
44000-P177410,planned_end,2024-06-30
44000-P177410,actual_end,2024-06-30
44000-P178115,planned_start,2025-03-06
44000-P178115,actual_start,2025-03-06
44000-P178115,planned_end,2026-03-31
44000-P178115,actual_end,2026-03-31
44000-P127408,actual_end,2016-03-31
44000-P125943,planned_start,2011-07-26
44000-P125943,actual_start,2011-09-13
44000-P125943,planned_end,2014-10-31
44000-P125943,actual_end,2014-10-31
44000-P127408,planned_start,2012-09-06
44000-P126580,planned_start,2012-05-22
44000-P126580,actual_start,2013-03-19
44000-P126580,planned_end,2015-06-30
44000-P126580,actual_end,2015-06-30
44000-P127408,actual_start,2015-03-24
44000-P127408,planned_end,2016-03-31
44000-P170914,planned_end,2022-03-31
44000-P149750,planned_end,2017-12-31
44000-P147803,planned_start,2014-05-30
44000-P147803,actual_start,2014-09-26
44000-P147803,planned_end,2015-12-31
44000-P147803,actual_end,2015-12-31
44000-P149750,planned_start,2015-07-15
44000-P149750,actual_start,2016-10-25
44000-P149750,actual_end,2017-12-31
44000-P155656,planned_start,2015-09-24
44000-P155656,actual_start,2015-12-22
44000-P155656,planned_end,2020-03-30
44000-P155656,actual_end,2020-03-30
44000-P149886,planned_start,2014-11-20
44000-P149886,actual_start,2014-11-21
44000-P149886,planned_end,2015-12-31
44000-P149886,actual_end,2015-12-31
44000-P175008,planned_end,2022-06-30
44000-P175008,planned_start,2021-07-14
44000-P175008,actual_start,2021-06-24
44000-P175008,actual_end,2022-06-30
44000-P175360,planned_start,2022-12-20
44000-P175360,actual_start,2023-01-30
44000-P175360,planned_end,2024-06-30
44000-P175360,actual_end,2024-06-30
44000-P167651,planned_start,2018-09-28
44000-P167651,actual_start,2019-03-15
44000-P167651,planned_end,2020-03-31
44000-P167651,actual_end,2020-03-31
44000-P170052,actual_start,2019-12-17
44000-P170052,planned_start,2019-11-15
44000-P170052,planned_end,2021-03-31
44000-P170052,actual_end,2021-03-31
44000-P170914,planned_start,2020-12-15
44000-P170914,actual_start,2020-12-16
44000-P170914,actual_end,2022-03-31
44000-P176891,actual_start,2021-12-10
44000-P176891,planned_start,2021-12-15
44000-P176891,planned_end,2023-03-31
44000-P176891,actual_end,2023-03-31
44000-P171440,planned_start,2020-05-15
44000-P171440,actual_start,2020-04-09
44000-P171440,planned_end,2022-06-30
44000-P171440,actual_end,2022-06-30
44000-P177125,planned_start,2021-10-28
44000-P177125,actual_start,2021-11-17
44000-P177125,planned_end,2023-09-04
44000-P177125,actual_end,2023-09-04
44000-P180336,actual_end,2025-12-31
44000-P178634,planned_start,2023-05-16
44000-P178634,actual_start,2023-06-13
44000-P178634,planned_end,2024-12-31
44000-P178634,actual_end,2024-12-31
44000-P179361,planned_start,2023-12-08
44000-P179361,actual_start,2023-09-29
44000-P179361,planned_end,2024-12-31
44000-P179361,actual_end,2024-12-31
44000-P180336,planned_start,2024-05-31
44000-P180336,actual_start,2024-06-28
44000-P180336,planned_end,2025-12-31
44000-P180585,planned_start,2023-09-21
44000-P180585,actual_start,2023-11-16
44000-P180585,planned_end,2026-12-31
44000-P180585,actual_end,2026-12-31
44000-P167465,planned_start,2019-11-26
44000-P167465,actual_start,2020-05-06
44000-P167465,planned_end,2021-11-30
44000-P167465,actual_end,2021-11-30
44000-P172454,planned_start,2021-07-06
44000-P172454,actual_start,2021-11-30
44000-P172454,planned_end,2023-03-31
44000-P172454,actual_end,2023-03-31
44000-P174120,planned_start,2020-05-20
44000-P174120,actual_start,2020-05-28
44000-P174120,planned_end,2021-06-30
44000-P174120,actual_end,2021-06-30
44000-P181127,actual_start,2024-11-12
44000-P181127,planned_start,2024-09-16
44000-P146726,planned_start,2014-03-27
44000-P146726,actual_start,2014-12-17
44000-P146726,planned_end,2015-12-31
44000-P146726,actual_end,2015-12-31
44000-P181127,planned_end,2026-03-31
44000-P181127,actual_end,2026-03-31
44000-P181389,planned_start,2025-03-31
44000-P181389,actual_start,2025-03-31
44000-P181389,planned_end,2026-06-30
44000-P181389,actual_end,2026-06-30
44000-P507528,planned_start,2026-03-12
44000-P507528,actual_start,2026-03-12
44000-P507528,planned_end,2027-06-30
44000-P507528,actual_end,2027-06-30
44000-P506960,planned_start,2024-11-27
44000-P506960,actual_start,2024-11-27
44000-P506960,planned_end,2025-12-31
44000-P506960,actual_end,2025-12-31
44000-P148861,planned_start,2014-07-07
44000-P178676,planned_start,2022-11-15
44000-P178676,actual_start,2023-11-30
44000-P178676,planned_end,2026-12-31
44000-P178676,actual_end,2026-12-31
44000-P148861,actual_start,2014-09-26
44000-P148861,planned_end,2020-09-30
44000-P148861,actual_end,2020-09-30
44000-P125202,planned_start,2012-04-25
44000-P125202,actual_start,2012-09-20
44000-P125202,planned_end,2013-06-30
44000-P125202,actual_end,2013-06-30
44000-P178209,planned_start,2022-11-08
44000-P178209,actual_start,2022-12-20
44000-P178209,planned_end,2024-03-15
44000-P178209,actual_end,2024-03-15
44000-P178210,planned_start,2023-11-07
44000-P178210,actual_start,2024-01-11
44000-P178210,planned_end,2025-12-31
44000-P178210,actual_end,2025-12-31
44000-P174198,planned_start,2020-06-30
44000-P511758,planned_start,2025-12-19
44000-P511758,actual_start,2025-12-19
44000-P511758,planned_end,2027-06-30
44000-P511758,actual_end,2027-06-30
44000-P174198,actual_start,2020-06-25
44000-P174198,planned_end,2021-06-30
44000-P174198,actual_end,2021-06-30
44000-P153269,actual_start,2015-10-23
44000-P153269,planned_start,2015-09-29
44000-P153269,planned_end,2016-12-31
44000-P153269,actual_end,2016-12-31
44000-P513769,planned_start,2026-04-03
44000-P168259,planned_start,2018-12-07
44000-P168259,actual_start,2019-03-19
44000-P168259,planned_end,2019-10-31
44000-P168259,actual_end,2019-10-31
44000-P513769,actual_start,2026-04-03
44000-P513769,planned_end,2027-12-31
44000-P513769,actual_end,2027-12-31
44000-P169498,planned_start,2020-04-30
44000-P169498,actual_start,2020-06-17
44000-P169498,planned_end,2020-12-31
44000-P169498,actual_end,2020-12-31
44000-P176420,planned_start,2021-10-28
44000-P176420,actual_start,2021-12-16
44000-P176420,planned_end,2022-12-23
44000-P176420,actual_end,2022-12-23
44000-P175342,planned_start,2021-12-16
44000-P175342,actual_start,2021-12-16
44000-P175342,planned_end,2022-12-31
44000-P175342,actual_end,2022-12-31
44000-P175139,planned_start,2021-06-29
44000-P175139,actual_start,2021-03-23
44000-P175139,planned_end,2022-03-31
44000-P175139,actual_end,2022-03-31
44000-P133107,planned_start,2013-03-28
44000-P133107,actual_start,2013-12-23
44000-P133107,planned_end,2015-06-30
44000-P133107,actual_end,2015-06-30
44000-P178321,planned_start,2022-09-20
44000-P178321,actual_start,2022-12-05
44000-P178321,planned_end,2023-11-30
44000-P178321,actual_end,2023-11-30
44000-P178322,planned_start,2023-11-30
44000-P178322,actual_start,2023-12-14
44000-P178322,planned_end,2024-12-30
44000-P178322,actual_end,2024-12-30
44000-P171554,planned_start,2020-12-16
44000-P503960,planned_start,2024-12-13
44000-P503960,actual_start,2024-12-13
44000-P503960,planned_end,2027-12-31
44000-P503960,actual_end,2027-12-31
44000-P178113,planned_start,2022-12-06
44000-P178113,actual_start,2022-12-22
44000-P178113,planned_end,2023-06-30
44000-P178113,actual_end,2023-06-30
44000-P171554,actual_start,2020-12-16
44000-P171554,planned_end,2023-06-30
44000-P171554,actual_end,2023-06-30
44000-P180196,planned_start,2023-12-08
44000-P180196,actual_start,2023-12-08
44000-P180196,planned_end,2024-04-30
44000-P180196,actual_end,2024-04-30
44000-P146452,planned_start,2014-03-25
44000-P146452,actual_start,2014-03-13
44000-P146452,planned_end,2015-06-30
44000-P146452,actual_end,2015-06-30
44000-P181603,planned_start,2024-09-12
44000-P181603,actual_start,2025-09-26
44000-P181603,planned_end,2028-12-31
44000-P181603,actual_end,2028-12-31
44000-P173680,planned_end,2022-06-30
44000-P173680,planned_start,2021-11-11
44000-P173680,actual_start,2021-12-16
44000-P173680,actual_end,2022-06-30
44000-P171570,planned_start,2020-02-28
44000-P171570,actual_start,2020-02-27
44000-P171570,planned_end,2021-07-15
44000-P171570,actual_end,2021-07-15
44000-P151279,planned_start,2015-03-12
44000-P151279,actual_start,2015-01-22
44000-P151279,planned_end,2016-03-31
44000-P151279,actual_end,2016-03-31
44000-P155024,planned_start,2016-01-12
44000-P155024,actual_start,2015-12-01
44000-P155024,planned_end,2016-09-30
44000-P155024,actual_end,2016-09-30
44000-P158698,planned_start,2016-11-15
44000-P158698,actual_start,2016-10-31
44000-P158698,planned_end,2017-12-31
44000-P158698,actual_end,2017-12-31
44000-P162671,planned_start,2017-11-15
44000-P162671,actual_start,2017-12-01
44000-P162671,planned_end,2019-06-30
44000-P162671,actual_end,2019-06-30
44000-P505244,planned_start,2024-12-20
44000-P505244,actual_start,2024-12-20
44000-P505244,planned_end,2025-12-20
44000-P505244,actual_end,2025-12-20
44000-P513028,planned_start,2026-03-23
44000-P513028,actual_start,2026-03-23
44000-P513028,planned_end,2027-09-30
44000-P513028,actual_end,2027-09-30
44000-P166458,planned_start,2018-11-16
44000-P166458,actual_start,2018-11-15
44000-P166458,planned_end,2020-06-30
44000-P166458,actual_end,2020-06-30
44000-P174889,planned_start,2022-07-27
44000-P174889,actual_start,2022-07-27
44000-P174889,planned_end,2024-01-31
44000-P174889,actual_end,2024-01-31
44000-P169040,planned_start,2019-11-15
44000-P169040,actual_start,2019-08-29
44000-P169040,planned_end,2021-06-30
44000-P169040,actual_end,2021-06-30
44000-P179307,planned_start,2023-07-27
44000-P179307,actual_start,2023-07-28
44000-P179307,planned_end,2025-01-31
44000-P179307,actual_end,2025-01-31
44000-P501988,planned_start,2024-07-30
44000-P501988,actual_start,2024-07-30
44000-P501988,planned_end,2025-12-31
44000-P501988,actual_end,2025-12-31
44000-P506857,planned_start,2025-08-07
44000-P506857,actual_start,2025-08-07
44000-P506857,planned_end,2026-12-31
44000-P506857,actual_end,2026-12-31
44000-P508225,planned_start,2025-04-29
44000-P508225,actual_start,2025-04-29
44000-P508225,planned_end,2026-10-31
44000-P508225,actual_end,2026-10-31
44000-P509222,planned_start,2025-05-23
44000-P509222,actual_start,2025-05-23
44000-P509222,planned_end,2028-08-31
44000-P509222,actual_end,2028-08-31
44000-P174447,planned_end,2022-06-30
44000-P128284,planned_start,2012-07-25
44000-P174447,actual_end,2022-06-30
44000-P174447,planned_start,2020-08-10
44000-P174447,actual_start,2020-11-19
44000-P175317,actual_start,2022-05-06
44000-P126470,planned_start,2012-05-29
44000-P126470,actual_start,2013-12-19
44000-P126470,planned_end,2015-03-31
44000-P126470,actual_end,2015-03-31
44000-P175317,planned_start,2021-11-25
44000-P128284,actual_start,2012-12-20
44000-P128284,planned_end,2014-03-31
44000-P128284,actual_end,2014-03-31
44000-P175317,planned_end,2023-06-30
44000-P175317,actual_end,2023-06-30
44000-P174275,planned_start,2022-10-13
44000-P174275,actual_start,2023-08-29
44000-P174275,planned_end,2024-12-31
44000-P174275,actual_end,2024-12-31
44000-P159010,actual_end,2017-12-31
44000-P159010,planned_start,2016-10-13
44000-P159010,actual_start,2016-11-30
44000-P159010,planned_end,2017-12-31
44000-P508911,planned_start,2026-04-07
44000-P508911,actual_start,2026-04-07
44000-P508911,planned_end,2028-12-30
44000-P508911,actual_end,2028-12-30
44000-P159023,planned_start,2016-11-22
44000-P159023,actual_start,2017-06-30
44000-P159023,planned_end,2018-12-15
44000-P159023,actual_end,2018-12-15
44000-P168335,planned_start,2020-03-24
44000-P168335,actual_start,2020-12-18
44000-P168335,planned_end,2021-12-31
44000-P168335,actual_end,2021-12-31
44000-P174274,planned_start,2021-11-04
44000-P174274,actual_start,2021-12-16
44000-P174274,planned_end,2022-12-31
44000-P174274,actual_end,2022-12-31
44000-P164321,planned_start,2018-11-29
44000-P164321,actual_start,2019-12-18
44000-P164321,planned_end,2020-12-31
44000-P164321,actual_end,2020-12-31
44000-P164525,planned_end,2019-12-31
44000-P175293,planned_start,2023-03-15
44000-P175293,actual_start,2023-06-13
44000-P175293,planned_end,2023-12-31
44000-P175293,actual_end,2023-12-31
44000-P164525,planned_start,2018-03-22
44000-P164525,actual_start,2018-12-14
44000-P164525,actual_end,2019-12-31
44000-P170366,planned_end,2021-06-17
44000-P170366,planned_start,2020-01-31
44000-P170366,actual_start,2019-12-18
44000-P170366,actual_end,2021-06-17
44000-P172648,actual_end,2024-12-31
44000-P172723,planned_start,2020-10-29
44000-P172723,actual_start,2022-06-02
44000-P172723,planned_end,2022-12-31
44000-P172723,actual_end,2022-12-31
44000-P147557,planned_start,2014-01-30
44000-P147557,actual_start,2014-05-01
44000-P147557,planned_end,2015-06-30
44000-P147557,actual_end,2015-06-30
44000-P161136,planned_start,2017-03-31
44000-P161136,actual_start,2017-03-15
44000-P161136,planned_end,2018-06-30
44000-P161136,actual_end,2018-06-30
44000-P128258,planned_start,2013-11-21
44000-P128258,actual_start,2014-05-01
44000-P128258,planned_end,2015-06-30
44000-P128258,actual_end,2015-06-30
44000-P152021,planned_start,2015-05-28
44000-P152021,actual_start,2015-11-12
44000-P152021,planned_end,2016-12-31
44000-P152021,actual_end,2016-12-31
44000-P172648,planned_start,2021-06-24
44000-P172648,actual_start,2023-12-19
44000-P172648,planned_end,2024-12-31
44000-P157207,planned_start,2016-07-07
44000-P157207,actual_start,2016-06-21
44000-P157207,planned_end,2017-12-31
44000-P157207,actual_end,2017-12-31
44000-P174553,planned_start,2020-12-23
44000-P174553,actual_start,2021-06-28
44000-P174553,planned_end,2022-06-30
44000-P174553,actual_end,2022-06-30
44000-P172628,planned_start,2021-03-31
44000-P172628,actual_start,2021-06-28
44000-P172628,planned_end,2022-06-30
44000-P172628,actual_end,2022-06-30
44000-P509413,planned_start,2025-08-01
44000-P509413,actual_start,2025-08-01
44000-P509413,planned_end,2028-11-30
44000-P509413,actual_end,2028-11-30
44000-P170568,actual_start,2020-05-21
44000-P170568,planned_start,2020-05-21
44000-P170568,planned_end,2021-05-31
44000-P170568,actual_end,2021-05-31
44000-P171850,planned_start,2019-12-03
44000-P171850,actual_start,2020-06-29
44000-P171850,planned_end,2021-05-31
44000-P171850,actual_end,2021-05-31
44000-P155480,planned_start,2015-11-17
44000-P155480,actual_start,2015-12-10
44000-P155480,planned_end,2017-12-31
44000-P155480,actual_end,2017-12-31
44000-P166739,actual_end,2019-12-31
44000-P168606,planned_start,2019-07-31
44000-P168606,actual_start,2020-01-17
44000-P168606,planned_end,2021-01-15
44000-P168606,actual_end,2021-01-15
44000-P163968,planned_start,2017-06-28
44000-P163968,actual_start,2017-06-29
44000-P163968,planned_end,2017-12-31
44000-P163968,actual_end,2017-12-31
44000-P172023,planned_start,2020-11-24
44000-P169867,planned_end,2020-12-31
44000-P172023,actual_start,2022-03-30
44000-P172023,planned_end,2023-03-31
44000-P172023,actual_end,2023-03-31
44000-P169867,planned_start,2019-12-16
44000-P169867,actual_start,2019-12-16
44000-P169867,actual_end,2020-12-31
44000-P173324,planned_end,2021-12-31
44000-P174376,planned_start,2020-07-31
44000-P174376,actual_start,2020-09-10
44000-P174376,planned_end,2021-09-30
44000-P174376,actual_end,2021-09-30
44000-P181238,planned_start,2024-07-31
44000-P181238,actual_start,2024-12-10
44000-P181238,planned_end,2026-05-31
44000-P181238,actual_end,2026-05-31
44000-P173324,actual_end,2021-12-31
44000-P173324,planned_start,2020-06-12
44000-P173324,actual_start,2020-06-12
44000-P166739,planned_start,2018-11-15
44000-P166739,actual_start,2018-12-10
44000-P166739,planned_end,2019-12-31
44000-P510580,planned_start,2025-12-12
44000-P510580,actual_start,2025-12-12
44000-P510580,planned_end,2027-05-31
44000-P510580,actual_end,2027-05-31
44000-P179294,planned_start,2023-05-31
44000-P179294,actual_start,2023-09-06
44000-P179294,planned_end,2024-10-20
44000-P179294,actual_end,2024-10-20
44000-P144601,planned_start,2013-11-14
44000-P144601,actual_start,2013-11-18
44000-P144601,planned_end,2014-06-30
44000-P144601,actual_end,2014-06-30
44000-P149963,planned_start,2014-10-29
44000-P149963,actual_start,2014-10-29
44000-P149963,planned_end,2015-12-31
44000-P149963,actual_end,2015-12-31
44000-P132208,planned_start,2013-03-21
44000-P132208,actual_start,2013-12-05
44000-P132208,planned_end,2016-06-30
44000-P132208,actual_end,2016-06-30
44000-P158111,planned_end,2018-12-31
44000-P158111,planned_start,2016-12-22
44000-P158111,actual_start,2017-06-13
44000-P158111,actual_end,2018-12-31
44000-P159263,planned_start,2018-04-18
44000-P159263,actual_start,2019-05-16
44000-P159263,planned_end,2020-09-30
44000-P159263,actual_end,2020-09-30
44000-P171071,planned_start,2020-03-31
44000-P171071,actual_start,2020-05-12
44000-P171071,planned_end,2021-12-31
44000-P171071,actual_end,2021-12-31
44000-P172742,planned_start,2021-07-29
44000-P172742,actual_start,2021-11-24
44000-P132709,planned_start,2013-09-12
44000-P132709,actual_start,2014-04-29
44000-P132709,planned_end,2015-06-30
44000-P132709,actual_end,2015-06-30
44000-P172742,planned_end,2024-11-30
44000-P172742,actual_end,2024-11-30
44000-P174683,planned_start,2020-12-09
44000-P150950,planned_start,2014-10-30
44000-P150950,actual_start,2015-10-01
44000-P150950,planned_end,2016-12-31
44000-P150950,actual_end,2016-12-31
44000-P174683,actual_start,2020-12-09
44000-P174683,planned_end,2022-12-31
44000-P174683,actual_end,2022-12-31
44000-P161483,planned_end,2019-12-31
44000-P161483,planned_start,2017-09-28
44000-P161483,actual_start,2018-06-27
44000-P179813,planned_start,2023-08-04
44000-P161483,actual_end,2019-12-31
44000-P128251,planned_start,2012-05-31
44000-P128251,actual_start,2012-11-27
44000-P128251,planned_end,2013-12-31
44000-P128251,actual_end,2013-12-31
44000-P179813,actual_start,2024-01-19
44000-P179813,planned_end,2026-12-31
44000-P179813,actual_end,2026-12-31
44000-P509760,planned_start,2025-05-14
44000-P509760,actual_start,2025-05-14
44000-P509760,planned_end,2026-12-31
44000-P509760,actual_end,2026-12-31
44000-P170558,planned_start,2019-12-05
44000-P170558,actual_start,2019-12-13
44000-P170558,planned_end,2022-12-23
44000-P170558,actual_end,2022-12-23
44000-P179820,planned_start,2023-11-23
44000-P179820,actual_start,2023-09-22
44000-P179820,planned_end,2026-10-30
44000-P179820,actual_end,2026-10-30
44000-P172614,planned_start,2021-07-28
44000-P172614,actual_start,2021-12-08
44000-P172614,planned_end,2027-12-08
44000-P172614,actual_end,2027-12-08
44000-P155066,planned_start,2016-10-06
44000-P155066,actual_start,2016-12-09
44000-P155066,planned_end,2018-06-30
44000-P155066,actual_end,2018-06-30
44000-P145488,planned_start,2013-09-26
44000-P145488,actual_start,2013-11-22
44000-P145488,planned_end,2014-06-30
44000-P145488,actual_end,2014-06-30
44000-P506356,planned_start,2025-02-28
44000-P506356,actual_start,2025-02-28
44000-P506356,planned_end,2026-02-27
44000-P506356,actual_end,2026-02-27
44000-P150194,planned_start,2015-01-26
44000-P150194,actual_start,2015-03-26
44000-P150194,planned_end,2016-12-31
44000-P150194,actual_end,2016-12-31
44000-P150313,planned_start,2014-08-07
44000-P150313,actual_start,2014-05-22
44000-P150313,planned_end,2014-10-31
44000-P150313,actual_end,2014-10-31
44000-P150677,planned_end,2014-11-30
44000-P150677,planned_start,2014-10-15
44000-P150677,actual_start,2014-08-07
44000-P150677,actual_end,2014-11-30
44000-P181023,planned_start,2023-06-23
44000-P181023,actual_start,2023-06-29
44000-P181023,planned_end,2024-06-30
44000-P181023,actual_end,2024-06-30
44000-P506463,planned_start,2024-12-17
44000-P506463,actual_start,2024-12-17
44000-P506463,planned_end,2026-06-30
44000-P506463,actual_end,2026-06-30
44000-P177930,planned_start,2022-06-15
44000-P177930,actual_start,2023-01-12
44000-P177930,planned_end,2024-06-30
44000-P177930,actual_end,2024-06-30
44000-P172597,planned_end,2021-06-30
44000-P172597,planned_start,2020-02-27
44000-P172597,actual_start,2020-06-26
44000-P172597,actual_end,2021-06-30
44000-P177931,planned_start,2021-12-17
44000-P177931,actual_start,2021-12-17
44000-P177931,planned_end,2023-01-31
44000-P177931,actual_end,2023-01-31
44000-P502032,planned_start,2024-03-26
44000-P502032,actual_start,2024-03-26
44000-P502032,planned_end,2025-12-31
44000-P502032,actual_end,2025-12-31
44000-P501015,planned_start,2025-08-07
44000-P501015,actual_start,2025-08-07
44000-P501015,planned_end,2026-12-31
44000-P501015,actual_end,2026-12-31
44000-P172796,planned_start,2020-03-13
44000-P172796,actual_start,2020-06-25
44000-P172796,planned_end,2021-12-31
44000-P172796,actual_end,2021-12-31
44000-P179367,planned_start,2023-11-16
44000-P179367,actual_start,2023-11-16
44000-P179367,planned_end,2025-11-30
44000-P179367,actual_end,2025-11-30
44000-P110836,actual_end,2014-06-30
44000-P178156,planned_start,2022-05-31
44000-P178156,actual_start,2022-12-20
44000-P178156,planned_end,2023-12-31
44000-P178156,actual_end,2023-12-31
44000-P133798,planned_start,2013-11-26
44000-P133798,actual_start,2015-06-23
44000-P133798,planned_end,2015-12-31
44000-P133798,actual_end,2015-12-31
44000-P110836,planned_start,2012-05-01
44000-P110836,actual_start,2013-03-26
44000-P110836,planned_end,2014-06-30
44000-P131440,planned_start,2012-10-23
44000-P131440,actual_start,2012-11-13
44000-P131440,planned_end,2019-06-30
44000-P131440,actual_end,2019-06-30
44000-P120536,planned_start,2013-05-07
44000-P120536,actual_start,2014-03-27
44000-P120536,planned_end,2015-06-30
44000-P120536,actual_end,2015-06-30
44000-P145254,planned_start,2014-02-18
44000-P145254,actual_start,2014-03-21
44000-P145254,planned_end,2015-06-30
44000-P145254,actual_end,2015-06-30
44000-P507912,planned_start,2025-06-05
44000-P507912,actual_start,2025-06-05
44000-P507912,planned_end,2028-06-04
44000-P507912,actual_end,2028-06-04
44000-P180504,actual_start,2023-12-20
44000-P180504,planned_start,2023-12-29
44000-P180504,planned_end,2025-02-28
44000-P180504,actual_end,2025-02-28
44000-P150009,planned_start,2015-03-25
44000-P150009,actual_start,2015-09-03
44000-P150009,planned_end,2016-08-31
44000-P150009,actual_end,2016-08-31
44000-P143645,planned_start,2013-02-15
44000-P143645,actual_start,2013-03-26
44000-P143645,planned_end,2014-06-30
44000-P143645,actual_end,2014-06-30
44000-P507760,planned_start,2025-04-10
44000-P507760,actual_start,2025-04-10
44000-P507760,planned_end,2028-04-30
44000-P507760,actual_end,2028-04-30
44000-P169956,planned_start,2019-12-10
44000-P169956,actual_start,2020-06-25
44000-P169956,planned_end,2023-06-30
44000-P169956,actual_end,2023-06-30
44000-P146322,planned_start,2014-05-30
44000-P146322,actual_start,2014-07-24
44000-P146322,planned_end,2015-06-30
44000-P146322,actual_end,2015-06-30
44000-P165928,planned_start,2018-10-31
44000-P165928,actual_start,2018-11-29
44000-P165928,planned_end,2021-11-30
44000-P165928,actual_end,2021-11-30
44000-P149770,planned_start,2014-08-21
44000-P149770,actual_start,2014-09-22
44000-P149770,planned_end,2015-09-30
44000-P149770,actual_end,2015-09-30
44000-P180120,actual_end,2024-07-31
44000-P171764,planned_start,2020-12-03
44000-P171764,actual_start,2020-12-03
44000-P171764,planned_end,2023-11-30
44000-P171764,actual_end,2023-11-30
44000-P162071,planned_start,2016-12-15
44000-P162071,actual_start,2017-08-29
44000-P162071,planned_end,2018-08-29
44000-P162071,actual_end,2018-08-29
44000-P127787,planned_start,2012-07-19
44000-P127787,actual_start,2013-06-06
44000-P127787,planned_end,2014-06-30
44000-P127787,actual_end,2014-06-30
44000-P506285,planned_end,2028-01-13
44000-P174498,planned_start,2022-03-15
44000-P174498,actual_start,2022-06-17
44000-P174498,planned_end,2023-11-30
44000-P174498,actual_end,2023-11-30
44000-P180120,planned_start,2023-09-21
44000-P180120,actual_start,2023-06-01
44000-P180120,planned_end,2024-07-31
44000-P168749,planned_start,2020-01-07
44000-P168749,actual_start,2020-01-07
44000-P168749,planned_end,2023-06-30
44000-P168749,actual_end,2023-06-30
44000-P173906,planned_start,2020-06-30
44000-P173906,actual_start,2020-06-29
44000-P173906,planned_end,2021-06-30
44000-P173906,actual_end,2021-06-30
44000-P176930,planned_start,2022-03-31
44000-P176930,actual_start,2022-06-22
44000-P176930,planned_end,2025-06-30
44000-P176930,actual_end,2025-06-30
44000-P506285,planned_start,2025-01-14
44000-P506285,actual_start,2025-01-14
44000-P506285,actual_end,2028-01-13
44000-P155118,planned_start,2015-10-19
44000-P155118,actual_start,2016-09-13
44000-P155118,planned_end,2017-12-31
44000-P155118,actual_end,2017-12-31
44000-P179077,planned_start,2022-10-28
44000-P179077,actual_start,2023-10-24
44000-P179077,planned_end,2025-02-28
44000-P179077,actual_end,2025-02-28
44000-P507031,planned_start,2025-06-05
44000-P507031,actual_start,2025-06-05
44000-P507031,planned_end,2026-03-31
44000-P507031,actual_end,2026-03-31
44000-P170113,planned_start,2019-10-23
44000-P170113,actual_start,2022-03-18
44000-P170113,planned_end,2023-09-30
44000-P170113,actual_end,2023-09-30
44000-P179944,actual_end,2026-03-18
44000-P179944,planned_start,2024-02-29
44000-P179944,actual_start,2024-03-18
44000-P179944,planned_end,2026-03-18
44000-P174246,planned_end,2023-06-30
44000-P174246,actual_end,2023-06-30
44000-P174246,planned_start,2022-01-20
44000-P174246,actual_start,2022-01-20
PS-TIN-888005972-SO1,actual_start,2022-05-01
PS-TIN-888005972-SO1,actual_end,2026-04-30
44000-P179007,planned_start,2022-07-29
44000-P179007,actual_start,2022-12-14
44000-P179007,planned_end,2024-07-01
44000-P179007,actual_end,2024-07-01
PS-TIN-888005972-SO2,actual_end,2026-04-30
PS-TIN-888005972-SO2,actual_start,2022-05-01
PS-TIN-888005972-SO5,actual_start,2022-05-01
PS-TIN-888005972-SO5,actual_end,2026-04-30
PS-TIN-888005972-SO3,actual_start,2022-05-01
44000-P166019,planned_start,2018-05-01
44000-P166019,actual_start,2018-06-26
44000-P166019,planned_end,2019-12-31
44000-P166019,actual_end,2019-12-31
PS-TIN-888005972-SO3,actual_end,2026-04-30
PS-TIN-888005972-SO4,actual_start,2022-05-01
PS-TIN-888005972-SO4,actual_end,2026-05-30
44000-P168280,planned_start,2019-03-29
44000-P168280,actual_start,2019-06-14
44000-P168280,planned_end,2020-12-31
44000-P168280,actual_end,2020-12-31
44000-P511920,planned_end,2027-06-30
44000-P511920,actual_end,2027-06-30
44000-P511920,planned_start,2025-10-10
44000-P511920,actual_start,2025-10-10
44000-P171751,planned_start,2020-08-06
44000-P171751,actual_start,2020-12-16
44000-P171751,planned_end,2022-06-30
44000-P171751,actual_end,2022-06-30
44000-P180470,planned_start,2023-12-07
44000-P180470,actual_start,2023-12-07
44000-P180470,planned_end,2025-06-30
44000-P180470,actual_end,2025-06-30
44000-P501037,planned_start,2024-10-03
44000-P501037,actual_start,2024-10-03
44000-P501037,planned_end,2026-12-31
44000-P501037,actual_end,2026-12-31
44000-P176353,planned_start,2021-08-27
44000-P176353,actual_start,2021-12-16
44000-P176353,planned_end,2023-06-30
44000-P176353,actual_end,2023-06-30
BJ-IFU-6200801257400-RSG0123375-29295,planned_start,2016-11-29
BJ-IFU-6200801257400-RSG0123375-29295,actual_start,2018-01-05
BJ-IFU-6200801257400-RSG0123375-29295,planned_end,2022-06-30
44000-P174911,planned_end,2023-12-31
44000-P174911,planned_start,2021-06-15
44000-P174911,actual_start,2022-10-25
44000-P181011,planned_start,2023-10-31
44000-P181011,actual_start,2023-12-21
44000-P181011,planned_end,2026-01-15
44000-P181011,actual_end,2026-01-15
44000-P507116,planned_start,2024-12-18
44000-P507116,actual_start,2024-12-18
44000-P507116,planned_end,2027-12-31
44000-P507116,actual_end,2027-12-31
44000-P174911,actual_end,2023-12-31
44000-P507962,planned_start,2026-03-13
44000-P507962,actual_start,2026-03-13
44000-P507962,planned_end,2027-09-30
44000-P507962,actual_end,2027-09-30
44000-P122667,actual_start,2012-02-02
44000-P131775,planned_start,2014-02-20
44000-P131775,planned_end,2015-09-30
44000-P131775,actual_end,2015-09-30
44000-P144675,planned_end,2015-07-31
44000-P144675,actual_end,2015-07-31
44000-P144675,planned_start,2013-12-13
44000-P144675,actual_start,2014-06-30
44000-P146095,planned_start,2014-03-18
44000-P146095,actual_start,2014-06-05
44000-P146095,planned_end,2015-01-31
44000-P146095,actual_end,2015-01-31
44000-P122667,planned_start,2011-07-14
44000-P122667,planned_end,2012-09-30
44000-P122667,actual_end,2012-09-30
44000-P122793,planned_start,2012-06-28
44000-P122793,actual_start,2013-03-19
44000-P122793,planned_end,2014-01-30
44000-P122793,actual_end,2014-01-30
44000-P171216,planned_end,2023-03-30
44000-P155824,planned_end,2017-06-30
44000-P155824,actual_end,2017-06-30
44000-P124174,actual_start,2012-03-22
44000-P124174,planned_start,2011-12-07
44000-P124174,planned_end,2013-07-31
44000-P124174,actual_end,2013-07-31
44000-P127201,planned_start,2012-08-30
44000-P127201,actual_start,2012-11-08
44000-P127201,planned_end,2013-09-30
44000-P127201,actual_end,2013-09-30
44000-P155824,planned_start,2016-05-25
44000-P155824,actual_start,2016-06-24
44000-P171006,planned_start,2019-12-18
44000-P171006,actual_start,2020-06-05
44000-P171006,planned_end,2021-11-30
44000-P171006,actual_end,2021-11-30
44000-P171216,planned_start,2021-06-29
44000-P171216,actual_start,2021-06-29
44000-P171216,actual_end,2023-03-30
44000-P176717,actual_end,2022-12-15
44000-P131775,actual_start,2014-06-30
44000-P157405,planned_start,2016-03-31
44000-P157405,actual_start,2016-05-12
44000-P157405,planned_end,2017-04-30
44000-P157405,actual_end,2017-04-30
44000-P176717,planned_start,2021-06-29
44000-P176717,actual_start,2021-06-29
44000-P176717,planned_end,2022-12-15
44000-P181146,planned_start,2023-06-29
44000-P181146,actual_start,2023-06-29
44000-P181146,planned_end,2024-11-30
44000-P181146,actual_end,2024-11-30
44000-P160480,planned_start,2017-11-30
44000-P160480,actual_start,2019-05-16
44000-P160480,planned_end,2020-04-30
44000-P160480,actual_end,2020-04-30
