iatiidentifier,commitment_usd_full,disbursement_usd_full,n_disb_years_full
44000-P101177,330000000,330000000,2
44000-P101471,330000000,330000000,2
44000-P110836,75000000,73851968,1
44000-P111926,65000000,65000000,4
44000-P112346,300000000,300000000,3
44000-P120536,85000000,85488870,1
44000-P120566,100000000,97003403,1
44000-P120860,0,0,1
44000-P122667,70000000,69284368,1
44000-P122738,66000000,66000000,2
44000-P122793,250000000,247009513,1
44000-P123352,200000000,197996752,1
44000-P123353,75000000,73301800,1
44000-P124041,100000000,100000000,1
44000-P124174,200000000,199487380,1
44000-P125202,7000000,7000000,2
44000-P125272,50000000,49457688,2
44000-P125694,20000000,20000000,1
44000-P125943,500000000,500000000,1
44000-P126034,25000000,25924248,1
44000-P126038,50000000,51972359,1
44000-P126274,25000000,24942602,1
44000-P126297,300751880,300751880,1
44000-P126351,700000000.0000001,700000000.0000001,2
44000-P126470,30000000,30184000,1
44000-P126580,799999999.9999999,800000000,4
44000-P126583,250000000,250000000,1
44000-P126749,200000000,200000000,1
44000-P126903,15000000,15189537,2
44000-P127038,160000000,162656323,1
44000-P127201,70000000,68943420,1
44000-P127332,100000000,100000000,2
44000-P127408,100000000,101458112.99999999,1
44000-P127411,15499999.999999998,15565513.999999998,1
44000-P127433,991400000,920325000,1
44000-P127449,50000000,51455493,1
44000-P127665,206800000,202102500,1
44000-P127754,72000000,72000000,1
44000-P127787,800000000,823562360,1
44000-P127822,203200000,192942600,1
44000-P127955,130000000,129837350,1
44000-P127956,300000000,302345126,1
44000-P128140,20000000,20000000,1
44000-P128251,500000000,513087454,1
44000-P128258,600000000,603789088,1
44000-P128284,55000000,55184983.99999999,1
44000-P128434,50000000,49255666,1
44000-P129489,50000000,49725650,1
44000-P129597,60000000,60056608,1
44000-P129652,150000000,150000000,2
44000-P130012,100000000,101760555,1
44000-P130048,2000000000,2000000000,1
44000-P130051,1333300000,1370150000,2
44000-P130459,1307800000,1327050000,1
44000-P130847,50000000,48563597,1
44000-P130903,200000000,206729014,1
44000-P130972,150000000,150000000,2
44000-P131028,45000000,45000000,1
44000-P131212,110000000,113036000,1
44000-P131440,260000000,260000000,1
44000-P131688,3800000,3851950,1
44000-P131763,200000000,200000000,1
44000-P131775,70000000,66054828,1
44000-P132208,13999999.999999998,13450216,1
44000-P132510,15000000,16140221,2
44000-P132709,250000000,242507719,2
44000-P132757,49998454,50136378.99999999,1
44000-P132768,550000000,550000000,1
44000-P132786,20000000,20030555,1
44000-P133107,-37614.999999999534,25128243.000000004,1
44000-P133664,150000000,151757276,1
44000-P133687,25000000,23759082,1
44000-P133738,340000000,340000000,1
44000-P133798,100000000,99994329,1
44000-P143040,75000000,75000000,1
44000-P143060,60000000,60789266,1
44000-P143283,30000000,30220413,2
44000-P143645,100000000,98217064,1
44000-P143781,69999845,68518299,2
44000-P144185,100000000,93020495,1
44000-P144601,5000000,5246370,1
44000-P144602,5200000,5279344,1
44000-P144675,200000000,200000000,2
44000-P145251,70000000,69970546,2
44000-P145254,100000000,100430168,1
44000-P145275,63000000,56874232,1
44000-P145488,3000000,3083420,1
44000-P145605,600000000,600000000,2
44000-P145766,700000000,700000000,2
44000-P145995,129999999.99999999,129999999.99999999,1
44000-P146095,250000000,236452902,1
44000-P146243,965800000,899010000,1
44000-P146280,100000000,96279915,1
44000-P146322,500000000,462464750,1
44000-P146398,50000000,47351800,1
44000-P146452,70000000,70829850,1
44000-P146537,110000000,108073020,1
44000-P146640,100000000,100234568,1
44000-P146665,19999999.999999996,19973720,1
44000-P146726,30000000.000000004,29930152,1
44000-P146740,50000000,42492510,2
44000-P146930,50000000,47826648,1
44000-P146942,200000000,200000000,1
44000-P146981,200000000,200000000,1
44000-P147015,10000000,10138680,1
44000-P147152,15000000,14991447,1
44000-P147226,120000000,115511270,1
44000-P147244,300751880,300751880,1
44000-P147257,300000000,291073945,1
44000-P147454,102000000,102000000,2
44000-P147557,400000000,402406950,1
44000-P147695,500000000,500000000,1
44000-P147803,300000000,300000000,2
44000-P147806,20000000,20068048,1
44000-P147913,250000000,250000000,2
44000-P147979,216000000,216000000,1
44000-P147984,400000000,400000000,1
44000-P148083,280000000,280000000,1
44000-P148099,24000000,23174775,1
44000-P148642,129999999.99999999,116040061,1
44000-P148861,7000000,7000000,2
44000-P148957,1034800000,843900000,1
44000-P149555,45000000,44615970,2
44000-P149609,700000000,700000000,3
44000-P149747,300000000,300000000,2
44000-P149750,100000000,96944859,1
44000-P149768,80000000,91811444,2
44000-P149770,7500000,6926542.000000001,1
44000-P149776,558270000,593050000,1
44000-P149831,70000000,70000000,1
44000-P149886,5000000,4580994,1
44000-P149888,3000000,13878470,2
44000-P149963,5000000,14968726,2
44000-P149991,60000000,60000000,1
44000-P149998,60000000,60000000,1
44000-P150009,80000000,79496064,1
44000-P150194,4500000,4604534,2
44000-P150313,750000000,750000000,1
44000-P150475,700000000,700704760,2
44000-P150503,45000000,44175590,1
44000-P150677,500000000,500000000,1
44000-P150751,200000000,197180858,1
44000-P150924,2997298,3091824,1
44000-P150941,25000000,23802516,1
44000-P150950,500000000,497634432.99999994,2
44000-P151007,100000000,100000000,2
44000-P151275,99999655.99999999,99019092,1
44000-P151279,70000000,66240910,1
44000-P151448,75000000,75000000,1
44000-P151480,75000000,74396673,1
44000-P151487,80000000,77240520,1
44000-P151794,48421660.99999999,57657783,2
44000-P151803,55000000,55000000,1
44000-P151804,300000000,300000000,1
44000-P151821,14999999.999999998,14993960,1
44000-P152021,500000000,489390303.99999994,1
44000-P152064,100000000,100000000,1
44000-P152440,24000000,23313675,1
44000-P153084,55000000,54642283.99999999,1
44000-P153203,150000000,150000000,1
44000-P153234,50000000,50000000,2
44000-P153243,450000000,450000000,2
44000-P153269,5000000,5000000,2
44000-P153753,80000000,84267052,1
44000-P154213,100000000,100000000,1
44000-P154291,500000000,500000000,1
44000-P154299,250000000,250000000,1
44000-P154422,70000000,69620372,1
44000-P154702,1000000000,1000000000,1
44000-P154821,700000000,696107840,2
44000-P154981,1250000000,1250000000,1
44000-P155024,95000000,93962861,1
44000-P155066,3300000,3448844,1
44000-P155118,5000000.000000001,5082912,1
44000-P155259,100000000,97998025,1
44000-P155425,60000000,60000000,1
44000-P155480,129999999.99999999,127884049,2
44000-P155540,2000000,2074815,1
44000-P155553,50000000,52685456,1
44000-P155605,70000000,77716470,1
44000-P155656,500000000,500000000,2
44000-P155694,200000000,207516660,1
44000-P155824,90000000,87600444,1
44000-P155920,50000000,50000000,1
44000-P155962,1200000000,1200000000,1
44000-P156444,50000000,53612191,1
44000-P156629,40000000,39391619,1
44000-P156761,9340000,9088880,1
44000-P156858,1250000000,1250000000,3
44000-P156963,30000000,29160390,1
44000-P157060,100000000,97208309,1
44000-P157207,500000000,492462936,1
44000-P157224,250000000,250000000,1
44000-P157343,200000000,201598528,1
44000-P157404,200000000,200000000,1
44000-P157405,150000000,150000000,1
44000-P157406,200000000,200000000,1
44000-P157469,24000000,23832725,1
44000-P157489,70000000,74903460,3
44000-P157804,100000000,100000000,1
44000-P158111,500000000,537364076,2
44000-P158140,400000000,400000000,1
44000-P158463,75000000,72332575,1
44000-P158520,800000000,749029100,2
44000-P158698,95000000,91399594,1
44000-P158739,600000000,699690960,2
44000-P159010,5000000,4839588,1
44000-P159023,60000000,64683180,1
44000-P159263,5500000,5565640,1
44000-P159351,150000000,150000000,1
44000-P159508,200000000,199231706,2
44000-P159547,100000000,99330255,1
44000-P159669,250000000,250000000,2
44000-P159710,200000000,200000000,1
44000-P159774,50000000,50000000,1
44000-P159956,38590000,39654615,1
44000-P159969,49971582,50634944,1
44000-P160236,225000000,225000000,1
44000-P160480,125000000,125000000,1
44000-P160544,100000000,102811740,1
44000-P160592,26000000,25413450,1
44000-P160594,10000000,10196123,1
44000-P160628,10000000,10042656,2
44000-P160667,250000000,250000000,1
44000-P160866,65000000,62329830,1
44000-P161136,301600000,301376429,1
44000-P161167,1443820000,1443820000,1
44000-P161184,200000000,182559500,2
44000-P161475,300000000,300000000,1
44000-P161483,500000000,484523506,2
44000-P161562,200000000,182137731,2
44000-P161619,59934795,57318757,1
44000-P161642,500000000,500000000,2
44000-P161794,5000000,5096675,2
44000-P161796,60000000,59166510,1
44000-P162071,400000000,408605505,2
44000-P162111,20000000,20697494,1
44000-P162279,45000000,45320330,1
44000-P162452,20000000,19952075,1
44000-P162671,125000000,125308920,1
44000-P162858,718500000,718500000,2
44000-P163057,26000000,26332392,1
44000-P163283,74885959,78663306,1
44000-P163284,125000000,126942330,1
44000-P163285,56000000,57224482,1
44000-P163318,120000000,121419485,1
44000-P163586,70000000,70000000,1
44000-P163657,200000000,206170574,1
44000-P163939,10000000,10024188,1
44000-P163966,20000000,20078212,1
44000-P163968,65000000,66311830.00000001,1
44000-P163973,300000000,300000000,1
44000-P163983,24000000,22929082,1
44000-P164079,1150000000,1150000000,1
44000-P164137,45000000,45161468,1
44000-P164201,200000000,198906862,2
44000-P164289,30000000,30000000,1
44000-P164321,5000000,5116471,1
44000-P164442,25000000,24620149,1
44000-P164525,180000000,180063320,1
44000-P164545,30000000,30871992.000000004,1
44000-P164575,100000000,93083303,1
44000-P164588,248883034,248883034,1
44000-P164882,90000000,87578652,1
44000-P165056,70000000,69745489,2
44000-P165425,35000000,34214168,1
44000-P165631,40000000,39642419,1
44000-P165717,150000000,147989556,1
44000-P165928,13700000,13627352,2
44000-P166019,500000000,500000000,1
44000-P166115,15000000,14647950,1
44000-P166124,110000000,108905340,1
44000-P166159,100000000,100000000,1
44000-P166298,100000000,98155800,1
44000-P166303,493060000,437050000,1
44000-P166322,90000000,91488349,1
44000-P166360,389000000,389000000,1
44000-P166388,100000000,99066240,1
44000-P166425,60000000,59123274,1
44000-P166458,125000000,124018048,1
44000-P166564,500000000,500000000,2
44000-P166694,200000000,200402775,1
44000-P166739,39918050,39714679,1
44000-P166752,100000000,98720648,1
44000-P166788,50000000,49342591,2
44000-P166839,40000000,40160307,1
44000-P167190,250000000,251384067,1
44000-P167246,40000000,39999999.99999999,1
44000-P167263,4999946,4989224,3
44000-P167297,1000000000,1020070896.0000001,1
44000-P167348,50000000,49718364,1
44000-P167465,15000000,15330543,1
44000-P167485,100000000,100251787,2
44000-P167547,250000000,249932065,1
44000-P167651,450000000,450000000,2
44000-P167674,500000000,500000000,2
44000-P167748,20000000,20000000,1
44000-P167889,500000000,500000000,1
44000-P167941,15921551,15019407,1
44000-P168035,124489645,124273357,2
44000-P168130,953625000.0000001,953625000,2
44000-P168166,30000000,30154971,1
44000-P168204,749999997,751130460,1
44000-P168218,40000000.00000001,39852160,1
44000-P168259,40000000,39670774,1
44000-P168280,700000000,700000000,2
44000-P168332,100000000,98310520,1
44000-P168335,10000000,10225917,1
44000-P168336,700000000,700000000,2
44000-P168402,64000000,63730093,1
44000-P168446,100000000,99738524,1
44000-P168474,49921554,51348187,1
44000-P168566,1200000000,1192202872,2
44000-P168580,275000000,271981770,1
44000-P168587,700000000,685246669,1
44000-P168606,100000000,100391319,1
44000-P168668,150000000,151405114,2
44000-P168697,100000000,99378719,1
44000-P168713,0,0,1
44000-P168724,250000000,252073350,1
44000-P168725,250000000,248695888,1
44000-P168749,10000000,9925810,1
44000-P168869,100000000,99140708,1
44000-P169040,225000000,226793940,2
44000-P169079,750000000,747401494,1
44000-P169179,5000000,5019264,1
44000-P169498,100000000,101555484,1
44000-P169505,200000000,200000000,1
44000-P169524,80000000,80000000,1
44000-P169624,50000000,51055550,2
44000-P169822,500000000,500000000,1
44000-P169828,200000000,196733483,1
44000-P169830,350000000,351083607,1
44000-P169867,150000000,150596825,1
44000-P169907,250000000,248435968,1
44000-P169913,98500000,101091505,1
44000-P169956,90000000,90000000,2
44000-P169983,500000000,500000000,1
44000-P170052,400000000,400000000,2
44000-P170113,56400000,53828280,1
44000-P170223,70000000,70000000,1
44000-P170248,100000000,101213373,1
44000-P170366,279824645,282379822,2
44000-P170477,50000000,50000000,1
44000-P170558,13495702,13896691,1
44000-P170568,499999998,506185262,1
44000-P170728,400000000,400000000,1
44000-P170914,600000000,600000000,2
44000-P170934,147950000,150469970,1
44000-P170940,600000000,601870192,1
44000-P171006,84400000,86008980,1
44000-P171071,5500000,5647340,1
44000-P171080,25000000,25758531,1
44000-P171190,500000000,500000000,1
44000-P171216,0,0,1
44000-P171238,30000000,29432208.000000004,1
44000-P171311,360000000,360000000,1
44000-P171440,500000000,500000000,2
44000-P171465,20000000,20000000,1
44000-P171474,-860042,0,0
44000-P171554,150000000,152247806,1
44000-P171570,458701095.00000006,459407425.00000006,1
44000-P171585,30000000,30070881,1
44000-P171587,500000000,544564935,1
44000-P171751,500000000,500000000,1
44000-P171764,25000000,25090785,2
44000-P171780,40000000,39820916,1
44000-P171850,500000000,506105978,1
44000-P171851,139250000,139020031,1
44000-P171912,300000000,300000000,1
44000-P172023,100000000,94557054,2
44000-P172211,160000000,159847056,1
44000-P172321,1000000000,1000000000,1
44000-P172439,800000000,800000000,1
44000-P172454,30000000,29265511,2
44000-P172455,200000000,200000000,1
44000-P172567,119000000,119000000,1
44000-P172597,350000000,350000000,1
44000-P172614,17500000,7564536,1
44000-P172628,400000000,397400612,1
44000-P172648,350000000,350000000,1
44000-P172723,300000000,280826175,1
44000-P172732,200000000,200000000,1
44000-P172742,39000000,37814937,2
44000-P172749,100000000,103677795,1
44000-P172796,400000000,399699501,2
44000-P172863,1000000000,1000000000,2
44000-P173008,14800000,15040474,1
44000-P173044,200000000,210705786,1
44000-P173113,249689311,262303230,1
44000-P173150,40000000,40113687,1
44000-P173232,400000000,400000000,1
44000-P173233,1000000000,1000000000,1
44000-P173324,175000000,192713137,2
44000-P173424,500000000,500000000,1
44000-P173529,199451991,179408037,1
44000-P173558,145000000,134537736,1
44000-P173680,175000000,168468988,1
44000-P173698,500000000,500000000,1
44000-P173906,300000000,304108911,1
44000-P173943,749960000,748478832,1
44000-P173982,150000000,149060890,1
44000-P173996,300000000,335531268,2
44000-P174000,750000000,750000000,2
44000-P174004,450000000,431158468,2
44000-P174005,450000000,468131849,1
44000-P174027,400000000,402601860,1
44000-P174063,80000000.00000001,82453208,1
44000-P174107,300000000,300000000,2
44000-P174110,300000000,300345840,1
44000-P174115,500000000,500000000,1
44000-P174118,700000000,700000000,1
44000-P174120,500000000,500000000,2
44000-P174145,100000000,100000000,1
44000-P174150,750000000,750000000,2
44000-P174152,100000000,101539035,1
44000-P174155,70000000,71886458,1
44000-P174191,100000000,68000000,1
44000-P174198,15000000,15000000,2
44000-P174234,100000000,101249352,1
44000-P174246,750000000,750000000,1
44000-P174260,10000000,10369944,1
44000-P174274,11999759,11895042,2
44000-P174275,15000000,14859274,1
44000-P174292,750000000,750000000,1
44000-P174315,99743426,102001894,1
44000-P174346,30000000,30000000,1
44000-P174347,100000000,98337639,1
44000-P174367,400000000,364851780,1
44000-P174376,70000000,73333770,1
44000-P174388,75000000,78016302,1
44000-P174440,750000000,750000000,1
44000-P174447,40000000,40000000,2
44000-P174498,14000000,13827501.000000002,1
44000-P174527,25000000,25000000,1
44000-P174531,150000000,150000000,1
44000-P174553,400000000,397156862,1
44000-P174683,30000000,30677751,1
44000-P174754,30000000,29648200,1
44000-P174786,300000000,300000000,1
44000-P174889,100000000.00000001,97661207,1
44000-P174892,250000000,242652069,1
44000-P174911,275000000,275000000,1
44000-P174927,25000000,25000000,1
44000-P175008,400000000,400000000,2
44000-P175072,137000000,138468799,2
44000-P175126,750000000,752303032,2
44000-P175139,1317585200,1309186588,1
44000-P175191,100000000,100143827,1
44000-P175249,100000000,107124660,1
44000-P175251,750000000,750000000,1
44000-P175256,250000000,245267831,1
44000-P175293,300000000,301881310,1
44000-P175317,75000000,75000000,1
44000-P175342,75000000,74178270,1
44000-P175360,600000000,600000000,1
44000-P175490,100000000,100000000,1
44000-P175492,100000000,100000000,1
44000-P175543,100000000,98721956,1
44000-P175570,40000000,39935020,1
44000-P175640,150000000,142432875,1
44000-P175742,350000000,351376780,1
44000-P175758,35000000,34865892,1
44000-P175801,500000000,501584877,2
44000-P175847,30000000,30000000,1
44000-P175874,400000000,400000000,1
44000-P175930,250000000,250000000,1
44000-P175934,250000000,250000000,2
44000-P175979,250000000,250000000,1
44000-P176137,132000000,131072400,1
44000-P176148,52500000,55797538,2
44000-P176278,100000000,103412920,1
44000-P176353,400000000,400000000,1
44000-P176387,350000000,350000000,1
44000-P176420,35000000,35000000,1
44000-P176447,500000000,499879904,1
44000-P176498,100000000.00000001,98095270,1
44000-P176505,500000000,501584877,2
44000-P176513,100000000,98279536,1
44000-P176650,300000000,302940712,2
44000-P176663,25000000,25000000,1
44000-P176717,221500000,204965948,1
44000-P176756,200000000,182822400,1
44000-P176762,300000000,284883552,1
44000-P176788,750000000,752451598,2
44000-P176810,150000000,150000000,1
44000-P176881,150000000,144929554,1
44000-P176891,600000000,600000000,2
44000-P176903,750000000,750000000,1
44000-P176930,10000000,9555552,1
44000-P176937,500000000,487108528,1
44000-P176983,700000000,700000000,1
44000-P176993,55000000.00000001,54441088,1
44000-P177001,100000000,100000000,1
44000-P177029,500000000,500000000,1
44000-P177125,500000000,500000000,3
44000-P177410,160000000,160457008,2
44000-P177460,250000000,243003420,1
44000-P177632,470169601,470169601.00000006,1
44000-P177712,52500000,52297423.00000001,1
44000-P177726,750000000,752919940,1
44000-P177748,60000000,40545785,1
44000-P177765,500000000,500000000,1
44000-P177776,100000000,95593446,1
44000-P177794,10000000,8167046,1
44000-P177797,50000000,50257249,1
44000-P177807,20000000,0,0
44000-P177930,50000000,52749840,1
44000-P177931,838750000,818995184,2
44000-P177985,750000000,750000000,1
44000-P178042,150000000,143262350,1
44000-P178064,400000000,429183400,1
44000-P178113,200000000,200000000,1
44000-P178115,160000000,181263021,1
44000-P178122,230000000.00000003,1722125.0000000002,2
44000-P178156,500000000,500000000,2
44000-P178202,120000000,122531227,1
44000-P178209,24999999.999999996,24999999.999999996,1
44000-P178210,25000000,25000000,1
44000-P178224,700000000,700000000,2
44000-P178285,240000000,240000000.00000003,2
44000-P178303,600000000,541696008,1
44000-P178321,100000000,103957516,1
44000-P178322,65000000,66178530,1
44000-P178329,190000000,190000000,1
44000-P178382,500000000,504479018,1
44000-P178423,350000000,375306750,1
44000-P178481,500000000,493349067.00000006,1
44000-P178531,80000000,79987050,1
44000-P178570,400000000,400000000,1
44000-P178591,750000000,750000000,1
44000-P178614,50000000,53807040,1
44000-P178634,750000000,750000000,1
44000-P178635,50000000,50154552,1
44000-P178636,500000000,500000000,2
44000-P178646,86600000,83512000,1
44000-P178668,300000000,305014402,1
44000-P178676,20000000,20607365,2
44000-P178687,100000000,99996786,1
44000-P178729,135238245,135238245,1
44000-P178912,641700000,633240000,1
44000-P178930,30000000,30000000,1
44000-P179006,300000000,310271640,1
44000-P179007,950000000,950000000,1
44000-P179019,274000000,274000000,1
44000-P179077,1000000000,1000000000,1
44000-P179079,500000000.00000006,507698759,1
44000-P179086,100000000,101254740,1
44000-P179112,100000000,100000000,1
44000-P179141,500000000,500000000,1
44000-P179182,135238245,135238245,1
44000-P179214,750000000,750000000,1
44000-P179263,48000000,24402420,1
44000-P179265,25000000,25706112,1
44000-P179294,150000000,145270320,1
44000-P179297,650000000,638304960,1
44000-P179307,75000000.00000001,74683712,2
44000-P179361,600000000,600000000,1
44000-P179367,350000000,350000000,1
44000-P179512,500000000,500000000,1
44000-P179513,500000000,500000000,1
44000-P179539,40000000,40301785,1
44000-P179763,19952908.000000004,19541211,1
44000-P179808,500000000,495624384,1
44000-P179813,25000000,5071404,1
44000-P179817,150000000,150000000,1
44000-P179820,11500000,7466872,1
44000-P179849,100000000,97039605,1
44000-P179861,160000000,0,1
44000-P179909,270300000,145300000,1
44000-P179944,100000000,103465740,1
44000-P180017,200000000,214697282,1
44000-P180033,1000000000,1010108666,2
44000-P180050,65000000.00000001,65000000.00000001,1
44000-P180093,80000000,82486971,2
44000-P180120,10000000,10000425,1
44000-P180196,125000000,125000000,1
44000-P180216,35000000,35747562,1
44000-P180234,310600000,298451010,1
44000-P180286,230000000,198193300,2
44000-P180288,100000000,99107284,1
44000-P180319,500000000,500000000,1
44000-P180336,750000000,782322527,1
44000-P180339,1000000000,1000000000,1
44000-P180398,80000000,81797918,1
44000-P180439,500000000,489831228,1
44000-P180470,800000000,800000000,1
44000-P180496,700000000,700000000,3
44000-P180497,478177027,471004122,1
44000-P180504,750000000,750000000,2
44000-P180544,75000000,81753820,1
44000-P180549,200000000,200251314,1
44000-P180554,500000000,0,1
44000-P180566,750000000,739733661,2
44000-P180585,500000000,500000000,2
44000-P180587,100000000,103421195,1
44000-P180679,120000000,133970937.00000001,1
44000-P180718,300000000,300000000,1
44000-P180749,275000000,275293305,1
44000-P180927,700000000,700000000,1
44000-P181011,125000000,127766016,1
44000-P181023,1500000000,1500000000,1
44000-P181032,1500000000,1500000000,1
44000-P181080,750000000,753490972,2
44000-P181127,750000000,706651936,1
44000-P181146,263824069,260523492,1
44000-P181148,360000000,360000000,1
44000-P181195,1500000000,1500000000,1
44000-P181238,200000000,185800020,1
44000-P181256,200000000,0,1
44000-P181263,500000000,0,1
44000-P181269,20000000,19854686,1
44000-P181306,350000000,350000000,1
44000-P181310,25000000,25004020,1
44000-P181344,150000000,139364732,1
44000-P181372,200000000,0,1
44000-P181389,800000000,800000000,1
44000-P181432,20000000,0,0
44000-P181457,150000000,142762800,1
44000-P181479,40000000,41278045,1
44000-P181501,81555494,81555494,1
44000-P181517,650000000,628875270,1
44000-P181591,1500000000,1515063010.0000002,1
44000-P181603,141000000,0,0
44000-P500536,40000000,20540681,1
44000-P500557,400000000,400000000,1
44000-P500567,10000000.000000002,10529596.000000002,1
44000-P500609,125000000,95019506,1
44000-P500614,277486911,263278639,1
44000-P500689,1000000000,1025656260,1
44000-P500912,1200000000,1198137288,1
44000-P501015,49999999.99999999,49841428,1
44000-P501037,800000000,800000000,1
44000-P501661,1500000000,1500000000,1
44000-P501988,125000000,127109417,2
44000-P502012,30000000,28971888,1
44000-P502032,1500000000,1480369871,2
44000-P502111,500000000,346238450,2
44000-P502565,60000000,40000000,1
44000-P503960,80000000,58811302,1
44000-P503988,1000000000,1000000000,1
44000-P504373,30000000,18483969,2
44000-P504910,500000000,500000000,1
44000-P505118,300000000,300000000,1
44000-P505235,359633746,359633746,1
44000-P505244,255000000,254652315,2
44000-P505490,20000000,0,0
44000-P505747,700000000,700000000,1
44000-P505784,430000000,0,1
44000-P505866,275000000,275000000,1
44000-P506131,500000000,0,1
44000-P506285,30000000,20053863,1
44000-P506321,200000000,200000000,1
44000-P506356,7000000,7167366.000000001,1
44000-P506463,1051000000,1038772619,3
44000-P506857,125000000.00000001,123635244,1
44000-P506861,585000000,0,1
44000-P506960,15000000,15000000.000000002,2
44000-P507031,1500000000,1500000000,1
44000-P507116,100000000,24517644,1
44000-P507248,600000000,678009402,1
44000-P507259,234000000,234000000,2
44000-P507322,1000000000,0,1
44000-P507382,400000000,400000000,1
44000-P507527,150000000,100098330,1
44000-P507528,800000000,1919711,1
44000-P507576,90000000,97365205,1
44000-P507760,20000000,0,0
44000-P507861,600000000,600000000,1
44000-P507912,300000000,103195935,1
44000-P507916,30000000,150000,1
44000-P507962,45000000.00000001,44819784.00000001,1
44000-P508114,24000000,25200515,1
44000-P508225,100000000,100000000,1
44000-P508227,150000000,0,1
44000-P508323,1500000000,1604850840,1
44000-P508347,300000000,0,1
44000-P508348,1100000000,500000000,1
44000-P508569,200000000,0,1
44000-P508608,101500000,101500000,1
44000-P508695,600000000,0,1
44000-P508911,10000000,10043997,1
44000-P509222,20000000,20552100,1
44000-P509413,350000000,250500000,1
44000-P509552,1500000000,1500000000,1
44000-P509756,376623377,0,1
44000-P509760,12000000,12395929.000000002,1
44000-P509816,25000000,24873212,1
44000-P509948,100000000,100000000,1
44000-P510158,200000000,0,1
44000-P510580,150000000,152961695,1
44000-P510637,45000000,44816709,1
44000-P510638,200000000,199514640,1
44000-P510901,400000000,0,1
44000-P511001,30000000,30156800,1
44000-P511201,500000000,501910539,1
44000-P511758,20000000,20000000,1
44000-P511822,15000000,10106920,1
44000-P511848,990000000,750000000,1
44000-P511920,800000000,800000000,1
44000-P512397,900000000,900000000,2
44000-P512526,796178350,0,1
44000-P512660,115700000,0,1
44000-P513028,340000000,96087432,1
44000-P513191,650000000,0,1
44000-P513503,500000000,0,1
44000-P513769,30000000,30000000,1
44000-P513997,250000000,0,1
44000-P514501,1000000000,0,1
46002-P-AO-AA0-011,103769609.11681068,108281105.33260468,1
46002-P-AO-FA0-002,988399010.4379265,947309939.110966,2
46002-P-AO-K00-007,164965113.05154416,164721621.65534097,1
46002-P-AO-K00-009,160550025.4676183,166190570.4312544,1
46002-P-BF-FA0-008,27122064.206062596,27122064.206062596,1
46002-P-BF-K00-006,61024644.46364084,57982324.076120794,1
46002-P-BF-K00-011,20982637.200352047,22075905.951530162,1
46002-P-BF-K00-012,40683096.3090939,40544494.28877133,1
46002-P-BF-KA0-009,27122064.206062596,27122064.206062596,1
46002-P-BF-KZ0-001,13561032.103031298,13561032.103031298,1
46002-P-BF-KZ0-003,54244128.41212519,54244128.41212519,1
46002-P-BI-I00-004,1356103.2103031299,1356103.2103031299,2
46002-P-BI-KA0-001,11140232.693749858,10601588.15959165,4
46002-P-BJ-E00-007,136556535.9292765,34002558.46499966,1
46002-P-BJ-FZ0-001,27013575.94923835,27013575.94923835,1
46002-P-BJ-K00-005,9492722.47212191,9492722.47212191,2
46002-P-BJ-K00-006,6837848.026937635,6837848.026937635,2
46002-P-BJ-K00-007,62380747.673943974,62380747.673943974,1
46002-P-BJ-K00-010,27800115.811214164,27800115.811214164,1
46002-P-BJ-KA0-006,32906463.581170242,32535488.96335403,1
46002-P-BJ-KA0-009,29834270.62666886,29644091.526117876,2
46002-P-BJ-KA0-013,20170737.421803698,20117466.812764186,1
46002-P-BJ-KA0-014,40683096.3090939,40951883.95282389,1
46002-P-BJ-KF0-001,42446030.48248797,42446030.48248797,1
46002-P-BJ-KZ0-001,6916126.372545962,6916126.372545962,1
46002-P-BW-K00-001,1475854004.2066324,1325977012.585994,2
46002-P-BW-K00-004,135139797.79145032,134585701.42404398,1
46002-P-BW-K00-005,177220555.2700205,182798504.4893797,1
46002-P-BW-K00-006,303935723.4471602,301649539.3317395,1
46002-P-CD-K00-002,63231571.38459495,59848616.84253066,1
46002-P-CD-K00-012,135610321.030313,135610321.030313,2
46002-P-CF-I00-006,1356103.2103031299,1356103.2103031299,1
46002-P-CF-K00-006,16652947.422522437,16652947.422522437,1
46002-P-CF-K00-007,9492722.47212191,9492722.47212191,1
46002-P-CF-K00-010,14239083.708182864,14239083.708182864,1
46002-P-CF-K00-020,10170774.077273475,10170774.077273475,1
46002-P-CF-K00-021,10848825.682425039,10848825.682425039,1
46002-P-CF-KZ0-002,20341548.154546946,20341548.154546946,1
46002-P-CF-KZ0-003,9980919.627831036,9980919.627831036,1
46002-P-CG-K00-002,67767384.63290964,68571509.24794585,1
46002-P-CG-K00-006,9450994.32199586,10088138.138097415,1
46002-P-CG-K00-009,214966177.55188113,204925574.81824827,1
46002-P-CG-K00-012,105902396.57339841,102127908.31928636,1
46002-P-CI-AA0-037,175804206.6457194,163545909.70793608,2
46002-P-CI-BG0-002,190655194.70251843,35804478.300314486,2
46002-P-CI-I00-003,145414947.2408046,40614221.90188051,2
46002-P-CI-IZ0-001,128829804.97879735,127470131.06737527,1
46002-P-CI-IZ0-004,25539491.190075494,25539490.078070864,3
46002-P-CI-KA0-009,49134331.515703,49134331.515703,1
46002-P-CI-KA0-010,86632772.10549942,81971299.35029095,1
46002-P-CI-KA0-011,35141305.46631643,32470318.996158164,1
46002-P-CI-KA0-012,87213696.54749684,85230966.19641529,1
46002-P-CI-KA0-013,37398941.91403119,35361293.43768096,1
46002-P-CI-KA0-014,35061328.425143786,34759099.818689,1
46002-P-CM-AA0-015,72512637.15966895,38790286.92431724,1
46002-P-CM-FA0-011,85472212.71292517,86332790.95533404,1
46002-P-CM-H00-010,2712206.4206062597,651737.2767006552,1
46002-P-CM-K00-009,171906702.11972493,166844078.3990388,1
46002-P-CM-K00-010,100267253.55197334,99969911.5413876,1
46002-P-CM-KA0-005,33791777.9326749,33149580.896302857,2
46002-P-CM-KA0-011,207200341.11420155,207165545.03822178,1
46002-P-CM-KA0-015,92141992.33259246,87513001.34118609,1
46002-P-CM-KF0-006,93687085.30024804,87274342.36452869,1
46002-P-CM-KF0-007,16842801.871964872,4693241.399964253,3
46002-P-CV-A00-003,11394006.091615621,11106860.254920283,1
46002-P-CV-GB0-005,28010462.71597639,6914072.893259761,1
46002-P-CV-K00-002,3390258.0257578245,3136024.02743668,1
46002-P-CV-K00-003,3390258.0257578245,3326942.6246292754,1
46002-P-CV-K00-004,5725426.569045317,6460235.663615887,2
46002-P-CV-K00-005,6780516.051515649,6805329.038102433,2
46002-P-CV-K00-006,23289537.85358696,23876317.59665965,1
46002-P-CV-K00-007,14027288.647924418,14380706.08225851,1
46002-P-CV-K00-009,9341116.778115751,9344161.311189072,1
46002-P-CV-K00-010,29111922.316983704,29845396.9924343,2
46002-P-CV-K00-011,17349460.243800238,18205660.1171402,1
46002-P-CV-K00-013,23048672.34783505,22240862.18329905,1
46002-P-CV-K00-015,23048672.34783505,21557945.151049558,1
46002-P-CV-K00-016,34573008.51497206,33251789.622284576,1
46002-P-CV-K00-019,21314736.66509811,20136794.660208,1
46002-P-CV-K00-020,20465601.357188094,0,0
46002-P-CV-KA0-003,4068409.372300507,4601183.417027503,1
46002-P-CV-KA0-005,17091009.130642917,17330540.1087866,1
46002-P-CV-KA0-006,17243276.277550936,16020751.48459399,1
46002-P-CV-KA0-007,22788012.169670213,22656800.789794512,1
46002-P-CV-KA0-008,22788012.169670213,22419692.40866984,1
46002-P-CV-KA0-009,22788012.169670213,21911042.789124597,1
46002-P-DJ-K00-001,3281769.768933574,3557195.2937794193,1
46002-P-DJ-K00-003,1356103.2103031299,126617.25478602726,2
46002-P-DJ-KF0-010,6373685.088424711,876405.8528879951,3
46002-P-DZ-K00-007,1025460547.7029647,959506988.4202347,1
46002-P-EG-BG0-003,169035624.23464927,0,0
46002-P-EG-FA0-005,260241903.61632043,254640702.94966012,1
46002-P-EG-FA0-008,96000346.67422469,90725330.23147327,1
46002-P-EG-HZ0-001,616168395.6349751,441992337.52866465,1
46002-P-EG-IBZ-001,115705778.53207253,16274828.961482603,1
46002-P-EG-K00-009,495869244.664073,491498452.50994366,1
46002-P-EG-K00-010,493210940.8508463,497658911.08980525,1
46002-P-EG-K00-011,500001183.64756507,483228407.9348312,1
46002-P-EG-K00-016,228592290.26846778,129375602.13016693,1
46002-P-EG-K00-017,268584352.84720653,271965285.01899225,1
46002-P-ET-AAZ-002,43707206.468069874,2515862.55622743,2
46002-P-ET-IZ0-002,7567055913.491466,244098577.85456342,3
46002-P-ET-K00-006,81366192.6181878,78823499.09886943,1
46002-P-ET-K00-010,98453093.06800723,101206508.59023578,1
46002-P-ET-K00-011,1779424388.431355,224510644.31175733,2
46002-P-ET-K00-015,120232110.6254755,120232110.6254755,2
46002-P-ET-K00-016,162732385.2363756,162732385.2363756,1
46002-P-ET-KF0-007,4325018.6125165615,1474940.229751006,4
46002-P-GA-K00-003,67805160.5151565,65819805.16865178,1
46002-P-GA-K00-013,116932530.8140552,113030157.18592313,1
46002-P-GA-K00-015,58175388.46254511,53532929.80674174,1
46002-P-GA-KA0-001,119226619.42455119,99006283.59915216,1
46002-P-GA-KA0-005,232701553.85018045,211854714.0859797,1
46002-P-GA-KA0-006,349052330.7752707,340621044.4706926,1
46002-P-GA-KA0-007,116350776.92509022,110411177.89768744,1
46002-P-GH-I00-003,70842831.70623551,17710707.92655888,1
46002-P-GH-K00-008,59646194.70658673,56394527.21495728,1
46002-P-GH-K00-012,94927224.7212191,94717764.53166299,1
46002-P-GH-K00-013,54244128.41212519,54244128.41212519,1
46002-P-GH-K00-018,105801816.3646399,105801816.3646399,2
46002-P-GH-KA0-003,122049288.9272817,124471230.14834414,2
46002-P-GH-KA0-006,47463612.36060955,47463612.36060955,1
46002-P-GH-KA0-008,67127108.91000493,67127108.91000493,1
46002-P-GM-J00-002,2910197.489310517,2904482.870382299,3
46002-P-GM-K00-010,827222.9582849093,827140.3444773376,1
46002-P-GM-K00-011,2712206.4206062597,2550649.5734377354,5
46002-P-GM-K00-013,13561032.103031298,13561032.103031298,1
46002-P-GM-KA0-009,6780516.051515649,6780516.051515649,1
46002-P-GM-KA0-011,13561032.103031298,6780516.051515649,1
46002-P-GN-KA0-005,8665499.513837,8665499.513837,1
46002-P-GN-KA0-006,14266205.772388926,14244892.739016583,2
46002-P-GN-KZ0-002,32546477.04727512,32546477.04727512,1
46002-P-GQ-K00-002,11175175.784878636,11476077.105316332,1
46002-P-GW-A00-010,6780516.051515649,6780515.115804435,2
46002-P-GW-IB0-005,8078306.823775745,8027025.279119944,1
46002-P-GW-KA0-008,6780516.05151565,6780516.05151565,1
46002-P-GW-KA0-009,6780516.051515649,6780516.051515649,1
46002-P-KE-A00-002,71782238.34327585,69810836.94621831,1
46002-P-KE-AA0-001,32112735.260175183,32703437.19275787,2
46002-P-KE-HB0-009,103719025.54491618,77732832.60126361,3
46002-P-KE-IA0-005,22884241.67386532,385046.9550736568,1
46002-P-KE-K00-004,102546054.77029647,98690913.9457586,2
46002-P-KE-K00-007,219415291.27062804,207296221.1777214,1
46002-P-KE-K00-010,103493586.56752649,92674486.68103234,1
46002-P-KE-K00-012,83917277.8669039,80078573.04039697,1
46002-P-KE-K00-013,208148067.30882677,203688528.0991366,1
46002-P-KE-K00-015,336553372.55270964,0,0
46002-P-KE-KA0-001,65663927.80377731,68726004.91994245,1
46002-P-KE-KA0-002,38090312.622473076,43051235.62700111,2
46002-P-KE-KD0-004,33116040.39560243,32760049.009570025,1
46002-P-KM-K00-006,5424412.841212519,5424412.841212519,2
46002-P-KM-K00-009,20341548.15454695,20341548.15454695,2
46002-P-KM-K00-013,6102464.446364084,6102464.446364084,1
46002-P-KM-K00-014,6916397.593188023,6916397.593188023,1
46002-P-LR-AA0-013,5424412.841212519,5395115.506090937,1
46002-P-LR-K00-020,13764447.584576769,13764447.584576769,1
46002-P-LR-K00-023,16422409.876770902,0,0
46002-P-LR-KA0-004,9492722.47212191,9492722.47212191,2
46002-P-LS-KA0-001,8651938.481733968,8840759.72970151,1
46002-P-LS-KE0-001,10845609.792150062,7859845.865309118,1
46002-P-MA-A00-002,120866865.65221107,126245933.11427747,2
46002-P-MA-A00-003,270959520.0479518,268587868.8295609,2
46002-P-MA-AA0-003,229910350.32214233,223630098.45309308,2
46002-P-MA-AA0-011,129862567.14406021,98730884.1865213,5
46002-P-MA-AA0-023,230169505.86311227,212884005.84751704,1
46002-P-MA-AA0-024,113940060.86191209,28764188.73159599,1
46002-P-MA-DZ0-002,258853897.1287227,286515811.10567164,1
46002-P-MA-E00-004,240051861.72629228,256670414.11323735,1
46002-P-MA-GB0-002,105309789.08526771,113527353.13063207,1
46002-P-MA-GB0-003,95098401.84592769,88398467.50844514,1
46002-P-MA-H00-001,175175297.82060653,174263956.43111607,1
46002-P-MA-H00-004,111497194.43943441,108032694.95678778,1
46002-P-MA-H00-020,138612435.35795024,131074066.05849959,1
46002-P-MA-HA0-001,147147776.89932427,164149683.44482765,1
46002-P-MA-HAZ-002,156966804.54620042,151377707.31766856,1
46002-P-MA-HZ0-003,187374170.60049608,193398172.48819172,2
46002-P-MA-HZ0-006,258145130.24693286,267414757.03376836,2
46002-P-MA-HZ0-011,115243361.71205318,114820856.71820311,1
46002-P-MA-I00-006,95288353.7720689,92155842.26892342,6
46002-P-MA-I00-010,203685064.72002575,183437332.31211486,6
46002-P-MA-I00-012,100494015.63858223,93069891.99994034,1
46002-P-MA-I00-016,137198667.50654662,130494679.72232431,3
46002-P-MA-IA0-008,172337971.7306725,164938811.56539065,1
46002-P-MA-IAD-003,136728073.0315823,43594695.58873187,3
46002-P-MA-IAZ-003,4038172525.972767,89536190.96374187,2
46002-P-MA-IAZ-004,133682299.58489682,136348874.43433544,2
46002-P-MA-IAZ-009,135588672.4156402,34897562.30955226,1
46002-P-MA-IBD-001,141045236.4569363,131319746.76128653,1
46002-P-MA-IBD-008,81697182.91255713,83567111.58152826,2
46002-P-MA-IBD-010,132529865.97631973,136510846.18128118,2
46002-P-MA-IBD-011,134621530.14549634,132512529.13248724,2
46002-P-MA-IBD-012,136661475.5487811,78637119.17891046,4
46002-P-MA-K00-002,197455854.5416575,212863787.13519132,1
46002-P-MA-K00-003,131200467.31316629,144451721.43741518,1
46002-P-MA-K00-004,99203722.11004236,101474349.76885222,1
46002-P-MA-K00-005,77028772.46893507,78791848.0567719,1
46002-P-MA-K00-006,115510362.79829186,119381587.95617618,1
46002-P-MA-K00-010,139284673.74190915,144451721.43741518,1
46002-P-MA-K00-013,198217234.5665284,192430126.68716192,1
46002-P-MA-K00-014,307139974.45101553,292761896.72731614,1
46002-P-MA-K00-019,451564959.3914894,124668875.4649739,1
46002-P-MA-K00-021,303481662.4198035,292619555.4558067,1
46002-P-MA-K00-023,139737227.1350828,129714414.7668791,1
46002-P-MA-K00-028,207143030.63301542,210505271.29522777,1
46002-P-MG-K00-001,47406438.00506369,46413465.087800905,1
46002-P-MG-K00-007,40683096.3090939,41273951.67119379,1
46002-P-MG-K00-010,33902580.25757825,33902580.25757825,1
46002-P-MG-K00-018,40683096.3090939,40683096.3090939,1
46002-P-MG-K00-021,67805160.5151565,67805160.5151565,1
46002-P-MG-KA0-009,16951290.128789123,16951290.128789123,1
46002-P-MG-KA0-012,13520349.006722204,13520349.006722204,1
46002-P-ML-K00-011,11662487.608606918,11969670.765262604,1
46002-P-ML-K00-014,47357396.51237377,48738130.1913326,1
46002-P-ML-K00-015,44751405.94000328,42266355.03866929,2
46002-P-ML-K00-018,7458567.656667215,7400327.349753937,1
46002-P-ML-K00-020,20341548.15454695,21116394.352101352,1
46002-P-ML-KA0-001,54244128.41212519,54244128.41212519,1
46002-P-ML-KA0-003,19803175.180056605,19803175.180056605,1
46002-P-ML-KA0-004,31394602.980443638,31394602.980443638,1
46002-P-ML-KA0-006,20341548.15454695,20341548.15454695,1
46002-P-ML-KA0-007,12204928.892728169,12204928.892728169,1
46002-P-ML-KA0-008,16869923.936170936,16869923.936170936,1
46002-P-ML-KA0-009,48819715.570912674,48819715.570912674,1
46002-P-MR-K00-016,9086759.415085565,9086759.415085565,1
46002-P-MR-K00-017,5424412.841212519,5424412.841212519,1
46002-P-MR-K00-018,10170774.077273475,10170774.077273475,1
46002-P-MU-K00-002,29041929.355159365,26519540.253889646,1
46002-P-MU-K00-004,319947454.3772978,285838042.5328211,3
46002-P-MU-K00-005,170396981.51766938,174735506.41640234,4
46002-P-MU-K00-008,218615666.00262815,207898626.85057235,1
46002-P-MU-K00-009,247771543.20477027,253274615.87698516,1
46002-P-MU-K00-010,239949255.3501662,241423007.37584537,1
46002-P-MW-AA0-040,45944776.76507004,22972388.382535018,2
46002-P-MW-IE0-005,25765960.99575947,25765960.99575947,1
46002-P-MW-K00-002,16273238.52363756,16023954.844475307,1
46002-P-MW-KA0-004,44615795.61897297,44615795.61897297,1
46002-P-MW-KZ0-003,20192376.801413603,19666533.651023116,1
46002-P-MZ-AA0-041,1356103.2103031299,1356103.2103031299,3
46002-P-MZ-AA0-045,11301764.154666284,5650882.077333143,2
46002-P-MZ-K00-001,135546353.95378673,123902867.43955511,1
46002-P-MZ-K00-002,40636355.41837819,41045987.18211246,1
46002-P-MZ-K00-004,81366192.6181878,80519158.49727492,1
46002-P-MZ-K00-007,993291357.4186305,80394163.06056222,2
46002-P-MZ-K00-009,81366192.6181878,81390463.50251625,3
46002-P-MZ-K00-010,26220255.571211018,26220255.571211018,1
46002-P-MZ-K00-011,20341548.15454695,20341548.15454695,1
46002-P-MZ-K00-012,40683096.3090939,40683096.3090939,1
46002-P-MZ-KA0-007,20341548.15454695,20341548.15454695,1
46002-P-NA-HAA-006,89198107.57153106,0,0
46002-P-NA-K00-004,89198107.57153106,103345246.19375731,1
46002-P-NA-K00-005,136770431.6205298,135836518.36773995,1
46002-P-NA-K00-007,178396215.15662315,227452680.8533144,1
46002-P-NA-KA0-002,178396215.15662315,202713080.727468,1
46002-P-NA-KA0-004,119584929.55721876,113486870.99525772,1
46002-P-NE-A00-012,5424412.841212519,5424412.84121252,2
46002-P-NE-K00-007,24409857.785456337,24724067.089138024,1
46002-P-NE-KA0-006,37970889.88848764,38545372.94872439,2
46002-P-NE-KA0-008,29237585.21413548,29241587.35949076,2
46002-P-NE-KA0-010,27122064.206062596,27122064.206062596,1
46002-P-NE-KA0-011,13561032.103031298,13561032.103031298,1
46002-P-NE-KA0-012,40683096.30909389,40683096.30909389,1
46002-P-NE-KA0-013,27122064.206062596,27122064.206062596,1
46002-P-NE-KA0-014,142390837.08182862,142390837.08182862,1
46002-P-NE-KA0-015,108488256.8242504,108488256.82425039,2
46002-P-NG-AAG-016,134000317.21966296,135968450.17744613,2
46002-P-NG-FA0-002,135610321.030313,134438219.2330694,2
46002-P-NG-K00-005,296141976.520429,278471119.6123715,2
46002-P-NG-K00-012,493569960.8764224,501677016.4780102,1
46002-P-NG-K00-013,493210940.8508463,0,0
46002-P-NG-KA0-002,592283953.0544192,608754994.9078325,1
46002-P-NG-KA0-006,288500682.97425985,271312803.77050936,1
46002-P-RW-AAE-004,29576611.01671126,29593424.323338404,2
46002-P-RW-E00-013,101707740.77273475,101707740.77273475,3
46002-P-RW-F00-009,197976924.23586977,89836952.0128437,2
46002-P-RW-FA0-008,22240092.64897133,22240092.64897133,4
46002-P-RW-FA0-016,262486272.83169273,249921790.0833597,6
46002-P-RW-IZ0-002,34729803.21586315,34330575.23185975,1
46002-P-RW-IZ0-003,66449057.304853365,66449057.304853365,2
46002-P-RW-IZ0-004,55857891.23238592,48684105.24988236,1
46002-P-RW-IZ0-006,81366192.6181878,81366192.6181878,2
46002-P-RW-K00-006,29698660.305638544,30783951.49490038,1
46002-P-RW-K00-013,96283327.93152222,96283327.93152222,2
46002-P-SC-K00-004,19767980.206317544,18115348.89145343,2
46002-P-SC-K00-005,9910861.722223956,9651087.160821637,1
46002-P-SC-K00-015,9910861.722223956,9617207.60719657,1
46002-P-SC-K00-022,19821723.458008945,19174835.525022138,1
46002-P-SC-K00-023,24777154.325901438,25802817.738372438,1
46002-P-SC-K00-024,32705843.70639281,33576651.7947348,1
46002-P-SC-K00-025,24678498.047889434,25802817.751933467,1
46002-P-SC-K00-028,24777154.325901438,24816289.782982808,1
46002-P-SC-KA0-001,17467153.39019022,17907238.200884994,2
46002-P-SD-AA0-009,97639431.14182535,39055772.45673014,1
46002-P-SD-AAB-005,76999540.28101172,76999540.28101172,2
46002-P-SD-I00-008,62136649.09608941,15540942.790073868,1
46002-P-SD-I00-010,20341548.15454695,20341548.154546946,2
46002-P-SD-K00-007,27122064.2060626,1005226.7472372788,1
46002-P-SD-KF0-006,391513866.3723019,195278862.2836507,1
46002-P-SL-AA0-023,2034154.815454695,2034154.815454695,1
46002-P-SL-KA0-005,23415480.447025865,22080114.753453657,1
46002-P-SL-KA0-013,5424412.841212519,5424412.841212519,1
46002-P-SL-KA0-016,20341548.15454695,20341548.15454695,1
46002-P-SL-KA0-017,24409857.785456337,24409857.785456337,1
46002-P-SL-KF0-013,1356103.2103031299,734926.7365240634,4
46002-P-SN-A00-022,139383388.6985071,131909720.19522461,1
46002-P-SN-BG0-001,124309902.7131557,54857991.51621833,3
46002-P-SN-K00-005,40683096.3090939,39671934.25069196,2
46002-P-SN-K00-006,36614786.67818451,37293291.94054301,2
46002-P-SN-K00-008,34634875.99114194,34634875.99114194,1
46002-P-SN-K00-013,101414158.31420098,97539847.83165877,1
46002-P-SN-KA0-005,52862685.72172491,31539907.242540415,1
46002-P-SN-KA0-009,47165269.65434286,47165269.65434286,1
46002-P-SN-KA0-014,72027101.07172838,68472355.14444534,1
46002-P-SN-KA0-016,74908185.11351264,72060577.41518593,1
46002-P-SN-KA0-018,79086688.97908483,69181622.75378455,1
46002-P-SN-KA0-019,85641605.49059069,82883594.79907298,1
46002-P-SO-AA0-009,5424412.841212519,3518440.223648542,4
46002-P-SO-E00-005,24206442.30391087,7261932.691173261,1
46002-P-SO-E00-009,7236036.205243509,5671097.670621516,2
46002-P-SO-K00-003,120693185.71697856,116830724.28116362,1
46002-P-SO-KF0-015,13561032.1030313,5700485.905336161,3
46002-P-SS-A00-001,8136619.26181878,8136619.26181878,3
46002-P-SS-A00-002,5831243.804303459,4664995.043442767,2
46002-P-SS-AAZ-001,13561032.1030313,11311256.877138406,4
46002-P-SS-I00-003,17425926.25239522,17425926.25239522,3
46002-P-SS-I00-005,9492722.47212191,4271725.11245486,2
46002-P-SS-I00-006,1356103.2103031299,1356103.2103031299,2
46002-P-SS-I00-008,7322957.335636902,7322957.335636902,4
46002-P-SS-I00-009,2034154.815454695,2034154.815454695,3
46002-P-SS-I00-010,10848825.682425039,1084882.568242504,1
46002-P-SS-I00-011,1643759.8232726299,574554.0386787758,2
46002-P-SS-I00-014,19519668.242910635,5855900.47287319,1
46002-P-ST-K00-012,6780516.051515649,6780516.051515649,1
46002-P-ST-K00-013,5424412.841212519,5424412.841212519,1
46002-P-ST-K00-014,8136619.26181878,8136619.26181878,1
46002-P-ST-K00-015,10170774.077273475,10170774.077273475,1
46002-P-ST-K00-017,7379270.023202927,7437277.215974354,1
46002-P-SZ-AA0-013,39643446.91601789,41255307.421817265,1
46002-P-SZ-K00-005,35679102.21899169,36397295.102975704,1
46002-P-SZ-K00-008,46855039.37445672,47262770.4510535,1
46002-P-TD-AB0-005,11526877.287576605,193357.3589618759,1
46002-P-TD-K00-002,37471273.96403886,40064881.930874,1
46002-P-TD-K00-003,24556084.943592887,27008633.224257432,1
46002-P-TD-K00-009,20341548.15454695,20341548.15454695,1
46002-P-TD-KA0-001,11795218.339397376,10553213.408606105,1
46002-P-TD-KA0-005,18124319.40570133,18124319.40570133,1
46002-P-TD-KA0-006,42238139.86034849,42238139.86034849,2
46002-P-TD-KA0-007,62380747.673943974,62380747.673943974,1
46002-P-TD-KA0-009,61024644.46364084,61024644.46364084,1
46002-P-TG-AA0-015,5424412.841212519,5424412.841212519,1
46002-P-TG-KA0-002,12923663.594188828,12923663.594188828,1
46002-P-TG-KA0-004,6780516.051515649,6780516.051515649,1
46002-P-TG-KZ0-002,27122064.206062596,27122064.206062596,1
46002-P-TN-HA0-004,202190543.83807048,214886858.32925373,1
46002-P-TN-HAA-030,131561160.8514701,139676457.91265884,1
46002-P-TN-HZ0-002,308852209.3904723,290151975.8288164,1
46002-P-TN-HZ0-005,138292034.05988824,131088848.1801773,1
46002-P-TN-I00-012,210078470.36982292,203134478.85631683,1
46002-P-TN-I00-022,103959326.51846269,34478033.85376054,2
46002-P-TN-IAZ-002,207918653.03692538,190227930.27459735,1
46002-P-TN-IAZ-003,140596901.29060343,138790648.21733454,2
46002-P-TN-IZ0-001,499894281.99081385,441992337.52866465,1
46002-P-TN-IZ0-006,447718166.209434,462723034.9318626,2
46002-P-TN-IZ0-008,211383963.9168058,195453168.06051478,1
46002-P-TN-K00-018,68762680.83975336,65595150.57491997,1
46002-P-TN-KA0-003,246784980.4382112,220996168.76433232,2
46002-P-TZ-AA0-025,91225062.957091555,91225062.957091555,2
46002-P-TZ-AAZ-002,80281310.0499453,55228511.45975018,2
46002-P-TZ-HAA-004,65910241.08802873,67243335.023942,1
46002-P-TZ-IAC-002,886891499.5382469,27388619.83951875,2
46002-P-TZ-K00-007,67805160.5151565,65325686.53403074,2
46002-P-TZ-K00-008,67805160.5151565,66897750.25189618,1
46002-P-TZ-K00-009,135610321.030313,134262421.2002327,1
46002-P-TZ-K00-011,135610321.030313,135536010.7240642,3
46002-P-TZ-K00-013,52074945.04391741,52074945.04391741,1
46002-P-TZ-K00-014,67805160.5151565,67805160.5151565,1
46002-P-TZ-K00-016,48819715.570912674,48819715.570912674,2
46002-P-TZ-K00-018,107800255.19150212,109498322.98852602,1
46002-P-TZ-K00-019,169442589.1400543,172053717.4314863,1
46002-P-TZ-K00-020,155007498.1116263,154639678.2373913,1
46002-P-TZ-KA0-002,67805160.5151565,67805160.5151565,1
46002-P-TZ-KA0-005,54244128.41212519,54244128.41212519,1
46002-P-TZ-KA0-007,54244128.41212519,54244128.41212519,1
46002-P-UG-E00-012,89231590.13950235,89231590.13950235,6
46002-P-UG-K00-006,54811651.55741674,51708359.71180095,1
46002-P-UG-K00-009,31190373.836971987,31190373.836971987,1
46002-P-ZA-F00-013,474539644.0093463,468580434.27849215,1
46002-P-ZA-K00-005,305242621.42887175,291483181.5401807,1
46002-P-ZA-K00-006,299936569.1944883,304300090.57413346,1
46002-P-ZM-IZ0-002,20341548.15454695,21180937.94878541,1
46002-P-ZM-K00-002,27122064.206062596,28102580.01347967,1
46002-P-ZM-K00-003,20208417.5631639,20572106.557165857,1
46002-P-ZM-K00-006,107037306.6705361,111650872.47612242,2
46002-P-ZM-KA0-001,22187697.743579872,20192266.76719912,1
46002-P-ZM-KA0-004,43259692.408669844,43997099.15962284,1
46002-P-ZW-AA0-021,25765960.99575947,25765960.99575947,2
46002-P-ZW-AA0-024,33083493.918555155,6386673.858534026,1
46002-P-ZW-I00-004,3661478.667818451,1069525.9470007746,1
46002-P-ZW-KZ0-001,175758109.1446108,159116436.2014464,1
AU-5-INI950-NR,25127101.48840006,21401283.077000055,11
AU-5-INJ128-VN,49679061.606800124,49679062.980600126,5
AU-5-INJ402-WS,6782632.628500016,5408832.628500014,5
AU-5-INJ438-VU,32235598.79000008,32091698.73520008,10
AU-5-INJ648-ID,253776286.86750066,253406570.49840063,7
AU-5-INJ899-TV,19831594.99570005,21121062.908900056,10
AU-5-INK561-SB,51902950.500500135,51889143.81050013,5
AU-5-INL121-SB,57012700.00000015,50555388.70670013,4
AU-5-INL126-SB,19748375.000000052,13760675.255900037,5
AU-5-INL129-SB,39507572.10950011,38656546.9711001,6
AU-5-INL354-VN,2500340.7284000064,2500340.7284000064,5
AU-5-INL683-TO,11800214.57290003,11098510.504100028,6
BJ-IFU-3200700033415-RSG0123375-29295,0,8223150.732097378,4
CA-3-A032220001,12511333.983110486,12146320.133708656,9
CA-3-A032230001,6951998.761435608,6900337.361013371,8
CA-3-A033033001,103448275.86910625,103448275.86206897,9
CA-3-A033033002,39584699.514426455,39584699.507389165,7
CA-3-A033033004,50942806.48135117,50942806.47431386,6
CA-3-A033033007,87966220.97818437,87966220.97114709,5
CA-3-A033419002,77090637.5791696,74106823.36382829,6
CA-3-A033640001,9217866.530612245,9142369.894440535,9
CA-3-A033985001,116444640.64743139,116241242.3926812,6
CA-3-A033999002,703729.7677691766,703729.7677691766,3
CA-3-A034052001,13996717.811400423,13546798.029556649,2
CA-3-A034252001,45038705.137227304,45038705.137227304,5
CA-3-A034379001,14001012.54046446,13776673.096410979,6
CA-3-A034768005,3278593.4412385644,3265306.1224489794,4
CA-3-A034769001,2995812.5897255456,2536958.845883181,4
CA-3-A034782006,31667839.556650244,31667839.549612947,5
CA-3-A034908002,34699737.93807178,34582558.057705835,6
CA-3-A035209001,13835626.21393385,13630597.016185785,7
CA-3-A035261001,3442646.023926812,3442646.023926812,3
CA-3-A035342001,1869594.8486980998,1853872.118226601,6
CA-3-A035369002,10907811.400422238,10907811.400422238,4
CA-3-A035369003,84447572.1323012,84447572.1323012,5
CA-3-A035435001,14074595.355383532,14074595.355383532,4
CA-3-D000259001,13895881.477832511,13789584.095707247,5
CA-3-D000301001,4926108.381421533,4926108.3743842365,1
CA-3-D000327001,13629223.891625615,13626999.021815622,4
CA-3-D000954001,12315270.93596059,12315270.93596059,2
CA-3-D001661001,34632413.04011259,34482758.62068965,5
CA-3-P006740001,9148310.337790288,9130998.585503167,4
CA-3-P006740002,1407459.5355383533,1407459.5355383533,1
CH-4-2023-2004006120,0,1053215.5651636813,1
CH-4-2023-2018011172,0,13079.678814082767,1
CH-4-2023-2020010894,0,1235330.4508956147,1
CH-4-2023-2020010895,21000617.665225446,5339148.857319333,1
CH-4-2023-2023000533,6423718.344657196,1169781.3465101914,1
CH-4-2023-2023001248,0,157381.0994441013,1
CH-4-2024-2018011172,0,2872.143298332304,1
CH-4-2024-2020010895,0,3688849.907350216,1
CH-4-2024-2023000533,0,1182742.4336009882,1
CH-4-2024-2024000918,0,43418.15935762817,1
CH-4-2025-2020010895,0,3092982.087708462,1
CH-4-2025-2020011220,11117974.05806053,0,1
CH-4-2025-2023000533,0,789824.5830759729,1
DE-1-200570218,569700,569700,3
DE-1-200770347,569700,569700,2
DE-1-200970012,3418200,3418200.0000000005,3
DE-1-200970418,3670476.194736,3670476.194736,3
DE-1-201070259,2278800,2278800,4
DE-1-201165281,13672800,13672800,4
DE-1-201165828,21078900,21078900,3
DE-1-201166974,7463070,7463070,3
DE-1-201170307,1139400,1139400,3
DE-1-201170315,3418200,3418200,3
DE-1-201170323,569700,569700,2
DE-1-201265115,20509200,20509200,3
DE-1-201265248,5697000,5697000,1
DE-1-201265420,19723014,19723014,1
DE-1-201265743,17091000,17091000,1
DE-1-201265750,34182000,34182000,2
DE-1-201266287,17091000,17091000,1
DE-1-201270040,2278800,2278800,3
DE-1-201270370,9115200,9115200,3
DE-1-201366632,12533400,12533400,1
DE-1-201468453,85487047.869618,85487047.869618,1
DE-1-201468461,85455000,85455000,1
DE-1-201468479,85487047.869618,85487047.869618,1
DE-1-201468487,85455000,85455000,1
DE-1-201667484,113940000,113940000,1
DE-1-201667492,113940000,113940000,1
DE-1-201767508,7975800,7975800,4
DE-1-201767805,170910000,170910000,2
DE-1-201770114,4557600,4026124.431684,9
DE-1-201868785,20509200,20509200,2
DE-1-201965052,68591880,68591880,1
FI-3-2014-2000003078,0,12282732,1
FI-3-2014-2002023052,0,6836400,1
FI-3-2014-2004043014,0,533664.1962,1
FI-3-2014-2005050123,2278800,7975800,1
FI-3-2014-2008080028,0,127469.2356,1
FI-3-2014-2008080130,0,4074763.2984,1
FI-3-2014-2009091300,0,7975800,1
FI-3-2014-2012000151,0,6307718.4,1
FI-3-2014-2013130107,0,1195549.632,1
FI-3-2014-2013130132,0,2293188.3432,1
FI-3-2014-2013130288,0,1753739.4132,1
FI-3-2014-2014140714,13672800,0,0
FI-3-2014-2014140891,10254600,0,0
FI-3-2015-2005050123,20509200,10254600,1
FI-3-2015-2008080028,0,244372.815,1
FI-3-2015-2008080130,0,297219.3264,1
FI-3-2015-2009091300,0,5697000,1
FI-3-2015-2013130107,216486,918830.3904,1
FI-3-2015-2013130288,0,2170611.6912000002,1
FI-3-2015-2014140714,0,6836400,1
FI-3-2015-2014140891,0,3418200,1
FI-3-2015-2015150032,2278800,0,0
FI-3-2016-2005050123,0,10254600,1
FI-3-2016-2008080028,0,167765.25600000002,1
FI-3-2016-2009091300,0,2278800,1
FI-3-2016-2013130107,0,216226.21680000002,1
FI-3-2016-2013130288,0,2568365.9766,1
FI-3-2016-2014140891,0,3418200,1
FI-3-2017-2005050123,19369800,10254600,1
FI-3-2017-2013130288,0,2493655.97436,1
FI-3-2017-2014140891,0,3418200,1
FI-3-2017-2015150032,0,569700,1
FI-3-2018-2005050123,0,9115200,1
FI-3-2018-2013130288,26914.9068,1304218.7676000001,1
FI-3-2018-2015150032,0,569700,1
FI-3-2018-2018180551,10254600,3418200,1
FI-3-2019-2005050123,0,10254600,1
FI-3-2019-2013130288,0,14083.952490000001,1
FI-3-2019-2015150032,0,1139400,1
FI-3-2019-2018180551,0,3418200,1
FI-3-2019-2019190049,4557600,0,0
FI-3-2019-2019190107,31903200,0,0
FI-3-2020-2018180551,0,3418200,1
FI-3-2020-2019190049,0,2278800,1
FI-3-2020-2019190107,0,11394000,1
FI-3-2021-2018180551,6836400,3418200,1
FI-3-2021-2019190107,0,11394000,1
FI-3-2021-2021001001,23927.4,1813.9248,1
FI-3-2021-2021005339,21648600,0,0
FI-3-2022-2018180551,0,3418200,1
FI-3-2022-2019190049,0,1139400,1
FI-3-2022-2019190107,0,9115200,1
FI-3-2022-2021210112,0,3418200,1
FI-3-2022-2022220043,23927400,0,0
FI-3-2023-2023230044,0,1139400,1
FI-3-2023-2023230130,0,5697000,1
FI-3-2023-2023230300,0,3987900,1
FI-3-2023-2023230435,5355180,1936980,1
FI-3-2023-2023230729,9115200,0,0
FI-3-2024-2024240132,0,4785480,1
FI-3-2024-2024240259,0,4557600,1
FI-3-2024-2024240349,0,3418200,1
FI-3-2025-2025250181,9115200,2278800,1
FI-3-2025-2025250423,0,4899420,1
GB-1-103985-101,39196933.25,32347562,5
GB-1-103986-101,358159247.75,244238652.15,5
GB-1-113707-102,25147450,25147450,2
GB-1-113963-102,24485675,24485675,2
GB-1-114086-101,21031202.88225,15882600,6
GB-1-114506-106,60883300,60883300,2
GB-1-201375-102,100458221.92385,70942280,4
GB-1-201375-106,4500070,4500070,1
GB-1-201564-101,63133335,54530260,3
GB-1-201629-108,39412739.40105,41818953.1554595,5
GB-1-202328-101,242860235.7083,242860235.099467,11
GB-1-202377-101,96060042.7735,96060042.7735,4
GB-1-202462-101,27639808.4753,22938445.05,4
GB-1-202468-101,65290721.5,65290721.5,3
GB-1-202697-101,230297578.2334,230297578.2334,8
GB-1-202893-104,4520043.69305,4520043.2033365,1
GB-1-202990-101,344586242.5,347564230,4
GB-1-202990-103,12441370,12441370,1
GB-1-202991-102,310372475,310372475,3
GB-1-203001-101,49178379.691,41236455.3857005,4
GB-1-203100-104,6448360.74745,6419216.17645,8
GB-1-203213-101,142612512.5,142612512.5,3
GB-1-203213-102,103236900,103236900,4
GB-1-203396-102,39706500,39706500,1
GB-1-203413-102,7941300,7941299.999999999,1
GB-1-203536-101,18529700,18529700,2
GB-1-203536-113,12435174.46245,12435174.46245,3
GB-1-203585-101,49396442.4948,49396442.4948,3
GB-1-203766-109,6617750,6617750,1
GB-1-203766-111,19853250,19853250,1
GB-1-203766-112,590581.2455,590581.2455,3
GB-1-203811-101,3308875,1985325,2
GB-1-204024-107,119119500,119119500,2
GB-1-204179-101,43015375,43015375,2
GB-1-204288-102,4798240.667550001,4849048.3505265005,1
GB-1-205145-102,18472932.9405,12295207.7264,6
GB-1-205145-104,75846380.84365,75213749.09109999,9
GB-GOV-1-301596-404,6617750,1323550,1
GB-GOV-28-MHRA-GAMRIF,226384.162285,0,0
KR-GOV-021-20ED00026,0,640609.1534219916,1
KR-GOV-021-20ED00032,0,1328055.763866364,1
NL-1-PPR-26891,22788000,22788000,4
NO-BRC-971277882-NPL-07/010,34855490.7471768,32285096.658506855,10
NO-BRC-971277882-NPL-20/0002,19643990.449998487,19643990.44999849,4
NO-BRC-971277882-PAL-24/0005,30423000.594356634,30423000.594356634,1
NO-BRC-971277882-PAL-25/0011,34251060.27179223,34251060.27179223,1
NO-BRC-971277882-PAL-26/0002,10073841.256409481,10073841.256409481,1
NZ-1-ACT-0100448,2258738.4945507934,0,0
NZ-1-ACT-0100787,0,0,0
NZ-1-ACT-0101323,288101.7561691795,0,0
NZ-1-ACT-0101351,0,0,0
NZ-1-ACT-0101654,32415.912812694107,0,0
NZ-1-ACT-0101853,44079.28172115873,0,0
NZ-1-ACT-0102028,0,0,0
NZ-1-ACT-0102518,5364.503924558135,0,0
NZ-1-ACT-0102575,0,0,0
NZ-1-ACT-0102806,0,0,0
NZ-1-ACT-0102885,823253.0860014682,0,0
NZ-1-ACT-0103028,10767.73956745158,0,0
NZ-1-ACT-0103329,0,0,0
NZ-1-ACT-0103441,0,0,0
NZ-1-ACT-0103689,338810.774182619,0,0
NZ-1-ACT-0103755,39652.15427183918,0,0
NZ-1-ACT-0103910,5059102.360381727,0,0
NZ-1-ACT-0104124,8854424.868710825,0,0
NZ-1-ACT-0104126,2756356.6548082894,0,0
NZ-1-ACT-0104284,8470269.354565475,0,0
NZ-1-ACT-0104327,169229.77017335818,0,0
NZ-1-ACT-0104449,138347.7327912361,0,0
NZ-1-ACT-0104560,0,0,0
NZ-1-ACT-0104720,847026.9354565475,0,0
NZ-1-ACT-0104876,667327.8389519453,0,0
NZ-1-ACT-0105057,0,0,0
NZ-1-ACT-0105129,282342.3118188492,0,0
NZ-1-ACT-0105177,0,0,0
XI-IATI-EC_INTPA-2008-ACT-D-20972-01,412301192.027418,0,0
XI-IATI-EC_INTPA-2014-ACT-D-25027-00,71191367.37729,0,0
XI-IATI-EC_INTPA-2015-ACT-D-37809-00,40596997.775238,0,0
XI-IATI-EC_INTPA-2015-ACT-D-37956-00,45032808.25494,0,0
XI-IATI-EC_INTPA-2015-ACT-D-38103-00,38169900,0,0
XI-IATI-EC_INTPA-2015-ACT-D-38149-00,12919694.211594,0,0
XI-IATI-EC_INTPA-2015-ACT-D-38302-01,36232920,0,0
XI-IATI-EC_INTPA-2015-ACT-D-38302-02,36232920,0,0
XI-IATI-EC_INTPA-2015-ACT-D-38388-00,210097045.615896,0,0
XI-IATI-EC_INTPA-2015-ACT-D-38504-00,13599115.002,0,0
XI-IATI-EC_INTPA-2015-ACT-D-38731-01,26519765.38668,0,0
XI-IATI-EC_INTPA-2016-ACT-D-37486-02,261059113.439586,0,0
XI-IATI-EC_INTPA-2016-ACT-D-37957-01,29255699.275200002,0,0
XI-IATI-EC_INTPA-2016-ACT-D-37972-00,120033697.252626,0,0
XI-IATI-EC_INTPA-2016-ACT-D-38030-00,92747160,0,0
XI-IATI-EC_INTPA-2016-ACT-D-38107-00,172183995.0432,0,0
XI-IATI-EC_INTPA-2016-ACT-D-38233-00,80770100.546394,0,0
XI-IATI-EC_INTPA-2016-ACT-D-38320-00,226740600,0,0
XI-IATI-EC_INTPA-2016-ACT-D-38386-00,181443753,0,0
XI-IATI-EC_INTPA-2016-ACT-D-38540-01,58391371.41984,0,0
XI-IATI-EC_INTPA-2016-ACT-D-38564-01,66169541.076984,0,0
XI-IATI-EC_INTPA-2016-ACT-D-38569-00,46855194.945768,0,0
XI-IATI-EC_INTPA-2016-ACT-D-38574-01,206235045.977454,0,0
XI-IATI-EC_INTPA-2016-ACT-D-38575-00,72738583.635726,0,0
XI-IATI-EC_INTPA-2016-ACT-D-38868-01,10336692.6306,0,0
XI-IATI-EC_INTPA-2016-ACT-D-38939-00,224321212.897776,0,0
XI-IATI-EC_INTPA-2016-ACT-D-38972-00,87164100,0,0
XI-IATI-EC_INTPA-2016-ACT-D-39297-00,64314344.52,0,0
XI-IATI-EC_INTPA-2016-ACT-D-39310-00,100594092.367386,0,0
XI-IATI-EC_INTPA-2016-ACT-D-39312-00,18230400,0,0
XI-IATI-EC_INTPA-2016-PCC-375131,1139400,1139400,2
XI-IATI-EC_INTPA-2017-ACT-D-38831-00,39423240,0,0
XI-IATI-EC_INTPA-2017-ACT-D-39148-00,175162782.094758,0,0
XI-IATI-EC_INTPA-2017-ACT-D-39228-00,18857070,0,0
XI-IATI-EC_INTPA-2017-ACT-D-39288-00,56970000,0,0
XI-IATI-EC_INTPA-2017-ACT-D-39656-00,186857614.3788,0,0
XI-IATI-EC_INTPA-2017-ACT-D-39674-04,107638749.9738,0,0
XI-IATI-EC_INTPA-2017-ACT-D-39902-00,119637000,0,0
XI-IATI-EC_INTPA-2017-ACT-D-40022-00,18800100,0,0
XI-IATI-EC_INTPA-2017-ACT-D-40031-01,173188800,0,0
XI-IATI-EC_INTPA-2017-ACT-D-40033-01,33612300,0,0
XI-IATI-EC_INTPA-2017-ACT-D-40134-00,61527600,0,0
XI-IATI-EC_INTPA-2017-PCC-385290,3418200,2278800,2
XI-IATI-EC_INTPA-2017-PCC-389389,13672800,7729994.868048,5
XI-IATI-EC_INTPA-2017-PCC-392914,86736825,0,0
XI-IATI-EC_INTPA-2018-ACT-D-38945-00,25192134,0,0
XI-IATI-EC_INTPA-2018-ACT-D-39315-00,16863120,0,0
XI-IATI-EC_INTPA-2018-ACT-D-39665-00,221763164.290722,0,0
XI-IATI-EC_INTPA-2018-ACT-D-39797-00,113940000,0,0
XI-IATI-EC_INTPA-2018-ACT-D-39984-00,14402423.175984,0,0
XI-IATI-EC_INTPA-2018-ACT-D-39985-00,70414920,0,0
XI-IATI-EC_INTPA-2018-ACT-D-40643-00,67035890.2932,0,0
XI-IATI-EC_INTPA-2018-ACT-D-40697-00,86024700,0,0
XI-IATI-EC_INTPA-2018-ACT-D-40701-00,167323660.416918,0,0
XI-IATI-EC_INTPA-2018-ACT-D-40839-01,121988362.597848,0,0
XI-IATI-EC_INTPA-2018-ACT-D-40854-00,17091000,0,0
XI-IATI-EC_INTPA-2018-ACT-D-40855-00,22332240,0,0
XI-IATI-EC_INTPA-2018-ACT-D-40874-00,24808610.068596,0,0
XI-IATI-EC_INTPA-2018-ACT-D-40929-00,29624400,0,0
XI-IATI-EC_INTPA-2018-ACT-D-41015-01,11394000,0,0
XI-IATI-EC_INTPA-2018-ACT-D-41630-00,2518074,0,0
XI-IATI-EC_INTPA-2018-PCC-383693,1936978.439022,1988307.46332,3
XI-IATI-EC_INTPA-2018-PCC-397039,595568.117232,595568.117232,3
XI-IATI-EC_INTPA-2018-PCC-397046,404224.9380000001,626670,1
XI-IATI-EC_INTPA-2018-PCC-397120,133119899.6202,0,0
XI-IATI-EC_INTPA-2018-PCC-397536,2278800,2050920,3
XI-IATI-EC_INTPA-2018-PCC-397670,2256012,1279105.7535360001,3
XI-IATI-EC_INTPA-2018-PCC-399023,22764072.6,4606524.115506,4
XI-IATI-EC_INTPA-2018-PCC-402069,27060750,0,0
XI-IATI-EC_INTPA-2018-PCC-402235,18458280,0,0
XI-IATI-EC_INTPA-2018-PCC-404409,279153000,0,0
XI-IATI-EC_INTPA-2018-PCC-404429,3844084.578786,3844084.578786,2
XI-IATI-EC_INTPA-2019-ACT-D-38918-00,54691200,0,0
XI-IATI-EC_INTPA-2019-ACT-D-39998-00,127612800,0,0
XI-IATI-EC_INTPA-2019-ACT-D-40019-00,39879000,0,0
XI-IATI-EC_INTPA-2019-ACT-D-40807-00,58617332.020782,0,0
XI-IATI-EC_INTPA-2019-ACT-D-40840-00,43297200,0,0
XI-IATI-EC_INTPA-2019-ACT-D-40939-00,41018400,0,0
XI-IATI-EC_INTPA-2019-ACT-D-41123-00,56630288.664792,0,0
XI-IATI-EC_INTPA-2019-ACT-D-41264-00,53836650,0,0
XI-IATI-EC_INTPA-2019-ACT-D-41517-00,20509200,0,0
XI-IATI-EC_INTPA-2019-ACT-D-41577-00,16847950.279068,0,0
XI-IATI-EC_INTPA-2019-ACT-D-41594-00,2044342.2438,0,0
XI-IATI-EC_INTPA-2019-ACT-D-41736-00,40220820,0,0
XI-IATI-EC_INTPA-2019-ACT-D-41739-00,11394000,0,0
XI-IATI-EC_INTPA-2019-ACT-D-41940-00,5697000,0,0
XI-IATI-EC_INTPA-2019-ACT-D-42051-00,22788000,0,0
XI-IATI-EC_INTPA-2019-ACT-D-42187-00,57767352.11999999,0,0
XI-IATI-EC_INTPA-2019-ACT-D-42209-00,28485000,0,0
XI-IATI-EC_INTPA-2019-PCC-404038,1025460,922914,3
XI-IATI-EC_INTPA-2019-PCC-407596,1139302.0116,1025371.81044,2
XI-IATI-EC_INTPA-2019-PCC-408616,5127300,0,0
XI-IATI-EC_INTPA-2019-PCC-409406,22788000,0,0
XI-IATI-EC_INTPA-2019-PCC-409671,37600200,0,0
XI-IATI-EC_INTPA-2019-PCC-410047,17091000,17091000.000000004,4
XI-IATI-EC_INTPA-2019-PCC-410060,165668760,0,0
XI-IATI-EC_INTPA-2019-PCC-412775,1382661.9000000001,1244395.71,4
XI-IATI-EC_INTPA-2019-PCC-413519,32358960,0,0
XI-IATI-EC_INTPA-2019-PCC-413599,9912780,0,0
XI-IATI-EC_INTPA-2019-PCC-413782,56970000,0,0
XI-IATI-EC_INTPA-2019-PCC-413820,2278800,1879227.733536,3
XI-IATI-EC_INTPA-2019-PCC-414050,2585308.8546,2326777.96914,5
XI-IATI-EC_INTPA-2020-ACT-D-38561-00,22788000,0,0
XI-IATI-EC_INTPA-2020-ACT-D-38966-00,22788000,0,0
XI-IATI-EC_INTPA-2020-ACT-D-40118-00,34182000,0,0
XI-IATI-EC_INTPA-2020-ACT-D-40138-00,43297200,0,0
XI-IATI-EC_INTPA-2020-ACT-D-40387-00,39879000,0,0
XI-IATI-EC_INTPA-2020-ACT-D-40898-00,161794800,0,0
XI-IATI-EC_INTPA-2020-ACT-D-41754-00,45576000,0,0
XI-IATI-EC_INTPA-2020-ACT-D-41871-00,5127300,0,0
XI-IATI-EC_INTPA-2020-ACT-D-42335-00,24793344,0,0
XI-IATI-EC_INTPA-2020-ACT-D-42401-00,51273000,0,0
XI-IATI-EC_INTPA-2020-ACT-D-42454-00,11394000,0,0
XI-IATI-EC_INTPA-2020-ACT-D-42802-00,34182000,0,0
XI-IATI-EC_INTPA-2020-ACT-D-42916-00,9001260,0,0
XI-IATI-EC_INTPA-2020-ACT-D-42950-01,15951600,0,0
XI-IATI-EC_INTPA-2020-PCC-414217,31903200,0,0
XI-IATI-EC_INTPA-2020-PCC-415467,8089740,8089740,4
XI-IATI-EC_INTPA-2020-PCC-415584,30194100,16521300,4
XI-IATI-EC_INTPA-2020-PCC-415725,48994200,0,0
XI-IATI-EC_INTPA-2020-PCC-416008,3789076.1926140003,1515630.472488,3
XI-IATI-EC_INTPA-2020-PCC-416065,7121250,6683116.255938,4
XI-IATI-EC_INTPA-2020-PCC-416132,7064280,9122276.8134,4
XI-IATI-EC_INTPA-2020-PCC-416217,26775900,0,0
XI-IATI-EC_INTPA-2020-PCC-416581,3418200,3418189.7454000004,3
XI-IATI-EC_INTPA-2020-PCC-417520,888732,660852,1
XI-IATI-EC_INTPA-2020-PCC-418122,3543534,708706.8,1
XI-IATI-EC_INTPA-2020-PCC-418161,2278800,2050920,4
XI-IATI-EC_INTPA-2020-PCC-418930,8431560,8430964.538166001,4
XI-IATI-EC_INTPA-2020-PCC-419898,7404704.235000001,0,0
XI-IATI-EC_INTPA-2020-PCC-420650,23927400,0,0
XI-IATI-EC_INTPA-2020-PCC-421284,5697000,5697000,1
XI-IATI-EC_INTPA-2020-PCC-421423,17888580,0,0
XI-IATI-EC_INTPA-2020-PCC-422215,2050920,1845828.0000000002,2
XI-IATI-EC_INTPA-2020-PCC-422462,6378970.779,6336989.118846,4
XI-IATI-EC_INTPA-2020-PCC-422494,6897927.600000001,0,0
XI-IATI-EC_INTPA-2021-ACT-60903,102546000,0,0
XI-IATI-EC_INTPA-2021-ACT-60930,85455000,0,0
XI-IATI-EC_INTPA-2021-ACT-60933,39879000,0,0
XI-IATI-EC_INTPA-2021-ACT-60940,20395260,0,0
XI-IATI-EC_INTPA-2021-ACT-61001,36460800,0,0
XI-IATI-EC_INTPA-2021-ACT-61065,45576000,0,0
XI-IATI-EC_INTPA-2021-ACT-61069,45234180,0,0
XI-IATI-EC_INTPA-2021-ACT-61078,17091000,0,0
XI-IATI-EC_INTPA-2021-ACT-61083,0,0,0
XI-IATI-EC_INTPA-2021-ACT-61086,222183000,0,0
XI-IATI-EC_INTPA-2021-ACT-61090,78618600,0,0
XI-IATI-EC_INTPA-2021-ACT-61100,15381900,0,0
XI-IATI-EC_INTPA-2021-ACT-61102,68364000,0,0
XI-IATI-EC_INTPA-2021-ACT-61104,9115200,0,0
XI-IATI-EC_INTPA-2021-ACT-61116,113940000,0,0
XI-IATI-EC_INTPA-2021-ACT-61120,11394000,0,0
XI-IATI-EC_INTPA-2021-ACT-61121,79758000,0,0
XI-IATI-EC_INTPA-2021-ACT-61472,67053690,0,0
XI-IATI-EC_INTPA-2021-ACT-61633,11394000,0,0
XI-IATI-EC_INTPA-2021-ACT-62292,21420720,0,0
XI-IATI-EC_INTPA-2021-ACT-62317,13672800,0,0
XI-IATI-EC_INTPA-2021-ACT-62518,71782200,0,0
XI-IATI-EC_INTPA-2021-ACT-62576,50133600,0,0
XI-IATI-EC_INTPA-2021-ACT-62577,19369800,0,0
XI-IATI-EC_INTPA-2021-ACT-62696,23243760,0,0
XI-IATI-EC_INTPA-2021-ACT-62771,29168640,0,0
XI-IATI-EC_INTPA-2021-ACT-62799,10026720,0,0
XI-IATI-EC_INTPA-2021-ACT-62976,45576000,0,0
XI-IATI-EC_INTPA-2021-ACT-63055,34182000,0,0
XI-IATI-EC_INTPA-2021-ACT-63091,11394000,0,0
XI-IATI-EC_INTPA-2021-ACT-63101,20509200,0,0
XI-IATI-EC_INTPA-2021-ACT-63136,22788000,0,0
XI-IATI-EC_INTPA-2021-ACT-63169,45576000,0,0
XI-IATI-EC_INTPA-2021-ACT-63421,77479200,0,0
XI-IATI-EC_INTPA-2021-PC-1116,640599.165,128119.83300000001,1
XI-IATI-EC_INTPA-2021-PC-1163,1022242.3344,204448.46688000002,1
XI-IATI-EC_INTPA-2021-PC-4857,1123617.840174,204219.2196,1
XI-IATI-EC_INTPA-2021-PC-5303,317550.78,63510.156,1
XI-IATI-EC_INTPA-2021-PC-7879,177943.5162,71177.40648,1
XI-IATI-EC_INTPA-2021-PCC-417549,266965.97760000004,106786.39104000002,1
XI-IATI-EC_INTPA-2021-PCC-419116,10368540,9690224.4162,4
XI-IATI-EC_INTPA-2021-PCC-421490,1709100,1538190,3
XI-IATI-EC_INTPA-2021-PCC-422434,99583.56000000001,39833.424,1
XI-IATI-EC_INTPA-2021-PCC-422992,5241240,5798194.796934,2
XI-IATI-EC_INTPA-2021-PCC-423353,3646080,4209088.850712,4
XI-IATI-EC_INTPA-2021-PCC-424359,10425510,10425510,4
XI-IATI-EC_INTPA-2021-PCC-425135,7975800,7975800,4
XI-IATI-EC_INTPA-2021-PCC-425265,2962440,3318122.806344,3
XI-IATI-EC_INTPA-2021-PCC-425462,13672800,0,0
XI-IATI-EC_INTPA-2021-PCC-426286,2180002.626,290716.77059999993,1
XI-IATI-EC_INTPA-2021-PCC-427166,2278800,1972358.096544,2
XI-IATI-EC_INTPA-2021-PCC-427597,3703050,0,0
XI-IATI-EC_INTPA-2021-PCC-428224,21078900,0,0
XI-IATI-EC_INTPA-2021-PCC-428501,22788000,0,0
XI-IATI-EC_INTPA-2021-PCC-428606,319032,272240.738748,2
XI-IATI-EC_INTPA-2021-PCC-428618,279641.62029600004,282274.91042400006,3
XI-IATI-EC_INTPA-2021-PCC-428633,22788000,0,0
XI-IATI-EC_INTPA-2021-PCC-429309,630737.658,581967.9198,2
XI-IATI-EC_INTPA-2021-PCC-429840,410184,346651.238304,3
XI-IATI-EC_INTPA-2021-PCC-429957,1481220,756863.7119100001,2
XI-IATI-EC_INTPA-2021-PCC-430941,6836400,0,0
XI-IATI-EC_INTPA-2022-ACT-60558,35321400,0,0
XI-IATI-EC_INTPA-2022-ACT-60599,9115200,0,0
XI-IATI-EC_INTPA-2022-ACT-60628,59248800,0,0
XI-IATI-EC_INTPA-2022-ACT-60636,5127300,0,0
XI-IATI-EC_INTPA-2022-ACT-60692,10824300,0,0
XI-IATI-EC_INTPA-2022-ACT-60736,2848500,0,0
XI-IATI-EC_INTPA-2022-ACT-60909,7178220,0,0
XI-IATI-EC_INTPA-2022-ACT-60961,56970000,0,0
XI-IATI-EC_INTPA-2022-ACT-60987,10596420,0,0
XI-IATI-EC_INTPA-2022-ACT-61240,77479200,0,0
XI-IATI-EC_INTPA-2022-ACT-61302,5264028,0,0
XI-IATI-EC_INTPA-2022-ACT-61306,68364000,0,0
XI-IATI-EC_INTPA-2022-ACT-61310,18230400,0,0
XI-IATI-EC_INTPA-2022-ACT-61423,30763800,0,0
XI-IATI-EC_INTPA-2022-ACT-61433,36346860,0,0
XI-IATI-EC_INTPA-2022-ACT-61446,35435340,0,0
XI-IATI-EC_INTPA-2022-ACT-61483,11963700,0,0
XI-IATI-EC_INTPA-2022-ACT-61489,14812200,0,0
XI-IATI-EC_INTPA-2022-ACT-61496,45576000,0,0
XI-IATI-EC_INTPA-2022-ACT-61508,84030750,0,0
XI-IATI-EC_INTPA-2022-ACT-D-44448-00,28485000,0,0
XI-IATI-EC_INTPA-2022-ACT-D-44510-00,22788000,0,0
XI-IATI-EC_INTPA-2022-PC-15528,30763800,0,0
XI-IATI-EC_INTPA-2022-PC-15588,70642800,0,0
XI-IATI-EC_INTPA-2022-PC-15602,31903200,0,0
XI-IATI-EC_INTPA-2022-PC-15913,27345600,0,0
XI-IATI-EC_INTPA-2022-PC-16482,6836400,0,0
XI-IATI-EC_INTPA-2022-PC-16632,5127300,5127300,4
XI-IATI-EC_INTPA-2022-PC-16749,530162.8200000001,106032.564,1
XI-IATI-EC_INTPA-2022-PC-16758,44436600,0,0
XI-IATI-EC_INTPA-2022-PC-16925,1105085.8296,1105085.8296,1
XI-IATI-EC_INTPA-2022-PC-17800,65831398.65,0,0
XI-IATI-EC_INTPA-2022-PC-18559,8545500,0,0
XI-IATI-EC_INTPA-2022-PC-18569,23357700,0,0
XI-IATI-EC_INTPA-2022-PC-19577,6836400,6838115.0505,4
XI-IATI-EC_INTPA-2022-PC-19819,59248800,0,0
XI-IATI-EC_INTPA-2022-PC-20222,15381900,0,0
XI-IATI-EC_INTPA-2022-PC-21486,1139400,1025460,2
XI-IATI-EC_INTPA-2022-PC-21502,153819000,0,0
XI-IATI-EC_INTPA-2022-PC-21515,113256.36,45302.544,1
XI-IATI-EC_INTPA-2022-PC-21579,415256.69995200005,391553.44272000005,3
XI-IATI-EC_INTPA-2022-PC-21817,2050920,1910607.003234,2
XI-IATI-EC_INTPA-2022-PC-22100,754010.4834,754010.4834,1
XI-IATI-EC_INTPA-2022-PC-22890,678284.8200000001,651129.8416200001,1
XI-IATI-EC_INTPA-2022-PC-23195,11394000,7549604.0118,2
XI-IATI-EC_INTPA-2022-PC-23770,7406100,5770909.28889,4
XI-IATI-EC_INTPA-2022-PC-24289,21677085,0,0
XI-IATI-EC_INTPA-2022-PC-24334,11929518,0,0
XI-IATI-EC_INTPA-2022-PC-24537,7577010,0,0
XI-IATI-EC_INTPA-2022-PC-24576,15154020,0,0
XI-IATI-EC_INTPA-2022-PCC-421392,4557600,4546131.266754,3
XI-IATI-EC_INTPA-2022-PCC-428966,2848500,2529328.3804,3
XI-IATI-EC_INTPA-2022-PCC-429583,137867400,0,0
XI-IATI-EC_INTPA-2022-PCC-429800,6233942.25,0,0
XI-IATI-EC_INTPA-2022-PCC-431645,981882.7354800001,180275.86800000002,1
XI-IATI-EC_INTPA-2022-PCC-435740,13672800,0,0
XI-IATI-EC_INTPA-2022-PCC-436209,0,0,0
XI-IATI-EC_INTPA-2023-ACT-60734,35321400,0,0
XI-IATI-EC_INTPA-2023-ACT-60983,125334000,0,0
XI-IATI-EC_INTPA-2023-ACT-61233,102546000,0,0
XI-IATI-EC_INTPA-2023-ACT-61294,40981421.28573,0,0
XI-IATI-EC_INTPA-2023-ACT-61325,34182000,0,0
XI-IATI-EC_INTPA-2023-ACT-61606,14584320,0,0
XI-IATI-EC_INTPA-2023-ACT-61699,38739600,0,0
XI-IATI-EC_INTPA-2023-ACT-61724,45576000,0,0
XI-IATI-EC_INTPA-2023-ACT-61732,64945800,0,0
XI-IATI-EC_INTPA-2023-ACT-61831,16179480,0,0
XI-IATI-EC_INTPA-2023-ACT-61846,45576000,0,0
XI-IATI-EC_INTPA-2023-ACT-61862,22788000,0,0
XI-IATI-EC_INTPA-2023-ACT-61863,68364000,0,0
XI-IATI-EC_INTPA-2023-ACT-61910,25636500,0,0
XI-IATI-EC_INTPA-2023-ACT-62014,56970000,0,0
XI-IATI-EC_INTPA-2023-ACT-62246,81182250,0,0
XI-IATI-EC_INTPA-2023-PC-16929,3987672.12,797534.424,1
XI-IATI-EC_INTPA-2023-PC-18126,2073708,278013.60000000003,1
XI-IATI-EC_INTPA-2023-PC-18143,206385.10506,0,0
XI-IATI-EC_INTPA-2023-PC-18768,2278800,2050920,2
XI-IATI-EC_INTPA-2023-PC-19168,1749828.9923999999,1749828.9924,1
XI-IATI-EC_INTPA-2023-PC-19387,879776.316,175955.26320000002,1
XI-IATI-EC_INTPA-2023-PC-20001,455700.75120000006,455700.7512,1
XI-IATI-EC_INTPA-2023-PC-20035,396250.72176600003,396250.72176600003,1
XI-IATI-EC_INTPA-2023-PC-20039,369447.0318,369447.0318,1
XI-IATI-EC_INTPA-2023-PC-21484,973275.4800000001,194655.09600000002,1
XI-IATI-EC_INTPA-2023-PC-22049,462026.7,106448.445,2
XI-IATI-EC_INTPA-2023-PC-22492,1779763.1382900001,1166852.7036000001,1
XI-IATI-EC_INTPA-2023-PC-23130,5144220.09,341820,1
XI-IATI-EC_INTPA-2023-PC-23134,5440635,4394302.3314000005,3
XI-IATI-EC_INTPA-2023-PC-23139,51273000,0,0
XI-IATI-EC_INTPA-2023-PC-23354,36005040,0,0
XI-IATI-EC_INTPA-2023-PC-24210,36346860,0,0
XI-IATI-EC_INTPA-2023-PC-24213,35435340,0,0
XI-IATI-EC_INTPA-2023-PC-24294,45291150,0,0
XI-IATI-EC_INTPA-2023-PC-24360,9115200,6783159.4566,4
XI-IATI-EC_INTPA-2023-PC-25042,8545500,4557600,3
XI-IATI-EC_INTPA-2023-PC-25043,765676.8,306270.72000000003,1
XI-IATI-EC_INTPA-2023-PC-25058,2278800,0,0
XI-IATI-EC_INTPA-2023-PC-25140,225764.1342,90305.65368,1
XI-IATI-EC_INTPA-2023-PC-25147,17091000,0,0
XI-IATI-EC_INTPA-2023-PC-25426,25066800,15349422.918402001,3
XI-IATI-EC_INTPA-2023-PC-25538,29624400,0,0
XI-IATI-EC_INTPA-2023-PC-25625,5264028,0,0
XI-IATI-EC_INTPA-2023-PC-25655,4215780,0,0
XI-IATI-EC_INTPA-2023-PC-25701,45576000,0,0
XI-IATI-EC_INTPA-2023-PC-25713,5697000,1970767.7676000001,2
XI-IATI-EC_INTPA-2023-PC-25850,68364000,0,0
XI-IATI-EC_INTPA-2023-PC-26026,2749351.6908,423546.88320000004,1
XI-IATI-EC_INTPA-2023-PC-26198,3418200,2695929.577308,1
XI-IATI-EC_INTPA-2023-PC-26203,11394000,0,0
XI-IATI-EC_INTPA-2023-PC-26293,12191580,0,0
XI-IATI-EC_INTPA-2023-PC-26364,30592890,0,0
XI-IATI-EC_INTPA-2023-PC-26380,22788000,0,0
XI-IATI-EC_INTPA-2023-PC-26411,34182000,0,0
XI-IATI-EC_INTPA-2023-PC-26483,1139400,871235.476146,1
XI-IATI-EC_INTPA-2023-PC-26579,36460800,0,0
XI-IATI-EC_INTPA-2023-PC-26617,3492729.2934,1911396.220038,2
XI-IATI-EC_INTPA-2023-PC-26647,1139400,959185.705661,2
XI-IATI-EC_INTPA-2023-PC-26837,33954120,0,0
XI-IATI-EC_INTPA-2023-PC-26888,12533400,0,0
XI-IATI-EC_INTPA-2023-PC-27334,227652.12000000002,91060.848,1
XI-IATI-EC_INTPA-2023-PC-27358,153122.8266,61249.13064,1
XI-IATI-EC_INTPA-2023-PC-27513,383692.95,153477.18000000002,1
XI-IATI-EC_INTPA-2023-PC-27590,1595160,1404148.0215600003,3
XI-IATI-EC_INTPA-2023-PC-27689,7975800,0,0
XI-IATI-EC_INTPA-2023-PC-27690,1139400,814023.752436,2
XI-IATI-EC_INTPA-2023-PC-27905,6380640,0,0
XI-IATI-EC_INTPA-2023-PC-28421,41018400,0,0
XI-IATI-EC_INTPA-2023-PC-29022,1349688.5185499997,1025346.06,1
XI-IATI-EC_INTPA-2023-PC-29463,284850,113940,1
XI-IATI-EC_INTPA-2023-PC-30243,2751373.7384039997,1384355.0584000002,2
XI-IATI-EC_INTPA-2023-PC-30334,7162382.340000001,341818.8606,1
XI-IATI-EC_INTPA-2023-PC-30645,340637.3028,136219.82760000002,1
XI-IATI-EC_INTPA-2023-PC-30817,78692.66100000001,21475.411200000002,1
XI-IATI-EC_INTPA-2023-PC-31561,13103100,0,0
XI-IATI-EC_INTPA-2023-PC-31976,4785480,0,0
XI-IATI-EC_INTPA-2023-PC-32142,34182000,0,0
XI-IATI-EC_INTPA-2023-PC-32172,22788000,0,0
XI-IATI-EC_INTPA-2023-PC-32262,101341.08450000001,40536.4338,1
XI-IATI-EC_INTPA-2023-PC-32264,5355180,3878964.2789820004,3
XI-IATI-EC_INTPA-2023-PC-34444,2278800,1007902.8942480001,1
XI-IATI-EC_INTPA-2023-PC-36658,13672800,0,0
XI-IATI-EC_INTPA-2023-PC-41431,60103350,0,0
XI-IATI-EC_INTPA-2024-ACT-62007,50133600,0,0
XI-IATI-EC_INTPA-2024-ACT-62209,26206200,0,0
XI-IATI-EC_INTPA-2024-ACT-62358,62667000,0,0
XI-IATI-EC_INTPA-2024-ACT-62693,113940000,0,0
XI-IATI-EC_INTPA-2024-PC-25155,569529.0900000001,227811.636,1
XI-IATI-EC_INTPA-2024-PC-25272,227110.905,90844.36200000001,1
XI-IATI-EC_INTPA-2024-PC-25551,5217882.3,1043576.4600000001,1
XI-IATI-EC_INTPA-2024-PC-25656,1425199.894992,158355.543888,1
XI-IATI-EC_INTPA-2024-PC-26389,116446.68000000001,46578.672000000006,1
XI-IATI-EC_INTPA-2024-PC-26908,31903200,0,0
XI-IATI-EC_INTPA-2024-PC-27305,21648600,0,0
XI-IATI-EC_INTPA-2024-PC-27308,10254600,0,0
XI-IATI-EC_INTPA-2024-PC-27309,1709100,569700,1
XI-IATI-EC_INTPA-2024-PC-27708,1481197.212,296205.2604,1
XI-IATI-EC_INTPA-2024-PC-27747,3418200,1732342.6206,1
XI-IATI-EC_INTPA-2024-PC-32327,968864.8626,193772.97252,1
XI-IATI-EC_INTPA-2024-PC-35983,47854800,0,0
XI-IATI-EC_INTPA-2024-PC-36107,1401963.3360000001,257604.66720000003,1
XI-IATI-EC_INTPA-2024-PC-36292,77479200,0,0
XI-IATI-EC_INTPA-2024-PC-36429,74061000,15397281.9,2
XI-IATI-EC_INTPA-2024-PC-36587,562118.4324,74949.732,1
XI-IATI-EC_INTPA-2024-PC-36591,759004.4736,507234.444245,2
XI-IATI-EC_INTPA-2024-PC-37034,18230400,0,0
XI-IATI-EC_INTPA-2024-PC-37206,83347110,0,0
XI-IATI-EC_INTPA-2024-PC-37344,91152000,0,0
XI-IATI-EC_INTPA-2024-PC-37405,96849000,0,0
XI-IATI-EC_INTPA-2024-PC-37656,9343080,0,0
XI-IATI-EC_INTPA-2024-PC-37833,66654900,0,0
XI-IATI-EC_INTPA-2024-PC-40050,45576000,0,0
XI-IATI-EC_INTPA-2024-PC-41558,278013.60000000003,55602.72,1
XI-IATI-EC_INTPA-2024-PC-44588,2278800,3325.2249600000005,1
XI-IATI-EC_INTPA-2024-PC-44598,325009.29240000003,65001.630600000004,1
XI-IATI-EC_INTPA-2024-PC-45725,311318.20503,0,0
XI-IATI-EC_INTPA-2024-PC-46872,39708.090000000004,0,0
XI-IATI-EC_INTPA-2024-PC-47768,190279800,0,0
XI-IATI-EC_INTPA-2024-PC-53145,4557600,0,0
XI-IATI-EC_INTPA-2025-PC-26320,1025460,666549,1
XI-IATI-EC_INTPA-2025-PC-36183,23927400,23927400,1
XI-IATI-EC_INTPA-2025-PC-36398,5240396.8440000005,1048079.3688,1
XI-IATI-EC_INTPA-2025-PC-36473,4752437.4,341808.606,1
XI-IATI-EC_INTPA-2025-PC-36663,797422.7628,257719.7466,1
XI-IATI-EC_INTPA-2025-PC-36947,1401792.4260000002,254876.94360000003,1
XI-IATI-EC_INTPA-2025-PC-37761,258176.646,103270.6584,1
XI-IATI-EC_INTPA-2025-PC-42917,22788000,0,0
XI-IATI-EC_INTPA-2025-PC-49248,18230400,0,0
XI-IATI-EC_INTPA-2025-PC-49555,156667.5,31333.5,1
XI-IATI-EC_INTPA-2025-PC-50869,156462.408,62584.963200000006,1
XI-IATI-EC_INTPA-2025-PC-52115,943708.05,341818.8606,1
XI-IATI-EC_INTPA-2025-PC-52952,10254600,0,0
XI-IATI-EC_INTPA-2025-PC-53379,611288.1,118839.42000000001,1
XI-IATI-EC_INTPA-2025-PC-53445,1730862.54,692345.0160000001,1
XI-IATI-EC_INTPA-2025-PC-53764,20509200,0,0
XI-IATI-EC_INTPA-2025-PC-55044,105907.23000000001,42362.892,1
XI-IATI-EC_INTPA-2025-PC-55340,7520040,0,0
XI-IATI-EC_INTPA-2025-PC-59817,10254600,3276318.4938000003,1
XI-IATI-EC_INTPA-2025-PC-61997,17091000,0,0
XI-IATI-EC_INTPA-2025-PC-69397,39879000,0,0
XI-IATI-EC_INTPA-2025-PC-72129,1139400,379841.778,1
XI-IATI-EC_INTPA-2025-PC-72780,12533400,0,0
XI-IATI-EC_INTPA-2026-PC-26307,1741743.81,0,0
XI-IATI-EC_INTPA-2026-PC-37759,297047.277,118818.91080000001,1
XI-IATI-EC_INTPA-2026-PC-38372,1228615.02,245723.00400000002,1
XI-IATI-EC_INTPA-2026-PC-42830,1139400,350275.100004,1
XI-IATI-EC_INTPA-2026-PC-49465,3076024.5072000003,620118.3336,1
XI-IATI-EC_INTPA-2026-PC-52678,7975800,2143867.0495,1
XI-IATI-EC_INTPA-2026-PC-53801,2143872.2520000003,321580.83780000004,1
XI-IATI-EC_INTPA-2026-PC-53819,25066800,0,0
XI-IATI-EC_INTPA-2026-PC-64428,1758549.9600000002,344492.575,1
XI-IATI-EC_INTPA-2026-PC-75396,2392748.978472,1435526.220222,1
XI-IATI-EC_INTPA-2026-PC-75410,17091000,0,0
XI-IATI-EC_INTPA-2026-PC-75852,151312.32,30262.464,1
XI-IATI-EC_INTPA-2026-PC-75966,79758000,42157800,1
XI-IATI-EC_INTPA-2026-PC-76775,20509.2,0,0
XI-IATI-EC_INTPA-2026-PC-77174,398790,0,0
XI-IATI-EC_INTPA-2026-PC-78665,132647.80860000002,53059.12344,1
XI-IATI-EC_INTPA-2026-PC-80732,22788,9188.000000000002,1
XI-IATI-EC_INTPA-2026-PC-81164,2563650,0,0
XI-IATI-EC_INTPA-2026-PC-83853,18058.06575,0,0
XI-IATI-EC_NEAR-2011-ACT-D-22775-00,51991787.892168,0,0
XI-IATI-EC_NEAR-2012-ACT-D-24572-00,11552272.9146,0,0
XI-IATI-EC_NEAR-2014-ACT-D-32813-01,84989353.779414,0,0
XI-IATI-EC_NEAR-2014-ACT-D-37371-00,95618363.707188,0,0
XI-IATI-EC_NEAR-2015-ACT-D-37735-00,53640905.671782,0,0
XI-IATI-EC_NEAR-2015-ACT-D-37894-03,28880200.650726,0,0
XI-IATI-EC_NEAR-2015-ACT-D-38144-00,69279103.048392,0,0
XI-IATI-EC_NEAR-2015-ACT-D-38422-00,49677840,0,0
XI-IATI-EC_NEAR-2015-ACT-D-38444-04,91152000,0,0
XI-IATI-EC_NEAR-2015-ACT-D-38715-01,77567178.930516,0,0
XI-IATI-EC_NEAR-2015-ACT-D-38716-05,39544454.829726,0,0
XI-IATI-EC_NEAR-2015-ACT-D-38720-00,89022967.00875,0,0
XI-IATI-EC_NEAR-2016-ACT-D-38717-03,35530520.941188,0,0
XI-IATI-EC_NEAR-2016-ACT-D-38718-06,47156917.5,0,0
XI-IATI-EC_NEAR-2016-ACT-D-39318-00,88303500,0,0
XI-IATI-EC_NEAR-2016-ACT-D-39372-02,53321943.323304,0,0
XI-IATI-EC_NEAR-2016-ACT-D-39506-00,61043355,0,0
XI-IATI-EC_NEAR-2016-ACT-D-39569-00,135418829.00121,0,0
XI-IATI-EC_NEAR-2016-ACT-D-39595-00,26997103.457820002,0,0
XI-IATI-EC_NEAR-2016-ACT-D-39601-00,79957463.375394,0,0
XI-IATI-EC_NEAR-2016-ACT-D-39747-07,28485000,0,0
XI-IATI-EC_NEAR-2016-ACT-D-39803-06,31903200,0,0
XI-IATI-EC_NEAR-2016-ACT-D-39806-09,31219560,0,0
XI-IATI-EC_NEAR-2016-ACT-D-39842-01,117851186.59074,0,0
XI-IATI-EC_NEAR-2016-PCC-380129,34182000,32915279.307978,3
XI-IATI-EC_NEAR-2016-PCC-380130,5697000,5697000,2
XI-IATI-EC_NEAR-2016-PCC-383649,2848500,2611117.404,3
XI-IATI-EC_NEAR-2017-ACT-D-40260-00,39879000,0,0
XI-IATI-EC_NEAR-2017-ACT-D-40313-00,56970000,0,0
XI-IATI-EC_NEAR-2017-ACT-D-40316-00,34182000,0,0
XI-IATI-EC_NEAR-2017-ACT-D-40318-00,66996720.00000001,0,0
XI-IATI-EC_NEAR-2017-ACT-D-40445-00,79758000,0,0
XI-IATI-EC_NEAR-2017-ACT-D-40548-00,20509200,0,0
XI-IATI-EC_NEAR-2017-ACT-D-40562-01,56970000,0,0
XI-IATI-EC_NEAR-2017-ACT-D-40695-00,82805895,0,0
XI-IATI-EC_NEAR-2017-ACT-D-40704-00,102546000,0,0
XI-IATI-EC_NEAR-2017-ACT-D-40759-00,10824300,0,0
XI-IATI-EC_NEAR-2017-ACT-D-40761-01,12105099.54,0,0
XI-IATI-EC_NEAR-2017-PCC-385741,6038820,6038820,4
XI-IATI-EC_NEAR-2017-PCC-394566,63008820,11394000,1
XI-IATI-EC_NEAR-2017-PCC-394632,25066800,10288782,2
XI-IATI-EC_NEAR-2017-PCC-394764,1481220,1481220,3
XI-IATI-EC_NEAR-2017-PCC-394816,45576000,35891100,5
XI-IATI-EC_NEAR-2017-PCC-394871,1709100,1709100,2
XI-IATI-EC_NEAR-2018-ACT-D-41151-00,40955195.88684,0,0
XI-IATI-EC_NEAR-2018-ACT-D-41290-00,2506680,0,0
XI-IATI-EC_NEAR-2018-ACT-D-41398-00,56970000,0,0
XI-IATI-EC_NEAR-2018-ACT-D-41405-00,30029547.851999998,0,0
XI-IATI-EC_NEAR-2018-PCC-395584,7388724.15,0,0
XI-IATI-EC_NEAR-2018-PCC-397293,4317995.574,0,0
XI-IATI-EC_NEAR-2018-PCC-399610,4215780,4215780,4
XI-IATI-EC_NEAR-2018-PCC-401348,3418200,3418200,3
XI-IATI-EC_NEAR-2018-PCC-401352,3076380,3076380,3
XI-IATI-EC_NEAR-2018-PCC-403140,56286360,27801360,2
XI-IATI-EC_NEAR-2018-PCC-403150,60103350,52694401.5,4
XI-IATI-EC_NEAR-2018-PCC-403393,34182000,26775900,5
XI-IATI-EC_NEAR-2018-PCC-404157,1025460,986720.5025460001,2
XI-IATI-EC_NEAR-2018-PCC-404297,6836400,4284144,4
XI-IATI-EC_NEAR-2018-PCC-404376,6141366,5527229.4,3
XI-IATI-EC_NEAR-2018-PCC-404417,4557600,1173582,1
XI-IATI-EC_NEAR-2019-ACT-D-41203-02,80498610,0,0
XI-IATI-EC_NEAR-2019-ACT-D-41263-03,58109400,0,0
XI-IATI-EC_NEAR-2019-ACT-D-41859-00,102546000,0,0
XI-IATI-EC_NEAR-2019-ACT-D-41860-00,113940000,0,0
XI-IATI-EC_NEAR-2019-ACT-D-41891-00,136728000,0,0
XI-IATI-EC_NEAR-2019-ACT-D-41934-01,61527600,0,0
XI-IATI-EC_NEAR-2019-ACT-D-41937-00,62667000,0,0
XI-IATI-EC_NEAR-2019-ACT-D-41950-00,62667000,0,0
XI-IATI-EC_NEAR-2019-ACT-D-42126-00,56970000,0,0
XI-IATI-EC_NEAR-2019-ACT-D-42137-00,50133600,0,0
XI-IATI-EC_NEAR-2019-ACT-D-42240-00,51808500.909,0,0
XI-IATI-EC_NEAR-2019-PCC-404352,6836400,5247126.174582001,2
XI-IATI-EC_NEAR-2019-PCC-404799,185454.441,0,0
XI-IATI-EC_NEAR-2019-PCC-407099,3418200,2449710,2
XI-IATI-EC_NEAR-2019-PCC-407821,2110738.5,0,0
XI-IATI-EC_NEAR-2019-PCC-408874,38739600,29766825,4
XI-IATI-EC_NEAR-2019-PCC-410052,8260650,6183489.618000001,3
XI-IATI-EC_NEAR-2019-PCC-411467,2873566.8,2498722.179732,5
XI-IATI-EC_NEAR-2019-PCC-411975,397080.9,0,0
XI-IATI-EC_NEAR-2019-PCC-413828,64262160,59846985,5
XI-IATI-EC_NEAR-2019-PCC-414058,47854800,43297200,4
XI-IATI-EC_NEAR-2019-PCC-415500,17091000,14390863.5528,5
XI-IATI-EC_NEAR-2020-ACT-D-42019-00,37487514.445218,0,0
XI-IATI-EC_NEAR-2020-ACT-D-42145-06,20014671.915,0,0
XI-IATI-EC_NEAR-2020-ACT-D-42278-00,96849000,0,0
XI-IATI-EC_NEAR-2020-ACT-D-42291-00,56970000,0,0
XI-IATI-EC_NEAR-2020-ACT-D-42575-00,22788000,0,0
XI-IATI-EC_NEAR-2020-ACT-D-42602-00,22788000,0,0
XI-IATI-EC_NEAR-2020-ACT-D-42747-06,45576000,0,0
XI-IATI-EC_NEAR-2020-ACT-D-42859-00,208510200,0,0
XI-IATI-EC_NEAR-2020-ACT-D-42914-01,88075620,0,0
XI-IATI-EC_NEAR-2020-ACT-D-42924-00,17091000,0,0
XI-IATI-EC_NEAR-2020-PCC-414985,389727.2124,0,0
XI-IATI-EC_NEAR-2020-PCC-415186,1367280,1327775.6005380002,4
XI-IATI-EC_NEAR-2020-PCC-416324,145843200,141012144,5
XI-IATI-EC_NEAR-2020-PCC-416672,50589360,13779935.5032,2
XI-IATI-EC_NEAR-2020-PCC-416748,52412400,101406600,4
XI-IATI-EC_NEAR-2020-PCC-416795,797580,728172.0817200001,3
XI-IATI-EC_NEAR-2020-PCC-417111,2107890,2107890,2
XI-IATI-EC_NEAR-2020-PCC-417245,2127619.3718520002,1808476.4626560002,2
XI-IATI-EC_NEAR-2020-PCC-418579,88873200,61527600,2
XI-IATI-EC_NEAR-2020-PCC-419152,45576000,45576000,2
XI-IATI-EC_NEAR-2020-PCC-419437,46145700,31903200,3
XI-IATI-EC_NEAR-2020-PCC-419973,57710610,44553730.32,4
XI-IATI-EC_NEAR-2020-PCC-420275,39879000,60957900,3
XI-IATI-EC_NEAR-2020-PCC-420528,68364000,46145700,3
XI-IATI-EC_NEAR-2020-PCC-420597,45576000,33612300,3
XI-IATI-EC_NEAR-2020-PCC-421173,35321400,25921350,4
XI-IATI-EC_NEAR-2020-PCC-421250,1709100,0,0
XI-IATI-EC_NEAR-2020-PCC-421661,455760,310918.07053800003,2
XI-IATI-EC_NEAR-2020-PCC-423478,2278800,2050920,3
XI-IATI-EC_NEAR-2020-PCC-424787,41018400,36808950.005064,3
XI-IATI-EC_NEAR-2021-ACT-60872,184810680,0,0
XI-IATI-EC_NEAR-2021-ACT-60875,184810680,0,0
XI-IATI-EC_NEAR-2021-ACT-61066,56970000,0,0
XI-IATI-EC_NEAR-2021-ACT-61068,58109400,0,0
XI-IATI-EC_NEAR-2021-ACT-61082,182304000,0,0
XI-IATI-EC_NEAR-2021-ACT-61137,148122000,0,0
XI-IATI-EC_NEAR-2021-ACT-61585,188001000,0,0
XI-IATI-EC_NEAR-2021-ACT-61727,79758000,0,0
XI-IATI-EC_NEAR-2021-ACT-61868,100267200,0,0
XI-IATI-EC_NEAR-2021-ACT-62392,76738590,0,0
XI-IATI-EC_NEAR-2021-ACT-62606,29624400,0,0
XI-IATI-EC_NEAR-2021-ACT-62648,72921600,0,0
XI-IATI-EC_NEAR-2021-ACT-62782,3418200000,0,0
XI-IATI-EC_NEAR-2021-PC-2265,203701.932,0,0
XI-IATI-EC_NEAR-2021-PC-3558,341818.8606,0,0
XI-IATI-EC_NEAR-2021-PC-4855,272806.542,0,0
XI-IATI-EC_NEAR-2021-PC-7220,1121970.0285,0,0
XI-IATI-EC_NEAR-2021-PC-7372,170281.05120000002,0,0
XI-IATI-EC_NEAR-2021-PC-8877,838675.8792000001,0,0
XI-IATI-EC_NEAR-2021-PCC-414053,2278800,759200.4504000001,1
XI-IATI-EC_NEAR-2021-PCC-415259,3953596.0842000004,0,0
XI-IATI-EC_NEAR-2021-PCC-415264,3373888.734,0,0
XI-IATI-EC_NEAR-2021-PCC-416172,2506680,2506680,3
XI-IATI-EC_NEAR-2021-PCC-417640,911520,856273.1488020001,2
XI-IATI-EC_NEAR-2021-PCC-423254,6036632.352,0,0
XI-IATI-EC_NEAR-2021-PCC-423450,1145097,839109.1360500001,2
XI-IATI-EC_NEAR-2021-PCC-423828,5877970.902,0,0
XI-IATI-EC_NEAR-2021-PCC-423852,6313824.4446,0,0
XI-IATI-EC_NEAR-2021-PCC-424417,2848500,2556473.249826,3
XI-IATI-EC_NEAR-2021-PCC-424514,2848500,2848500,2
XI-IATI-EC_NEAR-2021-PCC-424517,2333206.35,0,0
XI-IATI-EC_NEAR-2021-PCC-424843,10254600,5912558.699310001,3
XI-IATI-EC_NEAR-2021-PCC-424895,260694.72,0,0
XI-IATI-EC_NEAR-2021-PCC-425620,3015536.04,0,0
XI-IATI-EC_NEAR-2021-PCC-426292,750294.9,0,0
XI-IATI-EC_NEAR-2021-PCC-426850,210789000,153819000,1
XI-IATI-EC_NEAR-2021-PCC-427059,1993950,1993950.0000000002,2
XI-IATI-EC_NEAR-2021-PCC-427568,1139400,1025460,2
XI-IATI-EC_NEAR-2021-PCC-427664,256.262454,0,0
XI-IATI-EC_NEAR-2021-PCC-427905,284850,227880,1
XI-IATI-EC_NEAR-2021-PCC-427970,341136.36000000004,0,0
XI-IATI-EC_NEAR-2021-PCC-428148,12025194.557400001,8834403.9852,3
XI-IATI-EC_NEAR-2021-PCC-428565,7406100,5771923.047252001,3
XI-IATI-EC_NEAR-2021-PCC-428582,2278800,1959250.7124,3
XI-IATI-EC_NEAR-2021-PCC-428588,2278800,1462229.6202,3
XI-IATI-EC_NEAR-2021-PCC-428768,3646080,998114.4,1
XI-IATI-EC_NEAR-2021-PCC-428889,911520,790246.7988120001,2
XI-IATI-EC_NEAR-2021-PCC-428890,911520,820368,3
XI-IATI-EC_NEAR-2021-PCC-428959,282001.5,242552.29307400004,2
XI-IATI-EC_NEAR-2021-PCC-428962,227880,199592.606142,3
XI-IATI-EC_NEAR-2021-PCC-428965,227880,211266.83017800003,3
XI-IATI-EC_NEAR-2021-PCC-429045,649797.803262,576776.312064,3
XI-IATI-EC_NEAR-2021-PCC-430122,1253340,1125675.083844,2
XI-IATI-EC_NEAR-2021-PCC-430183,1709100,524356.4376000001,1
XI-IATI-EC_NEAR-2021-PCC-430372,2662585.52625,0,0
XI-IATI-EC_NEAR-2021-PCC-430625,68364000,68364000,1
XI-IATI-EC_NEAR-2022-ACT-60561,131031000,0,0
XI-IATI-EC_NEAR-2022-ACT-60707,68364000,0,0
XI-IATI-EC_NEAR-2022-ACT-60730,34751700,0,0
XI-IATI-EC_NEAR-2022-ACT-60900,74061000,0,0
XI-IATI-EC_NEAR-2022-ACT-60901,51273000,0,0
XI-IATI-EC_NEAR-2022-ACT-60915,82606500,0,0
XI-IATI-EC_NEAR-2022-ACT-61027,52412400,0,0
XI-IATI-EC_NEAR-2022-ACT-61197,27345600,0,0
XI-IATI-EC_NEAR-2022-ACT-61199,56970000,0,0
XI-IATI-EC_NEAR-2022-ACT-61256,644900400,0,0
XI-IATI-EC_NEAR-2022-ACT-61400,173188800,0,0
XI-IATI-EC_NEAR-2022-ACT-61442,12533400,0,0
XI-IATI-EC_NEAR-2022-ACT-61467,36460800,0,0
XI-IATI-EC_NEAR-2022-PC-10234,342095.7348,0,0
XI-IATI-EC_NEAR-2022-PC-15302,68364000,136728000,1
XI-IATI-EC_NEAR-2022-PC-15378,34085.720700000005,0,0
XI-IATI-EC_NEAR-2022-PC-18169,85455000,85455000,1
XI-IATI-EC_NEAR-2022-PC-18779,104984.316,0,0
XI-IATI-EC_NEAR-2022-PC-19078,644900400,644900400,1
XI-IATI-EC_NEAR-2022-PC-19257,99811.44,0,0
XI-IATI-EC_NEAR-2022-PC-19626,27345600,11394000,1
XI-IATI-EC_NEAR-2022-PC-20176,118497600,55830600,3
XI-IATI-EC_NEAR-2022-PC-20298,182304000,45576000,2
XI-IATI-EC_NEAR-2022-PC-21806,2563650,2563107.2354160002,2
XI-IATI-EC_NEAR-2022-PC-22151,876516.4926,766712.275326,2
XI-IATI-EC_NEAR-2022-PC-22257,1107232.299684,786109.4665020001,2
XI-IATI-EC_NEAR-2022-PC-22447,2278799.7721200003,1634358.288258,2
XI-IATI-EC_NEAR-2022-PC-22453,3391844.0828400007,3052659.674556,2
XI-IATI-EC_NEAR-2022-PC-22869,1234757.98116,689317.6302,1
XI-IATI-EC_NEAR-2022-PC-22976,5127300,1476794.5704,1
XI-IATI-EC_NEAR-2022-PC-23142,28485000,28485000,1
XI-IATI-EC_NEAR-2022-PC-23356,50703300,21124476,2
XI-IATI-EC_NEAR-2022-PC-23383,820501.3098000002,673240.434138,2
XI-IATI-EC_NEAR-2022-PC-23457,6836400,4181088.57426,2
XI-IATI-EC_NEAR-2022-PC-23492,2278800,1981232.9856900005,2
XI-IATI-EC_NEAR-2022-PC-23690,2007926.8944660001,1651819.2856200004,2
XI-IATI-EC_NEAR-2022-PC-23718,136728000,79928910,3
XI-IATI-EC_NEAR-2022-PC-24235,52070580,9115200,1
XI-IATI-EC_NEAR-2022-PC-24488,1139400,1107435.397734,2
XI-IATI-EC_NEAR-2022-PC-24561,3418200,0,0
XI-IATI-EC_NEAR-2022-PCC-425501,5924880,1251242.9343,1
XI-IATI-EC_NEAR-2022-PCC-430729,21648600,21648600,3
XI-IATI-EC_NEAR-2023-ACT-60518,273456000,0,0
XI-IATI-EC_NEAR-2023-ACT-60844,42978168,0,0
XI-IATI-EC_NEAR-2023-ACT-60862,42978168,0,0
XI-IATI-EC_NEAR-2023-ACT-61594,91152000,0,0
XI-IATI-EC_NEAR-2023-ACT-61596,79758000,0,0
XI-IATI-EC_NEAR-2023-ACT-61597,34182000,0,0
XI-IATI-EC_NEAR-2023-ACT-61599,85455000,0,0
XI-IATI-EC_NEAR-2023-ACT-61604,91152000,0,0
XI-IATI-EC_NEAR-2023-ACT-61816,39879000,0,0
XI-IATI-EC_NEAR-2023-ACT-61827,341820000,0,0
XI-IATI-EC_NEAR-2023-ACT-61996,56970000,0,0
XI-IATI-EC_NEAR-2023-ACT-62340,216486000,0,0
XI-IATI-EC_NEAR-2023-ACT-62364,45576000,0,0
XI-IATI-EC_NEAR-2023-ACT-62422,170910000,0,0
XI-IATI-EC_NEAR-2023-PC-13415,378874.82619,0,0
XI-IATI-EC_NEAR-2023-PC-17755,900126,0,0
XI-IATI-EC_NEAR-2023-PC-21815,11052180,4842450,2
XI-IATI-EC_NEAR-2023-PC-21871,3218520.1500000004,0,0
XI-IATI-EC_NEAR-2023-PC-22338,170910000,90724725,2
XI-IATI-EC_NEAR-2023-PC-22941,91152000,82036800,1
XI-IATI-EC_NEAR-2023-PC-23151,2054748.384,0,0
XI-IATI-EC_NEAR-2023-PC-23854,13672800,0,0
XI-IATI-EC_NEAR-2023-PC-23862,6836400,1475478.5634,1
XI-IATI-EC_NEAR-2023-PC-24994,56970000,17091000,1
XI-IATI-EC_NEAR-2023-PC-25026,429594.81840000005,0,0
XI-IATI-EC_NEAR-2023-PC-25094,797580,273456,1
XI-IATI-EC_NEAR-2023-PC-25328,34182000,30763800,1
XI-IATI-EC_NEAR-2023-PC-25371,35891100,18230400,2
XI-IATI-EC_NEAR-2023-PC-25441,79758000,71782200,1
XI-IATI-EC_NEAR-2023-PC-25711,85455000,76909500,1
XI-IATI-EC_NEAR-2023-PC-25712,49677840,9115200,1
XI-IATI-EC_NEAR-2023-PC-25764,30763800,12647340,2
XI-IATI-EC_NEAR-2023-PC-25802,29624400,0,0
XI-IATI-EC_NEAR-2023-PC-25842,11963700,3987900,1
XI-IATI-EC_NEAR-2023-PC-25960,91152000,91152000,2
XI-IATI-EC_NEAR-2023-PC-25995,13672800,4557600,1
XI-IATI-EC_NEAR-2023-PC-26113,188001000,169200900,1
XI-IATI-EC_NEAR-2023-PC-26205,1139400,229155.55829999998,1
XI-IATI-EC_NEAR-2023-PC-26206,510513.86699999997,0,0
XI-IATI-EC_NEAR-2023-PC-26221,197102.5272,0,0
XI-IATI-EC_NEAR-2023-PC-26322,11394000,5981735.444724,1
XI-IATI-EC_NEAR-2023-PC-26324,33726240,9798840,1
XI-IATI-EC_NEAR-2023-PC-26413,10254600,3987900,1
XI-IATI-EC_NEAR-2023-PC-26460,341820000,341820000,2
XI-IATI-EC_NEAR-2023-PC-26474,2278800,952009.7184,1
XI-IATI-EC_NEAR-2023-PC-26479,33384420,20509200,2
XI-IATI-EC_NEAR-2023-PC-26487,254077.0848,0,0
XI-IATI-EC_NEAR-2023-PC-26509,940005,0,0
XI-IATI-EC_NEAR-2023-PC-26649,15951600,2278800,1
XI-IATI-EC_NEAR-2023-PC-28407,307438.60500000004,0,0
XI-IATI-EC_NEAR-2023-PC-29284,1139041.0890000002,342989.377614,1
XI-IATI-EC_NEAR-2023-PC-29296,98415.675,0,0
XI-IATI-EC_NEAR-2023-PC-29638,835592.6628,0,0
XI-IATI-EC_NEAR-2023-PC-29639,1807840.404,0,0
XI-IATI-EC_NEAR-2023-PC-30456,1709100,829820.268702,2
XI-IATI-EC_NEAR-2023-PC-30872,1708851.371526,1032668.436888,2
XI-IATI-EC_NEAR-2023-PC-30873,978317.3250000001,132603.85054800002,2
XI-IATI-EC_NEAR-2023-PC-31718,8545500,1411594.6842,1
XI-IATI-EC_NEAR-2023-PC-31719,1139400,558585.7227,1
XI-IATI-EC_NEAR-2023-PC-31722,3418200,0,0
XI-IATI-EC_NEAR-2023-PC-31959,119637000,119637000,2
XI-IATI-EC_NEAR-2023-PC-32512,1139400,350997.718878,1
XI-IATI-EC_NEAR-2023-PC-3383,181164.6,0,0
XI-IATI-EC_NEAR-2023-PC-3384,4083324.7500000005,0,0
XI-IATI-EC_NEAR-2023-PC-34044,1458944.73,0,0
XI-IATI-EC_NEAR-2023-PC-34368,114039502.400538,0,0
XI-IATI-EC_NEAR-2023-PC-37347,170910000,170910000,1
XI-IATI-EC_NEAR-2024-ACT-62417,94991778,0,0
XI-IATI-EC_NEAR-2024-PC-16109,45576000,10539450,1
XI-IATI-EC_NEAR-2024-PC-25269,1481220,723545.2061999999,1
XI-IATI-EC_NEAR-2024-PC-25804,3331286.568,0,0
XI-IATI-EC_NEAR-2024-PC-26165,256695.426,0,0
XI-IATI-EC_NEAR-2024-PC-26216,273541.455,0,0
XI-IATI-EC_NEAR-2024-PC-26416,2092616.343,0,0
XI-IATI-EC_NEAR-2024-PC-26596,2278800,855974.5804260001,1
XI-IATI-EC_NEAR-2024-PC-26598,134677.08000000002,0,0
XI-IATI-EC_NEAR-2024-PC-26711,1708313.814,0,0
XI-IATI-EC_NEAR-2024-PC-27731,5275422,1330546.8834000002,1
XI-IATI-EC_NEAR-2024-PC-32056,9115200,1726718.5422,1
XI-IATI-EC_NEAR-2024-PC-34437,271991.87100000004,0,0
XI-IATI-EC_NEAR-2024-PC-36865,17091000,17091000,1
XI-IATI-EC_NEAR-2024-PC-36873,207370800,113940000,1
XI-IATI-EC_NEAR-2024-PC-37108,32472900,0,0
XI-IATI-EC_NEAR-2024-PC-38097,2278800,143919.231948,1
XI-IATI-EC_NEAR-2024-PC-38100,1139400,227880,1
XI-IATI-EC_NEAR-2024-PC-39790,894429,0,0
XI-IATI-EC_NEAR-2024-PC-41992,3418200000,3418200000,1
XI-IATI-IADB-AR-L1268,200000000,200000000,1
XI-IATI-IADB-AR-L1283,300000000,300000000,1
XI-IATI-IADB-AR-L1298,200000000,200000000,1
XI-IATI-IADB-AR-L1303,200000000,200000000,1
XI-IATI-IADB-AR-L1304,300000000,300000000,1
XI-IATI-IADB-AR-L1351,500000000,500000000,1
XI-IATI-IADB-AR-L1370,350000000,350000000,1
XI-IATI-IADB-AR-L1404,650000000,650000000,1
XI-IATI-IADB-AR-L1412,800000000,800000000,1
XI-IATI-IADB-AR-L1413,400000000,400000000,1
XI-IATI-IADB-BA-L1048,80000000,80000000,1
XI-IATI-IADB-BA-L1050,120000000,120000000,1
XI-IATI-IADB-BA-L1052,100000000,100000000,1
XI-IATI-IADB-BA-L1056,100000000,100000000,1
XI-IATI-IADB-BA-L1060,100000000,100000000,1
XI-IATI-IADB-BA-L1061,100000000,100000000,1
XI-IATI-IADB-BA-L1062,100000000,100000000,1
XI-IATI-IADB-BA-U0001,100000000,0,0
XI-IATI-IADB-BA-U0002,150000000,0,0
XI-IATI-IADB-BH-L1050,200000000,200000000,1
XI-IATI-IADB-BH-L1052,140000000,140000000,1
XI-IATI-IADB-BH-L1056,160000000,160000000,1
XI-IATI-IADB-BH-L1062,160000000,160000000,1
XI-IATI-IADB-BH-U0001,200000000,0,0
XI-IATI-IADB-BH-U0002,400000000,0,0
XI-IATI-IADB-BO-L1089,106000000,106000000,1
XI-IATI-IADB-BO-L1100,90000000,90000000,1
XI-IATI-IADB-BO-L1104,142530000,142530000,1
XI-IATI-IADB-BO-L1107,100000000,100000000,1
XI-IATI-IADB-BO-L1112,120000000,120000000,1
XI-IATI-IADB-BO-L1183,140000000,140000000,1
XI-IATI-IADB-BO-L1189,51600000,51600000,1
XI-IATI-IADB-BO-L1199,100000000,100000000,1
XI-IATI-IADB-BO-L1200,100000000,100000000,1
XI-IATI-IADB-BR-L1374,250000000,250000000,2
XI-IATI-IADB-BR-L1375,200000000,200000000,1
XI-IATI-IADB-BR-L1381,400000000,400000000,2
XI-IATI-IADB-BR-L1385,184000000,184000000,2
XI-IATI-IADB-BR-L1575,104000000,104000000,2
XI-IATI-IADB-CH-L1095,90000000,90000000,3
XI-IATI-IADB-CH-L1110,130000000,130000000,1
XI-IATI-IADB-CH-L1111,100000000,100000000,1
XI-IATI-IADB-CH-L1134,35000000,35000000,1
XI-IATI-IADB-CH-L1135,100000000,100000000,2
XI-IATI-IADB-CH-L1136,100000000,100000000,2
XI-IATI-IADB-CH-L1145,100000000,100000000,2
XI-IATI-IADB-CH-L1148,50000000,50000000,2
XI-IATI-IADB-CH-L1149,300000000,300000000,1
XI-IATI-IADB-CH-L1157,50000000,50000000,1
XI-IATI-IADB-CH-L1159,0,50000000,1
XI-IATI-IADB-CH-L1160,500000000,500000000,1
XI-IATI-IADB-CH-L1164,100000000,100000000,1
XI-IATI-IADB-CH-L1165,300000000,300000000,1
XI-IATI-IADB-CH-L1172,100000000,100000000,1
XI-IATI-IADB-CH-L1174,250000000,250000000,1
XI-IATI-IADB-CH-L1179,100000000,100000000,1
XI-IATI-IADB-CO-J0014,17589000,35178000,1
XI-IATI-IADB-CO-L1141,400000000,400000000,1
XI-IATI-IADB-CO-L1142,400000000,400000000,1
XI-IATI-IADB-CO-L1144,500000000,500000000,1
XI-IATI-IADB-CO-L1162,400000000,400000000,1
XI-IATI-IADB-CO-L1163,400000000,400000000,1
XI-IATI-IADB-CO-L1214,450000000,450000000,1
XI-IATI-IADB-CO-L1217,300000000,300000000,1
XI-IATI-IADB-CO-L1227,600000000,600000000,1
XI-IATI-IADB-CO-L1233,350000000,350000000,1
XI-IATI-IADB-CO-L1237,600000000,600000000,1
XI-IATI-IADB-CO-L1252,300000000,300000000,1
XI-IATI-IADB-CO-L1254,850000000,850000000,1
XI-IATI-IADB-CO-L1268,200000000,200000000,1
XI-IATI-IADB-CO-L1272,300000000,300000000,1
XI-IATI-IADB-CO-L1274,300000000,300000000,1
XI-IATI-IADB-CO-L1283,500000000,500000000,1
XI-IATI-IADB-CO-L1291,500000000,500000000,1
XI-IATI-IADB-CO-L1302,600000000,600000000,1
XI-IATI-IADB-CR-L1081,350000000,350000000,1
XI-IATI-IADB-CR-L1142,230000000,230000000,1
XI-IATI-IADB-CR-L1145,250000000,250000000,1
XI-IATI-IADB-DR-L1058,400000000,400000000,1
XI-IATI-IADB-DR-L1072,250000000,250000000,1
XI-IATI-IADB-DR-L1073,150000000,150000000,1
XI-IATI-IADB-DR-L1079,300000000,300000000,1
XI-IATI-IADB-DR-L1121,300000000,300000000,1
XI-IATI-IADB-DR-L1132,250000000,250000000,1
XI-IATI-IADB-DR-L1140,200000000,200000000,1
XI-IATI-IADB-DR-L1144,250000000,250000000,1
XI-IATI-IADB-DR-L1146,250000000,250000000,1
XI-IATI-IADB-DR-L1162,300000000,300000000,1
XI-IATI-IADB-EC-L1140,500000000,500000000,1
XI-IATI-IADB-EC-L1238,100000000,100000000,2
XI-IATI-IADB-EC-L1252,300000000,300000000,2
XI-IATI-IADB-EC-L1265,280000000,280000000,1
XI-IATI-IADB-EC-L1273,200000000,200000000,1
XI-IATI-IADB-EC-L1277,250000000,250000000,1
XI-IATI-IADB-EC-L1280,400000000,400000000,1
XI-IATI-IADB-EC-L1287,500000000,950000000,1
XI-IATI-IADB-EC-L1293,600000000,600000000,1
XI-IATI-IADB-EC-L1301,400000000,400000000,1
XI-IATI-IADB-EC-L1310,200000000,200000000,1
XI-IATI-IADB-EC-U0005,85000000,0,0
XI-IATI-IADB-EC-U0007,155000000,0,0
XI-IATI-IADB-ES-L1093,350000000,350000000,1
XI-IATI-IADB-ES-L1137,200000000,200000000,1
XI-IATI-IADB-ES-L1143,250000000,250000000,1
XI-IATI-IADB-GU-L1085,250000000,250000000,1
XI-IATI-IADB-GU-L1096,250000000,250000000,1
XI-IATI-IADB-GU-L1183,300000000,300000000,1
XI-IATI-IADB-GY-L1043,17160000,17160000,1
XI-IATI-IADB-GY-L1067,11640000,11640000,2
XI-IATI-IADB-GY-L1075,34000000,34000000,1
XI-IATI-IADB-GY-L1083,130000000,130000000,1
XI-IATI-IADB-GY-L1086,30000000,30000000,1
XI-IATI-IADB-GY-L1089,350000000,350000000,1
XI-IATI-IADB-HA-L1088,12000000,12000000,1
XI-IATI-IADB-HA-L1090,15000000,15000000,1
XI-IATI-IADB-HA-L1099,27000000,27000000,1
XI-IATI-IADB-HO-L1070,130000000,130000000,1
XI-IATI-IADB-HO-L1103,60000000,60000000,1
XI-IATI-IADB-HO-L1118,40000000,40000000,1
XI-IATI-IADB-HO-L1182,50000000,50000000,1
XI-IATI-IADB-HO-L1189,50000000,50000000,1
XI-IATI-IADB-HO-L1193,49780000,49780000,1
XI-IATI-IADB-HO-L1198,90000000,90000000,1
XI-IATI-IADB-HO-L1204,59500000,59500000,1
XI-IATI-IADB-HO-L1206,111650000,111650000,1
XI-IATI-IADB-HO-L1207,60000000,60000000,1
XI-IATI-IADB-HO-L1219,118480000,118480000,1
XI-IATI-IADB-HO-L1229,56100000,56100000,1
XI-IATI-IADB-HO-L1232,195000000,195000000,1
XI-IATI-IADB-HO-L1248,25600000,25600000,1
XI-IATI-IADB-JA-L1014,60000000,60000000,1
XI-IATI-IADB-JA-L1033,25000000,25000000,1
XI-IATI-IADB-JA-L1038,80000000,80000000,1
XI-IATI-IADB-JA-L1051,130000000,130000000,1
XI-IATI-IADB-JA-L1055,50000000,50000000,1
XI-IATI-IADB-JA-L1058,100000000,100000000,1
XI-IATI-IADB-JA-L1078,110000000,110000000,2
XI-IATI-IADB-JA-L1080,50000000,50000000,1
XI-IATI-IADB-JA-L1086,100000000,100000000,1
XI-IATI-IADB-JA-L1087,75000000,75000000,1
XI-IATI-IADB-JA-L1088,100000000,100000000,1
XI-IATI-IADB-ME-L1144,800000000,800000000,2
XI-IATI-IADB-ME-L1186,600000000,600000000,2
XI-IATI-IADB-ME-L1189,600000000,600000000,1
XI-IATI-IADB-ME-L1253,650000000,650000000,1
XI-IATI-IADB-ME-L1264,600000000,600000000,1
XI-IATI-IADB-ME-L1266,600000000,600000000,1
XI-IATI-IADB-ME-L1276,600000000,600000000,1
XI-IATI-IADB-ME-L1289,800000000,800000000,1
XI-IATI-IADB-ME-L1294,600000000,600000000,1
XI-IATI-IADB-ME-L1299,700000000,700000000,1
XI-IATI-IADB-ME-L1315,700000000,700000000,1
XI-IATI-IADB-ME-L1322,500000000,500000000,1
XI-IATI-IADB-ME-L1331,600000000,600000000,1
XI-IATI-IADB-ME-L1332,600000000,600000000,1
XI-IATI-IADB-ME-L1341,550000000,550000000,1
XI-IATI-IADB-NI-L1079,45000000,45000000,1
XI-IATI-IADB-NI-L1089,65000000,65000000,1
XI-IATI-IADB-NI-L1096,65000000,65000000,1
XI-IATI-IADB-NI-L1144,65000000,65000000,1
XI-IATI-IADB-PE-L1099,25000000,25000000,1
XI-IATI-IADB-PE-L1138,25000000,25000000,1
XI-IATI-IADB-PE-L1140,25000000,25000000,1
XI-IATI-IADB-PE-L1154,300000000,300000000,1
XI-IATI-IADB-PE-L1169,300000000,300000000,1
XI-IATI-IADB-PE-L1223,100000000,100000000,1
XI-IATI-IADB-PE-L1244,50000000,50000000,1
XI-IATI-IADB-PE-L1261,400000000,400000000,1
XI-IATI-IADB-PE-L1262,600000000,600000000,1
XI-IATI-IADB-PE-L1267,500000000,500000000,1
XI-IATI-IADB-PE-L1276,300000000,300000000,1
XI-IATI-IADB-PE-L1283,300000000,300000000,1
XI-IATI-IADB-PE-L1303,550000000,550000000,1
XI-IATI-IADB-PN-L1100,300000000,300000000,1
XI-IATI-IADB-PN-L1103,150000000,150000000,1
XI-IATI-IADB-PN-L1110,150000000,150000000,1
XI-IATI-IADB-PN-L1118,200000000,200000000,1
XI-IATI-IADB-PN-L1119,200000000,200000000,1
XI-IATI-IADB-PN-L1145,300000000,300000000,1
XI-IATI-IADB-PN-L1149,200000000,200000000,1
XI-IATI-IADB-PN-L1151,200000000,200000000,1
XI-IATI-IADB-PN-L1152,200000000,200000000,1
XI-IATI-IADB-PN-L1156,150000000,150000000,1
XI-IATI-IADB-PN-L1159,200000000,200000000,1
XI-IATI-IADB-PN-L1162,150000000,150000000,1
XI-IATI-IADB-PN-L1167,150000000,300000000,1
XI-IATI-IADB-PN-L1175,150000000,150000000,1
XI-IATI-IADB-PN-L1178,300000000,300000000,1
XI-IATI-IADB-PN-L1181,200000000,200000000,1
XI-IATI-IADB-PN-L1193,350000000,350000000,1
XI-IATI-IADB-PR-L1101,200000000,200000000,2
XI-IATI-IADB-PR-L1144,200000000,200000000,2
XI-IATI-IADB-PR-L1151,300000000,300000000,1
XI-IATI-IADB-PR-L1161,90000000,90000000,1
XI-IATI-IADB-PR-L1163,90000000,90000000,2
XI-IATI-IADB-PR-L1175,210000000,210000000,1
XI-IATI-IADB-PR-L1177,200000000,200000000,1
XI-IATI-IADB-PR-L1179,250000000,250000000,1
XI-IATI-IADB-PR-L1180,250000000,250000000,1
XI-IATI-IADB-PR-L1185,150000000,150000000,1
XI-IATI-IADB-SU-L1033,15000000,15000000,1
XI-IATI-IADB-SU-L1036,70000000,70000000,1
XI-IATI-IADB-SU-L1043,15000000,15000000,1
XI-IATI-IADB-SU-L1065,150000000,150000000,1
XI-IATI-IADB-SU-L1066,150000000,150000000,1
XI-IATI-IADB-SU-L1075,150000000,150000000,1
XI-IATI-IADB-TT-L1058,100000000,200000000,1
XI-IATI-IADB-UR-L1076,550000000,183750000,1
XI-IATI-IADB-UR-L1097,120000000,120000000,2
XI-IATI-IADB-UR-L1106,247000000,247000000,1
XI-IATI-IADB-UR-L1108,250000000,250000000,1
XI-IATI-IADB-UR-L1140,250000000,250000000,1
XI-IATI-IADB-UR-L1156,250000000,250000000,1
XI-IATI-IADB-UR-L1170,350000000,350000000,1
XI-IATI-IADB-UR-L1175,145000000,145000000,1
XI-IATI-IADB-UR-L1186,155000000,155000000,1
XI-IATI-IADB-UR-L1195,200000000,200000000,1
XI-IATI-IADB-UR-L1199,200000000,200000000,1
XI-IATI-IADB-UR-L1207,100000000,100000000,1
XM-DAC-21-1-2014B1MOZBSUP-MOZBUDSUP,0,0,1
XM-DAC-21-1-2015000108B1MOZBSUPMOZBUDSUP,0,0,1
XM-DAC-21-1-2015000211B1TANGBIPTANGBS,0,0,1
XM-DAC-3-1-107049-16394,0,19827548.256833185,9
XM-DAC-3-1-114412-14709,3917742.6485159835,28119529.969969057,7
XM-DAC-3-1-144397-20541,28476043.84213174,9068082.318328023,12
XM-DAC-3-1-160285-21566,3811033.7047820855,3787048.163843961,6
XM-DAC-3-1-172859-23033,58663178.888397686,58663178.88839769,8
XM-DAC-3-1-174458-24297,49543438.16216711,48903837.71703837,5
XM-DAC-3-1-185092-24540,92989222.39668287,69646235.39535664,5
XM-DAC-3-1-187132-24323,39634750.52973369,27775580.19329563,4
XM-DAC-3-1-191966-24982,2743944.2674431014,2743944.252198966,2
XM-DAC-3-1-204943-27743,44058173.74045336,43954091.97548743,5
XM-DAC-3-1-209288-26075,32470007.164743368,32470007.164743364,5
XM-DAC-3-1-209288-26078,0,0,0
XM-DAC-3-1-229249-29282,36555435.29626976,36553960.17927103,3
XM-DAC-3-1-255454-30798,33537096.60208235,33537096.60208235,3
XM-DAC-3-1-255454-31740,2256131.9532309948,2226801.262214363,3
XM-DAC-3-1-255454-31741,564032.9883077486,504051.1669385204,4
XM-DAC-3-1-49056-19443,24330113.66789128,23696451.186755896,8
XM-DAC-46004-32312-013-LN2306,8900000,9390440.2,1
XM-DAC-46004-32507-013-LN2379,300000000,300000000,1
XM-DAC-46004-32507-023-LN2577,300000000,300000000,1
XM-DAC-46004-33357-013-LN2252,7684000,7828412.2,1
XM-DAC-46004-34135-013-LN2218,10000000,5150329.03,1
XM-DAC-46004-34172-013-LN2224,15500000,16729810.52,1
XM-DAC-46004-34389-013-LN2378,10000000,10470136.22,1
XM-DAC-46004-34389-023-LN2479,10300000,10452270.67,1
XM-DAC-46004-34389-033-LN2585,10000000,9609533.92,1
XM-DAC-46004-34389-043-LN2706,10000000,10171779.66,1
XM-DAC-46004-35174-013-LN2277,30000000,31300904.56,1
XM-DAC-46004-35174-023-LN2551,25000000,25345221.82,1
XM-DAC-46004-35174-082-GRNT0272,65000000,65000000,3
XM-DAC-46004-36107-023-LN2334,60000000,63997158.49,1
XM-DAC-46004-36155-013-LN2270,400000000,400000000,1
XM-DAC-46004-36169-013-LN2268,56000000,57154751.88,1
XM-DAC-46004-36169-023-LN2641,60400000,57570658.53,3
XM-DAC-46004-36172-063-GRNT0305,21000000,21000000,5
XM-DAC-46004-36308-023-LN2442,100000000,100000000,1
XM-DAC-46004-36343-013-LN2281,1000000000,800000000,1
XM-DAC-46004-37017-013-LN2362,150000000,146343763.83,6
XM-DAC-46004-37164-023-LN2279,11000000,11451032.09,1
XM-DAC-46004-37218-013-LN2202,130000000,110000000,1
XM-DAC-46004-37218-013-LN2203,65000000,23488979.64,1
XM-DAC-46004-37307-013-LN2267,30000000,30781746.46,1
XM-DAC-46004-37393-032-GRNT0067,56000000,56000000,1
XM-DAC-46004-37577-013-LN2377,75000000,76570954.06,1
XM-DAC-46004-37577-023-LN2707,60000000,60797310.62,1
XM-DAC-46004-37752-013-LN2282,450000000,450000000,1
XM-DAC-46004-38122-013-LN2215,48000000,0,3
XM-DAC-46004-38264-013-LN2478,350000000,350000000,1
XM-DAC-46004-38276-013-LN2278,200000000,200000000,1
XM-DAC-46004-38276-023-LN2715,200000000,200000000,1
XM-DAC-46004-38335-013-LN2284,20000000,20181627.58,1
XM-DAC-46004-38349-029-LN3948,50000000,25000000,5
XM-DAC-46004-38392-033-LN2262,15000000,15265965.78,1
XM-DAC-46004-38421-013-LN2480,20000000,21193566.05,1
XM-DAC-46004-38421-023-LN2675,10000000,10181133.29,1
XM-DAC-46004-38421-072-LN2904,25000000,24870059.12,1
XM-DAC-46004-38558-013-LN2673,20000000,19467813.72,5
XM-DAC-46004-39305-013-LN2554,70000000,68930043.42,2
XM-DAC-46004-39405-013-LN2383,50000000,50017087.28,2
XM-DAC-46004-39492-013-LN2291,300000000,300000000,1
XM-DAC-46004-39492-013-LN2292,20000000,20080712.26,1
XM-DAC-46004-39516-013-LN2387,300000000,337552086.5,1
XM-DAC-46004-39516-023-LN2584,225000000,225000000,1
XM-DAC-46004-39658-013-LN2597,35000000,33063307.04,1
XM-DAC-46004-40003-013-LN2361,400000000,400000000,1
XM-DAC-46004-40009-023-LN2263,400000000,400000000,1
XM-DAC-46004-40009-033-LN2475,280000000,280000000,1
XM-DAC-46004-40009-043-LN2708,200000000,200000000,1
XM-DAC-46004-40272-013-LN2394,200000000,200000000,1
XM-DAC-46004-40273-013-LN2488,200000000,200000000,1
XM-DAC-46004-40347-013-LN2582,20000000,19084405.74,1
XM-DAC-46004-40354-013-LN2642,30000000,31274906.3,2
XM-DAC-46004-40368-022-LN2777,10000000,9239497.190000001,6
XM-DAC-46004-40538-013-LN2315,250000000,250000000,1
XM-DAC-46004-40538-023-LN2450,250000000,250000000,1
XM-DAC-46004-40538-033-LN2545,250000000,250000000,1
XM-DAC-46004-40563-013-LN2335,400000000,416580782.1,1
XM-DAC-46004-41108-013-LN2340,400000000,400000000,1
XM-DAC-46004-41325-013-LN2665,300000000,300000000,1
XM-DAC-46004-41360-013-LN2680,40000000,42156678.21,1
XM-DAC-46004-41360-014-LN3050,50000000,50992920,2
XM-DAC-46004-41373-013-LN2674,10000000,10722365.01,1
XM-DAC-46004-41380-013-LN2489,300000000,300000000,1
XM-DAC-46004-41380-023-LN2840,300000000,300000000,1
XM-DAC-46004-41392-013-LN2886,23970000,23752474.29,1
XM-DAC-46004-41392-023-LN3415,15000000,14382439.09,2
XM-DAC-46004-41544-084-GRNT0393,22000000,22000000,1
XM-DAC-46004-41544-088-GRNT0432,20000000,20000000,1
XM-DAC-46004-41544-089-GRNT0487,12500000,0,1
XM-DAC-46004-41544-089-LN3410,12500000,12017857.6,1
XM-DAC-46004-41544-091-GRNT0563,25000000,24592040,2
XM-DAC-46004-41545-013-LN2484,100000000,100230504.2,1
XM-DAC-46004-41545-023-LN2645,120000000,119662239,1
XM-DAC-46004-41607-013-LN2536,94000000,94000000,3
XM-DAC-46004-41641-013-LN2485,100000000,95973556.2,1
XM-DAC-46004-41641-023-LN2644,150000000,150969185.8,1
XM-DAC-46004-41666-013-LN2385,250000000,250000000,1
XM-DAC-46004-41666-033-LN2547,75000000,75000000,1
XM-DAC-46004-41666-033-LN2548,75000000,76465876.57,1
XM-DAC-46004-42007-020-LN4156,19717136,0,2
XM-DAC-46004-42007-020-LN4157,80000000,80000000,2
XM-DAC-46004-42007-021-LN4415,100000000,0,2
XM-DAC-46004-42151-013-LN2452,150000000,105000000,6
XM-DAC-46004-42163-013-LN2446,300000000,300000000,1
XM-DAC-46004-42163-013-LN2447,200000000,193493300.4,1
XM-DAC-46004-42163-023-LN2524,350000000,350000000,1
XM-DAC-46004-42163-023-LN2525,150000000,149664367.2,1
XM-DAC-46004-42191-013-LN2490,25000000,24673459.51,1
XM-DAC-46004-42191-023-LN2570,100000000,102022155.2,1
XM-DAC-46004-42191-033-LN2827,24800000,24270103.43,1
XM-DAC-46004-42235-013-LN2877,40000000,39825321.06,1
XM-DAC-46004-42235-023-LN3213,50000000,47380477.77,1
XM-DAC-46004-42267-026-LN3182,250000000,250000000,5
XM-DAC-46004-42305-013-LN2815,15000000,14740297.11,1
XM-DAC-46004-42305-023-LN3002,15000000,15224299.21,1
XM-DAC-46004-42305-033-LN3185,15000000,13798154.64,2
XM-DAC-46004-42503-013-LN2565,10000000,10000000,1
XM-DAC-46004-42503-023-LN2946,6000000,5983423.03,2
XM-DAC-46004-42529-013-LN2531,50000000,49901136.22,1
XM-DAC-46004-42529-023-LN2532,30000000,29941303.34,1
XM-DAC-46004-43009-013-LN2521,1000000000,0,1
XM-DAC-46004-43087-013-LN2529,46300000,47109160.51,1
XM-DAC-46004-43087-023-LN2530,33700000,34289004.9,1
XM-DAC-46004-43092-013-LN2595,200000000,200000000,1
XM-DAC-46004-43096-013-LN2523,43100000,43868173.27,1
XM-DAC-46004-43157-013-LN2566,44850000,45305932.1,1
XM-DAC-46004-43157-013-LN2567,100000000,100982099.1,1
XM-DAC-46004-43157-013-LN2568,100000000,100000000,1
XM-DAC-46004-43157-013-LN2569,500000000,500000000,1
XM-DAC-46004-43191-013-LN2625,16000000,15419139.77,1
XM-DAC-46004-43191-023-LN2801,10820000,10418514.41,1
XM-DAC-46004-43211-013-LN2723,200000000,200000000,1
XM-DAC-46004-43260-013-LN2888,12000000,11515265.95,3
XM-DAC-46004-43300-013-LN2538,500000000,500000000,1
XM-DAC-46004-43321-013-LN2659,9500000,9979846.47,1
XM-DAC-46004-43321-023-LN2950,5000000,4893961.1,2
XM-DAC-46004-43330-013-LN2543,500000000,500000000,1
XM-DAC-46004-43396-013-LN2872,350000000,350000000,1
XM-DAC-46004-43396-014-LN3233,350000000,350000000,1
XM-DAC-46004-43477-013-LN2951,95000000,95000000,1
XM-DAC-46004-43477-013-LN2952,155000000,150251447.04999998,2
XM-DAC-46004-43477-013-LN2953,50000000,49525934.16,2
XM-DAC-46004-43496-013-LN2664,100000000,100000000,1
XM-DAC-46004-44031-013-LN2691,12600000,12600000,2
XM-DAC-46004-44031-013-LN2692,3400000,3472734.4,2
XM-DAC-46004-44057-012-LN2791,5000000,4861828.16,1
XM-DAC-46004-44057-013-LN3036,15000000,15110733.21,2
XM-DAC-46004-44061-012-GRNT0251,45000000,45000000,2
XM-DAC-46004-44251-013-LN3081,45000000,45179727.12,1
XM-DAC-46004-44251-034-LN3335,100000000,100416675.8,2
XM-DAC-46004-44252-013-LN2895,300000000,300000000,1
XM-DAC-46004-44253-013-LN3111,250000000,250000000,1
XM-DAC-46004-44253-016-LN3505,250000000,250000000,2
XM-DAC-46004-44263-013-LN3460,40000000,38632260.05,2
XM-DAC-46004-44263-015-LN3831,40000000,40000000,2
XM-DAC-46004-44263-016-LN4128,40000000,0,2
XM-DAC-46004-44321-013-LN3006,24000000,22688206.79,10
XM-DAC-46004-44453-014-LN2926,400000000,400000000,2
XM-DAC-46004-45032-001-GRNT0300,4000000,4000000,2
XM-DAC-46004-45230-001-LN2922,20000000,19086498.740000002,3
XM-DAC-46004-45253-002-LN3318,150000000,150000000,6
XM-DAC-46004-45253-002-LN3319,100000000,98094601.29,6
XM-DAC-46004-45260-001-GRNT0322,15000000,15000000,3
XM-DAC-46004-45260-001-LN2954,21000000,20207590.82,3
XM-DAC-46004-45260-001-LN2955,8340000,7956436.51,3
XM-DAC-46004-45288-002-LN3187,200000000,200000000,5
XM-DAC-46004-45395-001-GRNT0318,2350000,2350000,2
XM-DAC-46004-46059-001-LN2905,2500000,2547723.55,1
XM-DAC-46004-46059-002-LN3205,15000000,14642647.89,2
XM-DAC-46004-46064-002-LN3166,7000000,6389830.13,5
XM-DAC-46004-46093-001-LN2942,300000000,300000000,1
XM-DAC-46004-46093-004-LN3068,400000000,400000000,2
XM-DAC-46004-46220-001-LN3155,49000000,45563705.67,2
XM-DAC-46004-46220-006-LN3453,90000000,90000000,2
XM-DAC-46004-46239-001-LN2871,500000000,500000000,4
XM-DAC-46004-46371-001-LN2994,14190000,14215475.36,2
XM-DAC-46004-46371-002-GRNT0431,16100000,16100000,1
XM-DAC-46004-46371-002-LN3258,20100000,19967303.06,3
XM-DAC-46004-46372-001-LN2984,575500000,511529441.3,1
XM-DAC-46004-46384-001-GRNT0360,14000000,14000000,3
XM-DAC-46004-46385-001-GRNT0359,4500000,4500000,2
XM-DAC-46004-46497-001-GRNT0339,5000000,5000000,2
XM-DAC-46004-46537-002-GRNT0407,10000000,3000000,5
XM-DAC-46004-47015-001-LN3126,400000000,399157648.3,2
XM-DAC-46004-47015-002-LN3321,100000000,100000000,2
XM-DAC-46004-47015-002-LN3322,300000000,293988918.9,2
XM-DAC-46004-47015-003-LN3537,300000000,300000000,1
XM-DAC-46004-47099-002-GRNT0463,53400000,53400000,2
XM-DAC-46004-47099-002-LN3343,6600000,6552162.4,2
XM-DAC-46004-47099-004-GRNT0530,19240000,1924646.45,10
XM-DAC-46004-47099-004-LN3513,30760000,31613705.23,1
XM-DAC-46004-47136-003-LN3426,15000000,14633794.56,2
XM-DAC-46004-47136-006-LN3719,15000000,15000000,2
XM-DAC-46004-47137-003-LN3279,17000000,17003711.16,2
XM-DAC-46004-47137-006-GRNT0572,30000000,30000000,1
XM-DAC-46004-47140-002-LN3493,50000000,49318771.16,3
XM-DAC-46004-47293-001-LN3227,140000000,140000000,1
XM-DAC-46004-47293-001-LN3228,90000000,85533314.41,1
XM-DAC-46004-47314-001-GRNT0416,3000000,3000000,1
XM-DAC-46004-47318-001-GRNT0442,2000000,2000000,1
XM-DAC-46004-47322-001-GRNT0560,5000000,5000000,2
XM-DAC-46004-47322-002-GRNT0633,2500000,381923.02,9
XM-DAC-46004-48044-001-LN3190,16000000,16000000,2
XM-DAC-46004-48044-001-LN3191,59000000,57496632.48,2
XM-DAC-46004-48044-004-LN3282,22000000,21369431.23,1
XM-DAC-46004-48044-004-LN3283,53000000,52387764.73,1
XM-DAC-46004-48044-005-LN3417,50000000,50000000,1
XM-DAC-46004-48044-005-LN3418,50000000,48704241.85,1
XM-DAC-46004-48065-002-LN3398,200000000,200000000,2
XM-DAC-46004-48065-002-LN3399,100000000,98630410.44,2
XM-DAC-46004-48065-003-LN3538,300000000,300000000,2
XM-DAC-46004-48134-001-LN3164,400000000,400000000,1
XM-DAC-46004-48134-006-LN3402,500000000,500000000,1
XM-DAC-46004-48134-007-LN3670,500000000,500000000,1
XM-DAC-46004-48207-001-LN3274,400000000,400000000,2
XM-DAC-46004-48207-002-LN3541,400000000,400000000,1
XM-DAC-46004-48207-004-LN3779,500000000,500000000,1
XM-DAC-46004-48218-010-LN3847,50000000,50000000,5
XM-DAC-46004-48361-001-GRNT0479,3000000,3000000,1
XM-DAC-46004-48361-001-LN3393,3000000,2997695,1
XM-DAC-46004-48361-002-GRNT0532,2250000,0,1
XM-DAC-46004-48361-002-LN3531,2750000,2807266.12,1
XM-DAC-46004-48361-003-GRNT0647,5000000,5000000,1
XM-DAC-46004-48386-004-LN3614,250000000,250000000,3
XM-DAC-46004-48427-001-LN3334,300000000,300000000,2
XM-DAC-46004-48427-002-LN3595,300000000,300000000,3
XM-DAC-46004-48434-005-LN3424,125000000,125000000,3
XM-DAC-46004-48458-001-LN3333,300000000,300000000,2
XM-DAC-46004-48458-003-LN3691,300000000,300000000,2
XM-DAC-46004-48478-001-GRNT0473,2000000,2000000,1
XM-DAC-46004-48479-001-GRNT0478,5000000,5000000,2
XM-DAC-46004-48490-002-LN3667,15000000,15000000,2
XM-DAC-46004-48490-003-LN3812,65000000,65000000,2
XM-DAC-46004-48490-004-LN3952,200000000,200000000,1
XM-DAC-46004-49006-003-LN4112,100892076,0,2
XM-DAC-46004-49041-002-LN3428,26500000,25776547.17,2
XM-DAC-46004-49041-004-LN4391,50000000,50000000,2
XM-DAC-46004-49043-001-LN3303,400000000,400000000,1
XM-DAC-46004-49043-002-LN3561,400000000,400000000,2
XM-DAC-46004-49043-003-LN4256,500000000,500000000,2
XM-DAC-46004-49083-001-LN3272,1000000000,1000000000,2
XM-DAC-46004-49117-002-LN3530,300000000,300000000,2
XM-DAC-46004-49117-003-LN3875,400000000,300000000,2
XM-DAC-46004-49117-004-LN4089,400000000,400000000,2
XM-DAC-46004-49209-001-LN3563,300000000,300000000,3
XM-DAC-46004-49210-001-LN3297,150000000,150000000,2
XM-DAC-46004-49232-001-LN3356,300000000,300000000,1
XM-DAC-46004-49331-001-LN3743,100000000,100000000,2
XM-DAC-46004-49365-002-LN3446,250000000,125000000,7
XM-DAC-46004-50024-002-GRNT0552,12000000,20000000,6
XM-DAC-46004-50028-001-GRNT0557,2900000,2900000,4
XM-DAC-46004-50028-001-GRNT0558,2900000,530878.9,10
XM-DAC-46004-50028-001-GRNT0559,3000000,3000000,4
XM-DAC-46004-50028-001-LN3627,3100000,3100000,7
XM-DAC-46004-50028-001-LN3628,3100000,3100000,2
XM-DAC-46004-50028-002-GRNT0666,6000000,7349431.08,8
XM-DAC-46004-50028-002-GRNT0667,3000000,3000000,2
XM-DAC-46004-50028-002-GRNT0668,6000000,6000000,2
XM-DAC-46004-50028-002-GRNT0669,6000000,6000000,2
XM-DAC-46004-50028-002-LN3830,3000000,3000000,2
XM-DAC-46004-50028-003-GRNT0754,5000000,5000000,3
XM-DAC-46004-50028-003-GRNT0755,10000000,10000000,3
XM-DAC-46004-50028-003-GRNT0756,6000000,0,3
XM-DAC-46004-50028-003-GRNT0757,5000000,5000000,3
XM-DAC-46004-50028-003-GRNT0758,8000000,8000000,3
XM-DAC-46004-50028-003-GRNT0759,10000000,10000000,3
XM-DAC-46004-50028-003-GRNT0760,4000000,-3811249.76,7
XM-DAC-46004-50028-003-GRNT0761,6000000,0,3
XM-DAC-46004-50028-003-LN4011,20000000,50000,7
XM-DAC-46004-50051-001-LN3502,82700000,0,1
XM-DAC-46004-50051-001-LN3503,117300000,117880202.2,2
XM-DAC-46004-50101-002-LN3832,15000000,15000000,6
XM-DAC-46004-50145-001-LN3486,500000000,500000000,2
XM-DAC-46004-50168-001-LN3454,500000000,500000000,2
XM-DAC-46004-50168-002-LN3671,500000000,500000000,2
XM-DAC-46004-50168-003-LN3842,500000000,500000000,1
XM-DAC-46004-50210-001-GRNT0525,5000000,5000000,1
XM-DAC-46004-50212-001-LN3479,10000000,0,5
XM-DAC-46004-50212-003-LN3933,9734796,10068693.98,1
XM-DAC-46004-50254-001-LN3546,21000000,21258703.04,4
XM-DAC-46004-50285-002-LN3758,88600000,88600000,5
XM-DAC-46004-50302-001-LN3532,150000000,150000000,2
XM-DAC-46004-50377-001-GRNT0673,4000000,4079711.86,8
XM-DAC-46004-50399-003-LN3821,10000000,10000000,1
XM-DAC-46004-51035-001-LN3664,100000000,100000000,2
XM-DAC-46004-51035-003-LN3857,100000000,100000000,2
XM-DAC-46004-51035-005-LN4016,50000000,50000000,2
XM-DAC-46004-51035-005-LN4017,100000000,100000000,2
XM-DAC-46004-51054-001-LN3533,100000000,100000000,1
XM-DAC-46004-51059-001-LN3616,250000000,250000000,1
XM-DAC-46004-51059-002-LN3868,250000000,250000000,1
XM-DAC-46004-51060-002-LN3584,40000000,40000000,1
XM-DAC-46004-51060-003-LN3735,50000000,50000000,1
XM-DAC-46004-51066-001-GRNT0782,50000000,301469.14,7
XM-DAC-46004-51066-003-GRNT0870,50000000,50000000,2
XM-DAC-46004-51129-002-LN3860,10000000,10146499.85,1
XM-DAC-46004-51132-002-LN3985,136215705,137490365.75,3
XM-DAC-46004-51141-002-GRNT0615,14000000,14000000,4
XM-DAC-46004-51199-001-LN3648,130000000,130000000,2
XM-DAC-46004-51252-003-LN3863,30000000,30000000,2
XM-DAC-46004-51252-004-LN3992,30000000,30000000,1
XM-DAC-46004-51252-005-LN4130,30000000,30000000,1
XM-DAC-46004-51309-001-LN3707,300000000,300000000,2
XM-DAC-46004-51309-002-LN3959,300000000,300000000,2
XM-DAC-46004-51309-003-LN4355,300000000,300000000,2
XM-DAC-46004-51348-001-LN3869,50000000,50000000,5
XM-DAC-46004-51350-001-LN3675,300000000,300000000,1
XM-DAC-46004-51350-003-LN3866,300000000,300000000,1
XM-DAC-46004-51350-004-LN4292,150000000,0,1
XM-DAC-46004-51350-005-LN4658,500000000,500000000,1
XM-DAC-46004-52018-001-LN3725,15000000,15000000,3
XM-DAC-46004-52030-001-GRNT0709,12200000,0,1
XM-DAC-46004-52049-001-LN3804,500000000,500000000,2
XM-DAC-46004-52049-003-LN4018,300000000,300000000,2
XM-DAC-46004-52073-001-GRNT0703,5000000,5000000,1
XM-DAC-46004-52074-001-GRNT0629,5000000,5000000,2
XM-DAC-46004-52145-001-LN3969,20000000,20000000,2
XM-DAC-46004-52145-002-LN4330,40000000,40000000,1
XM-DAC-46004-52146-001-LN3825,45000000,45000000,1
XM-DAC-46004-52173-001-LN3858,300000000,400000000,2
XM-DAC-46004-52173-003-LN4102,400000000,400000000,2
XM-DAC-46004-52218-001-LN4038,500000000,500000000,2
XM-DAC-46004-52218-002-LN4249,500000000,500000000,2
XM-DAC-46004-52225-001-GRNT0657,50000000,0,2
XM-DAC-46004-52225-003-GRNT0800,10700000,10816807.85,6
XM-DAC-46004-52225-003-LN4114,69300000,69300000,1
XM-DAC-46004-52225-004-GRNT0853,25000000,-24751628.2,5
XM-DAC-46004-52225-004-LN4221,25000000,25000000,2
XM-DAC-46004-52230-001-LN3988,50000000,50000000,4
XM-DAC-46004-52313-001-GRNT0635,5000000.000000001,36430.47,9
XM-DAC-46004-52337-001-GRNT0852,15000000,6327140.68,4
XM-DAC-46004-52339-001-LN4033,51412461,50839798.78,2
XM-DAC-46004-52339-003-LN4547,25780818.8107209,9570427.95146108,3
XM-DAC-46004-53028-001-LN3880,160000000,160000000,2
XM-DAC-46004-53047-001-LN3925,400000000,400000000,1
XM-DAC-46004-53047-003-LN4185,400000000,400000000,2
XM-DAC-46004-53059-001-LN4220,28000000,13410640.909999998,5
XM-DAC-46004-53161-001-LN4123,100000000,0,2
XM-DAC-46004-53161-003-LN4472,100000000,100000000,1
XM-DAC-46004-53165-001-LN3881,300000000,300000000,2
XM-DAC-46004-53165-002-LN4159,300000000,300000000,2
XM-DAC-46004-53211-001-LN4137,500000000,500000000,2
XM-DAC-46004-53211-002-LN4350,500000000,483321003.4,2
XM-DAC-46004-53211-003-LN4659,73465000000,471503754.6,2
XM-DAC-46004-53211-003-LN4659-JICA,345000000,0,2
XM-DAC-46004-53211-003-LN4659-KfW,447380000,0,2
XM-DAC-46004-53221-001-LN3975,9796000,9796000,2
XM-DAC-46004-53221-001-LN3976,290204000,290204000,2
XM-DAC-46004-53221-003-LN4176,300000000,300000000,1
XM-DAC-46004-53247-001-LN3882,1000000000,1000000000,2
XM-DAC-46004-53248-001-LN3859,40000000,40704189.39,1
XM-DAC-46004-53260-001-LN4177,90000000,90000000,3
XM-DAC-46004-53315-001-GRNT0777,20000000,20000000,2
XM-DAC-46004-53353-001-LN3957,400000000,400000000,1
XM-DAC-46004-53353-002-LN4288,500000000,0,1
XM-DAC-46004-53424-001-LN4022,100000000,100000000,2
XM-DAC-46004-53424-002-LN4155,150000000,150000000,2
XM-DAC-46004-53424-003-LN4266,250000000,250000000,2
XM-DAC-46004-54001-001-LN4004,50000000,50000000,4
XM-DAC-46004-54014-001-LN4378,15000000,15270652.91,2
XM-DAC-46004-54022-001-LN3968,500000000,500000000,4
XM-DAC-46004-54054-001-GRNT0862,7500000,-7203029.06,5
XM-DAC-46004-54054-002-GRNT0996,7850000,7850000,1
XM-DAC-46004-54117-001-LN3971,500000000,500000000,4
XM-DAC-46004-54138-001-LN3907,250000000,250000000,3
XM-DAC-46004-54138-001-LN3908,500000000,500000000,3
XM-DAC-46004-54138-001-LN3909,251598614,250857465.3,3
XM-DAC-46004-54138-001-LN3910,503196143,513527108.9,3
XM-DAC-46004-54139-001-LN3905,502638494,499722028.8,3
XM-DAC-46004-54139-001-LN3906,1005276988,1040829840,3
XM-DAC-46004-54151-001-LN4030,5000000,5000000,2
XM-DAC-46004-54151-003-LN4198,5000000,5000000,1
XM-DAC-46004-54156-001-GRNT0706,50000000,0,1
XM-DAC-46004-54160-001-LN3939,500000000,500000000,2
XM-DAC-46004-54169-001-GRNT0699,25000000,25000000,1
XM-DAC-46004-54169-001-LN3913,25000000,25000000,1
XM-DAC-46004-54174-001-LN3922,100000000,100000000,2
XM-DAC-46004-54177-001-LN3945,500000000,500000000,3
XM-DAC-46004-54177-001-LN3949,1000000000,1000000000,3
XM-DAC-46004-54178-001-GRNT0708,10000000,0,2
XM-DAC-46004-54178-001-LN3938,10000000,10000000,2
XM-DAC-46004-54179-001-GRNT0776,16925000,0,3
XM-DAC-46004-54180-001-LN3919,250000000,250000000,2
XM-DAC-46004-54180-001-LN3920,250000000,250000000,2
XM-DAC-46004-54182-001-LN3915,500000000,500000000,2
XM-DAC-46004-54182-001-LN3916,1000000000,1000000000,2
XM-DAC-46004-54183-001-LN3914,20000000,20000000,2
XM-DAC-46004-54184-001-LN3926,250000000,250000000,2
XM-DAC-46004-54188-001-LN3940,538797633,557332643.1,2
XM-DAC-46004-54188-001-LN3941,538797633,557332643.1,2
XM-DAC-46004-54189-001-GRNT0710,25000000,0,2
XM-DAC-46004-54189-001-LN3942,25000000,25000000,2
XM-DAC-46004-54191-001-LN3929,102242870,103821282.8,1
XM-DAC-46004-54192-001-GRNT0772,100000000,0,2
XM-DAC-46004-54193-001-LN3931,500000000,500000000,2
XM-DAC-46004-54195-001-LN3951,250000000,250000000,3
XM-DAC-46004-54228-001-LN4056,100000000,100000000,1
XM-DAC-46004-54243-001-GRNT0718,20000000,20000000,1
XM-DAC-46004-54245-001-LN3955,20000000,20000000,1
XM-DAC-46004-54255-001-LN3960,250000000,250000000,7
XM-DAC-46004-54269-001-LN3980,200000000,200000000,2
XM-DAC-46004-54269-002-LN4473,300000000,300000000,2
XM-DAC-46004-54271-001-LN3993,201741975,209223966.9,2
XM-DAC-46004-54271-002-LN4246,100000000,0,1
XM-DAC-46004-54284-001-LN4063,5000000,5000000,1
XM-DAC-46004-54284-001-LN4064,20000000,20000000,1
XM-DAC-46004-54284-002-LN4206,30000000,30000000,2
XM-DAC-46004-54289-001-LN4010,21055190,21420098.5,2
XM-DAC-46004-54307-001-LN4115,250000000,0,1
XM-DAC-46004-54307-002-LN4319,400000000,400000000,1
XM-DAC-46004-54309-001-GRNT0751,14000000,14000000,2
XM-DAC-46004-54346-001-LN4015,250000000,250000000,2
XM-DAC-46004-54358-001-GRNT0766,16000000,0,2
XM-DAC-46004-54402-001-LN4323,50000000,0,1
XM-DAC-46004-54424-001-LN4427,100000000,100000000,2
XM-DAC-46004-54430-001-LN4285,40000000,40000000,2
XM-DAC-46004-54430-002-LN4654,50000000,0,1
XM-DAC-46004-54461-001-LN4144,500000000,500000000,2
XM-DAC-46004-54461-002-LN4377,512657363,506454883.4,2
XM-DAC-46004-54461-003-LN4723,430330000,506799448.4,2
XM-DAC-46004-54465-001-LN4138,250000000,0,2
XM-DAC-46004-54465-002-LN4421,250000000,250000000,2
XM-DAC-46004-55002-001-LN4349,100000000,100000000,2
XM-DAC-46004-55003-001-GRNT0898,18700000,18700000,2
XM-DAC-46004-55011-001-GRNT0871,5000000,-4806759.01,5
XM-DAC-46004-55011-001-LN4274,5000000,5000000,2
XM-DAC-46004-55011-002-LN4564,30000000,30000000,2
XM-DAC-46004-55014-001-LN4161,37744979,37767206.04,2
XM-DAC-46004-55014-001-LN4162,37744979,0,0
XM-DAC-46004-55016-001-GRNT0807,5000000,5000000,2
XM-DAC-46004-55017-001-GRNT0946,5000000,5000000,1
XM-DAC-46004-55039-001-LN4405,322658907.04069054,2084359.8643649817,1
XM-DAC-46004-55041-001-LN4076,250000000,0,1
XM-DAC-46004-55041-003-LN4187,250000000,0,2
XM-DAC-46004-55052-001-GRNT1001,7790000,7790000,1
XM-DAC-46004-55054-001-LN4158,350000000,0,2
XM-DAC-46004-55054-002-LN4362,400000000,400000000,1
XM-DAC-46004-55073-001-LN4082,250000000,250000000,2
XM-DAC-46004-55080-001-LN4401,250000000,250000000,2
XM-DAC-46004-55103-001-LN4250,100000000,100000000,2
XM-DAC-46004-55103-002-LN4518,101940978.60000001,106711852.084488,2
XM-DAC-46004-55105-001-LN4145,600000000,600000000,2
XM-DAC-46004-55105-003-LN4414,463115924,469526735.9,2
XM-DAC-46004-55116-001-LN4193,60000000,60000000,1
XM-DAC-46004-55116-001-LN4194,90000000,90000000,1
XM-DAC-46004-55145-001-LN4452,170000000,170000000,1
XM-DAC-46004-55154-001-LN4275,250000000,250000000,2
XM-DAC-46004-55154-003-LN4559,350000000,350000000,2
XM-DAC-46004-55183-001-LN4450,250000000,250000000,2
XM-DAC-46004-55209-003-LN4356,100000000,100000000,2
XM-DAC-46004-55220-001-LN4477,40000000,40000000,1
XM-DAC-46004-55235-001-LN4251,500000000,500000000,2
XM-DAC-46004-55255-001-LN4267,50000000,50000000,2
XM-DAC-46004-55255-003-LN4549,50000000,50000000,2
XM-DAC-46004-55268-001-LN4186,250000000,250000000,2
XM-DAC-46004-55268-003-LN4550,511721631,0,2
XM-DAC-46004-55300-001-LN4289,500000000,500000000,1
XM-DAC-46004-55300-002-LN4581,500000000,500000000,1
XM-DAC-46004-55360-001-LN4331,20000000,20000000,2
XM-DAC-46004-56006-001-LN4406,300000000,0,2
XM-DAC-46004-56006-003-GRNT4598,500000000,0,2
XM-DAC-46004-56006-003-LN4597,300000000,300000000,2
XM-DAC-46004-56010-001-LN4229,37350000,37350000,1
XM-DAC-46004-56010-002-LN4453,40000000,40000000,1
XM-DAC-46004-56023-001-LN4746,50000000,50000000,2
XM-DAC-46004-56069-001-LN4444,49310663,27272180.78,2
XM-DAC-46004-56138-001-GRNT0881,10000000,0,4
XM-DAC-46004-56138-001-GRNT0882,8000000,57038,4
XM-DAC-46004-56138-001-GRNT0883,10000000,2898745.87,4
XM-DAC-46004-56138-001-GRNT0884,5000000,5000000,4
XM-DAC-46004-56138-001-LN4300,5000000,5000000,4
XM-DAC-46004-56138-002-GRNT0950,6000000,6000000,3
XM-DAC-46004-56138-002-GRNT0951,6000000,0,3
XM-DAC-46004-56138-002-GRNT0952,4000000,0,3
XM-DAC-46004-56138-002-GRNT0953,5000000,5000000,3
XM-DAC-46004-56138-002-LN4459,20828715,0,3
XM-DAC-46004-56140-001-GRNT1064,3000000,0,2
XM-DAC-46004-56144-001-LN4202,100000000,100000000,1
XM-DAC-46004-56147-001-GRNT0857,50000000,-50000000,2
XM-DAC-46004-56148-001-LN4234,1250000000,1250000000,2
XM-DAC-46004-56148-001-LN4235,250000000,250000000,2
XM-DAC-46004-56149-001-LN4225,500000000,500000000,2
XM-DAC-46004-56150-001-GRNT0860,25000000,-24879307.66,5
XM-DAC-46004-56150-001-LN4241,25000000,25000000,2
XM-DAC-46004-56253-001-LN4423,400000000,0,2
XM-DAC-46004-56253-004-LN4606,400000000,400000000,1
XM-DAC-46004-56257-001-LN4617,72725000000,466754380.3,2
XM-DAC-46004-56270-001-LN4538,30000000,30000000,2
XM-DAC-46004-56270-001-LN4539,70000000,70000000,2
XM-DAC-46004-56281-001-LN4479,100000000,100000000,1
XM-DAC-46004-56284-001-GRNT0914,5000000,0,2
XM-DAC-46004-56284-002-GRNT1081,10000000,10000000,1
XM-DAC-46004-56285-001-LN4422,200000000,0,1
XM-DAC-46004-56288-001-LN4376,400000000,400000000,2
XM-DAC-46004-56299-001-GRNT0955,50000000,50000000,2
XM-DAC-46004-56332-001-LN4464,100000000,100000000,2
XM-DAC-46004-56332-002-LN4709,100000000,100000000,2
XM-DAC-46004-56343-001-LN4393,150000000,150000000,1
XM-DAC-46004-56358-001-GRNT0943,10000000,10000000,1
XM-DAC-46004-56358-002-GRNT1051,10000000,10000000,1
XM-DAC-46004-56368-001-LN4487,523525815,549230920.5528,2
XM-DAC-46004-57018-001-LN4449,525699790.2000001,551511637.9351201,2
XM-DAC-46004-57035-001-LN4315,350000000.00000006,350000000.00000006,1
XM-DAC-46004-57067-001-LN4568,100000000,100000000,1
XM-DAC-46004-57075-001-LN4660,381506939,0,2
XM-DAC-46004-57084-001-LN4563,28089107.23361003,15816971.850471511,1
XM-DAC-46004-57121-001-LN4448,12500000,12500000,1
XM-DAC-46004-57193-001-GRNT0954,7000000,7011360.71,3
XM-DAC-46004-57193-001-LN4462,43000000,43000000,2
XM-DAC-46004-57194-001-LN4451,250000000,250000000,1
XM-DAC-46004-57194-002-LN4774,250000000,0,0
XM-DAC-46004-57227-001-LN4669,70000000,0,2
XM-DAC-46004-57245-001-LN4489,200000000,200000000,2
XM-DAC-46004-57264-001-LN4471,70000000,70000000,1
XM-DAC-46004-57309-001-LN4580,500000000,200000000,2
XM-DAC-46004-57337-001-LN4535,100000000,100000000,2
XM-DAC-46004-58003-001-LN4572,500000000,0,2
XM-DAC-46004-58020-001-LN4571,565745992.6017263,3619384.5092478422,1
XM-DAC-46004-58020-002-LN4780,450000000,0,1
XM-DAC-46004-58020-002-LN4781,300000000,300000000,1
XM-DAC-46004-58023-001-LN4679,100000000,100000000,1
XM-DAC-46004-58054-001-LN4514,500000000,500000000,1
XM-DAC-46004-58125-001-LN4544,125000000,125000000,2
XM-DAC-46004-58125-001-LN4545,125000000,125000000,2
XM-DAC-46004-58165-001-LN4557,478259784,483269601,2
XM-DAC-46004-58208-001-LN4543,200000000,200000000,1
XM-DAC-46004-58326-001-GRNT1044,10000000,0,2
XM-DAC-46004-58326-001-LN4651,40000000,0,2
XM-DAC-46004-58379-001-LN4725,75950000000,481488525.4,2
XM-DAC-46004-58379-001-LN4725-KfW,234920000,0,2
XM-DAC-46004-58417-001-GRNT1080,50000000,50000000,2
XM-DAC-46004-58438-001-LN4681,100000000,100000000,2
XM-DAC-46004-58438-001-LN4682,200000000,200000000,2
XM-DAC-46004-58446-001-LN4605,500000000,500000000,1
XM-DAC-46004-58452-001-LN4622,50000000,0,2
XM-DAC-46004-58475-001-LN4760,150000000,0,0
XM-DAC-46004-58479-001-LN4748,100000000,100000000,2
XM-DAC-46004-58508-001-LN4608,300000000,300000000,2
XM-DAC-46004-58508-001-LN4609,50000000,50000000,2
XM-DAC-46004-58522-001-GRNT1030,12000000,12000000,1
XM-DAC-46004-58522-001-LN4752,13000000,13000000,1
XM-DAC-46004-58538-001-LN4693,50000000,50000000,2
XM-DAC-46004-58547-001-GRNT1086,10000000,0,2
XM-DAC-46004-58548-001-GRNT1063,7000000,0,2
XM-DAC-46004-59038-001-LN4675,100000000,100000000,1
XM-DAC-46004-59092-001-LN4724,60760000000,386047398.20000005,2
XM-DAC-46004-59151-001-GRNT1094,5000000,5000000,2
XM-DAC-46004-59151-001-LN4722,10000000,10000000,2
XM-DAC-46004-59154-001-GRNT1067,13200000,0,0
XM-DAC-46004-59154-001-GRNT1068,9900000,0,0
XM-DAC-46004-59193-001-LN4704,100000000,100000000,2
XM-DAC-46004-59288-001-LN4703,650000000,650000000,2
XM-DAC-5-7-6617541,32085.504,32085.504,1
XM-DAC-5-7-6618264,54104.409,54104.40900000001,1
XM-DAC-5-7-6618595,74021.87300400001,74021.87300400001,1
XM-DAC-5-7-6618689,524700.638946,524700.638946,1
XM-DAC-5-7-6618709,1715148.869508,1715148.869508,1
XM-DAC-5-7-6619010,12159.038736,12159.038736,1
XM-DAC-5-7-6619031,13936.947102,13936.947102,1
XM-DAC-5-7-6619140,11733.461442000002,11733.461442000002,1
XM-DAC-5-7-6619197,33881.1984,33881.1984,1
XM-DAC-50-21-Z03-24-01-22500,398788.8606,398788.8606,2
XM-DAC-50-21-Z03-25-01-21800,1139400,1139400,1
XM-DAC-6-4-008465-03-0,3708969.9463980002,3708969.9463980002,9
XM-DAC-6-4-009147-01-4,4557600,4557600,6
XM-DAC-6-4-009614-01-0,2675311.2,-3353.276988000027,2
XM-DAC-6-4-009659-01-6,1557215.7012,1557215.7012,3
XM-DAC-6-4-009696-03-5,148122,148131.354474,2
XM-DAC-6-4-010049-01-2,3418200,3418200,3
XM-DAC-6-4-010081-01-3,7975800,7975800,3
XM-DAC-6-4-010084-02-3,1083247.587864,1083247.587864,2
XM-DAC-6-4-010152-01-5,1156739.3892,1156739.3892,3
XM-DAC-6-4-010408-01-6,32117.635079999993,32117.635080000004,4
XM-DAC-6-4-010418-01-5,3987900,3987936.893772,2
XM-DAC-6-4-010419-01-0,1140471.036,782648.368092,2
XM-DAC-6-4-010496-02-1,20800.749671999998,20800.749671999998,2
XM-DAC-6-4-010497-01-2,187431.3,187431.30000000002,1
XM-DAC-6-4-010519-02-5,5980.904298,5980.904298,3
XM-DAC-6-4-010607-01-5,2256012,2256012,1
XM-DAC-6-4-010680-01-4,2219851.48887,2219851.48887,2
XM-DAC-6-4-010693-01-2,804838.057758,804838.057758,2
XM-DAC-6-4-010718-02-4,1595160,1595160,1
XM-DAC-6-4-010733-01-5,3416870.37717,3416870.37717,2
XM-DAC-6-4-010744-01-6,5540913.5940000005,5540913.5940000005,1
XM-DAC-6-4-010877-02-0,568871.6562000001,568871.6562000001,1
XM-DAC-6-4-010888-01-0,398790,251330.082552,1
XM-DAC-6-4-010997-01-1,683640,683640,2
XM-DAC-6-4-010997-03-3,341820,341820,1
XM-DAC-6-4-011005-01-3,3957819.8400000003,3957819.8400000003,3
XM-DAC-6-4-011023-01-4,0,0,0
XM-DAC-6-4-011068-01-3,2050920,2848500,3
XM-DAC-6-4-011097-01-5,3418200,3418200,3
XM-DAC-6-4-011389-02-2,5697000,3739738.6800000006,2
XM-DAC-6-4-011598-01-6,4610468.16,1401689.8800000001,1
XM-DAC-6-4-011639-02-5,305955.10620000004,188593.488,2
XM-DAC-6-4-011649-01-3,15564204,3190320,1
XM-DAC-6-4-011755-03-0,1139400,956817.9864,2
XM-DAC-6-4-011764-02-3,2848500,1490430.2259600002,2
XM-DAC-6-4-011835-01-4,5640030,5640030,2
XM-DAC-6-4-012041-01-3,3987900,1922338.7100000002,1
XM-DAC-6-4-012316-01-0,1139400,797580,1
XM-DAC-6-4-012586-01-0,125334000,125334000,1
XM-DAC-6-4-012620-01-0,2278800,0,1
XM-DAC-6-4-013015-01-0,15381900,15381900,1
XM-DAC-6-4-013158-01-1,11394000,11394000,1
XM-DAC-69-1-2019000246,25919.071200000002,25919.071200000002,1
XM-DAC-69-3-2018000217,1139400,0,0
XM-DAC-69-3-2018000330,1139400,0,0
XM-DAC-701-8-201903815,92478421.70160297,0,0
XM-DAC-701-8-201905005,184956843.40320593,0,0
XM-DAC-701-8-202004739,271270036.9913687,0,0
XM-DAC-701-8-202108578,92478421.70160297,0,0
XM-DAC-701-8-202109599,184956843.40320593,0,0
XM-DAC-701-8-202111010,30826140.56720099,0,0
XM-DAC-701-8-202207950,92478421.70160297,0,0
XM-DAC-701-8-202208006,184956843.40320593,0,0
XM-DAC-701-8-202208027,171146732.4290999,0,0
XM-DAC-701-8-202209138,228113440.19728732,0,0
XM-DAC-701-8-202209514,40382244.143033296,0,0
XM-DAC-701-8-202209815,92478421.70160297,0,0
XM-DAC-701-8-202210428,72151664.61159064,0,0
XM-DAC-701-8-202210509,83230579.53144267,0,0
XM-DAC-701-8-202210984,308261405.6720099,0,0
XM-DAC-701-8-202311927,184956843.40320593,0,0
XM-DAC-701-8-202311965,94334155.36374846,0,0
XM-DAC-701-8-202311979,222651048.0887793,0,0
XM-DAC-701-8-202312660,240443896.42416772,0,0
XM-DAC-701-8-202312773,184956843.40320593,0,0
XM-DAC-701-8-202313856,98643649.81504317,0,0
XM-DAC-701-8-202314504,215782983.97040692,0,0
XM-DAC-701-8-202412097,47595561.035758324,0,0
XM-DAC-701-8-202412128,215782983.97040692,0,0
XM-DAC-701-8-202413783,369913686.80641186,0,0
XM-DAC-701-8-202515176,95561035.75832306,0,0
XM-DAC-701-8-202515233,308261405.6720099,0,0
XM-DAC-701-8-202516249,2909371146.7324295,0,0
XM-DAC-701-8-202615286,308261405.6720099,0,0
XM-OCHAS-HPC6770-1258,0,200000,1
XM-OCHAS-HPC6770-1311,0,16000000,1
XM-OCHAS-HPC6770-1518,0,2550000,1
XM-OCHAS-HPC6770-1605,0,13333333,1
XM-OCHAS-HPC6770-1606,0,5333333,1
XM-OCHAS-HPC6770-1609,0,18666667,1
XM-OCHAS-HPC6770-1610,0,18666667,1
XM-OCHAS-HPC6770-1612,0,13333333,1
XM-OCHAS-HPC6770-1613,0,5333333,1
XM-OCHAS-HPC6770-1614,0,16000000,1
XM-OCHAS-HPC6770-1641,0,3802085,1
XM-OCHAS-HPC6770-1642,0,165883,1
XM-OCHAS-HPC6770-1789,0,2640000,1
XM-OCHAS-HPC6770-2174,0,13333333,1
XM-OCHAS-HPC6770-2176,0,8666667,1
XM-OCHAS-HPC6770-2186,0,8000000,1
XM-OCHAS-HPC6770-2188,0,9333333,1
XM-OCHAS-HPC6770-2370,0,1650000,1
XM-OCHAS-HPC6770-2371,0,1950000,1
XM-OCHAS-HPC6770-2372,0,25000000,1
XM-OCHAS-HPC6770-2373,0,4494949,1
XM-OCHAS-HPC6770-2374,0,500000,1
XM-OCHAS-HPC6770-2375,0,2272727,1
XM-OCHAS-HPC6770-2376,0,4775784,1
XM-OCHAS-HPC6770-2377,0,5000000,1
XM-OCHAS-HPC6770-2378,0,4000000,1
XM-OCHAS-HPC6770-2379,0,6021353,1
XM-OCHAS-HPC6770-2380,0,2280000,1
XM-OCHAS-HPC6770-2381,0,2500000,1
XM-OCHAS-HPC6770-2382,0,1200000,1
XM-OCHAS-HPC6770-2383,0,3500000,1
XM-OCHAS-HPC6770-2384,0,2076808,1
XM-OCHAS-HPC6770-2385,0,700000,1
XM-OCHAS-HPC6770-2386,0,35000000,1
XM-OCHAS-HPC6770-2387,0,4000000,1
XM-OCHAS-HPC6770-2389,0,1500000,1
XM-OCHAS-HPC6770-2390,0,5435625,1
XM-OCHAS-HPC6770-2391,0,150000,1
XM-OCHAS-HPC6770-2392,0,4593192,1
XM-OCHAS-HPC6770-2393,0,18978647,1
XM-OCHAS-HPC6770-2394,0,7500000,1
XM-OCHAS-HPC6770-2397,0,197340909,1
XM-OCHAS-HPC6770-2398,0,14654327,1
XM-OCHAS-HPC6770-2399,0,505050,1
XM-OCHAS-HPC6770-2400,0,2134375,1
XM-OCHAS-HPC6770-2401,0,9000000,1
XM-OCHAS-HPC6770-2402,0,10386364,1
XM-OCHAS-HPC6770-2403,0,51500000,1
XM-OCHAS-HPC6770-2404,0,1000000,1
XM-OCHAS-HPC6770-2405,0,1664626,1
XM-OCHAS-HPC6770-2406,0,20000000,1
XM-OCHAS-HPC6770-2407,0,29500000,1
XM-OCHAS-HPC6770-2408,0,3330000,1
XM-OCHAS-HPC6770-2409,0,18681046,1
XM-OCHAS-HPC6770-2690,0,67487436,1
XM-OCHAS-HPC6770-2691,0,55295300,1
XM-OCHAS-HPC6770-2695,0,53839352,1
XM-OCHAS-HPC6770-2733,0,67492960,1
XM-OCHAS-HPC6770-2778,0,360019,1
XM-OCHAS-HPC6770-3198,0,2649000,1
XM-OCHAS-HPC6770-3206,0,8000000,1
XM-OCHAS-HPC6770-3209,0,1000000,1
XM-OCHAS-HPC6770-3662,0,710000,1
XM-OCHAS-HPC6770-3812,0,68471,1
