iatiidentifier,finance_type,finance_type_name,flow_type,flow_type_name,tied_status,collaboration_type,collaboration_type_name,hierarchy
DE-1-200770347,110,Standard grant,10,ODA,3,1,Bilateral,1
DE-1-200970418,110,Standard grant,10,ODA,3,1,Bilateral,1
46002-P-NA-HAA-006,,,,,,2,Multilateral (inflows),1
DE-1-200970012,110,Standard grant,10,ODA,3,1,Bilateral,1
46002-P-SC-K00-015,421,Standard loan,10,ODA,5,2,Multilateral (inflows),1
DE-1-201265248,110,Standard grant,10,ODA,3,1,Bilateral,1
DE-1-201270370,110,Standard grant,10,ODA,3,1,Bilateral,1
DE-1-201366632,110,Standard grant,10,ODA,3,1,Bilateral,1
46002-P-SC-K00-004,421,Standard loan,10,ODA,5,2,Multilateral (inflows),1
46002-P-SC-KA0-001,421,Standard loan,10,ODA,5,2,Multilateral (inflows),1
46002-P-SC-K00-005,421,Standard loan,10,ODA,5,2,Multilateral (inflows),1
46002-P-SC-K00-022,421,Standard loan,10,ODA,5,2,Multilateral (inflows),1
46002-P-SC-K00-023,,,,,,2,Multilateral (inflows),1
46002-P-SC-K00-024,,,,,,2,Multilateral (inflows),1
46002-P-SC-K00-025,,,,,,2,Multilateral (inflows),1
46002-P-SC-K00-028,,,,,,2,Multilateral (inflows),1
46002-P-SO-K00-003,421,Standard loan,10,ODA,5,2,Multilateral (inflows),1
46002-P-SO-AA0-009,,,,,,2,Multilateral (inflows),1
46002-P-SO-KF0-015,,,,,,2,Multilateral (inflows),1
46002-P-SO-E00-009,,,,,,2,Multilateral (inflows),1
46002-P-SO-E00-005,,,,,,2,Multilateral (inflows),1
46002-P-SL-KA0-017,421,Standard loan,10,ODA,5,2,Multilateral (inflows),1
46002-P-SL-KA0-016,421,Standard loan,10,ODA,5,2,Multilateral (inflows),1
46002-P-SL-KA0-005,421,Standard loan,10,ODA,5,2,Multilateral (inflows),1
46002-P-SL-KA0-013,421,Standard loan,10,ODA,5,2,Multilateral (inflows),1
46002-P-SL-AA0-023,,,,,,2,Multilateral (inflows),1
46002-P-SL-KF0-013,,,,,,2,Multilateral (inflows),1
46002-P-ZA-K00-005,421,Standard loan,10,ODA,5,2,Multilateral (inflows),1
46002-P-ZA-K00-006,,,,,,2,Multilateral (inflows),1
46002-P-ZA-F00-013,,,,,,2,Multilateral (inflows),1
46002-P-SS-I00-006,421,Standard loan,10,ODA,5,2,Multilateral (inflows),1
46002-P-SS-I00-003,421,Standard loan,10,ODA,5,2,Multilateral (inflows),1
46002-P-SS-AAZ-001,110,Standard grant,10,ODA,5,2,Multilateral (inflows),1
46002-P-SS-I00-009,,,,,,2,Multilateral (inflows),1
46002-P-SS-I00-008,,,,,,2,Multilateral (inflows),1
46002-P-SS-A00-001,,,,,,2,Multilateral (inflows),1
46002-P-SS-A00-002,,,,,,2,Multilateral (inflows),1
46002-P-SS-I00-005,,,,,,2,Multilateral (inflows),1
46002-P-SS-I00-010,,,,,,2,Multilateral (inflows),1
46002-P-SS-I00-011,,,,,,2,Multilateral (inflows),1
46002-P-SS-I00-014,,,,,,2,Multilateral (inflows),1
46002-P-SN-KA0-014,421,Standard loan,10,ODA,5,2,Multilateral (inflows),1
46002-P-SN-KA0-016,421,Standard loan,10,ODA,5,2,Multilateral (inflows),1
46002-P-SN-KA0-009,421,Standard loan,10,ODA,5,2,Multilateral (inflows),1
46002-P-SN-K00-005,421,Standard loan,10,ODA,5,2,Multilateral (inflows),1
46002-P-SN-K00-006,421,Standard loan,10,ODA,5,2,Multilateral (inflows),1
46002-P-SN-K00-008,421,Standard loan,10,ODA,5,2,Multilateral (inflows),1
46002-P-SN-KA0-005,421,Standard loan,10,ODA,5,2,Multilateral (inflows),1
46002-P-SN-K00-013,421,Standard loan,10,ODA,5,2,Multilateral (inflows),1
46002-P-SN-BG0-001,,,10,ODA,5,2,Multilateral (inflows),1
46002-P-SN-A00-022,,,,,,2,Multilateral (inflows),1
46002-P-SN-KA0-018,,,,,,2,Multilateral (inflows),1
46002-P-SN-KA0-019,,,,,,2,Multilateral (inflows),1
DE-1-201265743,421,Standard loan,10,ODA,3,1,Bilateral,1
DE-1-201265750,421,Standard loan,10,ODA,3,1,Bilateral,1
DE-1-201266287,421,Standard loan,10,ODA,3,1,Bilateral,1
46002-P-SD-KF0-006,421,Standard loan,10,ODA,5,2,Multilateral (inflows),1
46002-P-SD-K00-007,110,Standard grant,10,ODA,5,2,Multilateral (inflows),1
46002-P-SD-AAB-005,,,,,,2,Multilateral (inflows),1
46002-P-SD-I00-010,,,,,,2,Multilateral (inflows),1
46002-P-SD-AA0-009,,,,,,2,Multilateral (inflows),1
46002-P-SD-I00-008,,,,,,2,Multilateral (inflows),1
46002-P-SZ-K00-005,,,,,,2,Multilateral (inflows),1
46002-P-SZ-AA0-013,,,,,,2,Multilateral (inflows),1
46002-P-SZ-K00-008,,,,,,2,Multilateral (inflows),1
46002-P-TG-KA0-002,421,Standard loan,10,ODA,5,2,Multilateral (inflows),1
46002-P-TG-KZ0-002,421,Standard loan,10,ODA,5,2,Multilateral (inflows),1
46002-P-TG-AA0-015,,,,,,2,Multilateral (inflows),1
46002-P-TG-KA0-004,,,,,,2,Multilateral (inflows),1
46002-P-TZ-K00-016,421,Standard loan,10,ODA,5,2,Multilateral (inflows),1
46002-P-TZ-AA0-025,421,Standard loan,10,ODA,5,2,Multilateral (inflows),1
46002-P-TZ-KA0-002,421,Standard loan,10,ODA,5,2,Multilateral (inflows),1
46002-P-TZ-KA0-005,421,Standard loan,10,ODA,5,2,Multilateral (inflows),1
46002-P-TZ-AAZ-002,421,Standard loan,10,ODA,5,2,Multilateral (inflows),1
DE-1-201170315,110,Standard grant,10,ODA,3,1,Bilateral,1
46002-P-TZ-IAC-002,421,Standard loan,10,ODA,5,2,Multilateral (inflows),1
46002-P-TZ-K00-007,421,Standard loan,10,ODA,5,2,Multilateral (inflows),1
46002-P-TZ-K00-008,421,Standard loan,10,ODA,5,2,Multilateral (inflows),1
46002-P-TZ-K00-009,421,Standard loan,10,ODA,5,2,Multilateral (inflows),1
46002-P-TZ-K00-011,421,Standard loan,10,ODA,5,2,Multilateral (inflows),1
46002-P-TZ-K00-013,421,Standard loan,10,ODA,5,2,Multilateral (inflows),1
46002-P-TZ-K00-014,421,Standard loan,10,ODA,5,2,Multilateral (inflows),1
46002-P-TZ-KA0-007,421,Standard loan,10,ODA,5,2,Multilateral (inflows),1
46002-P-TZ-K00-018,,,,,,2,Multilateral (inflows),1
46002-P-TZ-HAA-004,,,,,,2,Multilateral (inflows),1
46002-P-TZ-K00-019,,,,,,2,Multilateral (inflows),1
46002-P-TZ-K00-020,,,,,,2,Multilateral (inflows),1
46002-P-TN-HZ0-005,421,Standard loan,10,ODA,5,2,Multilateral (inflows),1
46002-P-TN-IAZ-003,421,Standard loan,10,ODA,5,2,Multilateral (inflows),1
46002-P-TN-IAZ-002,421,Standard loan,10,ODA,5,2,Multilateral (inflows),1
46002-P-TN-HA0-004,421,Standard loan,10,ODA,5,2,Multilateral (inflows),1
46002-P-TN-HAA-030,421,Standard loan,10,ODA,5,2,Multilateral (inflows),1
46002-P-TN-IZ0-001,421,Standard loan,10,ODA,5,2,Multilateral (inflows),1
46002-P-TN-IZ0-006,421,Standard loan,10,ODA,5,2,Multilateral (inflows),1
DE-1-201265115,110,Standard grant,10,ODA,3,1,Bilateral,1
DE-1-201270040,110,Standard grant,10,ODA,3,1,Bilateral,1
46002-P-TN-KA0-003,421,Standard loan,10,ODA,5,2,Multilateral (inflows),1
46002-P-TN-IZ0-008,421,Standard loan,10,ODA,5,2,Multilateral (inflows),1
46002-P-TN-HZ0-002,421,Standard loan,10,ODA,5,2,Multilateral (inflows),1
46002-P-TN-I00-012,421,Standard loan,10,ODA,5,2,Multilateral (inflows),1
46002-P-TN-K00-018,421,Standard loan,10,ODA,5,2,Multilateral (inflows),1
46002-P-TN-I00-022,,,,,,2,Multilateral (inflows),1
46002-P-UG-K00-009,421,Standard loan,10,ODA,5,2,Multilateral (inflows),1
DE-1-201070259,110,Standard grant,10,ODA,3,1,Bilateral,1
46002-P-UG-K00-006,421,Standard loan,10,ODA,5,2,Multilateral (inflows),1
46002-P-UG-E00-012,421,Standard loan,10,ODA,5,2,Multilateral (inflows),1
DE-1-201165828,110,Standard grant,10,ODA,3,1,Bilateral,1
BJ-IFU-6201001076902-RSG0123375-29295,110,Standard grant,10,ODA,5,,,0
BJ-IFU-6200901944209-RSG0123375-29295,110,Standard grant,10,ODA,5,,,0
BJ-IFU-6201001843703-RGS0123375-29295,110,Standard grant,10,ODA,5,,,0
46002-P-ZW-KZ0-001,421,Standard loan,10,ODA,5,2,Multilateral (inflows),1
46002-P-ZW-AA0-021,,,,,,2,Multilateral (inflows),1
46002-P-ZW-I00-004,,,,,,2,Multilateral (inflows),1
46002-P-ZW-AA0-024,,,,,,2,Multilateral (inflows),1
46002-P-ZM-K00-002,421,Standard loan,10,ODA,5,2,Multilateral (inflows),1
46002-P-ZM-KA0-001,421,Standard loan,10,ODA,5,2,Multilateral (inflows),1
46002-P-ZM-IZ0-002,421,Standard loan,10,ODA,5,2,Multilateral (inflows),1
46002-P-ZM-K00-003,421,Standard loan,10,ODA,5,2,Multilateral (inflows),1
46002-P-ZM-KA0-004,421,Standard loan,10,ODA,5,2,Multilateral (inflows),1
46002-P-ZM-K00-006,,,,,,2,Multilateral (inflows),1
XM-DAC-6-4-011639-02-5,110,Standard grant,10,ODA,5,1,Bilateral,1
XM-DAC-6-4-011005-01-3,110,Standard grant,10,ODA,5,1,Bilateral,1
XM-DAC-6-4-010877-02-0,110,Standard grant,10,ODA,5,1,Bilateral,1
XM-DAC-6-4-010888-01-0,110,Standard grant,10,ODA,5,1,Bilateral,1
XM-DAC-6-4-013158-01-1,110,Standard grant,10,ODA,5,1,Bilateral,1
BJ-IFU-6201000370801-RSG0123375-29295,110,Standard grant,10,ODA,5,,,0
BJ-IFU-6201300688700-RSG0123375-29295,110,Standard grant,10,ODA,5,,,0
XI-IATI-CWSEC-Q0104,4,Population,40,Non flow,5,2,Multilateral (inflows),1
XI-IATI-CWSEC-Q0201,4,Population,40,Non flow,5,2,Multilateral (inflows),1
XI-IATI-CWSEC-Q0301,4,Population,40,Non flow,5,2,Multilateral (inflows),1
XI-IATI-CWSEC-Q0304,4,Population,40,Non flow,5,2,Multilateral (inflows),1
XI-IATI-CWSEC-Q0305,4,Population,40,Non flow,5,2,Multilateral (inflows),1
XI-IATI-CWSEC-Q0306,4,Population,40,Non flow,5,2,Multilateral (inflows),1
XI-IATI-CWSEC-Q0308,4,Population,40,Non flow,5,2,Multilateral (inflows),1
XI-IATI-CWSEC-Q0501,4,Population,40,Non flow,5,2,Multilateral (inflows),1
XI-IATI-CWSEC-Q0502,4,Population,40,Non flow,5,2,Multilateral (inflows),1
XI-IATI-CWSEC-Q0503,4,Population,40,Non flow,5,2,Multilateral (inflows),1
XI-IATI-CWSEC-Q0601,4,Population,40,Non flow,5,2,Multilateral (inflows),1
XI-IATI-CWSEC-Q0701,4,Population,40,Non flow,5,2,Multilateral (inflows),1
XI-IATI-CWSEC-Q0801,4,Population,40,Non flow,5,2,Multilateral (inflows),1
XI-IATI-CWSEC-Q0802,4,Population,40,Non flow,5,2,Multilateral (inflows),1
XI-IATI-CWSEC-Q0901,4,Population,40,Non flow,5,2,Multilateral (inflows),1
XI-IATI-CWSEC-Q1101,4,Population,40,Non flow,5,2,Multilateral (inflows),1
XI-IATI-CWSEC-Q1203,4,Population,40,Non flow,5,2,Multilateral (inflows),1
XI-IATI-CWSEC-Q1303,4,Population,40,Non flow,5,2,Multilateral (inflows),1
XI-IATI-CWSEC-Q0603,4,Population,40,Non flow,5,2,Multilateral (inflows),1
XI-IATI-CWSEC-Q0803,4,Population,40,Non flow,5,2,Multilateral (inflows),1
XI-IATI-CWSEC-Q1001,4,Population,40,Non flow,5,2,Multilateral (inflows),1
XI-IATI-CWSEC-R11P04,4,Population,40,Non flow,5,2,Multilateral (inflows),1
XI-IATI-CWSEC-R11P05,4,Population,40,Non flow,5,2,Multilateral (inflows),1
XI-IATI-CWSEC-R11P06,4,Population,40,Non flow,5,2,Multilateral (inflows),1
XI-IATI-CWSEC-R11P07,4,Population,40,Non flow,5,2,Multilateral (inflows),1
XI-IATI-CWSEC-R11P09,4,Population,40,Non flow,5,2,Multilateral (inflows),1
XI-IATI-CWSEC-R12P01,4,Population,40,Non flow,5,2,Multilateral (inflows),1
XI-IATI-CWSEC-R21P01,4,Population,40,Non flow,5,2,Multilateral (inflows),1
XI-IATI-CWSEC-R22P01,4,Population,40,Non flow,5,2,Multilateral (inflows),1
XI-IATI-CWSEC-R31P01,4,Population,40,Non flow,5,2,Multilateral (inflows),1
XI-IATI-CWSEC-R32P01,4,Population,40,Non flow,5,2,Multilateral (inflows),1
XI-IATI-CWSEC-R43P01,4,Population,40,Non flow,5,2,Multilateral (inflows),1
XI-IATI-CWSEC-Q1301,4,Population,40,Non flow,5,2,Multilateral (inflows),1
XI-IATI-CWSEC-Q1302,4,Population,40,Non flow,5,2,Multilateral (inflows),1
XI-IATI-CWSEC-Q1401,4,Population,40,Non flow,5,2,Multilateral (inflows),1
XI-IATI-CWSEC-R11P03,4,Population,40,Non flow,5,2,Multilateral (inflows),1
XI-IATI-CWSEC-R32P02,4,Population,40,Non flow,5,2,Multilateral (inflows),1
XI-IATI-CWSEC-R44P01,4,Population,40,Non flow,5,2,Multilateral (inflows),1
XI-IATI-CWSEC-R71P03,4,Population,40,Non flow,5,2,Multilateral (inflows),1
XM-DAC-6-4-010152-01-5,110,Standard grant,10,ODA,5,8,"Bilateral, triangular co-operation",1
XM-DAC-6-4-009659-01-6,110,Standard grant,10,ODA,5,1,Bilateral,1
XM-DAC-6-4-011598-01-6,110,Standard grant,10,ODA,5,1,Bilateral,1
XM-DAC-6-4-011835-01-4,110,Standard grant,10,ODA,5,1,Bilateral,1
XM-DAC-6-4-011764-02-3,110,Standard grant,10,ODA,5,1,Bilateral,1
XM-DAC-6-4-011389-02-2,110,Standard grant,10,ODA,5,1,Bilateral,1
XM-DAC-6-4-010081-01-3,110,Standard grant,10,ODA,5,1,Bilateral,1
XM-DAC-6-4-013015-01-0,110,Standard grant,10,ODA,5,1,Bilateral,1
XM-DAC-6-4-011755-03-0,110,Standard grant,10,ODA,5,1,Bilateral,1
BJ-IFU-4201710012551-RGS0123375-29295,110,Standard grant,10,ODA,5,,,0
BJ-IFU-6201501755307-RSG0123375-29295,110,Standard grant,10,ODA,5,,,0
BJ-IFU-5200801335602-RSG0123375-29295,110,Standard grant,10,ODA,5,,,0
XM-DAC-6-4-010718-02-4,110,Standard grant,10,ODA,5,1,Bilateral,1
XM-DAC-6-4-010418-01-5,110,Standard grant,10,ODA,5,1,Bilateral,1
XM-DAC-6-4-012316-01-0,110,Standard grant,10,ODA,5,1,Bilateral,1
XM-DAC-3-1-185092-24540,110,Standard grant,10,ODA,,1,Bilateral,2
XM-DAC-3-1-187132-24323,110,Standard grant,10,ODA,,1,Bilateral,2
XM-DAC-3-1-191966-24982,110,Standard grant,10,ODA,,1,Bilateral,2
XM-DAC-3-1-107049-16394,110,Standard grant,10,ODA,,1,Bilateral,2
XM-DAC-3-1-114412-14709,110,Standard grant,10,ODA,,1,Bilateral,2
XM-DAC-3-1-144397-20541,110,Standard grant,10,ODA,,1,Bilateral,2
XM-DAC-3-1-160285-21566,110,Standard grant,10,ODA,,1,Bilateral,2
XM-DAC-3-1-172859-23033,110,Standard grant,10,ODA,,1,Bilateral,2
XM-DAC-3-1-174458-24297,110,Standard grant,10,ODA,,1,Bilateral,2
XM-DAC-3-1-204943-27743,110,Standard grant,10,ODA,,1,Bilateral,2
XM-DAC-3-1-209288-26075,110,Standard grant,10,ODA,,1,Bilateral,2
XM-DAC-3-1-209288-26078,110,Standard grant,10,ODA,,1,Bilateral,2
XM-DAC-3-1-229249-29282,110,Standard grant,10,ODA,,1,Bilateral,2
XM-DAC-3-1-255454-30798,110,Standard grant,10,ODA,,1,Bilateral,2
XM-DAC-3-1-255454-31740,110,Standard grant,10,ODA,,1,Bilateral,2
XM-DAC-3-1-255454-31741,110,Standard grant,10,ODA,,1,Bilateral,2
XM-DAC-6-4-010693-01-2,110,Standard grant,10,ODA,5,1,Bilateral,1
XM-DAC-6-4-010084-02-3,110,Standard grant,10,ODA,5,1,Bilateral,1
XM-DAC-6-4-010496-02-1,110,Standard grant,10,ODA,5,1,Bilateral,1
XM-DAC-3-1-49056-19443,110,Standard grant,10,ODA,,1,Bilateral,2
XM-DAC-6-4-010680-01-4,110,Standard grant,10,ODA,5,1,Bilateral,1
XM-DAC-6-4-012620-01-0,110,Standard grant,10,ODA,5,1,Bilateral,1
XM-DAC-6-4-011068-01-3,110,Standard grant,10,ODA,5,1,Bilateral,1
XM-DAC-6-4-010733-01-5,110,Standard grant,10,ODA,5,1,Bilateral,1
XM-DAC-6-4-011649-01-3,110,Standard grant,10,ODA,5,1,Bilateral,1
XM-DAC-6-4-010997-01-1,110,Standard grant,10,ODA,5,1,Bilateral,1
XM-DAC-6-4-009147-01-4,110,Standard grant,10,ODA,5,1,Bilateral,1
XM-DAC-6-4-008465-03-0,110,Standard grant,10,ODA,5,1,Bilateral,1
XM-DAC-6-4-010997-03-3,110,Standard grant,10,ODA,5,1,Bilateral,1
XM-DAC-6-4-011097-01-5,110,Standard grant,10,ODA,5,1,Bilateral,1
XM-DAC-6-4-010049-01-2,110,Standard grant,10,ODA,5,1,Bilateral,1
XM-DAC-6-4-009696-03-5,110,Standard grant,10,ODA,5,1,Bilateral,1
XM-DAC-6-4-012041-01-3,110,Standard grant,10,ODA,5,1,Bilateral,1
XM-DAC-6-4-010497-01-2,110,Standard grant,10,ODA,5,1,Bilateral,1
XM-DAC-6-4-011023-01-4,110,Standard grant,10,ODA,5,1,Bilateral,1
XM-DAC-6-4-012586-01-0,110,Standard grant,10,ODA,5,1,Bilateral,1
XM-DAC-6-4-010408-01-6,110,Standard grant,10,ODA,5,1,Bilateral,1
XM-DAC-6-4-010519-02-5,110,Standard grant,10,ODA,5,1,Bilateral,1
XM-DAC-6-4-009614-01-0,110,Standard grant,10,ODA,5,1,Bilateral,1
XM-DAC-6-4-010607-01-5,110,Standard grant,10,ODA,5,1,Bilateral,1
XM-DAC-6-4-010744-01-6,110,Standard grant,10,ODA,5,1,Bilateral,1
XM-DAC-6-4-010419-01-0,110,Standard grant,10,ODA,5,1,Bilateral,1
XI-IATI-EC_INTPA-2023-ACT-61831,110,Standard grant,50,Other flows,5,1,Bilateral,1
XI-IATI-EC_INTPA-2021-PCC-427597,110,Standard grant,50,Other flows,5,1,Bilateral,2
XI-IATI-EC_INTPA-2023-PC-23134,110,Standard grant,10,ODA,5,1,Bilateral,2
XI-IATI-EC_INTPA-2022-ACT-61306,110,Standard grant,10,ODA,5,1,Bilateral,1
XI-IATI-EC_INTPA-2023-PC-23130,110,Standard grant,10,ODA,5,1,Bilateral,2
XI-IATI-EC_INTPA-2025-PC-55044,110,Standard grant,10,ODA,5,1,Bilateral,2
XI-IATI-EC_INTPA-2023-PC-23139,110,Standard grant,10,ODA,5,1,Bilateral,2
XI-IATI-EC_INTPA-2023-ACT-61724,110,Standard grant,10,ODA,5,1,Bilateral,1
XI-IATI-EC_INTPA-2022-PC-21502,110,Standard grant,10,ODA,5,1,Bilateral,2
XI-IATI-EC_INTPA-2018-ACT-D-40701-00,110,Standard grant,10,ODA,5,1,Bilateral,1
XI-IATI-EC_INTPA-2018-ACT-D-40643-00,110,Standard grant,10,ODA,5,1,Bilateral,1
XI-IATI-EC_INTPA-2017-ACT-D-39656-00,110,Standard grant,10,ODA,5,1,Bilateral,1
XI-IATI-EC_INTPA-2021-ACT-62576,110,Standard grant,10,ODA,5,1,Bilateral,1
XI-IATI-EC_INTPA-2021-ACT-61116,110,Standard grant,10,ODA,5,1,Bilateral,1
XI-IATI-EC_INTPA-2019-PCC-410060,110,Standard grant,10,ODA,5,1,Bilateral,2
XI-IATI-EC_INTPA-2018-PCC-404409,110,Standard grant,10,ODA,5,1,Bilateral,2
XI-IATI-EC_INTPA-2025-PC-36947,110,Standard grant,10,ODA,5,1,Bilateral,2
XI-IATI-EC_INTPA-2025-PC-26320,110,Standard grant,10,ODA,5,1,Bilateral,2
XI-IATI-EC_INTPA-2022-ACT-60736,110,Standard grant,50,Other flows,5,1,Bilateral,1
XI-IATI-EC_INTPA-2023-PC-25058,110,Standard grant,50,Other flows,5,1,Bilateral,2
XI-IATI-EC_INTPA-2008-ACT-D-20972-01,110,Standard grant,10,ODA,5,1,Bilateral,1
XI-IATI-EC_INTPA-2021-ACT-61083,110,Standard grant,10,ODA,5,1,Bilateral,1
XI-IATI-EC_INTPA-2016-ACT-D-38574-01,110,Standard grant,10,ODA,5,1,Bilateral,1
XI-IATI-EC_INTPA-2020-PCC-417520,110,Standard grant,10,ODA,5,1,Bilateral,2
XI-IATI-EC_INTPA-2023-PC-27358,110,Standard grant,10,ODA,5,1,Bilateral,2
XI-IATI-EC_INTPA-2021-PCC-417549,110,Standard grant,10,ODA,5,1,Bilateral,2
XI-IATI-EC_INTPA-2016-ACT-D-38564-01,110,Standard grant,10,ODA,5,1,Bilateral,1
XI-IATI-EC_INTPA-2016-ACT-D-38569-00,110,Standard grant,10,ODA,5,1,Bilateral,1
XI-IATI-EC_INTPA-2016-ACT-D-38575-00,110,Standard grant,10,ODA,5,1,Bilateral,1
XI-IATI-EC_INTPA-2022-PC-21515,110,Standard grant,10,ODA,5,1,Bilateral,2
XI-IATI-EC_INTPA-2019-ACT-D-42209-00,110,Standard grant,10,ODA,5,1,Bilateral,1
XI-IATI-EC_INTPA-2019-PCC-407596,110,Standard grant,10,ODA,5,1,Bilateral,2
XI-IATI-EC_INTPA-2019-PCC-404038,110,Standard grant,10,ODA,5,1,Bilateral,2
XI-IATI-EC_INTPA-2021-PCC-422434,110,Standard grant,10,ODA,5,1,Bilateral,2
XI-IATI-EC_INTPA-2018-PCC-383693,110,Standard grant,10,ODA,5,1,Bilateral,2
XI-IATI-EC_INTPA-2018-PCC-397536,110,Standard grant,10,ODA,5,1,Bilateral,2
XI-IATI-EC_INTPA-2023-PC-25538,110,Standard grant,10,ODA,5,1,Bilateral,2
XI-IATI-EC_INTPA-2019-ACT-D-40019-00,110,Standard grant,10,ODA,5,1,Bilateral,1
XI-IATI-EC_INTPA-2020-ACT-D-38966-00,110,Standard grant,10,ODA,5,1,Bilateral,1
XI-IATI-EC_INTPA-2020-ACT-D-40118-00,110,Standard grant,10,ODA,5,1,Bilateral,1
XI-IATI-EC_INTPA-2019-PCC-410047,110,Standard grant,10,ODA,5,1,Bilateral,2
XI-IATI-EC_INTPA-2014-ACT-D-25027-00,110,Standard grant,10,ODA,5,1,Bilateral,1
XI-IATI-EC_INTPA-2023-ACT-60734,110,Standard grant,10,ODA,5,1,Bilateral,1
XI-IATI-EC_INTPA-2019-PCC-409406,110,Standard grant,10,ODA,5,1,Bilateral,2
XI-IATI-EC_INTPA-2021-PCC-428633,110,Standard grant,10,ODA,5,1,Bilateral,2
XI-IATI-EC_INTPA-2024-PC-25551,110,Standard grant,10,ODA,5,1,Bilateral,2
XI-IATI-EC_INTPA-2021-PCC-428501,110,Standard grant,10,ODA,5,1,Bilateral,2
XI-IATI-EC_INTPA-2023-ACT-61699,110,Standard grant,10,ODA,5,1,Bilateral,1
XI-IATI-EC_INTPA-2022-ACT-61508,110,Standard grant,10,ODA,5,1,Bilateral,1
XI-IATI-EC_INTPA-2024-PC-26908,110,Standard grant,10,ODA,5,1,Bilateral,2
XI-IATI-EC_INTPA-2023-PC-25147,110,Standard grant,10,ODA,5,1,Bilateral,2
XI-IATI-EC_INTPA-2023-PC-41431,110,Standard grant,10,ODA,5,1,Bilateral,2
XI-IATI-EC_INTPA-2023-PC-25043,110,Standard grant,10,ODA,5,1,Bilateral,2
XI-IATI-EC_INTPA-2024-PC-25155,110,Standard grant,10,ODA,5,1,Bilateral,2
XI-IATI-EC_INTPA-2023-PC-25042,110,Standard grant,10,ODA,5,1,Bilateral,2
XI-IATI-EC_INTPA-2022-PC-20222,110,Standard grant,10,ODA,5,1,Bilateral,2
XI-IATI-EC_INTPA-2023-PC-27590,110,Standard grant,10,ODA,5,1,Bilateral,2
XI-IATI-EC_INTPA-2022-ACT-60987,110,Standard grant,10,ODA,5,1,Bilateral,1
XI-IATI-EC_INTPA-2021-ACT-61078,110,Standard grant,10,ODA,5,1,Bilateral,1
XI-IATI-EC_INTPA-2024-PC-27708,110,Standard grant,10,ODA,5,1,Bilateral,2
XI-IATI-EC_INTPA-2023-PC-27690,110,Standard grant,10,ODA,5,1,Bilateral,2
XI-IATI-EC_INTPA-2023-PC-27689,110,Standard grant,10,ODA,5,1,Bilateral,2
XI-IATI-EC_INTPA-2023-PC-18126,110,Standard grant,10,ODA,5,1,Bilateral,2
XI-IATI-EC_INTPA-2020-ACT-D-42401-00,110,Standard grant,10,ODA,5,1,Bilateral,1
XI-IATI-EC_INTPA-2022-PCC-436209,110,Standard grant,10,ODA,5,1,Bilateral,2
XI-IATI-EC_INTPA-2023-PC-25426,110,Standard grant,10,ODA,5,1,Bilateral,2
XI-IATI-EC_INTPA-2023-ACT-62014,110,Standard grant,10,ODA,5,1,Bilateral,1
XI-IATI-EC_INTPA-2024-PC-37405,110,Standard grant,10,ODA,5,1,Bilateral,2
XI-IATI-EC_INTPA-2021-PC-1116,110,Standard grant,10,ODA,5,1,Bilateral,2
XI-IATI-EC_INTPA-2024-PC-36292,110,Standard grant,10,ODA,5,1,Bilateral,2
XI-IATI-EC_INTPA-2017-ACT-D-40031-01,110,Standard grant,10,ODA,5,1,Bilateral,1
XI-IATI-EC_INTPA-2024-ACT-62007,110,Standard grant,10,ODA,5,1,Bilateral,1
XI-IATI-EC_INTPA-2022-ACT-D-44510-00,110,Standard grant,10,ODA,5,1,Bilateral,1
XI-IATI-EC_INTPA-2022-PC-21486,110,Standard grant,10,ODA,5,1,Bilateral,2
XI-IATI-EC_INTPA-2026-PC-83853,110,Standard grant,10,ODA,5,1,Bilateral,2
XI-IATI-EC_INTPA-2021-PC-7879,110,Standard grant,10,ODA,5,1,Bilateral,2
XI-IATI-EC_INTPA-2019-PCC-408616,110,Standard grant,10,ODA,5,1,Bilateral,2
XI-IATI-EC_INTPA-2022-PC-16749,110,Standard grant,10,ODA,5,1,Bilateral,2
XI-IATI-EC_INTPA-2023-PC-21484,110,Standard grant,10,ODA,5,1,Bilateral,2
XI-IATI-EC_INTPA-2025-PC-36398,110,Standard grant,10,ODA,5,1,Bilateral,2
XI-IATI-EC_INTPA-2023-PC-32262,110,Standard grant,10,ODA,5,1,Bilateral,2
XI-IATI-EC_INTPA-2019-PCC-412775,110,Standard grant,10,ODA,5,1,Bilateral,2
XI-IATI-EC_INTPA-2023-PC-18143,110,Standard grant,10,ODA,5,1,Bilateral,2
XI-IATI-EC_INTPA-2020-ACT-D-42454-00,110,Standard grant,10,ODA,5,1,Bilateral,1
XI-IATI-EC_INTPA-2019-ACT-D-41517-00,110,Standard grant,10,ODA,5,1,Bilateral,1
XI-IATI-EC_INTPA-2015-ACT-D-38302-01,110,Standard grant,10,ODA,5,1,Bilateral,1
XI-IATI-EC_INTPA-2022-ACT-61483,110,Standard grant,10,ODA,5,1,Bilateral,1
XI-IATI-EC_INTPA-2021-ACT-61633,110,Standard grant,10,ODA,5,1,Bilateral,1
XI-IATI-EC_INTPA-2015-ACT-D-38302-02,110,Standard grant,10,ODA,5,1,Bilateral,1
XI-IATI-EC_INTPA-2024-PC-53145,110,Standard grant,10,ODA,5,1,Bilateral,2
XI-IATI-EC_INTPA-2020-PCC-416581,110,Standard grant,10,ODA,5,1,Bilateral,2
XI-IATI-EC_INTPA-2024-PC-27309,110,Standard grant,10,ODA,5,1,Bilateral,2
XI-IATI-EC_INTPA-2024-PC-27308,110,Standard grant,10,ODA,5,1,Bilateral,2
XI-IATI-EC_INTPA-2021-PCC-428224,110,Standard grant,10,ODA,5,1,Bilateral,2
XI-IATI-EC_INTPA-2021-ACT-63101,110,Standard grant,10,ODA,5,1,Bilateral,1
XI-IATI-EC_INTPA-2025-PC-53764,110,Standard grant,10,ODA,5,1,Bilateral,2
XI-IATI-EC_INTPA-2021-ACT-60940,110,Standard grant,10,ODA,5,1,Bilateral,1
XI-IATI-EC_INTPA-2022-PC-24334,110,Standard grant,10,ODA,5,1,Bilateral,2
XI-IATI-EC_INTPA-2021-PCC-430941,110,Standard grant,10,ODA,5,1,Bilateral,2
XI-IATI-EC_INTPA-2018-ACT-D-40855-00,110,Standard grant,10,ODA,5,1,Bilateral,1
XI-IATI-EC_INTPA-2018-ACT-D-41630-00,110,Standard grant,10,ODA,5,1,Bilateral,1
XI-IATI-EC_INTPA-2022-ACT-61489,110,Standard grant,10,ODA,5,1,Bilateral,1
XI-IATI-EC_INTPA-2018-ACT-D-39315-00,110,Standard grant,10,ODA,5,1,Bilateral,1
XI-IATI-EC_INTPA-2019-ACT-D-41940-00,110,Standard grant,10,ODA,5,1,Bilateral,1
XI-IATI-EC_INTPA-2022-PCC-431645,110,Standard grant,10,ODA,5,1,Bilateral,2
XI-IATI-EC_INTPA-2016-ACT-D-39312-00,110,Standard grant,10,ODA,5,1,Bilateral,1
XI-IATI-EC_INTPA-2023-PC-26293,110,Standard grant,10,ODA,5,1,Bilateral,2
XI-IATI-EC_INTPA-2026-PC-26307,110,Standard grant,10,ODA,5,1,Bilateral,2
XI-IATI-EC_INTPA-2020-ACT-D-38561-00,110,Standard grant,10,ODA,5,1,Bilateral,1
XI-IATI-EC_INTPA-2023-PC-36658,110,Standard grant,10,ODA,5,1,Bilateral,2
XI-IATI-EC_INTPA-2023-ACT-61606,110,Standard grant,10,ODA,5,1,Bilateral,1
XI-IATI-EC_INTPA-2025-PC-36663,110,Standard grant,10,ODA,5,1,Bilateral,2
XI-IATI-EC_INTPA-2024-PC-27305,110,Standard grant,50,Other flows,5,1,Bilateral,2
XI-IATI-EC_INTPA-2023-ACT-62246,110,Standard grant,50,Other flows,5,1,Bilateral,1
XI-IATI-EC_INTPA-2023-ACT-61910,110,Standard grant,50,Other flows,5,1,Bilateral,1
XI-IATI-EC_INTPA-2021-ACT-61102,110,Standard grant,50,Other flows,5,1,Bilateral,1
XI-IATI-EC_INTPA-2026-PC-38372,110,Standard grant,50,Other flows,5,1,Bilateral,2
XI-IATI-EC_INTPA-2022-PC-17800,110,Standard grant,50,Other flows,5,1,Bilateral,2
XI-IATI-EC_INTPA-2024-PC-37206,110,Standard grant,50,Other flows,5,1,Bilateral,2
XI-IATI-EC_INTPA-2019-ACT-D-41264-00,110,Standard grant,10,ODA,5,1,Bilateral,1
XI-IATI-EC_INTPA-2024-PC-41558,110,Standard grant,10,ODA,5,1,Bilateral,2
XI-IATI-EC_INTPA-2025-PC-50869,110,Standard grant,10,ODA,5,1,Bilateral,2
XI-IATI-EC_INTPA-2023-ACT-61846,110,Standard grant,10,ODA,5,1,Bilateral,1
XI-IATI-EC_INTPA-2024-PC-36587,110,Standard grant,10,ODA,5,1,Bilateral,2
XI-IATI-EC_INTPA-2025-PC-49555,110,Standard grant,10,ODA,5,1,Bilateral,2
XI-IATI-EC_INTPA-2021-PCC-429840,110,Standard grant,10,ODA,5,1,Bilateral,2
XI-IATI-EC_INTPA-2023-PC-28421,110,Standard grant,10,ODA,5,1,Bilateral,2
XI-IATI-EC_INTPA-2026-PC-75852,110,Standard grant,10,ODA,5,1,Bilateral,2
XI-IATI-EC_INTPA-2024-PC-36591,110,Standard grant,10,ODA,5,1,Bilateral,2
XI-IATI-EC_INTPA-2022-PC-21817,110,Standard grant,10,ODA,5,1,Bilateral,2
XI-IATI-EC_INTPA-2016-ACT-D-38386-00,110,Standard grant,10,ODA,5,1,Bilateral,1
XI-IATI-EC_INTPA-2019-ACT-D-40939-00,110,Standard grant,10,ODA,5,1,Bilateral,1
XI-IATI-EC_INTPA-2019-PCC-413782,110,Standard grant,10,ODA,5,1,Bilateral,2
XI-IATI-EC_INTPA-2019-PCC-409671,110,Standard grant,10,ODA,5,1,Bilateral,2
XI-IATI-EC_INTPA-2018-PCC-397670,110,Standard grant,10,ODA,5,1,Bilateral,2
XI-IATI-EC_INTPA-2017-PCC-392914,110,Standard grant,10,ODA,5,1,Bilateral,2
XI-IATI-EC_INTPA-2017-ACT-D-39674-04,110,Standard grant,10,ODA,5,1,Bilateral,1
XI-IATI-EC_INTPA-2022-ACT-61302,110,Standard grant,10,ODA,5,1,Bilateral,1
XI-IATI-EC_INTPA-2023-PC-25625,110,Standard grant,10,ODA,5,1,Bilateral,2
XI-IATI-EC_INTPA-2019-PCC-413519,110,Standard grant,10,ODA,5,1,Bilateral,2
XI-IATI-EC_INTPA-2019-ACT-D-40840-00,110,Standard grant,10,ODA,5,1,Bilateral,1
XI-IATI-EC_INTPA-2015-ACT-D-38103-00,110,Standard grant,10,ODA,5,1,Bilateral,1
XI-IATI-EC_INTPA-2018-ACT-D-40697-00,110,Standard grant,10,ODA,5,1,Bilateral,1
XI-IATI-EC_INTPA-2021-PCC-422992,110,Standard grant,10,ODA,5,1,Bilateral,2
XI-IATI-EC_INTPA-2021-PCC-419116,110,Standard grant,10,ODA,5,1,Bilateral,2
XI-IATI-EC_INTPA-2017-ACT-D-39148-00,110,Standard grant,10,ODA,5,1,Bilateral,1
XI-IATI-EC_INTPA-2018-PCC-397120,110,Standard grant,10,ODA,5,1,Bilateral,2
XI-IATI-EC_INTPA-2018-PCC-399023,110,Standard grant,10,ODA,5,1,Bilateral,2
XI-IATI-EC_INTPA-2025-PC-55340,110,Standard grant,10,ODA,5,1,Bilateral,2
XI-IATI-EC_INTPA-2019-ACT-D-42051-00,110,Standard grant,10,ODA,5,1,Bilateral,1
XI-IATI-EC_INTPA-2015-ACT-D-38731-01,110,Standard grant,10,ODA,5,1,Bilateral,1
XI-IATI-EC_INTPA-2022-ACT-60692,110,Standard grant,10,ODA,5,1,Bilateral,1
XI-IATI-EC_INTPA-2020-PCC-421423,110,Standard grant,10,ODA,5,1,Bilateral,2
XI-IATI-EC_INTPA-2017-ACT-D-39228-00,110,Standard grant,10,ODA,5,1,Bilateral,1
XI-IATI-EC_INTPA-2022-PC-21579,110,Standard grant,10,ODA,5,1,Bilateral,2
XI-IATI-EC_INTPA-2021-ACT-62799,110,Standard grant,10,ODA,5,1,Bilateral,1
XI-IATI-EC_INTPA-2021-PCC-428606,110,Standard grant,10,ODA,5,1,Bilateral,2
XI-IATI-EC_INTPA-2021-PCC-428618,110,Standard grant,10,ODA,5,1,Bilateral,2
XI-IATI-EC_INTPA-2024-PC-37656,110,Standard grant,10,ODA,5,1,Bilateral,2
XI-IATI-EC_INTPA-2026-PC-80732,110,Standard grant,10,ODA,5,1,Bilateral,2
XI-IATI-EC_INTPA-2022-ACT-60599,110,Standard grant,10,ODA,5,1,Bilateral,1
XI-IATI-EC_INTPA-2020-PCC-416132,110,Standard grant,10,ODA,5,1,Bilateral,2
XI-IATI-EC_INTPA-2023-PC-31976,110,Standard grant,10,ODA,5,1,Bilateral,2
XI-IATI-EC_INTPA-2020-PCC-416065,110,Standard grant,10,ODA,5,1,Bilateral,2
XI-IATI-EC_INTPA-2025-PC-53379,110,Standard grant,10,ODA,5,1,Bilateral,2
XI-IATI-EC_INTPA-2021-ACT-63136,110,Standard grant,10,ODA,5,1,Bilateral,1
XI-IATI-EC_INTPA-2021-ACT-62577,110,Standard grant,10,ODA,5,1,Bilateral,1
XI-IATI-EC_INTPA-2021-ACT-61001,110,Standard grant,10,ODA,5,1,Bilateral,1
XI-IATI-EC_INTPA-2015-ACT-D-37809-00,110,Standard grant,10,ODA,5,1,Bilateral,1
XI-IATI-EC_INTPA-2020-ACT-D-42335-00,110,Standard grant,10,ODA,5,1,Bilateral,1
XI-IATI-EC_INTPA-2015-ACT-D-38149-00,110,Standard grant,10,ODA,5,1,Bilateral,1
XI-IATI-EC_INTPA-2023-PC-19387,110,Standard grant,10,ODA,5,1,Bilateral,2
XI-IATI-EC_INTPA-2022-PC-15528,110,Standard grant,10,ODA,5,1,Bilateral,2
XI-IATI-EC_INTPA-2025-PC-61997,110,Standard grant,10,ODA,5,1,Bilateral,2
XI-IATI-EC_INTPA-2026-PC-75410,110,Standard grant,10,ODA,5,1,Bilateral,2
XI-IATI-EC_INTPA-2016-PCC-375131,110,Standard grant,10,ODA,5,1,Bilateral,2
XI-IATI-EC_INTPA-2026-PC-42830,110,Standard grant,10,ODA,5,1,Bilateral,2
XI-IATI-EC_INTPA-2023-PC-25140,110,Standard grant,10,ODA,5,1,Bilateral,2
XI-IATI-EC_INTPA-2017-ACT-D-38831-00,110,Standard grant,10,ODA,5,1,Bilateral,1
XI-IATI-EC_INTPA-2017-ACT-D-39902-00,110,Standard grant,10,ODA,5,1,Bilateral,1
XI-IATI-EC_INTPA-2023-ACT-61732,110,Standard grant,10,ODA,5,1,Bilateral,1
XI-IATI-EC_INTPA-2018-ACT-D-40874-00,110,Standard grant,10,ODA,5,1,Bilateral,1
XI-IATI-EC_INTPA-2019-ACT-D-41594-00,110,Standard grant,10,ODA,5,1,Bilateral,1
XI-IATI-EC_INTPA-2022-ACT-60558,110,Standard grant,10,ODA,5,1,Bilateral,1
XI-IATI-EC_INTPA-2024-PC-40050,110,Standard grant,10,ODA,5,1,Bilateral,2
XI-IATI-EC_INTPA-2020-PCC-422215,110,Standard grant,10,ODA,5,1,Bilateral,2
XI-IATI-EC_INTPA-2020-PCC-422462,110,Standard grant,10,ODA,5,1,Bilateral,2
XI-IATI-EC_INTPA-2024-PC-25272,110,Standard grant,10,ODA,5,1,Bilateral,2
XI-IATI-EC_INTPA-2022-PC-24289,110,Standard grant,10,ODA,5,1,Bilateral,2
XI-IATI-EC_INTPA-2020-PCC-422494,110,Standard grant,10,ODA,5,1,Bilateral,2
XI-IATI-EC_INTPA-2020-ACT-D-42802-00,110,Standard grant,10,ODA,5,1,Bilateral,1
XI-IATI-EC_INTPA-2020-PCC-416217,110,Standard grant,10,ODA,5,1,Bilateral,2
XI-IATI-EC_INTPA-2020-ACT-D-41871-00,110,Standard grant,10,ODA,5,1,Bilateral,1
XI-IATI-EC_INTPA-2019-ACT-D-41123-00,110,Standard grant,10,ODA,5,1,Bilateral,1
XI-IATI-EC_INTPA-2018-ACT-D-39985-00,110,Standard grant,10,ODA,5,1,Bilateral,1
XI-IATI-EC_INTPA-2026-PC-53801,110,Standard grant,10,ODA,5,1,Bilateral,2
XI-IATI-EC_INTPA-2022-ACT-60628,110,Standard grant,10,ODA,5,1,Bilateral,1
XI-IATI-EC_INTPA-2023-PC-24294,110,Standard grant,10,ODA,5,1,Bilateral,2
XI-IATI-EC_INTPA-2026-PC-81164,110,Standard grant,10,ODA,5,1,Bilateral,2
XI-IATI-EC_INTPA-2022-PCC-421392,110,Standard grant,10,ODA,5,1,Bilateral,2
XI-IATI-EC_INTPA-2016-ACT-D-38868-01,110,Standard grant,10,ODA,5,1,Bilateral,1
XI-IATI-EC_INTPA-2018-PCC-397039,110,Standard grant,10,ODA,5,1,Bilateral,2
XI-IATI-EC_INTPA-2021-ACT-62518,110,Standard grant,10,ODA,5,1,Bilateral,1
XI-IATI-EC_INTPA-2025-PC-69397,110,Standard grant,10,ODA,5,1,Bilateral,2
XI-IATI-EC_INTPA-2025-PC-36183,110,Standard grant,10,ODA,5,1,Bilateral,2
XI-IATI-EC_INTPA-2026-PC-52678,110,Standard grant,10,ODA,5,1,Bilateral,2
XI-IATI-EC_INTPA-2019-ACT-D-42187-00,110,Standard grant,10,ODA,5,1,Bilateral,1
XI-IATI-EC_INTPA-2020-PCC-415725,110,Standard grant,10,ODA,5,1,Bilateral,2
XI-IATI-EC_INTPA-2020-PCC-418930,110,Standard grant,10,ODA,5,1,Bilateral,2
XI-IATI-EC_INTPA-2023-PC-27334,110,Standard grant,10,ODA,5,1,Bilateral,2
XI-IATI-EC_INTPA-2021-PCC-425135,110,Standard grant,10,ODA,5,1,Bilateral,2
XI-IATI-EC_INTPA-2019-ACT-D-39998-00,110,Standard grant,10,ODA,5,1,Bilateral,1
XI-IATI-EC_INTPA-2026-PC-75966,110,Standard grant,10,ODA,5,1,Bilateral,2
XI-IATI-EC_INTPA-2018-ACT-D-39665-00,110,Standard grant,10,ODA,5,1,Bilateral,1
XI-IATI-EC_INTPA-2020-PCC-421284,110,Standard grant,10,ODA,5,1,Bilateral,2
XI-IATI-EC_INTPA-2026-PC-76775,110,Standard grant,10,ODA,5,1,Bilateral,2
XI-IATI-EC_INTPA-2015-ACT-D-38388-00,110,Standard grant,10,ODA,5,1,Bilateral,1
XI-IATI-EC_INTPA-2016-ACT-D-38972-00,110,Standard grant,10,ODA,5,1,Bilateral,1
XI-IATI-EC_INTPA-2020-PCC-415584,110,Standard grant,10,ODA,5,1,Bilateral,2
XI-IATI-EC_INTPA-2017-PCC-389389,110,Standard grant,10,ODA,5,1,Bilateral,2
XI-IATI-EC_INTPA-2020-ACT-D-42916-00,110,Standard grant,10,ODA,5,1,Bilateral,1
XI-IATI-EC_INTPA-2022-PC-19577,110,Standard grant,10,ODA,5,1,Bilateral,2
XI-IATI-EC_INTPA-2021-ACT-61069,110,Standard grant,10,ODA,5,1,Bilateral,1
XI-IATI-EC_INTPA-2024-ACT-62693,110,Standard grant,10,ODA,5,1,Bilateral,1
XI-IATI-EC_INTPA-2022-PC-18569,110,Standard grant,10,ODA,5,1,Bilateral,2
XI-IATI-EC_INTPA-2024-PC-47768,110,Standard grant,10,ODA,5,1,Bilateral,2
XI-IATI-EC_INTPA-2025-PC-53445,110,Standard grant,10,ODA,5,1,Bilateral,2
XI-IATI-EC_INTPA-2022-ACT-61433,110,Standard grant,50,Other flows,5,1,Bilateral,1
XI-IATI-EC_INTPA-2023-PC-24210,110,Standard grant,50,Other flows,5,1,Bilateral,2
XI-IATI-EC_INTPA-2023-PC-26617,110,Standard grant,10,ODA,5,1,Bilateral,2
XI-IATI-EC_INTPA-2022-ACT-61310,110,Standard grant,10,ODA,5,1,Bilateral,1
XI-IATI-EC_INTPA-2023-PC-26888,110,Standard grant,10,ODA,5,1,Bilateral,2
XI-IATI-EC_INTPA-2021-ACT-61086,110,Standard grant,10,ODA,5,1,Bilateral,1
XI-IATI-EC_INTPA-2023-PC-20039,110,Standard grant,10,ODA,5,1,Bilateral,2
XI-IATI-EC_INTPA-2023-PC-22492,110,Standard grant,10,ODA,5,1,Bilateral,2
XI-IATI-EC_INTPA-2018-ACT-D-40839-01,110,Standard grant,10,ODA,5,1,Bilateral,1
XI-IATI-EC_INTPA-2022-PC-22100,110,Standard grant,10,ODA,5,1,Bilateral,2
XI-IATI-EC_INTPA-2023-PC-19168,110,Standard grant,10,ODA,5,1,Bilateral,2
XI-IATI-EC_INTPA-2023-PC-29022,110,Standard grant,10,ODA,5,1,Bilateral,2
XI-IATI-EC_INTPA-2022-ACT-D-44448-00,110,Standard grant,10,ODA,5,1,Bilateral,1
XI-IATI-EC_INTPA-2016-ACT-D-38233-00,110,Standard grant,10,ODA,5,1,Bilateral,1
XI-IATI-EC_INTPA-2016-ACT-D-38320-00,110,Standard grant,10,ODA,5,1,Bilateral,1
XI-IATI-EC_INTPA-2022-PC-16758,110,Standard grant,10,ODA,5,1,Bilateral,2
XI-IATI-EC_INTPA-2022-PC-16925,110,Standard grant,10,ODA,5,1,Bilateral,2
XI-IATI-EC_INTPA-2023-PC-20035,110,Standard grant,10,ODA,5,1,Bilateral,2
XI-IATI-EC_INTPA-2023-PC-16929,110,Standard grant,10,ODA,5,1,Bilateral,2
XI-IATI-EC_INTPA-2024-PC-45725,110,Standard grant,10,ODA,5,1,Bilateral,2
XI-IATI-EC_INTPA-2026-PC-77174,110,Standard grant,10,ODA,5,1,Bilateral,2
XI-IATI-EC_INTPA-2023-PC-20001,110,Standard grant,10,ODA,5,1,Bilateral,2
XI-IATI-EC_INTPA-2024-ACT-62358,110,Standard grant,10,ODA,5,1,Bilateral,1
XI-IATI-EC_INTPA-2021-ACT-63421,110,Standard grant,10,ODA,5,1,Bilateral,1
XI-IATI-EC_INTPA-2024-PC-37344,110,Standard grant,10,ODA,5,1,Bilateral,2
XI-IATI-EC_INTPA-2022-ACT-61446,110,Standard grant,50,Other flows,5,1,Bilateral,1
XI-IATI-EC_INTPA-2023-PC-24213,110,Standard grant,50,Other flows,5,1,Bilateral,2
XI-IATI-EC_INTPA-2023-PC-25713,110,Standard grant,10,ODA,5,1,Bilateral,2
XI-IATI-EC_INTPA-2016-ACT-D-38030-00,110,Standard grant,10,ODA,5,1,Bilateral,1
XI-IATI-EC_INTPA-2021-ACT-61472,110,Standard grant,10,ODA,5,1,Bilateral,1
XI-IATI-EC_INTPA-2024-PC-35983,110,Standard grant,10,ODA,5,1,Bilateral,2
XI-IATI-EC_INTPA-2024-ACT-62209,110,Standard grant,10,ODA,5,1,Bilateral,1
XI-IATI-EC_INTPA-2023-PC-32264,110,Standard grant,10,ODA,5,1,Bilateral,2
XI-IATI-EC_INTPA-2023-PC-25701,110,Standard grant,10,ODA,5,1,Bilateral,2
XI-IATI-EC_INTPA-2020-PCC-414217,110,Standard grant,10,ODA,5,1,Bilateral,2
XI-IATI-EC_INTPA-2015-ACT-D-37956-00,110,Standard grant,10,ODA,5,1,Bilateral,1
XI-IATI-EC_INTPA-2020-ACT-D-42950-01,110,Standard grant,10,ODA,5,1,Bilateral,1
XI-IATI-EC_INTPA-2022-PCC-435740,110,Standard grant,10,ODA,5,1,Bilateral,2
XI-IATI-EC_INTPA-2023-PC-26364,110,Standard grant,50,Other flows,5,1,Bilateral,2
XI-IATI-EC_INTPA-2024-PC-26389,110,Standard grant,50,Other flows,5,1,Bilateral,2
XI-IATI-EC_INTPA-2022-ACT-61423,110,Standard grant,50,Other flows,5,1,Bilateral,1
XI-IATI-EC_INTPA-2022-PCC-429800,110,Standard grant,10,ODA,5,1,Bilateral,2
XI-IATI-EC_INTPA-2021-PCC-424359,110,Standard grant,10,ODA,5,1,Bilateral,2
XI-IATI-EC_INTPA-2021-ACT-62771,110,Standard grant,10,ODA,5,1,Bilateral,1
XI-IATI-EC_INTPA-2025-PC-72780,110,Standard grant,10,ODA,5,1,Bilateral,2
XI-IATI-EC_INTPA-2026-PC-64428,110,Standard grant,10,ODA,5,1,Bilateral,2
XI-IATI-EC_INTPA-2026-PC-75396,110,Standard grant,10,ODA,5,1,Bilateral,2
XI-IATI-EC_INTPA-2020-ACT-D-40138-00,110,Standard grant,10,ODA,5,1,Bilateral,1
XI-IATI-EC_INTPA-2021-PCC-421490,110,Standard grant,10,ODA,5,1,Bilateral,2
XI-IATI-EC_INTPA-2021-PC-4857,110,Standard grant,10,ODA,5,1,Bilateral,2
XI-IATI-EC_INTPA-2019-ACT-D-38918-00,110,Standard grant,10,ODA,5,1,Bilateral,1
XI-IATI-EC_INTPA-2021-PCC-425265,110,Standard grant,10,ODA,5,1,Bilateral,2
XI-IATI-EC_INTPA-2020-PCC-420650,110,Standard grant,10,ODA,5,1,Bilateral,2
XI-IATI-EC_INTPA-2021-ACT-61104,110,Standard grant,10,ODA,5,1,Bilateral,1
XI-IATI-EC_INTPA-2022-PC-18559,110,Standard grant,10,ODA,5,1,Bilateral,2
XI-IATI-EC_INTPA-2021-ACT-63091,110,Standard grant,10,ODA,5,1,Bilateral,1
XI-IATI-EC_INTPA-2023-PC-22049,110,Standard grant,10,ODA,5,1,Bilateral,2
XI-IATI-EC_INTPA-2018-ACT-D-38945-00,110,Standard grant,10,ODA,5,1,Bilateral,1
XI-IATI-EC_INTPA-2017-ACT-D-39288-00,110,Standard grant,10,ODA,5,1,Bilateral,1
XI-IATI-EC_INTPA-2022-ACT-61240,110,Standard grant,10,ODA,5,1,Bilateral,1
XI-IATI-EC_INTPA-2020-PCC-416008,110,Standard grant,10,ODA,5,1,Bilateral,2
XI-IATI-EC_INTPA-2021-ACT-61090,110,Standard grant,10,ODA,5,1,Bilateral,1
XI-IATI-EC_INTPA-2016-ACT-D-38107-00,110,Standard grant,10,ODA,5,1,Bilateral,1
XI-IATI-EC_INTPA-2023-PC-32142,110,Standard grant,10,ODA,5,1,Bilateral,2
XI-IATI-EC_INTPA-2023-PC-30334,110,Standard grant,10,ODA,5,1,Bilateral,2
XI-IATI-EC_INTPA-2016-ACT-D-37486-02,110,Standard grant,10,ODA,5,1,Bilateral,1
XI-IATI-EC_INTPA-2022-PC-23195,110,Standard grant,10,ODA,5,1,Bilateral,2
XI-IATI-EC_INTPA-2021-ACT-62976,110,Standard grant,10,ODA,5,1,Bilateral,1
XI-IATI-EC_INTPA-2019-PCC-414050,110,Standard grant,10,ODA,5,1,Bilateral,2
XI-IATI-EC_INTPA-2019-PCC-413820,110,Standard grant,10,ODA,5,1,Bilateral,2
XI-IATI-EC_INTPA-2020-PCC-418161,110,Standard grant,10,ODA,5,1,Bilateral,2
XI-IATI-EC_INTPA-2024-PC-27747,110,Standard grant,10,ODA,5,1,Bilateral,2
XI-IATI-EC_INTPA-2022-PC-19819,110,Standard grant,10,ODA,5,1,Bilateral,2
XI-IATI-EC_INTPA-2018-PCC-397046,110,Standard grant,10,ODA,5,1,Bilateral,2
XI-IATI-EC_INTPA-2017-PCC-385290,110,Standard grant,10,ODA,5,1,Bilateral,2
XI-IATI-EC_INTPA-2025-PC-59817,110,Standard grant,10,ODA,5,1,Bilateral,2
XI-IATI-EC_INTPA-2023-ACT-61233,110,Standard grant,10,ODA,5,1,Bilateral,1
XI-IATI-EC_INTPA-2025-PC-36473,110,Standard grant,10,ODA,5,1,Bilateral,2
XI-IATI-EC_INTPA-2024-PC-36429,110,Standard grant,10,ODA,5,1,Bilateral,2
XI-IATI-EC_INTPA-2024-PC-44598,110,Standard grant,10,ODA,5,1,Bilateral,2
XI-IATI-EC_INTPA-2021-ACT-61121,110,Standard grant,10,ODA,5,1,Bilateral,1
XI-IATI-EC_INTPA-2023-PC-26483,110,Standard grant,10,ODA,5,1,Bilateral,2
XI-IATI-EC_INTPA-2018-ACT-D-40929-00,110,Standard grant,10,ODA,5,1,Bilateral,1
XI-IATI-EC_INTPA-2023-PC-34444,110,Standard grant,10,ODA,5,1,Bilateral,2
XI-IATI-EC_INTPA-2023-PC-26647,110,Standard grant,10,ODA,5,1,Bilateral,2
XI-IATI-EC_INTPA-2025-PC-72129,110,Standard grant,10,ODA,5,1,Bilateral,2
XI-IATI-EC_INTPA-2023-PC-29463,110,Standard grant,10,ODA,5,1,Bilateral,2
XI-IATI-EC_INTPA-2023-PC-30645,110,Standard grant,10,ODA,5,1,Bilateral,2
XI-IATI-EC_INTPA-2023-PC-25850,110,Standard grant,10,ODA,5,1,Bilateral,2
XI-IATI-EC_INTPA-2021-PCC-429957,110,Standard grant,10,ODA,5,1,Bilateral,2
XI-IATI-EC_INTPA-2022-ACT-60909,110,Standard grant,10,ODA,5,1,Bilateral,1
XI-IATI-EC_INTPA-2026-PC-37759,110,Standard grant,10,ODA,5,1,Bilateral,2
XI-IATI-EC_INTPA-2025-PC-37761,110,Standard grant,10,ODA,5,1,Bilateral,2
XI-IATI-EC_INTPA-2023-PC-27905,110,Standard grant,10,ODA,5,1,Bilateral,2
XI-IATI-EC_INTPA-2023-ACT-61862,110,Standard grant,10,ODA,5,1,Bilateral,1
XI-IATI-EC_INTPA-2021-ACT-63055,110,Standard grant,10,ODA,5,1,Bilateral,1
XI-IATI-EC_INTPA-2026-PC-53819,110,Standard grant,10,ODA,5,1,Bilateral,2
XI-IATI-EC_INTPA-2023-PC-32172,110,Standard grant,10,ODA,5,1,Bilateral,2
XI-IATI-EC_INTPA-2024-PC-46872,110,Standard grant,10,ODA,5,1,Bilateral,2
XI-IATI-EC_INTPA-2017-ACT-D-40134-00,110,Standard grant,10,ODA,5,1,Bilateral,1
XI-IATI-EC_INTPA-2023-PC-24360,110,Standard grant,10,ODA,5,1,Bilateral,2
XI-IATI-EC_INTPA-2023-PC-30817,110,Standard grant,10,ODA,5,1,Bilateral,2
XI-IATI-EC_INTPA-2023-PC-26198,110,Standard grant,10,ODA,5,1,Bilateral,2
XI-IATI-EC_INTPA-2016-ACT-D-38540-01,110,Standard grant,10,ODA,5,1,Bilateral,1
XI-IATI-EC_INTPA-2022-ACT-61496,110,Standard grant,10,ODA,5,1,Bilateral,1
XI-IATI-EC_INTPA-2024-PC-37034,110,Standard grant,10,ODA,5,1,Bilateral,2
XI-IATI-EC_INTPA-2023-PC-26203,110,Standard grant,10,ODA,5,1,Bilateral,2
XI-IATI-EC_INTPA-2023-PC-31561,110,Standard grant,10,ODA,5,1,Bilateral,2
XI-IATI-EC_INTPA-2023-ACT-61325,110,Standard grant,10,ODA,5,1,Bilateral,1
XI-IATI-EC_INTPA-2021-PCC-423353,110,Standard grant,10,ODA,5,1,Bilateral,2
XI-IATI-EC_INTPA-2023-PC-26837,110,Standard grant,10,ODA,5,1,Bilateral,2
XI-IATI-EC_INTPA-2019-ACT-D-41577-00,110,Standard grant,10,ODA,5,1,Bilateral,1
XI-IATI-EC_INTPA-2018-ACT-D-39984-00,110,Standard grant,10,ODA,5,1,Bilateral,1
XI-IATI-EC_INTPA-2021-ACT-62317,110,Standard grant,10,ODA,5,1,Bilateral,1
XI-IATI-EC_INTPA-2016-ACT-D-37957-01,110,Standard grant,10,ODA,5,1,Bilateral,1
XI-IATI-EC_INTPA-2025-PC-52952,110,Standard grant,10,ODA,5,1,Bilateral,2
XI-IATI-EC_INTPA-2015-ACT-D-38504-00,110,Standard grant,10,ODA,5,1,Bilateral,1
XI-IATI-EC_INTPA-2021-ACT-61120,110,Standard grant,10,ODA,5,1,Bilateral,1
XI-IATI-EC_INTPA-2024-PC-44588,110,Standard grant,10,ODA,5,1,Bilateral,2
XI-IATI-EC_INTPA-2022-PC-24537,110,Standard grant,10,ODA,5,1,Bilateral,2
XI-IATI-EC_INTPA-2024-PC-32327,110,Standard grant,10,ODA,5,1,Bilateral,2
XI-IATI-EC_INTPA-2023-PC-25655,110,Standard grant,10,ODA,5,1,Bilateral,2
XI-IATI-EC_INTPA-2022-ACT-60636,110,Standard grant,10,ODA,5,1,Bilateral,1
XI-IATI-EC_INTPA-2024-PC-25656,110,Standard grant,10,ODA,5,1,Bilateral,2
XI-IATI-EC_INTPA-2019-ACT-D-40807-00,110,Standard grant,10,ODA,5,1,Bilateral,1
XI-IATI-EC_INTPA-2021-ACT-61065,110,Standard grant,10,ODA,5,1,Bilateral,1
XI-IATI-EC_INTPA-2016-ACT-D-39310-00,110,Standard grant,10,ODA,5,1,Bilateral,1
XI-IATI-EC_INTPA-2022-PC-16482,110,Standard grant,10,ODA,5,1,Bilateral,2
XI-IATI-EC_INTPA-2023-PC-27513,110,Standard grant,10,ODA,5,1,Bilateral,2
XI-IATI-EC_INTPA-2018-PCC-404429,110,Standard grant,10,ODA,5,1,Bilateral,2
XI-IATI-EC_INTPA-2021-PCC-429309,110,Standard grant,10,ODA,5,1,Bilateral,2
XI-IATI-EC_INTPA-2023-PC-26026,110,Standard grant,10,ODA,5,1,Bilateral,2
XI-IATI-EC_INTPA-2023-ACT-61294,110,Standard grant,10,ODA,5,1,Bilateral,1
XI-IATI-EC_INTPA-2020-ACT-D-41754-00,110,Standard grant,10,ODA,5,1,Bilateral,1
XI-IATI-EC_INTPA-2022-PC-22890,110,Standard grant,10,ODA,5,1,Bilateral,2
XI-IATI-EC_INTPA-2020-PCC-419898,110,Standard grant,10,ODA,5,1,Bilateral,2
XI-IATI-EC_INTPA-2023-PC-26380,110,Standard grant,10,ODA,5,1,Bilateral,2
XI-IATI-EC_INTPA-2022-PC-15602,110,Standard grant,10,ODA,5,1,Bilateral,2
XI-IATI-EC_INTPA-2018-ACT-D-39797-00,110,Standard grant,10,ODA,5,1,Bilateral,1
XI-IATI-EC_INTPA-2021-ACT-60933,110,Standard grant,10,ODA,5,1,Bilateral,1
XI-IATI-EC_INTPA-2020-ACT-D-40387-00,110,Standard grant,10,ODA,5,1,Bilateral,1
XI-IATI-EC_INTPA-2021-ACT-60903,110,Standard grant,10,ODA,5,1,Bilateral,1
XI-IATI-EC_INTPA-2016-ACT-D-38939-00,110,Standard grant,10,ODA,5,1,Bilateral,1
XI-IATI-EC_INTPA-2022-ACT-60961,110,Standard grant,10,ODA,5,1,Bilateral,1
XI-IATI-EC_INTPA-2021-ACT-60930,110,Standard grant,10,ODA,5,1,Bilateral,1
XI-IATI-EC_INTPA-2023-ACT-60983,110,Standard grant,10,ODA,5,1,Bilateral,1
XI-IATI-EC_INTPA-2021-PCC-425462,110,Standard grant,10,ODA,5,1,Bilateral,2
XI-IATI-EC_INTPA-2023-PC-23354,110,Standard grant,10,ODA,5,1,Bilateral,2
XI-IATI-EC_INTPA-2022-PC-15588,110,Standard grant,10,ODA,5,1,Bilateral,2
XI-IATI-EC_INTPA-2022-PC-16632,110,Standard grant,10,ODA,5,1,Bilateral,2
XI-IATI-EC_INTPA-2023-PC-26411,110,Standard grant,10,ODA,5,1,Bilateral,2
XI-IATI-EC_INTPA-2024-PC-36107,110,Standard grant,10,ODA,5,1,Bilateral,2
XI-IATI-EC_INTPA-2023-PC-26579,110,Standard grant,10,ODA,5,1,Bilateral,2
XI-IATI-EC_INTPA-2023-PC-18768,110,Standard grant,10,ODA,5,1,Bilateral,2
XI-IATI-EC_INTPA-2021-PCC-427166,110,Standard grant,10,ODA,5,1,Bilateral,2
XI-IATI-EC_INTPA-2022-PC-15913,110,Standard grant,10,ODA,5,1,Bilateral,2
XI-IATI-EC_INTPA-2021-ACT-62292,110,Standard grant,10,ODA,5,1,Bilateral,1
XI-IATI-EC_INTPA-2026-PC-49465,110,Standard grant,10,ODA,5,1,Bilateral,2
XI-IATI-EC_INTPA-2025-PC-49248,110,Standard grant,10,ODA,5,1,Bilateral,2
XI-IATI-EC_INTPA-2021-ACT-62696,110,Standard grant,10,ODA,5,1,Bilateral,1
XI-IATI-EC_INTPA-2025-PC-42917,110,Standard grant,10,ODA,5,1,Bilateral,2
XI-IATI-EC_INTPA-2021-ACT-61100,110,Standard grant,10,ODA,5,1,Bilateral,1
XI-IATI-EC_INTPA-2022-PC-24576,110,Standard grant,10,ODA,5,1,Bilateral,2
XI-IATI-EC_INTPA-2019-ACT-D-41736-00,110,Standard grant,10,ODA,5,1,Bilateral,1
XI-IATI-EC_INTPA-2020-PCC-415467,110,Standard grant,10,ODA,5,1,Bilateral,2
XI-IATI-EC_INTPA-2016-ACT-D-37972-00,110,Standard grant,10,ODA,5,1,Bilateral,1
XI-IATI-EC_INTPA-2020-ACT-D-40898-00,110,Standard grant,10,ODA,5,1,Bilateral,1
XI-IATI-EC_INTPA-2022-PCC-429583,110,Standard grant,10,ODA,5,1,Bilateral,2
XI-IATI-EC_INTPA-2023-PC-30243,110,Standard grant,10,ODA,5,1,Bilateral,2
XI-IATI-EC_INTPA-2026-PC-78665,110,Standard grant,10,ODA,5,1,Bilateral,2
XI-IATI-EC_INTPA-2022-PCC-428966,110,Standard grant,10,ODA,5,1,Bilateral,2
XI-IATI-EC_INTPA-2022-PC-23770,110,Standard grant,10,ODA,5,1,Bilateral,2
XI-IATI-EC_INTPA-2017-ACT-D-40033-01,110,Standard grant,10,ODA,5,1,Bilateral,1
XI-IATI-EC_INTPA-2019-PCC-413599,110,Standard grant,10,ODA,5,1,Bilateral,2
XI-IATI-EC_INTPA-2016-ACT-D-39297-00,110,Standard grant,10,ODA,5,1,Bilateral,1
XI-IATI-EC_INTPA-2017-ACT-D-40022-00,110,Standard grant,10,ODA,5,1,Bilateral,1
XI-IATI-EC_INTPA-2019-ACT-D-41739-00,110,Standard grant,10,ODA,5,1,Bilateral,1
XI-IATI-EC_INTPA-2018-ACT-D-41015-01,110,Standard grant,10,ODA,5,1,Bilateral,1
XI-IATI-EC_INTPA-2021-PC-5303,110,Standard grant,10,ODA,5,1,Bilateral,2
XI-IATI-EC_INTPA-2018-ACT-D-40854-00,110,Standard grant,10,ODA,5,1,Bilateral,1
XI-IATI-EC_INTPA-2021-PC-1163,110,Standard grant,10,ODA,5,1,Bilateral,2
XI-IATI-EC_INTPA-2018-PCC-402235,110,Standard grant,10,ODA,5,1,Bilateral,2
XI-IATI-EC_INTPA-2021-PCC-426286,110,Standard grant,10,ODA,5,1,Bilateral,2
XI-IATI-EC_INTPA-2020-PCC-418122,110,Standard grant,10,ODA,5,1,Bilateral,2
XI-IATI-EC_INTPA-2018-PCC-402069,110,Standard grant,10,ODA,5,1,Bilateral,2
XI-IATI-EC_INTPA-2025-PC-52115,110,Standard grant,10,ODA,5,1,Bilateral,2
XI-IATI-EC_INTPA-2021-ACT-63169,110,Standard grant,10,ODA,5,1,Bilateral,1
XI-IATI-EC_INTPA-2023-ACT-61863,110,Standard grant,10,ODA,5,1,Bilateral,1
XI-IATI-EC_INTPA-2024-PC-37833,110,Standard grant,10,ODA,5,1,Bilateral,2
XI-IATI-EC_NEAR-2016-ACT-D-39595-00,110,Standard grant,10,ODA,5,1,Bilateral,1
XI-IATI-EC_NEAR-2022-ACT-61467,110,Standard grant,10,ODA,5,1,Bilateral,1
XI-IATI-EC_NEAR-2023-ACT-62364,110,Standard grant,10,ODA,5,1,Bilateral,1
XI-IATI-EC_NEAR-2020-ACT-D-42019-00,110,Standard grant,10,ODA,5,1,Bilateral,1
XI-IATI-EC_NEAR-2022-ACT-61442,110,Standard grant,10,ODA,5,1,Bilateral,1
XI-IATI-EC_NEAR-2023-PC-26413,110,Standard grant,10,ODA,5,1,Bilateral,2
XI-IATI-EC_NEAR-2023-PC-26479,110,Standard grant,10,ODA,5,1,Bilateral,2
XI-IATI-EC_NEAR-2024-PC-36865,110,Standard grant,10,ODA,5,1,Bilateral,2
XI-IATI-EC_NEAR-2024-PC-26416,110,Standard grant,10,ODA,5,1,Bilateral,2
XI-IATI-EC_NEAR-2024-PC-26598,110,Standard grant,10,ODA,5,1,Bilateral,2
XI-IATI-EC_NEAR-2024-PC-26596,110,Standard grant,10,ODA,5,1,Bilateral,2
XI-IATI-EC_NEAR-2016-ACT-D-38718-06,110,Standard grant,10,ODA,5,1,Bilateral,1
XI-IATI-EC_NEAR-2014-ACT-D-32813-01,110,Standard grant,10,ODA,5,1,Bilateral,1
XI-IATI-EC_NEAR-2016-ACT-D-38717-03,110,Standard grant,10,ODA,5,1,Bilateral,1
XI-IATI-EC_NEAR-2015-ACT-D-38716-05,110,Standard grant,10,ODA,4,1,Bilateral,1
XI-IATI-EC_NEAR-2015-ACT-D-38715-01,110,Standard grant,10,ODA,4,1,Bilateral,1
XI-IATI-EC_NEAR-2021-ACT-62392,110,Standard grant,10,ODA,5,1,Bilateral,1
XI-IATI-EC_NEAR-2020-ACT-D-42914-01,110,Standard grant,10,ODA,5,1,Bilateral,1
XI-IATI-EC_NEAR-2023-ACT-61604,110,Standard grant,10,ODA,5,1,Bilateral,1
XI-IATI-EC_NEAR-2019-ACT-D-41203-02,110,Standard grant,10,ODA,5,1,Bilateral,1
XI-IATI-EC_NEAR-2019-PCC-408874,110,Standard grant,10,ODA,5,1,Bilateral,2
XI-IATI-EC_NEAR-2021-PCC-423828,110,Standard grant,10,ODA,5,1,Bilateral,2
XI-IATI-EC_NEAR-2021-PCC-424514,110,Standard grant,10,ODA,5,1,Bilateral,2
XI-IATI-EC_NEAR-2021-PCC-424517,110,Standard grant,10,ODA,5,1,Bilateral,2
XI-IATI-EC_NEAR-2016-PCC-383649,110,Standard grant,10,ODA,5,1,Bilateral,2
XI-IATI-EC_NEAR-2021-PCC-427664,110,Standard grant,10,ODA,5,1,Bilateral,2
XI-IATI-EC_NEAR-2021-PCC-424417,110,Standard grant,10,ODA,5,1,Bilateral,2
XI-IATI-EC_NEAR-2021-PCC-426292,110,Standard grant,10,ODA,5,1,Bilateral,2
XI-IATI-EC_NEAR-2020-PCC-423478,110,Standard grant,10,ODA,5,1,Bilateral,2
XI-IATI-EC_NEAR-2020-PCC-424787,110,Standard grant,10,ODA,5,1,Bilateral,2
XI-IATI-EC_NEAR-2020-PCC-419973,110,Standard grant,10,ODA,5,1,Bilateral,2
XI-IATI-EC_NEAR-2023-PC-3384,110,Standard grant,10,ODA,5,1,Bilateral,2
XI-IATI-EC_NEAR-2023-PC-25960,110,Standard grant,10,ODA,4,1,Bilateral,2
XI-IATI-EC_NEAR-2023-PC-3383,110,Standard grant,10,ODA,5,1,Bilateral,2
XI-IATI-EC_NEAR-2024-PC-34437,110,Standard grant,10,ODA,5,1,Bilateral,2
XI-IATI-EC_NEAR-2023-ACT-61596,110,Standard grant,10,ODA,5,1,Bilateral,1
XI-IATI-EC_NEAR-2023-PC-25441,110,Standard grant,10,ODA,4,1,Bilateral,2
XI-IATI-EC_NEAR-2012-ACT-D-24572-00,110,Standard grant,10,ODA,5,1,Bilateral,1
XI-IATI-EC_NEAR-2017-ACT-D-40318-00,110,Standard grant,10,ODA,5,1,Bilateral,1
XI-IATI-EC_NEAR-2016-ACT-D-39318-00,110,Standard grant,10,ODA,5,1,Bilateral,1
XI-IATI-EC_NEAR-2019-ACT-D-41937-00,110,Standard grant,10,ODA,5,1,Bilateral,1
XI-IATI-EC_NEAR-2018-ACT-D-41405-00,110,Standard grant,10,ODA,5,1,Bilateral,1
XI-IATI-EC_NEAR-2019-ACT-D-41934-01,110,Standard grant,10,ODA,5,1,Bilateral,1
XI-IATI-EC_NEAR-2023-ACT-61996,110,Standard grant,10,ODA,5,1,Bilateral,1
XI-IATI-EC_NEAR-2022-ACT-61197,110,Standard grant,10,ODA,5,1,Bilateral,1
XI-IATI-EC_NEAR-2018-PCC-401348,110,Standard grant,10,ODA,5,1,Bilateral,2
XI-IATI-EC_NEAR-2018-PCC-401352,110,Standard grant,10,ODA,5,1,Bilateral,2
XI-IATI-EC_NEAR-2018-PCC-403393,110,Standard grant,10,ODA,5,1,Bilateral,2
XI-IATI-EC_NEAR-2021-PCC-427568,110,Standard grant,10,ODA,5,1,Bilateral,2
XI-IATI-EC_NEAR-2021-PCC-428565,110,Standard grant,10,ODA,5,1,Bilateral,2
XI-IATI-EC_NEAR-2021-PC-7372,110,Standard grant,10,ODA,5,1,Bilateral,2
XI-IATI-EC_NEAR-2020-PCC-421173,110,Standard grant,10,ODA,5,1,Bilateral,2
XI-IATI-EC_NEAR-2020-PCC-417111,110,Standard grant,10,ODA,5,1,Bilateral,2
XI-IATI-EC_NEAR-2021-PCC-416172,110,Standard grant,10,ODA,5,1,Bilateral,2
XI-IATI-EC_NEAR-2021-PCC-427059,110,Standard grant,10,ODA,5,1,Bilateral,2
XI-IATI-EC_NEAR-2021-PCC-428582,110,Standard grant,10,ODA,5,1,Bilateral,2
XI-IATI-EC_NEAR-2021-PCC-424843,110,Standard grant,10,ODA,5,1,Bilateral,2
XI-IATI-EC_NEAR-2022-PC-23383,110,Standard grant,10,ODA,5,1,Bilateral,2
XI-IATI-EC_NEAR-2020-PCC-419437,110,Standard grant,10,ODA,5,1,Bilateral,2
XI-IATI-EC_NEAR-2022-PC-21806,110,Standard grant,10,ODA,5,1,Bilateral,2
XI-IATI-EC_NEAR-2022-PC-23492,110,Standard grant,10,ODA,5,1,Bilateral,2
XI-IATI-EC_NEAR-2022-PC-22447,110,Standard grant,10,ODA,5,1,Bilateral,2
XI-IATI-EC_NEAR-2022-PC-22453,110,Standard grant,10,ODA,5,1,Bilateral,2
XI-IATI-EC_NEAR-2022-PC-23690,110,Standard grant,10,ODA,5,1,Bilateral,2
XI-IATI-EC_NEAR-2022-PC-22151,110,Standard grant,10,ODA,5,1,Bilateral,2
XI-IATI-EC_NEAR-2022-PC-22257,110,Standard grant,10,ODA,5,1,Bilateral,2
XI-IATI-EC_NEAR-2023-PC-26221,110,Standard grant,10,ODA,5,1,Bilateral,2
XI-IATI-EC_NEAR-2023-PC-23854,110,Standard grant,10,ODA,5,1,Bilateral,2
XI-IATI-EC_NEAR-2023-PC-23151,110,Standard grant,10,ODA,5,1,Bilateral,2
XI-IATI-EC_NEAR-2024-PC-26216,110,Standard grant,10,ODA,5,1,Bilateral,2
XI-IATI-EC_NEAR-2015-ACT-D-37735-00,110,Standard grant,10,ODA,5,1,Bilateral,1
XI-IATI-EC_NEAR-2016-ACT-D-39601-00,110,Standard grant,10,ODA,5,1,Bilateral,1
XI-IATI-EC_NEAR-2017-ACT-D-40316-00,110,Standard grant,10,ODA,5,1,Bilateral,1
XI-IATI-EC_NEAR-2017-ACT-D-40548-00,110,Standard grant,10,ODA,5,1,Bilateral,1
XI-IATI-EC_NEAR-2019-ACT-D-42137-00,110,Standard grant,10,ODA,5,1,Bilateral,1
XI-IATI-EC_NEAR-2020-ACT-D-42602-00,110,Standard grant,10,ODA,5,1,Bilateral,1
XI-IATI-EC_NEAR-2019-ACT-D-42240-00,110,Standard grant,10,ODA,5,1,Bilateral,1
XI-IATI-EC_NEAR-2021-ACT-61727,110,Standard grant,10,ODA,5,1,Bilateral,1
XI-IATI-EC_NEAR-2020-ACT-D-42575-00,110,Standard grant,10,ODA,5,1,Bilateral,1
XI-IATI-EC_NEAR-2021-ACT-62606,110,Standard grant,10,ODA,5,1,Bilateral,1
XI-IATI-EC_NEAR-2023-ACT-61816,110,Standard grant,10,ODA,5,1,Bilateral,1
XI-IATI-EC_NEAR-2022-ACT-60900,110,Standard grant,10,ODA,5,1,Bilateral,1
XI-IATI-EC_NEAR-2022-ACT-60901,110,Standard grant,10,ODA,5,1,Bilateral,1
XI-IATI-EC_NEAR-2019-PCC-411975,110,Standard grant,10,ODA,5,1,Bilateral,2
XI-IATI-EC_NEAR-2018-PCC-399610,110,Standard grant,10,ODA,5,1,Bilateral,2
XI-IATI-EC_NEAR-2017-PCC-394566,110,Standard grant,10,ODA,5,1,Bilateral,2
XI-IATI-EC_NEAR-2016-PCC-380129,110,Standard grant,10,ODA,5,1,Bilateral,2
XI-IATI-EC_NEAR-2016-PCC-380130,110,Standard grant,10,ODA,5,1,Bilateral,2
XI-IATI-EC_NEAR-2017-PCC-394816,110,Standard grant,10,ODA,5,1,Bilateral,2
XI-IATI-EC_NEAR-2020-PCC-420528,110,Standard grant,10,ODA,5,1,Bilateral,2
XI-IATI-EC_NEAR-2020-PCC-420275,110,Standard grant,10,ODA,5,1,Bilateral,2
XI-IATI-EC_NEAR-2021-PCC-430372,110,Standard grant,10,ODA,5,1,Bilateral,2
XI-IATI-EC_NEAR-2022-PC-23142,110,Standard grant,10,ODA,5,1,Bilateral,2
XI-IATI-EC_NEAR-2022-PC-24488,110,Standard grant,10,ODA,5,1,Bilateral,2
XI-IATI-EC_NEAR-2022-PCC-430729,110,Standard grant,10,ODA,5,1,Bilateral,2
XI-IATI-EC_NEAR-2022-PC-19257,110,Standard grant,10,ODA,5,1,Bilateral,2
XI-IATI-EC_NEAR-2022-PC-19626,110,Standard grant,10,ODA,5,1,Bilateral,2
XI-IATI-EC_NEAR-2023-PC-28407,110,Standard grant,10,ODA,5,1,Bilateral,2
XI-IATI-EC_NEAR-2023-PC-24994,110,Standard grant,10,ODA,5,1,Bilateral,2
XI-IATI-EC_NEAR-2023-PC-26322,110,Standard grant,10,ODA,5,1,Bilateral,2
XI-IATI-EC_NEAR-2023-PC-26324,110,Standard grant,10,ODA,5,1,Bilateral,2
XI-IATI-EC_NEAR-2023-PC-25371,110,Standard grant,10,ODA,5,1,Bilateral,2
XI-IATI-EC_NEAR-2016-ACT-D-39842-01,110,Standard grant,10,ODA,5,1,Bilateral,1
XI-IATI-EC_NEAR-2014-ACT-D-37371-00,110,Standard grant,10,ODA,5,1,Bilateral,1
XI-IATI-EC_NEAR-2017-ACT-D-40260-00,110,Standard grant,10,ODA,5,1,Bilateral,1
XI-IATI-EC_NEAR-2017-ACT-D-40313-00,110,Standard grant,10,ODA,5,1,Bilateral,1
XI-IATI-EC_NEAR-2016-ACT-D-39372-02,110,Standard grant,10,ODA,5,1,Bilateral,1
XI-IATI-EC_NEAR-2011-ACT-D-22775-00,110,Standard grant,10,ODA,5,1,Bilateral,1
XI-IATI-EC_NEAR-2021-ACT-61868,110,Standard grant,10,ODA,5,1,Bilateral,1
XI-IATI-EC_NEAR-2021-ACT-61066,110,Standard grant,10,ODA,5,1,Bilateral,1
XI-IATI-EC_NEAR-2019-ACT-D-42126-00,110,Standard grant,10,ODA,5,1,Bilateral,1
XI-IATI-EC_NEAR-2019-ACT-D-41950-00,110,Standard grant,10,ODA,5,1,Bilateral,1
XI-IATI-EC_NEAR-2017-ACT-D-40759-00,110,Standard grant,10,ODA,5,1,Bilateral,1
XI-IATI-EC_NEAR-2017-ACT-D-40761-01,110,Standard grant,10,ODA,5,1,Bilateral,1
XI-IATI-EC_NEAR-2018-ACT-D-41398-00,110,Standard grant,10,ODA,5,1,Bilateral,1
XI-IATI-EC_NEAR-2021-ACT-61137,110,Standard grant,10,ODA,5,1,Bilateral,1
XI-IATI-EC_NEAR-2018-ACT-D-41290-00,110,Standard grant,10,ODA,5,1,Bilateral,1
XI-IATI-EC_NEAR-2021-ACT-61068,110,Standard grant,10,ODA,5,1,Bilateral,1
XI-IATI-EC_NEAR-2022-ACT-61027,110,Standard grant,10,ODA,5,1,Bilateral,1
XI-IATI-EC_NEAR-2023-ACT-62340,110,Standard grant,10,ODA,5,1,Bilateral,1
XI-IATI-EC_NEAR-2018-ACT-D-41151-00,110,Standard grant,10,ODA,5,1,Bilateral,1
XI-IATI-EC_NEAR-2020-ACT-D-42278-00,110,Standard grant,10,ODA,5,1,Bilateral,1
XI-IATI-EC_NEAR-2020-ACT-D-42291-00,110,Standard grant,10,ODA,5,1,Bilateral,1
XI-IATI-EC_NEAR-2022-ACT-61400,110,Standard grant,10,ODA,5,1,Bilateral,1
XI-IATI-EC_NEAR-2022-ACT-60561,110,Standard grant,10,ODA,5,1,Bilateral,1
XI-IATI-EC_NEAR-2022-ACT-61199,110,Standard grant,10,ODA,5,1,Bilateral,1
XI-IATI-EC_NEAR-2019-PCC-414058,110,Standard grant,10,ODA,5,1,Bilateral,2
XI-IATI-EC_NEAR-2019-PCC-413828,110,Standard grant,10,ODA,5,1,Bilateral,2
XI-IATI-EC_NEAR-2017-PCC-394764,110,Standard grant,10,ODA,5,1,Bilateral,2
XI-IATI-EC_NEAR-2018-PCC-404157,110,Standard grant,10,ODA,5,1,Bilateral,2
XI-IATI-EC_NEAR-2021-PCC-428889,110,Standard grant,10,ODA,5,1,Bilateral,2
XI-IATI-EC_NEAR-2021-PCC-428890,110,Standard grant,10,ODA,5,1,Bilateral,2
XI-IATI-EC_NEAR-2021-PCC-423852,110,Standard grant,10,ODA,5,1,Bilateral,2
XI-IATI-EC_NEAR-2021-PCC-428962,110,Standard grant,10,ODA,5,1,Bilateral,2
XI-IATI-EC_NEAR-2021-PCC-428965,110,Standard grant,10,ODA,5,1,Bilateral,2
XI-IATI-EC_NEAR-2021-PCC-430122,110,Standard grant,10,ODA,5,1,Bilateral,2
XI-IATI-EC_NEAR-2021-PCC-428959,110,Standard grant,10,ODA,5,1,Bilateral,2
XI-IATI-EC_NEAR-2021-PCC-427905,110,Standard grant,10,ODA,5,1,Bilateral,2
XI-IATI-EC_NEAR-2021-PCC-423450,110,Standard grant,10,ODA,5,1,Bilateral,2
XI-IATI-EC_NEAR-2017-PCC-394871,110,Standard grant,10,ODA,5,1,Bilateral,2
XI-IATI-EC_NEAR-2021-PC-7220,110,Standard grant,10,ODA,5,1,Bilateral,2
XI-IATI-EC_NEAR-2020-PCC-416795,110,Standard grant,10,ODA,5,1,Bilateral,2
XI-IATI-EC_NEAR-2021-PCC-415259,110,Standard grant,10,ODA,5,1,Bilateral,2
XI-IATI-EC_NEAR-2021-PCC-415264,110,Standard grant,10,ODA,5,1,Bilateral,2
XI-IATI-EC_NEAR-2020-PCC-416748,110,Standard grant,10,ODA,5,1,Bilateral,2
XI-IATI-EC_NEAR-2021-PCC-417640,110,Standard grant,10,ODA,5,1,Bilateral,2
XI-IATI-EC_NEAR-2020-PCC-421661,110,Standard grant,10,ODA,5,1,Bilateral,2
XI-IATI-EC_NEAR-2020-PCC-416324,110,Standard grant,10,ODA,5,1,Bilateral,2
XI-IATI-EC_NEAR-2021-PC-4855,110,Standard grant,10,ODA,5,1,Bilateral,2
XI-IATI-EC_NEAR-2021-PCC-424895,110,Standard grant,10,ODA,5,1,Bilateral,2
XI-IATI-EC_NEAR-2021-PCC-425620,110,Standard grant,10,ODA,5,1,Bilateral,2
XI-IATI-EC_NEAR-2021-PCC-429045,110,Standard grant,10,ODA,5,1,Bilateral,2
XI-IATI-EC_NEAR-2023-PC-17755,110,Standard grant,10,ODA,5,1,Bilateral,2
XI-IATI-EC_NEAR-2022-PC-24235,110,Standard grant,10,ODA,5,1,Bilateral,2
XI-IATI-EC_NEAR-2022-PC-23356,110,Standard grant,10,ODA,5,1,Bilateral,2
XI-IATI-EC_NEAR-2020-PCC-415186,110,Standard grant,10,ODA,5,1,Bilateral,2
XI-IATI-EC_NEAR-2023-PC-13415,110,Standard grant,10,ODA,5,1,Bilateral,2
XI-IATI-EC_NEAR-2020-PCC-414985,110,Standard grant,10,ODA,5,1,Bilateral,2
XI-IATI-EC_NEAR-2021-PC-2265,110,Standard grant,10,ODA,5,1,Bilateral,2
XI-IATI-EC_NEAR-2022-PC-22869,110,Standard grant,10,ODA,5,1,Bilateral,2
XI-IATI-EC_NEAR-2022-PC-23718,110,Standard grant,10,ODA,5,1,Bilateral,2
XI-IATI-EC_NEAR-2022-PC-10234,110,Standard grant,10,ODA,5,1,Bilateral,2
XI-IATI-EC_NEAR-2022-PC-20176,110,Standard grant,10,ODA,5,1,Bilateral,2
XI-IATI-EC_NEAR-2023-PC-29638,110,Standard grant,10,ODA,5,1,Bilateral,2
XI-IATI-EC_NEAR-2023-PC-29284,110,Standard grant,10,ODA,5,1,Bilateral,2
XI-IATI-EC_NEAR-2023-PC-29639,110,Standard grant,10,ODA,5,1,Bilateral,2
XI-IATI-EC_NEAR-2023-PC-22338,110,Standard grant,10,ODA,5,1,Bilateral,2
XI-IATI-EC_NEAR-2023-PC-26509,110,Standard grant,10,ODA,5,1,Bilateral,2
XI-IATI-EC_NEAR-2023-PC-25026,110,Standard grant,10,ODA,5,1,Bilateral,2
XI-IATI-EC_NEAR-2023-PC-26205,110,Standard grant,10,ODA,5,1,Bilateral,2
XI-IATI-EC_NEAR-2023-PC-26206,110,Standard grant,10,ODA,5,1,Bilateral,2
XI-IATI-EC_NEAR-2023-PC-26487,110,Standard grant,10,ODA,5,1,Bilateral,2
XI-IATI-EC_NEAR-2023-PC-21871,110,Standard grant,10,ODA,5,1,Bilateral,2
XI-IATI-EC_NEAR-2023-PC-26474,110,Standard grant,10,ODA,5,1,Bilateral,2
XI-IATI-EC_NEAR-2023-PC-25712,110,Standard grant,10,ODA,5,1,Bilateral,2
XI-IATI-EC_NEAR-2024-PC-36873,110,Standard grant,10,ODA,5,1,Bilateral,2
XI-IATI-EC_NEAR-2024-PC-16109,110,Standard grant,10,ODA,5,1,Bilateral,2
XI-IATI-EC_NEAR-2024-PC-26165,110,Standard grant,10,ODA,5,1,Bilateral,2
XI-IATI-EC_NEAR-2015-ACT-D-37894-03,110,Standard grant,10,ODA,4,1,Bilateral,1
XI-IATI-EC_NEAR-2023-ACT-60844,110,Standard grant,10,ODA,5,1,Bilateral,1
XI-IATI-EC_NEAR-2023-ACT-60862,110,Standard grant,50,Other flows,5,1,Bilateral,1
XI-IATI-EC_NEAR-2023-ACT-61597,110,Standard grant,10,ODA,5,1,Bilateral,1
XI-IATI-EC_NEAR-2020-ACT-D-42145-06,110,Standard grant,10,ODA,5,1,Bilateral,1
XI-IATI-EC_NEAR-2023-PC-34044,110,Standard grant,10,ODA,4,1,Bilateral,2
XI-IATI-EC_NEAR-2023-PC-25995,110,Standard grant,10,ODA,4,1,Bilateral,2
XI-IATI-EC_NEAR-2023-PC-25842,110,Standard grant,10,ODA,4,1,Bilateral,2
XI-IATI-EC_NEAR-2023-PC-25328,110,Standard grant,10,ODA,4,1,Bilateral,2
XI-IATI-EC_NEAR-2023-PC-25094,110,Standard grant,10,ODA,4,1,Bilateral,2
XI-IATI-EC_NEAR-2024-PC-26711,110,Standard grant,10,ODA,4,1,Bilateral,2
XI-IATI-EC_NEAR-2020-ACT-D-42747-06,110,Standard grant,10,ODA,5,1,Bilateral,1
XI-IATI-EC_NEAR-2019-ACT-D-41263-03,110,Standard grant,10,ODA,5,1,Bilateral,1
XI-IATI-EC_NEAR-2023-ACT-61594,110,Standard grant,10,ODA,5,1,Bilateral,1
XI-IATI-EC_NEAR-2022-ACT-60915,110,Standard grant,10,ODA,5,1,Bilateral,1
XI-IATI-EC_NEAR-2019-PCC-415500,110,Standard grant,10,ODA,5,1,Bilateral,2
XI-IATI-EC_NEAR-2020-PCC-421250,110,Standard grant,10,ODA,5,1,Bilateral,2
XI-IATI-EC_NEAR-2020-PCC-419152,110,Standard grant,10,ODA,5,1,Bilateral,2
XI-IATI-EC_NEAR-2015-ACT-D-38144-00,110,Standard grant,10,ODA,5,1,Bilateral,1
XI-IATI-EC_NEAR-2021-ACT-62648,110,Standard grant,10,ODA,5,1,Bilateral,1
XI-IATI-EC_NEAR-2020-ACT-D-42924-00,110,Standard grant,10,ODA,5,1,Bilateral,1
XI-IATI-EC_NEAR-2023-ACT-60518,110,Standard grant,10,ODA,5,1,Bilateral,1
XI-IATI-EC_NEAR-2023-PC-22941,110,Standard grant,10,ODA,4,1,Bilateral,2
XI-IATI-EC_NEAR-2023-PC-26649,110,Standard grant,10,ODA,4,1,Bilateral,2
XI-IATI-EC_NEAR-2024-PC-25269,110,Standard grant,10,ODA,4,1,Bilateral,2
XI-IATI-EC_NEAR-2021-PCC-430625,110,Standard grant,10,ODA,5,1,Bilateral,2
XI-IATI-EC_NEAR-2022-PC-18169,110,Standard grant,10,ODA,5,1,Bilateral,2
XI-IATI-EC_NEAR-2023-PC-31959,110,Standard grant,10,ODA,5,1,Bilateral,2
XI-IATI-EC_NEAR-2016-ACT-D-39803-06,110,Standard grant,10,ODA,5,1,Bilateral,1
XI-IATI-EC_NEAR-2016-ACT-D-39806-09,110,Standard grant,10,ODA,5,1,Bilateral,1
XI-IATI-EC_NEAR-2015-ACT-D-38444-04,110,Standard grant,10,ODA,5,1,Bilateral,1
XI-IATI-EC_NEAR-2021-ACT-60872,110,Standard grant,10,ODA,5,1,Bilateral,1
XI-IATI-EC_NEAR-2021-ACT-61585,110,Standard grant,10,ODA,5,1,Bilateral,1
XI-IATI-EC_NEAR-2021-ACT-60875,110,Standard grant,10,ODA,5,1,Bilateral,1
XI-IATI-EC_NEAR-2024-ACT-62417,110,Standard grant,10,ODA,5,1,Bilateral,1
XI-IATI-EC_NEAR-2018-PCC-397293,110,Standard grant,10,ODA,5,1,Bilateral,2
XI-IATI-EC_NEAR-2019-PCC-407821,110,Standard grant,10,ODA,5,1,Bilateral,2
XI-IATI-EC_NEAR-2018-PCC-395584,110,Standard grant,10,ODA,5,1,Bilateral,2
XI-IATI-EC_NEAR-2022-PC-18779,110,Standard grant,10,ODA,5,1,Bilateral,2
XI-IATI-EC_NEAR-2023-PC-29296,110,Standard grant,10,ODA,4,1,Bilateral,2
XI-IATI-EC_NEAR-2023-PC-26113,110,Standard grant,10,ODA,4,1,Bilateral,2
XI-IATI-EC_NEAR-2023-PC-25802,110,Standard grant,10,ODA,4,1,Bilateral,2
XI-IATI-EC_NEAR-2023-PC-25764,110,Standard grant,10,ODA,4,1,Bilateral,2
XI-IATI-EC_NEAR-2024-PC-37108,110,Standard grant,10,ODA,4,1,Bilateral,2
XI-IATI-EC_NEAR-2024-PC-25804,110,Standard grant,10,ODA,4,1,Bilateral,2
XI-IATI-EC_NEAR-2022-ACT-60730,110,Standard grant,10,ODA,5,1,Bilateral,1
XI-IATI-EC_NEAR-2023-PC-23862,110,Standard grant,10,ODA,5,1,Bilateral,2
XI-IATI-EC_NEAR-2023-PC-21815,110,Standard grant,10,ODA,5,1,Bilateral,2
XI-IATI-EC_NEAR-2015-ACT-D-38422-00,110,Standard grant,10,ODA,5,1,Bilateral,1
XI-IATI-EC_NEAR-2017-ACT-D-40562-01,110,Standard grant,10,ODA,5,1,Bilateral,1
XI-IATI-EC_NEAR-2017-ACT-D-40695-00,110,Standard grant,10,ODA,5,1,Bilateral,1
XI-IATI-EC_NEAR-2017-ACT-D-40704-00,110,Standard grant,10,ODA,5,1,Bilateral,1
XI-IATI-EC_NEAR-2017-ACT-D-40445-00,110,Standard grant,10,ODA,5,1,Bilateral,1
XI-IATI-EC_NEAR-2016-ACT-D-39506-00,110,Standard grant,10,ODA,5,1,Bilateral,1
XI-IATI-EC_NEAR-2015-ACT-D-38720-00,110,Standard grant,10,ODA,3,1,Bilateral,1
XI-IATI-EC_NEAR-2021-ACT-61082,110,Standard grant,10,ODA,5,1,Bilateral,1
XI-IATI-EC_NEAR-2020-ACT-D-42859-00,110,Standard grant,10,ODA,5,1,Bilateral,1
XI-IATI-EC_NEAR-2019-ACT-D-41859-00,110,Standard grant,10,ODA,5,1,Bilateral,1
XI-IATI-EC_NEAR-2019-ACT-D-41860-00,110,Standard grant,10,ODA,5,1,Bilateral,1
XI-IATI-EC_NEAR-2019-ACT-D-41891-00,110,Standard grant,10,ODA,5,1,Bilateral,1
XI-IATI-EC_NEAR-2023-ACT-62422,110,Standard grant,10,ODA,5,1,Bilateral,1
XI-IATI-EC_NEAR-2019-PCC-410052,110,Standard grant,10,ODA,5,1,Bilateral,2
XI-IATI-EC_NEAR-2019-PCC-404352,110,Standard grant,10,ODA,5,1,Bilateral,2
XI-IATI-EC_NEAR-2019-PCC-404799,110,Standard grant,10,ODA,5,1,Bilateral,2
XI-IATI-EC_NEAR-2018-PCC-403150,110,Standard grant,10,ODA,5,1,Bilateral,2
XI-IATI-EC_NEAR-2019-PCC-407099,110,Standard grant,10,ODA,5,1,Bilateral,2
XI-IATI-EC_NEAR-2019-PCC-411467,110,Standard grant,10,ODA,5,1,Bilateral,2
XI-IATI-EC_NEAR-2018-PCC-404297,110,Standard grant,10,ODA,5,1,Bilateral,2
XI-IATI-EC_NEAR-2018-PCC-404376,110,Standard grant,10,ODA,5,1,Bilateral,2
XI-IATI-EC_NEAR-2018-PCC-404417,110,Standard grant,10,ODA,5,1,Bilateral,2
XI-IATI-EC_NEAR-2018-PCC-403140,110,Standard grant,10,ODA,5,1,Bilateral,2
XI-IATI-EC_NEAR-2021-PCC-427970,110,Standard grant,10,ODA,5,1,Bilateral,2
XI-IATI-EC_NEAR-2021-PCC-428148,110,Standard grant,10,ODA,5,1,Bilateral,2
XI-IATI-EC_NEAR-2021-PCC-428768,110,Standard grant,10,ODA,5,1,Bilateral,2
XI-IATI-EC_NEAR-2021-PCC-414053,110,Standard grant,10,ODA,5,1,Bilateral,2
XI-IATI-EC_NEAR-2020-PCC-416672,110,Standard grant,10,ODA,5,1,Bilateral,2
XI-IATI-EC_NEAR-2020-PCC-420597,110,Standard grant,10,ODA,5,1,Bilateral,2
XI-IATI-EC_NEAR-2021-PC-8877,110,Standard grant,10,ODA,5,1,Bilateral,2
XI-IATI-EC_NEAR-2021-PCC-426850,110,Standard grant,10,ODA,5,1,Bilateral,2
XI-IATI-EC_NEAR-2021-PCC-423254,110,Standard grant,10,ODA,5,1,Bilateral,2
XI-IATI-EC_NEAR-2021-PCC-430183,110,Standard grant,10,ODA,5,1,Bilateral,2
XI-IATI-EC_NEAR-2020-PCC-418579,110,Standard grant,10,ODA,5,1,Bilateral,2
XI-IATI-EC_NEAR-2021-PCC-428588,110,Standard grant,10,ODA,5,1,Bilateral,2
XI-IATI-EC_NEAR-2022-PC-22976,110,Standard grant,10,ODA,5,1,Bilateral,2
XI-IATI-EC_NEAR-2022-PCC-425501,110,Standard grant,10,ODA,5,1,Bilateral,2
XI-IATI-EC_NEAR-2021-PC-3558,110,Standard grant,10,ODA,5,1,Bilateral,2
XI-IATI-EC_NEAR-2020-PCC-417245,110,Standard grant,10,ODA,5,1,Bilateral,2
XI-IATI-EC_NEAR-2022-PC-15378,110,Standard grant,10,ODA,5,1,Bilateral,2
XI-IATI-EC_NEAR-2022-PC-23457,110,Standard grant,10,ODA,5,1,Bilateral,2
XI-IATI-EC_NEAR-2022-PC-20298,110,Standard grant,10,ODA,5,1,Bilateral,2
XI-IATI-EC_NEAR-2023-PC-31718,110,Standard grant,10,ODA,5,1,Bilateral,2
XI-IATI-EC_NEAR-2023-PC-31719,110,Standard grant,10,ODA,5,1,Bilateral,2
XI-IATI-EC_NEAR-2023-PC-31722,110,Standard grant,10,ODA,5,1,Bilateral,2
XI-IATI-EC_NEAR-2023-PC-30456,110,Standard grant,10,ODA,5,1,Bilateral,2
XI-IATI-EC_NEAR-2023-PC-30872,110,Standard grant,10,ODA,5,1,Bilateral,2
XI-IATI-EC_NEAR-2023-PC-32512,110,Standard grant,10,ODA,5,1,Bilateral,2
XI-IATI-EC_NEAR-2023-PC-30873,110,Standard grant,10,ODA,5,1,Bilateral,2
XI-IATI-EC_NEAR-2024-PC-39790,110,Standard grant,10,ODA,5,1,Bilateral,2
XI-IATI-EC_NEAR-2024-PC-38097,110,Standard grant,10,ODA,5,1,Bilateral,2
XI-IATI-EC_NEAR-2024-PC-38100,110,Standard grant,10,ODA,5,1,Bilateral,2
XI-IATI-EC_NEAR-2023-PC-37347,110,Standard grant,10,ODA,5,1,Bilateral,2
XI-IATI-EC_NEAR-2024-PC-32056,110,Standard grant,10,ODA,5,1,Bilateral,2
XI-IATI-EC_NEAR-2024-PC-27731,110,Standard grant,10,ODA,5,1,Bilateral,2
XI-IATI-EC_NEAR-2016-ACT-D-39747-07,110,Standard grant,10,ODA,5,1,Bilateral,1
XI-IATI-EC_NEAR-2023-ACT-61599,110,Standard grant,10,ODA,5,1,Bilateral,1
XI-IATI-EC_NEAR-2017-PCC-394632,110,Standard grant,10,ODA,5,1,Bilateral,2
XI-IATI-EC_NEAR-2022-PC-24561,110,Standard grant,10,ODA,5,1,Bilateral,2
XI-IATI-EC_NEAR-2023-PC-25711,110,Standard grant,10,ODA,4,1,Bilateral,2
XI-IATI-EC_NEAR-2016-ACT-D-39569-00,110,Standard grant,10,ODA,5,1,Bilateral,1
XI-IATI-EC_NEAR-2022-ACT-60707,110,Standard grant,10,ODA,5,1,Bilateral,1
XI-IATI-EC_NEAR-2022-ACT-61256,110,Standard grant,10,ODA,5,1,Bilateral,1
XI-IATI-EC_NEAR-2023-ACT-61827,110,Standard grant,10,ODA,5,1,Bilateral,1
XI-IATI-EC_NEAR-2021-ACT-62782,110,Standard grant,10,ODA,5,1,Bilateral,1
XI-IATI-EC_NEAR-2017-PCC-385741,110,Standard grant,10,ODA,5,1,Bilateral,2
XI-IATI-EC_NEAR-2022-PC-15302,110,Standard grant,10,ODA,5,1,Bilateral,2
XI-IATI-EC_NEAR-2022-PC-19078,110,Standard grant,10,ODA,5,1,Bilateral,2
XI-IATI-EC_NEAR-2023-PC-34368,110,Standard grant,21,Non-export credit OOF,5,1,Bilateral,2
XI-IATI-EC_NEAR-2023-PC-26460,110,Standard grant,10,ODA,5,1,Bilateral,2
XI-IATI-EC_NEAR-2024-PC-41992,110,Standard grant,10,ODA,5,1,Bilateral,2
GB-1-103985-101,110,Standard grant,10,ODA,5,1,Bilateral,2
GB-1-103986-101,110,Standard grant,10,ODA,5,1,Bilateral,2
GB-1-202328-101,110,Standard grant,10,ODA,5,1,Bilateral,2
GB-1-202377-101,110,Standard grant,10,ODA,5,1,Bilateral,2
GB-1-202462-101,110,Standard grant,10,ODA,5,1,Bilateral,2
GB-1-202468-101,110,Standard grant,10,ODA,5,1,Bilateral,2
GB-1-202697-101,110,Standard grant,10,ODA,5,1,Bilateral,2
GB-1-202893-104,110,Standard grant,10,ODA,5,1,Bilateral,2
GB-1-202990-101,110,Standard grant,10,ODA,5,1,Bilateral,2
GB-1-202990-103,110,Standard grant,10,ODA,5,1,Bilateral,2
GB-1-202991-102,110,Standard grant,10,ODA,5,1,Bilateral,2
GB-1-203001-101,110,Standard grant,10,ODA,5,1,Bilateral,2
GB-1-203100-104,110,Standard grant,10,ODA,5,1,Bilateral,2
GB-1-203213-101,110,Standard grant,10,ODA,5,1,Bilateral,2
GB-1-203213-102,110,Standard grant,10,ODA,5,1,Bilateral,2
GB-1-203396-102,110,Standard grant,10,ODA,5,1,Bilateral,2
GB-1-203413-102,110,Standard grant,10,ODA,5,1,Bilateral,2
GB-1-203536-101,110,Standard grant,10,ODA,5,1,Bilateral,2
GB-1-203536-113,110,Standard grant,10,ODA,5,1,Bilateral,2
GB-1-203585-101,110,Standard grant,10,ODA,5,1,Bilateral,2
GB-1-203766-109,110,Standard grant,10,ODA,5,1,Bilateral,2
GB-1-203766-111,110,Standard grant,10,ODA,5,1,Bilateral,2
GB-1-203766-112,110,Standard grant,10,ODA,5,1,Bilateral,2
GB-1-203811-101,110,Standard grant,10,ODA,5,1,Bilateral,2
GB-1-204024-107,110,Standard grant,10,ODA,5,1,Bilateral,2
GB-1-204179-101,110,Standard grant,10,ODA,5,1,Bilateral,2
GB-1-204288-102,110,Standard grant,10,ODA,5,1,Bilateral,2
GB-1-205145-102,110,Standard grant,10,ODA,5,1,Bilateral,2
GB-1-205145-104,110,Standard grant,10,ODA,5,1,Bilateral,2
GB-GOV-1-301596-404,,,,,5,,,2
GB-1-114506-106,110,Standard grant,10,ODA,5,1,Bilateral,2
GB-1-113707-102,110,Standard grant,10,ODA,5,1,Bilateral,2
GB-1-113963-102,110,Standard grant,10,ODA,5,1,Bilateral,2
GB-1-114086-101,110,Standard grant,10,ODA,5,1,Bilateral,2
GB-GOV-3-PSA-NPK-200029,110,Standard grant,10,ODA,5,,,0
GB-1-201375-102,110,Standard grant,10,ODA,5,1,Bilateral,2
GB-1-201375-106,110,Standard grant,10,ODA,5,1,Bilateral,2
GB-1-201564-101,110,Standard grant,10,ODA,5,1,Bilateral,2
GB-1-201629-108,110,Standard grant,10,ODA,5,1,Bilateral,2
FI-3-2014-2005050123,110,Standard grant,10,ODA,5,1,Bilateral,0
FI-3-2014-2002023052,110,Standard grant,10,ODA,5,1,Bilateral,0
FI-3-2014-2008080028,110,Standard grant,10,ODA,5,1,Bilateral,0
FI-3-2014-2014140714,110,Standard grant,10,ODA,5,1,Bilateral,0
FI-3-2014-2000003078,110,Standard grant,10,ODA,5,1,Bilateral,0
FI-3-2014-2013130107,110,Standard grant,10,ODA,5,1,Bilateral,0
FI-3-2014-2013130132,110,Standard grant,10,ODA,5,1,Bilateral,0
FI-3-2014-2012000151,110,Standard grant,10,ODA,5,1,Bilateral,0
FI-3-2014-2009091300,110,Standard grant,10,ODA,5,1,Bilateral,0
FI-3-2014-2008080130,110,Standard grant,10,ODA,5,1,Bilateral,0
FI-3-2014-2004043014,110,Standard grant,10,ODA,5,1,Bilateral,0
FI-3-2014-2013130288,110,Standard grant,10,ODA,5,1,Bilateral,0
FI-3-2014-2014140891,110,Standard grant,10,ODA,5,1,Bilateral,0
FI-3-2016-2005050123,110,Standard grant,10,ODA,5,1,Bilateral,0
FI-3-2016-2008080028,110,Standard grant,10,ODA,5,1,Bilateral,0
FI-3-2016-2013130107,110,Standard grant,10,ODA,5,1,Bilateral,0
FI-3-2016-2009091300,110,Standard grant,10,ODA,5,1,Bilateral,0
FI-3-2016-2013130288,110,Standard grant,10,ODA,5,1,Bilateral,0
FI-3-2016-2014140891,110,Standard grant,10,ODA,5,1,Bilateral,0
FI-3-2015-2015150032,110,Standard grant,10,ODA,5,1,Bilateral,0
FI-3-2015-2005050123,110,Standard grant,10,ODA,5,1,Bilateral,0
FI-3-2015-2008080028,110,Standard grant,10,ODA,5,1,Bilateral,0
FI-3-2015-2014140714,110,Standard grant,10,ODA,5,1,Bilateral,0
FI-3-2015-2013130107,110,Standard grant,10,ODA,5,1,Bilateral,0
FI-3-2015-2009091300,110,Standard grant,10,ODA,5,1,Bilateral,0
FI-3-2015-2008080130,110,Standard grant,10,ODA,5,1,Bilateral,0
FI-3-2015-2013130288,110,Standard grant,10,ODA,5,1,Bilateral,0
FI-3-2015-2014140891,110,Standard grant,10,ODA,5,1,Bilateral,0
FI-3-2017-2015150032,110,Standard grant,10,ODA,5,1,Bilateral,0
FI-3-2017-2005050123,110,Standard grant,10,ODA,5,1,Bilateral,0
FI-3-2017-2013130288,110,Standard grant,10,ODA,5,1,Bilateral,0
FI-3-2017-2014140891,110,Standard grant,10,ODA,5,1,Bilateral,0
FI-3-2018-2015150032,110,Standard grant,10,ODA,5,1,Bilateral,0
FI-3-2018-2005050123,110,Standard grant,10,ODA,5,1,Bilateral,0
FI-3-2018-2013130288,110,Standard grant,10,ODA,5,1,Bilateral,0
FI-3-2018-2018180551,110,Standard grant,10,ODA,5,1,Bilateral,0
FI-3-2021-2021001001,110,Standard grant,10,ODA,5,1,Bilateral,0
FI-3-2021-2019190107,110,Standard grant,10,ODA,5,1,Bilateral,0
FI-3-2021-2021005339,110,Standard grant,10,ODA,5,1,Bilateral,0
FI-3-2021-2018180551,110,Standard grant,10,ODA,5,1,Bilateral,0
FI-3-2019-2015150032,110,Standard grant,10,ODA,5,1,Bilateral,0
FI-3-2019-2019190049,110,Standard grant,10,ODA,5,1,Bilateral,0
FI-3-2019-2005050123,110,Standard grant,10,ODA,5,1,Bilateral,0
FI-3-2019-2019190107,110,Standard grant,10,ODA,5,1,Bilateral,0
FI-3-2019-2013130288,110,Standard grant,10,ODA,5,1,Bilateral,0
FI-3-2019-2018180551,110,Standard grant,10,ODA,5,1,Bilateral,0
FI-3-2020-2019190049,110,Standard grant,10,ODA,5,1,Bilateral,0
FI-3-2020-2019190107,110,Standard grant,10,ODA,5,1,Bilateral,0
FI-3-2020-2018180551,110,Standard grant,10,ODA,5,1,Bilateral,0
FI-3-2022-2018180551,110,Standard grant,10,ODA,5,1,Bilateral,0
FI-3-2022-2021210112,110,Standard grant,10,ODA,5,1,Bilateral,0
FI-3-2022-2019190049,110,Standard grant,10,ODA,5,1,Bilateral,0
FI-3-2022-2022220043,110,Standard grant,10,ODA,5,1,Bilateral,0
FI-3-2022-2019190107,110,Standard grant,10,ODA,5,1,Bilateral,0
FI-3-2024-2024240132,110,Standard grant,10,ODA,5,1,Bilateral,0
FI-3-2024-2024240259,110,Standard grant,10,ODA,5,1,Bilateral,0
FI-3-2024-2024240349,110,Standard grant,10,ODA,5,1,Bilateral,0
FI-3-2023-2023230044,110,Standard grant,10,ODA,5,1,Bilateral,0
FI-3-2023-2023230130,110,Standard grant,10,ODA,5,1,Bilateral,0
FI-3-2023-2023230300,110,Standard grant,10,ODA,5,1,Bilateral,0
FI-3-2023-2023230435,110,Standard grant,10,ODA,5,1,Bilateral,0
FI-3-2023-2023230729,110,Standard grant,10,ODA,5,1,Bilateral,0
FI-3-2025-2025250181,110,Standard grant,10,ODA,5,1,Bilateral,0
FI-3-2025-2025250423,110,Standard grant,10,ODA,5,1,Bilateral,0
XM-DAC-5-7-6617541,110,Standard grant,10,ODA,5,1,Bilateral,0
XM-DAC-5-7-6619031,110,Standard grant,10,ODA,5,1,Bilateral,0
XM-DAC-5-7-6618689,110,Standard grant,10,ODA,5,1,Bilateral,0
XM-DAC-5-7-6618709,110,Standard grant,10,ODA,5,1,Bilateral,0
XM-DAC-5-7-6618264,110,Standard grant,10,ODA,5,1,Bilateral,0
XM-DAC-5-7-6618595,110,Standard grant,10,ODA,5,1,Bilateral,0
XM-DAC-5-7-6619010,110,Standard grant,10,ODA,5,1,Bilateral,0
XM-DAC-5-7-6619140,110,Standard grant,10,ODA,5,1,Bilateral,0
XM-DAC-5-7-6619197,110,Standard grant,10,ODA,5,1,Bilateral,0
CA-3-A033033001,110,Standard grant,,,,1,Bilateral,1
CA-3-A033033002,110,Standard grant,,,,1,Bilateral,1
CA-3-A033033004,110,Standard grant,,,,1,Bilateral,1
CA-3-A033640001,110,Standard grant,,,,1,Bilateral,1
CA-3-A034252001,110,Standard grant,,,,1,Bilateral,1
CA-3-A034769001,110,Standard grant,,,,1,Bilateral,1
CA-3-A035261001,110,Standard grant,,,,1,Bilateral,1
CA-3-A035342001,110,Standard grant,,,,1,Bilateral,1
CA-3-A035369002,110,Standard grant,,,,1,Bilateral,1
CA-3-A035369003,110,Standard grant,,,,1,Bilateral,1
CA-3-A035435001,110,Standard grant,,,,1,Bilateral,1
CA-3-D000301001,110,Standard grant,,,,1,Bilateral,1
CA-3-D000327001,110,Standard grant,,,,1,Bilateral,1
CA-3-D000954001,110,Standard grant,,,,1,Bilateral,1
CA-3-A032220001,110,Standard grant,,,,1,Bilateral,1
CA-3-A032230001,110,Standard grant,,,,1,Bilateral,1
CA-3-A034768005,110,Standard grant,,,,1,Bilateral,1
CA-3-A035209001,110,Standard grant,,,,1,Bilateral,1
CA-3-D000259001,110,Standard grant,,,,1,Bilateral,1
CA-3-D001661001,110,Standard grant,,,,1,Bilateral,1
CA-3-P006740001,110,Standard grant,,,,1,Bilateral,1
CA-3-P006740002,110,Standard grant,,,,1,Bilateral,1
CA-3-A033419002,110,Standard grant,,,,1,Bilateral,1
CA-3-A033985001,110,Standard grant,,,,1,Bilateral,1
CA-3-A033999002,110,Standard grant,,,,1,Bilateral,1
CA-3-A034052001,110,Standard grant,,,,1,Bilateral,1
CA-3-A033033007,110,Standard grant,,,,1,Bilateral,1
CA-3-A034379001,110,Standard grant,,,,1,Bilateral,1
CA-3-A034782006,110,Standard grant,,,,1,Bilateral,1
CA-3-A034908002,110,Standard grant,,,,1,Bilateral,1
XM-DAC-50-21-Z03-24-01-22500,110,Standard grant,10,ODA,5,,,0
XI-IATI-IADB-BA-U0001,1100,Guarantees/insurance,20,OOF,5,4,Multilateral outflows,0
XI-IATI-IADB-BA-L1056,421,Standard loan,20,OOF,5,4,Multilateral outflows,0
XI-IATI-IADB-BA-L1061,421,Standard loan,20,OOF,5,4,Multilateral outflows,0
XI-IATI-IADB-BA-L1052,421,Standard loan,20,OOF,5,4,Multilateral outflows,0
XI-IATI-IADB-BA-L1048,421,Standard loan,20,OOF,5,4,Multilateral outflows,0
XI-IATI-IADB-BA-L1050,421,Standard loan,20,OOF,5,4,Multilateral outflows,0
XI-IATI-IADB-BA-L1060,421,Standard loan,20,OOF,5,4,Multilateral outflows,0
XI-IATI-IADB-BA-L1062,421,Standard loan,20,OOF,5,4,Multilateral outflows,0
XI-IATI-IADB-BA-U0002,1100,Guarantees/insurance,20,OOF,5,4,Multilateral outflows,0
XI-IATI-IADB-BO-L1100,421,Standard loan,20,OOF,5,4,Multilateral outflows,0
XI-IATI-IADB-BO-L1200,421,Standard loan,20,OOF,5,4,Multilateral outflows,0
XI-IATI-IADB-BO-L1112,421,Standard loan,20,OOF,5,4,Multilateral outflows,0
XI-IATI-IADB-BO-L1089,421,Standard loan,20,OOF,5,4,Multilateral outflows,0
XI-IATI-IADB-BO-L1107,421,Standard loan,20,OOF,5,4,Multilateral outflows,0
XI-IATI-IADB-BO-L1104,421,Standard loan,20,OOF,5,4,Multilateral outflows,0
XI-IATI-IADB-BO-L1189,421,Standard loan,20,OOF,5,4,Multilateral outflows,0
XI-IATI-IADB-BO-L1183,421,Standard loan,20,OOF,5,4,Multilateral outflows,0
XI-IATI-IADB-BO-L1199,421,Standard loan,20,OOF,5,4,Multilateral outflows,0
XI-IATI-IADB-BH-U0002,1100,Guarantees/insurance,20,OOF,5,4,Multilateral outflows,0
XI-IATI-IADB-BH-L1052,421,Standard loan,20,OOF,5,4,Multilateral outflows,0
XI-IATI-IADB-BH-U0001,1100,Guarantees/insurance,20,OOF,5,4,Multilateral outflows,0
XI-IATI-IADB-BH-L1050,421,Standard loan,20,OOF,5,4,Multilateral outflows,0
XI-IATI-IADB-BH-L1062,421,Standard loan,20,OOF,5,4,Multilateral outflows,0
XI-IATI-IADB-BH-L1056,421,Standard loan,20,OOF,5,4,Multilateral outflows,0
XI-IATI-IADB-AR-L1268,421,Standard loan,20,OOF,5,4,Multilateral outflows,0
XI-IATI-IADB-AR-L1303,421,Standard loan,20,OOF,5,4,Multilateral outflows,0
XI-IATI-IADB-AR-L1404,421,Standard loan,20,OOF,5,4,Multilateral outflows,0
XI-IATI-IADB-AR-L1304,421,Standard loan,20,OOF,5,4,Multilateral outflows,0
XI-IATI-IADB-AR-L1298,421,Standard loan,20,OOF,5,4,Multilateral outflows,0
XI-IATI-IADB-AR-L1370,421,Standard loan,20,OOF,5,4,Multilateral outflows,0
XI-IATI-IADB-AR-L1413,421,Standard loan,20,OOF,5,4,Multilateral outflows,0
XI-IATI-IADB-AR-L1412,421,Standard loan,20,OOF,5,4,Multilateral outflows,0
XI-IATI-IADB-AR-L1351,421,Standard loan,20,OOF,5,4,Multilateral outflows,0
XI-IATI-IADB-AR-L1283,421,Standard loan,20,OOF,5,4,Multilateral outflows,0
XI-IATI-IADB-CH-L1111,421,Standard loan,20,OOF,5,4,Multilateral outflows,0
XI-IATI-IADB-CH-L1157,421,Standard loan,20,OOF,5,4,Multilateral outflows,0
XI-IATI-IADB-CH-L1110,421,Standard loan,20,OOF,5,4,Multilateral outflows,0
XI-IATI-IADB-CH-L1172,421,Standard loan,20,OOF,5,4,Multilateral outflows,0
XI-IATI-IADB-CH-L1148,421,Standard loan,20,OOF,5,4,Multilateral outflows,0
XI-IATI-IADB-CH-L1095,421,Standard loan,20,OOF,5,4,Multilateral outflows,0
XI-IATI-IADB-CH-L1145,421,Standard loan,20,OOF,5,4,Multilateral outflows,0
XI-IATI-IADB-CH-L1160,421,Standard loan,20,OOF,5,4,Multilateral outflows,0
XI-IATI-IADB-CH-L1149,421,Standard loan,20,OOF,5,4,Multilateral outflows,0
XI-IATI-IADB-CH-L1159,421,Standard loan,20,OOF,5,4,Multilateral outflows,0
XI-IATI-IADB-CH-L1136,421,Standard loan,20,OOF,5,4,Multilateral outflows,0
XI-IATI-IADB-CH-L1165,421,Standard loan,20,OOF,5,4,Multilateral outflows,0
XI-IATI-IADB-CH-L1174,421,Standard loan,20,OOF,5,4,Multilateral outflows,0
XI-IATI-IADB-CH-L1135,421,Standard loan,20,OOF,5,4,Multilateral outflows,0
XI-IATI-IADB-CH-L1134,421,Standard loan,20,OOF,5,4,Multilateral outflows,0
XI-IATI-IADB-CH-L1164,421,Standard loan,20,OOF,5,4,Multilateral outflows,0
XI-IATI-IADB-CH-L1179,421,Standard loan,20,OOF,5,4,Multilateral outflows,0
XI-IATI-IADB-CR-L1081,421,Standard loan,20,OOF,5,4,Multilateral outflows,0
XI-IATI-IADB-CR-L1145,421,Standard loan,20,OOF,5,4,Multilateral outflows,0
XI-IATI-IADB-CR-L1142,421,Standard loan,20,OOF,5,4,Multilateral outflows,0
XI-IATI-IADB-CO-L1268,421,Standard loan,20,OOF,5,4,Multilateral outflows,0
XI-IATI-IADB-CO-L1302,421,Standard loan,20,OOF,5,4,Multilateral outflows,0
XI-IATI-IADB-CO-L1142,421,Standard loan,20,OOF,5,4,Multilateral outflows,0
XI-IATI-IADB-CO-L1283,421,Standard loan,20,OOF,5,4,Multilateral outflows,0
XI-IATI-IADB-CO-L1144,421,Standard loan,20,OOF,5,4,Multilateral outflows,0
XI-IATI-IADB-CO-J0014,421,Standard loan,20,OOF,5,4,Multilateral outflows,0
XI-IATI-IADB-CO-L1217,421,Standard loan,20,OOF,5,4,Multilateral outflows,0
XI-IATI-IADB-CO-L1237,421,Standard loan,20,OOF,5,4,Multilateral outflows,0
XI-IATI-IADB-CO-L1274,421,Standard loan,20,OOF,5,4,Multilateral outflows,0
XI-IATI-IADB-CO-L1233,421,Standard loan,20,OOF,5,4,Multilateral outflows,0
XI-IATI-IADB-CO-L1162,421,Standard loan,20,OOF,5,4,Multilateral outflows,0
XI-IATI-IADB-CO-L1252,421,Standard loan,20,OOF,5,4,Multilateral outflows,0
XI-IATI-IADB-CO-L1163,421,Standard loan,20,OOF,5,4,Multilateral outflows,0
XI-IATI-IADB-CO-L1254,421,Standard loan,20,OOF,5,4,Multilateral outflows,0
XI-IATI-IADB-CO-L1141,421,Standard loan,20,OOF,5,4,Multilateral outflows,0
XI-IATI-IADB-CO-L1214,421,Standard loan,20,OOF,5,4,Multilateral outflows,0
XI-IATI-IADB-CO-L1227,421,Standard loan,20,OOF,5,4,Multilateral outflows,0
XI-IATI-IADB-CO-L1272,421,Standard loan,20,OOF,5,4,Multilateral outflows,0
XI-IATI-IADB-CO-L1291,421,Standard loan,20,OOF,5,4,Multilateral outflows,0
XI-IATI-IADB-DR-L1132,421,Standard loan,20,OOF,5,4,Multilateral outflows,0
XI-IATI-IADB-DR-L1146,421,Standard loan,20,OOF,5,4,Multilateral outflows,0
XI-IATI-IADB-DR-L1058,421,Standard loan,20,OOF,5,4,Multilateral outflows,0
XI-IATI-IADB-DR-L1072,421,Standard loan,20,OOF,5,4,Multilateral outflows,0
XI-IATI-IADB-DR-L1121,421,Standard loan,20,OOF,5,4,Multilateral outflows,0
XI-IATI-IADB-DR-L1140,421,Standard loan,20,OOF,5,4,Multilateral outflows,0
XI-IATI-IADB-DR-L1144,421,Standard loan,20,OOF,5,4,Multilateral outflows,0
XI-IATI-IADB-DR-L1162,421,Standard loan,20,OOF,5,4,Multilateral outflows,0
XI-IATI-IADB-DR-L1079,421,Standard loan,20,OOF,5,4,Multilateral outflows,0
XI-IATI-IADB-DR-L1073,421,Standard loan,20,OOF,5,4,Multilateral outflows,0
XI-IATI-IADB-BR-L1385,421,Standard loan,20,OOF,5,4,Multilateral outflows,0
XI-IATI-IADB-BR-L1575,421,Standard loan,20,OOF,5,4,Multilateral outflows,0
XI-IATI-IADB-BR-L1381,421,Standard loan,20,OOF,5,4,Multilateral outflows,0
XI-IATI-IADB-BR-L1375,421,Standard loan,20,OOF,5,4,Multilateral outflows,0
XI-IATI-IADB-BR-L1374,421,Standard loan,20,OOF,5,4,Multilateral outflows,0
XI-IATI-IADB-GU-L1183,421,Standard loan,20,OOF,5,4,Multilateral outflows,0
XI-IATI-IADB-GU-L1085,421,Standard loan,20,OOF,5,4,Multilateral outflows,0
XI-IATI-IADB-GU-L1096,421,Standard loan,20,OOF,5,4,Multilateral outflows,0
XI-IATI-IADB-GY-L1086,421,Standard loan,20,OOF,5,4,Multilateral outflows,0
XI-IATI-IADB-GY-L1067,421,Standard loan,20,OOF,5,4,Multilateral outflows,0
XI-IATI-IADB-GY-L1043,421,Standard loan,20,OOF,5,4,Multilateral outflows,0
XI-IATI-IADB-GY-L1075,421,Standard loan,20,OOF,5,4,Multilateral outflows,0
XI-IATI-IADB-GY-L1089,421,Standard loan,20,OOF,5,4,Multilateral outflows,0
XI-IATI-IADB-GY-L1083,421,Standard loan,20,OOF,5,4,Multilateral outflows,0
XI-IATI-IADB-EC-L1280,421,Standard loan,20,OOF,5,4,Multilateral outflows,0
XI-IATI-IADB-EC-L1265,421,Standard loan,20,OOF,5,4,Multilateral outflows,0
XI-IATI-IADB-EC-L1140,421,Standard loan,20,OOF,5,4,Multilateral outflows,0
XI-IATI-IADB-EC-L1287,421,Standard loan,20,OOF,5,4,Multilateral outflows,0
XI-IATI-IADB-EC-L1293,421,Standard loan,20,OOF,5,4,Multilateral outflows,0
XI-IATI-IADB-EC-U0005,1100,Guarantees/insurance,20,OOF,5,4,Multilateral outflows,0
XI-IATI-IADB-EC-L1277,421,Standard loan,20,OOF,5,4,Multilateral outflows,0
XI-IATI-IADB-EC-L1273,421,Standard loan,20,OOF,5,4,Multilateral outflows,0
XI-IATI-IADB-EC-L1238,421,Standard loan,20,OOF,5,4,Multilateral outflows,0
XI-IATI-IADB-EC-L1301,421,Standard loan,20,OOF,5,4,Multilateral outflows,0
XI-IATI-IADB-EC-L1252,421,Standard loan,20,OOF,5,4,Multilateral outflows,0
XI-IATI-IADB-EC-L1310,421,Standard loan,20,OOF,5,4,Multilateral outflows,0
XI-IATI-IADB-EC-U0007,1100,Guarantees/insurance,20,OOF,5,4,Multilateral outflows,0
XI-IATI-IADB-HO-L1229,421,Standard loan,20,OOF,5,4,Multilateral outflows,0
XI-IATI-IADB-HO-L1207,421,Standard loan,20,OOF,5,4,Multilateral outflows,0
XI-IATI-IADB-HO-L1193,421,Standard loan,20,OOF,5,4,Multilateral outflows,0
XI-IATI-IADB-HO-L1204,421,Standard loan,20,OOF,5,4,Multilateral outflows,0
XI-IATI-IADB-HO-L1103,421,Standard loan,20,OOF,5,4,Multilateral outflows,0
XI-IATI-IADB-HO-L1219,421,Standard loan,20,OOF,5,4,Multilateral outflows,0
XI-IATI-IADB-HO-L1206,421,Standard loan,20,OOF,5,4,Multilateral outflows,0
XI-IATI-IADB-HO-L1198,421,Standard loan,20,OOF,5,4,Multilateral outflows,0
XI-IATI-IADB-HO-L1232,421,Standard loan,20,OOF,5,4,Multilateral outflows,0
XI-IATI-IADB-HO-L1248,421,Standard loan,20,OOF,5,4,Multilateral outflows,0
XI-IATI-IADB-HO-L1182,421,Standard loan,20,OOF,5,4,Multilateral outflows,0
XI-IATI-IADB-HO-L1118,421,Standard loan,20,OOF,5,4,Multilateral outflows,0
XI-IATI-IADB-HO-L1070,421,Standard loan,20,OOF,5,4,Multilateral outflows,0
XI-IATI-IADB-HO-L1189,421,Standard loan,20,OOF,5,4,Multilateral outflows,0
XI-IATI-IADB-JA-L1086,421,Standard loan,20,OOF,5,4,Multilateral outflows,0
XI-IATI-IADB-JA-L1033,421,Standard loan,20,OOF,5,4,Multilateral outflows,0
XI-IATI-IADB-JA-L1058,421,Standard loan,20,OOF,5,4,Multilateral outflows,0
XI-IATI-IADB-JA-L1080,421,Standard loan,20,OOF,5,4,Multilateral outflows,0
XI-IATI-IADB-JA-L1078,421,Standard loan,20,OOF,5,4,Multilateral outflows,0
XI-IATI-IADB-JA-L1014,421,Standard loan,20,OOF,5,4,Multilateral outflows,0
XI-IATI-IADB-JA-L1087,421,Standard loan,20,OOF,5,4,Multilateral outflows,0
XI-IATI-IADB-JA-L1051,421,Standard loan,20,OOF,5,4,Multilateral outflows,0
XI-IATI-IADB-JA-L1055,421,Standard loan,20,OOF,5,4,Multilateral outflows,0
XI-IATI-IADB-JA-L1038,421,Standard loan,20,OOF,5,4,Multilateral outflows,0
XI-IATI-IADB-JA-L1088,421,Standard loan,20,OOF,5,4,Multilateral outflows,0
XI-IATI-IADB-ME-L1144,421,Standard loan,20,OOF,5,4,Multilateral outflows,0
XI-IATI-IADB-ME-L1189,421,Standard loan,20,OOF,5,4,Multilateral outflows,0
XI-IATI-IADB-ME-L1331,421,Standard loan,20,OOF,5,4,Multilateral outflows,0
XI-IATI-IADB-ME-L1264,421,Standard loan,20,OOF,5,4,Multilateral outflows,0
XI-IATI-IADB-ME-L1322,421,Standard loan,20,OOF,5,4,Multilateral outflows,0
XI-IATI-IADB-ME-L1299,421,Standard loan,20,OOF,5,4,Multilateral outflows,0
XI-IATI-IADB-ME-L1332,421,Standard loan,20,OOF,5,4,Multilateral outflows,0
XI-IATI-IADB-ME-L1315,421,Standard loan,20,OOF,5,4,Multilateral outflows,0
XI-IATI-IADB-ME-L1341,421,Standard loan,20,OOF,5,4,Multilateral outflows,0
XI-IATI-IADB-ME-L1289,421,Standard loan,20,OOF,5,4,Multilateral outflows,0
XI-IATI-IADB-ME-L1294,421,Standard loan,20,OOF,5,4,Multilateral outflows,0
XI-IATI-IADB-ME-L1266,421,Standard loan,20,OOF,5,4,Multilateral outflows,0
XI-IATI-IADB-ME-L1276,421,Standard loan,20,OOF,5,4,Multilateral outflows,0
XI-IATI-IADB-ME-L1253,421,Standard loan,20,OOF,5,4,Multilateral outflows,0
XI-IATI-IADB-ME-L1186,421,Standard loan,20,OOF,5,4,Multilateral outflows,0
XI-IATI-IADB-HA-L1099,421,Standard loan,20,OOF,5,4,Multilateral outflows,0
XI-IATI-IADB-HA-L1088,421,Standard loan,20,OOF,5,4,Multilateral outflows,0
XI-IATI-IADB-HA-L1090,421,Standard loan,20,OOF,5,4,Multilateral outflows,0
XI-IATI-IADB-NI-L1096,421,Standard loan,20,OOF,5,4,Multilateral outflows,0
XI-IATI-IADB-NI-L1079,421,Standard loan,20,OOF,5,4,Multilateral outflows,0
XI-IATI-IADB-NI-L1144,421,Standard loan,20,OOF,5,4,Multilateral outflows,0
XI-IATI-IADB-NI-L1089,421,Standard loan,20,OOF,5,4,Multilateral outflows,0
XI-IATI-IADB-PN-L1175,421,Standard loan,20,OOF,5,4,Multilateral outflows,0
XI-IATI-IADB-PN-L1159,421,Standard loan,20,OOF,5,4,Multilateral outflows,0
XI-IATI-IADB-PN-L1181,421,Standard loan,20,OOF,5,4,Multilateral outflows,0
XI-IATI-IADB-PN-L1145,421,Standard loan,20,OOF,5,4,Multilateral outflows,0
XI-IATI-IADB-PN-L1152,421,Standard loan,20,OOF,5,4,Multilateral outflows,0
XI-IATI-IADB-PN-L1167,421,Standard loan,20,OOF,5,4,Multilateral outflows,0
XI-IATI-IADB-PN-L1149,421,Standard loan,20,OOF,5,4,Multilateral outflows,0
XI-IATI-IADB-PN-L1100,421,Standard loan,20,OOF,5,4,Multilateral outflows,0
XI-IATI-IADB-PN-L1119,421,Standard loan,20,OOF,5,4,Multilateral outflows,0
XI-IATI-IADB-PN-L1110,421,Standard loan,20,OOF,5,4,Multilateral outflows,0
XI-IATI-IADB-PN-L1151,421,Standard loan,20,OOF,5,4,Multilateral outflows,0
XI-IATI-IADB-PN-L1193,421,Standard loan,20,OOF,5,4,Multilateral outflows,0
XI-IATI-IADB-PN-L1178,421,Standard loan,20,OOF,5,4,Multilateral outflows,0
XI-IATI-IADB-PN-L1118,421,Standard loan,20,OOF,5,4,Multilateral outflows,0
XI-IATI-IADB-PN-L1103,421,Standard loan,20,OOF,5,4,Multilateral outflows,0
XI-IATI-IADB-PN-L1162,421,Standard loan,20,OOF,5,4,Multilateral outflows,0
XI-IATI-IADB-PN-L1156,421,Standard loan,20,OOF,5,4,Multilateral outflows,0
XI-IATI-IADB-SU-L1065,421,Standard loan,20,OOF,5,4,Multilateral outflows,0
XI-IATI-IADB-SU-L1033,421,Standard loan,20,OOF,5,4,Multilateral outflows,0
XI-IATI-IADB-SU-L1066,421,Standard loan,20,OOF,5,4,Multilateral outflows,0
XI-IATI-IADB-SU-L1043,421,Standard loan,20,OOF,5,4,Multilateral outflows,0
XI-IATI-IADB-SU-L1075,421,Standard loan,20,OOF,5,4,Multilateral outflows,0
XI-IATI-IADB-SU-L1036,421,Standard loan,20,OOF,5,4,Multilateral outflows,0
XI-IATI-IADB-ES-L1093,421,Standard loan,20,OOF,5,4,Multilateral outflows,0
XI-IATI-IADB-ES-L1137,421,Standard loan,20,OOF,5,4,Multilateral outflows,0
XI-IATI-IADB-ES-L1143,421,Standard loan,20,OOF,5,4,Multilateral outflows,0
XI-IATI-IADB-PE-L1267,421,Standard loan,20,OOF,5,4,Multilateral outflows,0
XI-IATI-IADB-PE-L1099,421,Standard loan,20,OOF,5,4,Multilateral outflows,0
XI-IATI-IADB-PE-L1261,421,Standard loan,20,OOF,5,4,Multilateral outflows,0
XI-IATI-IADB-PE-L1276,421,Standard loan,20,OOF,5,4,Multilateral outflows,0
XI-IATI-IADB-PE-L1154,421,Standard loan,20,OOF,5,4,Multilateral outflows,0
XI-IATI-IADB-PE-L1283,421,Standard loan,20,OOF,5,4,Multilateral outflows,0
XI-IATI-IADB-PE-L1244,421,Standard loan,20,OOF,5,4,Multilateral outflows,0
XI-IATI-IADB-PE-L1138,421,Standard loan,20,OOF,5,4,Multilateral outflows,0
XI-IATI-IADB-PE-L1169,421,Standard loan,20,OOF,5,4,Multilateral outflows,0
XI-IATI-IADB-PE-L1303,421,Standard loan,20,OOF,5,4,Multilateral outflows,0
XI-IATI-IADB-PE-L1140,421,Standard loan,20,OOF,5,4,Multilateral outflows,0
XI-IATI-IADB-PE-L1262,421,Standard loan,20,OOF,5,4,Multilateral outflows,0
XI-IATI-IADB-PE-L1223,421,Standard loan,20,OOF,5,4,Multilateral outflows,0
XI-IATI-IADB-PR-L1163,421,Standard loan,20,OOF,5,4,Multilateral outflows,0
XI-IATI-IADB-PR-L1144,421,Standard loan,20,OOF,5,4,Multilateral outflows,0
XI-IATI-IADB-PR-L1161,421,Standard loan,20,OOF,5,4,Multilateral outflows,0
XI-IATI-IADB-PR-L1179,421,Standard loan,20,OOF,5,4,Multilateral outflows,0
XI-IATI-IADB-PR-L1175,421,Standard loan,20,OOF,5,4,Multilateral outflows,0
XI-IATI-IADB-PR-L1151,421,Standard loan,20,OOF,5,4,Multilateral outflows,0
XI-IATI-IADB-PR-L1177,421,Standard loan,20,OOF,5,4,Multilateral outflows,0
XI-IATI-IADB-PR-L1180,421,Standard loan,20,OOF,5,4,Multilateral outflows,0
XI-IATI-IADB-PR-L1101,421,Standard loan,20,OOF,5,4,Multilateral outflows,0
XI-IATI-IADB-PR-L1185,421,Standard loan,20,OOF,5,4,Multilateral outflows,0
XI-IATI-IADB-TT-L1058,421,Standard loan,20,OOF,5,4,Multilateral outflows,0
XI-IATI-IADB-UR-L1170,421,Standard loan,20,OOF,5,4,Multilateral outflows,0
XI-IATI-IADB-UR-L1207,421,Standard loan,20,OOF,5,4,Multilateral outflows,0
XI-IATI-IADB-UR-L1108,421,Standard loan,20,OOF,5,4,Multilateral outflows,0
XI-IATI-IADB-UR-L1076,421,Standard loan,20,OOF,5,4,Multilateral outflows,0
XI-IATI-IADB-UR-L1140,421,Standard loan,20,OOF,5,4,Multilateral outflows,0
XI-IATI-IADB-UR-L1186,421,Standard loan,20,OOF,5,4,Multilateral outflows,0
XI-IATI-IADB-UR-L1106,421,Standard loan,20,OOF,5,4,Multilateral outflows,0
XI-IATI-IADB-UR-L1156,421,Standard loan,20,OOF,5,4,Multilateral outflows,0
XI-IATI-IADB-UR-L1097,421,Standard loan,20,OOF,5,4,Multilateral outflows,0
XI-IATI-IADB-UR-L1175,421,Standard loan,20,OOF,5,4,Multilateral outflows,0
XI-IATI-IADB-UR-L1195,421,Standard loan,20,OOF,5,4,Multilateral outflows,0
XI-IATI-IADB-UR-L1199,421,Standard loan,20,OOF,5,4,Multilateral outflows,0
XM-DAC-50-21-Z03-25-01-21800,110,Standard grant,10,ODA,5,,,0
BJ-IFU-6201100143407-RSG0123375-29295,110,Standard grant,10,ODA,5,,,0
BJ-IFU-4201710182326-RSG0123375-29295A,110,Standard grant,10,ODA,5,,,0
BJ-IFU-4201710182326-RSG0123375-29296,110,Standard grant,10,ODA,5,,,0
BJ-IFU-4201710182326-RSG0123375-29295,110,Standard grant,10,ODA,5,,,0
XM-DAC-46004-54192-001-GRNT0772,110,Standard grant,10,ODA,5,2,Multilateral (inflows),1
XM-DAC-46004-38122-013-LN2215,421,Standard loan,10,ODA,5,2,Multilateral (inflows),1
XM-DAC-46004-37393-032-GRNT0067,110,Standard grant,10,ODA,5,2,Multilateral (inflows),1
XM-DAC-46004-43087-013-LN2529,421,Standard loan,10,ODA,5,2,Multilateral (inflows),1
XM-DAC-46004-43087-023-LN2530,421,Standard loan,10,ODA,5,2,Multilateral (inflows),1
XM-DAC-46004-45230-001-LN2922,421,Standard loan,10,ODA,5,2,Multilateral (inflows),1
XM-DAC-46004-46220-001-LN3155,421,Standard loan,10,ODA,5,2,Multilateral (inflows),1
XM-DAC-46004-46220-006-LN3453,421,Standard loan,21,Non-export credit OOF,5,2,Multilateral (inflows),1
XM-DAC-46004-51060-002-LN3584,421,Standard loan,21,Non-export credit OOF,5,2,Multilateral (inflows),1
XM-DAC-46004-51060-003-LN3735,421,Standard loan,21,Non-export credit OOF,5,2,Multilateral (inflows),1
XM-DAC-46004-53248-001-LN3859,421,Standard loan,21,Non-export credit OOF,5,2,Multilateral (inflows),1
XM-DAC-46004-51129-002-LN3860,421,Standard loan,21,Non-export credit OOF,5,2,Multilateral (inflows),1
XM-DAC-46004-55103-001-LN4250,421,Standard loan,21,Non-export credit OOF,5,2,Multilateral (inflows),1
XM-DAC-46004-55103-002-LN4518,421,Standard loan,21,Non-export credit OOF,5,2,Multilateral (inflows),1
XM-DAC-46004-58475-001-LN4760,421,Standard loan,21,Non-export credit OOF,5,2,Multilateral (inflows),1
XM-DAC-46004-50145-001-LN3486,421,Standard loan,21,Non-export credit OOF,5,2,Multilateral (inflows),1
XM-DAC-46004-48386-004-LN3614,421,Standard loan,21,Non-export credit OOF,5,2,Multilateral (inflows),1
XM-DAC-46004-51059-001-LN3616,421,Standard loan,21,Non-export credit OOF,5,2,Multilateral (inflows),1
XM-DAC-46004-51059-002-LN3868,421,Standard loan,21,Non-export credit OOF,5,2,Multilateral (inflows),1
XM-DAC-46004-55073-001-LN4082,421,Standard loan,21,Non-export credit OOF,5,2,Multilateral (inflows),1
XM-DAC-46004-42503-013-LN2565,421,Standard loan,21,Non-export credit OOF,5,2,Multilateral (inflows),1
XM-DAC-46004-42503-023-LN2946,421,Standard loan,21,Non-export credit OOF,5,2,Multilateral (inflows),1
XM-DAC-46004-50212-001-LN3479,421,Standard loan,21,Non-export credit OOF,5,2,Multilateral (inflows),1
XM-DAC-46004-50212-003-LN3933,421,Standard loan,21,Non-export credit OOF,5,2,Multilateral (inflows),1
XM-DAC-46004-54289-001-LN4010,421,Standard loan,21,Non-export credit OOF,5,2,Multilateral (inflows),1
XM-DAC-46004-55014-001-LN4161,421,Standard loan,21,Non-export credit OOF,5,2,Multilateral (inflows),1
XM-DAC-46004-55014-001-LN4162,421,Standard loan,21,Non-export credit OOF,5,2,Multilateral (inflows),1
XM-DAC-46004-56138-002-LN4459,421,Standard loan,10,ODA,5,2,Multilateral (inflows),1
XM-DAC-46004-57084-001-LN4563,421,Standard loan,10,ODA,5,2,Multilateral (inflows),1
XM-DAC-46004-46371-002-GRNT0431,110,Standard grant,10,ODA,5,2,Multilateral (inflows),1
XM-DAC-46004-37164-023-LN2279,421,Standard loan,10,ODA,5,2,Multilateral (inflows),1
XM-DAC-46004-45260-001-LN2955,421,Standard loan,10,ODA,5,2,Multilateral (inflows),1
XM-DAC-46004-46371-001-LN2994,421,Standard loan,10,ODA,5,2,Multilateral (inflows),1
XM-DAC-46004-46371-002-LN3258,421,Standard loan,10,ODA,5,2,Multilateral (inflows),1
XM-DAC-46004-51141-002-GRNT0615,110,Standard grant,10,ODA,5,2,Multilateral (inflows),1
XM-DAC-46004-51252-003-LN3863,421,Standard loan,10,ODA,5,2,Multilateral (inflows),1
XM-DAC-46004-54183-001-LN3914,421,Standard loan,10,ODA,5,2,Multilateral (inflows),1
XM-DAC-46004-51252-004-LN3992,421,Standard loan,10,ODA,5,2,Multilateral (inflows),1
XM-DAC-46004-51252-005-LN4130,421,Standard loan,10,ODA,5,2,Multilateral (inflows),1
XM-DAC-46004-56010-001-LN4229,421,Standard loan,10,ODA,5,2,Multilateral (inflows),1
XM-DAC-46004-56010-002-LN4453,421,Standard loan,10,ODA,5,2,Multilateral (inflows),1
XM-DAC-46004-59151-001-GRNT1094,110,Standard grant,10,ODA,5,2,Multilateral (inflows),1
XM-DAC-46004-59151-001-LN4722,421,Standard loan,10,ODA,5,2,Multilateral (inflows),1
XM-DAC-46004-58522-001-GRNT1030,110,Standard grant,10,ODA,5,2,Multilateral (inflows),1
XM-DAC-46004-58522-001-LN4752,421,Standard loan,10,ODA,5,2,Multilateral (inflows),1
XM-DAC-46004-48490-002-LN3667,421,Standard loan,21,Non-export credit OOF,5,2,Multilateral (inflows),1
XM-DAC-46004-48490-003-LN3812,421,Standard loan,21,Non-export credit OOF,5,2,Multilateral (inflows),1
XM-DAC-46004-48490-004-LN3952,421,Standard loan,21,Non-export credit OOF,5,2,Multilateral (inflows),1
XM-DAC-46004-55116-001-LN4194,421,Standard loan,21,Non-export credit OOF,5,2,Multilateral (inflows),1
XM-DAC-46004-55116-001-LN4193,421,Standard loan,10,ODA,5,2,Multilateral (inflows),1
XM-DAC-46004-57264-001-LN4471,421,Standard loan,10,ODA,5,2,Multilateral (inflows),1
XM-DAC-46004-50028-002-GRNT0669,110,Standard grant,10,ODA,5,2,Multilateral (inflows),1
XM-DAC-46004-54309-001-GRNT0751,110,Standard grant,10,ODA,5,2,Multilateral (inflows),1
XM-DAC-46004-50028-003-GRNT0756,110,Standard grant,10,ODA,5,2,Multilateral (inflows),1
XM-DAC-46004-56138-002-GRNT0950,110,Standard grant,10,ODA,5,2,Multilateral (inflows),1
XM-DAC-46004-42529-013-LN2531,421,Standard loan,10,ODA,5,2,Multilateral (inflows),1
XM-DAC-46004-42529-023-LN2532,421,Standard loan,10,ODA,5,2,Multilateral (inflows),1
XM-DAC-46004-43496-013-LN2664,421,Standard loan,21,Non-export credit OOF,5,2,Multilateral (inflows),1
XM-DAC-46004-48044-001-LN3190,421,Standard loan,21,Non-export credit OOF,5,2,Multilateral (inflows),1
XM-DAC-46004-48044-001-LN3191,421,Standard loan,10,ODA,5,2,Multilateral (inflows),1
XM-DAC-46004-48044-004-LN3282,421,Standard loan,21,Non-export credit OOF,5,2,Multilateral (inflows),1
XM-DAC-46004-48044-004-LN3283,421,Standard loan,10,ODA,5,2,Multilateral (inflows),1
XM-DAC-46004-48044-005-LN3417,421,Standard loan,21,Non-export credit OOF,5,2,Multilateral (inflows),1
XM-DAC-46004-48044-005-LN3418,421,Standard loan,10,ODA,5,2,Multilateral (inflows),1
XM-DAC-46004-54191-001-LN3929,421,Standard loan,21,Non-export credit OOF,5,2,Multilateral (inflows),1
XM-DAC-46004-51132-002-LN3985,421,Standard loan,21,Non-export credit OOF,5,2,Multilateral (inflows),1
XM-DAC-46004-54271-001-LN3993,421,Standard loan,21,Non-export credit OOF,5,2,Multilateral (inflows),1
XM-DAC-46004-52339-001-LN4033,421,Standard loan,21,Non-export credit OOF,5,2,Multilateral (inflows),1
XM-DAC-46004-49006-003-LN4112,421,Standard loan,21,Non-export credit OOF,5,2,Multilateral (inflows),1
XM-DAC-46004-54271-002-LN4246,421,Standard loan,21,Non-export credit OOF,5,2,Multilateral (inflows),1
XM-DAC-46004-54014-001-LN4378,421,Standard loan,21,Non-export credit OOF,5,2,Multilateral (inflows),1
XM-DAC-46004-56069-001-LN4444,421,Standard loan,21,Non-export credit OOF,5,2,Multilateral (inflows),1
XM-DAC-46004-52339-003-LN4547,421,Standard loan,21,Non-export credit OOF,5,2,Multilateral (inflows),1
XM-DAC-46004-37307-013-LN2267,421,Standard loan,10,ODA,5,2,Multilateral (inflows),1
XM-DAC-46004-36107-023-LN2334,421,Standard loan,10,ODA,5,2,Multilateral (inflows),1
XM-DAC-46004-37017-013-LN2362,421,Standard loan,10,ODA,5,2,Multilateral (inflows),1
XM-DAC-46004-39405-013-LN2383,421,Standard loan,10,ODA,5,2,Multilateral (inflows),1
XM-DAC-46004-39305-013-LN2554,421,Standard loan,10,ODA,5,2,Multilateral (inflows),1
XM-DAC-46004-43157-013-LN2566,421,Standard loan,10,ODA,5,2,Multilateral (inflows),1
XM-DAC-46004-43157-013-LN2567,421,Standard loan,10,ODA,5,2,Multilateral (inflows),1
XM-DAC-46004-43157-013-LN2568,421,Standard loan,21,Non-export credit OOF,5,2,Multilateral (inflows),1
XM-DAC-46004-43157-013-LN2569,421,Standard loan,21,Non-export credit OOF,5,2,Multilateral (inflows),1
XM-DAC-46004-43477-013-LN2951,421,Standard loan,21,Non-export credit OOF,5,2,Multilateral (inflows),1
XM-DAC-46004-43477-013-LN2952,421,Standard loan,10,ODA,5,2,Multilateral (inflows),1
XM-DAC-46004-43477-013-LN2953,421,Standard loan,10,ODA,5,2,Multilateral (inflows),1
XM-DAC-46004-45260-001-LN2954,421,Standard loan,10,ODA,5,2,Multilateral (inflows),1
XM-DAC-46004-45253-002-LN3318,421,Standard loan,21,Non-export credit OOF,5,2,Multilateral (inflows),1
XM-DAC-46004-45253-002-LN3319,421,Standard loan,10,ODA,5,2,Multilateral (inflows),1
XM-DAC-46004-54180-001-LN3920,421,Standard loan,21,Non-export credit OOF,5,2,Multilateral (inflows),1
XM-DAC-46004-54180-001-LN3919,421,Standard loan,10,ODA,5,2,Multilateral (inflows),1
XM-DAC-46004-53260-001-LN4177,421,Standard loan,10,ODA,5,2,Multilateral (inflows),1
XM-DAC-46004-55041-001-LN4076,421,Standard loan,21,Non-export credit OOF,5,2,Multilateral (inflows),1
XM-DAC-46004-55041-003-LN4187,421,Standard loan,21,Non-export credit OOF,5,2,Multilateral (inflows),1
XM-DAC-46004-54307-001-LN4115,421,Standard loan,21,Non-export credit OOF,5,2,Multilateral (inflows),1
XM-DAC-46004-54307-002-LN4319,421,Standard loan,21,Non-export credit OOF,5,2,Multilateral (inflows),1
XM-DAC-46004-56253-001-LN4423,421,Standard loan,10,ODA,5,2,Multilateral (inflows),1
XM-DAC-46004-57194-001-LN4451,421,Standard loan,10,ODA,5,2,Multilateral (inflows),1
XM-DAC-46004-58020-001-LN4571,421,Standard loan,21,Non-export credit OOF,5,2,Multilateral (inflows),1
XM-DAC-46004-56253-004-LN4606,421,Standard loan,10,ODA,5,2,Multilateral (inflows),1
XM-DAC-46004-58446-001-LN4605,421,Standard loan,21,Non-export credit OOF,5,2,Multilateral (inflows),1
XM-DAC-46004-57194-002-LN4774,421,Standard loan,10,ODA,5,2,Multilateral (inflows),1
XM-DAC-46004-58020-002-LN4780,421,Standard loan,21,Non-export credit OOF,5,2,Multilateral (inflows),1
XM-DAC-46004-58020-002-LN4781,421,Standard loan,10,ODA,5,2,Multilateral (inflows),1
XM-DAC-46004-40009-023-LN2263,421,Standard loan,21,Non-export credit OOF,5,2,Multilateral (inflows),1
XM-DAC-46004-40003-013-LN2361,421,Standard loan,21,Non-export credit OOF,5,2,Multilateral (inflows),1
XM-DAC-46004-32507-013-LN2379,421,Standard loan,21,Non-export credit OOF,5,2,Multilateral (inflows),1
XM-DAC-46004-40272-013-LN2394,421,Standard loan,21,Non-export credit OOF,5,2,Multilateral (inflows),1
XM-DAC-46004-40009-033-LN2475,421,Standard loan,21,Non-export credit OOF,5,2,Multilateral (inflows),1
XM-DAC-46004-38264-013-LN2478,421,Standard loan,21,Non-export credit OOF,5,2,Multilateral (inflows),1
XM-DAC-46004-40273-013-LN2488,421,Standard loan,21,Non-export credit OOF,5,2,Multilateral (inflows),1
XM-DAC-46004-43009-013-LN2521,421,Standard loan,21,Non-export credit OOF,5,2,Multilateral (inflows),1
XM-DAC-46004-32507-023-LN2577,421,Standard loan,21,Non-export credit OOF,5,2,Multilateral (inflows),1
XM-DAC-46004-43092-013-LN2595,421,Standard loan,21,Non-export credit OOF,5,2,Multilateral (inflows),1
XM-DAC-46004-40009-043-LN2708,421,Standard loan,21,Non-export credit OOF,5,2,Multilateral (inflows),1
XM-DAC-46004-43211-013-LN2723,421,Standard loan,21,Non-export credit OOF,5,2,Multilateral (inflows),1
XM-DAC-46004-46239-001-LN2871,421,Standard loan,21,Non-export credit OOF,5,2,Multilateral (inflows),1
XM-DAC-46004-44252-013-LN2895,421,Standard loan,21,Non-export credit OOF,5,2,Multilateral (inflows),1
XM-DAC-46004-46093-001-LN2942,421,Standard loan,21,Non-export credit OOF,5,2,Multilateral (inflows),1
XM-DAC-46004-46093-004-LN3068,421,Standard loan,21,Non-export credit OOF,5,2,Multilateral (inflows),1
XM-DAC-46004-48134-001-LN3164,421,Standard loan,21,Non-export credit OOF,5,2,Multilateral (inflows),1
XM-DAC-46004-48207-001-LN3274,421,Standard loan,21,Non-export credit OOF,5,2,Multilateral (inflows),1
XM-DAC-46004-49043-001-LN3303,421,Standard loan,21,Non-export credit OOF,5,2,Multilateral (inflows),1
XM-DAC-46004-48134-006-LN3402,421,Standard loan,21,Non-export credit OOF,5,2,Multilateral (inflows),1
XM-DAC-46004-50168-001-LN3454,421,Standard loan,21,Non-export credit OOF,5,2,Multilateral (inflows),1
XM-DAC-46004-48207-002-LN3541,421,Standard loan,21,Non-export credit OOF,5,2,Multilateral (inflows),1
XM-DAC-46004-49043-002-LN3561,421,Standard loan,21,Non-export credit OOF,5,2,Multilateral (inflows),1
XM-DAC-46004-50168-002-LN3671,421,Standard loan,21,Non-export credit OOF,5,2,Multilateral (inflows),1
XM-DAC-46004-48134-007-LN3670,421,Standard loan,21,Non-export credit OOF,5,2,Multilateral (inflows),1
XM-DAC-46004-48207-004-LN3779,421,Standard loan,21,Non-export credit OOF,5,2,Multilateral (inflows),1
XM-DAC-46004-50168-003-LN3842,421,Standard loan,21,Non-export credit OOF,5,2,Multilateral (inflows),1
XM-DAC-46004-54139-001-LN3905,421,Standard loan,21,Non-export credit OOF,5,2,Multilateral (inflows),1
XM-DAC-46004-54139-001-LN3906,421,Standard loan,21,Non-export credit OOF,5,2,Multilateral (inflows),1
XM-DAC-46004-54117-001-LN3971,421,Standard loan,21,Non-export credit OOF,5,2,Multilateral (inflows),1
XM-DAC-46004-52218-001-LN4038,421,Standard loan,21,Non-export credit OOF,5,2,Multilateral (inflows),1
XM-DAC-46004-53211-001-LN4137,421,Standard loan,21,Non-export credit OOF,5,2,Multilateral (inflows),1
XM-DAC-46004-54461-001-LN4144,421,Standard loan,21,Non-export credit OOF,5,2,Multilateral (inflows),1
XM-DAC-46004-49043-003-LN4256,421,Standard loan,21,Non-export credit OOF,5,2,Multilateral (inflows),1
XM-DAC-46004-52218-002-LN4249,421,Standard loan,21,Non-export credit OOF,5,2,Multilateral (inflows),1
XM-DAC-46004-55235-001-LN4251,421,Standard loan,21,Non-export credit OOF,5,2,Multilateral (inflows),1
XM-DAC-46004-53211-002-LN4350,421,Standard loan,21,Non-export credit OOF,5,2,Multilateral (inflows),1
XM-DAC-46004-54461-002-LN4377,421,Standard loan,21,Non-export credit OOF,5,2,Multilateral (inflows),1
XM-DAC-46004-57018-001-LN4449,421,Standard loan,21,Non-export credit OOF,5,2,Multilateral (inflows),1
XM-DAC-46004-56368-001-LN4487,421,Standard loan,21,Non-export credit OOF,5,2,Multilateral (inflows),1
XM-DAC-46004-58165-001-LN4557,421,Standard loan,21,Non-export credit OOF,5,2,Multilateral (inflows),1
XM-DAC-46004-56257-001-LN4617,421,Standard loan,21,Non-export credit OOF,5,2,Multilateral (inflows),1
XM-DAC-46004-53211-003-LN4659,421,Standard loan,21,Non-export credit OOF,5,2,Multilateral (inflows),1
XM-DAC-46004-54461-003-LN4723,421,Standard loan,21,Non-export credit OOF,5,2,Multilateral (inflows),1
XM-DAC-46004-56140-001-GRNT1064,110,Standard grant,30,Private Development Finance,5,2,Multilateral (inflows),1
XM-DAC-46004-53211-003-LN4659-JICA,421,Standard loan,10,ODA,5,2,Multilateral (inflows),1
XM-DAC-46004-53211-003-LN4659-KfW,421,Standard loan,10,ODA,5,2,Multilateral (inflows),1
XM-DAC-46004-41544-084-GRNT0393,110,Standard grant,10,ODA,5,2,Multilateral (inflows),1
XM-DAC-46004-46537-002-GRNT0407,110,Standard grant,10,ODA,5,2,Multilateral (inflows),1
XM-DAC-46004-41544-088-GRNT0432,110,Standard grant,10,ODA,5,2,Multilateral (inflows),1
XM-DAC-46004-41544-089-GRNT0487,110,Standard grant,10,ODA,5,2,Multilateral (inflows),1
XM-DAC-46004-50024-002-GRNT0552,110,Standard grant,10,ODA,5,2,Multilateral (inflows),1
XM-DAC-46004-41544-091-GRNT0563,110,Standard grant,10,ODA,5,2,Multilateral (inflows),1
XM-DAC-46004-34172-013-LN2224,421,Standard loan,10,ODA,5,2,Multilateral (inflows),1
XM-DAC-46004-41544-089-LN3410,421,Standard loan,10,ODA,5,2,Multilateral (inflows),1
XM-DAC-46004-54169-001-GRNT0699,110,Standard grant,10,ODA,5,2,Multilateral (inflows),1
XM-DAC-46004-54169-001-LN3913,421,Standard loan,10,ODA,5,2,Multilateral (inflows),1
XM-DAC-46004-52225-003-GRNT0800,110,Standard grant,10,ODA,5,2,Multilateral (inflows),1
XM-DAC-46004-52225-003-LN4114,421,Standard loan,10,ODA,5,2,Multilateral (inflows),1
XM-DAC-46004-52225-001-GRNT0657,110,Standard grant,10,ODA,5,2,Multilateral (inflows),1
XM-DAC-46004-52225-004-LN4221,421,Standard loan,10,ODA,5,2,Multilateral (inflows),1
XM-DAC-46004-52225-004-GRNT0853,110,Standard grant,10,ODA,5,2,Multilateral (inflows),1
XM-DAC-46004-56150-001-GRNT0860,110,Standard grant,10,ODA,5,2,Multilateral (inflows),1
XM-DAC-46004-56150-001-LN4241,421,Standard loan,10,ODA,5,2,Multilateral (inflows),1
XM-DAC-46004-52337-001-GRNT0852,110,Standard grant,10,ODA,5,2,Multilateral (inflows),1
XM-DAC-46004-57193-001-GRNT0954,110,Standard grant,10,ODA,5,2,Multilateral (inflows),1
XM-DAC-46004-57193-001-LN4462,421,Standard loan,10,ODA,5,2,Multilateral (inflows),1
XM-DAC-46004-58326-001-GRNT1044,110,Standard grant,10,ODA,5,2,Multilateral (inflows),1
XM-DAC-46004-58326-001-LN4651,421,Standard loan,10,ODA,5,2,Multilateral (inflows),1
XM-DAC-46004-59154-001-GRNT1067,110,Standard grant,10,ODA,5,2,Multilateral (inflows),1
XM-DAC-46004-49232-001-LN3356,421,Standard loan,21,Non-export credit OOF,5,2,Multilateral (inflows),1
XM-DAC-46004-52230-001-LN3988,421,Standard loan,21,Non-export credit OOF,5,2,Multilateral (inflows),1
XM-DAC-46004-53059-001-LN4220,421,Standard loan,21,Non-export credit OOF,5,2,Multilateral (inflows),1
XM-DAC-46004-47314-001-GRNT0416,110,Standard grant,10,ODA,5,2,Multilateral (inflows),1
XM-DAC-46004-47322-001-GRNT0560,110,Standard grant,10,ODA,5,2,Multilateral (inflows),1
XM-DAC-46004-47322-002-GRNT0633,110,Standard grant,10,ODA,5,2,Multilateral (inflows),1
XM-DAC-46004-50028-003-GRNT0758,110,Standard grant,10,ODA,5,2,Multilateral (inflows),1
XM-DAC-46004-56138-001-GRNT0882,110,Standard grant,10,ODA,5,2,Multilateral (inflows),1
XM-DAC-46004-56284-001-GRNT0914,110,Standard grant,10,ODA,5,2,Multilateral (inflows),1
XM-DAC-46004-56284-002-GRNT1081,110,Standard grant,10,ODA,5,2,Multilateral (inflows),1
XM-DAC-46004-43330-013-LN2543,421,Standard loan,21,Non-export credit OOF,5,2,Multilateral (inflows),1
XM-DAC-46004-49083-001-LN3272,421,Standard loan,21,Non-export credit OOF,5,2,Multilateral (inflows),1
XM-DAC-46004-54188-001-LN3940,421,Standard loan,21,Non-export credit OOF,5,2,Multilateral (inflows),1
XM-DAC-46004-54188-001-LN3941,421,Standard loan,21,Non-export credit OOF,5,2,Multilateral (inflows),1
XM-DAC-46004-55039-001-LN4405,421,Standard loan,21,Non-export credit OOF,5,2,Multilateral (inflows),1
XM-DAC-46004-33357-013-LN2252,421,Standard loan,10,ODA,5,2,Multilateral (inflows),1
XM-DAC-46004-32312-013-LN2306,421,Standard loan,10,ODA,5,2,Multilateral (inflows),1
XM-DAC-46004-40368-022-LN2777,421,Standard loan,10,ODA,5,2,Multilateral (inflows),1
XM-DAC-46004-44057-012-LN2791,421,Standard loan,10,ODA,5,2,Multilateral (inflows),1
XM-DAC-46004-46059-001-LN2905,421,Standard loan,10,ODA,5,2,Multilateral (inflows),1
XM-DAC-46004-44057-013-LN3036,421,Standard loan,10,ODA,5,2,Multilateral (inflows),1
XM-DAC-46004-46059-002-LN3205,421,Standard loan,10,ODA,5,2,Multilateral (inflows),1
XM-DAC-46004-47137-003-LN3279,421,Standard loan,10,ODA,5,2,Multilateral (inflows),1
XM-DAC-46004-47137-006-GRNT0572,110,Standard grant,10,ODA,5,2,Multilateral (inflows),1
XM-DAC-46004-52146-001-LN3825,421,Standard loan,10,ODA,5,2,Multilateral (inflows),1
XM-DAC-46004-50399-003-LN3821,421,Standard loan,10,ODA,5,2,Multilateral (inflows),1
XM-DAC-21-1-2014B1MOZBSUP-MOZBUDSUP,,,,,,1,Bilateral,2
XM-DAC-21-1-2015000211B1TANGBIPTANGBS,,,,,,1,Bilateral,2
XM-DAC-21-1-2015000108B1MOZBSUPMOZBUDSUP,,,,,,1,Bilateral,2
BJ-IFU-6200901851300-RSG0123375-29295,110,Standard grant,10,ODA,5,,,0
BJ-IFU-6201100034408-RSG0123375-29295,110,Standard grant,10,ODA,5,,,0
XM-DAC-701-8-201903815,421,Standard loan,10,ODA,5,1,Bilateral,1
XM-DAC-701-8-202210984,421,Standard loan,10,ODA,5,1,Bilateral,1
XM-DAC-701-8-202210509,421,Standard loan,10,ODA,5,1,Bilateral,1
XM-DAC-701-8-202208006,421,Standard loan,10,ODA,5,1,Bilateral,1
XM-DAC-701-8-202311927,421,Standard loan,10,ODA,5,1,Bilateral,1
XM-DAC-701-8-202209514,421,Standard loan,10,ODA,5,1,Bilateral,1
XM-DAC-701-8-202207950,421,Standard loan,10,ODA,5,1,Bilateral,1
XM-DAC-701-8-201905005,421,Standard loan,10,ODA,5,1,Bilateral,1
XM-DAC-701-8-202004739,421,Standard loan,10,ODA,5,1,Bilateral,1
XM-DAC-701-8-202108578,421,Standard loan,10,ODA,5,1,Bilateral,1
XM-DAC-701-8-202109599,421,Standard loan,10,ODA,5,1,Bilateral,1
XM-DAC-701-8-202311965,421,Standard loan,10,ODA,5,1,Bilateral,1
XM-DAC-701-8-202209138,421,Standard loan,10,ODA,5,1,Bilateral,1
XM-DAC-701-8-202209815,421,Standard loan,10,ODA,5,1,Bilateral,1
XM-DAC-701-8-202312660,421,Standard loan,10,ODA,5,1,Bilateral,1
XM-DAC-701-8-202208027,421,Standard loan,10,ODA,5,1,Bilateral,1
XM-DAC-701-8-202111010,421,Standard loan,10,ODA,5,1,Bilateral,1
XM-DAC-701-8-202313856,421,Standard loan,10,ODA,5,1,Bilateral,1
XM-DAC-701-8-202412128,421,Standard loan,10,ODA,5,1,Bilateral,1
XM-DAC-701-8-202312773,421,Standard loan,10,ODA,5,1,Bilateral,1
XM-DAC-701-8-202516249,421,Standard loan,10,ODA,5,1,Bilateral,1
XM-DAC-701-8-202413783,421,Standard loan,10,ODA,5,1,Bilateral,1
XM-DAC-701-8-202314504,421,Standard loan,10,ODA,5,1,Bilateral,1
XM-DAC-701-8-202210428,421,Standard loan,10,ODA,5,1,Bilateral,1
XM-DAC-701-8-202311979,421,Standard loan,10,ODA,5,1,Bilateral,1
XM-DAC-701-8-202412097,421,Standard loan,10,ODA,5,1,Bilateral,1
XM-DAC-701-8-202515176,421,Standard loan,10,ODA,5,1,Bilateral,1
XM-DAC-701-8-202615286,421,Standard loan,10,ODA,5,1,Bilateral,1
XM-DAC-701-8-202515233,421,Standard loan,10,ODA,5,1,Bilateral,1
BJ-IFU-6201101182902-RSG0123375-29295,110,Standard grant,10,ODA,5,,,0
XM-OCHAS-HPC6770-3209,,,,,,,,1
XM-OCHAS-HPC6770-3812,,,,,,,,1
BJ-IFU-6200901944805-RSG0123375-29295,110,Standard grant,10,ODA,5,,,0
XM-OCHAS-HPC6770-2370,,,,,,,,1
XM-OCHAS-HPC6770-2371,,,,,,,,1
XM-OCHAS-HPC6770-2372,,,,,,,,1
XM-OCHAS-HPC6770-2385,,,,,,,,1
XM-OCHAS-HPC6770-2398,,,,,,,,1
XM-OCHAS-HPC6770-2399,,,,,,,,1
XM-OCHAS-HPC6770-2397,,,,,,,,1
XM-OCHAS-HPC6770-2401,,,,,,,,1
XM-OCHAS-HPC6770-2402,,,,,,,,1
XM-OCHAS-HPC6770-2403,,,,,,,,1
XM-OCHAS-HPC6770-2405,,,,,,,,1
XM-OCHAS-HPC6770-2404,,,,,,,,1
XM-OCHAS-HPC6770-2406,,,,,,,,1
XM-OCHAS-HPC6770-2407,,,,,,,,1
XM-OCHAS-HPC6770-2408,,,,,,,,1
XM-OCHAS-HPC6770-2409,,,,,,,,1
XM-OCHAS-HPC6770-2373,,,,,,,,1
XM-OCHAS-HPC6770-2374,,,,,,,,1
XM-OCHAS-HPC6770-2378,,,,,,,,1
XM-OCHAS-HPC6770-2379,,,,,,,,1
XM-OCHAS-HPC6770-2377,,,,,,,,1
XM-OCHAS-HPC6770-2375,,,,,,,,1
XM-OCHAS-HPC6770-2380,,,,,,,,1
XM-OCHAS-HPC6770-2400,,,,,,,,1
XM-OCHAS-HPC6770-2386,,,,,,,,1
XM-OCHAS-HPC6770-2381,,,,,,,,1
XM-OCHAS-HPC6770-2382,,,,,,,,1
XM-OCHAS-HPC6770-2383,,,,,,,,1
XM-OCHAS-HPC6770-2384,,,,,,,,1
XM-OCHAS-HPC6770-2387,,,,,,,,1
XM-OCHAS-HPC6770-2389,,,,,,,,1
XM-OCHAS-HPC6770-2390,,,,,,,,1
XM-OCHAS-HPC6770-2391,,,,,,,,1
XM-OCHAS-HPC6770-2392,,,,,,,,1
XM-OCHAS-HPC6770-2393,,,,,,,,1
XM-OCHAS-HPC6770-2394,,,,,,,,1
XM-OCHAS-HPC6770-3206,,,,,,,,1
XM-OCHAS-HPC6770-2376,,,,,,,,1
XM-OCHAS-HPC6770-2778,,,,,,,,1
XM-OCHAS-HPC6770-2690,,,,,,,,1
XM-OCHAS-HPC6770-2691,,,,,,,,1
XM-OCHAS-HPC6770-2695,,,,,,,,1
XM-OCHAS-HPC6770-2733,,,,,,,,1
XM-OCHAS-HPC6770-1258,,,,,,,,1
XM-OCHAS-HPC6770-1518,,,,,,,,1
XM-OCHAS-HPC6770-1605,,,,,,,,1
XM-OCHAS-HPC6770-1311,,,,,,,,1
XM-OCHAS-HPC6770-1606,,,,,,,,1
XM-OCHAS-HPC6770-1609,,,,,,,,1
XM-OCHAS-HPC6770-1610,,,,,,,,1
XM-OCHAS-HPC6770-3662,,,,,,,,1
XM-OCHAS-HPC6770-1612,,,,,,,,1
XM-OCHAS-HPC6770-1613,,,,,,,,1
XM-OCHAS-HPC6770-1614,,,,,,,,1
XM-OCHAS-HPC6770-1641,,,,,,,,1
XM-OCHAS-HPC6770-1642,,,,,,,,1
XM-OCHAS-HPC6770-1789,,,,,,,,1
XM-OCHAS-HPC6770-2174,,,,,,,,1
XM-OCHAS-HPC6770-2176,,,,,,,,1
XM-OCHAS-HPC6770-2186,,,,,,,,1
XM-OCHAS-HPC6770-2188,,,,,,,,1
XM-OCHAS-HPC6770-3198,,,,,,,,1
NZ-1-ACT-0100512,110,Standard grant,10,ODA,5,1,Bilateral,1
NZ-1-ACT-0100637,110,Standard grant,10,ODA,5,1,Bilateral,1
NZ-1-ACT-0101084,110,Standard grant,10,ODA,5,1,Bilateral,1
NZ-1-ACT-0101236,110,Standard grant,10,ODA,5,1,Bilateral,1
NZ-1-ACT-0101776,110,Standard grant,10,ODA,5,1,Bilateral,1
NZ-1-ACT-0102671,110,Standard grant,10,ODA,5,1,Bilateral,1
NZ-1-ACT-0102932,110,Standard grant,10,ODA,5,1,Bilateral,1
NZ-1-ACT-0103398,110,Standard grant,10,ODA,5,1,Bilateral,1
NZ-1-ACT-0103562,110,Standard grant,10,ODA,5,1,Bilateral,1
NZ-1-ACT-0A11138,110,Standard grant,10,ODA,5,1,Bilateral,1
NZ-1-ACT-0A11524,110,Standard grant,10,ODA,5,1,Bilateral,1
NZ-1-ACT-0A11596,110,Standard grant,10,ODA,5,1,Bilateral,1
NZ-1-ACT-0A12283,110,Standard grant,10,ODA,3,1,Bilateral,1
NZ-1-ACT-0A12645,110,Standard grant,10,ODA,5,1,Bilateral,1
NZ-1-ACT-0R10965,110,Standard grant,10,ODA,5,1,Bilateral,1
NZ-1-ACT-0100378,110,Standard grant,10,ODA,5,1,Bilateral,1
NZ-1-ACT-0101351,110,Standard grant,10,ODA,5,1,Bilateral,1
NZ-1-ACT-0101567,110,Standard grant,10,ODA,5,1,Bilateral,1
NZ-1-ACT-0101775,110,Standard grant,10,ODA,5,1,Bilateral,1
NZ-1-ACT-0103305,110,Standard grant,10,ODA,5,1,Bilateral,1
NZ-1-ACT-0103509,110,Standard grant,10,ODA,5,1,Bilateral,1
NZ-1-ACT-0103537,110,Standard grant,10,ODA,5,1,Bilateral,1
NZ-1-ACT-0104800,110,Standard grant,10,ODA,5,1,Bilateral,1
NZ-1-ACT-0105177,110,Standard grant,10,ODA,4,1,Bilateral,1
NZ-1-ACT-0A12759,110,Standard grant,10,ODA,5,1,Bilateral,1
NZ-1-ACT-0100023,110,Standard grant,10,ODA,5,1,Bilateral,1
NZ-1-ACT-0101117,110,Standard grant,10,ODA,5,1,Bilateral,1
NZ-1-ACT-0101323,110,Standard grant,10,ODA,5,1,Bilateral,1
NZ-1-ACT-0101736,110,Standard grant,10,ODA,5,1,Bilateral,1
NZ-1-ACT-0101774,110,Standard grant,10,ODA,5,1,Bilateral,1
NZ-1-ACT-0101827,110,Standard grant,10,ODA,5,1,Bilateral,1
NZ-1-ACT-0102089,110,Standard grant,10,ODA,5,1,Bilateral,1
NZ-1-ACT-0102252,110,Standard grant,10,ODA,5,1,Bilateral,1
NZ-1-ACT-0102518,110,Standard grant,10,ODA,5,1,Bilateral,1
NZ-1-ACT-0102885,110,Standard grant,10,ODA,5,1,Bilateral,1
NZ-1-ACT-0A11817,110,Standard grant,10,ODA,5,1,Bilateral,1
NZ-1-ACT-0A12592,110,Standard grant,10,ODA,5,1,Bilateral,1
NZ-1-ACT-0100092,110,Standard grant,10,ODA,5,1,Bilateral,1
NZ-1-ACT-0100220,110,Standard grant,10,ODA,,1,Bilateral,1
NZ-1-ACT-0100432,110,Standard grant,10,ODA,5,1,Bilateral,1
NZ-1-ACT-0100448,110,Standard grant,10,ODA,5,1,Bilateral,1
NZ-1-ACT-0101779,110,Standard grant,10,ODA,5,1,Bilateral,1
NZ-1-ACT-0102028,110,Standard grant,10,ODA,5,1,Bilateral,1
NZ-1-ACT-0A11142,110,Standard grant,10,ODA,5,1,Bilateral,1
NZ-1-ACT-0A12438,110,Standard grant,10,ODA,5,1,Bilateral,1
NZ-1-ACT-0102044,110,Standard grant,10,ODA,5,1,Bilateral,1
NZ-1-ACT-0102575,110,Standard grant,10,ODA,5,1,Bilateral,1
NZ-1-ACT-0104876,110,Standard grant,10,ODA,5,1,Bilateral,1
NZ-1-ACT-0100022,110,Standard grant,10,ODA,5,1,Bilateral,1
NZ-1-ACT-0100039,110,Standard grant,10,ODA,5,1,Bilateral,1
NZ-1-ACT-0100787,110,Standard grant,10,ODA,5,1,Bilateral,1
NZ-1-ACT-0101219,110,Standard grant,10,ODA,5,1,Bilateral,1
NZ-1-ACT-0101221,110,Standard grant,10,ODA,5,1,Bilateral,1
NZ-1-ACT-0101780,110,Standard grant,10,ODA,5,1,Bilateral,1
NZ-1-ACT-0101785,110,Standard grant,10,ODA,5,1,Bilateral,1
NZ-1-ACT-0102670,110,Standard grant,10,ODA,5,1,Bilateral,1
NZ-1-ACT-0102857,110,Standard grant,10,ODA,5,1,Bilateral,1
NZ-1-ACT-0103265,110,Standard grant,10,ODA,5,1,Bilateral,1
NZ-1-ACT-0103477,110,Standard grant,10,ODA,5,1,Bilateral,1
NZ-1-ACT-0103491,110,Standard grant,10,ODA,5,1,Bilateral,1
NZ-1-ACT-0104285,110,Standard grant,10,ODA,5,1,Bilateral,1
NZ-1-ACT-0104703,110,Standard grant,10,ODA,5,1,Bilateral,1
NZ-1-ACT-0104720,110,Standard grant,10,ODA,5,1,Bilateral,1
NZ-1-ACT-0105157,110,Standard grant,10,ODA,5,1,Bilateral,1
NZ-1-ACT-0A10772,110,Standard grant,10,ODA,5,1,Bilateral,1
NZ-1-ACT-0A10927,110,Standard grant,10,ODA,5,1,Bilateral,1
NZ-1-ACT-0A10991,110,Standard grant,10,ODA,5,1,Bilateral,1
NZ-1-ACT-0A11588,110,Standard grant,10,ODA,5,1,Bilateral,1
NZ-1-ACT-0A11639,110,Standard grant,10,ODA,5,1,Bilateral,1
NZ-1-ACT-0A11836,110,Standard grant,10,ODA,5,1,Bilateral,1
NZ-1-ACT-0A11971,110,Standard grant,10,ODA,5,1,Bilateral,1
NZ-1-ACT-0A12296,110,Standard grant,10,ODA,5,1,Bilateral,1
NZ-1-ACT-0A12554,110,Standard grant,10,ODA,5,1,Bilateral,1
NZ-1-ACT-0A12555,110,Standard grant,10,ODA,5,1,Bilateral,1
NZ-1-ACT-0A12575,110,Standard grant,10,ODA,5,1,Bilateral,1
NZ-1-ACT-0A12607,110,Standard grant,10,ODA,5,1,Bilateral,1
NZ-1-ACT-0S12070,110,Standard grant,10,ODA,5,1,Bilateral,1
NZ-1-ACT-0S12081,110,Standard grant,10,ODA,5,1,Bilateral,1
NZ-1-ACT-0S12197,110,Standard grant,10,ODA,5,1,Bilateral,1
NZ-1-ACT-0A12254,110,Standard grant,10,ODA,5,1,Bilateral,1
NZ-1-ACT-0A10592,110,Standard grant,10,ODA,5,1,Bilateral,1
NZ-1-ACT-0A10983,110,Standard grant,10,ODA,5,1,Bilateral,1
NZ-1-ACT-0A11603,110,Standard grant,10,ODA,5,1,Bilateral,1
NZ-1-ACT-0A11670,110,Standard grant,10,ODA,5,1,Bilateral,1
NZ-1-ACT-0A11941,110,Standard grant,10,ODA,5,1,Bilateral,1
NZ-1-ACT-0A12128,110,Standard grant,10,ODA,5,1,Bilateral,1
NZ-1-ACT-0100238,110,Standard grant,10,ODA,5,1,Bilateral,1
NZ-1-ACT-0100272,110,Standard grant,10,ODA,5,1,Bilateral,1
NZ-1-ACT-0100385,110,Standard grant,10,ODA,5,1,Bilateral,1
NZ-1-ACT-0100487,110,Standard grant,10,ODA,5,1,Bilateral,1
NZ-1-ACT-0100986,110,Standard grant,10,ODA,5,1,Bilateral,1
NZ-1-ACT-0101781,110,Standard grant,10,ODA,5,1,Bilateral,1
NZ-1-ACT-0102702,110,Standard grant,10,ODA,5,1,Bilateral,1
NZ-1-ACT-0102778,110,Standard grant,10,ODA,5,1,Bilateral,1
NZ-1-ACT-0103194,110,Standard grant,10,ODA,5,1,Bilateral,1
NZ-1-ACT-0103329,110,Standard grant,10,ODA,5,1,Bilateral,1
NZ-1-ACT-0103399,110,Standard grant,10,ODA,5,1,Bilateral,1
NZ-1-ACT-0104327,110,Standard grant,10,ODA,5,1,Bilateral,1
NZ-1-ACT-0104505,110,Standard grant,10,ODA,5,1,Bilateral,1
NZ-1-ACT-0105129,110,Standard grant,10,ODA,5,1,Bilateral,1
NZ-1-ACT-0A00526,110,Standard grant,10,ODA,5,1,Bilateral,1
NZ-1-ACT-0A11059,110,Standard grant,10,ODA,5,1,Bilateral,1
NZ-1-ACT-0A11337,110,Standard grant,10,ODA,5,1,Bilateral,1
NZ-1-ACT-0A11470,110,Standard grant,10,ODA,5,1,Bilateral,1
NZ-1-ACT-0A11839,110,Standard grant,10,ODA,5,1,Bilateral,1
NZ-1-ACT-0101650,110,Standard grant,10,ODA,5,1,Bilateral,1
NZ-1-ACT-0101654,110,Standard grant,10,ODA,5,1,Bilateral,1
NZ-1-ACT-0101778,110,Standard grant,10,ODA,5,1,Bilateral,1
NZ-1-ACT-0102484,110,Standard grant,10,ODA,5,1,Bilateral,1
NZ-1-ACT-0100067,110,Standard grant,10,ODA,5,1,Bilateral,1
NZ-1-ACT-0100310,110,Standard grant,10,ODA,5,1,Bilateral,1
NZ-1-ACT-0100483,110,Standard grant,10,ODA,5,1,Bilateral,1
NZ-1-ACT-0100484,110,Standard grant,10,ODA,5,1,Bilateral,1
NZ-1-ACT-0101771,110,Standard grant,10,ODA,5,1,Bilateral,1
NZ-1-ACT-0102087,110,Standard grant,10,ODA,5,1,Bilateral,1
NZ-1-ACT-0102556,110,Standard grant,10,ODA,5,1,Bilateral,1
NZ-1-ACT-0103461,110,Standard grant,10,ODA,5,1,Bilateral,1
NZ-1-ACT-0103520,110,Standard grant,10,ODA,5,1,Bilateral,1
NZ-1-ACT-0103825,110,Standard grant,10,ODA,5,1,Bilateral,1
NZ-1-ACT-0104283,110,Standard grant,10,ODA,5,1,Bilateral,1
NZ-1-ACT-0104284,110,Standard grant,10,ODA,5,1,Bilateral,1
NZ-1-ACT-0104560,110,Standard grant,10,ODA,5,1,Bilateral,1
NZ-1-ACT-0A11555,110,Standard grant,10,ODA,5,1,Bilateral,1
NZ-1-ACT-0A11834,110,Standard grant,10,ODA,5,1,Bilateral,1
NZ-1-ACT-0A12049,110,Standard grant,10,ODA,5,1,Bilateral,1
NZ-1-ACT-0A12359,110,Standard grant,10,ODA,5,1,Bilateral,1
NZ-1-ACT-0A12639,110,Standard grant,10,ODA,5,1,Bilateral,1
NZ-1-ACT-0A12678,110,Standard grant,10,ODA,5,1,Bilateral,1
NZ-1-ACT-0100546,110,Standard grant,10,ODA,5,1,Bilateral,1
NZ-1-ACT-0101071,110,Standard grant,10,ODA,5,1,Bilateral,1
NZ-1-ACT-0101773,110,Standard grant,10,ODA,5,1,Bilateral,1
NZ-1-ACT-0102435,110,Standard grant,10,ODA,5,1,Bilateral,1
NZ-1-ACT-0102727,110,Standard grant,10,ODA,5,1,Bilateral,1
NZ-1-ACT-0102806,110,Standard grant,10,ODA,5,1,Bilateral,1
NZ-1-ACT-0103689,110,Standard grant,10,ODA,5,1,Bilateral,1
NZ-1-ACT-0103910,110,Standard grant,10,ODA,5,1,Bilateral,1
NZ-1-ACT-0104218,110,Standard grant,10,ODA,5,1,Bilateral,1
NZ-1-ACT-0104329,110,Standard grant,10,ODA,5,1,Bilateral,1
NZ-1-ACT-0A00446,110,Standard grant,10,ODA,5,1,Bilateral,1
NZ-1-ACT-0A12335,110,Standard grant,10,ODA,3,1,Bilateral,1
NZ-1-ACT-0A12771,110,Standard grant,10,ODA,5,1,Bilateral,1
GB-GOV-28-MHRA-GAMRIF,110,Standard grant,10,ODA,5,,,1
NZ-1-ACT-0100239,110,Standard grant,10,ODA,5,1,Bilateral,1
NZ-1-ACT-0101175,110,Standard grant,10,ODA,3,1,Bilateral,1
NZ-1-ACT-0101777,110,Standard grant,10,ODA,5,1,Bilateral,1
NZ-1-ACT-0101786,110,Standard grant,10,ODA,5,1,Bilateral,1
NZ-1-ACT-0101853,110,Standard grant,10,ODA,5,1,Bilateral,1
NZ-1-ACT-0102283,110,Standard grant,10,ODA,5,1,Bilateral,1
NZ-1-ACT-0104124,110,Standard grant,10,ODA,3,1,Bilateral,1
NZ-1-ACT-0104126,110,Standard grant,10,ODA,5,1,Bilateral,1
NZ-1-ACT-0A10372,110,Standard grant,10,ODA,5,1,Bilateral,1
NZ-1-ACT-0A11439,110,Standard grant,10,ODA,5,1,Bilateral,1
NZ-1-ACT-0A11913,110,Standard grant,10,ODA,5,1,Bilateral,1
NZ-1-ACT-0A12061,110,Standard grant,10,ODA,5,1,Bilateral,1
NZ-1-ACT-0F12261,110,Standard grant,10,ODA,3,1,Bilateral,1
NZ-1-ACT-0100252,110,Standard grant,10,ODA,5,1,Bilateral,1
NZ-1-ACT-0100978,110,Standard grant,10,ODA,5,1,Bilateral,1
NZ-1-ACT-0101038,110,Standard grant,10,ODA,5,1,Bilateral,1
NZ-1-ACT-0101435,110,Standard grant,10,ODA,5,1,Bilateral,1
NZ-1-ACT-0101772,110,Standard grant,10,ODA,5,1,Bilateral,1
NZ-1-ACT-0102464,110,Standard grant,10,ODA,5,1,Bilateral,1
NZ-1-ACT-0102733,110,Standard grant,10,ODA,5,1,Bilateral,1
NZ-1-ACT-0103028,110,Standard grant,10,ODA,5,1,Bilateral,1
NZ-1-ACT-0103397,110,Standard grant,10,ODA,5,1,Bilateral,1
NZ-1-ACT-0103441,110,Standard grant,10,ODA,5,1,Bilateral,1
NZ-1-ACT-0103755,110,Standard grant,10,ODA,5,1,Bilateral,1
NZ-1-ACT-0104008,110,Standard grant,10,ODA,5,1,Bilateral,1
NZ-1-ACT-0104120,110,Standard grant,10,ODA,5,1,Bilateral,1
NZ-1-ACT-0105057,110,Standard grant,10,ODA,5,1,Bilateral,1
NZ-1-ACT-0A11594,110,Standard grant,10,ODA,5,1,Bilateral,1
NZ-1-ACT-0A12560,110,Standard grant,10,ODA,5,1,Bilateral,1
NZ-1-ACT-0100035,110,Standard grant,10,ODA,5,1,Bilateral,1
NZ-1-ACT-0101770,110,Standard grant,10,ODA,5,1,Bilateral,1
NZ-1-ACT-0101794,110,Standard grant,10,ODA,5,1,Bilateral,1
NZ-1-ACT-0102481,110,Standard grant,10,ODA,5,1,Bilateral,1
NZ-1-ACT-0103908,110,Standard grant,10,ODA,5,1,Bilateral,1
NZ-1-ACT-0104449,110,Standard grant,10,ODA,5,1,Bilateral,1
NZ-1-ACT-0A10201,110,Standard grant,10,ODA,5,1,Bilateral,1
NL-1-PPR-26891,110,Standard grant,10,ODA,5,1,Bilateral,1
GB-GOR-PB57-6,2,ODA % GNI,10,ODA,3,1,Bilateral,1
GB-GOR-PB57-4,2,ODA % GNI,10,ODA,3,1,Bilateral,1
GB-GOR-PB57-5,2,ODA % GNI,10,ODA,3,1,Bilateral,1
GB-GOR-PB57-7,2,ODA % GNI,10,ODA,3,1,Bilateral,1
GB-GOR-PB57-8,2,ODA % GNI,10,ODA,3,1,Bilateral,1
GB-GOR-PB57-9,2,ODA % GNI,10,ODA,3,1,Bilateral,1
GB-GOR-PB57-Ghana,2,ODA % GNI,10,ODA,3,1,Bilateral,1
XM-DAC-46004-34389-013-LN2378,421,Standard loan,10,ODA,5,2,Multilateral (inflows),1
XM-DAC-46004-34389-023-LN2479,421,Standard loan,10,ODA,5,2,Multilateral (inflows),1
XM-DAC-46004-38421-013-LN2480,421,Standard loan,10,ODA,5,2,Multilateral (inflows),1
XM-DAC-46004-34389-033-LN2585,421,Standard loan,10,ODA,5,2,Multilateral (inflows),1
XM-DAC-46004-38558-013-LN2673,421,Standard loan,10,ODA,5,2,Multilateral (inflows),1
XM-DAC-46004-41373-013-LN2674,421,Standard loan,10,ODA,5,2,Multilateral (inflows),1
XM-DAC-46004-38421-023-LN2675,421,Standard loan,10,ODA,5,2,Multilateral (inflows),1
XM-DAC-46004-34389-043-LN2706,421,Standard loan,10,ODA,5,2,Multilateral (inflows),1
XM-DAC-46004-42305-013-LN2815,421,Standard loan,10,ODA,5,2,Multilateral (inflows),1
XM-DAC-46004-41392-013-LN2886,421,Standard loan,10,ODA,5,2,Multilateral (inflows),1
XM-DAC-46004-43260-013-LN2888,421,Standard loan,10,ODA,5,2,Multilateral (inflows),1
XM-DAC-46004-38421-072-LN2904,421,Standard loan,10,ODA,5,2,Multilateral (inflows),1
XM-DAC-46004-42305-023-LN3002,421,Standard loan,10,ODA,5,2,Multilateral (inflows),1
XM-DAC-46004-44321-013-LN3006,421,Standard loan,10,ODA,5,2,Multilateral (inflows),1
XM-DAC-46004-46064-002-LN3166,421,Standard loan,10,ODA,5,2,Multilateral (inflows),1
XM-DAC-46004-42305-033-LN3185,421,Standard loan,10,ODA,5,2,Multilateral (inflows),1
XM-DAC-46004-41392-023-LN3415,421,Standard loan,10,ODA,5,2,Multilateral (inflows),1
XM-DAC-46004-47136-003-LN3426,421,Standard loan,10,ODA,5,2,Multilateral (inflows),1
XM-DAC-46004-49041-002-LN3428,421,Standard loan,10,ODA,5,2,Multilateral (inflows),1
XM-DAC-46004-44263-013-LN3460,421,Standard loan,10,ODA,5,2,Multilateral (inflows),1
XM-DAC-46004-47136-006-LN3719,421,Standard loan,10,ODA,5,2,Multilateral (inflows),1
XM-DAC-46004-50101-002-LN3832,421,Standard loan,10,ODA,5,2,Multilateral (inflows),1
XM-DAC-46004-44263-015-LN3831,421,Standard loan,10,ODA,5,2,Multilateral (inflows),1
XM-DAC-46004-54195-001-LN3951,421,Standard loan,10,ODA,5,2,Multilateral (inflows),1
XM-DAC-46004-52145-001-LN3969,421,Standard loan,10,ODA,5,2,Multilateral (inflows),1
XM-DAC-46004-44263-016-LN4128,421,Standard loan,10,ODA,5,2,Multilateral (inflows),1
XM-DAC-46004-54430-001-LN4285,421,Standard loan,10,ODA,5,2,Multilateral (inflows),1
XM-DAC-46004-55255-001-LN4267,421,Standard loan,10,ODA,5,2,Multilateral (inflows),1
XM-DAC-46004-55360-001-LN4331,421,Standard loan,10,ODA,5,2,Multilateral (inflows),1
XM-DAC-46004-52145-002-LN4330,421,Standard loan,10,ODA,5,2,Multilateral (inflows),1
XM-DAC-46004-49041-004-LN4391,421,Standard loan,10,ODA,5,2,Multilateral (inflows),1
XM-DAC-46004-55220-001-LN4477,421,Standard loan,10,ODA,5,2,Multilateral (inflows),1
XM-DAC-46004-55255-003-LN4549,421,Standard loan,10,ODA,5,2,Multilateral (inflows),1
XM-DAC-46004-58452-001-LN4622,421,Standard loan,10,ODA,5,2,Multilateral (inflows),1
XM-DAC-46004-54430-002-LN4654,421,Standard loan,10,ODA,5,2,Multilateral (inflows),1
XM-DAC-46004-58538-001-LN4693,421,Standard loan,10,ODA,5,2,Multilateral (inflows),1
XM-DAC-46004-43321-013-LN2659,421,Standard loan,10,ODA,5,2,Multilateral (inflows),1
XM-DAC-46004-43321-023-LN2950,421,Standard loan,10,ODA,5,2,Multilateral (inflows),1
XM-DAC-46004-50028-002-GRNT0666,110,Standard grant,10,ODA,5,2,Multilateral (inflows),1
XM-DAC-46004-50028-003-GRNT0761,110,Standard grant,10,ODA,5,2,Multilateral (inflows),1
XM-DAC-46004-54358-001-GRNT0766,110,Standard grant,10,ODA,5,2,Multilateral (inflows),1
XM-DAC-46004-56138-002-GRNT0951,110,Standard grant,10,ODA,5,2,Multilateral (inflows),1
XM-DAC-46004-46372-001-LN2984,421,Standard loan,10,ODA,5,2,Multilateral (inflows),1
XM-DAC-46004-54255-001-LN3960,421,Standard loan,10,ODA,5,2,Multilateral (inflows),1
XM-DAC-46004-39658-013-LN2597,421,Standard loan,10,ODA,5,2,Multilateral (inflows),1
KR-GOV-021-12ED00015,410,Aid loan excluding debt reorganisation,10,ODA,,1,Bilateral,1
KR-GOV-021-13ED00017,410,Aid loan excluding debt reorganisation,10,ODA,,1,Bilateral,1
KR-GOV-021-14ED00021,410,Aid loan excluding debt reorganisation,10,ODA,,1,Bilateral,1
XM-DAC-46004-54189-001-LN3942,421,Standard loan,10,ODA,5,2,Multilateral (inflows),1
XM-DAC-46004-54189-001-GRNT0710,110,Standard grant,10,ODA,5,2,Multilateral (inflows),1
KR-GOV-021-18ED00038,410,Aid loan excluding debt reorganisation,10,ODA,,1,Bilateral,1
KR-GOV-021-19ED00043,410,Aid loan excluding debt reorganisation,10,ODA,,1,Bilateral,1
KR-GOV-021-20ED00021,410,Aid loan excluding debt reorganisation,10,ODA,,1,Bilateral,1
KR-GOV-021-20ED00023,410,Aid loan excluding debt reorganisation,10,ODA,,1,Bilateral,1
KR-GOV-021-20ED00026,410,Aid loan excluding debt reorganisation,10,ODA,,1,Bilateral,1
KR-GOV-021-20ED00029,410,Aid loan excluding debt reorganisation,10,ODA,,1,Bilateral,1
XM-DAC-46004-55003-001-GRNT0898,110,Standard grant,10,ODA,5,2,Multilateral (inflows),1
KR-GOV-021-20ED00032,410,Aid loan excluding debt reorganisation,10,ODA,,1,Bilateral,1
KR-GOV-021-20ED00033,410,Aid loan excluding debt reorganisation,10,ODA,,1,Bilateral,1
KR-GOV-021-20ED00045,410,Aid loan excluding debt reorganisation,10,ODA,,1,Bilateral,1
KR-GOV-021-21ED00001,410,Aid loan excluding debt reorganisation,10,ODA,,1,Bilateral,1
KR-GOV-021-21ED00012,410,Aid loan excluding debt reorganisation,10,ODA,,1,Bilateral,1
KR-GOV-021-21ED00015,410,Aid loan excluding debt reorganisation,10,ODA,,1,Bilateral,1
KR-GOV-021-21ED00017,410,Aid loan excluding debt reorganisation,10,ODA,,1,Bilateral,1
KR-GOV-021-21ED00020,410,Aid loan excluding debt reorganisation,10,ODA,,1,Bilateral,1
KR-GOV-021-21ED00028,410,Aid loan excluding debt reorganisation,10,ODA,,1,Bilateral,1
KR-GOV-021-21ED00037,410,Aid loan excluding debt reorganisation,10,ODA,,1,Bilateral,1
KR-GOV-021-22ED00001,410,Aid loan excluding debt reorganisation,10,ODA,,1,Bilateral,1
KR-GOV-021-23ED00011,410,Aid loan excluding debt reorganisation,10,ODA,,1,Bilateral,1
KR-GOV-021-23ED00043,410,Aid loan excluding debt reorganisation,10,ODA,,1,Bilateral,1
KR-GOV-021-24ED00011,410,Aid loan excluding debt reorganisation,10,ODA,,1,Bilateral,1
KR-GOV-021-24ED00020,410,Aid loan excluding debt reorganisation,10,ODA,,1,Bilateral,1
KR-GOV-021-24ED00021,410,Aid loan excluding debt reorganisation,10,ODA,,1,Bilateral,1
KR-GOV-021-24ED00027,410,Aid loan excluding debt reorganisation,10,ODA,,1,Bilateral,1
KR-GOV-021-24ED00043,410,Aid loan excluding debt reorganisation,10,ODA,,1,Bilateral,1
KR-GOV-021-24ED00044,410,Aid loan excluding debt reorganisation,10,ODA,,1,Bilateral,1
XM-DAC-46004-36343-013-LN2281,421,Standard loan,21,Non-export credit OOF,5,2,Multilateral (inflows),1
XM-DAC-46004-36308-023-LN2442,421,Standard loan,21,Non-export credit OOF,5,2,Multilateral (inflows),1
XM-DAC-46004-42151-013-LN2452,421,Standard loan,21,Non-export credit OOF,5,2,Multilateral (inflows),1
XM-DAC-46004-41607-013-LN2536,421,Standard loan,21,Non-export credit OOF,5,2,Multilateral (inflows),1
XM-DAC-46004-44453-014-LN2926,421,Standard loan,21,Non-export credit OOF,5,2,Multilateral (inflows),1
XM-DAC-46004-42267-026-LN3182,421,Standard loan,21,Non-export credit OOF,5,2,Multilateral (inflows),1
XM-DAC-46004-45288-002-LN3187,421,Standard loan,21,Non-export credit OOF,5,2,Multilateral (inflows),1
XM-DAC-46004-48434-005-LN3424,421,Standard loan,21,Non-export credit OOF,5,2,Multilateral (inflows),1
XM-DAC-46004-49209-001-LN3563,421,Standard loan,21,Non-export credit OOF,5,2,Multilateral (inflows),1
XM-DAC-46004-54182-001-LN3915,421,Standard loan,21,Non-export credit OOF,5,2,Multilateral (inflows),1
XM-DAC-46004-54182-001-LN3916,421,Standard loan,21,Non-export credit OOF,5,2,Multilateral (inflows),1
XM-DAC-46004-54001-001-LN4004,421,Standard loan,21,Non-export credit OOF,5,2,Multilateral (inflows),1
XM-DAC-46004-54465-001-LN4138,421,Standard loan,21,Non-export credit OOF,5,2,Multilateral (inflows),1
XM-DAC-46004-55054-001-LN4158,421,Standard loan,21,Non-export credit OOF,5,2,Multilateral (inflows),1
XM-DAC-46004-55154-001-LN4275,421,Standard loan,21,Non-export credit OOF,5,2,Multilateral (inflows),1
XM-DAC-46004-55054-002-LN4362,421,Standard loan,21,Non-export credit OOF,5,2,Multilateral (inflows),1
XM-DAC-46004-55080-001-LN4401,421,Standard loan,21,Non-export credit OOF,5,2,Multilateral (inflows),1
XM-DAC-46004-54465-002-LN4421,421,Standard loan,21,Non-export credit OOF,5,2,Multilateral (inflows),1
XM-DAC-46004-55145-001-LN4452,421,Standard loan,21,Non-export credit OOF,5,2,Multilateral (inflows),1
XM-DAC-46004-56343-001-LN4393,421,Standard loan,21,Non-export credit OOF,5,2,Multilateral (inflows),1
XM-DAC-46004-55154-003-LN4559,421,Standard loan,21,Non-export credit OOF,5,2,Multilateral (inflows),1
XM-DAC-46004-59288-001-LN4703,421,Standard loan,21,Non-export credit OOF,5,2,Multilateral (inflows),1
XM-DAC-46004-45032-001-GRNT0300,110,Standard grant,10,ODA,5,2,Multilateral (inflows),1
XM-DAC-46004-48478-001-GRNT0473,110,Standard grant,10,ODA,5,2,Multilateral (inflows),1
XM-DAC-46004-52073-001-GRNT0703,110,Standard grant,10,ODA,5,2,Multilateral (inflows),1
XM-DAC-46004-55017-001-GRNT0946,110,Standard grant,10,ODA,5,2,Multilateral (inflows),1
XM-DAC-46004-34135-013-LN2218,421,Standard loan,10,ODA,5,2,Multilateral (inflows),1
XM-DAC-46004-43096-013-LN2523,421,Standard loan,10,ODA,5,2,Multilateral (inflows),1
XM-DAC-46004-49210-001-LN3297,421,Standard loan,21,Non-export credit OOF,5,2,Multilateral (inflows),1
XM-DAC-46004-50302-001-LN3532,421,Standard loan,21,Non-export credit OOF,5,2,Multilateral (inflows),1
XM-DAC-46004-51054-001-LN3533,421,Standard loan,21,Non-export credit OOF,5,2,Multilateral (inflows),1
XM-DAC-46004-51199-001-LN3648,421,Standard loan,21,Non-export credit OOF,5,2,Multilateral (inflows),1
XM-DAC-46004-53028-001-LN3880,421,Standard loan,21,Non-export credit OOF,5,2,Multilateral (inflows),1
XM-DAC-46004-54174-001-LN3922,421,Standard loan,21,Non-export credit OOF,5,2,Multilateral (inflows),1
XM-DAC-46004-54228-001-LN4056,421,Standard loan,21,Non-export credit OOF,5,2,Multilateral (inflows),1
XM-DAC-46004-56144-001-LN4202,421,Standard loan,21,Non-export credit OOF,5,2,Multilateral (inflows),1
XM-DAC-46004-55209-003-LN4356,421,Standard loan,21,Non-export credit OOF,5,2,Multilateral (inflows),1
XM-DAC-46004-56270-001-LN4538,421,Standard loan,21,Non-export credit OOF,5,2,Multilateral (inflows),1
XM-DAC-46004-56270-001-LN4539,421,Standard loan,10,ODA,5,2,Multilateral (inflows),1
XM-DAC-46004-49365-002-LN3446,421,Standard loan,21,Non-export credit OOF,5,2,Multilateral (inflows),1
XM-DAC-46004-57035-001-LN4315,421,Standard loan,21,Non-export credit OOF,5,2,Multilateral (inflows),1
XM-DAC-46004-56285-001-LN4422,421,Standard loan,10,ODA,5,2,Multilateral (inflows),1
XM-DAC-46004-56332-001-LN4464,421,Standard loan,10,ODA,5,2,Multilateral (inflows),1
XM-DAC-46004-56281-001-LN4479,421,Standard loan,10,ODA,5,2,Multilateral (inflows),1
XM-DAC-46004-58208-001-LN4543,421,Standard loan,10,ODA,5,2,Multilateral (inflows),1
XM-DAC-46004-57227-001-LN4669,421,Standard loan,10,ODA,5,2,Multilateral (inflows),1
XM-DAC-46004-58023-001-LN4679,421,Standard loan,10,ODA,5,2,Multilateral (inflows),1
XM-DAC-46004-59038-001-LN4675,421,Standard loan,10,ODA,5,2,Multilateral (inflows),1
XM-DAC-46004-56332-002-LN4709,421,Standard loan,21,Non-export credit OOF,5,2,Multilateral (inflows),1
XM-DAC-46004-35174-082-GRNT0272,110,Standard grant,10,ODA,5,2,Multilateral (inflows),1
XM-DAC-46004-36172-063-GRNT0305,110,Standard grant,10,ODA,5,2,Multilateral (inflows),1
XM-DAC-46004-45260-001-GRNT0322,110,Standard grant,10,ODA,5,2,Multilateral (inflows),1
XM-DAC-46004-36169-013-LN2268,421,Standard loan,10,ODA,5,2,Multilateral (inflows),1
XM-DAC-46004-35174-013-LN2277,421,Standard loan,10,ODA,5,2,Multilateral (inflows),1
XM-DAC-46004-35174-023-LN2551,421,Standard loan,10,ODA,5,2,Multilateral (inflows),1
XM-DAC-46004-36169-023-LN2641,421,Standard loan,10,ODA,5,2,Multilateral (inflows),1
XM-DAC-46004-50254-001-LN3546,421,Standard loan,10,ODA,5,2,Multilateral (inflows),1
XM-DAC-46004-48218-010-LN3847,421,Standard loan,10,ODA,5,2,Multilateral (inflows),1
XM-DAC-46004-54184-001-LN3926,421,Standard loan,10,ODA,5,2,Multilateral (inflows),1
XM-DAC-46004-38349-029-LN3948,421,Standard loan,10,ODA,5,2,Multilateral (inflows),1
XM-DAC-46004-54402-001-LN4323,421,Standard loan,10,ODA,5,2,Multilateral (inflows),1
XM-DAC-46004-55002-001-LN4349,421,Standard loan,10,ODA,5,2,Multilateral (inflows),1
XM-DAC-46004-57337-001-LN4535,421,Standard loan,10,ODA,5,2,Multilateral (inflows),1
XM-DAC-46004-59193-001-LN4704,421,Standard loan,10,ODA,5,2,Multilateral (inflows),1
XM-DAC-46004-44031-013-LN2691,421,Standard loan,21,Non-export credit OOF,5,2,Multilateral (inflows),1
XM-DAC-46004-44031-013-LN2692,421,Standard loan,10,ODA,5,2,Multilateral (inflows),1
XM-DAC-46004-52018-001-LN3725,421,Standard loan,21,Non-export credit OOF,5,2,Multilateral (inflows),1
XM-DAC-46004-54245-001-LN3955,421,Standard loan,10,ODA,5,2,Multilateral (inflows),1
XM-DAC-46004-54151-001-LN4030,421,Standard loan,10,ODA,5,2,Multilateral (inflows),1
XM-DAC-46004-50028-003-LN4011,421,Standard loan,21,Non-export credit OOF,5,2,Multilateral (inflows),1
XM-DAC-46004-54284-001-LN4063,421,Standard loan,21,Non-export credit OOF,5,2,Multilateral (inflows),1
XM-DAC-46004-54284-001-LN4064,421,Standard loan,10,ODA,5,2,Multilateral (inflows),1
XM-DAC-46004-54284-002-LN4206,421,Standard loan,21,Non-export credit OOF,5,2,Multilateral (inflows),1
XM-DAC-46004-54151-003-LN4198,421,Standard loan,10,ODA,5,2,Multilateral (inflows),1
XM-DAC-46004-57121-001-LN4448,421,Standard loan,10,ODA,5,2,Multilateral (inflows),1
XM-DAC-46004-51035-001-LN3664,421,Standard loan,21,Non-export credit OOF,5,2,Multilateral (inflows),1
XM-DAC-46004-51035-003-LN3857,421,Standard loan,21,Non-export credit OOF,5,2,Multilateral (inflows),1
XM-DAC-46004-53424-001-LN4022,421,Standard loan,21,Non-export credit OOF,5,2,Multilateral (inflows),1
XM-DAC-46004-51035-005-LN4017,421,Standard loan,21,Non-export credit OOF,5,2,Multilateral (inflows),1
XM-DAC-46004-54346-001-LN4015,421,Standard loan,21,Non-export credit OOF,5,2,Multilateral (inflows),1
XM-DAC-46004-51035-005-LN4016,421,Standard loan,10,ODA,5,2,Multilateral (inflows),1
XM-DAC-46004-53424-002-LN4155,421,Standard loan,21,Non-export credit OOF,5,2,Multilateral (inflows),1
XM-DAC-46004-53424-003-LN4266,421,Standard loan,21,Non-export credit OOF,5,2,Multilateral (inflows),1
XM-DAC-46004-57067-001-LN4568,421,Standard loan,21,Non-export credit OOF,5,2,Multilateral (inflows),1
XM-DAC-46004-56023-001-LN4746,421,Standard loan,21,Non-export credit OOF,5,2,Multilateral (inflows),1
XM-DAC-46004-58479-001-LN4748,421,Standard loan,21,Non-export credit OOF,5,2,Multilateral (inflows),1
XM-DAC-46004-46497-001-GRNT0339,110,Standard grant,10,ODA,5,2,Multilateral (inflows),1
XM-DAC-46004-48479-001-GRNT0478,110,Standard grant,10,ODA,5,2,Multilateral (inflows),1
XM-DAC-46004-52074-001-GRNT0629,110,Standard grant,10,ODA,5,2,Multilateral (inflows),1
XM-DAC-46004-50028-002-GRNT0667,110,Standard grant,10,ODA,5,2,Multilateral (inflows),1
XM-DAC-46004-50028-002-LN3830,421,Standard loan,10,ODA,5,2,Multilateral (inflows),1
XM-DAC-46004-54178-001-LN3938,421,Standard loan,10,ODA,5,2,Multilateral (inflows),1
XM-DAC-46004-50028-003-GRNT0754,110,Standard grant,10,ODA,5,2,Multilateral (inflows),1
XM-DAC-46004-54178-001-GRNT0708,110,Standard grant,10,ODA,5,2,Multilateral (inflows),1
XM-DAC-46004-55011-001-GRNT0871,110,Standard grant,10,ODA,5,2,Multilateral (inflows),1
XM-DAC-46004-55011-001-LN4274,421,Standard loan,10,ODA,5,2,Multilateral (inflows),1
XM-DAC-46004-56138-001-LN4300,421,Standard loan,10,ODA,5,2,Multilateral (inflows),1
XM-DAC-46004-56138-001-GRNT0884,110,Standard grant,10,ODA,5,2,Multilateral (inflows),1
XM-DAC-46004-55011-002-LN4564,421,Standard loan,10,ODA,5,2,Multilateral (inflows),1
XM-DAC-46004-38276-013-LN2278,421,Standard loan,21,Non-export credit OOF,5,2,Multilateral (inflows),1
XM-DAC-46004-37752-013-LN2282,421,Standard loan,21,Non-export credit OOF,5,2,Multilateral (inflows),1
XM-DAC-46004-40538-013-LN2315,421,Standard loan,21,Non-export credit OOF,5,2,Multilateral (inflows),1
XM-DAC-46004-39516-013-LN2387,421,Standard loan,21,Non-export credit OOF,5,2,Multilateral (inflows),1
XM-DAC-46004-40538-023-LN2450,421,Standard loan,21,Non-export credit OOF,5,2,Multilateral (inflows),1
XM-DAC-46004-41380-013-LN2489,421,Standard loan,21,Non-export credit OOF,5,2,Multilateral (inflows),1
XM-DAC-46004-43300-013-LN2538,421,Standard loan,21,Non-export credit OOF,5,2,Multilateral (inflows),1
XM-DAC-46004-40538-033-LN2545,421,Standard loan,21,Non-export credit OOF,5,2,Multilateral (inflows),1
XM-DAC-46004-39516-023-LN2584,421,Standard loan,21,Non-export credit OOF,5,2,Multilateral (inflows),1
XM-DAC-46004-38276-023-LN2715,421,Standard loan,21,Non-export credit OOF,5,2,Multilateral (inflows),1
XM-DAC-46004-41380-023-LN2840,421,Standard loan,21,Non-export credit OOF,5,2,Multilateral (inflows),1
XM-DAC-46004-43396-013-LN2872,421,Standard loan,21,Non-export credit OOF,5,2,Multilateral (inflows),1
XM-DAC-46004-44253-013-LN3111,421,Standard loan,21,Non-export credit OOF,5,2,Multilateral (inflows),1
XM-DAC-46004-43396-014-LN3233,421,Standard loan,21,Non-export credit OOF,5,2,Multilateral (inflows),1
XM-DAC-46004-48458-001-LN3333,421,Standard loan,21,Non-export credit OOF,5,2,Multilateral (inflows),1
XM-DAC-46004-48427-001-LN3334,421,Standard loan,21,Non-export credit OOF,5,2,Multilateral (inflows),1
XM-DAC-46004-44253-016-LN3505,421,Standard loan,21,Non-export credit OOF,5,2,Multilateral (inflows),1
XM-DAC-46004-49117-002-LN3530,421,Standard loan,21,Non-export credit OOF,5,2,Multilateral (inflows),1
XM-DAC-46004-48427-002-LN3595,421,Standard loan,21,Non-export credit OOF,5,2,Multilateral (inflows),1
XM-DAC-46004-48458-003-LN3691,421,Standard loan,21,Non-export credit OOF,5,2,Multilateral (inflows),1
XM-DAC-46004-51309-001-LN3707,421,Standard loan,21,Non-export credit OOF,5,2,Multilateral (inflows),1
XM-DAC-46004-52173-001-LN3858,421,Standard loan,21,Non-export credit OOF,5,2,Multilateral (inflows),1
XM-DAC-46004-49117-003-LN3875,421,Standard loan,21,Non-export credit OOF,5,2,Multilateral (inflows),1
XM-DAC-46004-54138-001-LN3910,421,Standard loan,21,Non-export credit OOF,5,2,Multilateral (inflows),1
XM-DAC-46004-54138-001-LN3907,421,Standard loan,21,Non-export credit OOF,5,2,Multilateral (inflows),1
XM-DAC-46004-54138-001-LN3909,421,Standard loan,21,Non-export credit OOF,5,2,Multilateral (inflows),1
XM-DAC-46004-54138-001-LN3908,421,Standard loan,21,Non-export credit OOF,5,2,Multilateral (inflows),1
XM-DAC-46004-53047-001-LN3925,421,Standard loan,21,Non-export credit OOF,5,2,Multilateral (inflows),1
XM-DAC-46004-53353-001-LN3957,421,Standard loan,21,Non-export credit OOF,5,2,Multilateral (inflows),1
XM-DAC-46004-51309-002-LN3959,421,Standard loan,21,Non-export credit OOF,5,2,Multilateral (inflows),1
XM-DAC-46004-54022-001-LN3968,421,Standard loan,21,Non-export credit OOF,5,2,Multilateral (inflows),1
XM-DAC-46004-49117-004-LN4089,421,Standard loan,21,Non-export credit OOF,5,2,Multilateral (inflows),1
XM-DAC-46004-52173-003-LN4102,421,Standard loan,21,Non-export credit OOF,5,2,Multilateral (inflows),1
XM-DAC-46004-55105-001-LN4145,421,Standard loan,21,Non-export credit OOF,5,2,Multilateral (inflows),1
XM-DAC-46004-55268-001-LN4186,421,Standard loan,21,Non-export credit OOF,5,2,Multilateral (inflows),1
XM-DAC-46004-53047-003-LN4185,421,Standard loan,21,Non-export credit OOF,5,2,Multilateral (inflows),1
XM-DAC-46004-53353-002-LN4288,421,Standard loan,21,Non-export credit OOF,5,2,Multilateral (inflows),1
XM-DAC-46004-55300-001-LN4289,421,Standard loan,21,Non-export credit OOF,5,2,Multilateral (inflows),1
XM-DAC-46004-51309-003-LN4355,421,Standard loan,21,Non-export credit OOF,5,2,Multilateral (inflows),1
XM-DAC-46004-55105-003-LN4414,421,Standard loan,21,Non-export credit OOF,5,2,Multilateral (inflows),1
XM-DAC-46004-56288-001-LN4376,421,Standard loan,21,Non-export credit OOF,5,2,Multilateral (inflows),1
XM-DAC-46004-52313-001-GRNT0635,110,Standard grant,10,ODA,5,2,Multilateral (inflows),1
XM-DAC-46004-55268-003-LN4550,421,Standard loan,21,Non-export credit OOF,5,2,Multilateral (inflows),1
XM-DAC-46004-58003-001-LN4572,421,Standard loan,21,Non-export credit OOF,5,2,Multilateral (inflows),1
XM-DAC-46004-55300-002-LN4581,421,Standard loan,21,Non-export credit OOF,5,2,Multilateral (inflows),1
XM-DAC-46004-57309-001-LN4580,421,Standard loan,21,Non-export credit OOF,5,2,Multilateral (inflows),1
XM-DAC-46004-57075-001-LN4660,421,Standard loan,21,Non-export credit OOF,5,2,Multilateral (inflows),1
XM-DAC-46004-58379-001-LN4725,421,Standard loan,21,Non-export credit OOF,5,2,Multilateral (inflows),1
XM-DAC-46004-59092-001-LN4724,421,Standard loan,21,Non-export credit OOF,5,2,Multilateral (inflows),1
XM-DAC-46004-58379-001-LN4725-KfW,421,Standard loan,10,ODA,5,2,Multilateral (inflows),1
XM-DAC-46004-41325-013-LN2665,421,Standard loan,21,Non-export credit OOF,5,2,Multilateral (inflows),1
XM-DAC-46004-54177-001-LN3949,421,Standard loan,21,Non-export credit OOF,5,2,Multilateral (inflows),1
XM-DAC-46004-54177-001-LN3945,421,Standard loan,21,Non-export credit OOF,5,2,Multilateral (inflows),1
NO-BRC-971277882-PAL-24/0005,110,Standard grant,10,ODA,5,1,Bilateral,0
XM-DAC-46004-44061-012-GRNT0251,110,Standard grant,10,ODA,5,2,Multilateral (inflows),1
XM-DAC-46004-47099-002-GRNT0463,110,Standard grant,10,ODA,5,2,Multilateral (inflows),1
XM-DAC-46004-47099-004-GRNT0530,110,Standard grant,10,ODA,5,2,Multilateral (inflows),1
XM-DAC-46004-47099-002-LN3343,421,Standard loan,10,ODA,5,2,Multilateral (inflows),1
XM-DAC-46004-47099-004-LN3513,421,Standard loan,10,ODA,5,2,Multilateral (inflows),1
XM-DAC-46004-51066-001-GRNT0782,110,Standard grant,10,ODA,5,2,Multilateral (inflows),1
XM-DAC-46004-53315-001-GRNT0777,110,Standard grant,10,ODA,5,2,Multilateral (inflows),1
XM-DAC-46004-54156-001-GRNT0706,110,Standard grant,10,ODA,5,2,Multilateral (inflows),1
XM-DAC-46004-56147-001-GRNT0857,110,Standard grant,10,ODA,5,2,Multilateral (inflows),1
NO-BRC-971277882-NPL-20/0002,110,Standard grant,10,ODA,5,1,Bilateral,0
XM-DAC-46004-51066-003-GRNT0870,110,Standard grant,10,ODA,5,2,Multilateral (inflows),1
NO-BRC-971277882-NPL-07/010,110,Standard grant,10,ODA,5,1,Bilateral,0
XM-DAC-46004-56299-001-GRNT0955,110,Standard grant,10,ODA,5,2,Multilateral (inflows),1
XM-DAC-46004-58417-001-GRNT1080,110,Standard grant,10,ODA,5,2,Multilateral (inflows),1
XM-DAC-46004-59154-001-GRNT1068,110,Standard grant,10,ODA,5,2,Multilateral (inflows),1
XM-DAC-46004-45395-001-GRNT0318,110,Standard grant,10,ODA,5,2,Multilateral (inflows),1
XM-DAC-46004-47318-001-GRNT0442,110,Standard grant,10,ODA,5,2,Multilateral (inflows),1
XM-DAC-46004-50028-001-GRNT0559,110,Standard grant,10,ODA,5,2,Multilateral (inflows),1
XM-DAC-46004-50377-001-GRNT0673,110,Standard grant,10,ODA,5,2,Multilateral (inflows),1
XM-DAC-46004-50028-003-GRNT0760,110,Standard grant,10,ODA,5,2,Multilateral (inflows),1
XM-DAC-46004-56138-002-GRNT0952,110,Standard grant,10,ODA,5,2,Multilateral (inflows),1
XM-DAC-46004-58548-001-GRNT1063,110,Standard grant,10,ODA,5,2,Multilateral (inflows),1
XM-DAC-46004-46385-001-GRNT0359,110,Standard grant,10,ODA,5,2,Multilateral (inflows),1
XM-DAC-46004-48361-001-GRNT0479,110,Standard grant,10,ODA,5,2,Multilateral (inflows),1
XM-DAC-46004-48361-002-GRNT0532,110,Standard grant,10,ODA,5,2,Multilateral (inflows),1
XM-DAC-46004-50028-001-GRNT0558,110,Standard grant,10,ODA,5,2,Multilateral (inflows),1
XM-DAC-46004-48361-001-LN3393,421,Standard loan,10,ODA,5,2,Multilateral (inflows),1
XM-DAC-46004-48361-002-LN3531,421,Standard loan,10,ODA,5,2,Multilateral (inflows),1
XM-DAC-46004-50028-001-LN3628,421,Standard loan,10,ODA,5,2,Multilateral (inflows),1
XM-DAC-46004-48361-003-GRNT0647,110,Standard grant,10,ODA,5,2,Multilateral (inflows),1
XM-DAC-46004-50028-002-GRNT0668,110,Standard grant,10,ODA,5,2,Multilateral (inflows),1
XM-DAC-46004-50028-003-GRNT0755,110,Standard grant,10,ODA,5,2,Multilateral (inflows),1
XM-DAC-46004-55016-001-GRNT0807,110,Standard grant,10,ODA,5,2,Multilateral (inflows),1
XM-DAC-46004-52030-001-GRNT0709,110,Standard grant,10,ODA,5,2,Multilateral (inflows),1
XM-DAC-46004-56138-001-GRNT0883,110,Standard grant,10,ODA,5,2,Multilateral (inflows),1
XM-DAC-46004-56358-001-GRNT0943,110,Standard grant,10,ODA,5,2,Multilateral (inflows),1
XM-DAC-46004-56358-002-GRNT1051,110,Standard grant,10,ODA,5,2,Multilateral (inflows),1
XM-DAC-46004-50028-003-GRNT0757,110,Standard grant,10,ODA,5,2,Multilateral (inflows),1
XM-DAC-46004-54179-001-GRNT0776,110,Standard grant,10,ODA,5,2,Multilateral (inflows),1
XM-DAC-46004-56138-002-GRNT0953,110,Standard grant,10,ODA,5,2,Multilateral (inflows),1
XM-DAC-46004-55052-001-GRNT1001,110,Standard grant,10,ODA,5,2,Multilateral (inflows),1
XM-DAC-46004-58547-001-GRNT1086,110,Standard grant,10,ODA,5,2,Multilateral (inflows),1
NO-BRC-971277882-PAL-25/0011,110,Standard grant,10,ODA,5,1,Bilateral,0
XM-DAC-46004-46384-001-GRNT0360,110,Standard grant,10,ODA,5,2,Multilateral (inflows),1
XM-DAC-46004-50210-001-GRNT0525,110,Standard grant,10,ODA,5,2,Multilateral (inflows),1
XM-DAC-46004-50028-001-GRNT0557,110,Standard grant,10,ODA,5,2,Multilateral (inflows),1
XM-DAC-46004-43191-013-LN2625,421,Standard loan,10,ODA,5,2,Multilateral (inflows),1
XM-DAC-46004-43191-023-LN2801,421,Standard loan,10,ODA,5,2,Multilateral (inflows),1
XM-DAC-46004-50028-001-LN3627,421,Standard loan,10,ODA,5,2,Multilateral (inflows),1
XM-DAC-46004-54243-001-GRNT0718,110,Standard grant,10,ODA,5,2,Multilateral (inflows),1
XM-DAC-46004-50028-003-GRNT0759,110,Standard grant,10,ODA,5,2,Multilateral (inflows),1
XM-DAC-46004-54054-001-GRNT0862,110,Standard grant,10,ODA,5,2,Multilateral (inflows),1
XM-DAC-46004-56138-001-GRNT0881,110,Standard grant,10,ODA,5,2,Multilateral (inflows),1
XM-DAC-46004-54054-002-GRNT0996,110,Standard grant,10,ODA,5,2,Multilateral (inflows),1
NO-BRC-971277882-PAL-26/0002,110,Standard grant,10,ODA,5,1,Bilateral,0
XM-DAC-46004-37218-013-LN2202,421,Standard loan,21,Non-export credit OOF,5,2,Multilateral (inflows),1
XM-DAC-46004-37218-013-LN2203,421,Standard loan,10,ODA,5,2,Multilateral (inflows),1
XM-DAC-46004-36155-013-LN2270,421,Standard loan,21,Non-export credit OOF,5,2,Multilateral (inflows),1
XM-DAC-46004-39492-013-LN2291,421,Standard loan,21,Non-export credit OOF,5,2,Multilateral (inflows),1
XM-DAC-46004-39492-013-LN2292,421,Standard loan,10,ODA,5,2,Multilateral (inflows),1
XM-DAC-46004-40563-013-LN2335,421,Standard loan,10,ODA,5,2,Multilateral (inflows),1
XM-DAC-46004-41108-013-LN2340,421,Standard loan,21,Non-export credit OOF,5,2,Multilateral (inflows),1
XM-DAC-46004-41666-013-LN2385,421,Standard loan,21,Non-export credit OOF,5,2,Multilateral (inflows),1
XM-DAC-46004-42163-013-LN2446,421,Standard loan,21,Non-export credit OOF,5,2,Multilateral (inflows),1
XM-DAC-46004-42163-013-LN2447,421,Standard loan,10,ODA,5,2,Multilateral (inflows),1
XM-DAC-46004-41545-013-LN2484,421,Standard loan,10,ODA,5,2,Multilateral (inflows),1
XM-DAC-46004-41641-013-LN2485,421,Standard loan,10,ODA,5,2,Multilateral (inflows),1
XM-DAC-46004-42163-023-LN2524,421,Standard loan,21,Non-export credit OOF,5,2,Multilateral (inflows),1
XM-DAC-46004-42163-023-LN2525,421,Standard loan,10,ODA,5,2,Multilateral (inflows),1
XM-DAC-46004-41666-033-LN2547,421,Standard loan,21,Non-export credit OOF,5,2,Multilateral (inflows),1
XM-DAC-46004-41666-033-LN2548,421,Standard loan,10,ODA,5,2,Multilateral (inflows),1
XM-DAC-46004-41641-023-LN2644,421,Standard loan,10,ODA,5,2,Multilateral (inflows),1
XM-DAC-46004-41545-023-LN2645,421,Standard loan,10,ODA,5,2,Multilateral (inflows),1
XM-DAC-46004-47015-001-LN3126,421,Standard loan,10,ODA,5,2,Multilateral (inflows),1
XM-DAC-46004-47015-002-LN3321,421,Standard loan,21,Non-export credit OOF,5,2,Multilateral (inflows),1
XM-DAC-46004-47015-002-LN3322,421,Standard loan,10,ODA,5,2,Multilateral (inflows),1
XM-DAC-46004-48065-002-LN3398,421,Standard loan,21,Non-export credit OOF,5,2,Multilateral (inflows),1
XM-DAC-46004-48065-002-LN3399,421,Standard loan,10,ODA,5,2,Multilateral (inflows),1
XM-DAC-46004-47015-003-LN3537,421,Standard loan,21,Non-export credit OOF,5,2,Multilateral (inflows),1
XM-DAC-46004-48065-003-LN3538,421,Standard loan,10,ODA,5,2,Multilateral (inflows),1
XM-DAC-46004-52049-001-LN3804,421,Standard loan,10,ODA,5,2,Multilateral (inflows),1
XM-DAC-46004-53247-001-LN3882,421,Standard loan,21,Non-export credit OOF,5,2,Multilateral (inflows),1
XM-DAC-46004-53165-001-LN3881,421,Standard loan,10,ODA,5,2,Multilateral (inflows),1
XM-DAC-46004-54193-001-LN3931,421,Standard loan,21,Non-export credit OOF,5,2,Multilateral (inflows),1
XM-DAC-46004-53221-001-LN3976,421,Standard loan,10,ODA,5,2,Multilateral (inflows),1
XM-DAC-46004-53221-001-LN3975,421,Standard loan,21,Non-export credit OOF,5,2,Multilateral (inflows),1
XM-DAC-46004-52049-003-LN4018,421,Standard loan,10,ODA,5,2,Multilateral (inflows),1
XM-DAC-46004-53165-002-LN4159,421,Standard loan,10,ODA,5,2,Multilateral (inflows),1
XM-DAC-46004-53221-003-LN4176,421,Standard loan,10,ODA,5,2,Multilateral (inflows),1
XM-DAC-46004-56148-001-LN4234,421,Standard loan,21,Non-export credit OOF,5,2,Multilateral (inflows),1
XM-DAC-46004-56148-001-LN4235,421,Standard loan,10,ODA,5,2,Multilateral (inflows),1
XM-DAC-46004-54424-001-LN4427,421,Standard loan,21,Non-export credit OOF,5,2,Multilateral (inflows),1
XM-DAC-46004-56006-001-LN4406,421,Standard loan,21,Non-export credit OOF,5,2,Multilateral (inflows),1
XM-DAC-46004-55183-001-LN4450,421,Standard loan,21,Non-export credit OOF,5,2,Multilateral (inflows),1
XM-DAC-46004-58054-001-LN4514,421,Standard loan,21,Non-export credit OOF,5,2,Multilateral (inflows),1
XM-DAC-46004-56006-003-GRNT4598,1100,Guarantees/insurance,21,Non-export credit OOF,5,2,Multilateral (inflows),1
XM-DAC-46004-56006-003-LN4597,421,Standard loan,21,Non-export credit OOF,5,2,Multilateral (inflows),1
XM-DAC-46004-58508-001-LN4608,421,Standard loan,10,ODA,5,2,Multilateral (inflows),1
XM-DAC-46004-58508-001-LN4609,421,Standard loan,10,ODA,5,2,Multilateral (inflows),1
XM-DAC-46004-51350-001-LN3675,421,Standard loan,21,Non-export credit OOF,5,2,Multilateral (inflows),1
XM-DAC-46004-51348-001-LN3869,421,Standard loan,10,ODA,5,2,Multilateral (inflows),1
XM-DAC-46004-51350-003-LN3866,421,Standard loan,21,Non-export credit OOF,5,2,Multilateral (inflows),1
XM-DAC-46004-54160-001-LN3939,421,Standard loan,21,Non-export credit OOF,5,2,Multilateral (inflows),1
XM-DAC-46004-54269-001-LN3980,421,Standard loan,21,Non-export credit OOF,5,2,Multilateral (inflows),1
XM-DAC-46004-53161-001-LN4123,421,Standard loan,10,ODA,5,2,Multilateral (inflows),1
XM-DAC-46004-42007-020-LN4156,421,Standard loan,21,Non-export credit OOF,5,2,Multilateral (inflows),1
XM-DAC-46004-42007-020-LN4157,421,Standard loan,10,ODA,5,2,Multilateral (inflows),1
XM-DAC-46004-56149-001-LN4225,421,Standard loan,21,Non-export credit OOF,5,2,Multilateral (inflows),1
XM-DAC-46004-51350-004-LN4292,421,Standard loan,21,Non-export credit OOF,5,2,Multilateral (inflows),1
XM-DAC-46004-42007-021-LN4415,421,Standard loan,21,Non-export credit OOF,5,2,Multilateral (inflows),1
XM-DAC-46004-53161-003-LN4472,421,Standard loan,21,Non-export credit OOF,5,2,Multilateral (inflows),1
XM-DAC-46004-54269-002-LN4473,421,Standard loan,21,Non-export credit OOF,5,2,Multilateral (inflows),1
XM-DAC-46004-57245-001-LN4489,421,Standard loan,10,ODA,5,2,Multilateral (inflows),1
XM-DAC-46004-58125-001-LN4544,421,Standard loan,21,Non-export credit OOF,5,2,Multilateral (inflows),1
XM-DAC-46004-58125-001-LN4545,421,Standard loan,10,ODA,5,2,Multilateral (inflows),1
XM-DAC-46004-51350-005-LN4658,421,Standard loan,21,Non-export credit OOF,5,2,Multilateral (inflows),1
XM-DAC-46004-58438-001-LN4681,421,Standard loan,10,ODA,5,2,Multilateral (inflows),1
XM-DAC-46004-58438-001-LN4682,421,Standard loan,21,Non-export credit OOF,5,2,Multilateral (inflows),1
XM-DAC-46004-38392-033-LN2262,421,Standard loan,10,ODA,5,2,Multilateral (inflows),1
XM-DAC-46004-38335-013-LN2284,421,Standard loan,10,ODA,5,2,Multilateral (inflows),1
XM-DAC-46004-37577-013-LN2377,421,Standard loan,10,ODA,5,2,Multilateral (inflows),1
XM-DAC-46004-42191-013-LN2490,421,Standard loan,10,ODA,5,2,Multilateral (inflows),1
XM-DAC-46004-42191-023-LN2570,421,Standard loan,10,ODA,5,2,Multilateral (inflows),1
XM-DAC-46004-40347-013-LN2582,421,Standard loan,10,ODA,5,2,Multilateral (inflows),1
XM-DAC-46004-40354-013-LN2642,421,Standard loan,10,ODA,5,2,Multilateral (inflows),1
XM-DAC-46004-41360-013-LN2680,421,Standard loan,10,ODA,5,2,Multilateral (inflows),1
XM-DAC-46004-37577-023-LN2707,421,Standard loan,10,ODA,5,2,Multilateral (inflows),1
XM-DAC-46004-42191-033-LN2827,421,Standard loan,10,ODA,5,2,Multilateral (inflows),1
XM-DAC-46004-42235-013-LN2877,421,Standard loan,10,ODA,5,2,Multilateral (inflows),1
XM-DAC-46004-41360-014-LN3050,421,Standard loan,10,ODA,5,2,Multilateral (inflows),1
XM-DAC-46004-44251-013-LN3081,421,Standard loan,10,ODA,5,2,Multilateral (inflows),1
XM-DAC-46004-42235-023-LN3213,421,Standard loan,10,ODA,5,2,Multilateral (inflows),1
XM-DAC-46004-47293-001-LN3227,421,Standard loan,21,Non-export credit OOF,5,2,Multilateral (inflows),1
XM-DAC-46004-47293-001-LN3228,421,Standard loan,10,ODA,5,2,Multilateral (inflows),1
XM-DAC-46004-44251-034-LN3335,421,Standard loan,10,ODA,5,2,Multilateral (inflows),1
XM-DAC-46004-47140-002-LN3493,421,Standard loan,10,ODA,5,2,Multilateral (inflows),1
XM-DAC-46004-50051-001-LN3502,421,Standard loan,21,Non-export credit OOF,5,2,Multilateral (inflows),1
XM-DAC-46004-50051-001-LN3503,421,Standard loan,10,ODA,5,2,Multilateral (inflows),1
XM-DAC-46004-49331-001-LN3743,421,Standard loan,10,ODA,5,2,Multilateral (inflows),1
XM-DAC-46004-50285-002-LN3758,421,Standard loan,10,ODA,5,2,Multilateral (inflows),1
BJ-IFU-6201000068802-RSG0123375-29295,110,Standard grant,10,ODA,5,,,0
BJ-IFU-6201200579608-RSG0123375-29295,110,Standard grant,10,ODA,5,,,0
CH-4-2024-2018011172,110,Standard grant,10,ODA,5,1,Bilateral,0
CH-4-2024-2020010895,110,Standard grant,10,ODA,5,1,Bilateral,0
AU-5-INL354-VN,110,Standard grant,10,ODA,5,1,Bilateral,1
CH-4-2024-2023000533,110,Standard grant,10,ODA,5,1,Bilateral,0
AU-5-INJ438-VU,110,Standard grant,10,ODA,5,1,Bilateral,1
CH-4-2024-2024000918,110,Standard grant,10,ODA,5,1,Bilateral,0
CH-4-2023-2004006120,110,Standard grant,10,ODA,5,1,Bilateral,0
CH-4-2023-2018011172,110,Standard grant,10,ODA,5,1,Bilateral,0
CH-4-2023-2020010894,110,Standard grant,10,ODA,5,1,Bilateral,0
CH-4-2023-2020010895,110,Standard grant,10,ODA,5,1,Bilateral,0
AU-5-INJ402-WS,110,Standard grant,10,ODA,5,1,Bilateral,1
CH-4-2023-2023000533,110,Standard grant,10,ODA,5,1,Bilateral,0
CH-4-2023-2023001248,110,Standard grant,10,ODA,5,1,Bilateral,0
CH-4-2025-2020010895,110,Standard grant,10,ODA,5,1,Bilateral,0
CH-4-2025-2020011220,110,Standard grant,10,ODA,5,1,Bilateral,0
CH-4-2025-2023000533,110,Standard grant,10,ODA,5,1,Bilateral,0
AU-5-INJ648-ID,110,Standard grant,10,ODA,5,1,Bilateral,1
46002-P-DZ-K00-007,421,Standard loan,10,ODA,5,2,Multilateral (inflows),1
46002-P-AO-FA0-002,421,Standard loan,10,ODA,5,2,Multilateral (inflows),1
46002-P-AO-K00-007,421,Standard loan,10,ODA,5,2,Multilateral (inflows),1
46002-P-AO-AA0-011,,,,,,2,Multilateral (inflows),1
46002-P-AO-K00-009,,,,,,2,Multilateral (inflows),1
46002-P-BW-K00-004,421,Standard loan,10,ODA,5,2,Multilateral (inflows),1
46002-P-BW-K00-001,421,Standard loan,10,ODA,5,2,Multilateral (inflows),1
46002-P-BW-K00-005,,,,,,2,Multilateral (inflows),1
46002-P-BW-K00-006,,,,,,2,Multilateral (inflows),1
46002-P-BJ-KA0-006,421,Standard loan,10,ODA,5,2,Multilateral (inflows),1
46002-P-BJ-KA0-009,421,Standard loan,10,ODA,5,2,Multilateral (inflows),1
46002-P-BJ-KA0-013,421,Standard loan,10,ODA,5,2,Multilateral (inflows),1
46002-P-BJ-KA0-014,421,Standard loan,10,ODA,5,2,Multilateral (inflows),1
46002-P-BJ-FZ0-001,421,Standard loan,10,ODA,5,2,Multilateral (inflows),1
46002-P-BJ-K00-005,421,Standard loan,10,ODA,5,2,Multilateral (inflows),1
46002-P-BJ-K00-006,421,Standard loan,10,ODA,5,2,Multilateral (inflows),1
46002-P-BJ-KZ0-001,421,Standard loan,10,ODA,5,2,Multilateral (inflows),1
46002-P-BJ-KF0-001,,,,,,2,Multilateral (inflows),1
46002-P-BJ-K00-007,,,,,,2,Multilateral (inflows),1
46002-P-BJ-E00-007,,,,,,2,Multilateral (inflows),1
46002-P-BJ-K00-010,,,,,,2,Multilateral (inflows),1
AU-5-INI950-NR,110,Standard grant,10,ODA,5,1,Bilateral,1
46002-P-BI-KA0-001,421,Standard loan,10,ODA,5,2,Multilateral (inflows),1
46002-P-BI-I00-004,421,Standard loan,10,ODA,5,2,Multilateral (inflows),1
46002-P-BF-FA0-008,421,Standard loan,10,ODA,5,2,Multilateral (inflows),1
46002-P-BF-K00-006,421,Standard loan,10,ODA,5,2,Multilateral (inflows),1
46002-P-BF-K00-011,421,Standard loan,10,ODA,5,2,Multilateral (inflows),1
46002-P-BF-K00-012,421,Standard loan,10,ODA,5,2,Multilateral (inflows),1
46002-P-BF-KA0-009,421,Standard loan,10,ODA,5,2,Multilateral (inflows),1
46002-P-BF-KZ0-003,421,Standard loan,10,ODA,5,2,Multilateral (inflows),1
46002-P-BF-KZ0-001,421,Standard loan,10,ODA,5,2,Multilateral (inflows),1
AU-5-INK561-SB,110,Standard grant,10,ODA,5,1,Bilateral,1
AU-5-INL121-SB,110,Standard grant,10,ODA,5,1,Bilateral,1
AU-5-INL126-SB,110,Standard grant,10,ODA,5,1,Bilateral,1
AU-5-INL129-SB,110,Standard grant,10,ODA,5,1,Bilateral,1
AU-5-INL683-TO,110,Standard grant,10,ODA,5,1,Bilateral,1
AU-5-INJ899-TV,110,Standard grant,10,ODA,5,1,Bilateral,1
AU-5-INJ128-VN,110,Standard grant,10,ODA,5,1,Bilateral,1
BJ-IFU-3200700033415-RSG0123375-29295,110,Standard grant,10,ODA,5,,,0
XM-DAC-69-1-2019000246,110,Standard grant,10,ODA,5,1,Bilateral,1
XM-DAC-69-3-2018000217,110,Standard grant,10,ODA,5,1,Bilateral,1
XM-DAC-69-3-2018000330,110,Standard grant,10,ODA,5,1,Bilateral,1
46002-P-CV-K00-013,421,Standard loan,10,ODA,5,2,Multilateral (inflows),1
BJ-IFU-5200081145006-RSG0123375-29295,110,Standard grant,10,ODA,5,,,0
BJ-IFU-6200901945503-RSG0123375-29295,110,Standard grant,10,ODA,5,,,0
46002-P-CV-K00-002,421,Standard loan,10,ODA,5,2,Multilateral (inflows),1
46002-P-CV-K00-003,421,Standard loan,10,ODA,5,2,Multilateral (inflows),1
46002-P-CV-K00-004,421,Standard loan,10,ODA,5,2,Multilateral (inflows),1
46002-P-CV-K00-005,421,Standard loan,10,ODA,5,2,Multilateral (inflows),1
46002-P-CV-K00-006,421,Standard loan,10,ODA,5,2,Multilateral (inflows),1
46002-P-CV-K00-007,421,Standard loan,10,ODA,5,2,Multilateral (inflows),1
46002-P-CV-K00-009,421,Standard loan,10,ODA,5,2,Multilateral (inflows),1
46002-P-CV-K00-010,421,Standard loan,10,ODA,5,2,Multilateral (inflows),1
46002-P-CV-K00-011,421,Standard loan,10,ODA,5,2,Multilateral (inflows),1
46002-P-CV-KA0-003,421,Standard loan,10,ODA,5,2,Multilateral (inflows),1
46002-P-CV-KA0-005,421,Standard loan,10,ODA,5,2,Multilateral (inflows),1
46002-P-CV-KA0-008,421,Standard loan,10,ODA,5,2,Multilateral (inflows),1
46002-P-CV-KA0-006,421,Standard loan,10,ODA,5,2,Multilateral (inflows),1
46002-P-CV-KA0-007,421,Standard loan,10,ODA,5,2,Multilateral (inflows),1
46002-P-CV-K00-016,421,Standard loan,10,ODA,5,2,Multilateral (inflows),1
46002-P-CV-KA0-009,421,Standard loan,10,ODA,5,2,Multilateral (inflows),1
46002-P-CV-K00-015,,,,,,2,Multilateral (inflows),1
46002-P-CV-A00-003,,,,,,2,Multilateral (inflows),1
46002-P-CV-K00-019,,,,,,2,Multilateral (inflows),1
46002-P-CV-GB0-005,,,,,,2,Multilateral (inflows),1
46002-P-CV-K00-020,,,,,,2,Multilateral (inflows),1
XM-DAC-41111-98569,,,,,,,,1
XM-DAC-41111-92034,,,,,,,,1
XM-DAC-41111-88100,,,,,,,,1
XM-DAC-41111-111465,,,,,,,,1
XM-DAC-41111-112392,,,,,,,,1
XM-DAC-41111-113154,,,,,,,,1
XM-DAC-41111-118133,,,,,,,,1
XM-DAC-41111-114278,,,,,,,,1
XM-DAC-41111-76452,,,,,,,,1
XM-DAC-41111-95546,,,,,,,,1
XM-DAC-41111-106347,,,,,,,,1
XM-DAC-41111-110521,,,,,,,,1
XM-DAC-41111-90703,,,,,,,,1
XM-DAC-41111-90014,,,,,,,,1
46002-P-CF-KZ0-002,421,Standard loan,10,ODA,5,2,Multilateral (inflows),1
46002-P-CF-K00-006,421,Standard loan,10,ODA,5,2,Multilateral (inflows),1
46002-P-CF-KZ0-003,421,Standard loan,10,ODA,5,2,Multilateral (inflows),1
46002-P-CF-K00-007,421,Standard loan,10,ODA,5,2,Multilateral (inflows),1
46002-P-CF-K00-010,421,Standard loan,10,ODA,5,2,Multilateral (inflows),1
46002-P-CF-I00-006,,,,,,2,Multilateral (inflows),1
46002-P-CF-K00-020,,,,,,2,Multilateral (inflows),1
46002-P-CF-K00-021,,,,,,2,Multilateral (inflows),1
46002-P-CM-K00-010,421,Standard loan,10,ODA,5,2,Multilateral (inflows),1
46002-P-CM-KA0-005,421,Standard loan,10,ODA,5,2,Multilateral (inflows),1
46002-P-CM-KA0-011,421,Standard loan,10,ODA,5,2,Multilateral (inflows),1
46002-P-CM-K00-009,421,Standard loan,10,ODA,5,2,Multilateral (inflows),1
46002-P-CM-KA0-015,421,Standard loan,10,ODA,5,2,Multilateral (inflows),1
46002-P-CM-AA0-015,,,,,,2,Multilateral (inflows),1
46002-P-CM-KF0-006,,,,,,2,Multilateral (inflows),1
46002-P-CM-KF0-007,,,,,,2,Multilateral (inflows),1
46002-P-CM-FA0-011,,,,,,2,Multilateral (inflows),1
46002-P-CM-H00-010,,,,,,2,Multilateral (inflows),1
46002-P-KM-K00-006,421,Standard loan,10,ODA,5,2,Multilateral (inflows),1
46002-P-KM-K00-009,421,Standard loan,10,ODA,5,2,Multilateral (inflows),1
46002-P-KM-K00-013,,,,,,2,Multilateral (inflows),1
46002-P-KM-K00-014,,,,,,2,Multilateral (inflows),1
46002-P-TD-KA0-009,421,Standard loan,10,ODA,5,2,Multilateral (inflows),1
46002-P-TD-KA0-007,421,Standard loan,10,ODA,5,2,Multilateral (inflows),1
46002-P-TD-KA0-006,421,Standard loan,10,ODA,5,2,Multilateral (inflows),1
BJ-IFU-6201810251129-RGS0123375-29295,110,Standard grant,10,ODA,5,,,0
46002-P-TD-K00-002,421,Standard loan,10,ODA,5,2,Multilateral (inflows),1
46002-P-TD-K00-003,421,Standard loan,10,ODA,5,2,Multilateral (inflows),1
BJ-IFU-6200901944008-RSG0123375-29295,110,Standard grant,10,ODA,5,,,0
46002-P-TD-KA0-001,421,Standard loan,10,ODA,5,2,Multilateral (inflows),1
46002-P-TD-KA0-005,421,Standard loan,10,ODA,5,2,Multilateral (inflows),1
46002-P-TD-K00-009,421,Standard loan,10,ODA,5,2,Multilateral (inflows),1
46002-P-TD-AB0-005,,,,,,2,Multilateral (inflows),1
46002-P-CG-K00-002,421,Standard loan,10,ODA,5,2,Multilateral (inflows),1
46002-P-CG-K00-006,421,Standard loan,10,ODA,5,2,Multilateral (inflows),1
46002-P-CG-K00-009,421,Standard loan,10,ODA,5,2,Multilateral (inflows),1
46002-P-CG-K00-012,,,,,,2,Multilateral (inflows),1
46002-P-DJ-K00-001,421,Standard loan,10,ODA,5,2,Multilateral (inflows),1
46002-P-DJ-KF0-010,,,,,,2,Multilateral (inflows),1
46002-P-DJ-K00-003,,,,,,2,Multilateral (inflows),1
46002-P-CI-I00-003,421,Standard loan,10,ODA,5,2,Multilateral (inflows),1
46002-P-CI-IZ0-001,421,Standard loan,10,ODA,5,2,Multilateral (inflows),1
46002-P-CI-IZ0-004,421,Standard loan,10,ODA,5,2,Multilateral (inflows),1
46002-P-CI-KA0-009,421,Standard loan,10,ODA,5,2,Multilateral (inflows),1
46002-P-CI-KA0-012,421,Standard loan,10,ODA,5,2,Multilateral (inflows),1
46002-P-CI-KA0-011,421,Standard loan,10,ODA,5,2,Multilateral (inflows),1
46002-P-CI-KA0-010,421,Standard loan,10,ODA,5,2,Multilateral (inflows),1
46002-P-CI-AA0-037,,,,,,2,Multilateral (inflows),1
46002-P-CI-KA0-013,,,,,,2,Multilateral (inflows),1
46002-P-CI-BG0-002,,,,,,2,Multilateral (inflows),1
46002-P-CI-KA0-014,,,,,,2,Multilateral (inflows),1
46002-P-GQ-K00-002,421,Standard loan,10,ODA,5,2,Multilateral (inflows),1
46002-P-CD-K00-012,421,Standard loan,10,ODA,5,2,Multilateral (inflows),1
46002-P-CD-K00-002,421,Standard loan,10,ODA,5,2,Multilateral (inflows),1
46002-P-EG-FA0-005,421,Standard loan,10,ODA,5,2,Multilateral (inflows),1
46002-P-EG-FA0-008,421,Standard loan,10,ODA,5,2,Multilateral (inflows),1
46002-P-EG-HZ0-001,421,Standard loan,10,ODA,5,2,Multilateral (inflows),1
46002-P-EG-IBZ-001,421,Standard loan,10,ODA,5,2,Multilateral (inflows),1
46002-P-EG-K00-011,421,Standard loan,10,ODA,5,2,Multilateral (inflows),1
46002-P-EG-K00-009,421,Standard loan,10,ODA,5,2,Multilateral (inflows),1
46002-P-EG-K00-010,421,Standard loan,10,ODA,5,2,Multilateral (inflows),1
46002-P-EG-K00-017,,,,,,2,Multilateral (inflows),1
46002-P-EG-K00-016,,,,,,2,Multilateral (inflows),1
46002-P-EG-BG0-003,,,,,,2,Multilateral (inflows),1
46002-P-GA-K00-015,421,Standard loan,10,ODA,5,2,Multilateral (inflows),1
46002-P-GA-K00-013,421,Standard loan,10,ODA,5,2,Multilateral (inflows),1
46002-P-GA-KA0-007,421,Standard loan,10,ODA,5,2,Multilateral (inflows),1
46002-P-GA-K00-003,421,Standard loan,10,ODA,5,2,Multilateral (inflows),1
46002-P-GA-KA0-001,421,Standard loan,10,ODA,5,2,Multilateral (inflows),1
46002-P-GA-KA0-005,421,Standard loan,10,ODA,5,2,Multilateral (inflows),1
46002-P-GA-KA0-006,421,Standard loan,10,ODA,5,2,Multilateral (inflows),1
46002-P-ET-IZ0-002,421,Standard loan,10,ODA,5,2,Multilateral (inflows),1
46002-P-ET-K00-006,421,Standard loan,10,ODA,5,2,Multilateral (inflows),1
46002-P-ET-K00-010,421,Standard loan,10,ODA,5,2,Multilateral (inflows),1
46002-P-ET-K00-011,421,Standard loan,10,ODA,5,2,Multilateral (inflows),1
46002-P-ET-K00-015,421,Standard loan,10,ODA,5,2,Multilateral (inflows),1
46002-P-ET-K00-016,421,Standard loan,10,ODA,5,2,Multilateral (inflows),1
46002-P-ET-KF0-007,,,,,,2,Multilateral (inflows),1
46002-P-ET-AAZ-002,,,,,,2,Multilateral (inflows),1
46002-P-GM-KA0-009,421,Standard loan,10,ODA,5,2,Multilateral (inflows),1
46002-P-GM-K00-010,421,Standard loan,10,ODA,5,2,Multilateral (inflows),1
46002-P-GM-K00-011,110,Standard grant,10,ODA,5,2,Multilateral (inflows),1
46002-P-GM-J00-002,421,Standard loan,10,ODA,5,2,Multilateral (inflows),1
46002-P-GM-K00-013,421,Standard loan,10,ODA,5,2,Multilateral (inflows),1
46002-P-GM-KA0-011,,,,,,2,Multilateral (inflows),1
46002-P-GN-KA0-006,421,Standard loan,10,ODA,5,2,Multilateral (inflows),1
DE-1-201165281,110,Standard grant,10,ODA,3,1,Bilateral,1
DE-1-201166974,110,Standard grant,10,ODA,3,1,Bilateral,1
DE-1-201170307,110,Standard grant,10,ODA,3,1,Bilateral,1
DE-1-201170323,110,Standard grant,10,ODA,3,1,Bilateral,1
DE-1-201767508,110,Standard grant,10,ODA,3,1,Bilateral,1
DE-1-201868785,110,Standard grant,10,ODA,3,1,Bilateral,1
46002-P-GN-KA0-005,421,Standard loan,10,ODA,5,2,Multilateral (inflows),1
46002-P-GN-KZ0-002,421,Standard loan,10,ODA,5,2,Multilateral (inflows),1
46002-P-GW-KA0-008,421,Standard loan,10,ODA,5,2,Multilateral (inflows),1
46002-P-GW-IB0-005,110,Standard grant,10,ODA,5,2,Multilateral (inflows),1
46002-P-GW-A00-010,,,,,,2,Multilateral (inflows),1
46002-P-GW-KA0-009,,,,,,2,Multilateral (inflows),1
46002-P-GH-K00-008,421,Standard loan,10,ODA,5,2,Multilateral (inflows),1
46002-P-GH-K00-012,421,Standard loan,10,ODA,5,2,Multilateral (inflows),1
46002-P-GH-KA0-003,421,Standard loan,10,ODA,5,2,Multilateral (inflows),1
46002-P-GH-K00-013,421,Standard loan,10,ODA,5,2,Multilateral (inflows),1
46002-P-GH-KA0-006,421,Standard loan,10,ODA,5,2,Multilateral (inflows),1
46002-P-GH-KA0-008,421,Standard loan,10,ODA,5,2,Multilateral (inflows),1
46002-P-GH-K00-018,,,,,,2,Multilateral (inflows),1
46002-P-GH-I00-003,,,,,,2,Multilateral (inflows),1
46002-P-LS-KA0-001,421,Standard loan,10,ODA,5,2,Multilateral (inflows),1
46002-P-LS-KE0-001,421,Standard loan,10,ODA,5,2,Multilateral (inflows),1
46002-P-LR-KA0-004,421,Standard loan,10,ODA,5,2,Multilateral (inflows),1
DE-1-201965052,421,Standard loan,10,ODA,3,1,Bilateral,1
46002-P-LR-K00-020,421,Standard loan,10,ODA,5,2,Multilateral (inflows),1
46002-P-LR-AA0-013,,,,,,2,Multilateral (inflows),1
46002-P-LR-K00-023,,,,,,2,Multilateral (inflows),1
46002-P-KE-K00-004,421,Standard loan,10,ODA,5,2,Multilateral (inflows),1
46002-P-KE-AA0-001,421,Standard loan,10,ODA,5,2,Multilateral (inflows),1
46002-P-KE-KA0-001,421,Standard loan,10,ODA,5,2,Multilateral (inflows),1
46002-P-KE-KA0-002,421,Standard loan,10,ODA,5,2,Multilateral (inflows),1
46002-P-KE-KD0-004,421,Standard loan,10,ODA,5,2,Multilateral (inflows),1
46002-P-KE-HB0-009,421,Standard loan,21,Non-export credit OOF,5,2,Multilateral (inflows),1
46002-P-KE-K00-007,421,Standard loan,10,ODA,5,2,Multilateral (inflows),1
46002-P-KE-K00-010,,,,,,2,Multilateral (inflows),1
46002-P-KE-A00-002,,,,,,2,Multilateral (inflows),1
46002-P-KE-IA0-005,,,,,,2,Multilateral (inflows),1
46002-P-KE-K00-012,,,,,,2,Multilateral (inflows),1
46002-P-KE-K00-013,,,,,,2,Multilateral (inflows),1
46002-P-KE-K00-015,,,,,,2,Multilateral (inflows),1
46002-P-MG-KA0-009,421,Standard loan,10,ODA,5,2,Multilateral (inflows),1
46002-P-MG-K00-001,421,Standard loan,10,ODA,5,2,Multilateral (inflows),1
46002-P-MG-K00-007,421,Standard loan,10,ODA,5,2,Multilateral (inflows),1
46002-P-MG-K00-010,421,Standard loan,10,ODA,5,2,Multilateral (inflows),1
46002-P-MG-K00-018,421,Standard loan,10,ODA,5,2,Multilateral (inflows),1
46002-P-MG-KA0-012,421,Standard loan,10,ODA,5,2,Multilateral (inflows),1
46002-P-MG-K00-021,,,,,,2,Multilateral (inflows),1
46002-P-MU-K00-002,421,Standard loan,10,ODA,5,2,Multilateral (inflows),1
46002-P-MU-K00-004,421,Standard loan,10,ODA,5,2,Multilateral (inflows),1
46002-P-MU-K00-005,421,Standard loan,10,ODA,5,2,Multilateral (inflows),1
46002-P-MU-K00-008,421,Standard loan,10,ODA,5,2,Multilateral (inflows),1
46002-P-MU-K00-009,,,,,,2,Multilateral (inflows),1
46002-P-MU-K00-010,,,,,,2,Multilateral (inflows),1
46002-P-MR-K00-018,421,Standard loan,10,ODA,5,2,Multilateral (inflows),1
46002-P-MR-K00-017,421,Standard loan,10,ODA,5,2,Multilateral (inflows),1
46002-P-MR-K00-016,421,Standard loan,10,ODA,5,2,Multilateral (inflows),1
46002-P-MW-K00-002,421,Standard loan,10,ODA,5,2,Multilateral (inflows),1
46002-P-MW-KZ0-003,421,Standard loan,10,ODA,5,2,Multilateral (inflows),1
46002-P-MW-IE0-005,421,Standard loan,10,ODA,5,2,Multilateral (inflows),1
46002-P-MW-KA0-004,421,Standard loan,10,ODA,5,2,Multilateral (inflows),1
46002-P-MW-AA0-040,,,,,,2,Multilateral (inflows),1
44000-P146280,,,,,5,2,Multilateral (inflows),1
44000-P147226,,,,,5,2,Multilateral (inflows),1
44000-P152064,,,,,5,2,Multilateral (inflows),1
44000-P155605,,,,,5,2,Multilateral (inflows),1
44000-P160594,,,,,5,2,Multilateral (inflows),1
44000-P169524,,,,,5,2,Multilateral (inflows),1
44000-P178202,,,,,5,2,Multilateral (inflows),1
44000-P180679,,,,,5,2,Multilateral (inflows),1
44000-P168446,,,,,5,2,Multilateral (inflows),1
46002-P-ML-KA0-009,421,Standard loan,10,ODA,5,2,Multilateral (inflows),1
44000-P176137,,,,,5,2,Multilateral (inflows),1
44000-P174234,,,,,5,2,Multilateral (inflows),1
44000-P164882,,,,,5,2,Multilateral (inflows),1
44000-P160544,,,,,5,2,Multilateral (inflows),1
44000-P172211,,,,,5,2,Multilateral (inflows),1
44000-P153234,,,,,5,2,Multilateral (inflows),1
44000-P127754,,,,,5,2,Multilateral (inflows),1
44000-P179849,,,,,5,2,Multilateral (inflows),1
44000-P169624,,,,,5,2,Multilateral (inflows),1
44000-P143040,,,,,5,2,Multilateral (inflows),1
44000-P508569,,,,,5,2,Multilateral (inflows),1
44000-P176278,,,,,5,2,Multilateral (inflows),1
44000-P168336,,,,,5,2,Multilateral (inflows),1
44000-P179513,,,,,5,2,Multilateral (inflows),1
44000-P511848,,,,,5,2,Multilateral (inflows),1
44000-P179512,,,,,5,2,Multilateral (inflows),1
46002-P-ML-KA0-008,421,Standard loan,10,ODA,5,2,Multilateral (inflows),1
44000-P153243,,,,,5,2,Multilateral (inflows),1
44000-P166564,,,,,5,2,Multilateral (inflows),1
44000-P169983,,,,,5,2,Multilateral (inflows),1
44000-P175492,,,,,5,2,Multilateral (inflows),1
44000-P179112,,,,,5,2,Multilateral (inflows),1
44000-P507916,,,,,5,2,Multilateral (inflows),1
44000-P167889,,,,,5,2,Multilateral (inflows),1
44000-P168713,,,,,5,2,Multilateral (inflows),1
44000-P509552,,,,,5,2,Multilateral (inflows),1
44000-P149768,,,,,5,2,Multilateral (inflows),1
44000-P175191,,,,,5,2,Multilateral (inflows),1
44000-P146740,,,,,5,2,Multilateral (inflows),1
44000-P180544,,,,,5,2,Multilateral (inflows),1
44000-P150941,,,,,5,2,Multilateral (inflows),1
44000-P166298,,,,,5,2,Multilateral (inflows),1
44000-P173529,,,,,5,2,Multilateral (inflows),1
44000-P170934,,,,,5,2,Multilateral (inflows),1
44000-P146640,,,,,5,2,Multilateral (inflows),1
44000-P174315,,,,,5,2,Multilateral (inflows),1
44000-P151275,,,,,5,2,Multilateral (inflows),1
44000-P157060,,,,,5,2,Multilateral (inflows),1
44000-P163283,,,,,5,2,Multilateral (inflows),1
44000-P150751,,,,,5,2,Multilateral (inflows),1
46002-P-ML-KA0-004,421,Standard loan,10,ODA,5,2,Multilateral (inflows),1
44000-P132786,,,,,5,2,Multilateral (inflows),1
44000-P146665,,,,,5,2,Multilateral (inflows),1
44000-P166115,,,,,5,2,Multilateral (inflows),1
44000-P168668,,,,,5,2,Multilateral (inflows),1
44000-P172749,,,,,5,2,Multilateral (inflows),1
44000-P176513,,,,,5,2,Multilateral (inflows),1
44000-P178042,,,,,5,2,Multilateral (inflows),1
44000-P180286,,,,,5,2,Multilateral (inflows),1
44000-P181457,,,,,5,2,Multilateral (inflows),1
44000-P510638,,,,,5,2,Multilateral (inflows),1
44000-P175490,,,,,5,2,Multilateral (inflows),1
44000-P157469,,,,,5,2,Multilateral (inflows),1
44000-P178635,,,,,5,2,Multilateral (inflows),1
44000-P509816,,,,,5,2,Multilateral (inflows),1
44000-P177712,,,,,5,2,Multilateral (inflows),1
44000-P147806,,,,,5,2,Multilateral (inflows),1
44000-P173008,,,,,5,2,Multilateral (inflows),1
44000-P500536,,,,,5,2,Multilateral (inflows),1
44000-P171780,,,,,5,2,Multilateral (inflows),1
44000-P168166,,,,,5,2,Multilateral (inflows),1
44000-P175758,,,,,5,2,Multilateral (inflows),1
44000-P176810,,,,,5,2,Multilateral (inflows),1
44000-P175934,,,,,5,2,Multilateral (inflows),1
44000-P505490,,,,,5,2,Multilateral (inflows),1
44000-P505866,,,,,5,2,Multilateral (inflows),1
44000-P507322,,,,,5,2,Multilateral (inflows),1
44000-P181501,,,,,5,2,Multilateral (inflows),1
44000-P172455,,,,,5,2,Multilateral (inflows),1
44000-P509756,,,,,5,2,Multilateral (inflows),1
44000-P126749,,,,,5,2,Multilateral (inflows),1
44000-P147695,,,,,5,2,Multilateral (inflows),1
44000-P506861,,,,,5,2,Multilateral (inflows),1
44000-P147984,,,,,5,2,Multilateral (inflows),1
44000-P179182,,,,,5,2,Multilateral (inflows),1
44000-P147913,,,,,5,2,Multilateral (inflows),1
44000-P148083,,,,,5,2,Multilateral (inflows),1
44000-P146981,,,,,5,2,Multilateral (inflows),1
44000-P153203,,,,,5,2,Multilateral (inflows),1
44000-P506321,,,,,5,2,Multilateral (inflows),1
44000-P129652,,,,,5,2,Multilateral (inflows),1
44000-P178729,,,,,5,2,Multilateral (inflows),1
44000-P512526,,,,,5,2,Multilateral (inflows),1
44000-P132768,,,,,5,2,Multilateral (inflows),1
44000-P164588,,,,,5,2,Multilateral (inflows),1
44000-P500614,,,,,5,2,Multilateral (inflows),1
44000-P177632,,,,,5,2,Multilateral (inflows),1
44000-P147979,,,,,5,2,Multilateral (inflows),1
44000-P180497,,,,,5,2,Multilateral (inflows),1
44000-P505235,,,,,5,2,Multilateral (inflows),1
44000-P126351,,,,,5,2,Multilateral (inflows),1
44000-P168035,,,,,5,2,Multilateral (inflows),1
44000-P168474,,,,,5,2,Multilateral (inflows),1
44000-P164442,,,,,5,2,Multilateral (inflows),1
44000-P178614,,,,,5,2,Multilateral (inflows),1
46002-P-ML-KA0-007,421,Standard loan,10,ODA,5,2,Multilateral (inflows),1
44000-P180093,,,,,5,2,Multilateral (inflows),1
44000-P180398,,,,,5,2,Multilateral (inflows),1
44000-P167190,,,,,5,2,Multilateral (inflows),1
44000-P168724,,,,,5,2,Multilateral (inflows),1
44000-P168725,,,,,5,2,Multilateral (inflows),1
44000-P174892,,,,,5,2,Multilateral (inflows),1
44000-P178481,,,,,5,2,Multilateral (inflows),1
44000-P179079,,,,,5,2,Multilateral (inflows),1
44000-P180439,,,,,5,2,Multilateral (inflows),1
44000-P511201,,,,,5,2,Multilateral (inflows),1
44000-P154213,,,,,5,2,Multilateral (inflows),1
44000-P155259,,,,,5,2,Multilateral (inflows),1
44000-P166388,,,,,5,2,Multilateral (inflows),1
44000-P127449,,,,,5,2,Multilateral (inflows),1
44000-P178064,,,,,5,2,Multilateral (inflows),1
44000-P169828,,,,,5,2,Multilateral (inflows),1
44000-P143781,,,,,5,2,Multilateral (inflows),1
44000-P158463,,,,,5,2,Multilateral (inflows),1
44000-P510901,,,,,5,2,Multilateral (inflows),1
44000-P163284,,,,,5,2,Multilateral (inflows),1
44000-P179006,,,,,5,2,Multilateral (inflows),1
44000-P174110,,,,,5,2,Multilateral (inflows),1
44000-P180234,,,,,5,2,Multilateral (inflows),1
44000-P177460,,,,,5,2,Multilateral (inflows),1
44000-P179141,,,,,5,2,Multilateral (inflows),1
44000-P507861,,,,,5,2,Multilateral (inflows),1
44000-P163657,,,,,5,2,Multilateral (inflows),1
44000-P166694,,,,,5,2,Multilateral (inflows),1
44000-P168332,,,,,5,2,Multilateral (inflows),1
44000-P175249,,,,,5,2,Multilateral (inflows),1
44000-P180017,,,,,5,2,Multilateral (inflows),1
44000-P111926,,,,,5,2,Multilateral (inflows),1
44000-P171912,,,,,5,2,Multilateral (inflows),1
44000-P174786,,,,,5,2,Multilateral (inflows),1
44000-P177029,,,,,5,2,Multilateral (inflows),1
44000-P179861,,,,,5,2,Multilateral (inflows),1
44000-P181372,,,,,5,2,Multilateral (inflows),1
44000-P508347,,,,,5,2,Multilateral (inflows),1
44000-P145605,,,,,5,2,Multilateral (inflows),1
44000-P154821,,,,,5,2,Multilateral (inflows),1
44000-P176505,,,,,5,2,Multilateral (inflows),1
44000-P158739,,,,,5,2,Multilateral (inflows),1
44000-P170728,,,,,5,2,Multilateral (inflows),1
44000-P149609,,,,,5,2,Multilateral (inflows),1
44000-P150475,,,,,5,2,Multilateral (inflows),1
44000-P174118,,,,,5,2,Multilateral (inflows),1
44000-P180566,,,,,5,2,Multilateral (inflows),1
44000-P181080,,,,,5,2,Multilateral (inflows),1
44000-P161642,,,,,5,2,Multilateral (inflows),1
44000-P173424,,,,,5,2,Multilateral (inflows),1
44000-P180033,,,,,5,2,Multilateral (inflows),1
44000-P126583,,,,,5,2,Multilateral (inflows),1
44000-P145766,,,,,5,2,Multilateral (inflows),1
44000-P175801,,,,,5,2,Multilateral (inflows),1
44000-P180927,,,,,5,2,Multilateral (inflows),1
44000-P158520,,,,,5,2,Multilateral (inflows),1
44000-P176650,,,,,5,2,Multilateral (inflows),1
44000-P162858,,,,,5,2,Multilateral (inflows),1
44000-P176788,,,,,5,2,Multilateral (inflows),1
44000-P181256,,,,,5,2,Multilateral (inflows),1
44000-P175126,,,,,5,2,Multilateral (inflows),1
44000-P130972,,,,,5,2,Multilateral (inflows),1
44000-P174754,,,,,5,2,Multilateral (inflows),1
44000-P165631,,,,,5,2,Multilateral (inflows),1
44000-P147015,,,,,5,2,Multilateral (inflows),1
44000-P160628,,,,,5,2,Multilateral (inflows),1
44000-P181310,,,,,5,2,Multilateral (inflows),1
44000-P127411,,,,,5,2,Multilateral (inflows),1
44000-P176148,,,,,5,2,Multilateral (inflows),1
44000-P171080,,,,,5,2,Multilateral (inflows),1
44000-P179265,,,,,5,2,Multilateral (inflows),1
44000-P174927,,,,,5,2,Multilateral (inflows),1
44000-P175847,,,,,5,2,Multilateral (inflows),1
44000-P177807,,,,,5,2,Multilateral (inflows),1
44000-P508114,,,,,5,2,Multilateral (inflows),1
44000-P169822,,,,,5,2,Multilateral (inflows),1
44000-P171190,,,,,5,2,Multilateral (inflows),1
44000-P174115,,,,,5,2,Multilateral (inflows),1
44000-P176983,,,,,5,2,Multilateral (inflows),1
44000-P178636,,,,,5,2,Multilateral (inflows),1
44000-P180319,,,,,5,2,Multilateral (inflows),1
44000-P505747,,,,,5,2,Multilateral (inflows),1
44000-P510158,,,,,5,2,Multilateral (inflows),1
44000-P512397,,,,,5,2,Multilateral (inflows),1
44000-P155425,,,,,5,2,Multilateral (inflows),1
44000-P159351,,,,,5,2,Multilateral (inflows),1
44000-P174145,,,,,5,2,Multilateral (inflows),1
44000-P175874,,,,,5,2,Multilateral (inflows),1
44000-P178122,,,,,5,2,Multilateral (inflows),1
44000-P178570,,,,,5,2,Multilateral (inflows),1
44000-P500557,,,,,5,2,Multilateral (inflows),1
44000-P112346,,,,,5,2,Multilateral (inflows),1
44000-P164079,,,,,5,2,Multilateral (inflows),1
44000-P171311,,,,,5,2,Multilateral (inflows),1
44000-P504910,,,,,5,2,Multilateral (inflows),1
44000-P514501,,,,,5,2,Multilateral (inflows),1
44000-P173558,,,,,5,2,Multilateral (inflows),1
44000-P159774,,,,,5,2,Multilateral (inflows),1
44000-P500609,,,,,5,2,Multilateral (inflows),1
44000-P168402,,,,,5,2,Multilateral (inflows),1
44000-P175543,,,,,5,2,Multilateral (inflows),1
44000-P157406,,,,,5,2,Multilateral (inflows),1
44000-P157404,,,,,5,2,Multilateral (inflows),1
44000-P159508,,,,,5,2,Multilateral (inflows),1
44000-P164201,,,,,5,2,Multilateral (inflows),1
44000-P164289,,,,,5,2,Multilateral (inflows),1
44000-P171465,,,,,5,2,Multilateral (inflows),1
44000-P151821,,,,,5,2,Multilateral (inflows),1
44000-P174527,,,,,5,2,Multilateral (inflows),1
44000-P178930,,,,,5,2,Multilateral (inflows),1
44000-P167748,,,,,5,2,Multilateral (inflows),1
44000-P176663,,,,,5,2,Multilateral (inflows),1
44000-P147152,,,,,5,2,Multilateral (inflows),1
44000-P156761,,,,,5,2,Multilateral (inflows),1
44000-P129597,,,,,5,2,Multilateral (inflows),1
44000-P143060,,,,,5,2,Multilateral (inflows),1
44000-P177797,,,,,5,2,Multilateral (inflows),1
44000-P149998,,,,,5,2,Multilateral (inflows),1
44000-P169913,,,,,5,2,Multilateral (inflows),1
44000-P155553,,,,,5,2,Multilateral (inflows),1
44000-P149991,,,,,5,2,Multilateral (inflows),1
44000-P156444,,,,,5,2,Multilateral (inflows),1
44000-P163285,,,,,5,2,Multilateral (inflows),1
44000-P173150,,,,,5,2,Multilateral (inflows),1
44000-P510637,,,,,5,2,Multilateral (inflows),1
44000-P164545,,,,,5,2,Multilateral (inflows),1
44000-P177748,,,,,5,2,Multilateral (inflows),1
44000-P502012,,,,,5,2,Multilateral (inflows),1
44000-P133664,,,,,5,2,Multilateral (inflows),1
44000-P181148,,,,,5,2,Multilateral (inflows),1
44000-P180718,,,,,5,2,Multilateral (inflows),1
44000-P157343,,,,,5,2,Multilateral (inflows),1
44000-P168566,,,,,5,2,Multilateral (inflows),1
44000-P169079,,,,,5,2,Multilateral (inflows),1
44000-P181591,,,,,5,2,Multilateral (inflows),1
44000-P174063,,,,,5,2,Multilateral (inflows),1
44000-P151794,,,,,5,2,Multilateral (inflows),1
44000-P156629,,,,,5,2,Multilateral (inflows),1
44000-P166322,,,,,5,2,Multilateral (inflows),1
44000-P161796,,,,,5,2,Multilateral (inflows),1
44000-P175979,,,,,5,2,Multilateral (inflows),1
44000-P131763,,,,,5,2,Multilateral (inflows),1
44000-P133738,,,,,5,2,Multilateral (inflows),1
44000-P159710,,,,,5,2,Multilateral (inflows),1
44000-P160667,,,,,5,2,Multilateral (inflows),1
44000-P505784,,,,,5,2,Multilateral (inflows),1
44000-P173698,,,,,5,2,Multilateral (inflows),1
44000-P165425,,,,,5,2,Multilateral (inflows),1
44000-P180216,,,,,5,2,Multilateral (inflows),1
44000-P500567,,,,,5,2,Multilateral (inflows),1
44000-P127665,,,,,5,2,Multilateral (inflows),1
44000-P173996,,,,,5,2,Multilateral (inflows),1
44000-P512660,,,,,5,2,Multilateral (inflows),1
44000-P179909,,,,,5,2,Multilateral (inflows),1
44000-P172567,,,,,5,2,Multilateral (inflows),1
44000-P151803,,,,,5,2,Multilateral (inflows),1
44000-P155920,,,,,5,2,Multilateral (inflows),1
44000-P177001,,,,,5,2,Multilateral (inflows),1
44000-P171474,,,,,5,2,Multilateral (inflows),1
44000-P162452,,,,,5,2,Multilateral (inflows),1
44000-P161167,,,,,5,2,Multilateral (inflows),1
44000-P155962,,,,,5,2,Multilateral (inflows),1
44000-P145995,,,,,5,2,Multilateral (inflows),1
44000-P507259,,,,,5,2,Multilateral (inflows),1
44000-P170223,,,,,5,2,Multilateral (inflows),1
44000-P163586,,,,,5,2,Multilateral (inflows),1
44000-P174531,,,,,5,2,Multilateral (inflows),1
44000-P151448,,,,,5,2,Multilateral (inflows),1
44000-P154299,,,,,5,2,Multilateral (inflows),1
44000-P160236,,,,,5,2,Multilateral (inflows),1
44000-P166360,,,,,5,2,Multilateral (inflows),1
44000-P168130,,,,,5,2,Multilateral (inflows),1
44000-P505118,,,,,5,2,Multilateral (inflows),1
44000-P507382,,,,,5,2,Multilateral (inflows),1
44000-P130048,,,,,5,2,Multilateral (inflows),1
44000-P154291,,,,,5,2,Multilateral (inflows),1
44000-P158140,,,,,5,2,Multilateral (inflows),1
44000-P161475,,,,,5,2,Multilateral (inflows),1
44000-P163973,,,,,5,2,Multilateral (inflows),1
44000-P167297,,,,,5,2,Multilateral (inflows),1
44000-P170940,,,,,5,2,Multilateral (inflows),1
44000-P172439,,,,,5,2,Multilateral (inflows),1
44000-P173232,,,,,5,2,Multilateral (inflows),1
44000-P173233,,,,,5,2,Multilateral (inflows),1
44000-P175742,,,,,5,2,Multilateral (inflows),1
44000-P177726,,,,,5,2,Multilateral (inflows),1
44000-P500689,,,,,5,2,Multilateral (inflows),1
44000-P508323,,,,,5,2,Multilateral (inflows),1
44000-P152440,,,,,5,2,Multilateral (inflows),1
44000-P163983,,,,,5,2,Multilateral (inflows),1
44000-P148099,,,,,5,2,Multilateral (inflows),1
44000-P126274,,,,,5,2,Multilateral (inflows),1
44000-P126034,,,,,5,2,Multilateral (inflows),1
44000-P508608,,,,,5,2,Multilateral (inflows),1
44000-P180749,,,,,5,2,Multilateral (inflows),1
44000-P179019,,,,,5,2,Multilateral (inflows),1
44000-P176756,,,,,5,2,Multilateral (inflows),1
44000-P144602,,,,,5,2,Multilateral (inflows),1
44000-P149888,,,,,5,2,Multilateral (inflows),1
44000-P155540,,,,,5,2,Multilateral (inflows),1
44000-P161794,,,,,5,2,Multilateral (inflows),1
44000-P167263,,,,,5,2,Multilateral (inflows),1
44000-P169179,,,,,5,2,Multilateral (inflows),1
44000-P177794,,,,,5,2,Multilateral (inflows),1
44000-P511822,,,,,5,2,Multilateral (inflows),1
44000-P181269,,,,,5,2,Multilateral (inflows),1
44000-P179763,,,,,5,2,Multilateral (inflows),1
44000-P131688,,,,,5,2,Multilateral (inflows),1
44000-P174260,,,,,5,2,Multilateral (inflows),1
44000-P150924,,,,,5,2,Multilateral (inflows),1
44000-P508695,,,,,5,2,Multilateral (inflows),1
44000-P154702,,,,,5,2,Multilateral (inflows),1
44000-P178303,,,,,5,2,Multilateral (inflows),1
44000-P174367,,,,,5,2,Multilateral (inflows),1
44000-P159956,,,,,5,2,Multilateral (inflows),1
44000-P166839,,,,,5,2,Multilateral (inflows),1
44000-P161562,,,,,5,2,Multilateral (inflows),1
44000-P168204,,,,,5,2,Multilateral (inflows),1
44000-P172321,,,,,5,2,Multilateral (inflows),1
44000-P175251,,,,,5,2,Multilateral (inflows),1
44000-P176903,,,,,5,2,Multilateral (inflows),1
44000-P180339,,,,,5,2,Multilateral (inflows),1
44000-P500912,,,,,5,2,Multilateral (inflows),1
44000-P179539,,,,,5,2,Multilateral (inflows),1
44000-P174346,,,,,5,2,Multilateral (inflows),1
44000-P181432,,,,,5,2,Multilateral (inflows),1
44000-P147454,,,,,5,2,Multilateral (inflows),1
44000-P180549,,,,,5,2,Multilateral (inflows),1
44000-P157804,,,,,5,2,Multilateral (inflows),1
DE-1-201468453,421,Standard loan,10,ODA,3,1,Bilateral,1
DE-1-201468461,421,Standard loan,10,ODA,3,1,Bilateral,1
44000-P179808,,,,,5,2,Multilateral (inflows),1
DE-1-201468479,421,Standard loan,10,ODA,3,1,Bilateral,1
DE-1-201468487,421,Standard loan,10,ODA,3,1,Bilateral,1
44000-P124041,,,,,5,2,Multilateral (inflows),1
44000-P157224,,,,,5,2,Multilateral (inflows),1
44000-P159669,,,,,5,2,Multilateral (inflows),1
44000-P167246,,,,,5,2,Multilateral (inflows),1
44000-P169907,,,,,5,2,Multilateral (inflows),1
44000-P172732,,,,,5,2,Multilateral (inflows),1
44000-P173943,,,,,5,2,Multilateral (inflows),1
44000-P174027,,,,,5,2,Multilateral (inflows),1
44000-P174292,,,,,5,2,Multilateral (inflows),1
44000-P176447,,,,,5,2,Multilateral (inflows),1
44000-P177985,,,,,5,2,Multilateral (inflows),1
44000-P178329,,,,,5,2,Multilateral (inflows),1
44000-P181032,,,,,5,2,Multilateral (inflows),1
44000-P181195,,,,,5,2,Multilateral (inflows),1
44000-P162111,,,,,5,2,Multilateral (inflows),1
44000-P168218,,,,,5,2,Multilateral (inflows),1
44000-P175570,,,,,5,2,Multilateral (inflows),1
44000-P176993,,,,,5,2,Multilateral (inflows),1
44000-P180050,,,,,5,2,Multilateral (inflows),1
44000-P502565,,,,,5,2,Multilateral (inflows),1
44000-P178646,,,,,5,2,Multilateral (inflows),1
44000-P176937,,,,,5,2,Multilateral (inflows),1
44000-P130903,,,,,5,2,Multilateral (inflows),1
44000-P127038,,,,,5,2,Multilateral (inflows),1
44000-P120566,,,,,5,2,Multilateral (inflows),1
44000-P174004,,,,,5,2,Multilateral (inflows),1
44000-P168587,,,,,5,2,Multilateral (inflows),1
44000-P144185,,,,,5,2,Multilateral (inflows),1
44000-P174005,,,,,5,2,Multilateral (inflows),1
44000-P127955,,,,,5,2,Multilateral (inflows),1
44000-P127956,,,,,5,2,Multilateral (inflows),1
44000-P171587,,,,,5,2,Multilateral (inflows),1
44000-P513503,,,,,5,2,Multilateral (inflows),1
44000-P127822,,,,,5,2,Multilateral (inflows),1
44000-P507248,,,,,5,2,Multilateral (inflows),1
44000-P148642,,,,,5,2,Multilateral (inflows),1
44000-P147257,,,,,5,2,Multilateral (inflows),1
44000-P178382,,,,,5,2,Multilateral (inflows),1
44000-P168580,,,,,5,2,Multilateral (inflows),1
44000-P149747,,,,,5,2,Multilateral (inflows),1
44000-P504373,,,,,5,2,Multilateral (inflows),1
44000-P180587,,,,,5,2,Multilateral (inflows),1
44000-P171851,,,,,5,2,Multilateral (inflows),1
44000-P126038,,,,,5,2,Multilateral (inflows),1
44000-P130847,,,,,5,2,Multilateral (inflows),1
44000-P507576,,,,,5,2,Multilateral (inflows),1
44000-P149555,,,,,5,2,Multilateral (inflows),1
44000-P181479,,,,,5,2,Multilateral (inflows),1
44000-P175640,,,,,5,2,Multilateral (inflows),1
44000-P179086,,,,,5,2,Multilateral (inflows),1
44000-P143283,,,,,5,2,Multilateral (inflows),1
44000-P156963,,,,,5,2,Multilateral (inflows),1
44000-P513997,,,,,5,2,Multilateral (inflows),1
44000-P145275,,,,,5,2,Multilateral (inflows),1
44000-P161619,,,,,5,2,Multilateral (inflows),1
44000-P167547,,,,,5,2,Multilateral (inflows),1
44000-P150503,,,,,5,2,Multilateral (inflows),1
44000-P153084,,,,,5,2,Multilateral (inflows),1
44000-P160866,,,,,5,2,Multilateral (inflows),1
44000-P162279,,,,,5,2,Multilateral (inflows),1
44000-P164137,,,,,5,2,Multilateral (inflows),1
44000-P166425,,,,,5,2,Multilateral (inflows),1
44000-P166752,,,,,5,2,Multilateral (inflows),1
44000-P167941,,,,,5,2,Multilateral (inflows),1
44000-P168697,,,,,5,2,Multilateral (inflows),1
44000-P174388,,,,,5,2,Multilateral (inflows),1
44000-P180288,,,,,5,2,Multilateral (inflows),1
44000-P509948,,,,,5,2,Multilateral (inflows),1
44000-P125694,,,,,5,2,Multilateral (inflows),1
44000-P126903,,,,,5,2,Multilateral (inflows),1
44000-P128140,,,,,5,2,Multilateral (inflows),1
44000-P132510,,,,,5,2,Multilateral (inflows),1
44000-P167485,,,,,5,2,Multilateral (inflows),1
44000-P163939,,,,,5,2,Multilateral (inflows),1
44000-P163966,,,,,5,2,Multilateral (inflows),1
44000-P160592,,,,,5,2,Multilateral (inflows),1
44000-P163057,,,,,5,2,Multilateral (inflows),1
44000-P167348,,,,,5,2,Multilateral (inflows),1
44000-P171238,,,,,5,2,Multilateral (inflows),1
44000-P171585,,,,,5,2,Multilateral (inflows),1
44000-P174155,,,,,5,2,Multilateral (inflows),1
44000-P179263,,,,,5,2,Multilateral (inflows),1
44000-P511001,,,,,5,2,Multilateral (inflows),1
44000-P126297,,,,,5,2,Multilateral (inflows),1
44000-P147244,,,,,5,2,Multilateral (inflows),1
44000-P167674,,,,,5,2,Multilateral (inflows),1
44000-P172863,,,,,5,2,Multilateral (inflows),1
44000-P174000,,,,,5,2,Multilateral (inflows),1
44000-P174150,,,,,5,2,Multilateral (inflows),1
44000-P178224,,,,,5,2,Multilateral (inflows),1
44000-P180496,,,,,5,2,Multilateral (inflows),1
44000-P503988,,,,,5,2,Multilateral (inflows),1
DE-1-201667484,421,Standard loan,10,ODA,3,1,Bilateral,1
44000-P153753,,,,,5,2,Multilateral (inflows),1
DE-1-201667492,421,Standard loan,10,ODA,3,1,Bilateral,1
44000-P165056,,,,,5,2,Multilateral (inflows),1
44000-P175072,,,,,5,2,Multilateral (inflows),1
44000-P125272,,,,,5,2,Multilateral (inflows),1
44000-P132757,,,,,5,2,Multilateral (inflows),1
44000-P145251,,,,,5,2,Multilateral (inflows),1
44000-P151487,,,,,5,2,Multilateral (inflows),1
44000-P159969,,,,,5,2,Multilateral (inflows),1
44000-P163318,,,,,5,2,Multilateral (inflows),1
44000-P166124,,,,,5,2,Multilateral (inflows),1
44000-P169830,,,,,5,2,Multilateral (inflows),1
44000-P173113,,,,,5,2,Multilateral (inflows),1
44000-P175256,,,,,5,2,Multilateral (inflows),1
44000-P178423,,,,,5,2,Multilateral (inflows),1
44000-P129489,,,,,5,2,Multilateral (inflows),1
44000-P131212,,,,,5,2,Multilateral (inflows),1
44000-P146398,,,,,5,2,Multilateral (inflows),1
44000-P176762,,,,,5,2,Multilateral (inflows),1
44000-P133687,,,,,5,2,Multilateral (inflows),1
44000-P178668,,,,,5,2,Multilateral (inflows),1
44000-P154422,,,,,5,2,Multilateral (inflows),1
44000-P146537,,,,,5,2,Multilateral (inflows),1
44000-P128434,,,,,5,2,Multilateral (inflows),1
44000-P146930,,,,,5,2,Multilateral (inflows),1
44000-P174152,,,,,5,2,Multilateral (inflows),1
44000-P166159,,,,,5,2,Multilateral (inflows),1
44000-P508348,,,,,5,2,Multilateral (inflows),1
44000-P181306,,,,,5,2,Multilateral (inflows),1
44000-P151804,,,,,5,2,Multilateral (inflows),1
44000-P122738,,,,,5,2,Multilateral (inflows),1
44000-P127332,,,,,5,2,Multilateral (inflows),1
44000-P175930,,,,,5,2,Multilateral (inflows),1
44000-P179817,,,,,5,2,Multilateral (inflows),1
44000-P146942,,,,,5,2,Multilateral (inflows),1
44000-P174107,,,,,5,2,Multilateral (inflows),1
44000-P174191,,,,,5,2,Multilateral (inflows),1
44000-P501661,,,,,5,2,Multilateral (inflows),1
44000-P130012,,,,,5,2,Multilateral (inflows),1
44000-P123353,,,,,5,2,Multilateral (inflows),1
44000-P123352,,,,,5,2,Multilateral (inflows),1
44000-P151480,,,,,5,2,Multilateral (inflows),1
44000-P177776,,,,,5,2,Multilateral (inflows),1
44000-P159547,,,,,5,2,Multilateral (inflows),1
44000-P170248,,,,,5,2,Multilateral (inflows),1
44000-P173044,,,,,5,2,Multilateral (inflows),1
44000-P176881,,,,,5,2,Multilateral (inflows),1
44000-P178531,,,,,5,2,Multilateral (inflows),1
44000-P173982,,,,,5,2,Multilateral (inflows),1
44000-P168869,,,,,5,2,Multilateral (inflows),1
44000-P176498,,,,,5,2,Multilateral (inflows),1
44000-P181344,,,,,5,2,Multilateral (inflows),1
44000-P178687,,,,,5,2,Multilateral (inflows),1
44000-P166788,,,,,5,2,Multilateral (inflows),1
44000-P170477,,,,,5,2,Multilateral (inflows),1
44000-P174440,,,,,5,2,Multilateral (inflows),1
44000-P101177,,,,,5,2,Multilateral (inflows),1
44000-P101471,,,,,5,2,Multilateral (inflows),1
44000-P120860,,,,,5,2,Multilateral (inflows),1
44000-P131028,,,,,5,2,Multilateral (inflows),1
44000-P149831,,,,,5,2,Multilateral (inflows),1
44000-P154981,,,,,5,2,Multilateral (inflows),1
44000-P156858,,,,,5,2,Multilateral (inflows),1
44000-P176387,,,,,5,2,Multilateral (inflows),1
44000-P177765,,,,,5,2,Multilateral (inflows),1
44000-P178591,,,,,5,2,Multilateral (inflows),1
44000-P179214,,,,,5,2,Multilateral (inflows),1
44000-P180554,,,,,5,2,Multilateral (inflows),1
44000-P181263,,,,,5,2,Multilateral (inflows),1
44000-P506131,,,,,5,2,Multilateral (inflows),1
44000-P127433,,,,,5,2,Multilateral (inflows),1
44000-P146243,,,,,5,2,Multilateral (inflows),1
44000-P130459,,,,,5,2,Multilateral (inflows),1
44000-P151007,,,,,5,2,Multilateral (inflows),1
44000-P169505,,,,,5,2,Multilateral (inflows),1
44000-P178285,,,,,5,2,Multilateral (inflows),1
44000-P508227,,,,,5,2,Multilateral (inflows),1
44000-P165717,,,,,5,2,Multilateral (inflows),1
44000-P174347,,,,,5,2,Multilateral (inflows),1
44000-P507527,,,,,5,2,Multilateral (inflows),1
44000-P130051,,,,,5,2,Multilateral (inflows),1
44000-P148957,,,,,5,2,Multilateral (inflows),1
44000-P149776,,,,,5,2,Multilateral (inflows),1
44000-P166303,,,,,5,2,Multilateral (inflows),1
44000-P178912,,,,,5,2,Multilateral (inflows),1
44000-P179297,,,,,5,2,Multilateral (inflows),1
44000-P181517,,,,,5,2,Multilateral (inflows),1
44000-P502111,,,,,5,2,Multilateral (inflows),1
44000-P513191,,,,,5,2,Multilateral (inflows),1
44000-P127408,,,,,5,2,Multilateral (inflows),1
44000-P149750,,,,,5,2,Multilateral (inflows),1
44000-P155694,,,,,5,2,Multilateral (inflows),1
44000-P157489,,,,,5,2,Multilateral (inflows),1
44000-P161184,,,,,5,2,Multilateral (inflows),1
44000-P164575,,,,,5,2,Multilateral (inflows),1
44000-P177410,,,,,5,2,Multilateral (inflows),1
44000-P178115,,,,,5,2,Multilateral (inflows),1
44000-P125943,,,,,5,2,Multilateral (inflows),1
44000-P126580,,,,,5,2,Multilateral (inflows),1
44000-P147803,,,,,5,2,Multilateral (inflows),1
44000-P155656,,,,,5,2,Multilateral (inflows),1
44000-P167651,,,,,5,2,Multilateral (inflows),1
44000-P170052,,,,,5,2,Multilateral (inflows),1
44000-P170914,,,,,5,2,Multilateral (inflows),1
44000-P171440,,,,,5,2,Multilateral (inflows),1
44000-P174120,,,,,5,2,Multilateral (inflows),1
44000-P175008,,,,,5,2,Multilateral (inflows),1
44000-P175360,,,,,5,2,Multilateral (inflows),1
44000-P176891,,,,,5,2,Multilateral (inflows),1
44000-P177125,,,,,5,2,Multilateral (inflows),1
44000-P178634,,,,,5,2,Multilateral (inflows),1
44000-P179361,,,,,5,2,Multilateral (inflows),1
44000-P180336,,,,,5,2,Multilateral (inflows),1
44000-P180585,,,,,5,2,Multilateral (inflows),1
44000-P181127,,,,,5,2,Multilateral (inflows),1
44000-P181389,,,,,5,2,Multilateral (inflows),1
44000-P507528,,,,,5,2,Multilateral (inflows),1
44000-P506960,,,,,5,2,Multilateral (inflows),1
44000-P148861,,,,,5,2,Multilateral (inflows),1
44000-P125202,,,,,5,2,Multilateral (inflows),1
44000-P178209,,,,,5,2,Multilateral (inflows),1
44000-P178210,,,,,5,2,Multilateral (inflows),1
44000-P174198,,,,,5,2,Multilateral (inflows),1
44000-P153269,,,,,5,2,Multilateral (inflows),1
44000-P513769,,,,,5,2,Multilateral (inflows),1
44000-P176420,,,,,5,2,Multilateral (inflows),1
44000-P175139,,,,,5,2,Multilateral (inflows),1
44000-P149886,,,,,5,2,Multilateral (inflows),1
44000-P167465,,,,,5,2,Multilateral (inflows),1
44000-P172454,,,,,5,2,Multilateral (inflows),1
44000-P178676,,,,,5,2,Multilateral (inflows),1
44000-P511758,,,,,5,2,Multilateral (inflows),1
44000-P133107,,,,,5,2,Multilateral (inflows),1
44000-P146726,,,,,5,2,Multilateral (inflows),1
44000-P168259,,,,,5,2,Multilateral (inflows),1
44000-P169498,,,,,5,2,Multilateral (inflows),1
44000-P175342,,,,,5,2,Multilateral (inflows),1
44000-P178321,,,,,5,2,Multilateral (inflows),1
44000-P178322,,,,,5,2,Multilateral (inflows),1
44000-P503960,,,,,5,2,Multilateral (inflows),1
44000-P178113,,,,,5,2,Multilateral (inflows),1
44000-P180196,,,,,5,2,Multilateral (inflows),1
44000-P181603,,,,,5,2,Multilateral (inflows),1
44000-P146452,,,,,5,2,Multilateral (inflows),1
44000-P151279,,,,,5,2,Multilateral (inflows),1
44000-P155024,,,,,5,2,Multilateral (inflows),1
44000-P158698,,,,,5,2,Multilateral (inflows),1
44000-P162671,,,,,5,2,Multilateral (inflows),1
44000-P166458,,,,,5,2,Multilateral (inflows),1
44000-P169040,,,,,5,2,Multilateral (inflows),1
44000-P171554,,,,,5,2,Multilateral (inflows),1
44000-P173680,,,,,5,2,Multilateral (inflows),1
44000-P505244,,,,,5,2,Multilateral (inflows),1
44000-P513028,,,,,5,2,Multilateral (inflows),1
44000-P171570,,,,,5,2,Multilateral (inflows),1
44000-P174889,,,,,5,2,Multilateral (inflows),1
44000-P179307,,,,,5,2,Multilateral (inflows),1
44000-P501988,,,,,5,2,Multilateral (inflows),1
44000-P506857,,,,,5,2,Multilateral (inflows),1
44000-P509222,,,,,5,2,Multilateral (inflows),1
44000-P174275,,,,,5,2,Multilateral (inflows),1
44000-P159010,,,,,5,2,Multilateral (inflows),1
44000-P508911,,,,,5,2,Multilateral (inflows),1
44000-P168335,,,,,5,2,Multilateral (inflows),1
44000-P174274,,,,,5,2,Multilateral (inflows),1
44000-P164321,,,,,5,2,Multilateral (inflows),1
44000-P508225,,,,,5,2,Multilateral (inflows),1
44000-P174447,,,,,5,2,Multilateral (inflows),1
44000-P175317,,,,,5,2,Multilateral (inflows),1
44000-P126470,,,,,5,2,Multilateral (inflows),1
44000-P128284,,,,,5,2,Multilateral (inflows),1
44000-P159023,,,,,5,2,Multilateral (inflows),1
44000-P164525,,,,,5,2,Multilateral (inflows),1
44000-P170366,,,,,5,2,Multilateral (inflows),1
44000-P172723,,,,,5,2,Multilateral (inflows),1
44000-P175293,,,,,5,2,Multilateral (inflows),1
44000-P152021,,,,,5,2,Multilateral (inflows),1
44000-P172648,,,,,5,2,Multilateral (inflows),1
44000-P147557,,,,,5,2,Multilateral (inflows),1
44000-P161136,,,,,5,2,Multilateral (inflows),1
44000-P128258,,,,,5,2,Multilateral (inflows),1
44000-P157207,,,,,5,2,Multilateral (inflows),1
44000-P174553,,,,,5,2,Multilateral (inflows),1
44000-P172628,,,,,5,2,Multilateral (inflows),1
44000-P509413,,,,,5,2,Multilateral (inflows),1
44000-P171850,,,,,5,2,Multilateral (inflows),1
44000-P170568,,,,,5,2,Multilateral (inflows),1
44000-P155480,,,,,5,2,Multilateral (inflows),1
44000-P168606,,,,,5,2,Multilateral (inflows),1
44000-P163968,,,,,5,2,Multilateral (inflows),1
44000-P172023,,,,,5,2,Multilateral (inflows),1
44000-P174376,,,,,5,2,Multilateral (inflows),1
44000-P181238,,,,,5,2,Multilateral (inflows),1
44000-P166739,,,,,5,2,Multilateral (inflows),1
44000-P510580,,,,,5,2,Multilateral (inflows),1
44000-P179294,,,,,5,2,Multilateral (inflows),1
44000-P132208,,,,,5,2,Multilateral (inflows),1
44000-P169867,,,,,5,2,Multilateral (inflows),1
44000-P144601,,,,,5,2,Multilateral (inflows),1
44000-P149963,,,,,5,2,Multilateral (inflows),1
44000-P159263,,,,,5,2,Multilateral (inflows),1
44000-P171071,,,,,5,2,Multilateral (inflows),1
44000-P172742,,,,,5,2,Multilateral (inflows),1
44000-P174683,,,,,5,2,Multilateral (inflows),1
44000-P179813,,,,,5,2,Multilateral (inflows),1
44000-P509760,,,,,5,2,Multilateral (inflows),1
44000-P173324,,,,,5,2,Multilateral (inflows),1
44000-P158111,,,,,5,2,Multilateral (inflows),1
44000-P132709,,,,,5,2,Multilateral (inflows),1
44000-P150950,,,,,5,2,Multilateral (inflows),1
44000-P161483,,,,,5,2,Multilateral (inflows),1
44000-P128251,,,,,5,2,Multilateral (inflows),1
44000-P170558,,,,,5,2,Multilateral (inflows),1
44000-P179820,,,,,5,2,Multilateral (inflows),1
44000-P172614,,,,,5,2,Multilateral (inflows),1
44000-P155066,,,,,5,2,Multilateral (inflows),1
44000-P145488,,,,,5,2,Multilateral (inflows),1
44000-P506356,,,,,5,2,Multilateral (inflows),1
44000-P150194,,,,,5,2,Multilateral (inflows),1
44000-P177930,,,,,5,2,Multilateral (inflows),1
44000-P501015,,,,,5,2,Multilateral (inflows),1
44000-P150313,,,,,5,2,Multilateral (inflows),1
44000-P506463,,,,,5,2,Multilateral (inflows),1
44000-P177931,,,,,5,2,Multilateral (inflows),1
44000-P502032,,,,,5,2,Multilateral (inflows),1
44000-P150677,,,,,5,2,Multilateral (inflows),1
44000-P181023,,,,,5,2,Multilateral (inflows),1
44000-P172597,,,,,5,2,Multilateral (inflows),1
44000-P131440,,,,,5,2,Multilateral (inflows),1
44000-P172796,,,,,5,2,Multilateral (inflows),1
44000-P179367,,,,,5,2,Multilateral (inflows),1
44000-P133798,,,,,5,2,Multilateral (inflows),1
44000-P110836,,,,,5,2,Multilateral (inflows),1
44000-P180504,,,,,5,2,Multilateral (inflows),1
44000-P143645,,,,,5,2,Multilateral (inflows),1
44000-P178156,,,,,5,2,Multilateral (inflows),1
44000-P120536,,,,,5,2,Multilateral (inflows),1
44000-P145254,,,,,5,2,Multilateral (inflows),1
44000-P507912,,,,,5,2,Multilateral (inflows),1
44000-P150009,,,,,5,2,Multilateral (inflows),1
44000-P507760,,,,,5,2,Multilateral (inflows),1
44000-P169956,,,,,5,2,Multilateral (inflows),1
44000-P146322,,,,,5,2,Multilateral (inflows),1
44000-P162071,,,,,5,2,Multilateral (inflows),1
44000-P127787,,,,,5,2,Multilateral (inflows),1
44000-P168749,,,,,5,2,Multilateral (inflows),1
44000-P176930,,,,,5,2,Multilateral (inflows),1
44000-P506285,,,,,5,2,Multilateral (inflows),1
44000-P155118,,,,,5,2,Multilateral (inflows),1
44000-P165928,,,,,5,2,Multilateral (inflows),1
44000-P149770,,,,,5,2,Multilateral (inflows),1
44000-P171764,,,,,5,2,Multilateral (inflows),1
44000-P174498,,,,,5,2,Multilateral (inflows),1
44000-P180120,,,,,5,2,Multilateral (inflows),1
44000-P173906,,,,,5,2,Multilateral (inflows),1
44000-P170113,,,,,5,2,Multilateral (inflows),1
44000-P179944,,,,,5,2,Multilateral (inflows),1
44000-P174246,,,,,5,2,Multilateral (inflows),1
44000-P179077,,,,,5,2,Multilateral (inflows),1
44000-P507031,,,,,5,2,Multilateral (inflows),1
PS-TIN-888005972-SO5,110,Standard grant,10,ODA,4,1,Bilateral,1
PS-TIN-888005972-SO3,110,Standard grant,10,ODA,4,1,Bilateral,1
PS-TIN-888005972-SO4,110,Standard grant,10,ODA,4,1,Bilateral,1
PS-TIN-888005972-SO1,110,Standard grant,10,ODA,4,1,Bilateral,1
PS-TIN-888005972-SO2,110,Standard grant,10,ODA,4,1,Bilateral,1
44000-P179007,,,,,5,2,Multilateral (inflows),1
44000-P168280,,,,,5,2,Multilateral (inflows),1
44000-P166019,,,,,5,2,Multilateral (inflows),1
44000-P171751,,,,,5,2,Multilateral (inflows),1
44000-P176353,,,,,5,2,Multilateral (inflows),1
44000-P511920,,,,,5,2,Multilateral (inflows),1
44000-P180470,,,,,5,2,Multilateral (inflows),1
44000-P501037,,,,,5,2,Multilateral (inflows),1
BJ-IFU-6200801257400-RSG0123375-29295,110,Standard grant,10,ODA,5,,,0
44000-P174911,,,,,5,2,Multilateral (inflows),1
44000-P181011,,,,,5,2,Multilateral (inflows),1
44000-P507116,,,,,5,2,Multilateral (inflows),1
44000-P507962,,,,,5,2,Multilateral (inflows),1
44000-P122667,,,,,5,2,Multilateral (inflows),1
44000-P122793,,,,,5,2,Multilateral (inflows),1
44000-P124174,,,,,5,2,Multilateral (inflows),1
44000-P127201,,,,,5,2,Multilateral (inflows),1
44000-P131775,,,,,5,2,Multilateral (inflows),1
44000-P144675,,,,,5,2,Multilateral (inflows),1
44000-P146095,,,,,5,2,Multilateral (inflows),1
44000-P155824,,,,,5,2,Multilateral (inflows),1
44000-P157405,,,,,5,2,Multilateral (inflows),1
44000-P160480,,,,,5,2,Multilateral (inflows),1
44000-P171006,,,,,5,2,Multilateral (inflows),1
44000-P171216,,,,,5,2,Multilateral (inflows),1
44000-P176717,,,,,5,2,Multilateral (inflows),1
44000-P181146,,,,,5,2,Multilateral (inflows),1
46002-P-ML-K00-011,421,Standard loan,10,ODA,5,2,Multilateral (inflows),1
46002-P-ML-K00-014,421,Standard loan,10,ODA,5,2,Multilateral (inflows),1
46002-P-ML-K00-015,421,Standard loan,10,ODA,5,2,Multilateral (inflows),1
46002-P-ML-K00-018,421,Standard loan,10,ODA,5,2,Multilateral (inflows),1
46002-P-ML-K00-020,421,Standard loan,10,ODA,5,2,Multilateral (inflows),1
46002-P-ML-KA0-001,421,Standard loan,10,ODA,5,2,Multilateral (inflows),1
46002-P-ML-KA0-003,421,Standard loan,10,ODA,5,2,Multilateral (inflows),1
46002-P-ML-KA0-006,421,Standard loan,10,ODA,5,2,Multilateral (inflows),1
46002-P-NA-KA0-002,421,Standard loan,10,ODA,5,2,Multilateral (inflows),1
46002-P-NA-K00-007,421,Standard loan,10,ODA,5,2,Multilateral (inflows),1
46002-P-NA-KA0-004,421,Standard loan,10,ODA,5,2,Multilateral (inflows),1
46002-P-NA-K00-004,421,Standard loan,10,ODA,5,2,Multilateral (inflows),1
46002-P-NA-K00-005,,,,,,2,Multilateral (inflows),1
46002-P-MZ-K00-001,421,Standard loan,10,ODA,5,2,Multilateral (inflows),1
46002-P-MZ-K00-002,421,Standard loan,10,ODA,5,2,Multilateral (inflows),1
46002-P-MZ-K00-004,421,Standard loan,10,ODA,5,2,Multilateral (inflows),1
46002-P-MZ-K00-007,421,Standard loan,10,ODA,5,2,Multilateral (inflows),1
46002-P-MZ-K00-009,421,Standard loan,10,ODA,5,2,Multilateral (inflows),1
46002-P-MZ-K00-010,421,Standard loan,10,ODA,5,2,Multilateral (inflows),1
46002-P-MZ-K00-011,421,Standard loan,10,ODA,5,2,Multilateral (inflows),1
46002-P-MZ-K00-012,421,Standard loan,10,ODA,5,2,Multilateral (inflows),1
46002-P-MZ-AA0-041,,,,,,2,Multilateral (inflows),1
46002-P-MZ-KA0-007,,,,,,2,Multilateral (inflows),1
46002-P-MZ-AA0-045,,,,,,2,Multilateral (inflows),1
46002-P-NE-KA0-015,421,Standard loan,10,ODA,5,2,Multilateral (inflows),1
46002-P-NE-KA0-013,421,Standard loan,10,ODA,5,2,Multilateral (inflows),1
46002-P-NE-KA0-012,421,Standard loan,10,ODA,5,2,Multilateral (inflows),1
46002-P-NE-KA0-011,421,Standard loan,10,ODA,5,2,Multilateral (inflows),1
46002-P-NE-K00-007,421,Standard loan,10,ODA,5,2,Multilateral (inflows),1
46002-P-NE-KA0-006,421,Standard loan,10,ODA,5,2,Multilateral (inflows),1
46002-P-NE-KA0-008,421,Standard loan,10,ODA,5,2,Multilateral (inflows),1
46002-P-NE-KA0-010,421,Standard loan,10,ODA,5,2,Multilateral (inflows),1
46002-P-NE-A00-012,,,,,,2,Multilateral (inflows),1
46002-P-NE-KA0-014,,,,,,2,Multilateral (inflows),1
46002-P-MA-K00-014,421,Standard loan,10,ODA,5,2,Multilateral (inflows),1
46002-P-MA-AA0-011,421,Standard loan,10,ODA,5,2,Multilateral (inflows),1
46002-P-MA-AA0-003,421,Standard loan,10,ODA,5,2,Multilateral (inflows),1
46002-P-MA-I00-006,,,10,ODA,5,2,Multilateral (inflows),1
46002-P-MA-HAZ-002,421,Standard loan,10,ODA,5,2,Multilateral (inflows),1
46002-P-MA-IBD-011,421,Standard loan,10,ODA,5,2,Multilateral (inflows),1
46002-P-MA-HA0-001,421,Standard loan,10,ODA,5,2,Multilateral (inflows),1
46002-P-MA-A00-002,421,Standard loan,10,ODA,5,2,Multilateral (inflows),1
46002-P-MA-H00-001,421,Standard loan,10,ODA,5,2,Multilateral (inflows),1
46002-P-MA-DZ0-002,421,Standard loan,10,ODA,5,2,Multilateral (inflows),1
46002-P-MA-E00-004,421,Standard loan,10,ODA,5,2,Multilateral (inflows),1
46002-P-MA-GB0-002,421,Standard loan,10,ODA,5,2,Multilateral (inflows),1
46002-P-MA-GB0-003,421,Standard loan,10,ODA,5,2,Multilateral (inflows),1
46002-P-MA-H00-004,421,Standard loan,10,ODA,5,2,Multilateral (inflows),1
46002-P-MA-HZ0-003,421,Standard loan,10,ODA,5,2,Multilateral (inflows),1
46002-P-MA-HZ0-006,421,Standard loan,10,ODA,5,2,Multilateral (inflows),1
46002-P-MA-HZ0-011,421,Standard loan,10,ODA,5,2,Multilateral (inflows),1
46002-P-MA-IAZ-003,421,Standard loan,10,ODA,5,2,Multilateral (inflows),1
46002-P-MA-IAZ-004,421,Standard loan,10,ODA,5,2,Multilateral (inflows),1
46002-P-MA-IBD-001,421,Standard loan,10,ODA,5,2,Multilateral (inflows),1
46002-P-MA-IBD-008,421,Standard loan,10,ODA,5,2,Multilateral (inflows),1
46002-P-MA-IBD-010,421,Standard loan,10,ODA,5,2,Multilateral (inflows),1
46002-P-MA-K00-002,421,Standard loan,10,ODA,5,2,Multilateral (inflows),1
46002-P-MA-K00-003,421,Standard loan,10,ODA,5,2,Multilateral (inflows),1
46002-P-MA-K00-004,421,Standard loan,10,ODA,5,2,Multilateral (inflows),1
46002-P-MA-K00-005,421,Standard loan,10,ODA,5,2,Multilateral (inflows),1
46002-P-MA-K00-006,421,Standard loan,10,ODA,5,2,Multilateral (inflows),1
46002-P-MA-K00-010,421,Standard loan,10,ODA,5,2,Multilateral (inflows),1
46002-P-MA-A00-003,421,Standard loan,10,ODA,5,2,Multilateral (inflows),1
46002-P-MA-K00-013,421,Standard loan,10,ODA,5,2,Multilateral (inflows),1
46002-P-MA-K00-019,,,10,ODA,5,2,Multilateral (inflows),1
46002-P-MA-K00-021,421,Standard loan,10,ODA,5,2,Multilateral (inflows),1
46002-P-MA-I00-010,,,10,ODA,5,2,Multilateral (inflows),1
46002-P-MA-I00-016,,,10,ODA,5,2,Multilateral (inflows),1
46002-P-MA-H00-020,421,Standard loan,10,ODA,5,2,Multilateral (inflows),1
46002-P-MA-I00-012,,,,,,2,Multilateral (inflows),1
46002-P-MA-AA0-023,,,,,,2,Multilateral (inflows),1
46002-P-MA-IBD-012,,,,,,2,Multilateral (inflows),1
46002-P-MA-IA0-008,,,,,,2,Multilateral (inflows),1
46002-P-MA-IAD-003,,,,,,2,Multilateral (inflows),1
46002-P-MA-K00-023,,,,,,2,Multilateral (inflows),1
46002-P-MA-K00-028,,,,,,2,Multilateral (inflows),1
46002-P-MA-AA0-024,,,,,,2,Multilateral (inflows),1
46002-P-MA-IAZ-009,,,,,,2,Multilateral (inflows),1
46002-P-NG-KA0-002,421,Standard loan,10,ODA,5,2,Multilateral (inflows),1
DE-1-200570218,110,Standard grant,10,ODA,3,1,Bilateral,1
DE-1-201265420,421,Standard loan,10,ODA,3,1,Bilateral,1
46002-P-NG-FA0-002,421,Standard loan,10,ODA,5,2,Multilateral (inflows),1
46002-P-NG-K00-005,421,Standard loan,10,ODA,5,2,Multilateral (inflows),1
46002-P-NG-KA0-006,421,Standard loan,10,ODA,5,2,Multilateral (inflows),1
46002-P-NG-AAG-016,,,,,,2,Multilateral (inflows),1
46002-P-NG-K00-012,,,,,,2,Multilateral (inflows),1
46002-P-NG-K00-013,,,,,,2,Multilateral (inflows),1
46002-P-RW-FA0-008,,,10,ODA,5,2,Multilateral (inflows),1
46002-P-RW-FA0-016,,,10,ODA,5,2,Multilateral (inflows),1
46002-P-RW-IZ0-004,421,Standard loan,10,ODA,5,2,Multilateral (inflows),1
46002-P-RW-IZ0-006,421,Standard loan,10,ODA,5,2,Multilateral (inflows),1
46002-P-RW-AAE-004,421,Standard loan,10,ODA,5,2,Multilateral (inflows),1
46002-P-RW-IZ0-002,421,Standard loan,10,ODA,5,2,Multilateral (inflows),1
46002-P-RW-IZ0-003,421,Standard loan,10,ODA,5,2,Multilateral (inflows),1
46002-P-RW-K00-006,421,Standard loan,10,ODA,5,2,Multilateral (inflows),1
46002-P-RW-K00-013,421,Standard loan,10,ODA,5,2,Multilateral (inflows),1
46002-P-RW-E00-013,,,,,,2,Multilateral (inflows),1
46002-P-RW-F00-009,,,,,,2,Multilateral (inflows),1
46002-P-ST-K00-012,421,Standard loan,10,ODA,5,2,Multilateral (inflows),1
46002-P-ST-K00-015,421,Standard loan,10,ODA,5,2,Multilateral (inflows),1
46002-P-ST-K00-013,,,,,,2,Multilateral (inflows),1
46002-P-ST-K00-014,,,,,,2,Multilateral (inflows),1
46002-P-ST-K00-017,,,,,,2,Multilateral (inflows),1
DE-1-201767805,421,Standard loan,10,ODA,3,1,Bilateral,1
DE-1-201770114,110,Standard grant,10,ODA,3,1,Bilateral,1
