iatiidentifier,donor_ref,donor,x1_donor_type,modality,status_code,status_name,recipient_main,commitment_usd,disbursement_usd,n_disb_years,first_disb_year,last_disb_year,y1_gap,planned_end,actual_end,y2_early_days,budget_orig,budget_ccy,n_budget_lines,cp_eligible,planned_start,actual_start
44000-P101177,44000,EN: World Bank,Multilateral,A02_sector,3,Finalisation,PE,0,310000000.0,1,2015,2015,,2015-09-08,2015-09-08,0,-248265705.46,USD,100,0,2008-03-20,2009-04-09
44000-P101471,44000,EN: World Bank,Multilateral,A02_sector,3,Finalisation,PE,0,310000000.0,1,2015,2015,,2015-09-08,2015-09-08,0,25478167.96,USD,100,0,2008-05-18,2009-02-17
44000-P110836,44000,EN: World Bank,Multilateral,A02_sector,3,Finalisation,TZ,,,,,,,2014-06-30,2014-06-30,0,-127233478.16,USD,4,0,2012-05-01,2013-03-26
44000-P111926,44000,EN: World Bank,Multilateral,A02_sector,3,Finalisation,CR,0,31017000.0,1,2017,2017,,2017-10-30,2017-10-30,0,23994277.780000005,USD,102,0,2008-09-30,2008-09-16
44000-P112346,44000,EN: World Bank,Multilateral,A02_sector,3,Finalisation,EG,0,100000000.0,1,2015,2015,,2015-03-31,2015-03-31,0,115372502.37999998,USD,100,0,2009-04-16,2009-09-24
44000-P120536,44000,EN: World Bank,Multilateral,A02_sector,3,Finalisation,TZ,85000000.0,85488870.0,1,2014,2014,-0.0057514117647058825,2015-06-30,2015-06-30,0,-151652121.42,USD,4,0,2013-05-07,2014-03-27
44000-P120566,44000,EN: World Bank,Multilateral,A02_sector,3,Finalisation,MA,,,,,,,2012-12-31,2012-12-31,0,-109850185.26,USD,4,0,2011-07-15,2012-06-12
44000-P120860,44000,EN: World Bank,Multilateral,A02_sector,3,Finalisation,PE,-100000000.0,0.0,0,,,,2019-12-09,2019-12-09,0,0.0,USD,98,0,2010-09-15,2010-12-09
44000-P122667,44000,EN: World Bank,Multilateral,A02_sector,3,Finalisation,VN,,,,,,,2012-09-30,2012-09-30,0,-51726041.3,USD,100,0,2011-07-14,2012-02-02
44000-P122738,44000,EN: World Bank,Multilateral,A02_sector,3,Finalisation,PA,0,66000000.0,2,2016,2020,,2021-06-30,2021-06-30,0,18441603.18,USD,4,0,2011-07-14,2011-10-18
44000-P122793,44000,EN: World Bank,Multilateral,A02_sector,3,Finalisation,VN,,,,,,,2014-01-30,2014-01-30,0,-201931923.28,USD,4,0,2012-06-28,2013-03-19
44000-P123352,44000,EN: World Bank,Multilateral,A02_sector,3,Finalisation,NG,200000000.0,197996752.0,1,2014,2014,0.01001624,2015-05-31,2015-05-31,0,-236656431.2,USD,4,0,2011-09-29,2014-03-27
44000-P123353,44000,EN: World Bank,Multilateral,A02_sector,3,Finalisation,NG,,,,,,,2014-06-30,2014-06-30,0,-122311123.14,USD,4,0,2011-09-29,2012-03-29
44000-P124041,44000,EN: World Bank,Multilateral,A02_sector,3,Finalisation,IN,,,,,,,2013-09-30,2013-09-30,0,-22809395.92,USD,4,0,2011-11-10,2012-09-06
44000-P124174,44000,EN: World Bank,Multilateral,A02_sector,3,Finalisation,VN,,,,,,,2013-07-31,2013-07-31,0,-112828014.14,USD,100,0,2011-12-07,2012-03-22
44000-P125202,44000,EN: World Bank,Multilateral,A02_sector,3,Finalisation,SC,0,0.0,0,,,,2013-06-30,2013-06-30,0,-6713708.32,USD,4,0,2012-04-25,2012-09-20
44000-P125272,44000,EN: World Bank,Multilateral,A02_sector,3,Finalisation,NE,,,,,,,2013-06-30,2013-06-30,0,-83132311.62,USD,4,0,2012-03-27,2012-06-26
44000-P125694,44000,EN: World Bank,Multilateral,A02_sector,3,Finalisation,MU,,,,,,,2012-12-31,2012-12-31,0,-2280134.96,USD,4,0,2011-12-15,2012-03-27
44000-P125943,44000,EN: World Bank,Multilateral,A02_sector,3,Finalisation,PH,,,,,,,2014-10-31,2014-10-31,0,-353112247.64,USD,100,0,2011-07-26,2011-09-13
44000-P126034,44000,EN: World Bank,Multilateral,A02_sector,3,Finalisation,KG,,,,,,,2014-09-30,2014-09-30,0,-48033464.46,USD,4,0,2012-06-26,2013-07-25
44000-P126038,44000,EN: World Bank,Multilateral,A02_sector,3,Finalisation,MK,,,,,,,2013-06-28,2013-06-28,0,-39043473.12,USD,4,0,2012-05-22,2012-11-29
44000-P126274,44000,EN: World Bank,Multilateral,A02_sector,3,Finalisation,KG,25000000.0,24942602.0,1,2014,2014,0.00229592,2015-12-31,2015-12-31,0,-46768246.14,USD,4,0,2013-06-25,2014-06-10
44000-P126297,44000,EN: World Bank,Multilateral,A02_sector,3,Finalisation,MX,,,,,,,2013-11-29,2013-11-29,0,117996604.42,USD,4,0,2012-03-27,2012-03-13
44000-P126351,44000,EN: World Bank,Multilateral,A02_sector,3,Finalisation,BR,,,,,,,2014-12-31,2014-12-31,0,-557813633.84,USD,4,0,2012-01-10,2012-06-28
44000-P126470,44000,EN: World Bank,Multilateral,A02_sector,3,Finalisation,SN,,,,,,,2015-03-31,2015-03-31,0,-52812923.88,USD,4,0,2012-05-29,2013-12-19
44000-P126580,44000,EN: World Bank,Multilateral,A02_sector,3,Finalisation,PH,0,500000000.0,2,2014,2015,,2015-06-30,2015-06-30,0,-1745166972.5,USD,4,0,2012-05-22,2013-03-19
44000-P126583,44000,EN: World Bank,Multilateral,A02_sector,3,Finalisation,CO,0,250000000.0,1,2020,2020,,2021-07-10,2021-07-10,0,-431448750.0,USD,220,0,2012-04-17,2012-07-10
44000-P126749,44000,EN: World Bank,Multilateral,A02_sector,3,Finalisation,BR,,,,,,,2014-12-31,2014-12-31,0,-135751580.56,USD,4,0,2012-03-28,2013-06-14
44000-P126903,44000,EN: World Bank,Multilateral,A02_sector,3,Finalisation,MU,,,,,,,2012-12-31,2012-12-31,0,-5512777.46,USD,4,0,2012-05-17,2012-03-27
44000-P127038,44000,EN: World Bank,Multilateral,A02_sector,3,Finalisation,MA,,,,,,,2013-12-31,2013-12-31,0,-194799077.82,USD,4,0,2011-12-18,2013-03-12
44000-P127201,44000,EN: World Bank,Multilateral,A02_sector,3,Finalisation,VN,,,,,,,2013-09-30,2013-09-30,0,-52888861.14,USD,4,0,2012-08-30,2012-11-08
44000-P127332,44000,EN: World Bank,Multilateral,A02_sector,3,Finalisation,PA,0,0.0,0,,,,2014-06-30,2014-06-30,0,-12722631.4,USD,4,0,2012-04-05,2013-03-26
44000-P127408,44000,EN: World Bank,Multilateral,A02_sector,3,Finalisation,RS,100000000.0,101458113.0,1,2015,2015,-0.01458113,2016-03-31,2016-03-31,0,-114541236.82,USD,100,0,2012-09-06,2015-03-24
44000-P127411,44000,EN: World Bank,Multilateral,A02_sector,3,Finalisation,CV,15500000.0,15565514.0,1,2014,2014,-0.0042267096774193545,2014-12-31,2014-12-31,0,-27295375.9,USD,4,0,2010-11-30,2014-04-22
44000-P127433,44000,EN: World Bank,Multilateral,A02_sector,3,Finalisation,PL,,,,,,,2013-06-30,2013-06-30,0,-853506449.54,USD,4,0,2012-05-29,2012-06-19
44000-P127449,44000,EN: World Bank,Multilateral,A02_sector,3,Finalisation,CI,,,,,,,2013-12-31,2013-12-31,0,-89150618.86,USD,4,0,2012-07-12,2013-08-30
44000-P127665,44000,EN: World Bank,Multilateral,A02_sector,3,Finalisation,HR,206800000.0,202102500.0,1,2014,2014,0.022715183752417795,2014-08-31,2014-08-31,0,-341713910.64,USD,100,0,2013-01-31,2014-04-29
44000-P127754,44000,EN: World Bank,Multilateral,A02_sector,3,Finalisation,AM,,,,,,,2014-03-31,2014-03-31,0,-56029284.86,USD,4,0,2013-01-22,2013-11-07
44000-P127787,44000,EN: World Bank,Multilateral,A02_sector,3,Finalisation,TR,,,,,,,2014-06-30,2014-06-30,0,-711630403.78,USD,4,0,2012-07-19,2013-06-06
44000-P127822,44000,EN: World Bank,Multilateral,A02_sector,3,Finalisation,MA,,,,,,,2014-03-15,2014-03-15,0,-235920770.92,USD,100,0,2012-09-27,2013-03-27
44000-P127955,44000,EN: World Bank,Multilateral,A02_sector,3,Finalisation,MA,,,,,,,2013-12-31,2013-12-31,0,-162438123.86,USD,100,0,2013-02-28,2013-02-14
44000-P127956,44000,EN: World Bank,Multilateral,A02_sector,3,Finalisation,MA,,,,,,,2014-12-31,2014-12-31,0,-400401191.36,USD,4,0,2012-12-18,2013-12-19
44000-P128140,44000,EN: World Bank,Multilateral,A02_sector,3,Finalisation,MU,,,,,,,2014-06-30,2014-06-30,0,321648.5,USD,4,0,2013-03-25,2013-03-27
44000-P128251,44000,EN: World Bank,Multilateral,A02_sector,3,Finalisation,TN,,,,,,,2013-12-31,2013-12-31,0,-577813022.1,USD,4,0,2012-05-31,2012-11-27
44000-P128258,44000,EN: World Bank,Multilateral,A02_sector,3,Finalisation,PK,600000000.0,603789088.0,1,2014,2014,-0.006315146666666667,2015-06-30,2015-06-30,0,-725465190.62,USD,4,0,2013-11-21,2014-05-01
44000-P128284,44000,EN: World Bank,Multilateral,A02_sector,3,Finalisation,SN,,,,,,,2014-03-31,2014-03-31,0,-93870916.18,USD,4,0,2012-07-25,2012-12-20
44000-P128434,44000,EN: World Bank,Multilateral,A02_sector,3,Finalisation,MZ,,,,,,,2013-06-30,2013-06-30,0,-83844518.94,USD,4,0,2012-11-06,2013-01-24
44000-P129489,44000,EN: World Bank,Multilateral,A02_sector,3,Finalisation,MZ,,,,,,,2013-12-31,2013-12-31,0,-84922735.56,USD,4,0,2013-03-29,2013-04-25
44000-P129597,44000,EN: World Bank,Multilateral,A02_sector,3,Finalisation,GE,,,,,,,2013-03-31,2013-03-31,0,-40417428.74,USD,4,0,2012-07-26,2012-07-19
44000-P129652,44000,EN: World Bank,Multilateral,A02_sector,3,Finalisation,BR,0,0.0,0,,,,2014-12-31,2014-12-31,0,-78406800.56,USD,4,0,2013-02-21,2013-05-21
44000-P130012,44000,EN: World Bank,Multilateral,A02_sector,3,Finalisation,NG,0,101760555.0,1,2014,2014,,2015-03-31,2015-03-31,0,-175990690.98,USD,4,0,2012-11-15,2013-06-28
44000-P130048,44000,EN: World Bank,Multilateral,A02_sector,3,Finalisation,ID,0,2000000000.0,1,2015,2015,,2015-12-31,2015-12-31,0,501326510.78,USD,4,0,2012-04-25,2012-05-15
44000-P130051,44000,EN: World Bank,Multilateral,A02_sector,3,Finalisation,RO,0,408105000.0,1,2014,2014,,2014-10-27,2014-10-27,0,-1787321738.82,USD,4,0,2012-05-29,2012-06-12
44000-P130459,44000,EN: World Bank,Multilateral,A02_sector,3,Finalisation,PL,,,,,,,2014-06-30,2014-06-30,0,-1098967860.74,USD,4,0,2013-05-30,2013-06-18
44000-P130847,44000,EN: World Bank,Multilateral,A02_sector,3,Finalisation,MK,50000000.0,48563597.0,1,2014,2014,0.02872806,2014-10-30,2014-10-30,0,-42995938.7,USD,100,0,2013-09-12,2014-03-13
44000-P130903,44000,EN: World Bank,Multilateral,A02_sector,3,Finalisation,MA,,,,,,,2014-12-31,2014-12-31,0,-270573461.52,USD,4,0,2012-12-18,2013-10-29
44000-P130972,44000,EN: World Bank,Multilateral,A02_sector,3,Finalisation,CO,0,0.0,0,,,,2013-06-30,2013-06-30,0,-216060166.68,USD,4,0,2012-12-13,2012-12-13
44000-P131028,44000,EN: World Bank,Multilateral,A02_sector,3,Finalisation,PE,,,,,,,2013-12-31,2013-12-31,0,6471366.74,USD,4,0,2012-11-15,2012-12-13
44000-P131212,44000,EN: World Bank,Multilateral,A02_sector,3,Finalisation,MZ,,,,,,,2014-03-31,2014-03-31,0,-195710999.68,USD,4,0,2013-05-20,2013-07-16
44000-P131440,44000,EN: World Bank,Multilateral,A02_sector,3,Finalisation,UY,0,260000000.0,1,2019,2019,,2019-06-30,2019-06-30,0,61160407.92,USD,100,0,2012-10-23,2012-11-13
44000-P131688,44000,EN: World Bank,Multilateral,A02_sector,3,Finalisation,KM,3800000.0,3851950.0,1,2014,2014,-0.013671052631578947,2014-12-30,2014-12-30,0,-7703900.0,USD,100,0,2013-11-14,2014-04-29
44000-P131763,44000,EN: World Bank,Multilateral,A02_sector,3,Finalisation,GT,,,,,,,2013-12-31,2013-12-31,0,-86528536.5,USD,100,0,2012-09-27,2012-09-27
44000-P131775,44000,EN: World Bank,Multilateral,A02_sector,3,Finalisation,VN,70000000.0,66054828.0,1,2014,2014,0.0563596,2015-09-30,2015-09-30,0,-58121359.56,USD,4,0,2014-02-20,2014-06-30
44000-P132208,44000,EN: World Bank,Multilateral,A02_sector,3,Finalisation,TG,0,13450216.0,1,2014,2014,,2016-06-30,2016-06-30,0,-23505230.2,USD,4,0,2013-03-21,2013-12-05
44000-P132510,44000,EN: World Bank,Multilateral,A02_sector,3,Finalisation,MU,0,16103959.0,1,2014,2014,,2014-06-30,2014-06-30,0,-7898397.42,USD,4,0,2013-04-25,2013-03-27
44000-P132709,44000,EN: World Bank,Multilateral,A02_sector,3,Finalisation,TN,250000000.0,242507719.0,1,2014,2014,0.029969124,2015-06-30,2015-06-30,0,-332011787.42,USD,4,0,2013-09-12,2014-04-29
44000-P132757,44000,EN: World Bank,Multilateral,A02_sector,3,Finalisation,NE,-1546.0,0,0,,,,2014-06-30,2014-06-30,0,-86273360.7,USD,4,0,2013-03-26,2013-04-30
44000-P132768,44000,EN: World Bank,Multilateral,A02_sector,3,Finalisation,BR,,,,,,,2014-09-30,2014-09-30,0,-397776652.68,USD,4,0,2013-07-18,2013-06-25
44000-P132786,44000,EN: World Bank,Multilateral,A02_sector,3,Finalisation,BJ,20000000.0,20030555.0,1,2014,2014,-0.00152775,2014-12-31,2014-12-31,0,-35538246.0,USD,4,0,2013-11-05,2014-03-11
44000-P133107,44000,EN: World Bank,Multilateral,A02_sector,3,Finalisation,SL,-37615.0,25128243.0,1,2014,2014,,2015-06-30,2015-06-30,0,-181256.0,USD,100,0,2013-03-28,2013-12-23
44000-P133664,44000,EN: World Bank,Multilateral,A02_sector,3,Finalisation,GH,150000000.0,151757276.0,1,2015,2015,-0.011715173333333334,2016-11-30,2016-11-30,0,-186936395.08,USD,4,0,2013-01-07,2015-06-30
44000-P133687,44000,EN: World Bank,Multilateral,A02_sector,3,Finalisation,MZ,25000000.0,23759082.0,1,2014,2014,0.04963672,2015-06-30,2015-06-30,0,-41571602.94,USD,4,0,2013-09-26,2014-07-15
44000-P133738,44000,EN: World Bank,Multilateral,A02_sector,3,Finalisation,GT,340000000.0,340000000.0,1,2015,2015,0.0,2015-03-31,2015-03-31,0,-349417279.6,USD,100,0,2013-07-18,2014-06-17
44000-P133798,44000,EN: World Bank,Multilateral,A02_sector,3,Finalisation,TZ,100000000.0,99994329.0,1,2015,2015,5.671e-05,2015-12-31,2015-12-31,0,-154780961.34,USD,4,0,2013-11-26,2015-06-23
44000-P143040,44000,EN: World Bank,Multilateral,A02_sector,3,Finalisation,AM,75000000.0,75000000.0,1,2014,2014,0.0,2015-03-31,2015-03-31,0,-92597889.78,USD,4,0,2014-09-25,2014-11-12
44000-P143060,44000,EN: World Bank,Multilateral,A02_sector,3,Finalisation,GE,,,,,,,2014-03-31,2014-03-31,0,-52529161.06,USD,4,0,2013-07-25,2013-06-27
44000-P143283,44000,EN: World Bank,Multilateral,A02_sector,3,Finalisation,MD,30000000.0,30220413.0,2,2014,2019,-0.0073471,2014-10-31,2014-10-31,0,-34480564.42,USD,4,0,2014-03-27,2014-03-28
44000-P143645,44000,EN: World Bank,Multilateral,A02_sector,3,Finalisation,TZ,,,,,,,2014-06-30,2014-06-30,0,-168931983.28,USD,4,0,2013-02-15,2013-03-26
44000-P143781,44000,EN: World Bank,Multilateral,A02_sector,3,Finalisation,CI,69999845.0,68518299.0,2,2014,2015,0.021164989722477243,2015-06-30,2015-06-30,0,-104452750.18,USD,4,0,2013-12-17,2014-12-04
44000-P144185,44000,EN: World Bank,Multilateral,A02_sector,3,Finalisation,MA,100000000.0,93020495.0,1,2014,2014,0.06979505,2015-12-31,2015-12-31,0,-118757661.3,USD,4,0,2013-12-12,2014-08-26
44000-P144601,44000,EN: World Bank,Multilateral,A02_sector,3,Finalisation,TO,0,5246370.0,1,2014,2014,,2014-06-30,2014-06-30,0,-9839963.58,USD,4,0,2013-11-14,2013-11-18
44000-P144602,44000,EN: World Bank,Multilateral,A02_sector,3,Finalisation,KI,0,5279344.0,1,2014,2014,,2014-06-30,2014-06-30,0,-10558687.78,USD,4,0,2013-12-05,2013-12-11
44000-P144675,44000,EN: World Bank,Multilateral,A02_sector,3,Finalisation,VN,200000000.0,200000000.0,2,2014,2015,0.0,2015-07-31,2015-07-31,0,-182292020.62,USD,100,0,2013-12-13,2014-06-30
44000-P145251,44000,EN: World Bank,Multilateral,A02_sector,3,Finalisation,NE,70000000.0,69970546.0,2,2014,2015,0.0004207714285714286,2015-06-30,2015-06-30,0,-139941092.1,USD,4,0,2014-04-08,2014-03-21
44000-P145254,44000,EN: World Bank,Multilateral,A02_sector,3,Finalisation,TZ,100000000.0,100430168.0,1,2014,2014,-0.00430168,2015-06-30,2015-06-30,0,-178258956.3,USD,4,0,2014-02-18,2014-03-21
44000-P145275,44000,EN: World Bank,Multilateral,A02_sector,3,Finalisation,ML,63000000.0,56874232.0,1,2015,2015,0.0972344126984127,2015-06-30,2015-06-30,0,-97859870.36,USD,4,0,2014-04-29,2014-11-18
44000-P145488,44000,EN: World Bank,Multilateral,A02_sector,3,Finalisation,TV,0,3083420.0,1,2014,2014,,2014-06-30,2014-06-30,0,-6166840.0,USD,4,0,2013-09-26,2013-11-22
44000-P145605,44000,EN: World Bank,Multilateral,A02_sector,3,Finalisation,CO,0,0.0,0,,,,2014-12-31,2014-12-31,0,-812877666.7,USD,4,0,2013-08-29,2013-09-06
44000-P145766,44000,EN: World Bank,Multilateral,A02_sector,3,Finalisation,CO,700000000.0,700000000.0,1,2014,2014,0.0,2015-12-31,2015-12-31,0,-1033206611.16,USD,4,0,2014-07-08,2014-12-12
44000-P145995,44000,EN: World Bank,Multilateral,A02_sector,3,Finalisation,JM,,,,,,,2014-06-30,2014-06-30,0,-102999598.04,USD,4,0,2014-01-16,2013-12-12
44000-P146095,44000,EN: World Bank,Multilateral,A02_sector,3,Finalisation,VN,250000000.0,236452902.0,1,2014,2014,0.054188392,2015-01-31,2015-01-31,0,-207310722.44,USD,4,0,2014-03-18,2014-06-05
44000-P146243,44000,EN: World Bank,Multilateral,A02_sector,3,Finalisation,PL,965800000.0,899010000.0,1,2014,2014,0.06915510457651687,2015-12-31,2015-12-31,0,-1224970690.2,USD,4,0,2014-05-22,2014-07-01
44000-P146280,44000,EN: World Bank,Multilateral,A02_sector,3,Finalisation,AL,100000000.0,96279915.0,1,2014,2014,0.03720085,2015-06-30,2015-06-30,0,-116128588.48,USD,4,0,2014-05-28,2014-05-15
44000-P146322,44000,EN: World Bank,Multilateral,A02_sector,3,Finalisation,TR,500000000.0,462464750.0,1,2014,2014,0.0750705,2015-06-30,2015-06-30,0,-431534016.44,USD,4,0,2014-05-30,2014-07-24
44000-P146398,44000,EN: World Bank,Multilateral,A02_sector,3,Finalisation,MZ,50000000.0,47351800.0,1,2015,2015,0.052964,2015-06-30,2015-06-30,0,-83078225.6,USD,100,0,2014-07-24,2014-12-23
44000-P146452,44000,EN: World Bank,Multilateral,A02_sector,3,Finalisation,RW,70000000.0,70829850.0,1,2014,2014,-0.011855,2015-06-30,2015-06-30,0,-131160251.76,USD,4,0,2014-03-25,2014-03-13
44000-P146537,44000,EN: World Bank,Multilateral,A02_sector,3,Finalisation,MZ,110000000.0,108073020.0,1,2014,2014,0.017518,2015-03-31,2015-03-31,0,-190336140.8,USD,4,0,2014-04-23,2014-12-05
44000-P146640,44000,EN: World Bank,Multilateral,A02_sector,3,Finalisation,BF,0,100234568.0,1,2014,2014,,2014-06-30,2014-06-30,0,-187793668.88,USD,4,0,2013-12-05,2013-12-05
44000-P146665,44000,EN: World Bank,Multilateral,A02_sector,3,Finalisation,BJ,20000000.0,19973720.0,1,2016,2016,0.001314,2016-06-30,2016-06-30,0,-31153017.78,USD,4,0,2015-03-17,2015-03-17
44000-P146726,44000,EN: World Bank,Multilateral,A02_sector,3,Finalisation,SL,30000000.0,29930152.0,1,2014,2014,0.0023282666666666666,2015-12-31,2015-12-31,0,-59860304.0,USD,4,0,2014-03-27,2014-12-17
44000-P146740,44000,EN: World Bank,Multilateral,A02_sector,3,Finalisation,BA,50000000.0,42492510.0,1,2015,2015,0.1501498,2015-12-31,2015-12-31,0,-62601652.36,USD,100,0,2014-02-20,2014-10-03
44000-P146930,44000,EN: World Bank,Multilateral,A02_sector,3,Finalisation,MZ,50000000.0,47826648.0,1,2015,2015,0.04346704,2016-03-28,2016-03-28,0,-73995448.54,USD,4,0,2014-07-03,2015-03-30
44000-P146942,44000,EN: World Bank,Multilateral,A02_sector,3,Finalisation,PA,0,200000000.0,1,2014,2014,,2015-01-30,2015-01-30,0,-42190450.72,USD,4,0,2014-01-23,2013-12-30
44000-P146981,44000,EN: World Bank,Multilateral,A02_sector,3,Finalisation,BR,200000000.0,200000000.0,1,2016,2016,0.0,2017-08-31,2017-08-31,0,-113533085.72,USD,4,0,2014-03-14,2015-12-21
44000-P147015,44000,EN: World Bank,Multilateral,A02_sector,3,Finalisation,CV,10000000.0,10138680.0,1,2015,2015,-0.013868,2015-12-31,2015-12-31,0,-18287904.86,USD,4,0,2014-07-22,2015-06-16
44000-P147152,44000,EN: World Bank,Multilateral,A02_sector,3,Finalisation,GD,15000000.0,14991447.0,1,2014,2014,0.0005702,2015-06-29,2015-06-29,0,-26576143.42,USD,4,0,2014-01-17,2014-06-30
44000-P147226,44000,EN: World Bank,Multilateral,A02_sector,3,Finalisation,AL,120000000.0,115511270.0,1,2014,2014,0.03740608333333333,2015-12-30,2015-12-30,0,-141192372.92,USD,4,0,2014-05-29,2014-05-29
44000-P147244,44000,EN: World Bank,Multilateral,A02_sector,3,Finalisation,MX,0,300751880.0,1,2014,2014,,2015-09-30,2015-09-30,0,74781626.04,USD,100,0,2013-12-23,2013-12-16
44000-P147257,44000,EN: World Bank,Multilateral,A02_sector,3,Finalisation,MA,300000000.0,291073945.0,1,2014,2014,0.029753516666666667,2014-12-31,2014-12-31,0,-398167515.62,USD,4,0,2014-04-24,2014-04-29
44000-P147454,44000,EN: World Bank,Multilateral,A02_sector,3,Finalisation,LK,102000000.0,102000000.0,2,2014,2016,0.0,2017-05-31,2017-05-31,0,-48342262.82,USD,4,0,2014-03-27,2014-04-22
44000-P147557,44000,EN: World Bank,Multilateral,A02_sector,3,Finalisation,PK,400000000.0,402406950.0,1,2014,2014,-0.006017375,2015-06-30,2015-06-30,0,-483404017.0,USD,4,0,2014-01-30,2014-05-01
44000-P147695,44000,EN: World Bank,Multilateral,A02_sector,3,Finalisation,BR,,,,,,,2016-01-31,2016-01-31,0,-493657801.0,USD,4,0,2013-12-04,2013-11-21
44000-P147803,44000,EN: World Bank,Multilateral,A02_sector,3,Finalisation,PH,300000000.0,300000000.0,1,2015,2015,0.0,2015-12-31,2015-12-31,0,-314058966.86,USD,4,0,2014-05-30,2014-09-26
44000-P147806,44000,EN: World Bank,Multilateral,A02_sector,3,Finalisation,BT,20000000.0,20068048.0,1,2015,2015,-0.0034024,2016-03-31,2016-03-31,0,-24494424.26,USD,4,0,2014-10-15,2015-06-17
44000-P147913,44000,EN: World Bank,Multilateral,A02_sector,3,Finalisation,BR,0,119375000.0,1,2014,2014,,2015-07-31,2015-07-31,0,-166604305.66,USD,4,0,2013-12-12,2013-12-05
44000-P147979,44000,EN: World Bank,Multilateral,A02_sector,3,Finalisation,BR,216000000.0,216000000.0,1,2014,2014,0.0,2016-01-31,2016-01-31,0,-151900585.46,USD,4,0,2014-03-20,2014-05-23
44000-P147984,44000,EN: World Bank,Multilateral,A02_sector,3,Finalisation,BR,400000000.0,400000000.0,1,2014,2014,0.0,2016-01-31,2016-01-31,0,-339184979.08,USD,4,0,2014-05-13,2014-07-30
44000-P148083,44000,EN: World Bank,Multilateral,A02_sector,3,Finalisation,BR,280000000.0,280000000.0,1,2014,2014,0.0,2015-12-31,2015-12-31,0,-272214972.34,USD,4,0,2014-05-22,2014-06-27
44000-P148099,44000,EN: World Bank,Multilateral,A02_sector,3,Finalisation,KG,24000000.0,23174775.0,1,2016,2016,0.034384375,2017-09-01,2017-09-01,0,-41387390.46,USD,4,0,2015-04-21,2016-07-07
44000-P148642,44000,EN: World Bank,Multilateral,A02_sector,3,Finalisation,MA,130000000.0,116040061.0,1,2015,2015,0.10738414615384616,2015-12-31,2015-12-31,0,-126663341.28,USD,4,0,2015-02-26,2015-02-12
44000-P148861,44000,EN: World Bank,Multilateral,A02_sector,3,Finalisation,SC,7000000.0,7000000.0,2,2015,2020,0.0,2020-09-30,2020-09-30,0,-11577663.58,USD,148,0,2014-07-07,2014-09-26
44000-P148957,44000,EN: World Bank,Multilateral,A02_sector,3,Finalisation,RO,1034800000.0,843900000.0,1,2015,2015,0.18448009277155006,2015-12-31,2015-12-31,0,-1212207740.62,USD,100,0,2014-05-06,2014-05-22
44000-P149555,44000,EN: World Bank,Multilateral,A02_sector,3,Finalisation,MD,45000000.0,44615970.0,1,2016,2016,0.008534,2017-09-30,2017-09-30,0,-56892513.96,USD,4,0,2014-10-02,2016-12-16
44000-P149609,44000,EN: World Bank,Multilateral,A02_sector,3,Finalisation,CO,700000000.0,700000000.0,2,2014,2015,0.0,2017-06-30,2017-06-30,0,-1012962611.48,USD,4,0,2014-11-03,2014-12-12
44000-P149747,44000,EN: World Bank,Multilateral,A02_sector,3,Finalisation,MA,300000000.0,300000000.0,1,2016,2016,0.0,2016-12-31,2016-12-31,0,-265868658.34,USD,4,0,2015-07-30,2015-12-18
44000-P149750,44000,EN: World Bank,Multilateral,A02_sector,3,Finalisation,RS,100000000.0,96944859.0,1,2017,2017,0.03055141,2017-12-31,2017-12-31,0,-161442204.7,USD,4,0,2015-07-15,2016-10-25
44000-P149768,44000,EN: World Bank,Multilateral,A02_sector,3,Finalisation,BA,80000000.0,91811444.0,1,2018,2018,-0.14764305,2018-03-31,2018-03-31,0,-137271936.5,USD,4,0,2014-12-18,2017-03-23
44000-P149770,44000,EN: World Bank,Multilateral,A02_sector,3,Finalisation,WS,7500000.0,6926542.0,1,2015,2015,0.07646106666666666,2015-09-30,2015-09-30,0,-13853084.0,USD,4,0,2014-08-21,2014-09-22
44000-P149776,44000,EN: World Bank,Multilateral,A02_sector,3,Finalisation,RO,558270000.0,593050000.0,1,2017,2017,-0.0622996041342003,2017-12-31,2017-12-31,0,-885240014.48,USD,4,0,2015-06-11,2016-12-15
44000-P149831,44000,EN: World Bank,Multilateral,A02_sector,3,Finalisation,PE,70000000.0,70000000.0,1,2018,2018,0.0,2018-03-12,2018-03-12,0,568879942.34,USD,4,0,2015-03-12,2015-03-12
44000-P149886,44000,EN: World Bank,Multilateral,A02_sector,3,Finalisation,SB,5000000.0,4580994.0,1,2015,2015,0.0838012,2015-12-31,2015-12-31,0,-9161988.0,USD,4,0,2014-11-20,2014-11-21
44000-P149888,44000,EN: World Bank,Multilateral,A02_sector,3,Finalisation,KI,3000000.0,2878470.0,1,2015,2015,0.04051,2015-06-30,2015-06-30,0,-27756940.0,USD,4,0,2014-08-29,2014-11-14
44000-P149963,44000,EN: World Bank,Multilateral,A02_sector,3,Finalisation,TO,5000000.0,4968726.0,1,2014,2014,0.0062548,2015-12-31,2015-12-31,0,-29408182.3,USD,4,0,2014-10-29,2014-10-29
44000-P149991,44000,EN: World Bank,Multilateral,A02_sector,3,Finalisation,GE,60000000.0,60000000.0,1,2015,2015,0.0,2015-12-31,2015-12-31,0,-73461062.58,USD,4,0,2015-06-18,2015-04-28
44000-P149998,44000,EN: World Bank,Multilateral,A02_sector,3,Finalisation,GE,60000000.0,60000000.0,1,2015,2015,0.0,2015-12-31,2015-12-31,0,-73465185.58,USD,4,0,2015-02-25,2015-04-28
44000-P150009,44000,EN: World Bank,Multilateral,A02_sector,3,Finalisation,TZ,80000000.0,79496064.0,1,2015,2015,0.0062992,2016-08-31,2016-08-31,0,-125442332.88,USD,4,0,2015-03-25,2015-09-03
44000-P150194,44000,EN: World Bank,Multilateral,A02_sector,3,Finalisation,TV,4500000.0,4604534.0,2,2015,2016,-0.023229777777777776,2016-12-31,2016-12-31,0,-15209067.84,USD,4,0,2015-01-26,2015-03-26
44000-P150313,44000,EN: World Bank,Multilateral,A02_sector,3,Finalisation,UA,750000000.0,750000000.0,1,2014,2014,0.0,2014-10-31,2014-10-31,0,-256146572.42,USD,4,0,2014-08-07,2014-05-22
44000-P150475,44000,EN: World Bank,Multilateral,A02_sector,3,Finalisation,CO,700000000.0,700704760.0,1,2015,2015,-0.0010068,2016-10-31,2016-10-31,0,-1220917598.42,USD,4,0,2015-04-27,2015-09-30
44000-P150503,44000,EN: World Bank,Multilateral,A02_sector,3,Finalisation,MG,45000000.0,44175590.0,1,2014,2014,0.018320222222222224,2015-12-30,2015-12-30,0,-67319429.08,USD,100,0,2014-09-11,2014-12-18
44000-P150677,44000,EN: World Bank,Multilateral,A02_sector,3,Finalisation,UA,500000000.0,500000000.0,1,2014,2014,0.0,2014-11-30,2014-11-30,0,-180867197.54,USD,4,0,2014-10-15,2014-08-07
44000-P150751,44000,EN: World Bank,Multilateral,A02_sector,3,Finalisation,BO,200000000.0,197180858.0,1,2015,2015,0.01409571,2016-07-15,2016-07-15,0,-228688926.14,USD,4,0,2014-08-19,2015-02-24
44000-P150924,44000,EN: World Bank,Multilateral,A02_sector,3,Finalisation,KM,2997298.0,3091824.0,1,2015,2015,-0.031537071055330504,2016-12-31,2016-12-31,0,-6178243.86,USD,4,0,2015-04-30,2015-06-02
44000-P150941,44000,EN: World Bank,Multilateral,A02_sector,3,Finalisation,BI,25000000.0,23802516.0,1,2015,2015,0.04789936,2015-12-31,2015-12-31,0,-47605032.0,USD,4,0,2014-11-25,2015-01-13
44000-P150950,44000,EN: World Bank,Multilateral,A02_sector,3,Finalisation,TN,500000000.0,497634433.0,1,2015,2015,0.004731134,2016-12-31,2016-12-31,0,-746510992.66,USD,4,0,2014-10-30,2015-10-01
44000-P151007,44000,EN: World Bank,Multilateral,A02_sector,3,Finalisation,PY,100000000.0,100000000.0,2,2016,2017,0.0,2017-12-31,2017-12-31,0,-97502395.26,USD,4,0,2014-10-21,2015-03-18
44000-P151275,44000,EN: World Bank,Multilateral,A02_sector,3,Finalisation,BF,99999656.0,99019092.0,1,2015,2015,0.009805673731517637,2015-12-31,2015-12-31,0,-174017071.64,USD,4,0,2014-11-25,2015-04-02
44000-P151279,44000,EN: World Bank,Multilateral,A02_sector,3,Finalisation,RW,70000000.0,66240910.0,1,2015,2015,0.053701285714285715,2016-03-31,2016-03-31,0,-99767428.44,USD,4,0,2015-03-12,2015-01-22
44000-P151448,44000,EN: World Bank,Multilateral,A02_sector,3,Finalisation,JM,75000000.0,75000000.0,1,2015,2015,0.0,2015-12-31,2015-12-31,0,-79186118.36,USD,4,0,2014-10-16,2015-03-03
44000-P151480,44000,EN: World Bank,Multilateral,A02_sector,3,Finalisation,NG,75000000.0,74396673.0,1,2016,2016,0.00804436,2016-12-31,2016-12-31,0,-89973526.4,USD,4,0,2015-01-26,2015-04-29
44000-P151487,44000,EN: World Bank,Multilateral,A02_sector,3,Finalisation,NE,80000000.0,77240520.0,1,2016,2016,0.0344935,2016-11-30,2016-11-30,0,-120528714.64,USD,4,0,2015-04-30,2015-12-03
44000-P151794,44000,EN: World Bank,Multilateral,A02_sector,3,Finalisation,GN,50000000.0,49236122.0,1,2014,2014,0.01527756,2015-06-30,2015-06-30,0,-93546120.34,USD,4,0,2015-12-15,2014-11-13
44000-P151803,44000,EN: World Bank,Multilateral,A02_sector,3,Finalisation,HN,55000000.0,55000000.0,1,2014,2014,0.0,2016-03-01,2016-03-01,0,-54113423.6,USD,4,0,2015-03-31,2014-12-09
44000-P151804,44000,EN: World Bank,Multilateral,A02_sector,3,Finalisation,PA,300000000.0,300000000.0,1,2015,2015,0.0,2016-04-30,2016-04-30,0,-128516052.5,USD,4,0,2015-06-02,2015-04-07
44000-P151821,44000,EN: World Bank,Multilateral,A02_sector,3,Finalisation,GD,15000000.0,14993960.0,1,2015,2015,0.0004026666666666667,2016-11-30,2016-11-30,0,-23882750.06,USD,4,0,2015-03-27,2015-10-28
44000-P152021,44000,EN: World Bank,Multilateral,A02_sector,3,Finalisation,PK,500000000.0,489390304.0,1,2015,2015,0.021219392,2016-12-31,2016-12-31,0,-610415446.38,USD,100,0,2015-05-28,2015-11-12
44000-P152064,44000,EN: World Bank,Multilateral,A02_sector,3,Finalisation,AL,100000000.0,100000000.0,1,2017,2017,0.0,2018-03-31,2018-03-31,0,-110488043.38,USD,4,0,2015-09-23,2017-03-13
44000-P152440,44000,EN: World Bank,Multilateral,A02_sector,3,Finalisation,KG,24000000.0,23313675.0,1,2015,2015,0.028596875,2016-01-31,2016-01-31,0,-40499850.76,USD,4,0,2015-01-29,2015-01-29
44000-P153084,44000,EN: World Bank,Multilateral,A02_sector,3,Finalisation,MG,55000000.0,54642284.0,1,2015,2015,0.006503927272727273,2016-12-30,2016-12-30,0,-86315436.34,USD,4,0,2015-11-17,2015-12-10
44000-P153203,44000,EN: World Bank,Multilateral,A02_sector,3,Finalisation,BR,150000000.0,150000000.0,1,2016,2016,0.0,2017-07-31,2017-07-31,0,-121732474.74,USD,4,0,2015-05-29,2015-12-03
44000-P153234,44000,EN: World Bank,Multilateral,A02_sector,3,Finalisation,AM,50000000.0,50000000.0,1,2015,2015,0.0,2016-11-30,2016-11-30,0,-63329986.56,USD,4,0,2015-11-16,2015-12-09
44000-P153243,44000,EN: World Bank,Multilateral,A02_sector,3,Finalisation,AO,450000000.0,450000000.0,1,2015,2015,0.0,2016-12-31,2016-12-31,0,-576391730.56,USD,4,0,2015-04-30,2015-06-30
44000-P153269,44000,EN: World Bank,Multilateral,A02_sector,3,Finalisation,SC,5000000.0,5000000.0,1,2016,2016,0.0,2016-12-31,2016-12-31,0,-6995266.92,USD,4,0,2015-09-29,2015-10-23
44000-P153753,44000,EN: World Bank,Multilateral,A02_sector,3,Finalisation,MW,80000000.0,84267052.0,1,2017,2017,-0.05333815,2018-03-31,2018-03-31,0,-143657654.62,USD,4,0,2015-10-08,2017-05-04
44000-P154213,44000,EN: World Bank,Multilateral,A02_sector,3,Finalisation,CL,100000000.0,100000000.0,1,2016,2016,0.0,2016-12-30,2016-12-30,0,-129607233.2,USD,4,0,2015-05-29,2015-11-16
44000-P154291,44000,EN: World Bank,Multilateral,A02_sector,3,Finalisation,ID,500000000.0,500000000.0,1,2016,2016,0.0,2016-06-30,2016-06-30,0,-389297540.34,USD,4,0,2015-09-30,2015-12-01
44000-P154299,44000,EN: World Bank,Multilateral,A02_sector,3,Finalisation,JO,250000000.0,250000000.0,1,2015,2015,0.0,2016-09-30,2016-09-30,0,-221850710.02,USD,4,0,2015-08-20,2015-09-18
44000-P154422,44000,EN: World Bank,Multilateral,A02_sector,3,Finalisation,MZ,70000000.0,69620372.0,1,2015,2015,0.005423257142857143,2016-12-31,2016-12-31,0,-124650258.14,USD,4,0,2015-11-30,2015-12-22
44000-P154702,44000,EN: World Bank,Multilateral,A02_sector,3,Finalisation,KZ,1000000000.0,1000000000.0,1,2016,2016,0.0,2016-12-31,2016-12-31,0,-568973758.72,USD,4,0,2015-05-28,2015-11-03
44000-P154821,44000,EN: World Bank,Multilateral,A02_sector,3,Finalisation,CO,700000000.0,696107840.0,1,2016,2016,0.0055602285714285715,2017-06-30,2017-06-30,0,-943518556.62,USD,4,0,2015-10-06,2015-12-08
44000-P154981,44000,EN: World Bank,Multilateral,A02_sector,3,Finalisation,PE,1250000000.0,1250000000.0,1,2020,2020,0.0,2020-09-30,2020-09-30,0,-462219194.28,USD,114,0,2015-08-20,2016-02-11
44000-P155024,44000,EN: World Bank,Multilateral,A02_sector,3,Finalisation,RW,95000000.0,93962861.0,1,2015,2015,0.010917252631578948,2016-09-30,2016-09-30,0,-148570031.5,USD,4,0,2016-01-12,2015-12-01
44000-P155066,44000,EN: World Bank,Multilateral,A02_sector,3,Finalisation,TV,3300000.0,3448844.0,1,2017,2017,-0.04510424242424242,2018-06-30,2018-06-30,0,-6897687.42,USD,4,0,2016-10-06,2016-12-09
44000-P155118,44000,EN: World Bank,Multilateral,A02_sector,3,Finalisation,WS,5000000.0,5082912.0,1,2017,2017,-0.0165824,2017-12-31,2017-12-31,0,-9524672.4,USD,4,0,2015-10-19,2016-09-13
44000-P155259,44000,EN: World Bank,Multilateral,A02_sector,3,Finalisation,CI,100000000.0,97998025.0,1,2015,2015,0.02001975,2016-06-30,2016-06-30,0,-134538333.28,USD,4,0,2015-08-27,2015-09-29
44000-P155425,44000,EN: World Bank,Multilateral,A02_sector,3,Finalisation,DO,60000000.0,60000000.0,1,2015,2015,0.0,2017-06-30,2017-06-30,0,-72039813.86,USD,4,0,2015-12-07,2015-11-04
44000-P155480,44000,EN: World Bank,Multilateral,A02_sector,3,Finalisation,TD,130000000.0,127884049.0,2,2015,2016,0.016276546153846154,2017-12-31,2017-12-31,0,-415768098.0,USD,4,0,2015-11-17,2015-12-10
44000-P155540,44000,EN: World Bank,Multilateral,A02_sector,3,Finalisation,KI,2000000.0,2074815.0,1,2017,2017,-0.0374075,2017-12-31,2017-12-31,0,-4149630.0,USD,4,0,2016-02-16,2016-09-13
44000-P155553,44000,EN: World Bank,Multilateral,A02_sector,3,Finalisation,GE,50000000.0,52685456.0,1,2017,2017,-0.05370912,2018-07-31,2018-07-31,0,-88808086.08,USD,4,0,2016-04-21,2017-07-31
44000-P155605,44000,EN: World Bank,Multilateral,A02_sector,3,Finalisation,AL,70000000.0,77716470.0,1,2017,2017,-0.11023528571428572,2018-01-31,2018-01-31,0,-91094227.2,USD,4,0,2016-07-12,2017-01-31
44000-P155656,44000,EN: World Bank,Multilateral,A02_sector,3,Finalisation,PH,500000000.0,500000000.0,2,2016,2018,0.0,2020-03-30,2020-03-30,0,-676498772.22,USD,4,0,2015-09-24,2015-12-22
44000-P155694,44000,EN: World Bank,Multilateral,A02_sector,3,Finalisation,RS,200000000.0,207516660.0,1,2017,2017,-0.0375833,2018-03-31,2018-03-31,0,-341921726.46,USD,4,0,2016-04-20,2017-01-18
44000-P155824,44000,EN: World Bank,Multilateral,A02_sector,3,Finalisation,VN,90000000.0,87600444.0,1,2017,2017,0.026661733333333333,2017-06-30,2017-06-30,0,-90042147.04,USD,4,0,2016-05-25,2016-06-24
44000-P155920,44000,EN: World Bank,Multilateral,A02_sector,3,Finalisation,HN,50000000.0,50000000.0,1,2015,2015,0.0,2017-03-30,2017-03-30,0,-55064312.28,USD,4,0,2015-12-18,2015-12-15
44000-P155962,44000,EN: World Bank,Multilateral,A02_sector,3,Finalisation,IQ,1200000000.0,1200000000.0,1,2015,2015,0.0,2016-12-31,2016-12-31,0,-659257876.32,USD,4,0,2015-10-01,2015-12-17
44000-P156444,44000,EN: World Bank,Multilateral,A02_sector,3,Finalisation,GE,50000000.0,53612191.0,1,2017,2017,-0.07224382,2018-03-31,2018-03-31,0,-88466832.92,USD,4,0,2016-04-28,2017-04-28
44000-P156629,44000,EN: World Bank,Multilateral,A02_sector,3,Finalisation,GN,40000000.0,39391619.0,1,2016,2016,0.015209525,2017-06-30,2017-06-30,0,-63850311.64,USD,4,0,2015-10-08,2016-06-17
44000-P156761,44000,EN: World Bank,Multilateral,A02_sector,3,Finalisation,GD,9340000.0,9088880.0,1,2017,2017,0.026886509635974304,2017-11-30,2017-11-30,0,-16886866.04,USD,4,0,2016-10-31,2016-12-16
44000-P156858,44000,EN: World Bank,Multilateral,A02_sector,3,Finalisation,PE,1250000000.0,1250000000.0,3,2018,2020,0.0,2020-09-30,2020-09-30,0,-305009328.12,USD,114,1,2015-10-01,2016-02-11
44000-P156963,44000,EN: World Bank,Multilateral,A02_sector,3,Finalisation,MD,30000000.0,29160390.0,1,2018,2018,0.027987,2019-07-31,2019-07-31,0,-47178702.54,USD,4,0,2017-02-17,2018-07-05
44000-P157060,44000,EN: World Bank,Multilateral,A02_sector,3,Finalisation,BF,100000000.0,97208309.0,1,2016,2016,0.02791691,2019-06-30,2019-06-30,0,-174384414.66,USD,4,0,2016-11-22,2016-12-20
44000-P157207,44000,EN: World Bank,Multilateral,A02_sector,3,Finalisation,PK,500000000.0,492462936.0,1,2016,2016,0.015074128,2017-12-31,2017-12-31,0,-651732460.66,USD,4,0,2016-07-07,2016-06-21
44000-P157224,44000,EN: World Bank,Multilateral,A02_sector,3,Finalisation,IN,250000000.0,250000000.0,1,2016,2016,0.0,2017-03-31,2017-03-31,0,-237800036.78,USD,4,0,2016-11-22,2016-03-25
44000-P157343,44000,EN: World Bank,Multilateral,A02_sector,3,Finalisation,GH,200000000.0,201598528.0,1,2017,2017,-0.00799264,2018-06-30,2018-06-30,0,-295876309.2,USD,4,0,2016-05-19,2017-12-20
44000-P157404,44000,EN: World Bank,Multilateral,A02_sector,3,Finalisation,CN,200000000.0,200000000.0,1,2017,2017,0.0,2017-12-31,2017-12-31,0,-263664927.42,USD,4,0,2016-05-20,2017-01-10
44000-P157405,44000,EN: World Bank,Multilateral,A02_sector,3,Finalisation,VN,150000000.0,150000000.0,1,2017,2017,0.0,2017-04-30,2017-04-30,0,-165958001.54,USD,4,0,2016-03-31,2016-05-12
44000-P157406,44000,EN: World Bank,Multilateral,A02_sector,3,Finalisation,CN,200000000.0,200000000.0,1,2017,2017,0.0,2017-12-31,2017-12-31,0,114198122.46,USD,4,0,2016-05-27,2017-01-10
44000-P157469,44000,EN: World Bank,Multilateral,A02_sector,3,Finalisation,BT,24000000.0,23832725.0,1,2017,2017,0.006969791666666667,2018-06-30,2018-06-30,0,-32415931.56,USD,4,0,2016-12-20,2016-12-21
44000-P157489,44000,EN: World Bank,Multilateral,A02_sector,3,Finalisation,RS,70000000.0,74903460.0,3,2018,2020,-0.07004942857142857,2020-10-31,2020-10-31,0,-125846113.36,USD,100,1,2017-07-28,2017-05-03
44000-P157804,44000,EN: World Bank,Multilateral,A02_sector,3,Finalisation,LK,100000000.0,100000000.0,1,2016,2016,0.0,2017-09-30,2017-09-30,0,-111680085.16,USD,4,0,2016-03-18,2016-07-29
44000-P158111,44000,EN: World Bank,Multilateral,A02_sector,3,Finalisation,TN,500000000.0,537364076.0,1,2017,2017,-0.074728152,2018-12-31,2018-12-31,0,-869898967.94,USD,4,0,2016-12-22,2017-06-13
44000-P158140,44000,EN: World Bank,Multilateral,A02_sector,3,Finalisation,ID,400000000.0,400000000.0,1,2017,2017,0.0,2017-09-30,2017-09-30,0,-451368659.76,USD,4,0,2016-11-30,2016-11-02
44000-P158463,44000,EN: World Bank,Multilateral,A02_sector,3,Finalisation,CI,75000000.0,72332575.0,1,2016,2016,0.03556566666666667,2019-06-30,2019-06-30,0,-106300056.06,USD,4,0,2016-11-17,2016-12-15
44000-P158520,44000,EN: World Bank,Multilateral,A02_sector,3,Finalisation,CO,800000000.0,749029100.0,1,2016,2016,0.063713625,2017-12-31,2017-12-31,0,-1254552228.6,USD,4,0,2016-10-18,2016-12-08
44000-P158698,44000,EN: World Bank,Multilateral,A02_sector,3,Finalisation,RW,95000000.0,91399594.0,1,2016,2016,0.037899010526315786,2017-12-31,2017-12-31,0,-150184934.46,USD,4,0,2016-11-15,2016-10-31
44000-P158739,44000,EN: World Bank,Multilateral,A02_sector,3,Finalisation,CO,600000000.0,699690960.0,1,2018,2018,-0.1661516,2018-03-30,2018-03-30,0,-1239021817.14,USD,4,0,2016-12-01,2017-03-16
44000-P159010,44000,EN: World Bank,Multilateral,A02_sector,3,Finalisation,ST,5000000.0,4839588.0,1,2016,2016,0.0320824,2017-12-31,2017-12-31,0,-9679176.0,USD,4,0,2016-10-13,2016-11-30
44000-P159023,44000,EN: World Bank,Multilateral,A02_sector,3,Finalisation,SN,60000000.0,64683180.0,1,2017,2017,-0.078053,2018-12-15,2018-12-15,0,-111363888.4,USD,4,0,2016-11-22,2017-06-30
44000-P159263,44000,EN: World Bank,Multilateral,A02_sector,3,Finalisation,TO,5500000.0,5565640.0,1,2019,2019,-0.011934545454545455,2020-09-30,2020-09-30,0,-11131280.0,USD,36,0,2018-04-18,2019-05-16
44000-P159351,44000,EN: World Bank,Multilateral,A02_sector,3,Finalisation,DO,150000000.0,150000000.0,1,2020,2020,0.0,2021-02-28,2021-02-28,0,-216691504.98,USD,76,0,2017-04-27,2017-09-28
44000-P159508,44000,EN: World Bank,Multilateral,A02_sector,3,Finalisation,GA,200000000.0,199231706.0,1,2017,2017,0.00384147,2018-10-31,2018-10-31,0,-241573433.34,USD,4,0,2017-04-26,2017-11-07
44000-P159547,44000,EN: World Bank,Multilateral,A02_sector,3,Finalisation,NP,100000000.0,99330255.0,1,2019,2019,0.00669745,2019-06-30,2019-06-30,0,-179503490.94,USD,4,0,2017-03-31,2018-08-07
44000-P159669,44000,EN: World Bank,Multilateral,A02_sector,3,Finalisation,IN,250000000.0,250000000.0,2,2018,2019,0.0,2019-10-31,2019-10-31,0,-253585397.16,USD,4,0,2017-02-28,2018-07-05
44000-P159710,44000,EN: World Bank,Multilateral,A02_sector,3,Finalisation,GT,200000000.0,200000000.0,1,2020,2020,0.0,2023-03-31,2023-03-31,0,-283942619.72,USD,62,0,2016-08-11,2019-05-24
44000-P159774,44000,EN: World Bank,Multilateral,A02_sector,3,Finalisation,FJ,50000000.0,50000000.0,1,2016,2016,0.0,2017-06-30,2017-06-30,0,-43539747.42,USD,4,0,2016-06-24,2016-06-30
44000-P159956,44000,EN: World Bank,Multilateral,A02_sector,3,Finalisation,LA,38590000.0,39654615.0,1,2017,2017,-0.027587846592381445,2018-06-30,2018-06-30,0,-55873422.9,USD,4,0,2017-03-29,2017-05-31
44000-P159969,44000,EN: World Bank,Multilateral,A02_sector,3,Finalisation,NE,49971582.0,50634944.0,1,2017,2017,-0.013274784856721166,2018-03-31,2018-03-31,0,-101213050.98,USD,4,0,2016-12-15,2017-02-28
44000-P160236,44000,EN: World Bank,Multilateral,A02_sector,3,Finalisation,JO,225000000.0,225000000.0,1,2016,2016,0.0,2017-12-31,2017-12-31,0,-220362378.62,USD,4,0,2016-12-01,2016-12-01
44000-P160480,44000,EN: World Bank,Multilateral,A02_sector,3,Finalisation,VN,125000000.0,125000000.0,1,2020,2020,0.0,2020-04-30,2020-04-30,0,-154184043.44,USD,4,0,2017-11-30,2019-05-16
44000-P160544,44000,EN: World Bank,Multilateral,A02_sector,3,Finalisation,AF,100000000.0,102811740.0,1,2017,2017,-0.0281174,2018-06-22,2018-06-22,0,-205623480.0,USD,4,0,2017-03-30,2017-06-13
44000-P160592,44000,EN: World Bank,Multilateral,A02_sector,3,Finalisation,MR,26000000.0,25413450.0,1,2016,2016,0.022559615384615386,2017-12-31,2017-12-31,0,-50826900.0,USD,4,0,2016-11-30,2016-12-15
44000-P160594,44000,EN: World Bank,Multilateral,A02_sector,3,Finalisation,AL,10000000.0,10196123.0,1,2020,2020,-0.0196123,2021-03-31,2021-03-31,0,2879263.2399999984,USD,116,0,2017-03-28,2019-11-14
44000-P160628,44000,EN: World Bank,Multilateral,A02_sector,3,Finalisation,CV,10000000.0,10042656.0,2,2019,2020,-0.0042656,2022-06-30,2022-06-30,0,-17051127.78,USD,4,0,2017-02-20,2019-06-05
44000-P160667,44000,EN: World Bank,Multilateral,A02_sector,3,Finalisation,GT,250000000.0,250000000.0,1,2018,2018,0.0,2019-09-09,2019-09-09,0,-240290215.26,USD,90,0,2016-11-17,2016-11-17
44000-P160866,44000,EN: World Bank,Multilateral,A02_sector,3,Finalisation,MG,65000000.0,62329830.0,1,2016,2016,0.04107953846153846,2018-12-31,2018-12-31,0,-124659660.0,USD,4,0,2016-11-22,2016-11-22
44000-P161136,44000,EN: World Bank,Multilateral,A02_sector,3,Finalisation,PK,301600000.0,301376429.0,1,2017,2017,0.0007412831564986737,2018-06-30,2018-06-30,0,-390299288.6,USD,4,0,2017-03-31,2017-03-15
44000-P161167,44000,EN: World Bank,Multilateral,A02_sector,3,Finalisation,IQ,1443820000.0,1443820000.0,1,2016,2016,0.0,2017-12-31,2017-12-31,0,-1021763877.34,USD,4,0,2016-12-15,2016-12-20
44000-P161184,44000,EN: World Bank,Multilateral,A02_sector,3,Finalisation,RS,200000000.0,182559500.0,2,2018,2019,0.0872025,2019-08-30,2019-08-30,0,-309826606.82,USD,6,0,2017-10-03,2018-03-20
44000-P161475,44000,EN: World Bank,Multilateral,A02_sector,3,Finalisation,ID,300000000.0,300000000.0,1,2018,2018,0.0,2018-06-30,2018-06-30,0,-269309559.78,USD,4,0,2017-07-31,2017-10-31
44000-P161483,44000,EN: World Bank,Multilateral,A02_sector,3,Finalisation,TN,500000000.0,484523506.0,1,2018,2018,0.030952988,2019-12-31,2019-12-31,0,-856023894.44,USD,4,0,2017-09-28,2018-06-27
44000-P161562,44000,EN: World Bank,Multilateral,A02_sector,3,Finalisation,KE,200000000.0,182137731.0,2,2019,2020,0.089311345,2021-09-30,2021-09-30,0,-297446766.76,USD,84,0,2018-02-13,2018-06-21
44000-P161619,44000,EN: World Bank,Multilateral,A02_sector,3,Finalisation,ML,59934795.0,57318757.0,1,2018,2018,0.043648067871092246,2019-06-30,2019-06-30,0,-107998987.66,USD,4,0,2017-11-02,2018-07-05
44000-P161642,44000,EN: World Bank,Multilateral,A02_sector,3,Finalisation,CO,500000000.0,500000000.0,1,2018,2018,0.0,2018-12-31,2018-12-31,0,-754792909.68,USD,100,0,2017-07-06,2017-12-14
44000-P161794,44000,EN: World Bank,Multilateral,A02_sector,3,Finalisation,KI,5000000.0,5096675.0,2,2017,2018,-0.019335,2018-12-31,2018-12-31,0,-10193349.24,USD,4,0,2017-11-14,2017-11-22
44000-P161796,44000,EN: World Bank,Multilateral,A02_sector,3,Finalisation,GN,60000000.0,59166510.0,1,2018,2018,0.0138915,2018-12-31,2018-12-31,0,-104694140.5,USD,4,0,2017-08-15,2018-07-31
44000-P162071,44000,EN: World Bank,Multilateral,A02_sector,3,Finalisation,TR,400000000.0,408605505.0,1,2017,2017,-0.0215137625,2018-08-29,2018-08-29,0,-218837479.98,USD,4,0,2016-12-15,2017-08-29
44000-P162111,44000,EN: World Bank,Multilateral,A02_sector,3,Finalisation,LR,20000000.0,20697494.0,1,2018,2018,-0.0348747,2018-12-31,2018-12-31,0,-41394988.0,USD,4,0,2017-10-26,2018-01-24
44000-P162279,44000,EN: World Bank,Multilateral,A02_sector,3,Finalisation,MG,45000000.0,45320330.0,1,2017,2017,-0.007118444444444445,2018-12-31,2018-12-31,0,-90640660.0,USD,4,0,2017-07-20,2017-12-07
44000-P162452,44000,EN: World Bank,Multilateral,A02_sector,3,Finalisation,HT,20000000.0,19952075.0,1,2018,2018,0.00239625,2020-06-30,2020-06-30,0,-39904150.0,USD,4,0,2017-08-10,2018-09-20
44000-P162671,44000,EN: World Bank,Multilateral,A02_sector,3,Finalisation,RW,125000000.0,125308920.0,1,2017,2017,-0.00247136,2019-06-30,2019-06-30,0,-216845825.28,USD,4,0,2017-11-15,2017-12-01
44000-P162858,44000,EN: World Bank,Multilateral,A02_sector,3,Finalisation,CO,718500000.0,718500000.0,1,2019,2019,0.0,2020-05-21,2020-05-21,0,-1196898855.0,USD,30,0,2017-12-15,2019-05-21
44000-P163057,44000,EN: World Bank,Multilateral,A02_sector,3,Finalisation,MR,26000000.0,26332392.0,1,2017,2017,-0.012784307692307692,2018-12-31,2018-12-31,0,-52664784.0,USD,4,0,2017-11-30,2017-12-20
44000-P163283,44000,EN: World Bank,Multilateral,A02_sector,3,Finalisation,BF,74885959.0,78663306.0,1,2018,2018,-0.05044132505534182,2019-06-30,2019-06-30,0,-143776587.66,USD,4,0,2017-11-06,2017-12-14
44000-P163284,44000,EN: World Bank,Multilateral,A02_sector,3,Finalisation,CI,125000000.0,126942330.0,1,2017,2017,-0.01553864,2020-06-30,2020-06-30,0,-193786117.76,USD,4,0,2017-10-31,2017-12-05
44000-P163285,44000,EN: World Bank,Multilateral,A02_sector,3,Finalisation,GM,56000000.0,57224482.0,1,2017,2017,-0.02186575,2017-12-31,2017-12-31,0,-104973981.04,USD,4,0,2017-05-25,2017-06-30
44000-P163318,44000,EN: World Bank,Multilateral,A02_sector,3,Finalisation,NE,120000000.0,121419485.0,1,2017,2017,-0.011829041666666667,2018-12-31,2018-12-31,0,-226901247.34,USD,4,0,2017-10-31,2017-12-05
44000-P163586,44000,EN: World Bank,Multilateral,A02_sector,3,Finalisation,JM,70000000.0,70000000.0,1,2017,2017,0.0,2018-06-30,2018-06-30,0,-66795662.5,USD,4,0,2017-06-06,2017-06-08
44000-P163657,44000,EN: World Bank,Multilateral,A02_sector,3,Finalisation,CM,200000000.0,206170574.0,1,2017,2017,-0.03085287,2018-12-31,2018-12-31,0,-307827656.84,USD,4,0,2017-11-22,2017-12-20
44000-P163939,44000,EN: World Bank,Multilateral,A02_sector,3,Finalisation,MV,10000000.0,10024188.0,1,2020,2020,-0.0024188,2022-09-30,2022-09-30,0,-19602552.58,USD,58,0,2018-03-29,2019-07-01
44000-P163966,44000,EN: World Bank,Multilateral,A02_sector,3,Finalisation,MV,20000000.0,20078212.0,1,2019,2019,-0.0039106,2020-09-30,2020-09-30,0,-39225419.34,USD,32,0,2018-01-31,2019-07-01
44000-P163968,44000,EN: World Bank,Multilateral,A02_sector,3,Finalisation,TD,65000000.0,66311830.0,1,2017,2017,-0.020182,2017-12-31,2017-12-31,0,-132623660.0,USD,4,0,2017-06-28,2017-06-29
44000-P163973,44000,EN: World Bank,Multilateral,A02_sector,3,Finalisation,ID,300000000.0,300000000.0,1,2018,2018,0.0,2018-11-30,2018-11-30,0,-296461606.78,USD,4,0,2018-05-02,2018-06-28
44000-P163983,44000,EN: World Bank,Multilateral,A02_sector,3,Finalisation,KG,24000000.0,22929082.0,1,2018,2018,0.04462158333333333,2019-12-31,2019-12-31,0,-43213037.5,USD,4,0,2018-05-01,2018-11-08
44000-P164079,44000,EN: World Bank,Multilateral,A02_sector,3,Finalisation,EG,1150000000.0,1150000000.0,1,2018,2018,0.0,2019-06-30,2019-06-30,0,-1305998397.8,USD,6,0,2017-12-05,2017-12-05
44000-P164137,44000,EN: World Bank,Multilateral,A02_sector,3,Finalisation,MG,45000000.0,45161468.0,1,2017,2017,-0.0035881777777777776,2018-12-31,2018-12-31,0,-90322936.0,USD,4,0,2017-10-10,2017-11-16
44000-P164201,44000,EN: World Bank,Multilateral,A02_sector,3,Finalisation,GA,200000000.0,198906862.0,1,2019,2019,0.00546569,2019-12-31,2019-12-31,0,-317606212.34,USD,4,0,2018-09-28,2019-02-19
44000-P164289,44000,EN: World Bank,Multilateral,A02_sector,3,Finalisation,GD,30000000.0,30000000.0,1,2018,2018,0.0,2019-12-31,2019-12-31,0,2936750.0,USD,154,0,2018-01-31,2018-06-22
44000-P164321,44000,EN: World Bank,Multilateral,A02_sector,3,Finalisation,ST,5000000.0,5116471.0,1,2019,2019,-0.0232942,2020-12-31,2020-12-31,0,-10232942.0,USD,22,0,2018-11-29,2019-12-18
44000-P164442,44000,EN: World Bank,Multilateral,A02_sector,3,Finalisation,CF,25000000.0,24620149.0,1,2018,2018,0.01519404,2019-07-31,2019-07-31,0,759702.0,USD,154,0,2017-10-24,2018-04-12
44000-P164525,44000,EN: World Bank,Multilateral,A02_sector,3,Finalisation,SN,180000000.0,180063320.0,1,2019,2019,-0.0003517777777777778,2019-12-31,2019-12-31,0,-324227225.62,USD,4,0,2018-03-22,2018-12-14
44000-P164545,44000,EN: World Bank,Multilateral,A02_sector,3,Finalisation,GM,30000000.0,30871992.0,1,2020,2020,-0.0290664,2021-05-30,2021-05-30,0,-61743984.0,USD,4,0,2018-05-01,2020-05-14
44000-P164575,44000,EN: World Bank,Multilateral,A02_sector,3,Finalisation,RS,100000000.0,93083303.0,1,2021,2021,0.06916697,2022-12-31,2022-12-31,0,-152088700.86,USD,4,0,2021-04-29,2021-04-29
44000-P164588,44000,EN: World Bank,Multilateral,A02_sector,3,Finalisation,BR,248883034.0,248883034.0,1,2019,2019,0.0,2021-12-31,2021-12-31,0,-223414820.56,USD,4,0,2018-04-17,2019-05-24
44000-P164882,44000,EN: World Bank,Multilateral,A02_sector,3,Finalisation,AF,90000000.0,87578652.0,1,2018,2018,0.02690386666666667,2019-05-15,2019-05-15,0,-175157304.0,USD,4,0,2018-01-22,2018-06-14
44000-P165056,44000,EN: World Bank,Multilateral,A02_sector,3,Finalisation,MW,70000000.0,69745489.0,2,2019,2020,0.0036358714285714285,2022-06-21,2022-06-21,0,-139490978.0,USD,100,0,2018-10-23,2019-06-06
44000-P165425,44000,EN: World Bank,Multilateral,A02_sector,3,Finalisation,GY,35000000.0,34214168.0,1,2018,2018,0.022452342857142857,2019-06-30,2019-06-30,0,-2572551.9799999967,USD,148,0,2018-06-21,2018-06-22
44000-P165631,44000,EN: World Bank,Multilateral,A02_sector,3,Finalisation,CV,40000000.0,39642419.0,1,2019,2019,0.008939525,2020-06-30,2020-06-30,0,-75252769.36,USD,4,0,2018-06-20,2019-06-05
44000-P165717,44000,EN: World Bank,Multilateral,A02_sector,3,Finalisation,PG,150000000.0,147989556.0,1,2018,2018,0.01340296,2020-03-31,2020-03-31,0,-224926011.82,USD,4,0,2018-08-31,2018-10-25
44000-P165928,44000,EN: World Bank,Multilateral,A02_sector,3,Finalisation,WS,13700000.0,13627352.0,2,2019,2020,0.005302773722627737,2021-11-30,2021-11-30,0,-27254703.8,USD,4,0,2018-10-31,2018-11-29
44000-P166019,44000,EN: World Bank,Multilateral,A02_sector,3,Finalisation,UZ,500000000.0,500000000.0,1,2018,2018,0.0,2019-12-31,2019-12-31,0,-189750000.01999998,USD,178,0,2018-05-01,2018-06-26
44000-P166115,44000,EN: World Bank,Multilateral,A02_sector,3,Finalisation,BJ,15000000.0,14647950.0,1,2018,2018,0.02347,2019-06-30,2019-06-30,0,-26392613.14,USD,4,0,2018-11-27,2018-08-30
44000-P166124,44000,EN: World Bank,Multilateral,A02_sector,3,Finalisation,NE,110000000.0,108905340.0,1,2018,2018,0.009951454545454546,2019-12-31,2019-12-31,0,-206967530.86,USD,4,0,2018-08-09,2018-12-06
44000-P166159,44000,EN: World Bank,Multilateral,A02_sector,3,Finalisation,PA,100000000.0,100000000.0,1,2018,2018,0.0,2019-12-31,2019-12-31,0,-82761162.42,USD,4,0,2018-04-26,2018-06-15
44000-P166298,44000,EN: World Bank,Multilateral,A02_sector,3,Finalisation,BF,100000000.0,98155800.0,1,2019,2019,0.018442,2020-06-30,2020-06-30,0,-180124943.3,USD,4,0,2018-07-31,2019-04-24
44000-P166303,44000,EN: World Bank,Multilateral,A02_sector,3,Finalisation,RO,493060000.0,437050000.0,1,2020,2020,0.11359672250841682,2021-12-31,2021-12-31,0,-694861999.32,USD,84,0,2018-05-31,2018-06-26
44000-P166322,44000,EN: World Bank,Multilateral,A02_sector,3,Finalisation,GN,90000000.0,91488349.0,1,2019,2019,-0.01653721111111111,2020-12-31,2020-12-31,0,-171524089.64,USD,24,0,2018-11-30,2019-11-26
44000-P166360,44000,EN: World Bank,Multilateral,A02_sector,3,Finalisation,JO,389000000.0,389000000.0,1,2018,2018,0.0,2020-06-30,2020-06-30,0,-25138943.0,USD,164,0,2018-06-27,2018-06-27
44000-P166388,44000,EN: World Bank,Multilateral,A02_sector,3,Finalisation,CI,100000000.0,99066240.0,1,2018,2018,0.0093376,2020-06-30,2020-06-30,0,-163851417.86,USD,4,0,2018-12-11,2018-12-11
44000-P166425,44000,EN: World Bank,Multilateral,A02_sector,3,Finalisation,MG,60000000.0,59123274.0,1,2018,2018,0.0146121,2019-08-31,2019-08-31,0,-118246548.0,USD,4,0,2018-07-12,2018-08-30
44000-P166458,44000,EN: World Bank,Multilateral,A02_sector,3,Finalisation,RW,125000000.0,124018048.0,1,2018,2018,0.007855616,2020-06-30,2020-06-30,0,-86867417.13999999,USD,162,0,2018-11-16,2018-11-15
44000-P166564,44000,EN: World Bank,Multilateral,A02_sector,3,Finalisation,AO,500000000.0,500000000.0,1,2019,2019,0.0,2020-12-01,2020-12-01,0,-320104402.98,USD,154,0,2018-10-31,2019-07-16
44000-P166694,44000,EN: World Bank,Multilateral,A02_sector,3,Finalisation,CM,200000000.0,200402775.0,1,2019,2019,-0.002013875,2020-08-31,2020-08-31,0,-146171801.06,USD,148,0,2018-11-15,2019-08-28
44000-P166739,44000,EN: World Bank,Multilateral,A02_sector,3,Finalisation,TG,39918050.0,39714679.0,1,2018,2018,0.005094712792834319,2019-12-31,2019-12-31,0,-79265457.94,USD,4,0,2018-11-15,2018-12-10
44000-P166752,44000,EN: World Bank,Multilateral,A02_sector,3,Finalisation,MG,100000000.0,98720648.0,1,2019,2019,0.01279352,2020-12-31,2020-12-31,0,-197441296.0,USD,38,0,2018-08-07,2019-04-30
44000-P166788,44000,EN: World Bank,Multilateral,A02_sector,3,Finalisation,NP,50000000.0,49342591.0,2,2020,2024,0.01314818,2024-11-30,2024-11-30,0,-94433974.82,USD,4,0,2019-04-30,2020-03-10
44000-P166839,44000,EN: World Bank,Multilateral,A02_sector,3,Finalisation,LA,40000000.0,40160307.0,1,2019,2019,-0.004007675,2020-12-31,2020-12-31,0,-64439362.88,USD,36,0,2018-12-20,2019-05-28
44000-P167190,44000,EN: World Bank,Multilateral,A02_sector,3,Finalisation,BD,250000000.0,251384067.0,1,2019,2019,-0.005536268,2019-06-27,2019-06-27,0,-391473566.78,USD,4,0,2018-11-29,2018-12-12
44000-P167246,44000,EN: World Bank,Multilateral,A02_sector,3,Finalisation,IN,40000000.0,40000000.0,1,2019,2019,0.0,2020-10-31,2020-10-31,0,-36014320.74,USD,44,0,2019-05-07,2019-01-16
44000-P167263,44000,EN: World Bank,Multilateral,A02_sector,3,Finalisation,KI,4999946.0,4989224.0,3,2018,2020,0.0021444231597701254,2020-09-30,2020-09-30,0,-9978339.3,USD,48,1,2018-09-27,2018-11-29
44000-P167297,44000,EN: World Bank,Multilateral,A02_sector,3,Finalisation,ID,1000000000.0,1020070896.0,1,2019,2019,-0.020070896,2019-12-31,2019-12-31,0,-1653142338.98,USD,4,0,2019-03-29,2019-05-23
44000-P167348,44000,EN: World Bank,Multilateral,A02_sector,3,Finalisation,MR,50000000.0,49718364.0,1,2019,2019,0.00563272,2020-07-30,2020-07-30,0,-99436728.0,USD,4,0,2019-04-23,2019-07-24
44000-P167465,44000,EN: World Bank,Multilateral,A02_sector,3,Finalisation,SB,15000000.0,15330543.0,1,2020,2020,-0.0220362,2021-11-30,2021-11-30,0,-30375315.4,USD,38,0,2019-11-26,2020-05-06
44000-P167485,44000,EN: World Bank,Multilateral,A02_sector,3,Finalisation,MN,100000000.0,100251787.0,2,2019,2020,-0.00251787,2020-07-23,2020-07-23,0,-156721431.24,USD,28,0,2019-03-27,2019-07-30
44000-P167547,44000,EN: World Bank,Multilateral,A02_sector,3,Finalisation,ML,250000000.0,249932065.0,1,2019,2019,0.00027174,2020-12-31,2020-12-31,0,-472896612.04,USD,22,0,2019-05-23,2019-12-12
44000-P167651,44000,EN: World Bank,Multilateral,A02_sector,3,Finalisation,PH,450000000.0,450000000.0,1,2019,2019,0.0,2020-03-31,2020-03-31,0,-658386986.08,USD,4,0,2018-09-28,2019-03-15
44000-P167674,44000,EN: World Bank,Multilateral,A02_sector,3,Finalisation,MX,500000000.0,500000000.0,1,2019,2019,0.0,2020-06-30,2020-06-30,0,-591487166.66,USD,30,0,2018-11-20,2019-06-18
44000-P167748,44000,EN: World Bank,Multilateral,A02_sector,3,Finalisation,GD,20000000.0,20000000.0,1,2020,2020,0.0,2020-12-31,2020-12-31,0,-36298866.18,USD,22,0,2019-07-25,2019-12-16
44000-P167889,44000,EN: World Bank,Multilateral,A02_sector,3,Finalisation,AR,500000000.0,500000000.0,1,2018,2018,0.0,2020-01-31,2020-01-31,0,-635881412.48,USD,4,0,2018-08-28,2018-11-01
44000-P167941,44000,EN: World Bank,Multilateral,A02_sector,3,Finalisation,MG,15921551.0,15019407.0,1,2020,2020,0.05666181642730661,2023-12-31,2023-12-31,0,38118084.46,USD,48,0,2019-08-22,2019-12-12
44000-P168035,44000,EN: World Bank,Multilateral,A02_sector,3,Finalisation,CF,124489645.0,124273357.0,2,2019,2020,0.0017373975160745298,2021-05-31,2021-05-31,0,-183654905.2,USD,146,0,2018-12-13,2019-05-06
44000-P168130,44000,EN: World Bank,Multilateral,A02_sector,3,Finalisation,JO,953625000.0,953625000.0,2,2019,2020,0.0,2021-12-31,2021-12-31,0,1297001219.76,USD,162,0,2018-11-22,2019-06-04
44000-P168166,44000,EN: World Bank,Multilateral,A02_sector,3,Finalisation,BT,30000000.0,30154971.0,1,2019,2019,-0.0051657,2020-06-30,2020-06-30,0,-57362366.92,USD,4,0,2019-03-28,2019-06-21
44000-P168204,44000,EN: World Bank,Multilateral,A02_sector,3,Finalisation,KE,749999997.0,751130460.0,1,2019,2019,-0.001507284006029136,2020-06-30,2020-06-30,0,-1212132552.46,USD,32,0,2019-05-28,2019-05-28
44000-P168218,44000,EN: World Bank,Multilateral,A02_sector,3,Finalisation,LR,40000000.0,39852160.0,1,2020,2020,0.003696,2021-09-30,2021-09-30,0,-77952039.58,USD,4,0,2020-02-27,2020-03-17
44000-P168259,44000,EN: World Bank,Multilateral,A02_sector,3,Finalisation,SL,40000000.0,39670774.0,1,2019,2019,0.00823065,2019-10-31,2019-10-31,0,-79341548.0,USD,4,0,2018-12-07,2019-03-19
44000-P168280,44000,EN: World Bank,Multilateral,A02_sector,3,Finalisation,UZ,700000000.0,700000000.0,2,2019,2020,0.0,2020-12-31,2020-12-31,0,-1301879890.02,USD,34,0,2019-03-29,2019-06-14
44000-P168332,44000,EN: World Bank,Multilateral,A02_sector,3,Finalisation,CM,100000000.0,98310520.0,1,2021,2021,0.0168948,2022-02-28,2022-02-28,0,-189228379.12,USD,16,0,2019-10-30,2021-04-19
44000-P168335,44000,EN: World Bank,Multilateral,A02_sector,3,Finalisation,ST,10000000.0,10225917.0,1,2020,2020,-0.0225917,2021-12-31,2021-12-31,0,-20451834.0,USD,4,0,2020-03-24,2020-12-18
44000-P168336,44000,EN: World Bank,Multilateral,A02_sector,3,Finalisation,AO,700000000.0,700000000.0,1,2021,2021,0.0,2021-12-31,2021-12-31,0,-1069057809.24,USD,18,0,2021-03-16,2021-03-16
44000-P168402,44000,EN: World Bank,Multilateral,A02_sector,3,Finalisation,FJ,64000000.0,63730093.0,1,2020,2020,0.004217296875,2020-11-07,2020-11-07,0,-15736576.299999997,USD,154,0,2019-05-28,2019-11-07
44000-P168446,44000,EN: World Bank,Multilateral,A02_sector,3,Finalisation,AF,100000000.0,99738524.0,1,2019,2019,0.00261476,2020-05-31,2020-05-31,0,-199477048.0,USD,28,0,2019-06-20,2019-06-20
44000-P168474,44000,EN: World Bank,Multilateral,A02_sector,3,Finalisation,CF,49921554.0,51348187.0,1,2020,2020,-0.02857749580471794,2021-12-31,2021-12-31,0,-102539480.72,USD,30,0,2020-05-11,2020-09-01
44000-P168566,44000,EN: World Bank,Multilateral,A02_sector,3,Finalisation,ET,1200000000.0,1192202872.0,2,2018,2019,0.006497606666666667,2019-11-30,2019-11-30,0,-2265777264.68,USD,4,0,2018-10-30,2018-10-30
44000-P168580,44000,EN: World Bank,Multilateral,A02_sector,3,Finalisation,MA,275000000.0,271981770.0,1,2020,2020,0.010975381818181819,2023-06-15,2023-06-15,0,-396154111.06,USD,48,0,2019-06-17,2019-12-11
44000-P168587,44000,EN: World Bank,Multilateral,A02_sector,3,Finalisation,MA,700000000.0,685246669.0,1,2019,2019,0.021076187142857142,2020-12-31,2020-12-31,0,-1065561440.2,USD,42,0,2019-05-31,2019-02-19
44000-P168606,44000,EN: World Bank,Multilateral,A02_sector,3,Finalisation,TD,100000000.0,100391319.0,1,2020,2020,-0.00391319,2021-01-15,2021-01-15,0,-200782638.0,USD,20,0,2019-07-31,2020-01-17
44000-P168668,44000,EN: World Bank,Multilateral,A02_sector,3,Finalisation,BJ,150000000.0,151405114.0,2,2019,2020,-0.009367426666666666,2020-12-31,2020-12-31,0,-394146398.82,USD,22,0,2019-10-31,2019-12-12
44000-P168697,44000,EN: World Bank,Multilateral,A02_sector,3,Finalisation,MG,100000000.0,99378719.0,1,2020,2020,0.00621281,2021-03-26,2021-03-26,0,-197641436.5,USD,30,0,2019-07-31,2020-03-26
44000-P168713,44000,EN: World Bank,Multilateral,A02_sector,3,Finalisation,AR,0.0,0.0,0,,,,2020-06-30,2020-06-30,0,1500187500.0,USD,130,0,2019-06-18,2019-07-11
44000-P168724,44000,EN: World Bank,Multilateral,A02_sector,3,Finalisation,BD,250000000.0,252073350.0,1,2020,2020,-0.0082934,2020-12-15,2020-12-15,0,-429704287.74,USD,4,0,2019-12-19,2020-06-19
44000-P168725,44000,EN: World Bank,Multilateral,A02_sector,3,Finalisation,BD,250000000.0,248695888.0,1,2021,2021,0.005216448,2022-04-30,2022-04-30,0,-378149878.64,USD,124,0,2021-03-30,2021-03-26
44000-P168749,44000,EN: World Bank,Multilateral,A02_sector,3,Finalisation,VU,10000000.0,9925810.0,1,2020,2020,0.007419,2023-06-30,2023-06-30,0,148380.0,USD,156,0,2020-01-07,2020-01-07
44000-P168869,44000,EN: World Bank,Multilateral,A02_sector,3,Finalisation,NP,100000000.0,99140708.0,1,2019,2019,0.00859292,2020-06-30,2020-06-30,0,-182456825.3,USD,4,0,2019-03-28,2019-06-13
44000-P169040,44000,EN: World Bank,Multilateral,A02_sector,3,Finalisation,RW,225000000.0,226793940.0,2,2019,2020,-0.007973066666666667,2021-06-30,2021-06-30,0,-625330782.94,USD,50,0,2019-11-15,2019-08-29
44000-P169079,44000,EN: World Bank,Multilateral,A02_sector,3,Finalisation,ET,750000000.0,747401494.0,1,2020,2020,0.003464674666666667,2021-02-26,2021-02-26,0,-1961498714.22,USD,16,0,2019-11-26,2020-03-19
44000-P169179,44000,EN: World Bank,Multilateral,A02_sector,3,Finalisation,KI,5000000.0,5019264.0,1,2022,2022,-0.0038528,2022-02-28,2022-02-28,0,-10038528.0,USD,4,0,2019-10-31,2020-12-03
44000-P169498,44000,EN: World Bank,Multilateral,A02_sector,3,Finalisation,SL,100000000.0,101555484.0,1,2020,2020,-0.01555484,2020-12-31,2020-12-31,0,-203110968.0,USD,10,0,2020-04-30,2020-06-17
44000-P169505,44000,EN: World Bank,Multilateral,A02_sector,3,Finalisation,PY,200000000.0,200000000.0,1,2020,2020,0.0,2023-06-30,2023-06-30,0,-280710183.48,USD,42,0,2019-07-18,2020-03-19
44000-P169524,44000,EN: World Bank,Multilateral,A02_sector,3,Finalisation,AL,80000000.0,80000000.0,1,2021,2021,0.0,2021-12-31,2021-12-31,0,-85974714.14,USD,24,0,2020-03-26,2020-12-11
44000-P169624,44000,EN: World Bank,Multilateral,A02_sector,3,Finalisation,AM,50000000.0,51055550.0,1,2019,2019,-0.021111,2020-12-31,2020-12-31,0,-89395257.98,USD,4,0,2019-10-29,2019-11-21
44000-P169822,44000,EN: World Bank,Multilateral,A02_sector,3,Finalisation,EC,500000000.0,500000000.0,1,2019,2019,0.0,2019-12-31,2019-12-31,0,-165618318.79999995,USD,162,0,2019-06-11,2019-06-11
44000-P169828,44000,EN: World Bank,Multilateral,A02_sector,3,Finalisation,CI,200000000.0,196733483.0,1,2020,2020,0.016332585,2023-06-30,2023-06-30,0,-357690698.6,USD,4,0,2019-12-02,2020-03-31
44000-P169830,44000,EN: World Bank,Multilateral,A02_sector,3,Finalisation,NE,350000000.0,351083607.0,1,2019,2019,-0.00309602,2020-12-31,2020-12-31,0,-679756989.08,USD,22,0,2019-10-31,2019-12-12
44000-P169867,44000,EN: World Bank,Multilateral,A02_sector,3,Finalisation,TG,150000000.0,150596825.0,1,2019,2019,-0.003978833333333333,2020-12-31,2020-12-31,0,-293354018.8,USD,22,0,2019-12-16,2019-12-16
44000-P169907,44000,EN: World Bank,Multilateral,A02_sector,3,Finalisation,IN,250000000.0,248435968.0,1,2019,2019,0.006256128,2021-06-30,2021-06-30,0,-347662484.4,USD,54,0,2019-03-28,2019-06-27
44000-P169913,44000,EN: World Bank,Multilateral,A02_sector,3,Finalisation,GE,98500000.0,101091505.0,1,2020,2020,-0.02630969543147208,2021-03-31,2021-03-31,0,-283902853.4,USD,4,0,2020-03-17,2020-03-26
44000-P169956,44000,EN: World Bank,Multilateral,A02_sector,3,Finalisation,VC,90000000.0,90000000.0,2,2020,2021,0.0,2023-06-30,2023-06-30,0,-266187221.36,USD,36,0,2019-12-10,2020-06-25
44000-P169983,44000,EN: World Bank,Multilateral,A02_sector,3,Finalisation,AO,500000000.0,500000000.0,1,2022,2022,0.0,2023-06-30,2023-06-30,0,-736628261.48,USD,4,0,2022-02-01,2022-03-25
44000-P170052,44000,EN: World Bank,Multilateral,A02_sector,3,Finalisation,PH,400000000.0,400000000.0,1,2020,2020,0.0,2021-03-31,2021-03-31,0,-593790951.74,USD,36,0,2019-11-15,2019-12-17
44000-P170113,44000,EN: World Bank,Multilateral,A02_sector,3,Finalisation,XK,56400000.0,53828280.0,1,2022,2022,0.04559787234042553,2023-09-30,2023-09-30,0,-103636108.88,USD,4,0,2019-10-23,2022-03-18
44000-P170223,44000,EN: World Bank,Multilateral,A02_sector,3,Finalisation,JM,70000000.0,70000000.0,1,2020,2020,0.0,2021-03-31,2021-03-31,0,-104285566.3,USD,4,0,2019-06-25,2020-03-19
44000-P170248,44000,EN: World Bank,Multilateral,A02_sector,3,Finalisation,NP,100000000.0,101213373.0,1,2020,2020,-0.01213373,2021-06-30,2021-06-30,0,-193877268.2,USD,4,0,2019-12-30,2020-06-02
44000-P170366,44000,EN: World Bank,Multilateral,A02_sector,3,Finalisation,SN,279824645.0,282379822.0,2,2019,2020,-0.009131350814364475,2021-06-17,2021-06-17,0,-737523710.54,USD,42,0,2020-01-31,2019-12-18
44000-P170477,44000,EN: World Bank,Multilateral,A02_sector,3,Finalisation,PE,50000000.0,50000000.0,1,2021,2021,0.0,2021-06-30,2021-06-30,0,-55282660.58,USD,36,0,2019-06-27,2020-03-24
44000-P170558,44000,EN: World Bank,Multilateral,A02_sector,3,Finalisation,TV,13495702.0,13896691.0,1,2020,2020,-0.02971234842026002,2022-12-23,2022-12-23,0,-27784787.9,USD,48,0,2019-12-05,2019-12-13
44000-P170568,44000,EN: World Bank,Multilateral,A02_sector,3,Finalisation,PK,499999998.0,506185262.0,1,2020,2020,-0.012370528049482112,2021-05-31,2021-05-31,0,-867900647.78,USD,4,0,2020-05-21,2020-05-21
44000-P170728,44000,EN: World Bank,Multilateral,A02_sector,3,Finalisation,CO,400000000.0,400000000.0,1,2020,2020,0.0,2021-12-31,2021-12-31,0,-665196666.24,USD,44,0,2019-12-27,2020-02-27
44000-P170914,44000,EN: World Bank,Multilateral,A02_sector,3,Finalisation,PH,600000000.0,600000000.0,1,2021,2021,0.0,2022-03-31,2022-03-31,0,-830399536.94,USD,24,0,2020-12-15,2020-12-16
44000-P170934,44000,EN: World Bank,Multilateral,A02_sector,3,Finalisation,BF,147950000.0,150469970.0,1,2020,2020,-0.017032578573842515,2021-06-30,2021-06-30,0,-294305005.88,USD,4,0,2020-03-31,2020-06-05
44000-P170940,44000,EN: World Bank,Multilateral,A02_sector,3,Finalisation,ID,600000000.0,601870192.0,1,2020,2020,-0.0031169866666666667,2021-04-30,2021-04-30,0,-1534175948.56,USD,32,0,2020-03-31,2020-03-20
44000-P171006,44000,EN: World Bank,Multilateral,A02_sector,3,Finalisation,VN,84400000.0,86008980.0,1,2021,2021,-0.019063744075829385,2021-11-30,2021-11-30,0,-146072370.02,USD,4,0,2019-12-18,2020-06-05
44000-P171071,44000,EN: World Bank,Multilateral,A02_sector,3,Finalisation,TO,5500000.0,5647340.0,1,2020,2020,-0.026789090909090908,2021-12-31,2021-12-31,0,-11294680.0,USD,38,0,2020-03-31,2020-05-12
44000-P171080,44000,EN: World Bank,Multilateral,A02_sector,3,Finalisation,CV,25000000.0,25758531.0,1,2020,2020,-0.03034124,2021-07-07,2021-07-07,0,-49428592.96,USD,4,0,2020-03-19,2020-08-07
44000-P171190,44000,EN: World Bank,Multilateral,A02_sector,3,Finalisation,EC,500000000.0,500000000.0,1,2020,2020,0.0,2020-12-31,2020-12-31,0,-836591666.66,USD,4,0,2020-05-19,2020-05-07
44000-P171216,44000,EN: World Bank,Multilateral,A02_sector,3,Finalisation,VN,0.0,0.0,0,,,,2023-03-30,2023-03-30,0,200000000.0,USD,4,0,2021-06-29,2021-06-29
44000-P171238,44000,EN: World Bank,Multilateral,A02_sector,3,Finalisation,MR,30000000.0,29432208.0,1,2021,2021,0.0189264,2022-07-31,2022-07-31,0,-55818156.0,USD,162,0,2020-07-31,2021-07-22
44000-P171311,44000,EN: World Bank,Multilateral,A02_sector,3,Finalisation,EG,360000000.0,360000000.0,1,2022,2022,0.0,2023-03-31,2023-03-31,0,-556735919.56,USD,4,0,2019-12-05,2021-10-26
44000-P171440,44000,EN: World Bank,Multilateral,A02_sector,3,Finalisation,PH,500000000.0,500000000.0,1,2020,2020,0.0,2022-06-30,2022-06-30,0,-741719412.52,USD,4,0,2020-05-15,2020-04-09
44000-P171465,44000,EN: World Bank,Multilateral,A02_sector,3,Finalisation,GD,20000000.0,20000000.0,1,2024,2024,0.0,2026-02-16,2026-02-16,0,814133.3400000036,USD,140,0,2019-10-03,2020-01-21
44000-P171474,44000,EN: World Bank,Multilateral,A02_sector,3,Finalisation,HT,-860042.0,0,0,,,,2022-06-30,2022-06-30,0,0.0,USD,2,0,2019-09-26,2020-06-29
44000-P171554,44000,EN: World Bank,Multilateral,A02_sector,3,Finalisation,RW,150000000.0,152247806.0,1,2021,2021,-0.014985373333333333,2023-06-30,2023-06-30,0,-298980588.46,USD,24,0,2020-12-16,2020-12-16
44000-P171570,44000,EN: World Bank,Multilateral,A02_sector,3,Finalisation,SO,458701095.0,459407425.0,1,2020,2020,-0.0015398480790633387,2021-07-15,2021-07-15,0,-996217041.52,USD,38,0,2020-02-28,2020-02-27
44000-P171585,44000,EN: World Bank,Multilateral,A02_sector,3,Finalisation,MR,30000000.0,30070881.0,1,2023,2023,-0.0023627,2023-06-30,2023-06-30,0,-60141762.0,USD,4,0,2022-07-01,2022-07-28
44000-P171587,44000,EN: World Bank,Multilateral,A02_sector,3,Finalisation,MA,500000000.0,544564935.0,1,2020,2020,-0.08912987,2021-12-31,2021-12-31,0,-990865140.68,USD,36,0,2020-05-27,2020-06-22
44000-P171751,44000,EN: World Bank,Multilateral,A02_sector,3,Finalisation,UZ,500000000.0,500000000.0,1,2020,2020,0.0,2022-06-30,2022-06-30,0,-736454344.08,USD,4,0,2020-08-06,2020-12-16
44000-P171764,44000,EN: World Bank,Multilateral,A02_sector,3,Finalisation,WS,25000000.0,25090785.0,2,2020,2022,-0.0036314,2023-11-30,2023-11-30,0,-50181570.0,USD,4,0,2020-12-03,2020-12-03
44000-P171780,44000,EN: World Bank,Multilateral,A02_sector,3,Finalisation,BT,40000000.0,39820916.0,1,2020,2020,0.0044771,2021-06-30,2021-06-30,0,-76249111.26,USD,4,0,2020-03-31,2020-04-23
44000-P171850,44000,EN: World Bank,Multilateral,A02_sector,3,Finalisation,PK,500000000.0,506105978.0,1,2020,2020,-0.012211956,2021-05-31,2021-05-31,0,-819039581.52,USD,4,0,2019-12-03,2020-06-29
44000-P171851,44000,EN: World Bank,Multilateral,A02_sector,3,Finalisation,MK,139250000.0,139020031.0,1,2019,2019,0.0016514829443447037,2020-05-31,2020-05-31,0,13757358.319999993,USD,146,0,2019-09-19,2019-09-19
44000-P171912,44000,EN: World Bank,Multilateral,A02_sector,3,Finalisation,CR,300000000.0,300000000.0,1,2021,2021,0.0,2021-06-30,2021-06-30,0,-405295876.64,USD,30,0,2020-03-26,2020-06-26
44000-P172023,44000,EN: World Bank,Multilateral,A02_sector,3,Finalisation,TG,100000000.0,94557054.0,2,2022,2023,0.05442946,2023-03-31,2023-03-31,0,-186077966.9,USD,4,0,2020-11-24,2022-03-30
44000-P172211,44000,EN: World Bank,Multilateral,A02_sector,3,Finalisation,AF,160000000.0,159847056.0,1,2020,2020,0.0009559,2021-06-30,2021-06-30,0,-152070112.0,USD,146,0,2020-06-18,2020-05-07
44000-P172321,44000,EN: World Bank,Multilateral,A02_sector,3,Finalisation,KE,1000000000.0,1000000000.0,1,2020,2020,0.0,2021-06-30,2021-06-30,0,-1572350566.52,USD,32,0,2020-05-22,2020-05-19
44000-P172439,44000,EN: World Bank,Multilateral,A02_sector,3,Finalisation,ID,800000000.0,800000000.0,1,2021,2021,0.0,2021-12-31,2021-12-31,0,-1263966882.1,USD,4,0,2021-06-15,2021-06-15
44000-P172454,44000,EN: World Bank,Multilateral,A02_sector,3,Finalisation,SB,30000000.0,29265511.0,2,2021,2022,0.024482966666666668,2023-03-31,2023-03-31,0,-88335512.86,USD,4,0,2021-07-06,2021-11-30
44000-P172455,44000,EN: World Bank,Multilateral,A02_sector,3,Finalisation,BR,200000000.0,200000000.0,1,2021,2021,0.0,2022-12-30,2022-12-30,0,-218259320.0,USD,4,0,2020-03-24,2020-12-11
44000-P172567,44000,EN: World Bank,Multilateral,A02_sector,3,Finalisation,HN,119000000.0,119000000.0,1,2020,2020,0.0,2023-06-30,2023-06-30,0,-189041829.16,USD,40,0,2020-03-31,2020-04-10
44000-P172597,44000,EN: World Bank,Multilateral,A02_sector,3,Finalisation,UA,350000000.0,350000000.0,1,2021,2021,0.0,2021-06-30,2021-06-30,0,-515121497.98,USD,4,0,2020-02-27,2020-06-26
44000-P172614,44000,EN: World Bank,Multilateral,A02_sector,2,Implementation,TV,17500000.0,7564536.0,1,2022,2022,0.5677408,2027-12-08,2027-12-08,0,-15129072.0,USD,4,0,2021-07-28,2021-12-08
44000-P172628,44000,EN: World Bank,Multilateral,A02_sector,3,Finalisation,PK,400000000.0,397400612.0,1,2021,2021,0.00649847,2022-06-30,2022-06-30,0,-723641893.48,USD,4,0,2021-03-31,2021-06-28
44000-P172648,44000,EN: World Bank,Multilateral,A02_sector,3,Finalisation,PK,350000000.0,350000000.0,1,2023,2023,0.0,2024-12-31,2024-12-31,0,-677239444.28,USD,4,0,2021-06-24,2023-12-19
44000-P172723,44000,EN: World Bank,Multilateral,A02_sector,3,Finalisation,SN,300000000.0,280826175.0,1,2022,2022,0.06391275,2022-12-31,2022-12-31,0,-534718872.26,USD,4,0,2020-10-29,2022-06-02
44000-P172732,44000,EN: World Bank,Multilateral,A02_sector,3,Finalisation,IN,200000000.0,200000000.0,1,2020,2020,0.0,2022-06-30,2022-06-30,0,-254062569.8,USD,38,0,2020-05-18,2020-05-18
44000-P172742,44000,EN: World Bank,Multilateral,A02_sector,3,Finalisation,TO,39000000.0,37814937.0,2,2021,2022,0.03038623076923077,2024-11-30,2024-11-30,0,-115629874.0,USD,4,0,2021-07-29,2021-11-24
44000-P172749,44000,EN: World Bank,Multilateral,A02_sector,3,Finalisation,BJ,100000000.0,103677795.0,1,2020,2020,-0.03677795,2021-12-31,2021-12-31,0,-203759117.08,USD,24,0,2020-11-17,2020-12-16
44000-P172796,44000,EN: World Bank,Multilateral,A02_sector,3,Finalisation,UY,400000000.0,399699501.0,2,2021,2024,0.0007512475,2021-12-31,2021-12-31,0,-459941857.54,USD,36,0,2020-03-13,2020-06-25
44000-P172863,44000,EN: World Bank,Multilateral,A02_sector,3,Finalisation,MX,1000000000.0,1000000000.0,1,2020,2020,0.0,2021-05-31,2021-05-31,0,-1444375963.92,USD,4,0,2020-06-30,2020-05-19
44000-P173008,44000,EN: World Bank,Multilateral,A02_sector,3,Finalisation,BT,14800000.0,15040474.0,1,2020,2020,-0.016248243243243244,2023-06-30,2023-06-30,0,-28811723.82,USD,4,0,2020-06-16,2020-05-12
44000-P173044,44000,EN: World Bank,Multilateral,A02_sector,3,Finalisation,NP,200000000.0,210705786.0,1,2021,2021,-0.05352893,2021-06-30,2021-06-30,0,-406072960.52,USD,4,0,2020-07-07,2020-09-17
44000-P173113,44000,EN: World Bank,Multilateral,A02_sector,3,Finalisation,NE,249689311.0,262303230.0,1,2020,2020,-0.05051845811693557,2021-12-31,2021-12-31,0,-513824345.22,USD,32,0,2020-10-29,2020-08-06
44000-P173150,44000,EN: World Bank,Multilateral,A02_sector,3,Finalisation,GM,40000000.0,40113687.0,1,2022,2022,-0.002842175,2023-06-30,2023-06-30,0,-120227374.0,USD,4,0,2021-05-13,2022-05-10
44000-P173232,44000,EN: World Bank,Multilateral,A02_sector,3,Finalisation,ID,400000000.0,400000000.0,1,2022,2022,0.0,2022-06-30,2022-06-30,0,-633028774.32,USD,4,0,2021-05-27,2021-06-10
44000-P173233,44000,EN: World Bank,Multilateral,A02_sector,3,Finalisation,ID,1000000000.0,1000000000.0,1,2023,2023,0.0,2024-06-30,2024-06-30,0,-1710597078.86,USD,4,0,2022-03-31,2023-03-28
44000-P173324,44000,EN: World Bank,Multilateral,A02_sector,3,Finalisation,TN,175000000.0,192713137.0,1,2020,2020,-0.10121792571428571,2021-12-31,2021-12-31,0,-347048470.92,USD,36,0,2020-06-12,2020-06-12
44000-P173424,44000,EN: World Bank,Multilateral,A02_sector,3,Finalisation,CO,500000000.0,500000000.0,1,2021,2021,0.0,2022-03-31,2022-03-31,0,-733362128.14,USD,30,0,2021-02-15,2020-09-30
44000-P173529,44000,EN: World Bank,Multilateral,A02_sector,3,Finalisation,BF,199451991.0,179408037.0,1,2022,2022,0.10049513118171881,2022-12-31,2022-12-31,0,-352368599.86,USD,4,0,2021-03-31,2021-12-06
44000-P173558,44000,EN: World Bank,Multilateral,A02_sector,2,Implementation,FJ,145000000.0,134537736.0,1,2021,2021,0.07215354482758621,2027-03-24,2027-03-24,0,-249897845.68,USD,18,0,2020-12-29,2021-03-25
44000-P173680,44000,EN: World Bank,Multilateral,A02_sector,3,Finalisation,RW,175000000.0,168468988.0,1,2022,2022,0.03732006857142857,2022-06-30,2022-06-30,0,-331970018.7,USD,4,0,2021-11-11,2021-12-16
44000-P173698,44000,EN: World Bank,Multilateral,A02_sector,3,Finalisation,GT,500000000.0,500000000.0,1,2022,2022,0.0,2022-11-03,2022-11-03,0,-562759735.76,USD,4,0,2020-12-17,2020-12-17
44000-P173906,44000,EN: World Bank,Multilateral,A02_sector,3,Finalisation,UG,300000000.0,304108911.0,1,2020,2020,-0.01369637,2021-06-30,2021-06-30,0,-583052780.18,USD,30,0,2020-06-30,2020-06-29
44000-P173943,44000,EN: World Bank,Multilateral,A02_sector,3,Finalisation,IN,749960000.0,748478832.0,1,2020,2020,0.001974995999786655,2021-12-01,2021-12-01,0,-1107018664.08,USD,4,0,2020-05-14,2020-05-14
44000-P173982,44000,EN: World Bank,Multilateral,A02_sector,3,Finalisation,NP,150000000.0,149060890.0,1,2021,2021,0.006260733333333333,2022-05-31,2022-05-31,0,-288031707.6,USD,4,0,2021-06-16,2021-06-16
44000-P173996,44000,EN: World Bank,Multilateral,A02_sector,3,Finalisation,HR,300000000.0,335531268.0,2,2020,2021,-0.11843756,2021-02-28,2021-02-28,0,-517691011.1,USD,4,0,2020-06-18,2020-06-26
44000-P174000,44000,EN: World Bank,Multilateral,A02_sector,3,Finalisation,MX,750000000.0,750000000.0,1,2021,2021,0.0,2021-12-31,2021-12-31,0,-1171729581.62,USD,24,0,2020-11-12,2020-12-17
44000-P174004,44000,EN: World Bank,Multilateral,A02_sector,3,Finalisation,MA,450000000.0,431158468.0,1,2021,2021,0.04187007111111111,2022-12-31,2022-12-31,0,-773134880.78,USD,12,0,2021-09-22,2021-06-17
44000-P174005,44000,EN: World Bank,Multilateral,A02_sector,3,Finalisation,MA,450000000.0,468131849.0,1,2023,2023,-0.04029299777777778,2024-12-31,2024-12-31,0,-833696258.94,USD,4,0,2022-05-30,2023-03-31
44000-P174027,44000,EN: World Bank,Multilateral,A02_sector,3,Finalisation,IN,400000000.0,402601860.0,1,2021,2021,-0.00650465,2022-12-31,2022-12-31,0,-610465649.0,USD,24,0,2020-09-24,2020-12-15
44000-P174063,44000,EN: World Bank,Multilateral,A02_sector,3,Finalisation,GN,80000000.0,82453208.0,1,2020,2020,-0.0306651,2022-01-31,2022-01-31,0,-161652389.94,USD,34,0,2020-07-29,2020-07-30
44000-P174107,44000,EN: World Bank,Multilateral,A02_sector,3,Finalisation,PA,300000000.0,300000000.0,1,2020,2020,0.0,2021-12-31,2021-12-31,0,-334029089.6,USD,4,0,2020-07-31,2020-12-08
44000-P174110,44000,EN: World Bank,Multilateral,A02_sector,3,Finalisation,CI,300000000.0,300345840.0,1,2021,2021,-0.0011528,2021-12-31,2021-12-31,0,-564426153.58,USD,4,0,2020-07-27,2021-02-16
44000-P174115,44000,EN: World Bank,Multilateral,A02_sector,3,Finalisation,EC,500000000.0,500000000.0,1,2020,2020,0.0,2021-12-31,2021-12-31,0,-689364404.84,USD,26,0,2020-10-20,2020-11-24
44000-P174118,44000,EN: World Bank,Multilateral,A02_sector,3,Finalisation,CO,700000000.0,700000000.0,1,2020,2020,0.0,2021-06-30,2021-06-30,0,-1174264777.36,USD,30,0,2020-06-15,2020-06-26
44000-P174120,44000,EN: World Bank,Multilateral,A02_sector,3,Finalisation,PH,500000000.0,500000000.0,1,2020,2020,0.0,2021-06-30,2021-06-30,0,-739636677.48,USD,32,0,2020-05-20,2020-05-28
44000-P174145,44000,EN: World Bank,Multilateral,A02_sector,3,Finalisation,DO,100000000.0,100000000.0,1,2020,2020,0.0,2021-03-31,2021-03-31,0,-146031008.96,USD,24,0,2020-05-29,2020-06-26
44000-P174150,44000,EN: World Bank,Multilateral,A02_sector,3,Finalisation,MX,750000000.0,750000000.0,1,2021,2021,0.0,2021-12-31,2021-12-31,0,-1186744257.16,USD,4,0,2020-08-27,2021-01-21
44000-P174152,44000,EN: World Bank,Multilateral,A02_sector,3,Finalisation,MZ,100000000.0,101539035.0,1,2020,2020,-0.01539035,2021-06-30,2021-06-30,0,-203078070.0,USD,22,0,2020-07-06,2020-10-22
44000-P174155,44000,EN: World Bank,Multilateral,A02_sector,3,Finalisation,MR,70000000.0,71886458.0,1,2020,2020,-0.0269494,2021-07-31,2021-07-31,0,-143772916.0,USD,28,0,2020-08-07,2020-07-31
44000-P174191,44000,EN: World Bank,Multilateral,A02_sector,2,Implementation,PA,100000000.0,68000000.0,1,2024,2024,0.32,2028-03-14,2028-03-14,0,-123846648.78,USD,4,0,2021-01-14,2022-03-14
44000-P174198,44000,EN: World Bank,Multilateral,A02_sector,3,Finalisation,SC,15000000.0,15000000.0,1,2020,2020,0.0,2021-06-30,2021-06-30,0,-25944150.22,USD,30,0,2020-06-30,2020-06-25
44000-P174234,44000,EN: World Bank,Multilateral,A02_sector,3,Finalisation,AF,100000000.0,101249352.0,1,2020,2020,-0.01249352,2020-12-31,2020-12-31,0,-202498704.0,USD,4,0,2020-07-15,2020-07-09
44000-P174246,44000,EN: World Bank,Multilateral,A02_sector,3,Finalisation,ZA,750000000.0,750000000.0,1,2022,2022,0.0,2023-06-30,2023-06-30,0,-1014145893.14,USD,4,0,2022-01-20,2022-01-20
44000-P174260,44000,EN: World Bank,Multilateral,A02_sector,3,Finalisation,KM,10000000.0,10369944.0,1,2020,2020,-0.0369944,2021-12-31,2021-12-31,0,-20739888.0,USD,4,0,2020-07-14,2020-12-10
44000-P174274,44000,EN: World Bank,Multilateral,A02_sector,3,Finalisation,ST,11999759.0,11895042.0,2,2021,2023,0.008726591925721176,2022-12-31,2022-12-31,0,-23789601.96,USD,4,0,2021-11-04,2021-12-16
44000-P174275,44000,EN: World Bank,Multilateral,A02_sector,3,Finalisation,ST,15000000.0,14859274.0,1,2023,2023,0.009381733333333333,2024-12-31,2024-12-31,0,-29718548.0,USD,4,0,2022-10-13,2023-08-29
44000-P174292,44000,EN: World Bank,Multilateral,A02_sector,3,Finalisation,IN,750000000.0,750000000.0,1,2020,2020,0.0,2021-06-30,2021-06-30,0,-1056181047.92,USD,30,0,2020-06-30,2020-06-30
44000-P174315,44000,EN: World Bank,Multilateral,A02_sector,3,Finalisation,BF,99743426.0,102001894.0,1,2021,2021,-0.022642775474746576,2021-12-31,2021-12-31,0,-199953133.86,USD,4,0,2020-09-24,2020-12-15
44000-P174346,44000,EN: World Bank,Multilateral,A02_sector,3,Finalisation,LC,30000000.0,30000000.0,1,2021,2021,0.0,2021-12-31,2021-12-31,0,-55435000.0,USD,22,0,2020-07-31,2021-01-14
44000-P174347,44000,EN: World Bank,Multilateral,A02_sector,3,Finalisation,PG,100000000.0,98337639.0,1,2021,2021,0.01662361,2022-09-30,2022-09-30,0,-180390392.26,USD,4,0,2020-09-15,2021-06-28
44000-P174367,44000,EN: World Bank,Multilateral,A02_sector,3,Finalisation,KZ,400000000.0,364851780.0,1,2022,2022,0.08787055,2023-12-31,2023-12-31,0,-551049236.58,USD,4,0,2020-10-01,2021-12-09
44000-P174376,44000,EN: World Bank,Multilateral,A02_sector,3,Finalisation,TG,70000000.0,73333770.0,1,2020,2020,-0.04762528571428572,2021-09-30,2021-09-30,0,-143714769.92,USD,30,0,2020-07-31,2020-09-10
44000-P174388,44000,EN: World Bank,Multilateral,A02_sector,3,Finalisation,MG,75000000.0,78016302.0,1,2021,2021,-0.04021736,2021-06-30,2021-06-30,0,-150877261.74,USD,26,0,2020-07-28,2020-08-27
44000-P174440,44000,EN: World Bank,Multilateral,A02_sector,3,Finalisation,PE,750000000.0,750000000.0,1,2021,2021,0.0,2022-05-31,2022-05-31,0,-922395795.44,USD,18,0,2021-02-22,2021-03-25
44000-P174447,44000,EN: World Bank,Multilateral,A02_sector,3,Finalisation,SZ,40000000.0,40000000.0,2,2020,2021,0.0,2022-06-30,2022-06-30,0,-24152993.16,USD,26,0,2020-08-10,2020-11-19
44000-P174498,44000,EN: World Bank,Multilateral,A02_sector,3,Finalisation,WS,14000000.0,13827501.0,1,2022,2022,0.012321357142857143,2023-11-30,2023-11-30,0,-27655001.84,USD,4,0,2022-03-15,2022-06-17
44000-P174527,44000,EN: World Bank,Multilateral,A02_sector,3,Finalisation,GD,25000000.0,25000000.0,1,2021,2021,0.0,2021-12-31,2021-12-31,0,-46721250.0,USD,24,0,2020-09-29,2020-12-17
44000-P174531,44000,EN: World Bank,Multilateral,A02_sector,3,Finalisation,JM,150000000.0,150000000.0,1,2021,2021,0.0,2022-03-31,2022-03-31,0,-216820119.44,USD,4,0,2020-09-29,2021-03-18
44000-P174553,44000,EN: World Bank,Multilateral,A02_sector,3,Finalisation,PK,400000000.0,397156862.0,1,2021,2021,0.007107845,2022-06-30,2022-06-30,0,-669426881.06,USD,4,0,2020-12-23,2021-06-28
44000-P174683,44000,EN: World Bank,Multilateral,A02_sector,3,Finalisation,TO,30000000.0,30677751.0,1,2020,2020,-0.0225917,2022-12-31,2022-12-31,0,-61355502.0,USD,4,0,2020-12-09,2020-12-09
44000-P174754,44000,EN: World Bank,Multilateral,A02_sector,3,Finalisation,CV,30000000.0,29648200.0,1,2021,2021,0.011726666666666666,2022-12-31,2022-12-31,0,-57562480.1,USD,4,0,2021-08-31,2021-12-06
44000-P174786,44000,EN: World Bank,Multilateral,A02_sector,3,Finalisation,CR,300000000.0,300000000.0,1,2022,2022,0.0,2022-08-31,2022-08-31,0,-435346182.7,USD,4,0,2021-01-21,2021-06-29
44000-P174889,44000,EN: World Bank,Multilateral,A02_sector,3,Finalisation,SO,100000000.0,97661207.0,1,2022,2022,0.02338793,2024-01-31,2024-01-31,0,-195322413.0,USD,4,0,2022-07-27,2022-07-27
44000-P174892,44000,EN: World Bank,Multilateral,A02_sector,3,Finalisation,BD,250000000.0,242652069.0,1,2022,2022,0.029391724,2023-05-31,2023-05-31,0,-449563130.72,USD,4,0,2021-12-03,2022-03-31
44000-P174911,44000,EN: World Bank,Multilateral,A02_sector,3,Finalisation,ZM,275000000.0,275000000.0,1,2022,2022,0.0,2023-12-31,2023-12-31,0,-503398750.0,USD,4,0,2021-06-15,2022-10-25
44000-P174927,44000,EN: World Bank,Multilateral,A02_sector,3,Finalisation,DM,25000000.0,25000000.0,1,2021,2021,0.0,2021-12-31,2021-12-31,0,-46243750.0,USD,18,0,2021-01-21,2021-03-18
44000-P175008,44000,EN: World Bank,Multilateral,A02_sector,3,Finalisation,PH,400000000.0,400000000.0,1,2021,2021,0.0,2022-06-30,2022-06-30,0,-620107408.98,USD,12,0,2021-07-14,2021-06-24
44000-P175072,44000,EN: World Bank,Multilateral,A02_sector,2,Implementation,MW,137000000.0,138468799.0,2,2023,2024,-0.010721160583941606,2026-12-31,2026-12-31,0,-276937598.0,USD,4,0,2023-12-15,2023-12-12
44000-P175126,44000,EN: World Bank,Multilateral,A02_sector,3,Finalisation,CO,750000000.0,752303032.0,2,2021,2025,-0.003070709333333333,2022-06-30,2022-06-30,0,-1055843676.42,USD,14,0,2021-05-03,2021-05-17
44000-P175139,44000,EN: World Bank,Multilateral,A02_sector,3,Finalisation,SD,1317585200.0,1309186588.0,1,2021,2021,0.006374245855220596,2022-03-31,2022-03-31,0,-2503543575.58,USD,4,0,2021-06-29,2021-03-23
44000-P175191,44000,EN: World Bank,Multilateral,A02_sector,3,Finalisation,BA,100000000.0,100143827.0,1,2024,2024,-0.00143827,2024-03-31,2024-03-31,0,-185064437.7,USD,4,0,2021-06-30,2023-03-20
44000-P175249,44000,EN: World Bank,Multilateral,A02_sector,3,Finalisation,CM,100000000.0,107124660.0,1,2022,2022,-0.0712466,2023-06-30,2023-06-30,0,-214249320.0,USD,4,0,2021-10-14,2022-12-19
44000-P175251,44000,EN: World Bank,Multilateral,A02_sector,3,Finalisation,KE,750000000.0,750000000.0,1,2021,2021,0.0,2022-06-30,2022-06-30,0,-1272885000.0,USD,4,0,2021-06-10,2021-06-10
44000-P175256,44000,EN: World Bank,Multilateral,A02_sector,3,Finalisation,NE,250000000.0,245267831.0,1,2021,2021,0.018928676,2023-06-30,2023-06-30,0,-483740111.58,USD,4,0,2021-08-31,2021-12-10
44000-P175293,44000,EN: World Bank,Multilateral,A02_sector,3,Finalisation,SN,300000000.0,301881310.0,1,2023,2023,-0.006271033333333334,2023-12-31,2023-12-31,0,-601937357.9,USD,4,0,2023-03-15,2023-06-13
44000-P175317,44000,EN: World Bank,Multilateral,A02_sector,3,Finalisation,SZ,75000000.0,75000000.0,1,2022,2022,0.0,2023-06-30,2023-06-30,0,-89733264.28,USD,4,0,2021-11-25,2022-05-06
44000-P175342,44000,EN: World Bank,Multilateral,A02_sector,3,Finalisation,SL,75000000.0,74178270.0,1,2021,2021,0.0109564,2022-12-31,2022-12-31,0,-148356540.0,USD,4,0,2021-12-16,2021-12-16
44000-P175360,44000,EN: World Bank,Multilateral,A02_sector,3,Finalisation,PH,600000000.0,600000000.0,1,2023,2023,0.0,2024-06-30,2024-06-30,0,-982864732.3,USD,4,0,2022-12-20,2023-01-30
44000-P175490,44000,EN: World Bank,Multilateral,A02_sector,3,Finalisation,BS,100000000.0,100000000.0,1,2021,2021,0.0,2022-06-30,2022-06-30,0,-143915616.32,USD,4,0,2021-03-25,2021-05-25
44000-P175492,44000,EN: World Bank,Multilateral,A02_sector,3,Finalisation,BB,100000000.0,100000000.0,1,2021,2021,0.0,2022-06-30,2022-06-30,0,-155350534.96,USD,4,0,2021-06-24,2021-06-24
44000-P175543,44000,EN: World Bank,Multilateral,A02_sector,3,Finalisation,FJ,100000000.0,98721956.0,1,2022,2022,0.01278044,2024-03-25,2024-03-25,0,-174384969.84,USD,4,0,2022-07-06,2022-06-30
44000-P175570,44000,EN: World Bank,Multilateral,A02_sector,3,Finalisation,LR,40000000.0,39935020.0,1,2021,2021,0.0016245,2022-12-31,2022-12-31,0,-76726929.26,USD,12,0,2021-03-17,2021-06-17
44000-P175640,44000,EN: World Bank,Multilateral,A02_sector,3,Finalisation,MD,150000000.0,142432875.0,1,2022,2022,0.0504475,2023-05-31,2023-05-31,0,-264202233.06,USD,4,0,2021-06-23,2022-06-02
44000-P175742,44000,EN: World Bank,Multilateral,A02_sector,3,Finalisation,ID,350000000.0,351376780.0,1,2022,2022,-0.003933657142857143,2023-06-30,2023-06-30,0,-612920314.64,USD,4,0,2021-09-23,2022-06-29
44000-P175758,44000,EN: World Bank,Multilateral,A02_sector,3,Finalisation,BT,35000000.0,34865892.0,1,2021,2021,0.003831657142857143,2022-06-30,2022-06-30,0,-67407103.68,USD,4,0,2021-06-21,2021-06-23
44000-P175801,44000,EN: World Bank,Multilateral,A02_sector,3,Finalisation,CO,500000000.0,501584877.0,2,2021,2025,-0.003169754,2023-01-30,2023-01-30,0,-736522919.6,USD,4,0,2021-07-15,2021-09-23
44000-P175847,44000,EN: World Bank,Multilateral,A02_sector,3,Finalisation,DM,30000000.0,30000000.0,1,2022,2022,0.0,2023-03-31,2023-03-31,0,-56996450.0,USD,4,0,2022-04-21,2022-06-03
44000-P175874,44000,EN: World Bank,Multilateral,A02_sector,3,Finalisation,DO,400000000.0,400000000.0,1,2023,2023,0.0,2023-09-30,2023-09-30,0,-641427780.38,USD,4,0,2021-03-31,2022-03-31
44000-P175930,44000,EN: World Bank,Multilateral,A02_sector,3,Finalisation,PA,250000000.0,250000000.0,1,2022,2022,0.0,2023-12-29,2023-12-29,0,-340910605.12,USD,4,0,2021-12-01,2022-06-24
44000-P175934,44000,EN: World Bank,Multilateral,A02_sector,3,Finalisation,BW,250000000.0,250000000.0,1,2021,2021,0.0,2022-12-31,2022-12-31,0,-321464034.92,USD,4,0,2021-03-25,2021-06-11
44000-P175979,44000,EN: World Bank,Multilateral,A02_sector,3,Finalisation,GT,250000000.0,250000000.0,1,2025,2025,0.0,2025-06-30,2025-06-30,0,-466387026.44,USD,4,0,2022-06-01,2022-10-20
44000-P176137,44000,EN: World Bank,Multilateral,A02_sector,3,Finalisation,AF,132000000.0,131072400.0,1,2021,2021,0.0070272727272727275,2022-06-30,2022-06-30,0,-262144800.0,USD,12,0,2021-06-24,2021-06-24
44000-P176148,44000,EN: World Bank,Multilateral,A02_sector,3,Finalisation,CV,52500000.0,55797538.0,2,2022,2025,-0.06281024761904762,2026-02-15,2026-02-15,0,-110431430.84,USD,4,0,2022-10-14,2022-11-17
44000-P176278,44000,EN: World Bank,Multilateral,A02_sector,3,Finalisation,AM,100000000.0,103412920.0,1,2023,2023,-0.0341292,2024-03-29,2024-03-29,0,-182865490.78,USD,4,0,2021-09-30,2023-03-24
44000-P176353,44000,EN: World Bank,Multilateral,A02_sector,3,Finalisation,UZ,400000000.0,400000000.0,1,2021,2021,0.0,2023-06-30,2023-06-30,0,-676314719.54,USD,4,0,2021-08-27,2021-12-16
44000-P176387,44000,EN: World Bank,Multilateral,A02_sector,3,Finalisation,PE,350000000.0,350000000.0,1,2021,2021,0.0,2022-12-31,2022-12-31,0,-392355636.54,USD,12,0,2021-06-29,2021-06-24
44000-P176420,44000,EN: World Bank,Multilateral,A02_sector,3,Finalisation,SC,35000000.0,35000000.0,1,2021,2021,0.0,2022-12-23,2022-12-23,0,-54626568.36,USD,4,0,2021-10-28,2021-12-16
44000-P176447,44000,EN: World Bank,Multilateral,A02_sector,3,Finalisation,IN,500000000.0,499879904.0,1,2021,2021,0.000240192,2022-12-31,2022-12-31,0,-771640524.62,USD,12,0,2023-08-31,2021-06-29
44000-P176498,44000,EN: World Bank,Multilateral,A02_sector,3,Finalisation,NP,100000000.0,98095270.0,1,2024,2024,0.0190473,2025-02-28,2025-02-28,0,-193705592.36,USD,4,0,2022-10-10,2024-02-29
44000-P176505,44000,EN: World Bank,Multilateral,A02_sector,3,Finalisation,CO,500000000.0,501584877.0,2,2021,2025,-0.003169754,2023-11-15,2023-11-15,0,-737725419.6,USD,4,0,2021-06-15,2021-11-11
44000-P176513,44000,EN: World Bank,Multilateral,A02_sector,3,Finalisation,BJ,100000000.0,98279536.0,1,2021,2021,0.01720464,2022-12-31,2022-12-31,0,-193707929.56,USD,4,0,2021-12-02,2021-12-16
44000-P176650,44000,EN: World Bank,Multilateral,A02_sector,3,Finalisation,CO,300000000.0,302940712.0,2,2022,2025,-0.009802373333333333,2025-06-15,2025-06-15,0,-458074928.5,USD,4,0,2021-12-09,2021-12-17
44000-P176663,44000,EN: World Bank,Multilateral,A02_sector,3,Finalisation,GD,25000000.0,25000000.0,1,2022,2022,0.0,2023-12-31,2023-12-31,0,-47699500.0,USD,4,0,2022-05-25,2022-05-25
44000-P176717,44000,EN: World Bank,Multilateral,A02_sector,3,Finalisation,VN,221500000.0,204965948.0,1,2022,2022,0.07464583295711061,2022-12-15,2022-12-15,0,-381000197.58,USD,4,0,2021-06-29,2021-06-29
44000-P176756,44000,EN: World Bank,Multilateral,A02_sector,3,Finalisation,KH,200000000.0,182822400.0,1,2022,2022,0.085888,2022-05-31,2022-05-31,0,-351801461.78,USD,4,0,2021-06-24,2021-06-24
44000-P176762,44000,EN: World Bank,Multilateral,A02_sector,3,Finalisation,MZ,300000000.0,284883552.0,1,2022,2022,0.05038816,2023-06-30,2023-06-30,0,-569767104.0,USD,4,0,2021-10-28,2022-07-13
44000-P176788,44000,EN: World Bank,Multilateral,A02_sector,3,Finalisation,CO,750000000.0,752451598.0,2,2022,2025,-0.0032687973333333335,2023-03-24,2023-03-24,0,-1160973290.82,USD,4,0,2021-11-08,2022-03-24
44000-P176810,44000,EN: World Bank,Multilateral,A02_sector,3,Finalisation,BW,150000000.0,150000000.0,1,2024,2024,0.0,2024-06-30,2024-06-30,0,-261049617.08,USD,4,0,2022-04-20,2023-06-16
44000-P176881,44000,EN: World Bank,Multilateral,A02_sector,3,Finalisation,NP,150000000.0,144929554.0,1,2022,2022,0.03380297333333333,2023-06-30,2023-06-30,0,-281865649.58,USD,4,0,2022-02-24,2022-03-24
44000-P176891,44000,EN: World Bank,Multilateral,A02_sector,3,Finalisation,PH,600000000.0,600000000.0,1,2022,2022,0.0,2023-03-31,2023-03-31,0,-936433033.92,USD,4,0,2021-12-15,2021-12-10
44000-P176903,44000,EN: World Bank,Multilateral,A02_sector,3,Finalisation,KE,750000000.0,750000000.0,1,2022,2022,0.0,2023-02-28,2023-02-28,0,-1284646174.4,USD,4,0,2022-01-31,2022-03-16
44000-P176930,44000,EN: World Bank,Multilateral,A02_sector,3,Finalisation,VU,10000000.0,9555552.0,1,2023,2023,0.0444448,2025-06-30,2025-06-30,0,-19111104.0,USD,4,0,2022-03-31,2022-06-22
44000-P176937,44000,EN: World Bank,Multilateral,A02_sector,3,Finalisation,MA,500000000.0,487108528.0,1,2022,2022,0.025782944,2023-06-30,2023-06-30,0,-833060127.32,USD,4,0,2022-03-31,2022-06-16
44000-P176983,44000,EN: World Bank,Multilateral,A02_sector,3,Finalisation,EC,700000000.0,700000000.0,1,2022,2022,0.0,2023-01-31,2023-01-31,0,-1227513398.66,USD,4,0,2022-03-31,2022-02-01
44000-P176993,44000,EN: World Bank,Multilateral,A02_sector,3,Finalisation,LR,55000000.0,54441088.0,1,2022,2022,0.010162036363636363,2023-12-31,2023-12-31,0,-108882176.0,USD,4,0,2022-05-06,2022-09-30
44000-P177001,44000,EN: World Bank,Multilateral,A02_sector,3,Finalisation,HN,100000000.0,100000000.0,1,2024,2024,0.0,2025-06-30,2025-06-30,0,-172980555.56,USD,4,0,2022-06-22,2022-06-16
44000-P177029,44000,EN: World Bank,Multilateral,A02_sector,3,Finalisation,CR,500000000.0,500000000.0,1,2025,2025,0.0,2025-09-30,2025-09-30,0,-958654426.42,USD,4,0,2022-06-15,2023-06-16
44000-P177125,44000,EN: World Bank,Multilateral,A02_sector,3,Finalisation,PH,500000000.0,500000000.0,3,2021,2023,0.0,2023-09-04,2023-09-04,0,-793842087.1,USD,4,1,2021-10-28,2021-11-17
44000-P177410,44000,EN: World Bank,Multilateral,A02_sector,3,Finalisation,RS,160000000.0,160457008.0,2,2023,2024,-0.0028563,2024-06-30,2024-06-30,0,-299201163.84,USD,4,0,2022-04-19,2023-03-09
44000-P177460,44000,EN: World Bank,Multilateral,A02_sector,3,Finalisation,CD,250000000.0,243003420.0,1,2022,2022,0.02798632,2023-06-30,2023-06-30,0,-486006840.0,USD,4,0,2022-07-05,2022-06-23
44000-P177632,44000,EN: World Bank,Multilateral,A02_sector,3,Finalisation,BR,470169601.0,470169601.0,1,2022,2022,0.0,2024-12-31,2024-12-31,0,-584856459.22,USD,4,0,2022-04-13,2022-04-28
44000-P177712,44000,EN: World Bank,Multilateral,A02_sector,3,Finalisation,BT,52500000.0,52297423.0,1,2022,2022,0.003858609523809524,2023-06-30,2023-06-30,0,-101675160.56,USD,4,0,2022-06-20,2022-06-21
44000-P177726,44000,EN: World Bank,Multilateral,A02_sector,3,Finalisation,ID,750000000.0,752919940.0,1,2022,2022,-0.0038932533333333333,2023-06-30,2023-06-30,0,-1313347815.76,USD,4,0,2022-06-17,2022-06-17
44000-P177748,44000,EN: World Bank,Multilateral,A02_sector,2,Implementation,GM,60000000.0,40545785.0,1,2023,2023,0.32423691666666665,2027-12-31,2027-12-31,0,-81091570.0,USD,4,0,2023-11-20,2023-11-20
44000-P177765,44000,EN: World Bank,Multilateral,A02_sector,3,Finalisation,PE,500000000.0,500000000.0,1,2022,2022,0.0,2023-06-30,2023-06-30,0,-793128929.92,USD,4,0,2022-01-12,2022-03-31
44000-P177776,44000,EN: World Bank,Multilateral,A02_sector,3,Finalisation,NP,100000000.0,95593446.0,1,2022,2022,0.04406554,2023-06-30,2023-06-30,0,-186191320.26,USD,4,0,2022-06-15,2022-07-14
44000-P177794,44000,EN: World Bank,Multilateral,A02_sector,2,Implementation,KI,10000000.0,8167046.0,1,2023,2023,0.1832954,2026-12-31,2026-12-31,0,-16334092.0,USD,4,0,2023-11-30,2023-11-30
44000-P177797,44000,EN: World Bank,Multilateral,A02_sector,3,Finalisation,GE,50000000.0,50257249.0,1,2023,2023,-0.00514498,2024-03-31,2024-03-31,0,-89432309.64,USD,4,0,2022-06-21,2023-03-24
44000-P177807,44000,EN: World Bank,Multilateral,A02_sector,2,Implementation,DM,20000000.0,0,0,,,1.0,2028-05-05,2028-05-05,0,0.0,USD,4,0,2022-06-17,2022-06-03
44000-P177930,44000,EN: World Bank,Multilateral,A02_sector,3,Finalisation,TJ,50000000.0,52749840.0,1,2023,2023,-0.0549968,2024-06-30,2024-06-30,0,-105499680.0,USD,4,0,2022-06-15,2023-01-12
44000-P177931,44000,EN: World Bank,Multilateral,A02_sector,3,Finalisation,UA,838750000.0,818995184.0,2,2021,2022,0.023552686736214606,2023-01-31,2023-01-31,0,-2389512681.78,USD,4,0,2021-12-17,2021-12-17
44000-P177985,44000,EN: World Bank,Multilateral,A02_sector,3,Finalisation,IN,750000000.0,750000000.0,1,2023,2023,0.0,2023-06-30,2023-06-30,0,-1199067392.56,USD,4,0,2022-07-29,2022-06-29
44000-P178042,44000,EN: World Bank,Multilateral,A02_sector,3,Finalisation,BJ,150000000.0,143262350.0,1,2022,2022,0.04491766666666667,2023-09-30,2023-09-30,0,-286524700.0,USD,4,0,2022-10-31,2022-09-21
44000-P178064,44000,EN: World Bank,Multilateral,A02_sector,3,Finalisation,CI,400000000.0,429183400.0,1,2022,2022,-0.0729585,2023-12-31,2023-12-31,0,-848987916.58,USD,4,0,2022-09-15,2022-12-08
44000-P178113,44000,EN: World Bank,Multilateral,A02_sector,3,Finalisation,RW,200000000.0,200000000.0,1,2023,2023,0.0,2023-06-30,2023-06-30,0,-400000000.0,USD,4,0,2022-12-06,2022-12-22
44000-P178115,44000,EN: World Bank,Multilateral,A02_sector,3,Finalisation,RS,160000000.0,181263021.0,1,2025,2025,-0.13289388125,2026-03-31,2026-03-31,0,-358089211.9,USD,4,0,2025-03-06,2025-03-06
44000-P178122,44000,EN: World Bank,Multilateral,A02_sector,2,Implementation,DO,230000000.0,1722125.0,2,2024,2026,0.9925125,2029-01-15,2029-01-15,0,316943.24,USD,4,0,2022-03-31,2022-12-02
44000-P178156,44000,EN: World Bank,Multilateral,A02_sector,3,Finalisation,TZ,500000000.0,500000000.0,1,2022,2022,0.0,2023-12-31,2023-12-31,0,-903121251.26,USD,4,0,2022-05-31,2022-12-20
44000-P178202,44000,EN: World Bank,Multilateral,A02_sector,3,Finalisation,AL,120000000.0,122531227.0,1,2023,2023,-0.021093558333333335,2024-12-31,2024-12-31,0,-224672306.0,USD,4,0,2022-12-14,2023-03-16
44000-P178209,44000,EN: World Bank,Multilateral,A02_sector,3,Finalisation,SC,25000000.0,25000000.0,1,2022,2022,0.0,2024-03-15,2024-03-15,0,-40935524.82,USD,4,0,2022-11-08,2022-12-20
44000-P178210,44000,EN: World Bank,Multilateral,A02_sector,3,Finalisation,SC,25000000.0,25000000.0,1,2024,2024,0.0,2025-12-31,2025-12-31,0,-44594371.9,USD,4,0,2023-11-07,2024-01-11
44000-P178224,44000,EN: World Bank,Multilateral,A02_sector,3,Finalisation,MX,700000000.0,700000000.0,1,2022,2022,0.0,2023-12-31,2023-12-31,0,-1110747899.74,USD,4,0,2022-03-31,2022-05-31
44000-P178285,44000,EN: World Bank,Multilateral,A02_sector,3,Finalisation,PY,240000000.0,240000000.0,2,2022,2023,0.0,2023-12-15,2023-12-15,0,-390950306.14,USD,4,0,2022-07-15,2022-06-30
44000-P178303,44000,EN: World Bank,Multilateral,A02_sector,3,Finalisation,KZ,600000000.0,541696008.0,1,2024,2024,0.09717332,2025-12-31,2025-12-31,0,-1068512444.12,USD,4,0,2022-09-19,2024-03-14
44000-P178321,44000,EN: World Bank,Multilateral,A02_sector,3,Finalisation,SL,100000000.0,103957516.0,1,2022,2022,-0.03957516,2023-11-30,2023-11-30,0,-196729632.0,USD,146,0,2022-09-20,2022-12-05
44000-P178322,44000,EN: World Bank,Multilateral,A02_sector,3,Finalisation,SL,65000000.0,66178530.0,1,2023,2023,-0.018131230769230768,2024-12-30,2024-12-30,0,-132357060.0,USD,4,0,2023-11-30,2023-12-14
44000-P178329,44000,EN: World Bank,Multilateral,A02_sector,3,Finalisation,IN,190000000.0,190000000.0,1,2022,2022,0.0,2024-06-30,2024-06-30,0,-298633968.26,USD,4,0,2022-07-20,2022-06-30
44000-P178382,44000,EN: World Bank,Multilateral,A02_sector,3,Finalisation,MA,500000000.0,504479018.0,1,2024,2024,-0.008958036,2024-12-31,2024-12-31,0,-942939111.2,USD,4,0,2023-12-15,2023-12-19
44000-P178423,44000,EN: World Bank,Multilateral,A02_sector,3,Finalisation,NE,350000000.0,375306750.0,1,2022,2022,-0.072305,2023-12-31,2023-12-31,0,-750613500.0,USD,4,0,2022-11-30,2022-12-09
44000-P178481,44000,EN: World Bank,Multilateral,A02_sector,3,Finalisation,BD,500000000.0,493349067.0,1,2024,2024,0.013301866,2025-06-30,2025-06-30,0,-970057854.5,USD,4,0,2024-06-21,2024-06-21
44000-P178531,44000,EN: World Bank,Multilateral,A02_sector,3,Finalisation,NP,80000000.0,79987050.0,1,2024,2024,0.000161875,2025-04-25,2025-04-25,0,-158084843.82,USD,4,0,2024-05-06,2024-05-06
44000-P178570,44000,EN: World Bank,Multilateral,A02_sector,3,Finalisation,DO,400000000.0,400000000.0,1,2024,2024,0.0,2024-06-28,2024-06-28,0,-693903559.98,USD,4,0,2023-03-31,2023-05-26
44000-P178591,44000,EN: World Bank,Multilateral,A02_sector,3,Finalisation,PE,750000000.0,750000000.0,1,2023,2023,0.0,2025-12-29,2025-12-29,0,-1227994785.92,USD,4,0,2022-10-31,2022-12-15
44000-P178614,44000,EN: World Bank,Multilateral,A02_sector,3,Finalisation,CG,50000000.0,53807040.0,1,2022,2022,-0.0761408,2023-12-19,2023-12-19,0,-106155813.84,USD,4,0,2022-11-30,2022-12-16
44000-P178634,44000,EN: World Bank,Multilateral,A02_sector,3,Finalisation,PH,750000000.0,750000000.0,1,2023,2023,0.0,2024-12-31,2024-12-31,0,-1269407185.74,USD,4,0,2023-05-16,2023-06-13
44000-P178635,44000,EN: World Bank,Multilateral,A02_sector,3,Finalisation,BT,50000000.0,50154552.0,1,2023,2023,-0.00309104,2024-06-30,2024-06-30,0,-98933142.18,USD,4,0,2023-06-01,2023-08-22
44000-P178636,44000,EN: World Bank,Multilateral,A02_sector,3,Finalisation,EC,500000000.0,500000000.0,1,2022,2022,0.0,2023-12-15,2023-12-15,0,-816665924.84,USD,146,0,2022-10-14,2022-12-06
44000-P178646,44000,EN: World Bank,Multilateral,A02_sector,3,Finalisation,ME,86600000.0,83512000.0,1,2024,2024,0.03565819861431871,2026-03-31,2026-03-31,0,-160776964.92,USD,4,0,2023-01-31,2024-10-04
44000-P178668,44000,EN: World Bank,Multilateral,A02_sector,3,Finalisation,MZ,300000000.0,305014402.0,1,2023,2023,-0.016714673333333332,2024-12-31,2024-12-31,0,-610028804.0,USD,4,0,2023-07-06,2023-11-22
44000-P178676,44000,EN: World Bank,Multilateral,A02_sector,2,Implementation,SB,20000000.0,20607365.0,2,2023,2026,-0.03036825,2026-12-31,2026-12-31,0,-41214730.0,USD,4,0,2022-11-15,2023-11-30
44000-P178687,44000,EN: World Bank,Multilateral,A02_sector,3,Finalisation,NP,100000000.0,99996786.0,1,2025,2025,3.214e-05,2025-12-15,2025-12-15,0,-198333874.56,USD,4,0,2024-12-12,2024-12-12
44000-P178729,44000,EN: World Bank,Multilateral,A02_sector,3,Finalisation,BR,135238245.0,135238245.0,1,2023,2023,0.0,2024-12-31,2024-12-31,0,-180861191.82,USD,4,0,2022-05-18,2022-06-16
44000-P178912,44000,EN: World Bank,Multilateral,A02_sector,3,Finalisation,RO,641700000.0,633240000.0,1,2022,2022,0.013183730715287518,2023-09-30,2023-09-30,0,-1103057033.58,USD,4,0,2022-06-30,2022-06-30
44000-P178930,44000,EN: World Bank,Multilateral,A02_sector,3,Finalisation,GD,30000000.0,30000000.0,1,2023,2023,0.0,2024-12-31,2024-12-31,0,-58008733.34,USD,4,0,2023-06-07,2023-07-20
44000-P179006,44000,EN: World Bank,Multilateral,A02_sector,3,Finalisation,CI,300000000.0,310271640.0,1,2023,2023,-0.0342388,2024-12-31,2024-12-31,0,-620543280.0,USD,4,0,2023-11-03,2023-12-08
44000-P179007,44000,EN: World Bank,Multilateral,A02_sector,3,Finalisation,UZ,950000000.0,950000000.0,1,2022,2022,0.0,2024-07-01,2024-07-01,0,-1668829459.9,USD,4,0,2022-07-29,2022-12-14
44000-P179019,44000,EN: World Bank,Multilateral,A02_sector,3,Finalisation,KH,274000000.0,274000000.0,1,2023,2023,0.0,2023-10-31,2023-10-31,0,-548000000.0,USD,4,0,2022-12-22,2022-12-20
44000-P179077,44000,EN: World Bank,Multilateral,A02_sector,3,Finalisation,ZA,1000000000.0,1000000000.0,1,2024,2024,0.0,2025-02-28,2025-02-28,0,-1518390469.96,USD,148,0,2022-10-28,2023-10-24
44000-P179079,44000,EN: World Bank,Multilateral,A02_sector,3,Finalisation,BD,500000000.0,507698759.0,1,2023,2023,-0.015397518,2024-06-30,2024-06-30,0,-996206036.08,USD,4,0,2022-12-21,2023-04-27
44000-P179086,44000,EN: World Bank,Multilateral,A02_sector,3,Finalisation,MD,100000000.0,101254740.0,1,2023,2023,-0.0125474,2024-05-24,2024-05-24,0,-173788260.82,USD,4,0,2023-06-21,2023-05-25
44000-P179112,44000,EN: World Bank,Multilateral,A02_sector,3,Finalisation,BB,100000000.0,100000000.0,1,2023,2023,0.0,2024-03-30,2024-03-30,0,-163168592.62,USD,4,0,2023-02-28,2023-01-10
44000-P179141,44000,EN: World Bank,Multilateral,A02_sector,3,Finalisation,CD,500000000.0,500000000.0,1,2023,2023,0.0,2024-06-30,2024-06-30,0,-1000000000.0,USD,4,0,2023-02-22,2023-03-28
44000-P179182,44000,EN: World Bank,Multilateral,A02_sector,3,Finalisation,BR,135238245.0,135238245.0,1,2024,2024,0.0,2024-12-31,2024-12-31,0,-215230762.78,USD,4,0,2023-10-26,2023-11-16
44000-P179214,44000,EN: World Bank,Multilateral,A02_sector,2,Implementation,PE,750000000.0,750000000.0,1,2024,2024,0.0,2026-11-30,2026-11-30,0,-1323805359.1,USD,4,0,2023-07-07,2023-10-26
44000-P179263,44000,EN: World Bank,Multilateral,A02_sector,2,Implementation,MR,48000000.0,24402420.0,1,2024,2024,0.49161625,2027-06-30,2027-06-30,0,-48804840.0,USD,4,0,2023-08-24,2024-02-29
44000-P179265,44000,EN: World Bank,Multilateral,A02_sector,3,Finalisation,CV,25000000.0,25706112.0,1,2023,2023,-0.02824448,2024-12-31,2024-12-31,0,-50943777.24,USD,4,0,2023-12-11,2023-12-11
44000-P179294,44000,EN: World Bank,Multilateral,A02_sector,3,Finalisation,TG,150000000.0,145270320.0,1,2023,2023,0.0315312,2024-10-20,2024-10-20,0,-290540640.0,USD,4,0,2023-05-31,2023-09-06
44000-P179297,44000,EN: World Bank,Multilateral,A02_sector,3,Finalisation,RO,650000000.0,638304960.0,1,2023,2023,0.01799236923076923,2024-09-30,2024-09-30,0,-1158727668.32,USD,4,0,2023-09-29,2023-06-30
44000-P179307,44000,EN: World Bank,Multilateral,A02_sector,3,Finalisation,SO,75000000.0,74683712.0,2,2023,2025,0.004217173333333333,2025-01-31,2025-01-31,0,-149367422.8,USD,4,0,2023-07-27,2023-07-28
44000-P179361,44000,EN: World Bank,Multilateral,A02_sector,3,Finalisation,PH,600000000.0,600000000.0,1,2024,2024,0.0,2024-12-31,2024-12-31,0,-1035047233.3,USD,4,0,2023-12-08,2023-09-29
44000-P179367,44000,EN: World Bank,Multilateral,A02_sector,3,Finalisation,UY,350000000.0,350000000.0,1,2024,2024,0.0,2025-11-30,2025-11-30,0,-623226350.08,USD,4,0,2023-11-16,2023-11-16
44000-P179512,44000,EN: World Bank,Multilateral,A02_sector,3,Finalisation,AO,500000000.0,500000000.0,1,2023,2023,0.0,2024-06-30,2024-06-30,0,-843869318.98,USD,4,0,2023-07-20,2023-06-30
44000-P179513,44000,EN: World Bank,Multilateral,A02_sector,2,Implementation,AO,500000000.0,500000000.0,1,2024,2024,0.0,2026-12-31,2026-12-31,0,-918147620.46,USD,4,0,2024-05-27,2024-09-30
44000-P179539,44000,EN: World Bank,Multilateral,A02_sector,3,Finalisation,LC,40000000.0,40301785.0,1,2024,2024,-0.007544625,2024-12-31,2024-12-31,0,-79426661.62,USD,4,0,2023-01-26,2024-01-11
44000-P179763,44000,EN: World Bank,Multilateral,A02_sector,3,Finalisation,KM,19952908.0,19541211.0,1,2023,2023,0.020633433482477842,2024-12-15,2024-12-15,0,-38988237.66,USD,4,0,2023-05-31,2023-09-29
44000-P179808,44000,EN: World Bank,Multilateral,A02_sector,3,Finalisation,LK,500000000.0,495624384.0,1,2023,2023,0.008751232,2024-10-31,2024-10-31,0,-991248768.0,USD,4,0,2023-05-31,2023-06-28
44000-P179813,44000,EN: World Bank,Multilateral,A02_sector,2,Implementation,TO,25000000.0,5071404.0,1,2024,2024,0.79714384,2026-12-31,2026-12-31,0,-10142808.0,USD,4,0,2023-08-04,2024-01-19
44000-P179817,44000,EN: World Bank,Multilateral,A02_sector,3,Finalisation,PA,150000000.0,150000000.0,1,2023,2023,0.0,2025-12-31,2025-12-31,0,-216731834.52,USD,4,0,2023-04-05,2023-04-27
44000-P179820,44000,EN: World Bank,Multilateral,A02_sector,2,Implementation,TV,11500000.0,7466872.0,1,2023,2023,0.35070678260869564,2026-10-30,2026-10-30,0,-14933743.98,USD,4,0,2023-11-23,2023-09-22
44000-P179849,44000,EN: World Bank,Multilateral,A02_sector,3,Finalisation,AM,100000000.0,97039605.0,1,2024,2024,0.02960395,2025-03-31,2025-03-31,0,-183438386.52,USD,4,0,2024-04-24,2024-04-24
44000-P179861,44000,EN: World Bank,Multilateral,A02_sector,2,Implementation,CR,160000000.0,0.0,0,,,1.0,2029-03-24,2029-03-24,0,2400000.0,USD,4,0,2023-02-23,2023-03-23
44000-P179909,44000,EN: World Bank,Multilateral,A02_sector,2,Implementation,HN,270300000.0,145300000.0,1,2026,2026,0.46244913059563447,2026-08-14,2026-08-14,0,-540600000.0,USD,4,0,2024-09-09,2025-02-14
44000-P179944,44000,EN: World Bank,Multilateral,A02_sector,3,Finalisation,XK,100000000.0,103465740.0,1,2026,2026,-0.0346574,2026-03-18,2026-03-18,0,-206931480.0,USD,4,0,2024-02-29,2024-03-18
44000-P180017,44000,EN: World Bank,Multilateral,A02_sector,2,Implementation,CM,200000000.0,214697282.0,1,2025,2025,-0.07348641,2026-12-31,2026-12-31,0,-412743019.7,USD,4,0,2025-03-14,2025-03-14
44000-P180033,44000,EN: World Bank,Multilateral,A02_sector,3,Finalisation,CO,1000000000.0,1010108666.0,2,2022,2025,-0.010108666,2023-12-31,2023-12-31,0,-1659863437.84,USD,4,0,2022-12-16,2022-12-19
44000-P180050,44000,EN: World Bank,Multilateral,A02_sector,3,Finalisation,LR,65000000.0,65000000.0,1,2023,2023,0.0,2024-12-31,2024-12-31,0,-130000000.0,USD,4,0,2023-01-31,2023-06-14
44000-P180093,44000,EN: World Bank,Multilateral,A02_sector,3,Finalisation,CG,80000000.0,82486971.0,2,2023,2024,-0.0310871375,2024-12-31,2024-12-31,0,-155789075.6,USD,4,0,2023-11-15,2023-12-15
44000-P180120,44000,EN: World Bank,Multilateral,A02_sector,3,Finalisation,WS,10000000.0,10000425.0,1,2023,2023,-4.25e-05,2024-07-31,2024-07-31,0,-20000850.0,USD,4,0,2023-09-21,2023-06-01
44000-P180196,44000,EN: World Bank,Multilateral,A02_sector,3,Finalisation,RW,125000000.0,125000000.0,1,2023,2023,0.0,2024-04-30,2024-04-30,0,-250000000.0,USD,4,0,2023-12-08,2023-12-08
44000-P180216,44000,EN: World Bank,Multilateral,A02_sector,3,Finalisation,GY,35000000.0,35747562.0,1,2023,2023,-0.021358914285714285,2024-12-31,2024-12-31,0,-71495124.0,USD,4,0,2023-06-15,2023-12-14
44000-P180234,44000,EN: World Bank,Multilateral,A02_sector,3,Finalisation,CI,310600000.0,298451010.0,1,2024,2024,0.03911458467482292,2025-12-31,2025-12-31,0,-588259930.36,USD,4,0,2024-12-05,2024-12-05
44000-P180286,44000,EN: World Bank,Multilateral,A02_sector,2,Implementation,BJ,230000000.0,198193300.0,2,2023,2024,0.13829,2027-12-31,2027-12-31,0,-385969786.6,USD,4,0,2023-09-29,2023-09-15
44000-P180288,44000,EN: World Bank,Multilateral,A02_sector,3,Finalisation,MG,100000000.0,99107284.0,1,2023,2023,0.00892716,2024-06-30,2024-06-30,0,-179720268.0,USD,138,0,2023-06-08,2023-06-08
44000-P180319,44000,EN: World Bank,Multilateral,A02_sector,3,Finalisation,EC,500000000.0,500000000.0,1,2023,2023,0.0,2024-12-31,2024-12-31,0,-783322279.0,USD,156,0,2023-07-31,2023-08-04
44000-P180336,44000,EN: World Bank,Multilateral,A02_sector,3,Finalisation,PH,750000000.0,782322527.0,1,2024,2024,-0.04309670266666667,2025-12-31,2025-12-31,0,-1459424870.26,USD,4,0,2024-05-31,2024-06-28
44000-P180339,44000,EN: World Bank,Multilateral,A02_sector,3,Finalisation,KE,1000000000.0,1000000000.0,1,2023,2023,0.0,2025-06-30,2025-06-30,0,-1670727591.78,USD,156,0,2023-05-31,2023-05-26
44000-P180398,44000,EN: World Bank,Multilateral,A02_sector,2,Implementation,CG,80000000.0,81797918.0,1,2025,2025,-0.022473975,2026-12-31,2026-12-31,0,-161891499.64,USD,4,0,2024-11-29,2025-06-20
44000-P180439,44000,EN: World Bank,Multilateral,A02_sector,3,Finalisation,BD,500000000.0,489831228.0,1,2024,2024,0.020337544,2026-01-15,2026-01-15,0,-964978055.76,USD,4,0,2023-05-31,2024-12-19
44000-P180470,44000,EN: World Bank,Multilateral,A02_sector,3,Finalisation,UZ,800000000.0,800000000.0,1,2023,2023,0.0,2025-06-30,2025-06-30,0,-1457140400.72,USD,4,0,2023-12-07,2023-12-07
44000-P180496,44000,EN: World Bank,Multilateral,A02_sector,3,Finalisation,MX,700000000.0,700000000.0,2,2023,2024,0.0,2024-12-31,2024-12-31,0,-1211896725.34,USD,4,0,2023-03-31,2023-06-23
44000-P180497,44000,EN: World Bank,Multilateral,A02_sector,3,Finalisation,BR,478177027.0,471004122.0,1,2025,2025,0.015000521971959979,2025-12-31,2025-12-31,0,-726459579.76,USD,4,0,2023-09-14,2024-03-28
44000-P180504,44000,EN: World Bank,Multilateral,A02_sector,3,Finalisation,TZ,750000000.0,750000000.0,2,2023,2024,0.0,2025-02-28,2025-02-28,0,-1360374854.9,USD,4,0,2023-12-29,2023-12-20
44000-P180544,44000,EN: World Bank,Multilateral,A02_sector,3,Finalisation,BA,75000000.0,81753820.0,1,2025,2025,-0.09005093333333333,2026-06-30,2026-06-30,0,-161481469.82,USD,4,0,2024-10-01,2025-01-29
44000-P180549,44000,EN: World Bank,Multilateral,A02_sector,3,Finalisation,LK,200000000.0,200251314.0,1,2024,2024,-0.00125657,2025-09-30,2025-09-30,0,-387867369.22,USD,4,0,2024-09-11,2024-09-11
44000-P180554,44000,EN: World Bank,Multilateral,A02_sector,2,Implementation,PE,500000000.0,0.0,0,,,1.0,2027-11-01,2027-11-01,0,7513698.66,USD,4,0,2024-08-09,2024-08-09
44000-P180566,44000,EN: World Bank,Multilateral,A02_sector,3,Finalisation,CO,750000000.0,739733661.0,2,2023,2025,0.013688452,2024-06-15,2024-06-15,0,-1261093788.72,USD,4,0,2023-06-22,2023-06-14
44000-P180585,44000,EN: World Bank,Multilateral,A02_sector,2,Implementation,PH,500000000.0,500000000.0,2,2024,2025,0.0,2026-12-31,2026-12-31,0,-973319598.46,USD,4,0,2023-09-21,2023-11-16
44000-P180587,44000,EN: World Bank,Multilateral,A02_sector,3,Finalisation,MK,100000000.0,103421195.0,1,2023,2023,-0.03421195,2024-06-30,2024-06-30,0,-188437090.42,USD,4,0,2023-09-21,2023-12-15
44000-P180679,44000,EN: World Bank,Multilateral,A02_sector,2,Implementation,AL,120000000.0,133970937.0,1,2025,2025,-0.116424475,2026-12-31,2026-12-31,0,-265556141.24,USD,4,0,2024-03-18,2025-02-12
44000-P180718,44000,EN: World Bank,Multilateral,A02_sector,3,Finalisation,GH,300000000.0,300000000.0,1,2024,2024,0.0,2024-12-31,2024-12-31,0,-565513333.32,USD,4,0,2023-10-31,2024-01-23
44000-P180749,44000,EN: World Bank,Multilateral,A02_sector,3,Finalisation,KH,275000000.0,275293305.0,1,2024,2024,-0.0010665636363636365,2025-06-30,2025-06-30,0,-549050129.1,USD,4,0,2024-06-15,2024-06-20
44000-P180927,44000,EN: World Bank,Multilateral,A02_sector,3,Finalisation,CO,700000000.0,700000000.0,1,2025,2025,0.0,2026-04-26,2026-04-26,0,-1360861924.22,USD,4,0,2024-06-20,2025-02-20
44000-P181011,44000,EN: World Bank,Multilateral,A02_sector,3,Finalisation,ZM,125000000.0,127766016.0,1,2023,2023,-0.022128128,2026-01-15,2026-01-15,0,-255532032.0,USD,4,0,2023-10-31,2023-12-21
44000-P181023,44000,EN: World Bank,Multilateral,A02_sector,3,Finalisation,UA,1500000000.0,1500000000.0,1,2023,2023,0.0,2024-06-30,2024-06-30,0,-2507424362.12,USD,4,0,2023-06-23,2023-06-29
44000-P181032,44000,EN: World Bank,Multilateral,A02_sector,3,Finalisation,IN,1500000000.0,1500000000.0,1,2023,2023,0.0,2023-12-31,2023-12-31,0,-2225537062.06,USD,140,0,2023-06-29,2023-06-29
44000-P181080,44000,EN: World Bank,Multilateral,A02_sector,3,Finalisation,CO,750000000.0,753490972.0,2,2024,2025,-0.0046546293333333336,2025-04-30,2025-04-30,0,-1364822445.88,USD,4,0,2024-03-25,2024-03-28
44000-P181127,44000,EN: World Bank,Multilateral,A02_sector,3,Finalisation,PH,750000000.0,706651936.0,1,2024,2024,0.05779741866666667,2026-03-31,2026-03-31,0,-1334567398.3,USD,4,0,2024-09-16,2024-11-12
44000-P181146,44000,EN: World Bank,Multilateral,A02_sector,3,Finalisation,VN,263824069.0,260523492.0,1,2024,2024,0.012510522684721385,2024-11-30,2024-11-30,0,-497918271.44,USD,4,0,2023-06-29,2023-06-29
44000-P181148,44000,EN: World Bank,Multilateral,A02_sector,2,Implementation,GH,360000000.0,360000000.0,1,2025,2025,0.0,2026-12-31,2026-12-31,0,-711026623.32,USD,4,0,2025-06-27,2025-06-27
44000-P181195,44000,EN: World Bank,Multilateral,A02_sector,3,Finalisation,IN,1500000000.0,1500000000.0,1,2024,2024,0.0,2026-06-30,2026-06-30,0,-2457069194.32,USD,4,0,2023-11-28,2024-06-28
44000-P181238,44000,EN: World Bank,Multilateral,A02_sector,3,Finalisation,TG,200000000.0,185800020.0,1,2024,2024,0.0709999,2026-05-31,2026-05-31,0,-371600040.0,USD,4,0,2024-07-31,2024-12-10
44000-P181256,44000,EN: World Bank,Multilateral,A02_sector,2,Implementation,CO,200000000.0,0.0,0,,,1.0,2028-03-01,2028-03-01,0,2000000.0,USD,4,0,2024-03-01,2025-02-06
44000-P181263,44000,EN: World Bank,Multilateral,A02_sector,2,Implementation,PE,500000000.0,0.0,0,,,1.0,2028-03-31,2028-03-31,0,4582191.8,USD,4,0,2024-07-22,2025-03-26
44000-P181269,44000,EN: World Bank,Multilateral,A02_sector,2,Implementation,KM,20000000.0,19854686.0,1,2025,2025,0.0072657,2027-02-26,2027-02-26,0,-39709372.0,USD,4,0,2025-08-29,2025-08-29
44000-P181306,44000,EN: World Bank,Multilateral,A02_sector,3,Finalisation,PA,350000000.0,350000000.0,1,2024,2024,0.0,2025-12-31,2025-12-31,0,-626958679.0,USD,4,0,2024-03-29,2024-03-22
44000-P181310,44000,EN: World Bank,Multilateral,A02_sector,3,Finalisation,CV,25000000.0,25004020.0,1,2024,2024,-0.0001608,2025-12-30,2025-12-30,0,-49985366.76,USD,4,0,2024-11-15,2024-12-12
44000-P181344,44000,EN: World Bank,Multilateral,A02_sector,2,Implementation,NP,150000000.0,139364732.0,1,2025,2025,0.07090178666666666,2027-11-30,2027-11-30,0,-276937870.74,USD,4,0,2024-09-30,2024-10-08
44000-P181372,44000,EN: World Bank,Multilateral,A02_sector,2,Implementation,CR,200000000.0,0.0,0,,,1.0,2027-12-30,2027-12-30,0,0.0,USD,4,0,2024-04-30,2024-11-25
44000-P181389,44000,EN: World Bank,Multilateral,A02_sector,3,Finalisation,PH,800000000.0,800000000.0,1,2025,2025,0.0,2026-06-30,2026-06-30,0,-1525958313.28,USD,4,0,2025-03-31,2025-03-31
44000-P181432,44000,EN: World Bank,Multilateral,A02_sector,2,Implementation,LC,20000000.0,0,0,,,1.0,2028-04-28,2028-04-28,0,0.0,USD,4,0,2025-01-30,2025-04-10
44000-P181457,44000,EN: World Bank,Multilateral,A02_sector,3,Finalisation,BJ,150000000.0,142762800.0,1,2024,2024,0.048248,2025-12-31,2025-12-31,0,-281266211.58,USD,4,0,2024-10-31,2024-10-31
44000-P181479,44000,EN: World Bank,Multilateral,A02_sector,3,Finalisation,MD,40000000.0,41278045.0,1,2024,2024,-0.031951125,2026-06-30,2026-06-30,0,-77869027.42,USD,4,0,2024-03-28,2024-06-14
44000-P181501,44000,EN: World Bank,Multilateral,A02_sector,2,Implementation,BR,81555494.0,81555494.0,1,2025,2025,0.0,2026-12-31,2026-12-31,0,-85991282.22,USD,4,0,2024-05-30,2024-08-27
44000-P181517,44000,EN: World Bank,Multilateral,A02_sector,2,Implementation,RO,650000000.0,628875270.0,1,2024,2024,0.032499584615384616,2026-12-31,2026-12-31,0,-1198568744.74,USD,4,0,2024-09-30,2024-07-25
44000-P181591,44000,EN: World Bank,Multilateral,A02_sector,2,Implementation,ET,1500000000.0,1515063010.0,1,2024,2024,-0.010042006666666667,2027-12-31,2027-12-31,0,-3019202369.34,USD,4,0,2024-07-30,2024-07-30
44000-P181603,44000,EN: World Bank,Multilateral,A02_sector,2,Implementation,RW,141000000.0,0,0,,,1.0,2028-12-31,2028-12-31,0,0.0,USD,4,0,2024-09-12,2025-09-26
44000-P500536,44000,EN: World Bank,Multilateral,A02_sector,2,Implementation,BT,40000000.0,20540681.0,1,2025,2025,0.486482975,2027-12-31,2027-12-31,0,-41081362.0,USD,4,0,2024-12-11,2024-12-11
44000-P500557,44000,EN: World Bank,Multilateral,A02_sector,3,Finalisation,DO,400000000.0,400000000.0,1,2025,2025,0.0,2025-12-31,2025-12-31,0,-745484943.54,USD,4,0,2024-06-07,2024-06-07
44000-P500567,44000,EN: World Bank,Multilateral,A02_sector,3,Finalisation,GW,10000000.0,10529596.0,1,2025,2025,-0.0529596,2026-05-01,2026-05-01,0,-21059192.0,USD,4,0,2025-05-01,2025-05-01
44000-P500609,44000,EN: World Bank,Multilateral,A02_sector,2,Implementation,FJ,125000000.0,95019506.0,1,2024,2024,0.239843952,2027-07-15,2027-07-15,0,-188295231.52,USD,4,0,2024-06-21,2024-06-21
44000-P500614,44000,EN: World Bank,Multilateral,A02_sector,2,Implementation,BR,277486911.0,263278639.0,1,2026,2026,0.05120339531978862,2026-12-31,2026-12-31,0,-525227638.6,USD,4,0,2025-03-27,2025-03-27
44000-P500689,44000,EN: World Bank,Multilateral,A02_sector,3,Finalisation,ID,1000000000.0,1025656260.0,1,2023,2023,-0.02565626,2024-12-24,2024-12-24,0,-1867629291.4,USD,4,0,2023-12-06,2023-12-06
44000-P500912,44000,EN: World Bank,Multilateral,A02_sector,3,Finalisation,KE,1200000000.0,1198137288.0,1,2024,2024,0.00155226,2025-06-30,2025-06-30,0,-2196837726.06,USD,4,0,2024-05-30,2024-05-30
44000-P501015,44000,EN: World Bank,Multilateral,A02_sector,2,Implementation,TJ,50000000.0,49841428.0,1,2025,2025,0.00317144,2026-12-31,2026-12-31,0,-99682856.0,USD,4,0,2025-08-07,2025-08-07
44000-P501037,44000,EN: World Bank,Multilateral,A02_sector,2,Implementation,UZ,800000000.0,800000000.0,1,2024,2024,0.0,2026-12-31,2026-12-31,0,-1509725429.14,USD,4,0,2024-10-03,2024-10-03
44000-P501661,44000,EN: World Bank,Multilateral,A02_sector,3,Finalisation,NG,1500000000.0,1500000000.0,1,2024,2024,0.0,2025-12-31,2025-12-31,0,-2877702400.7,USD,4,0,2024-06-13,2024-06-13
44000-P501988,44000,EN: World Bank,Multilateral,A02_sector,3,Finalisation,SO,125000000.0,127109417.0,2,2024,2025,-0.016875336,2025-12-31,2025-12-31,0,-254218834.8,USD,4,0,2024-07-30,2024-07-30
44000-P502012,44000,EN: World Bank,Multilateral,A02_sector,3,Finalisation,GM,30000000.0,28971888.0,1,2024,2024,0.0342704,2025-12-31,2025-12-31,0,-57943776.0,USD,4,0,2024-12-05,2024-12-05
44000-P502032,44000,EN: World Bank,Multilateral,A02_sector,3,Finalisation,UA,1500000000.0,1480369871.0,2,2024,2025,0.013086752666666666,2025-12-31,2025-12-31,0,-2620133356.54,USD,4,0,2024-03-26,2024-03-26
44000-P502111,44000,EN: World Bank,Multilateral,A02_sector,2,Implementation,RO,500000000.0,346238450.0,2,2024,2025,0.3075231,2027-12-31,2027-12-31,0,-649720998.34,USD,4,0,2024-09-19,2024-09-19
44000-P502565,44000,EN: World Bank,Multilateral,A02_sector,2,Implementation,LR,60000000.0,40000000.0,1,2024,2024,0.3333333333333333,2027-12-31,2027-12-31,0,-80000000.0,USD,4,0,2024-12-06,2024-12-05
44000-P503960,44000,EN: World Bank,Multilateral,A02_sector,2,Implementation,SL,80000000.0,58811302.0,1,2024,2024,0.264858725,2027-12-31,2027-12-31,0,-117622604.0,USD,4,0,2024-12-13,2024-12-13
44000-P503988,44000,EN: World Bank,Multilateral,A02_sector,3,Finalisation,MX,1000000000.0,1000000000.0,1,2025,2025,0.0,2025-12-31,2025-12-31,0,-1891352573.4,USD,4,0,2024-06-03,2024-06-03
44000-P504373,44000,EN: World Bank,Multilateral,A02_sector,2,Implementation,MH,30000000.0,18483969.0,2,2024,2026,0.3838677,2027-09-30,2027-09-30,0,-54967938.0,USD,4,0,2024-07-19,2024-07-19
44000-P504910,44000,EN: World Bank,Multilateral,A02_sector,3,Finalisation,EG,500000000.0,500000000.0,1,2025,2025,0.0,2025-12-01,2025-12-01,0,-953513524.52,USD,4,0,2024-06-21,2024-06-21
44000-P505118,44000,EN: World Bank,Multilateral,A02_sector,3,Finalisation,JO,300000000.0,300000000.0,1,2024,2024,0.0,2025-12-31,2025-12-31,0,-541946552.06,USD,4,0,2024-06-27,2024-06-27
44000-P505235,44000,EN: World Bank,Multilateral,A02_sector,2,Implementation,BR,359633746.0,359633746.0,1,2026,2026,0.0,2026-12-31,2026-12-31,0,-717469323.26,USD,4,0,2025-04-29,2025-04-29
44000-P505244,44000,EN: World Bank,Multilateral,A02_sector,3,Finalisation,RW,255000000.0,254652315.0,2,2024,2026,0.0013634705882352941,2025-12-20,2025-12-20,0,-488621466.56,USD,4,0,2024-12-20,2024-12-20
44000-P505490,44000,EN: World Bank,Multilateral,A02_sector,2,Implementation,BZ,20000000.0,0,0,,,1.0,2028-11-01,2028-11-01,0,0.0,USD,4,0,2025-07-30,2025-07-29
44000-P505747,44000,EN: World Bank,Multilateral,A02_sector,3,Finalisation,EC,700000000.0,700000000.0,1,2024,2024,0.0,2025-12-31,2025-12-31,0,-1293095802.26,USD,4,0,2024-07-31,2024-07-31
44000-P505784,44000,EN: World Bank,Multilateral,A02_sector,2,Implementation,GT,430000000.0,0.0,0,,,1.0,2029-08-28,2029-08-28,0,0.0,USD,4,0,2025-09-24,2025-09-24
44000-P505866,44000,EN: World Bank,Multilateral,A02_sector,2,Implementation,BR,275000000.0,275000000.0,1,2026,2026,0.0,2026-12-31,2026-12-31,0,-534641113.92,USD,4,0,2025-05-16,2025-05-16
44000-P506131,44000,EN: World Bank,Multilateral,A02_sector,2,Implementation,PE,500000000.0,0.0,0,,,1.0,2029-03-31,2029-03-31,0,0.0,USD,4,0,2026-01-26,2026-01-26
44000-P506285,44000,EN: World Bank,Multilateral,A02_sector,2,Implementation,VU,30000000.0,20053863.0,1,2025,2025,0.3315379,2028-01-13,2028-01-13,0,-40107726.0,USD,4,0,2025-01-14,2025-01-14
44000-P506321,44000,EN: World Bank,Multilateral,A02_sector,2,Implementation,BR,200000000.0,200000000.0,1,2025,2025,0.0,2027-02-26,2027-02-26,0,-387920598.54,USD,4,0,2025-04-29,2025-04-29
44000-P506356,44000,EN: World Bank,Multilateral,A02_sector,3,Finalisation,TV,7000000.0,7167366.0,1,2025,2025,-0.02390942857142857,2026-02-27,2026-02-27,0,-14334732.0,USD,4,0,2025-02-28,2025-02-28
44000-P506463,44000,EN: World Bank,Multilateral,A02_sector,3,Finalisation,UA,1051000000.0,1038772619.0,3,2024,2026,0.011634044719314939,2026-06-30,2026-06-30,0,-1929491847.42,USD,4,1,2024-12-17,2024-12-17
44000-P506857,44000,EN: World Bank,Multilateral,A02_sector,2,Implementation,SO,125000000.0,123635244.0,1,2025,2025,0.010918048,2026-12-31,2026-12-31,0,-247270487.86,USD,4,0,2025-08-07,2025-08-07
44000-P506861,44000,EN: World Bank,Multilateral,A02_sector,2,Implementation,BR,585000000.0,0.0,0,,,1.0,2027-12-31,2027-12-31,0,0.0,USD,4,0,2025-08-28,2025-08-28
44000-P506960,44000,EN: World Bank,Multilateral,A02_sector,3,Finalisation,SC,15000000.0,15000000.0,2,2024,2025,0.0,2025-12-31,2025-12-31,0,-28144603.8,USD,4,0,2024-11-27,2024-11-27
44000-P507031,44000,EN: World Bank,Multilateral,A02_sector,3,Finalisation,ZA,1500000000.0,1500000000.0,1,2025,2025,0.0,2026-03-31,2026-03-31,0,-2901643924.48,USD,4,0,2025-06-05,2025-06-05
44000-P507116,44000,EN: World Bank,Multilateral,A02_sector,2,Implementation,ZM,100000000.0,24517644.0,1,2024,2024,0.75482356,2027-12-31,2027-12-31,0,-49035288.0,USD,4,0,2024-12-18,2024-12-18
44000-P507248,44000,EN: World Bank,Multilateral,A02_sector,2,Implementation,MA,600000000.0,678009402.0,1,2025,2025,-0.13001567,2026-09-30,2026-09-30,0,-1305931783.78,USD,4,0,2025-03-19,2025-03-19
44000-P507259,44000,EN: World Bank,Multilateral,A02_sector,2,Implementation,JM,234000000.0,234000000.0,2,2025,2026,0.0,2028-03-02,2028-03-02,0,-531461350.98,USD,4,0,2025-02-28,2025-02-28
44000-P507322,44000,EN: World Bank,Multilateral,A02_sector,2,Implementation,BR,1000000000.0,0.0,0,,,1.0,2026-12-31,2026-12-31,0,0.0,USD,4,0,2025-03-18,2025-03-18
44000-P507382,44000,EN: World Bank,Multilateral,A02_sector,2,Implementation,JO,400000000.0,400000000.0,1,2025,2025,0.0,2026-09-30,2026-09-30,0,-759011580.6,USD,4,0,2025-03-31,2025-03-31
44000-P507527,44000,EN: World Bank,Multilateral,A02_sector,2,Implementation,PG,150000000.0,100098330.0,1,2025,2025,0.3326778,2028-12-31,2028-12-31,0,-200196660.0,USD,4,0,2025-12-11,2025-12-11
44000-P507528,44000,EN: World Bank,Multilateral,A02_sector,2,Implementation,PH,800000000.0,1919711.0,1,2026,2026,0.99760036125,2027-06-30,2027-06-30,0,0.0,USD,4,0,2026-03-12,2026-03-12
44000-P507576,44000,EN: World Bank,Multilateral,A02_sector,3,Finalisation,MD,90000000.0,97365205.0,1,2025,2025,-0.08183561111111111,2026-06-30,2026-06-30,0,-190239111.34,USD,4,0,2025-05-08,2025-05-08
44000-P507760,44000,EN: World Bank,Multilateral,A02_sector,2,Implementation,VC,20000000.0,0,0,,,1.0,2028-04-30,2028-04-30,0,0.0,USD,4,0,2025-04-10,2025-04-10
44000-P507861,44000,EN: World Bank,Multilateral,A02_sector,3,Finalisation,CD,600000000.0,600000000.0,1,2025,2025,0.0,2026-05-29,2026-05-29,0,-1200000000.0,USD,4,0,2025-05-22,2025-05-22
44000-P507912,44000,EN: World Bank,Multilateral,A02_sector,2,Implementation,TZ,300000000.0,103195935.0,1,2025,2025,0.65601355,2028-06-04,2028-06-04,0,-206391870.0,USD,4,0,2025-06-05,2025-06-05
44000-P507916,44000,EN: World Bank,Multilateral,A02_sector,2,Implementation,BB,30000000.0,150000.0,1,2025,2025,0.995,2028-04-30,2028-04-30,0,10387.3,USD,4,0,2025-04-10,2025-04-10
44000-P507962,44000,EN: World Bank,Multilateral,A02_sector,2,Implementation,ZM,45000000.0,44819784.0,1,2026,2026,0.0040048,2027-09-30,2027-09-30,0,-89639568.0,USD,4,0,2026-03-13,2026-03-13
44000-P508114,44000,EN: World Bank,Multilateral,A02_sector,3,Finalisation,DM,24000000.0,25200515.0,1,2025,2025,-0.05002145833333333,2026-06-30,2026-06-30,0,-50121437.6,USD,4,0,2025-04-02,2025-04-02
44000-P508225,44000,EN: World Bank,Multilateral,A02_sector,2,Implementation,SZ,100000000.0,100000000.0,1,2025,2025,0.0,2026-10-31,2026-10-31,0,-191575402.76,USD,4,0,2025-04-29,2025-04-29
44000-P508227,44000,EN: World Bank,Multilateral,A02_sector,2,Implementation,PY,150000000.0,0.0,0,,,1.0,2027-02-08,2027-02-08,0,0.0,USD,4,0,2025-08-08,2025-08-08
44000-P508323,44000,EN: World Bank,Multilateral,A02_sector,2,Implementation,ID,1500000000.0,1604850840.0,1,2025,2025,-0.06990056,2026-12-31,2026-12-31,0,-3130101675.44,USD,4,0,2025-06-04,2025-06-04
44000-P508347,44000,EN: World Bank,Multilateral,A02_sector,2,Implementation,CR,300000000.0,0.0,0,,,1.0,2027-02-26,2027-02-26,0,0.0,USD,4,0,2025-09-30,2025-09-30
44000-P508348,44000,EN: World Bank,Multilateral,A02_sector,2,Implementation,PA,1100000000.0,500000000.0,1,2026,2026,0.5454545454545454,2026-12-31,2026-12-31,0,-2116110425.56,USD,4,0,2025-12-18,2025-12-18
44000-P508569,44000,EN: World Bank,Multilateral,A02_sector,2,Implementation,AM,200000000.0,0.0,0,,,1.0,2027-09-30,2027-09-30,0,0.0,USD,4,0,2026-03-30,2026-03-30
44000-P508608,44000,EN: World Bank,Multilateral,A02_sector,2,Implementation,KG,101500000.0,101500000.0,1,2025,2025,0.0,2027-12-31,2027-12-31,0,-203000000.0,USD,4,0,2025-06-20,2025-06-20
44000-P508695,44000,EN: World Bank,Multilateral,A02_sector,2,Implementation,KZ,600000000.0,0.0,0,,,1.0,2027-08-31,2027-08-31,0,0.0,USD,4,0,2026-03-13,2026-03-13
44000-P508911,44000,EN: World Bank,Multilateral,A02_sector,2,Implementation,ST,10000000.0,10043997.0,1,2026,2026,-0.0043997,2028-12-30,2028-12-30,0,-20087994.0,USD,4,0,2026-04-07,2026-04-07
44000-P509222,44000,EN: World Bank,Multilateral,A02_sector,2,Implementation,SO,20000000.0,20552100.0,1,2026,2026,-0.027605,2028-08-31,2028-08-31,0,-41104200.0,USD,4,0,2025-05-23,2025-05-23
44000-P509413,44000,EN: World Bank,Multilateral,A02_sector,2,Implementation,SV,350000000.0,250500000.0,1,2025,2025,0.2842857142857143,2028-11-30,2028-11-30,0,-479193883.64,USD,4,0,2025-08-01,2025-08-01
44000-P509552,44000,EN: World Bank,Multilateral,A02_sector,2,Implementation,AR,1500000000.0,1500000000.0,1,2025,2025,0.0,2026-12-31,2026-12-31,0,-2813047223.18,USD,4,0,2025-04-11,2025-04-11
44000-P509756,44000,EN: World Bank,Multilateral,A02_sector,2,Implementation,BR,376623377.0,0.0,0,,,1.0,2026-12-31,2026-12-31,0,0.0,USD,4,0,2025-12-16,2025-12-16
44000-P509760,44000,EN: World Bank,Multilateral,A02_sector,2,Implementation,TO,12000000.0,12395929.0,1,2025,2025,-0.032994083333333334,2026-12-31,2026-12-31,0,-24791858.0,USD,4,0,2025-05-14,2025-05-14
44000-P509816,44000,EN: World Bank,Multilateral,A02_sector,2,Implementation,BT,25000000.0,24873212.0,1,2026,2026,0.00507152,2027-08-31,2027-08-31,0,-49746424.0,USD,4,0,2026-04-01,2026-04-01
44000-P509948,44000,EN: World Bank,Multilateral,A02_sector,2,Implementation,MG,100000000.0,100000000.0,1,2026,2026,0.0,2026-12-31,2026-12-31,0,-200000000.0,USD,4,0,2025-06-18,2025-06-18
44000-P510158,44000,EN: World Bank,Multilateral,A02_sector,2,Implementation,EC,200000000.0,0.0,0,,,1.0,2028-12-31,2028-12-31,0,2000000.0,USD,4,0,2025-11-27,2025-11-26
44000-P510580,44000,EN: World Bank,Multilateral,A02_sector,2,Implementation,TG,150000000.0,152961695.0,1,2025,2025,-0.019744633333333334,2027-05-31,2027-05-31,0,-305923390.0,USD,4,0,2025-12-12,2025-12-12
44000-P510637,44000,EN: World Bank,Multilateral,A02_sector,2,Implementation,GM,45000000.0,44816709.0,1,2025,2025,0.004073133333333334,2027-12-31,2027-12-31,0,-89633418.0,USD,4,0,2025-11-24,2025-11-24
44000-P510638,44000,EN: World Bank,Multilateral,A02_sector,2,Implementation,BJ,200000000.0,199514640.0,1,2026,2026,0.0024268,2027-07-31,2027-07-31,0,-399029280.0,USD,4,0,2026-02-27,2026-02-27
44000-P510901,44000,EN: World Bank,Multilateral,A02_sector,2,Implementation,CI,400000000.0,0.0,0,,,1.0,2027-11-30,2027-11-30,0,0.0,USD,4,0,2026-06-05,2026-06-05
44000-P511001,44000,EN: World Bank,Multilateral,A02_sector,2,Implementation,MR,30000000.0,30156800.0,1,2026,2026,-0.005226666666666667,2027-06-01,2027-06-01,0,-60313600.0,USD,4,0,2025-11-25,2025-11-25
44000-P511201,44000,EN: World Bank,Multilateral,A02_sector,3,Finalisation,BD,500000000.0,501910539.0,1,2025,2025,-0.003821078,2026-06-30,2026-06-30,0,-998338740.48,USD,4,0,2025-06-20,2025-06-20
44000-P511758,44000,EN: World Bank,Multilateral,A02_sector,2,Implementation,SB,20000000.0,20000000.0,1,2025,2025,0.0,2027-06-30,2027-06-30,0,-39879188.9,USD,4,0,2025-12-19,2025-12-19
44000-P511822,44000,EN: World Bank,Multilateral,A02_sector,2,Implementation,KI,15000000.0,10106920.0,1,2025,2025,0.32620533333333335,2029-01-15,2029-01-15,0,-20213840.0,USD,4,0,2025-12-17,2025-12-16
44000-P511848,44000,EN: World Bank,Multilateral,A02_sector,2,Implementation,AO,990000000.0,750000000.0,1,2026,2026,0.24242424242424243,2028-06-30,2028-06-30,0,-1976250000.0,USD,4,0,2026-03-05,2026-03-05
44000-P511920,44000,EN: World Bank,Multilateral,A02_sector,2,Implementation,UZ,800000000.0,800000000.0,1,2025,2025,0.0,2027-06-30,2027-06-30,0,-1580559559.42,USD,4,0,2025-10-10,2025-10-10
44000-P512397,44000,EN: World Bank,Multilateral,A02_sector,2,Implementation,EC,900000000.0,900000000.0,1,2025,2025,0.0,2026-12-31,2026-12-31,0,-1762348830.42,USD,4,0,2025-11-26,2025-11-26
44000-P512526,44000,EN: World Bank,Multilateral,A02_sector,2,Implementation,BR,796178350.0,0.0,0,,,1.0,2027-02-26,2027-02-26,0,0.5,USD,4,0,2026-03-20,2026-03-20
44000-P512660,44000,EN: World Bank,Multilateral,A02_sector,2,Implementation,HR,115700000.0,0.0,0,,,1.0,2029-03-31,2029-03-31,0,0.0,USD,4,0,2025-12-22,2025-12-22
44000-P513028,44000,EN: World Bank,Multilateral,A02_sector,2,Implementation,RW,340000000.0,96087432.0,1,2026,2026,0.717389905882353,2027-09-30,2027-09-30,0,-653101549.94,USD,4,0,2026-03-23,2026-03-23
44000-P513191,44000,EN: World Bank,Multilateral,A02_sector,2,Implementation,RO,650000000.0,0.0,0,,,1.0,2027-06-30,2027-06-30,0,0.0,USD,4,0,2026-03-30,2026-03-30
44000-P513503,44000,EN: World Bank,Multilateral,A02_sector,2,Implementation,MA,500000000.0,0.0,0,,,1.0,2027-06-30,2027-06-30,0,0.0,USD,4,0,2026-04-10,2026-04-10
44000-P513769,44000,EN: World Bank,Multilateral,A02_sector,2,Implementation,SC,30000000.0,30000000.0,1,2026,2026,0.0,2027-12-31,2027-12-31,0,-59850000.0,USD,4,0,2026-04-03,2026-04-03
44000-P513997,44000,EN: World Bank,Multilateral,A02_sector,2,Implementation,MD,250000000.0,0.0,0,,,1.0,2028-12-29,2028-12-29,0,0.0,USD,4,0,2026-06-04,2026-06-04
44000-P514501,44000,EN: World Bank,Multilateral,A02_sector,2,Implementation,EG,1000000000.0,0.0,0,,,1.0,2027-07-31,2027-07-31,0,0.0,USD,4,0,2026-05-08,2026-05-07
46002-P-AO-AA0-011,XM-DAC-46002,African Development Bank,Multilateral,A02_sector,2,Implementation,AO,103769609.11681068,108281105.33260468,1,2024,2024,-0.04347608374158494,2026-12-31,,,76520436.15,XDR,12,0,2023-12-13,2023-12-18
46002-P-AO-FA0-002,XM-DAC-46002,African Development Bank,Multilateral,A02_sector,3,Finalisation,AO,988399010.4379265,947309939.110966,2,2014,2016,0.041571340008480354,2016-12-20,2016-06-30,173,728852349.089997,XDR,9,0,2014-05-13,2014-07-28
46002-P-AO-K00-007,XM-DAC-46002,African Development Bank,Multilateral,A01_general,3,Finalisation,AO,164965113.05154416,164721621.65534097,1,2020,2020,0.0014760175148493973,2021-12-31,2020-12-31,365,121646429.12,XDR,8,0,2019-10-29,2019-11-26
46002-P-AO-K00-009,XM-DAC-46002,African Development Bank,Multilateral,A01_general,2,Implementation,AO,160550025.4676183,166190570.4312544,1,2025,2025,-0.03513263200804509,2026-12-31,,,118390712.630001,XDR,7,0,2024-11-27,2025-02-07
46002-P-BF-FA0-008,XM-DAC-46002,African Development Bank,Multilateral,A02_sector,3,Finalisation,BF,27122064.206062596,27122064.206062596,1,2015,2015,0.0,2016-12-31,2015-12-31,366,20000000.0,XDR,5,0,2015-07-10,2015-07-23
46002-P-BF-K00-006,XM-DAC-46002,African Development Bank,Multilateral,A01_general,3,Finalisation,BF,,,,,,,2010-12-31,2010-12-31,0,45000000.0,XDR,9,0,2008-07-09,2008-07-17
46002-P-BF-K00-011,XM-DAC-46002,African Development Bank,Multilateral,A01_general,3,Finalisation,BF,,,,,,,2006-12-31,2005-12-31,365,15472743.550002001,XDR,9,0,2004-09-22,2004-09-27
46002-P-BF-K00-012,XM-DAC-46002,African Development Bank,Multilateral,A01_general,3,Finalisation,BF,,,,,,,2008-12-31,2008-12-31,0,30000000.000003,XDR,11,0,2005-12-14,2006-02-03
46002-P-BF-KA0-009,XM-DAC-46002,African Development Bank,Multilateral,A01_general,3,Finalisation,BF,27122064.206062596,27122064.206062596,1,2015,2015,0.0,2015-12-31,2015-12-31,0,20000000.0,XDR,4,0,2014-09-17,2014-10-09
46002-P-BF-KZ0-001,XM-DAC-46002,African Development Bank,Multilateral,A02_sector,3,Finalisation,BF,13561032.103031298,13561032.103031298,1,2019,2019,0.0,2021-12-30,2021-12-30,0,10000000.000002999,XDR,13,0,2018-07-18,2018-08-28
46002-P-BF-KZ0-003,XM-DAC-46002,African Development Bank,Multilateral,both,3,Finalisation,BF,54244128.41212519,54244128.41212519,1,2020,2020,0.0,2021-06-30,2021-06-30,0,39999999.999999,XDR,3,0,2020-07-22,2020-08-11
46002-P-BI-I00-004,XM-DAC-46002,African Development Bank,Multilateral,A02_sector,3,Finalisation,BI,1356103.2103031299,1356103.2103031299,2,2020,2022,0.0,2024-06-30,2024-10-10,-102,1000000.000004,XDR,17,0,2020-01-15,2020-06-05
46002-P-BI-KA0-001,XM-DAC-46002,African Development Bank,Multilateral,A01_general,3,Finalisation,BI,,,,,,,2012-06-30,2012-05-30,31,8214885.570002999,XDR,29,0,2004-12-08,2005-01-12
46002-P-BJ-E00-007,XM-DAC-46002,African Development Bank,Multilateral,A02_sector,2,Implementation,BJ,136556535.9292765,34002558.46499966,1,2026,2026,0.7510001390002321,2031-06-30,,,100697745.49,XDR,25,0,2024-12-17,2025-02-11
46002-P-BJ-FZ0-001,XM-DAC-46002,African Development Bank,Multilateral,A02_sector,3,Finalisation,BJ,27013575.94923835,27013575.94923835,1,2017,2017,0.0,2017-12-30,2017-12-31,-1,19920000.0,XDR,2,0,2017-04-12,2017-04-13
46002-P-BJ-K00-005,XM-DAC-46002,African Development Bank,Multilateral,both,3,Finalisation,BJ,9492722.47212191,9492722.47212191,2,2018,2019,0.0,2020-06-30,2020-06-30,0,7000000.000002,XDR,6,0,2018-10-31,2018-11-12
46002-P-BJ-K00-006,XM-DAC-46002,African Development Bank,Multilateral,both,3,Finalisation,BJ,6837848.026937635,6837848.026937635,2,2019,2020,0.0,2020-06-30,2020-06-30,0,5042277.0,XDR,3,0,2019-07-15,2019-08-13
46002-P-BJ-K00-007,XM-DAC-46002,African Development Bank,Multilateral,A01_general,2,Implementation,BJ,62380747.673943974,62380747.673943974,1,2024,2024,0.0,2025-12-31,,,46000000.0,XDR,5,0,2024-07-18,2024-07-25
46002-P-BJ-K00-010,XM-DAC-46002,African Development Bank,Multilateral,A01_general,2,Implementation,BJ,27800115.811214164,27800115.811214164,1,2026,2026,0.0,2027-12-31,,,20499999.999997,XDR,7,0,2025-11-24,2026-01-06
46002-P-BJ-KA0-006,XM-DAC-46002,African Development Bank,Multilateral,A02_sector,3,Finalisation,BJ,,,,,,,2006-12-31,2006-12-31,0,24145456.590002,XDR,11,0,2003-12-10,2004-01-12
46002-P-BJ-KA0-009,XM-DAC-46002,African Development Bank,Multilateral,both,3,Finalisation,BJ,,,,,,,2010-12-31,2010-12-31,0,22000000.000002,XDR,6,0,2009-04-29,2009-05-14
46002-P-BJ-KA0-013,XM-DAC-46002,African Development Bank,Multilateral,both,3,Finalisation,BJ,,,,,,,2008-06-30,2008-12-31,-184,62174042.970003,XDR,9,0,2006-07-24,2006-09-14
46002-P-BJ-KA0-014,XM-DAC-46002,African Development Bank,Multilateral,A01_general,3,Finalisation,BJ,,,,,,,2014-06-30,2014-06-30,0,30000000.0,XDR,6,0,2012-09-06,2012-10-17
46002-P-BJ-KF0-001,XM-DAC-46002,African Development Bank,Multilateral,A01_general,3,Finalisation,BJ,42446030.48248797,42446030.48248797,1,2023,2023,0.0,2024-12-31,2025-05-01,-121,31300000.0,XDR,5,0,2023-12-13,2023-12-14
46002-P-BJ-KZ0-001,XM-DAC-46002,African Development Bank,Multilateral,A01_general,3,Finalisation,BJ,6916126.372545962,6916126.372545962,1,2020,2020,0.0,2022-12-30,2021-11-30,395,5100000.000003001,XDR,9,0,2020-07-24,2020-08-17
46002-P-BW-K00-001,XM-DAC-46002,African Development Bank,Multilateral,A01_general,3,Finalisation,BW,,,,,,,2011-07-30,2011-06-30,30,1088305073.6799989,XDR,7,0,2009-06-02,2009-08-03
46002-P-BW-K00-004,XM-DAC-46002,African Development Bank,Multilateral,A01_general,3,Finalisation,BW,135139797.79145032,134585701.42404398,1,2022,2022,0.0041001716478918215,2024-03-13,2024-10-23,-224,99653032.87,XDR,10,0,2021-09-08,2022-02-03
46002-P-BW-K00-005,XM-DAC-46002,African Development Bank,Multilateral,A01_general,3,Finalisation,BW,177220555.2700205,182798504.4893797,1,2024,2024,-0.0314746176641891,2024-06-30,2024-10-29,-121,130683678.0,XDR,3,0,2022-11-30,2023-11-17
46002-P-BW-K00-006,XM-DAC-46002,African Development Bank,Multilateral,A01_general,3,Finalisation,BW,303935723.4471602,301649539.3317395,1,2025,2025,0.007521932892558306,2026-12-31,2026-06-22,192,224124330.02,XDR,5,0,2025-05-14,2025-08-12
46002-P-CD-K00-002,XM-DAC-46002,African Development Bank,Multilateral,A01_general,3,Finalisation,CD,,,,,,,2009-12-31,2009-05-20,225,46627403.359992,XDR,24,0,2003-12-10,2003-12-15
46002-P-CD-K00-012,XM-DAC-46002,African Development Bank,Multilateral,both,3,Finalisation,CD,135610321.030313,135610321.030313,2,2020,2021,0.0,2022-12-31,2023-05-05,-125,100000000.0,XDR,10,0,2020-09-23,2020-10-07
46002-P-CF-I00-006,XM-DAC-46002,African Development Bank,Multilateral,A02_sector,2,Implementation,CF,1356103.2103031299,1356103.2103031299,1,2023,2023,0.0,2027-12-31,,,1000000.000008,XDR,18,0,2023-05-25,2023-06-19
46002-P-CF-K00-006,XM-DAC-46002,African Development Bank,Multilateral,A01_general,3,Finalisation,CF,16652947.422522437,16652947.422522437,1,2017,2017,0.0,2017-12-31,2017-12-31,0,12280000.0,XDR,2,0,2017-03-21,2017-04-14
46002-P-CF-K00-007,XM-DAC-46002,African Development Bank,Multilateral,A01_general,3,Finalisation,CF,9492722.47212191,9492722.47212191,1,2018,2018,0.0,2018-12-31,2018-12-31,0,6999999.999999,XDR,3,0,2018-01-29,2018-02-05
46002-P-CF-K00-010,XM-DAC-46002,African Development Bank,Multilateral,A01_general,3,Finalisation,CF,14239083.708182864,14239083.708182864,1,2020,2020,0.0,2020-12-31,2020-12-31,0,10500000.0,XDR,1,0,2020-07-24,2020-08-06
46002-P-CF-K00-020,XM-DAC-46002,African Development Bank,Multilateral,A01_general,3,Finalisation,CF,10170774.077273475,10170774.077273475,1,2023,2023,0.0,2024-12-31,2025-06-02,-153,7500000.0,XDR,5,0,2023-12-06,2023-12-13
46002-P-CF-K00-021,XM-DAC-46002,African Development Bank,Multilateral,A01_general,2,Implementation,CF,10848825.682425039,10848825.682425039,1,2025,2025,0.0,2025-12-31,,,8000000.0,XDR,4,0,2024-11-26,2024-12-03
46002-P-CF-KZ0-002,XM-DAC-46002,African Development Bank,Multilateral,A01_general,3,Finalisation,CF,20341548.154546946,20341548.154546946,1,2014,2014,0.0,2015-12-31,2015-03-31,275,15000000.0,XDR,5,0,2014-06-25,2014-07-02
46002-P-CF-KZ0-003,XM-DAC-46002,African Development Bank,Multilateral,A01_general,3,Finalisation,CF,9980919.627831036,9980919.627831036,1,2015,2015,0.0,2016-06-30,2016-06-30,0,7360000.0,XDR,2,0,2015-09-23,2015-10-16
46002-P-CG-K00-002,XM-DAC-46002,African Development Bank,Multilateral,A01_general,3,Finalisation,CG,,,,,,,1996-12-31,1997-06-30,-181,49972143.8,XDR,10,0,1994-10-20,1994-10-21
46002-P-CG-K00-006,XM-DAC-46002,African Development Bank,Multilateral,A01_general,3,Finalisation,CG,,,,,,,2006-12-31,2006-12-31,0,6969229.37,XDR,8,0,2004-12-13,2004-12-14
46002-P-CG-K00-009,XM-DAC-46002,African Development Bank,Multilateral,A01_general,3,Finalisation,CG,214966177.55188113,204925574.81824827,1,2019,2019,0.04670782561228549,2023-05-22,2023-05-31,-9,158517564.090002,XDR,13,0,2019-12-13,2019-12-15
46002-P-CG-K00-012,XM-DAC-46002,African Development Bank,Multilateral,A01_general,3,Finalisation,CG,105902396.57339841,102127908.31928636,1,2023,2023,0.03564119770883601,2024-12-31,2025-09-29,-272,78093168.549998,XDR,7,0,2023-11-17,2023-11-23
46002-P-CI-AA0-037,XM-DAC-46002,African Development Bank,Multilateral,A01_general,2,Implementation,CI,175804206.6457194,163545909.70793608,2,2022,2024,0.06972698305499736,2025-12-31,,,183725252.610003,XDR,13,0,2022-07-15,2022-08-18
46002-P-CI-BG0-002,XM-DAC-46002,African Development Bank,Multilateral,A02_sector,2,Implementation,CI,190655194.70251843,35804478.300314486,2,2024,2025,0.8122029753441513,2029-07-06,,,140590475.160009,XDR,21,0,2023-12-05,2024-04-02
46002-P-CI-I00-003,XM-DAC-46002,African Development Bank,Multilateral,A02_sector,3,Finalisation,CI,145414947.2408046,40614221.90188051,2,2014,2016,0.7207011887531475,2016-12-31,2016-12-30,1,29970000.0,XDR,10,0,2014-06-13,2014-06-25
46002-P-CI-IZ0-001,XM-DAC-46002,African Development Bank,Multilateral,both,3,Finalisation,CI,,,,,,,2012-06-15,2011-12-31,167,95000000.0,XDR,4,0,2011-06-01,2011-06-10
46002-P-CI-IZ0-004,XM-DAC-46002,African Development Bank,Multilateral,A02_sector,3,Finalisation,CI,0,18857970.672911976,2,2014,2015,,2015-12-31,2014-03-30,641,18832999.58,XDR,8,0,2013-12-04,2013-12-06
46002-P-CI-KA0-009,XM-DAC-46002,African Development Bank,Multilateral,A01_general,3,Finalisation,CI,49134331.515703,49134331.515703,1,2017,2017,0.0,2018-06-30,2017-12-31,181,36231999.999999,XDR,3,0,2017-07-14,2017-07-14
46002-P-CI-KA0-010,XM-DAC-46002,African Development Bank,Multilateral,A01_general,3,Finalisation,CI,86632772.10549942,81971299.35029095,1,2019,2019,0.05380726764153209,2021-12-31,2020-12-31,365,63883612.58,XDR,8,0,2019-11-26,2019-12-02
46002-P-CI-KA0-011,XM-DAC-46002,African Development Bank,Multilateral,A01_general,3,Finalisation,CI,35141305.46631643,32470318.996158164,1,2022,2022,0.07600703601402788,2022-12-31,2022-12-31,0,25913444.64,XDR,4,0,2021-11-19,2021-12-21
46002-P-CI-KA0-012,XM-DAC-46002,African Development Bank,Multilateral,A01_general,3,Finalisation,CI,87213696.54749684,85230966.19641529,1,2020,2020,0.022734162517715886,2021-03-30,2021-03-30,0,64311990.33,XDR,2,0,2020-06-08,2020-07-03
46002-P-CI-KA0-013,XM-DAC-46002,African Development Bank,Multilateral,A01_general,3,Finalisation,CI,37398941.91403119,35361293.43768096,1,2024,2024,0.05448412099556634,2024-12-31,2025-06-18,-169,27578241.560002,XDR,7,0,2023-01-24,2023-06-22
46002-P-CI-KA0-014,XM-DAC-46002,African Development Bank,Multilateral,A01_general,2,Implementation,CI,35061328.425143786,34759099.818689,1,2025,2025,0.008619998728800099,2025-10-31,,,25854469.01,XDR,2,0,2024-12-18,2025-02-13
46002-P-CM-AA0-015,XM-DAC-46002,African Development Bank,Multilateral,A01_general,3,Finalisation,CM,72512637.15966895,38790286.92431724,1,2023,2023,0.46505480363508084,2025-07-31,2026-03-17,-229,53471326.229997,XDR,13,0,2022-07-15,2022-09-29
46002-P-CM-FA0-011,XM-DAC-46002,African Development Bank,Multilateral,A01_general,2,Implementation,CM,85472212.71292517,86332790.95533404,1,2025,2025,-0.010068514843523344,2026-12-31,,,63027807.96,XDR,8,0,2023-12-14,2024-12-12
46002-P-CM-H00-010,XM-DAC-46002,African Development Bank,Multilateral,A02_sector,2,Implementation,CM,2712206.4206062597,651737.2767006552,1,2026,2026,0.759702185,2028-12-31,,,2000000.000004,XDR,12,0,2025-06-19,2025-10-24
46002-P-CM-K00-009,XM-DAC-46002,African Development Bank,Multilateral,A01_general,3,Finalisation,CM,171906702.11972493,166844078.3990388,1,2018,2018,0.029449833300625235,2020-10-30,2019-12-30,305,126765205.49000001,XDR,7,0,2018-11-29,2018-12-03
46002-P-CM-K00-010,XM-DAC-46002,African Development Bank,Multilateral,A01_general,3,Finalisation,CM,100267253.55197334,99969911.5413876,1,2020,2020,0.0029654947158955893,2021-12-31,2021-12-31,0,73937774.64,XDR,5,0,2020-06-22,2020-07-20
46002-P-CM-KA0-005,XM-DAC-46002,African Development Bank,Multilateral,A01_general,3,Finalisation,CM,,,,,,,2011-12-31,2010-12-31,365,24918293.59,XDR,16,0,2006-12-04,2007-12-27
46002-P-CM-KA0-011,XM-DAC-46002,African Development Bank,Multilateral,A01_general,3,Finalisation,CM,207200341.11420155,207165545.03822178,1,2018,2018,0.00016793445316091857,2019-12-30,2018-06-30,548,152790981.94,XDR,8,0,2017-11-22,2017-12-15
46002-P-CM-KA0-015,XM-DAC-46002,African Development Bank,Multilateral,A01_general,3,Finalisation,CM,92141992.33259246,87513001.34118609,1,2020,2020,0.050237583041375156,2021-12-31,2021-03-31,275,67946150.14,XDR,8,0,2019-11-26,2019-12-19
46002-P-CM-KF0-006,XM-DAC-46002,African Development Bank,Multilateral,A01_general,3,Finalisation,CM,93687085.30024804,87274342.36452869,1,2022,2022,0.06844852644489707,2023-12-31,2024-07-07,-189,69085512.50999999,XDR,7,0,2022-06-29,2022-09-29
46002-P-CM-KF0-007,XM-DAC-46002,African Development Bank,Multilateral,A01_general,2,Implementation,CM,16842801.871964872,4616888.611038409,3,2024,2026,0.7258835764895331,2028-12-31,,,12419999.99999,XDR,22,1,2022-12-12,2023-06-06
46002-P-CV-A00-003,XM-DAC-46002,African Development Bank,Multilateral,A01_general,3,Finalisation,CV,11394006.091615621,11106860.254920283,1,2024,2024,0.025201481760364904,2025-12-31,2026-07-09,-190,8402019.850004,XDR,11,0,2023-06-09,2023-08-11
46002-P-CV-GB0-005,XM-DAC-46002,African Development Bank,Multilateral,A02_sector,2,Implementation,CV,28010462.71597639,6914072.893259761,1,2025,2025,0.7531610611589017,2027-12-02,,,20655111.280005,XDR,15,0,2024-12-18,2025-02-21
46002-P-CV-K00-002,XM-DAC-46002,African Development Bank,Multilateral,A01_general,3,Finalisation,CV,,,,,,,2003-01-02,2003-12-31,-363,2500000.0,XDR,4,0,2002-09-04,2002-12-20
46002-P-CV-K00-003,XM-DAC-46002,African Development Bank,Multilateral,A01_general,3,Finalisation,CV,,,,,,,2005-12-31,2005-12-31,0,2500000.0,XDR,4,0,2004-10-06,2004-10-11
46002-P-CV-K00-004,XM-DAC-46002,African Development Bank,Multilateral,A01_general,3,Finalisation,CV,,,,,,,2010-12-31,2010-11-30,31,37545259.63,XDR,16,0,2006-11-21,2006-12-15
46002-P-CV-K00-005,XM-DAC-46002,African Development Bank,Multilateral,A01_general,3,Finalisation,CV,,,,,,,2011-06-30,2010-12-31,181,46299999.999996,XDR,9,0,2008-12-22,2009-01-06
46002-P-CV-K00-006,XM-DAC-46002,African Development Bank,Multilateral,A01_general,3,Finalisation,CV,,,,,,,2011-06-30,2010-12-31,181,17173868.239998,XDR,6,0,2009-10-28,2009-11-05
46002-P-CV-K00-007,XM-DAC-46002,African Development Bank,Multilateral,A01_general,3,Finalisation,CV,,,,,,,2011-06-30,2010-12-31,181,10343820.84,XDR,2,0,2009-10-28,2010-10-28
46002-P-CV-K00-009,XM-DAC-46002,African Development Bank,Multilateral,A01_general,3,Finalisation,CV,,,,,,,2011-03-31,2011-03-31,0,6888204.9,XDR,1,0,2010-10-06,2010-10-28
46002-P-CV-K00-010,XM-DAC-46002,African Development Bank,Multilateral,A01_general,3,Finalisation,CV,,,,,,,2012-12-31,2012-12-31,0,21467335.3,XDR,4,0,2011-12-07,2011-12-08
46002-P-CV-K00-011,XM-DAC-46002,African Development Bank,Multilateral,A01_general,3,Finalisation,CV,,,,,,,2015-12-31,2013-12-31,730,12793613.43,XDR,8,0,2013-10-09,2013-11-08
46002-P-CV-K00-013,XM-DAC-46002,African Development Bank,Multilateral,A01_general,3,Finalisation,CV,23048672.34783505,22240862.18329905,1,2021,2021,0.03504801284625301,2022-12-31,2022-12-31,0,16996252.33,XDR,4,0,2021-09-22,2021-10-13
46002-P-CV-K00-015,XM-DAC-46002,African Development Bank,Multilateral,A01_general,3,Finalisation,CV,23048672.34783505,21557945.151049558,1,2022,2022,0.06467735643461105,2023-12-31,2025-01-21,-387,16996252.33,XDR,8,0,2022-11-09,2022-11-28
46002-P-CV-K00-016,XM-DAC-46002,African Development Bank,Multilateral,A01_general,3,Finalisation,CV,34573008.51497206,33251789.622284576,1,2020,2020,0.03821532893544172,2021-06-30,2021-06-30,0,25494378.49,XDR,4,0,2020-05-26,2020-06-03
46002-P-CV-K00-019,XM-DAC-46002,African Development Bank,Multilateral,A01_general,2,Implementation,CV,21314736.66509811,20136794.660208,1,2024,2024,0.05526420632814723,2025-12-31,,,15717636.020002,XDR,7,0,2024-01-24,2024-02-15
46002-P-CV-K00-020,XM-DAC-46002,African Development Bank,Multilateral,A01_general,1,Pipeline/identification,CV,20465601.357188094,0,0,,,1.0,2026-12-31,,,15091477.7,XDR,4,0,2025-12-01,2025-12-31
46002-P-CV-KA0-003,XM-DAC-46002,African Development Bank,Multilateral,A01_general,3,Finalisation,CV,,,,,,,2001-12-31,2001-12-31,0,47010073.55,XDR,11,0,1998-10-28,1999-01-12
46002-P-CV-KA0-005,XM-DAC-46002,African Development Bank,Multilateral,A01_general,3,Finalisation,CV,17091009.130642917,17330540.1087866,1,2014,2014,-0.014015028387892158,2015-06-30,2014-12-31,181,12603029.77,XDR,2,0,2014-10-15,2014-10-20
46002-P-CV-KA0-006,XM-DAC-46002,African Development Bank,Multilateral,A01_general,3,Finalisation,CV,17243276.277550936,16020751.48459399,1,2015,2015,0.07089863743287315,2016-12-31,2016-12-31,0,12715312.63,XDR,4,0,2015-11-26,2015-11-30
46002-P-CV-KA0-007,XM-DAC-46002,African Development Bank,Multilateral,A01_general,3,Finalisation,CV,22788012.169670213,22656800.789794512,1,2017,2017,0.005757912489196279,2018-06-30,2018-06-30,0,16804039.69,XDR,2,0,2017-10-19,2017-11-06
46002-P-CV-KA0-008,XM-DAC-46002,African Development Bank,Multilateral,A01_general,3,Finalisation,CV,22788012.169670213,22419692.40866984,1,2018,2018,0.01616287363101328,2019-12-31,2019-12-31,0,16804039.69,XDR,5,0,2018-07-18,2018-08-02
46002-P-CV-KA0-009,XM-DAC-46002,African Development Bank,Multilateral,A01_general,3,Finalisation,CV,22788012.169670213,21911042.789124597,1,2019,2019,0.03848380341453485,2020-12-31,2020-12-31,0,16804039.69,XDR,4,0,2019-12-12,2019-12-12
46002-P-DJ-K00-001,XM-DAC-46002,African Development Bank,Multilateral,A01_general,3,Finalisation,DJ,,,,,,,2005-12-31,2004-12-31,365,33460000.000005,XDR,15,0,2002-02-06,2002-03-11
46002-P-DJ-K00-003,XM-DAC-46002,African Development Bank,Multilateral,A02_sector,2,Implementation,DJ,1356103.2103031299,126617.25478602728,2,2024,2026,0.90663155,2027-12-31,,,1000000.000008,XDR,18,0,2023-04-06,2023-05-16
46002-P-DJ-KF0-010,XM-DAC-46002,African Development Bank,Multilateral,A02_sector,2,Implementation,DJ,6373685.088424711,860863.675012578,3,2024,2026,0.8649347021276595,2027-12-31,,,4700000.0,XDR,20,1,2022-10-04,2022-11-25
46002-P-DZ-K00-007,XM-DAC-46002,African Development Bank,Multilateral,A01_general,3,Finalisation,DZ,1025460547.7029647,959506988.4202347,1,2016,2016,0.06431603773588969,2018-12-31,2017-12-31,365,756181786.1,XDR,8,0,2016-11-02,2016-11-23
46002-P-EG-BG0-003,XM-DAC-46002,African Development Bank,Multilateral,A01_general,1,Pipeline/identification,EG,169035624.23464927,0,0,,,1.0,2027-12-31,,,124648052.56000301,XDR,7,0,2024-11-27,2026-01-18
46002-P-EG-FA0-005,XM-DAC-46002,African Development Bank,Multilateral,A02_sector,3,Finalisation,EG,260241903.61632043,254640702.94966012,1,2021,2021,0.021523054469038412,2022-12-31,2023-05-14,-134,191904201.419997,XDR,11,0,2020-06-17,2020-07-08
46002-P-EG-FA0-008,XM-DAC-46002,African Development Bank,Multilateral,A02_sector,3,Finalisation,EG,96000346.67422469,90725330.23147327,1,2023,2023,0.05494788951806693,2023-05-14,2023-05-14,0,70791327.64,XDR,4,0,2021-06-16,2022-04-20
46002-P-EG-HZ0-001,XM-DAC-46002,African Development Bank,Multilateral,A02_sector,3,Finalisation,EG,,,,,,,2010-06-30,2009-12-31,181,820024340.219994,XDR,14,0,2006-07-26,2006-11-27
46002-P-EG-IBZ-001,XM-DAC-46002,African Development Bank,Multilateral,A02_sector,3,Finalisation,EG,,,,,,,2017-06-30,2015-12-31,547,227122251.029977,XDR,67,0,1998-10-28,2000-07-11
46002-P-EG-K00-009,XM-DAC-46002,African Development Bank,Multilateral,A02_sector,3,Finalisation,EG,495869244.664073,491498452.50994366,1,2016,2016,0.008814404605976971,2016-12-31,2016-12-31,0,365657452.1,XDR,4,0,2015-12-15,2015-12-15
46002-P-EG-K00-010,XM-DAC-46002,African Development Bank,Multilateral,A02_sector,3,Finalisation,EG,493210940.8508463,497658911.08980525,1,2017,2017,-0.00901839328885464,2017-12-31,2017-12-31,0,363697200.26,XDR,4,0,2016-12-13,2016-12-19
46002-P-EG-K00-011,XM-DAC-46002,African Development Bank,Multilateral,A02_sector,3,Finalisation,EG,500001183.64756507,483228407.9348312,1,2018,2018,0.0335454720134352,2019-01-17,2018-12-31,17,368704372.83,XDR,3,0,2018-01-17,2018-01-28
46002-P-EG-K00-016,XM-DAC-46002,African Development Bank,Multilateral,A01_general,2,Implementation,EG,228592290.26846778,129375602.13016693,1,2025,2025,0.4340333964097252,2026-12-31,,,168565554.99,XDR,10,0,2023-11-22,2024-06-13
46002-P-EG-K00-017,XM-DAC-46002,African Development Bank,Multilateral,A01_general,3,Finalisation,EG,268584352.84720653,271965285.01899225,1,2023,2023,-0.01258797147318955,2023-12-31,2024-06-30,-182,198055981.879998,XDR,6,0,2022-07-15,2022-11-20
46002-P-ET-AAZ-002,XM-DAC-46002,African Development Bank,Multilateral,A02_sector,2,Implementation,ET,43707206.468069874,2515862.55622743,2,2025,2026,0.9424382668321439,2029-12-31,,,32230000.0,XDR,22,0,2024-05-22,2024-06-04
46002-P-ET-IZ0-002,XM-DAC-46002,African Development Bank,Multilateral,A02_sector,3,Finalisation,ET,7567055913.491466,244098577.85456342,3,2016,2018,0.9677419354838709,2018-12-31,2018-12-31,0,179999999.999996,XDR,11,1,2015-12-17,2016-02-03
46002-P-ET-K00-006,XM-DAC-46002,African Development Bank,Multilateral,A01_general,3,Finalisation,ET,,,,,,,2005-12-31,2005-12-31,0,186080000.000001,XDR,3,0,2004-10-13,2005-02-03
46002-P-ET-K00-010,XM-DAC-46002,African Development Bank,Multilateral,A01_general,3,Finalisation,ET,,,,,,,2011-12-31,2011-12-31,0,72600000.0,XDR,4,0,2010-11-19,2010-12-15
46002-P-ET-K00-011,XM-DAC-46002,African Development Bank,Multilateral,A01_general,3,Finalisation,ET,0,74585676.56667215,1,2014,2014,,2015-07-31,2015-07-31,0,920969999.9999951,XDR,11,0,2012-07-18,2012-08-24
46002-P-ET-K00-015,XM-DAC-46002,African Development Bank,Multilateral,A02_sector,3,Finalisation,ET,120232110.6254755,120232110.6254755,2,2019,2020,0.0,2020-12-31,2020-07-31,153,88660000.0,XDR,8,0,2018-11-14,2018-11-23
46002-P-ET-K00-016,XM-DAC-46002,African Development Bank,Multilateral,A01_general,3,Finalisation,ET,162732385.2363756,162732385.2363756,1,2020,2020,0.0,2021-12-31,2021-12-31,0,728000000.0,XDR,5,0,2020-07-03,2020-07-04
46002-P-ET-KF0-007,XM-DAC-46002,African Development Bank,Multilateral,A02_sector,2,Implementation,ET,4325018.6125165615,1474940.229751006,4,2023,2026,0.6589748248753097,2027-06-30,,,3189298.9999949997,XDR,19,1,2022-07-15,2022-07-26
46002-P-GA-K00-003,XM-DAC-46002,African Development Bank,Multilateral,A01_general,3,Finalisation,GA,,,,,,,1995-03-20,1996-06-30,-468,49999999.999999,XDR,7,0,1994-09-20,1994-09-21
46002-P-GA-K00-013,XM-DAC-46002,African Development Bank,Multilateral,A01_general,3,Finalisation,GA,116932530.8140552,113030157.18592313,1,2020,2020,0.03337286554019416,2021-06-30,2021-06-30,0,86226866.750001,XDR,3,0,2020-06-23,2020-07-07
46002-P-GA-K00-015,XM-DAC-46002,African Development Bank,Multilateral,A01_general,3,Finalisation,GA,58175388.46254511,53532929.80674174,1,2022,2022,0.07980107702748415,2023-07-06,2023-06-07,29,42898938.679997995,XDR,6,0,2021-09-29,2021-10-29
46002-P-GA-KA0-001,XM-DAC-46002,African Development Bank,Multilateral,A01_general,3,Finalisation,GA,,,,,,,2006-09-30,2006-12-31,-92,87918543.749997,XDR,9,0,2004-06-30,2004-07-12
46002-P-GA-KA0-005,XM-DAC-46002,African Development Bank,Multilateral,A01_general,3,Finalisation,GA,232701553.85018045,211854714.0859797,1,2017,2017,0.08958616485054718,2018-04-06,2017-12-31,96,171595754.72,XDR,4,0,2017-01-11,2017-01-14
46002-P-GA-KA0-006,XM-DAC-46002,African Development Bank,Multilateral,A01_general,3,Finalisation,GA,349052330.7752707,340621044.4706926,1,2017,2017,0.024154791591998893,2018-06-30,2018-06-30,0,257393632.08,XDR,2,0,2017-11-08,2017-11-10
46002-P-GA-KA0-007,XM-DAC-46002,African Development Bank,Multilateral,A01_general,3,Finalisation,GA,116350776.92509022,110411177.89768744,1,2019,2019,0.051049070615375974,2019-12-31,2019-06-30,184,85797877.36,XDR,4,0,2018-11-22,2018-11-28
46002-P-GH-I00-003,XM-DAC-46002,African Development Bank,Multilateral,A02_sector,2,Implementation,GH,70842831.70623551,17710707.92655888,1,2026,2026,0.75,2029-12-31,,,52240000.0,XDR,16,0,2025-11-05,2025-11-28
46002-P-GH-K00-008,XM-DAC-46002,African Development Bank,Multilateral,A01_general,3,Finalisation,GH,,,,,,,2007-12-31,2006-12-31,365,43983521.5,XDR,8,0,2005-09-07,2005-10-06
46002-P-GH-K00-012,XM-DAC-46002,African Development Bank,Multilateral,A01_general,3,Finalisation,GH,,,,,,,2013-12-31,2013-12-31,0,70000000.0,XDR,8,0,2011-07-13,2011-12-20
46002-P-GH-K00-013,XM-DAC-46002,African Development Bank,Multilateral,A01_general,3,Finalisation,GH,54244128.41212519,54244128.41212519,1,2015,2015,0.0,2016-06-30,2016-06-30,0,40000000.0,XDR,2,0,2015-11-18,2015-12-03
46002-P-GH-K00-018,XM-DAC-46002,African Development Bank,Multilateral,A01_general,2,Implementation,GH,105801816.3646399,105801816.3646399,2,2023,2025,0.0,2025-12-31,,,78019000.0,XDR,8,0,2023-10-31,2023-11-09
46002-P-GH-KA0-003,XM-DAC-46002,African Development Bank,Multilateral,A01_general,3,Finalisation,GH,,,,,,,2011-12-31,2011-12-31,0,669150000.0,XDR,12,0,2008-09-17,2008-10-28
46002-P-GH-KA0-006,XM-DAC-46002,African Development Bank,Multilateral,A01_general,3,Finalisation,GH,47463612.36060955,47463612.36060955,1,2017,2017,0.0,2017-12-31,2017-09-30,92,35000000.000001,XDR,3,0,2016-12-16,2017-02-10
46002-P-GH-KA0-008,XM-DAC-46002,African Development Bank,Multilateral,A01_general,3,Finalisation,GH,67127108.91000493,67127108.91000493,1,2020,2020,0.0,2021-06-30,2021-06-30,0,49500000.0,XDR,3,0,2020-07-24,2020-08-13
46002-P-GM-J00-002,XM-DAC-46002,African Development Bank,Multilateral,A02_sector,3,Finalisation,GM,2910197.489310517,2904482.870382299,3,2019,2021,0.001963653308481034,2021-12-31,2021-12-29,2,2145999.999996,XDR,9,1,2019-03-26,2019-07-22
46002-P-GM-K00-010,XM-DAC-46002,African Development Bank,Multilateral,A01_general,3,Finalisation,GM,0,827140.3444773376,1,2014,2014,,2014-12-31,2014-09-30,92,610000.0,XDR,4,0,2013-07-24,2013-10-07
46002-P-GM-K00-011,XM-DAC-46002,African Development Bank,Multilateral,A02_sector,3,Finalisation,GM,2712206.4206062597,2550649.5734377354,5,2016,2022,0.05956657499999999,2023-07-31,2024-12-05,-493,2000000.000016,XDR,36,1,2015-09-23,2015-10-26
46002-P-GM-K00-013,XM-DAC-46002,African Development Bank,Multilateral,A01_general,3,Finalisation,GM,13561032.103031298,13561032.103031298,1,2020,2020,0.0,2021-12-31,2021-12-31,0,10000000.0,XDR,5,0,2020-07-24,2020-08-18
46002-P-GM-KA0-009,XM-DAC-46002,African Development Bank,Multilateral,A01_general,3,Finalisation,GM,6780516.051515649,6780516.051515649,1,2018,2018,0.0,2019-03-26,2018-12-31,85,5000000.000001,XDR,3,0,2018-03-26,2018-05-03
46002-P-GM-KA0-011,XM-DAC-46002,African Development Bank,Multilateral,A01_general,3,Finalisation,GM,13561032.103031298,6780516.051515649,1,2023,2023,0.5,2025-06-30,2025-08-19,-50,10000000.000002,XDR,6,0,2023-10-03,2023-11-30
46002-P-GN-KA0-005,XM-DAC-46002,African Development Bank,Multilateral,A02_sector,3,Finalisation,GN,8665499.513837,8665499.513837,1,2014,2014,0.0,2015-12-31,2015-12-31,0,6390000.0,XDR,5,0,2014-06-23,2014-09-15
46002-P-GN-KA0-006,XM-DAC-46002,African Development Bank,Multilateral,A01_general,3,Finalisation,GN,14266205.772388926,14244892.739016583,2,2016,2017,0.0014939524714827975,2017-12-31,2016-12-31,365,10520000.0,XDR,5,0,2016-07-13,2016-07-19
46002-P-GN-KZ0-002,XM-DAC-46002,African Development Bank,Multilateral,both,3,Finalisation,GN,32546477.04727512,32546477.04727512,1,2020,2020,0.0,2021-06-30,2021-06-30,0,24000000.0,XDR,3,0,2020-07-24,2020-07-30
46002-P-GQ-K00-002,XM-DAC-46002,African Development Bank,Multilateral,A01_general,3,Finalisation,GQ,,,,,,,1994-06-30,1994-06-30,0,8240652.85,XDR,8,0,1992-04-21,1992-05-12
46002-P-GW-A00-010,XM-DAC-46002,African Development Bank,Multilateral,A02_sector,3,Finalisation,GW,6780516.051515649,6780515.115804435,2,2023,2024,1.379999998834472e-07,2025-06-30,2025-09-29,-91,5000000.0,XDR,10,0,2022-12-15,2023-03-09
46002-P-GW-IB0-005,XM-DAC-46002,African Development Bank,Multilateral,A02_sector,3,Finalisation,GW,8078306.823775745,8027025.279119944,1,2022,2022,0.006348056068490867,2025-06-30,2026-01-07,-191,5957000.000002,XDR,17,0,2020-12-17,2021-09-10
46002-P-GW-KA0-008,XM-DAC-46002,African Development Bank,Multilateral,A01_general,3,Finalisation,GW,6780516.05151565,6780516.05151565,1,2015,2015,0.0,2016-12-31,2016-12-31,0,4999999.9999979995,XDR,6,0,2015-05-13,2015-05-27
46002-P-GW-KA0-009,XM-DAC-46002,African Development Bank,Multilateral,A01_general,2,Implementation,GW,6780516.051515649,6780516.051515649,1,2025,2025,0.0,2026-06-30,,,4999999.9999979995,XDR,6,0,2024-10-31,2024-11-27
46002-P-KE-A00-002,XM-DAC-46002,African Development Bank,Multilateral,A01_general,3,Finalisation,KE,71782238.34327585,69810836.94621831,1,2023,2023,0.027463637837955537,2025-12-31,2025-09-09,113,52932725.029999994,XDR,10,0,2022-07-14,2023-05-03
46002-P-KE-AA0-001,XM-DAC-46002,African Development Bank,Multilateral,A02_sector,3,Finalisation,KE,,,,,,,1996-06-30,2000-06-30,-1461,23680155.770004,XDR,34,0,1991-02-26,1991-11-28
46002-P-KE-HB0-009,XM-DAC-46002,African Development Bank,Multilateral,A02_sector,2,Implementation,KE,103719025.54491618,77732832.60126361,3,2022,2024,0.25054412926776953,2026-06-30,,,76483135.47,XDR,24,1,2019-05-15,2020-04-02
46002-P-KE-IA0-005,XM-DAC-46002,African Development Bank,Multilateral,A02_sector,2,Implementation,KE,22884241.67386532,385046.9550736568,1,2026,2026,0.9831741439999999,2028-12-31,,,14832000.000006,XDR,21,0,2023-03-13,2023-07-05
46002-P-KE-K00-004,XM-DAC-46002,African Development Bank,Multilateral,A01_general,3,Finalisation,KE,102546054.77029647,98690913.9457586,2,2021,2022,0.03759423834659854,2023-12-31,2024-06-26,-178,75618178.610004,XDR,12,0,2021-06-16,2021-06-25
46002-P-KE-K00-007,XM-DAC-46002,African Development Bank,Multilateral,A01_general,3,Finalisation,KE,219415291.27062804,207296221.1777214,1,2020,2020,0.05523347995814428,2021-06-30,2021-06-30,0,161798371.69,XDR,4,0,2020-05-22,2020-06-04
46002-P-KE-K00-010,XM-DAC-46002,African Development Bank,Multilateral,A01_general,3,Finalisation,KE,103493586.56752649,92674486.68103234,1,2022,2022,0.10453884385806848,2023-06-30,2024-06-27,-363,76316895.189997,XDR,7,0,2022-06-29,2022-08-29
46002-P-KE-K00-012,XM-DAC-46002,African Development Bank,Multilateral,A01_general,3,Finalisation,KE,83917277.8669039,80078573.04039697,1,2024,2024,0.04574391500872162,2024-12-31,2024-06-30,184,61881188.120000996,XDR,3,0,2023-11-29,2024-02-02
46002-P-KE-K00-013,XM-DAC-46002,African Development Bank,Multilateral,A01_general,2,Implementation,KE,208148067.30882677,203688528.0991366,1,2025,2025,0.02142484082292063,2027-06-30,,,153489841.87,XDR,8,0,2024-12-16,2025-04-15
46002-P-KE-KA0-001,XM-DAC-46002,African Development Bank,Multilateral,A02_sector,3,Finalisation,KE,,,,,,,1994-06-30,1994-06-30,0,48421040.010000005,XDR,20,0,1989-02-23,1989-04-21
46002-P-KE-KA0-002,XM-DAC-46002,African Development Bank,Multilateral,A01_general,3,Finalisation,KE,,,,,,,2005-12-31,2005-12-31,0,28088176.8,XDR,20,0,2000-11-03,2000-11-27
46002-P-KE-KD0-004,XM-DAC-46002,African Development Bank,Multilateral,A01_general,3,Finalisation,KE,,,,,,,1996-06-30,1996-06-30,0,24420000.0,XDR,10,0,1993-10-22,1993-11-17
46002-P-KM-K00-006,XM-DAC-46002,African Development Bank,Multilateral,A02_sector,3,Finalisation,KM,5424412.841212519,5424412.841212519,2,2014,2015,0.0,2016-06-30,2016-06-30,0,4000000.0000020005,XDR,6,0,2014-11-13,2014-11-14
46002-P-KM-K00-009,XM-DAC-46002,African Development Bank,Multilateral,both,3,Finalisation,KM,20341548.15454695,20341548.154546946,2,2020,2021,1.8313700954119362e-16,2021-12-31,2021-12-31,0,15000000.0,XDR,4,0,2020-11-06,2020-11-16
46002-P-KM-K00-013,XM-DAC-46002,African Development Bank,Multilateral,A01_general,2,Implementation,KM,6102464.446364084,6102464.446364084,1,2024,2024,0.0,2025-12-31,,,4500000.0,XDR,5,0,2024-07-19,2024-08-22
46002-P-KM-K00-014,XM-DAC-46002,African Development Bank,Multilateral,A01_general,2,Implementation,KM,6916397.593188023,6916397.593188023,1,2025,2025,0.0,2026-12-31,,,5100200.0,XDR,5,0,2025-07-18,2025-08-18
46002-P-LR-AA0-013,XM-DAC-46002,African Development Bank,Multilateral,both,2,Implementation,LR,5424412.841212519,5395115.506090937,1,2023,2023,0.005401015000000152,2026-12-31,,,4000000.0,XDR,16,0,2022-07-15,2022-12-08
46002-P-LR-K00-020,XM-DAC-46002,African Development Bank,Multilateral,A01_general,3,Finalisation,LR,13764447.584576769,13764447.584576769,1,2020,2020,0.0,2021-11-05,2021-11-05,0,10150000.0,XDR,4,0,2020-07-24,2020-08-07
46002-P-LR-K00-023,XM-DAC-46002,African Development Bank,Multilateral,A01_general,1,Pipeline/identification,LR,16422409.876770902,0,0,,,1.0,2027-12-31,,,12109999.999998,XDR,6,0,2026-05-20,2026-06-17
46002-P-LR-KA0-004,XM-DAC-46002,African Development Bank,Multilateral,A01_general,3,Finalisation,LR,9492722.47212191,9492722.47212191,2,2018,2020,0.0,2020-12-31,2020-12-31,0,7000000.000002,XDR,9,0,2018-07-31,2018-08-21
46002-P-LS-KA0-001,XM-DAC-46002,African Development Bank,Multilateral,A01_general,3,Finalisation,LS,,,,,,,2011-03-31,2011-03-31,0,6380000.0,XDR,4,0,2009-11-17,2010-02-18
46002-P-LS-KE0-001,XM-DAC-46002,African Development Bank,Multilateral,A02_sector,3,Finalisation,LS,,,,,,,2006-12-31,2005-12-31,365,22370608.579996,XDR,23,0,2000-11-22,2001-03-14
46002-P-MA-A00-002,XM-DAC-46002,African Development Bank,Multilateral,A01_general,3,Finalisation,MA,,,,,,,2014-12-31,2014-07-31,153,89128072.8,XDR,9,0,2012-07-18,2012-09-07
46002-P-MA-A00-003,XM-DAC-46002,African Development Bank,Multilateral,A02_sector,3,Finalisation,MA,270959520.0479518,268587868.8295609,2,2015,2017,0.008752787936630643,2017-09-30,2017-09-30,0,199807446.80000302,XDR,7,0,2015-10-14,2015-12-15
46002-P-MA-AA0-003,XM-DAC-46002,African Development Bank,Multilateral,A02_sector,3,Finalisation,MA,229910350.32214233,223630098.45309308,2,2018,2019,0.02731609020755082,2019-12-31,2019-12-31,0,169537501.699998,XDR,6,0,2018-05-15,2018-06-08
46002-P-MA-AA0-011,XM-DAC-46002,African Development Bank,Multilateral,A01_general,2,Implementation,MA,129862567.14406021,90131940.0141306,5,2022,2026,0.3059436449138981,2027-12-31,,,95761566.049992,XDR,24,1,2021-10-27,2021-11-23
46002-P-MA-AA0-023,XM-DAC-46002,African Development Bank,Multilateral,A01_general,3,Finalisation,MA,230169505.86311227,212884005.84751704,1,2022,2022,0.07509900128071421,2026-12-31,2025-06-16,563,169728604.81,XDR,16,0,2022-09-28,2022-11-07
46002-P-MA-AA0-024,XM-DAC-46002,African Development Bank,Multilateral,A02_sector,2,Implementation,MA,113940060.86191209,28764188.73159599,1,2026,2026,0.7475498212480656,2030-12-31,,,84020198.46000001,XDR,22,0,2025-07-18,2025-10-24
46002-P-MA-DZ0-002,XM-DAC-46002,African Development Bank,Multilateral,A02_sector,3,Finalisation,MA,,,,,,,2006-06-15,2007-12-31,-564,267276166.690005,XDR,11,0,2004-12-01,2005-02-07
46002-P-MA-E00-004,XM-DAC-46002,African Development Bank,Multilateral,A02_sector,3,Finalisation,MA,,,,,,,2008-06-30,2008-06-30,0,177015923.200004,XDR,14,0,2003-12-03,2004-10-14
46002-P-MA-GB0-002,XM-DAC-46002,African Development Bank,Multilateral,A02_sector,3,Finalisation,MA,,,,,,,2002-12-31,2002-12-31,0,152156175.64,XDR,14,0,1998-12-09,1999-05-10
46002-P-MA-GB0-003,XM-DAC-46002,African Development Bank,Multilateral,A01_general,3,Finalisation,MA,,,,,,,2007-03-31,2006-12-31,90,70126227.209997,XDR,21,0,2001-04-04,2001-10-04
46002-P-MA-H00-001,XM-DAC-46002,African Development Bank,Multilateral,A02_sector,3,Finalisation,MA,,,,,,,1999-12-31,2000-12-31,-366,199175490.83999997,XDR,10,0,1997-11-19,1998-05-28
46002-P-MA-H00-004,XM-DAC-46002,African Development Bank,Multilateral,A01_general,3,Finalisation,MA,111497194.43943441,108032694.95678778,1,2015,2015,0.03107252608520616,2016-12-31,2016-12-31,0,82218811.66,XDR,5,0,2015-07-08,2015-07-28
46002-P-MA-H00-020,XM-DAC-46002,African Development Bank,Multilateral,A01_general,3,Finalisation,MA,138612435.35795024,131074066.05849959,1,2022,2022,0.0543845094416219,2022-12-31,2023-03-10,-69,102213780.12,XDR,4,0,2021-11-24,2021-12-14
46002-P-MA-HA0-001,XM-DAC-46002,African Development Bank,Multilateral,A02_sector,3,Finalisation,MA,,,,,,,2004-01-02,2005-12-31,-729,152647417.71999598,XDR,12,0,2002-12-12,2002-12-17
46002-P-MA-HAZ-002,XM-DAC-46002,African Development Bank,Multilateral,A01_general,3,Finalisation,MA,156966804.54620042,151377707.31766856,1,2016,2016,0.03560687398007656,2018-12-31,2016-12-31,730,115748420.439996,XDR,9,0,2016-07-13,2016-07-14
46002-P-MA-HZ0-003,XM-DAC-46002,African Development Bank,Multilateral,A01_general,3,Finalisation,MA,,,,,,,2011-12-31,2011-12-31,0,138171025.02,XDR,8,0,2009-12-09,2009-12-11
46002-P-MA-HZ0-006,XM-DAC-46002,African Development Bank,Multilateral,A02_sector,3,Finalisation,MA,,,,,,,2012-12-31,2012-12-31,0,190358026.06,XDR,4,0,2011-11-23,2011-11-23
46002-P-MA-HZ0-011,XM-DAC-46002,African Development Bank,Multilateral,A01_general,3,Finalisation,MA,115243361.71205318,114820856.71820311,1,2014,2014,0.003666198100900053,2015-12-31,2015-12-31,0,84981261.63,XDR,4,0,2014-10-01,2014-10-15
46002-P-MA-I00-006,XM-DAC-46002,African Development Bank,Multilateral,A02_sector,3,Finalisation,MA,95288353.7720689,92155842.26892342,6,2019,2025,0.03287402268107704,2024-12-31,2026-01-08,-373,70266299.090004,XDR,27,1,2018-12-13,2019-02-12
46002-P-MA-I00-010,XM-DAC-46002,African Development Bank,Multilateral,A01_general,2,Implementation,MA,203685064.72002575,181998450.89618084,6,2020,2026,0.10647130094518287,2027-12-31,,,150198792.52000502,XDR,31,1,2019-12-16,2020-02-21
46002-P-MA-I00-012,XM-DAC-46002,African Development Bank,Multilateral,A01_general,3,Finalisation,MA,100494015.63858223,93069891.99994034,1,2022,2022,0.07387627602963039,2023-12-31,2024-03-06,-66,74104990.59,XDR,5,0,2022-07-08,2022-11-07
46002-P-MA-I00-016,XM-DAC-46002,African Development Bank,Multilateral,A01_general,3,Finalisation,MA,137198667.50654662,130494679.72232431,3,2021,2023,0.048863359288109816,2023-12-31,2024-09-22,-266,101171257.81,XDR,14,1,2020-11-02,2021-02-22
46002-P-MA-IA0-008,XM-DAC-46002,African Development Bank,Multilateral,A01_general,3,Finalisation,MA,172337971.7306725,164938811.56539065,1,2023,2023,0.04293400978888838,2023-12-31,2024-06-20,-172,127083226.72,XDR,2,0,2023-07-05,2023-10-24
46002-P-MA-IAD-003,XM-DAC-46002,African Development Bank,Multilateral,A02_sector,2,Implementation,MA,136728073.0315823,43594695.58873187,3,2024,2026,0.6811576831141173,2028-12-31,,,100824238.14999999,XDR,19,1,2024-05-15,2024-07-10
46002-P-MA-IAZ-003,XM-DAC-46002,African Development Bank,Multilateral,A02_sector,3,Finalisation,MA,,,,,,,2012-12-31,2011-12-31,366,63968067.139998004,XDR,14,0,2009-03-31,2009-05-08
46002-P-MA-IAZ-004,XM-DAC-46002,African Development Bank,Multilateral,A02_sector,3,Finalisation,MA,0,51389127.252656944,1,2015,2015,,2015-12-31,2014-12-31,365,98578263.490002,XDR,9,0,2013-07-22,2013-07-26
46002-P-MA-IAZ-009,XM-DAC-46002,African Development Bank,Multilateral,A02_sector,2,Implementation,MA,135588672.4156402,34897562.30955226,1,2026,2026,0.7426218452631829,2026-12-31,,,99984036.16,XDR,8,0,2025-06-27,2025-10-13
46002-P-MA-IBD-001,XM-DAC-46002,African Development Bank,Multilateral,A01_general,3,Finalisation,MA,,,,,,,2008-03-31,2008-03-31,0,123787744.679998,XDR,19,0,2002-12-12,2003-04-25
46002-P-MA-IBD-008,XM-DAC-46002,African Development Bank,Multilateral,A01_general,3,Finalisation,MA,,,,,,,2012-12-31,2012-12-31,0,60244074.56,XDR,16,0,2008-12-11,2008-12-26
46002-P-MA-IBD-010,XM-DAC-46002,African Development Bank,Multilateral,A01_general,3,Finalisation,MA,0,51551098.99960267,1,2014,2014,,2014-12-31,2014-12-31,0,97728450.88,XDR,4,0,2013-12-18,2013-12-18
46002-P-MA-IBD-011,XM-DAC-46002,African Development Bank,Multilateral,A02_sector,3,Finalisation,MA,134621530.14549634,132512529.13248724,2,2016,2017,0.01566614946903169,2020-12-31,2017-12-31,1096,99270858.67999199,XDR,18,0,2016-06-22,2016-06-24
46002-P-MA-IBD-012,XM-DAC-46002,African Development Bank,Multilateral,A01_general,2,Implementation,MA,136661475.5487811,57417851.02392574,3,2023,2025,0.5798534239926999,2028-12-30,,,100775128.69999999,XDR,20,1,2023-06-07,2023-10-24
46002-P-MA-K00-002,XM-DAC-46002,African Development Bank,Multilateral,A01_general,3,Finalisation,MA,,,,,,,2003-06-01,2002-12-31,152,145605329.33,XDR,16,0,1998-12-09,1999-05-10
46002-P-MA-K00-003,XM-DAC-46002,African Development Bank,Multilateral,A01_general,3,Finalisation,MA,,,,,,,2007-12-31,2008-12-31,-366,96748143.0,XDR,15,0,2004-12-20,2005-02-07
46002-P-MA-K00-004,XM-DAC-46002,African Development Bank,Multilateral,A01_general,3,Finalisation,MA,,,,,,,2009-12-31,2009-12-31,0,73153519.11,XDR,12,0,2006-06-28,2006-12-15
46002-P-MA-K00-005,XM-DAC-46002,African Development Bank,Multilateral,A01_general,3,Finalisation,MA,,,,,,,2010-12-31,2009-12-31,365,134045885.77,XDR,10,0,2008-06-25,2008-06-26
46002-P-MA-K00-006,XM-DAC-46002,African Development Bank,Multilateral,A01_general,3,Finalisation,MA,,,,,,,2011-12-31,2011-12-31,0,85178150.1,XDR,5,0,2010-06-30,2010-07-06
46002-P-MA-K00-010,XM-DAC-46002,African Development Bank,Multilateral,A01_general,3,Finalisation,MA,,,,,,,2013-09-30,2013-12-31,-92,102709493.41,XDR,4,0,2012-11-28,2012-11-28
46002-P-MA-K00-013,XM-DAC-46002,African Development Bank,Multilateral,A01_general,3,Finalisation,MA,198217234.5665284,192430126.68716192,1,2017,2017,0.029195785583539347,2018-12-31,2018-12-31,0,146166776.29000002,XDR,5,0,2017-07-14,2017-07-14
46002-P-MA-K00-014,XM-DAC-46002,African Development Bank,Multilateral,A01_general,3,Finalisation,MA,307139974.45101553,292761896.72731614,1,2019,2019,0.046812785438948096,2020-12-31,2020-12-31,0,226487167.140003,XDR,7,0,2019-03-14,2019-03-28
46002-P-MA-K00-019,XM-DAC-46002,African Development Bank,Multilateral,A01_general,2,Implementation,MA,451564959.3914894,124668875.4649739,1,2025,2025,0.7239181808239226,2028-06-30,,,332987162.01,XDR,15,0,2019-12-18,2024-07-10
46002-P-MA-K00-021,XM-DAC-46002,African Development Bank,Multilateral,A01_general,3,Finalisation,MA,303481662.4198035,292619555.4558067,1,2020,2020,0.03579164183228762,2021-12-31,2021-12-31,0,223789502.23999798,XDR,6,0,2020-05-27,2020-06-09
46002-P-MA-K00-023,XM-DAC-46002,African Development Bank,Multilateral,A01_general,2,Implementation,MA,139737227.1350828,129714414.7668791,1,2025,2025,0.07172614323107146,2026-12-31,,,103043209.45,XDR,8,0,2024-06-26,2024-11-22
46002-P-MA-K00-028,XM-DAC-46002,African Development Bank,Multilateral,A01_general,2,Implementation,MA,207143030.63301542,210505271.29522777,1,2025,2025,-0.01623149305065952,2026-12-31,,,152748720.79,XDR,4,0,2025-06-25,2025-10-13
46002-P-MG-K00-001,XM-DAC-46002,African Development Bank,Multilateral,A01_general,3,Finalisation,MG,,,,,,,2008-06-30,2008-12-31,-184,34957839.230001,XDR,9,0,2006-07-24,2006-07-31
46002-P-MG-K00-007,XM-DAC-46002,African Development Bank,Multilateral,A01_general,3,Finalisation,MG,,,,,,,2012-12-31,2011-06-30,550,212879999.99999198,XDR,17,0,2008-07-02,2008-07-14
46002-P-MG-K00-010,XM-DAC-46002,African Development Bank,Multilateral,A01_general,3,Finalisation,MG,33902580.25757825,33902580.25757825,1,2015,2015,0.0,2015-06-30,2015-06-30,0,25000000.0,XDR,2,0,2014-11-05,2014-11-14
46002-P-MG-K00-018,XM-DAC-46002,African Development Bank,Multilateral,A01_general,3,Finalisation,MG,40683096.3090939,40683096.3090939,1,2021,2021,0.0,2021-07-31,2021-07-31,0,30000000.0,XDR,3,0,2020-07-22,2020-08-07
46002-P-MG-K00-021,XM-DAC-46002,African Development Bank,Multilateral,A01_general,2,Implementation,MG,67805160.5151565,67805160.5151565,1,2025,2025,0.0,2025-12-31,,,50000000.0,XDR,4,0,2024-09-20,2024-10-03
46002-P-MG-KA0-009,XM-DAC-46002,African Development Bank,Multilateral,A01_general,3,Finalisation,MG,16951290.128789123,16951290.128789123,1,2016,2016,0.0,2017-12-31,2017-06-23,191,12499999.999998,XDR,6,0,2016-03-30,2016-04-26
46002-P-MG-KA0-012,XM-DAC-46002,African Development Bank,Multilateral,A01_general,3,Finalisation,MG,13520349.006722204,13520349.006722204,1,2020,2020,0.0,2020-12-31,2020-12-31,0,9970000.0,XDR,4,0,2019-11-26,2019-12-19
46002-P-ML-K00-011,XM-DAC-46002,African Development Bank,Multilateral,A01_general,3,Finalisation,ML,,,,,,,2005-12-31,2005-12-31,0,8600000.0,XDR,5,0,2004-07-19,2004-08-26
46002-P-ML-K00-014,XM-DAC-46002,African Development Bank,Multilateral,A01_general,3,Finalisation,ML,,,,,,,2007-12-31,2006-12-05,391,34921675.69,XDR,8,0,2005-12-12,2005-12-29
46002-P-ML-K00-015,XM-DAC-46002,African Development Bank,Multilateral,A01_general,3,Finalisation,ML,,,,,,,2011-12-31,2011-06-30,184,176700000.0,XDR,12,0,2008-09-24,2008-10-13
46002-P-ML-K00-018,XM-DAC-46002,African Development Bank,Multilateral,A01_general,3,Finalisation,ML,,,,,,,2011-06-30,2011-06-30,0,5500000.0000020005,XDR,6,0,2009-11-30,2009-12-01
46002-P-ML-K00-020,XM-DAC-46002,African Development Bank,Multilateral,A01_general,3,Finalisation,ML,,,,,,,2013-12-31,2013-12-31,0,15000000.0,XDR,8,0,2011-10-26,2011-10-26
46002-P-ML-KA0-001,XM-DAC-46002,African Development Bank,Multilateral,A01_general,3,Finalisation,ML,,,,,,,2014-12-31,2014-07-31,153,40000000.000002004,XDR,6,0,2013-05-08,2013-05-10
46002-P-ML-KA0-003,XM-DAC-46002,African Development Bank,Multilateral,both,3,Finalisation,ML,19803175.180056605,19803175.180056605,1,2015,2015,0.0,2015-12-31,2015-06-30,184,14603000.0,XDR,4,0,2014-12-17,2014-12-17
46002-P-ML-KA0-004,XM-DAC-46002,African Development Bank,Multilateral,A01_general,3,Finalisation,ML,31394602.980443638,31394602.980443638,1,2017,2017,0.0,2017-12-31,2017-12-31,0,23150600.000001002,XDR,3,0,2016-12-14,2017-01-17
46002-P-ML-KA0-006,XM-DAC-46002,African Development Bank,Multilateral,A01_general,3,Finalisation,ML,20341548.15454695,20341548.15454695,1,2015,2015,0.0,2018-12-31,2016-12-31,730,15000000.0,XDR,12,0,2015-11-04,2015-11-27
46002-P-ML-KA0-007,XM-DAC-46002,African Development Bank,Multilateral,A01_general,3,Finalisation,ML,12204928.892728169,12204928.892728169,1,2018,2018,0.0,2018-12-31,2018-06-30,184,9000000.0,XDR,4,0,2017-12-15,2017-12-22
46002-P-ML-KA0-008,XM-DAC-46002,African Development Bank,Multilateral,A01_general,3,Finalisation,ML,16869923.936170936,16869923.936170936,1,2020,2020,0.0,2019-12-31,2020-06-30,-182,12440000.0,XDR,2,0,2019-11-13,2019-11-29
46002-P-ML-KA0-009,XM-DAC-46002,African Development Bank,Multilateral,both,3,Finalisation,ML,48819715.570912674,48819715.570912674,1,2020,2020,0.0,2021-07-31,2021-07-31,0,36000000.0,XDR,2,0,2020-07-22,2020-11-19
46002-P-MR-K00-016,XM-DAC-46002,African Development Bank,Multilateral,A01_general,3,Finalisation,MR,9086759.415085565,9086759.415085565,1,2017,2017,0.0,2017-12-31,2017-12-31,0,6700640.0,XDR,4,0,2016-11-23,2016-11-30
46002-P-MR-K00-017,XM-DAC-46002,African Development Bank,Multilateral,A01_general,3,Finalisation,MR,5424412.841212519,5424412.841212519,1,2018,2018,0.0,2018-12-31,2018-12-31,0,3999999.999999,XDR,3,0,2017-12-15,2018-02-11
46002-P-MR-K00-018,XM-DAC-46002,African Development Bank,Multilateral,A01_general,3,Finalisation,MR,10170774.077273475,10170774.077273475,1,2020,2020,0.0,2021-06-30,2021-06-30,0,7500000.0,XDR,3,0,2020-07-22,2020-07-27
46002-P-MU-K00-002,XM-DAC-46002,African Development Bank,Multilateral,A01_general,3,Finalisation,MU,,,,,,,2010-12-31,2010-12-31,0,47962453.030002,XDR,14,0,2007-03-28,2007-05-17
46002-P-MU-K00-004,XM-DAC-46002,African Development Bank,Multilateral,A01_general,3,Finalisation,MU,0,82521567.27560222,1,2014,2014,,2014-08-01,2014-07-31,1,505786692.139992,XDR,18,0,2009-11-25,2009-12-10
46002-P-MU-K00-005,XM-DAC-46002,African Development Bank,Multilateral,A01_general,3,Finalisation,MU,0,48191023.166311145,1,2014,2014,,2014-08-01,2014-07-31,1,339557162.58,XDR,18,0,2009-11-25,2009-12-10
46002-P-MU-K00-008,XM-DAC-46002,African Development Bank,Multilateral,A01_general,3,Finalisation,MU,218615666.00262815,207898626.85057235,1,2020,2020,0.04902228348048471,2021-06-30,2021-06-30,0,161208722.42,XDR,4,0,2020-05-22,2020-05-30
46002-P-MU-K00-009,XM-DAC-46002,African Development Bank,Multilateral,A01_general,3,Finalisation,MU,247771543.20477027,253274615.87698516,1,2023,2023,-0.022210269190061478,2024-12-31,2025-04-30,-120,182708470.36,XDR,8,0,2023-03-29,2023-04-21
46002-P-MU-K00-010,XM-DAC-46002,African Development Bank,Multilateral,A01_general,2,Implementation,MU,239949255.3501662,241423007.37584537,1,2024,2024,-0.006141932066129874,2026-12-31,,,176940260.54000098,XDR,9,0,2024-05-22,2024-08-20
46002-P-MW-AA0-040,XM-DAC-46002,African Development Bank,Multilateral,A02_sector,3,Finalisation,MW,45944776.76507004,22972388.382535018,2,2024,2025,0.5000000000000001,2029-12-31,2026-07-14,1266,33880000.0,XDR,20,0,2024-05-15,2024-10-16
46002-P-MW-IE0-005,XM-DAC-46002,African Development Bank,Multilateral,A02_sector,3,Finalisation,MW,25765960.99575947,25765960.99575947,1,2015,2015,0.0,2019-06-30,2018-12-30,182,19000000.0,XDR,16,0,2015-04-29,2015-06-08
46002-P-MW-K00-002,XM-DAC-46002,African Development Bank,Multilateral,A01_general,3,Finalisation,MW,,,,,,,2006-12-31,2005-12-31,365,77420000.0,XDR,7,0,2004-12-08,2005-03-04
46002-P-MW-KA0-004,XM-DAC-46002,African Development Bank,Multilateral,both,3,Finalisation,MW,44615795.61897297,44615795.61897297,1,2020,2020,0.0,2020-12-31,2020-12-31,0,32900000.0,XDR,1,0,2020-07-22,2020-08-06
46002-P-MW-KZ0-003,XM-DAC-46002,African Development Bank,Multilateral,A01_general,3,Finalisation,MW,,,,,,,2008-12-31,2008-12-31,0,77590000.0,XDR,4,0,2007-04-11,2007-10-18
46002-P-MZ-AA0-041,XM-DAC-46002,African Development Bank,Multilateral,A02_sector,3,Finalisation,MZ,1356103.2103031299,1356103.2103031299,3,2022,2024,0.0,2023-12-31,2025-10-31,-670,999999.999999,XDR,13,1,2022-02-11,2022-07-06
46002-P-MZ-AA0-045,XM-DAC-46002,African Development Bank,Multilateral,A02_sector,2,Implementation,MZ,11301764.154666284,5650882.077333143,2,2025,2026,0.49999999999999994,2028-12-31,,,8334000.0,XDR,15,0,2024-10-30,2025-01-23
46002-P-MZ-K00-001,XM-DAC-46002,African Development Bank,Multilateral,A01_general,3,Finalisation,MZ,,,,,,,2005-12-31,2005-06-30,184,297952830.229989,XDR,33,0,1997-07-02,1997-09-25
46002-P-MZ-K00-002,XM-DAC-46002,African Development Bank,Multilateral,A01_general,3,Finalisation,MZ,,,,,,,2006-06-30,2006-12-31,-184,235965532.94,XDR,8,0,2004-12-01,2004-12-10
46002-P-MZ-K00-004,XM-DAC-46002,African Development Bank,Multilateral,A01_general,3,Finalisation,MZ,,,,,,,2008-06-30,2008-06-30,0,377700000.0,XDR,6,0,2006-10-27,2006-11-02
46002-P-MZ-K00-007,XM-DAC-46002,African Development Bank,Multilateral,A01_general,3,Finalisation,MZ,,,,,,,2011-06-30,2010-12-31,181,428470000.0,XDR,10,0,2008-10-22,2008-11-17
46002-P-MZ-K00-009,XM-DAC-46002,African Development Bank,Multilateral,A01_general,3,Finalisation,MZ,,,,,,,2013-12-31,2013-12-31,0,60000000.0,XDR,8,0,2011-09-20,2011-10-31
46002-P-MZ-K00-010,XM-DAC-46002,African Development Bank,Multilateral,A01_general,3,Finalisation,MZ,26220255.571211018,26220255.571211018,1,2014,2014,0.0,2015-12-31,2014-12-31,365,19335000.0,XDR,4,0,2014-09-19,2014-10-23
46002-P-MZ-K00-011,XM-DAC-46002,African Development Bank,Multilateral,A01_general,3,Finalisation,MZ,20341548.15454695,20341548.15454695,1,2016,2016,0.0,2016-03-31,2016-01-31,60,15000000.0,XDR,1,0,2015-12-15,2015-12-16
46002-P-MZ-K00-012,XM-DAC-46002,African Development Bank,Multilateral,A01_general,3,Finalisation,MZ,40683096.3090939,40683096.3090939,1,2020,2020,0.0,2021-12-31,2021-12-01,30,30000000.0,XDR,5,0,2020-07-22,2020-07-28
46002-P-MZ-KA0-007,XM-DAC-46002,African Development Bank,Multilateral,A01_general,3,Finalisation,MZ,20341548.15454695,20341548.15454695,1,2023,2023,0.0,2025-03-31,2026-06-08,-434,15000000.0,XDR,10,0,2023-09-13,2023-09-20
46002-P-NA-HAA-006,XM-DAC-46002,African Development Bank,Multilateral,A02_sector,2,Implementation,NA,89198107.57153106,0,0,,,1.0,,,,65775308.91,XDR,4,0,2024-12-18,2025-04-07
46002-P-NA-K00-004,XM-DAC-46002,African Development Bank,Multilateral,A01_general,3,Finalisation,NA,89198107.57153106,103345246.19375731,1,2021,2021,-0.15860357363390443,2023-12-31,2023-12-31,0,65775308.910003,XDR,11,0,2021-03-17,2021-03-31
46002-P-NA-K00-005,XM-DAC-46002,African Development Bank,Multilateral,A01_general,3,Finalisation,NA,136770431.6205298,135836518.36773995,1,2022,2022,0.006828327159052928,2023-12-11,2023-06-30,164,100855473.67,XDR,4,0,2022-09-28,2022-10-12
46002-P-NA-K00-007,XM-DAC-46002,African Development Bank,Multilateral,A01_general,3,Finalisation,NA,178396215.15662315,227452680.8533144,1,2017,2017,-0.2749860228459559,2019-12-31,2017-12-31,730,131550617.83,XDR,10,0,2017-05-10,2017-05-23
46002-P-NA-KA0-002,XM-DAC-46002,African Development Bank,Multilateral,A01_general,3,Finalisation,NA,178396215.15662315,202713080.727468,1,2018,2018,-0.13630819213006196,2021-12-31,2019-06-30,915,131550617.829995,XDR,13,0,2018-07-18,2018-08-14
46002-P-NA-KA0-004,XM-DAC-46002,African Development Bank,Multilateral,A01_general,3,Finalisation,NA,119584929.55721876,113486870.99525772,1,2020,2020,0.05099353726711235,2020-12-31,2020-12-31,0,88182764.15,XDR,2,0,2020-03-11,2020-05-06
46002-P-NE-A00-012,XM-DAC-46002,African Development Bank,Multilateral,A02_sector,3,Finalisation,NE,5424412.841212519,5424412.84121252,2,2022,2025,-1.7169094644486902e-16,2025-06-30,2025-09-30,-92,3999999.999996,XDR,12,0,2022-07-15,2022-08-01
46002-P-NE-K00-007,XM-DAC-46002,African Development Bank,Multilateral,A01_general,3,Finalisation,NE,,,,,,,2007-12-31,2007-12-31,0,18000000.0,XDR,8,0,2005-09-21,2005-10-21
46002-P-NE-KA0-006,XM-DAC-46002,African Development Bank,Multilateral,A01_general,3,Finalisation,NE,,,,,,,2012-12-31,2011-12-31,366,28000000.0,XDR,8,0,2010-12-06,2010-12-22
46002-P-NE-KA0-008,XM-DAC-46002,African Development Bank,Multilateral,A01_general,3,Finalisation,NE,0,13561032.103031298,1,2014,2014,,2014-12-31,2014-06-30,184,21560000.0,XDR,8,0,2012-11-14,2012-11-22
46002-P-NE-KA0-010,XM-DAC-46002,African Development Bank,Multilateral,A01_general,3,Finalisation,NE,27122064.206062596,27122064.206062596,1,2015,2015,0.0,2017-12-31,2016-12-31,365,20000000.0,XDR,8,0,2015-11-04,2015-11-14
46002-P-NE-KA0-011,XM-DAC-46002,African Development Bank,Multilateral,A01_general,3,Finalisation,NE,13561032.103031298,13561032.103031298,1,2017,2017,0.0,2017-12-31,2017-06-30,184,10000000.0,XDR,4,0,2016-11-02,2016-11-07
46002-P-NE-KA0-012,XM-DAC-46002,African Development Bank,Multilateral,A01_general,3,Finalisation,NE,40683096.30909389,40683096.30909389,1,2018,2018,0.0,2019-12-30,2018-06-30,548,29999999.999998003,XDR,7,0,2018-01-10,2018-01-11
46002-P-NE-KA0-013,XM-DAC-46002,African Development Bank,Multilateral,A01_general,3,Finalisation,NE,27122064.206062596,27122064.206062596,1,2019,2019,0.0,2019-06-30,2019-06-30,0,20000000.0,XDR,2,0,2018-11-27,2018-11-30
46002-P-NE-KA0-014,XM-DAC-46002,African Development Bank,Multilateral,A01_general,2,Implementation,NE,142390837.08182862,142390837.08182862,1,2025,2025,0.0,2026-12-31,,,105000000.0,XDR,4,0,2025-09-26,2025-10-01
46002-P-NE-KA0-015,XM-DAC-46002,African Development Bank,Multilateral,both,3,Finalisation,NE,108488256.8242504,108488256.82425039,2,2020,2021,1.373527571558952e-16,2021-06-30,2021-06-30,0,80000000.000001,XDR,3,0,2020-07-22,2020-07-27
46002-P-NG-AAG-016,XM-DAC-46002,African Development Bank,Multilateral,A01_general,3,Finalisation,NG,134000317.21966296,135968450.17744613,2,2023,2024,-0.014687524616504135,2027-12-31,2025-06-02,942,98812771.920004,XDR,19,0,2022-07-15,2023-02-15
46002-P-NG-FA0-002,XM-DAC-46002,African Development Bank,Multilateral,A02_sector,3,Finalisation,NG,0,44751405.94000328,1,2015,2015,,2015-12-31,2015-12-31,0,100000000.000005,XDR,15,0,2009-10-28,2012-03-30
46002-P-NG-K00-005,XM-DAC-46002,African Development Bank,Multilateral,A02_sector,3,Finalisation,NG,0,146383144.5863682,1,2015,2015,,2015-12-31,2015-12-31,0,218377166.48,XDR,10,0,2013-02-27,2013-05-27
46002-P-NG-K00-012,XM-DAC-46002,African Development Bank,Multilateral,A01_general,2,Implementation,NG,493569960.8764224,501677016.4780102,1,2024,2024,-0.016425342391567416,2025-12-31,,,363961944.14,XDR,5,0,2024-07-19,2024-08-15
46002-P-NG-K00-013,XM-DAC-46002,African Development Bank,Multilateral,A01_general,1,Pipeline/identification,NG,493210940.8508463,0,0,,,1.0,2026-12-31,,,363697200.26,XDR,4,0,2025-11-24,2025-12-22
46002-P-NG-KA0-002,XM-DAC-46002,African Development Bank,Multilateral,A01_general,3,Finalisation,NG,592283953.0544192,608754994.9078325,1,2017,2017,-0.027809367058607412,2017-12-31,2017-12-31,0,436754332.97,XDR,4,0,2016-11-02,2016-11-09
46002-P-NG-KA0-006,XM-DAC-46002,African Development Bank,Multilateral,A01_general,3,Finalisation,NG,288500682.97425985,271312803.77050936,1,2020,2020,0.05957656330846191,2021-12-31,2021-06-30,184,212742423.13,XDR,4,0,2020-06-05,2020-10-16
46002-P-RW-AAE-004,XM-DAC-46002,African Development Bank,Multilateral,A01_general,3,Finalisation,RW,,,,,,,2017-12-31,2015-12-31,731,21810000.0,XDR,25,0,2011-06-29,2011-07-26
46002-P-RW-E00-013,XM-DAC-46002,African Development Bank,Multilateral,A01_general,2,Implementation,RW,101707740.77273475,101707740.77273475,3,2023,2026,0.0,2026-12-31,,,75000000.000003,XDR,13,1,2023-06-30,2023-07-10
46002-P-RW-F00-009,XM-DAC-46002,African Development Bank,Multilateral,A02_sector,2,Implementation,RW,197976924.23586977,54242742.31191188,1,2025,2025,0.7260148246000273,2031-03-31,,,145989569.77,XDR,22,0,2025-07-14,2025-07-31
46002-P-RW-FA0-008,XM-DAC-46002,African Development Bank,Multilateral,A02_sector,2,Implementation,RW,22240092.64897133,22240092.64897133,4,2019,2025,0.0,2027-03-31,,,16400000.000014998,XDR,31,1,2019-05-23,2019-06-12
46002-P-RW-FA0-016,XM-DAC-46002,African Development Bank,Multilateral,A02_sector,2,Implementation,RW,262486272.83169273,249921790.0833597,6,2018,2025,0.04786719935022825,2027-03-31,,,193559214.99000898,XDR,33,1,2018-09-27,2018-10-16
46002-P-RW-IZ0-002,XM-DAC-46002,African Development Bank,Multilateral,A02_sector,3,Finalisation,RW,,,,,,,2014-02-16,2013-12-31,47,25610000.000001,XDR,3,0,2013-04-03,2013-04-16
46002-P-RW-IZ0-003,XM-DAC-46002,African Development Bank,Multilateral,A02_sector,3,Finalisation,RW,66449057.304853365,66449057.304853365,2,2014,2016,0.0,2016-05-30,2016-05-30,0,49000000.0,XDR,8,0,2014-05-07,2014-05-07
46002-P-RW-IZ0-004,XM-DAC-46002,African Development Bank,Multilateral,A02_sector,3,Finalisation,RW,55857891.23238592,48684105.24988236,1,2016,2016,0.1284292303957271,2020-01-02,2017-06-30,916,35899999.999994,XDR,13,0,2016-07-13,2016-07-25
46002-P-RW-IZ0-006,XM-DAC-46002,African Development Bank,Multilateral,A02_sector,3,Finalisation,RW,81366192.6181878,81366192.6181878,2,2018,2020,0.0,2020-07-30,2020-07-30,0,60000000.0,XDR,10,0,2017-11-24,2017-11-29
46002-P-RW-K00-006,XM-DAC-46002,African Development Bank,Multilateral,A01_general,3,Finalisation,RW,,,,,,,2006-12-31,2006-11-16,45,322000000.0,XDR,8,0,2004-10-27,2004-11-17
46002-P-RW-K00-013,XM-DAC-46002,African Development Bank,Multilateral,A01_general,3,Finalisation,RW,96283327.93152222,96283327.93152222,2,2020,2021,0.0,2021-12-31,2021-12-31,0,71000000.0,XDR,5,0,2020-07-23,2020-08-10
46002-P-SC-K00-004,XM-DAC-46002,African Development Bank,Multilateral,A01_general,3,Finalisation,SC,0,9309483.894240223,1,2014,2014,,2014-12-31,2014-12-31,0,14577046.98,XDR,4,0,2013-12-03,2013-12-06
46002-P-SC-K00-005,XM-DAC-46002,African Development Bank,Multilateral,A01_general,3,Finalisation,SC,9910861.722223956,9651087.160821637,1,2016,2016,0.026211097347852683,2016-06-30,2016-06-30,0,7308338.81,XDR,2,0,2015-09-23,2015-11-09
46002-P-SC-K00-015,XM-DAC-46002,African Development Bank,Multilateral,A01_general,3,Finalisation,SC,9910861.722223956,9617207.60719657,1,2020,2020,0.029629523976598467,2021-06-30,2021-06-30,0,7308338.81,XDR,4,0,2020-06-22,2020-06-30
46002-P-SC-K00-022,XM-DAC-46002,African Development Bank,Multilateral,A01_general,3,Finalisation,SC,19821723.458008945,19174835.525022138,1,2021,2021,0.0326353020895079,2024-12-31,2024-04-24,251,14616677.629996,XDR,13,0,2021-07-07,2021-08-17
46002-P-SC-K00-023,XM-DAC-46002,African Development Bank,Multilateral,A01_general,3,Finalisation,SC,24777154.325901438,25802817.738372438,1,2023,2023,-0.041395529082159224,2024-08-31,2024-04-24,129,18270847.039998,XDR,6,0,2022-12-01,2022-12-12
46002-P-SC-K00-024,XM-DAC-46002,African Development Bank,Multilateral,A01_general,3,Finalisation,SC,32705843.70639281,33576651.7947348,1,2024,2024,-0.026625458623217756,2024-12-31,2024-04-24,251,24117518.09,XDR,4,0,2023-11-17,2023-12-11
46002-P-SC-K00-025,XM-DAC-46002,African Development Bank,Multilateral,A01_general,2,Implementation,SC,24678498.047889434,25802817.751933467,1,2024,2024,-0.04555867629635538,2025-12-31,,,18198097.21,XDR,4,0,2024-09-27,2024-10-30
46002-P-SC-K00-028,XM-DAC-46002,African Development Bank,Multilateral,A01_general,2,Implementation,SC,24777154.325901438,24816289.782982808,1,2025,2025,-0.0015794976520148159,2026-12-31,,,18270847.04,XDR,5,0,2025-07-16,2025-08-21
46002-P-SC-KA0-001,XM-DAC-46002,African Development Bank,Multilateral,A01_general,3,Finalisation,SC,,,,,,,2011-06-30,2011-06-30,0,12880401.180003,XDR,7,0,2009-07-20,2009-08-25
46002-P-SD-AA0-009,XM-DAC-46002,African Development Bank,Multilateral,A02_sector,2,Implementation,SD,97639431.14182535,39055772.45673014,1,2025,2025,0.6,2029-05-31,,,72000000.0,XDR,15,0,2025-06-27,2025-08-04
46002-P-SD-AAB-005,XM-DAC-46002,African Development Bank,Multilateral,A02_sector,3,Finalisation,SD,76999540.28101172,76999540.28101173,2,2023,2024,-1.9352272934962342e-16,2025-12-31,2026-07-14,-195,56779999.999996,XDR,13,0,2022-12-09,2023-02-03
46002-P-SD-I00-008,XM-DAC-46002,African Development Bank,Multilateral,A02_sector,2,Implementation,SD,62136649.09608941,15540942.790073868,1,2026,2026,0.749890877346137,2028-02-29,,,45819999.999999,XDR,9,0,2025-07-11,2025-10-07
46002-P-SD-I00-010,XM-DAC-46002,African Development Bank,Multilateral,A02_sector,2,Implementation,SD,20341548.15454695,20341548.154546946,2,2025,2026,1.8313700954119362e-16,2028-04-30,,,14999999.999996,XDR,11,0,2025-03-26,2025-05-26
46002-P-SD-K00-007,XM-DAC-46002,African Development Bank,Multilateral,A01_general,3,Finalisation,SD,27122064.2060626,1005226.7472372788,1,2021,2021,0.9629369379999999,2021-12-31,2021-12-31,0,20000000.000001002,XDR,3,0,2020-11-18,2021-02-10
46002-P-SD-KF0-006,XM-DAC-46002,African Development Bank,Multilateral,A01_general,3,Finalisation,SD,391513866.3723019,195278862.2836507,1,2021,2021,0.5012210829387218,2022-12-31,2022-12-31,0,288705065.659998,XDR,6,0,2021-04-23,2021-05-05
46002-P-SL-AA0-023,XM-DAC-46002,African Development Bank,Multilateral,A01_general,3,Finalisation,SL,2034154.815454695,2034154.815454695,1,2022,2022,0.0,2024-06-30,2025-01-29,-213,1500000.000003,XDR,9,0,2022-07-15,2022-08-18
46002-P-SL-KA0-005,XM-DAC-46002,African Development Bank,Multilateral,A01_general,3,Finalisation,SL,,,,,,,2007-12-31,2007-12-31,0,17266739.19,XDR,15,0,2003-12-10,2004-01-21
46002-P-SL-KA0-013,XM-DAC-46002,African Development Bank,Multilateral,A01_general,3,Finalisation,SL,5424412.841212519,5424412.841212519,1,2014,2014,0.0,2015-12-31,2014-12-31,365,4000000.0000020005,XDR,6,0,2014-05-05,2014-05-22
46002-P-SL-KA0-016,XM-DAC-46002,African Development Bank,Multilateral,A01_general,3,Finalisation,SL,20341548.15454695,20341548.15454695,1,2019,2019,0.0,2021-02-28,2021-02-28,0,14999999.999999002,XDR,7,0,2019-03-14,2019-04-29
46002-P-SL-KA0-017,XM-DAC-46002,African Development Bank,Multilateral,A01_general,3,Finalisation,SL,24409857.785456337,24409857.785456337,1,2020,2020,0.0,2021-12-31,2021-12-31,0,18000000.0,XDR,5,0,2020-07-24,2020-08-04
46002-P-SL-KF0-013,XM-DAC-46002,African Development Bank,Multilateral,A02_sector,2,Implementation,SL,1356103.2103031299,734926.7365240634,4,2023,2026,0.45805988000000003,2027-04-30,,,1000000.0000049999,XDR,15,1,2023-04-05,2023-07-05
46002-P-SN-A00-022,XM-DAC-46002,African Development Bank,Multilateral,A01_general,3,Finalisation,SN,139383388.6985071,131909720.19522461,1,2023,2023,0.053619506406523,2024-06-30,2025-02-02,-217,102782286.510003,XDR,9,0,2022-07-08,2022-08-10
46002-P-SN-BG0-001,XM-DAC-46002,African Development Bank,Multilateral,A02_sector,2,Implementation,SN,124309902.7131557,54857991.51621832,3,2022,2025,0.5586997470120881,2028-06-30,,,91666992.42999999,XDR,25,1,2021-11-26,2022-02-24
46002-P-SN-K00-005,XM-DAC-46002,African Development Bank,Multilateral,A01_general,3,Finalisation,SN,,,,,,,2010-12-31,2010-12-31,0,243190000.0,XDR,8,0,2008-12-22,2008-12-22
46002-P-SN-K00-006,XM-DAC-46002,African Development Bank,Multilateral,A01_general,3,Finalisation,SN,,,,,,,2013-09-30,2013-09-30,0,27000000.0,XDR,8,0,2011-07-06,2011-07-27
46002-P-SN-K00-008,XM-DAC-46002,African Development Bank,Multilateral,A01_general,3,Finalisation,SN,,,,,,,2015-12-31,2014-12-31,365,25540000.000002,XDR,9,0,2013-06-19,2013-07-25
46002-P-SN-K00-013,XM-DAC-46002,African Development Bank,Multilateral,A01_general,3,Finalisation,SN,101414158.31420098,97539847.83165877,1,2020,2020,0.03820285596157927,2021-12-31,2021-06-30,184,74783510.239998,XDR,6,0,2020-05-29,2020-06-04
46002-P-SN-KA0-005,XM-DAC-46002,African Development Bank,Multilateral,A01_general,3,Finalisation,SN,,,,,,,2007-12-31,2007-09-30,92,88981314.490005,XDR,15,0,2003-12-10,2004-01-16
46002-P-SN-KA0-009,XM-DAC-46002,African Development Bank,Multilateral,A01_general,3,Finalisation,SN,47165269.65434286,47165269.65434286,1,2016,2016,0.0,2017-12-31,2016-12-31,365,34780000.0,XDR,4,0,2016-09-14,2016-10-19
46002-P-SN-KA0-014,XM-DAC-46002,African Development Bank,Multilateral,A01_general,3,Finalisation,SN,72027101.07172838,68472355.14444534,1,2019,2019,0.04935289459648016,2021-12-31,2020-12-31,365,53113288.52,XDR,8,0,2019-11-21,2019-11-25
46002-P-SN-KA0-016,XM-DAC-46002,African Development Bank,Multilateral,A01_general,2,Implementation,SN,74908185.11351264,72060577.41518593,1,2021,2021,0.0380146401092426,2022-12-31,,,55237820.06,XDR,5,0,2021-06-30,2021-08-03
46002-P-SN-KA0-018,XM-DAC-46002,African Development Bank,Multilateral,A01_general,3,Finalisation,SN,79086688.97908483,69181622.75378455,1,2023,2023,0.12524315220630572,2025-12-30,2025-09-25,96,58319078.060001,XDR,11,0,2022-11-30,2023-02-07
46002-P-SN-KA0-019,XM-DAC-46002,African Development Bank,Multilateral,A01_general,3,Finalisation,SN,85641605.49059069,82883594.79907298,1,2024,2024,0.03220409841360026,2024-06-30,2026-01-08,-557,63152719.38,XDR,8,0,2023-12-01,2023-12-13
46002-P-SO-AA0-009,XM-DAC-46002,African Development Bank,Multilateral,A02_sector,2,Implementation,SO,5424412.841212519,3518440.2236485416,4,2023,2026,0.3513693875,2026-12-31,,,3999999.999999,XDR,17,1,2022-07-15,2022-08-01
46002-P-SO-E00-005,XM-DAC-46002,African Development Bank,Multilateral,A02_sector,2,Implementation,SO,24206442.30391087,7261932.691173261,1,2026,2026,0.7000000000000001,2029-12-31,,,17850000.0,XDR,15,0,2026-01-28,2026-02-26
46002-P-SO-E00-009,XM-DAC-46002,African Development Bank,Multilateral,A02_sector,2,Implementation,SO,7236036.205243509,5671097.670621516,2,2025,2026,0.21627013605708312,2026-12-31,,,5335903.7500020005,XDR,7,0,2024-12-18,2025-02-15
46002-P-SO-K00-003,XM-DAC-46002,African Development Bank,Multilateral,A01_general,3,Finalisation,SO,120693185.71697856,116830724.28116362,1,2020,2020,0.03200231573033699,2021-06-30,2020-08-31,303,89000000.0,XDR,5,0,2020-02-26,2020-03-02
46002-P-SO-KF0-015,XM-DAC-46002,African Development Bank,Multilateral,A02_sector,2,Implementation,SO,13561032.1030313,5577724.675789625,3,2024,2026,0.5886946780000001,2027-12-31,,,10000000.0,XDR,16,1,2023-10-02,2023-11-30
46002-P-SS-A00-001,XM-DAC-46002,African Development Bank,Multilateral,A02_sector,3,Finalisation,SS,8136619.26181878,8136619.26181878,3,2022,2024,0.0,2023-06-29,2025-06-29,-731,6000000.000005,XDR,11,1,2022-07-15,2022-08-29
46002-P-SS-A00-002,XM-DAC-46002,African Development Bank,Multilateral,A02_sector,2,Implementation,SS,5831243.804303459,4664995.043442767,2,2023,2025,0.2,2027-12-31,,,4300000.000002,XDR,18,0,2023-04-18,2023-06-05
46002-P-SS-AAZ-001,XM-DAC-46002,African Development Bank,Multilateral,A02_sector,2,Implementation,SS,13561032.1030313,11311256.877138406,4,2021,2025,0.1659000000000001,2026-12-31,,,10000000.000008,XDR,23,1,2020-12-18,2021-02-03
46002-P-SS-I00-003,XM-DAC-46002,African Development Bank,Multilateral,A02_sector,3,Finalisation,SS,17425926.25239522,17425926.252395216,3,2020,2023,2.1377861035936997e-16,2025-12-31,2026-02-05,-36,12850000.0,XDR,25,1,2019-09-05,2019-09-26
46002-P-SS-I00-005,XM-DAC-46002,African Development Bank,Multilateral,A02_sector,2,Implementation,SS,9492722.47212191,4271725.11245486,2,2024,2026,0.5499999999999999,2027-06-11,,,7000000.000002,XDR,18,0,2023-11-02,2024-06-21
46002-P-SS-I00-006,XM-DAC-46002,African Development Bank,Multilateral,A01_general,3,Finalisation,SS,1356103.2103031299,1356103.2103031299,2,2020,2022,0.0,2023-05-05,2023-03-07,59,999999.9999990001,XDR,11,0,2020-04-03,2020-05-21
46002-P-SS-I00-008,XM-DAC-46002,African Development Bank,Multilateral,A02_sector,2,Implementation,SS,7322957.335636902,7322957.335636902,4,2022,2025,0.0,2027-06-30,,,5400000.000003,XDR,21,1,2021-12-03,2022-02-03
46002-P-SS-I00-009,XM-DAC-46002,African Development Bank,Multilateral,A02_sector,2,Implementation,SS,2034154.815454695,2034154.815454695,3,2022,2024,0.0,2027-06-30,,,1500000.000009,XDR,21,1,2021-11-23,2022-02-03
46002-P-SS-I00-010,XM-DAC-46002,African Development Bank,Multilateral,A02_sector,2,Implementation,SS,10848825.682425039,1084882.568242504,1,2025,2025,0.9,2028-12-31,,,8000000.0,XDR,16,0,2024-09-25,2024-12-18
46002-P-SS-I00-011,XM-DAC-46002,African Development Bank,Multilateral,A02_sector,2,Implementation,SS,1643759.8232726299,574554.0386787758,2,2025,2026,0.6504635102135102,2027-12-31,,,1212120.000003,XDR,11,0,2024-09-25,2025-03-19
46002-P-SS-I00-014,XM-DAC-46002,African Development Bank,Multilateral,A02_sector,2,Implementation,SS,19519668.242910635,5855900.47287319,1,2025,2025,0.7,2027-12-31,,,14393940.0,XDR,11,0,2024-09-25,2025-03-19
46002-P-ST-K00-012,XM-DAC-46002,African Development Bank,Multilateral,A01_general,3,Finalisation,ST,6780516.051515649,6780516.051515649,1,2020,2020,0.0,2020-12-31,2020-12-31,0,5000000.000001,XDR,3,0,2020-01-08,2020-01-15
46002-P-ST-K00-013,XM-DAC-46002,African Development Bank,Multilateral,A01_general,2,Implementation,ST,5424412.841212519,5424412.841212519,1,2024,2024,0.0,2026-12-30,,,3999999.999996,XDR,12,0,2023-12-01,2023-12-11
46002-P-ST-K00-014,XM-DAC-46002,African Development Bank,Multilateral,A01_general,2,Implementation,ST,8136619.26181878,8136619.26181878,1,2025,2025,0.0,2026-12-30,,,6000000.0,XDR,6,0,2025-03-27,2025-04-16
46002-P-ST-K00-015,XM-DAC-46002,African Development Bank,Multilateral,A01_general,3,Finalisation,ST,10170774.077273475,10170774.077273475,1,2020,2020,0.0,2021-12-31,2020-12-31,365,7500000.0,XDR,5,0,2020-07-22,2020-07-29
46002-P-ST-K00-017,XM-DAC-46002,African Development Bank,Multilateral,A01_general,2,Implementation,ST,7379270.023202927,7437277.215974354,1,2026,2026,-0.007860830758196007,2026-12-30,,,5441525.37,XDR,4,0,2025-12-03,2025-12-11
46002-P-SZ-AA0-013,XM-DAC-46002,African Development Bank,Multilateral,A01_general,3,Finalisation,SZ,39643446.91601789,41255307.421817265,1,2022,2022,-0.0406589394008548,2023-08-01,2025-01-28,-546,29233355.259996,XDR,9,0,2022-07-14,2022-10-20
46002-P-SZ-K00-005,XM-DAC-46002,African Development Bank,Multilateral,A01_general,3,Finalisation,SZ,35679102.21899169,36397295.102975704,1,2022,2022,-0.020129230819090686,2023-03-07,2023-06-30,-115,26310019.73,XDR,4,0,2021-11-24,2022-04-05
46002-P-SZ-K00-008,XM-DAC-46002,African Development Bank,Multilateral,A01_general,2,Implementation,SZ,46855039.37445672,47262770.4510535,1,2025,2025,-0.008701968497737694,2027-04-30,,,34551234.019999996,XDR,5,0,2025-06-25,2025-11-13
46002-P-TD-AB0-005,XM-DAC-46002,African Development Bank,Multilateral,A02_sector,2,Implementation,TD,11526877.287576605,193357.3589618759,1,2026,2026,0.9832255211764706,2029-12-31,,,8499999.999996,XDR,18,0,2024-12-17,2025-04-04
46002-P-TD-K00-002,XM-DAC-46002,African Development Bank,Multilateral,A01_general,3,Finalisation,TD,,,,,,,1989-01-18,1989-02-24,-37,113601579.72,XDR,1,0,1989-01-18,1989-02-23
46002-P-TD-K00-003,XM-DAC-46002,African Development Bank,Multilateral,A01_general,3,Finalisation,TD,,,,,,,1999-12-31,1999-12-31,0,66207828.93,XDR,8,0,1997-10-02,1997-10-09
46002-P-TD-K00-009,XM-DAC-46002,African Development Bank,Multilateral,A01_general,3,Finalisation,TD,20341548.15454695,20341548.15454695,1,2018,2018,0.0,2019-12-31,2019-12-31,0,15000000.0,XDR,4,0,2018-10-31,2018-11-14
46002-P-TD-KA0-001,XM-DAC-46002,African Development Bank,Multilateral,A01_general,3,Finalisation,TD,,,,,,,2004-12-31,2004-12-31,0,8697876.569998,XDR,11,0,2002-02-06,2002-02-08
46002-P-TD-KA0-005,XM-DAC-46002,African Development Bank,Multilateral,A01_general,3,Finalisation,TD,18124319.40570133,18124319.40570133,1,2015,2015,0.0,2016-11-30,2016-11-30,0,13365000.0,XDR,3,0,2015-12-09,2015-12-11
46002-P-TD-KA0-006,XM-DAC-46002,African Development Bank,Multilateral,both,3,Finalisation,TD,42238139.86034849,42238139.86034849,2,2016,2017,0.0,2017-05-31,2017-05-30,1,31146699.999999,XDR,3,0,2016-06-27,2016-06-29
46002-P-TD-KA0-007,XM-DAC-46002,African Development Bank,Multilateral,A01_general,3,Finalisation,TD,62380747.673943974,62380747.673943974,1,2017,2017,0.0,2018-12-31,2018-12-31,0,46000000.0,XDR,4,0,2017-11-24,2017-11-29
46002-P-TD-KA0-009,XM-DAC-46002,African Development Bank,Multilateral,A01_general,3,Finalisation,TD,61024644.46364084,61024644.46364084,1,2020,2020,0.0,2021-07-31,2021-07-31,0,45000000.0,XDR,4,0,2020-07-22,2020-07-29
46002-P-TG-AA0-015,XM-DAC-46002,African Development Bank,Multilateral,A01_general,3,Finalisation,TG,5424412.841212519,5424412.841212519,1,2023,2023,0.0,2025-12-31,2025-06-24,190,3999999.999996,XDR,13,0,2022-07-15,2022-08-17
46002-P-TG-KA0-002,XM-DAC-46002,African Development Bank,Multilateral,A01_general,3,Finalisation,TG,12923663.594188828,12923663.594188828,1,2018,2018,0.0,2018-12-31,2018-06-30,184,9530000.0,XDR,4,0,2017-12-05,2017-12-21
46002-P-TG-KA0-004,XM-DAC-46002,African Development Bank,Multilateral,A01_general,2,Implementation,TG,6780516.051515649,6780516.051515649,1,2024,2024,0.0,2025-12-31,,,5000000.0,XDR,5,0,2024-07-04,2024-08-02
46002-P-TG-KZ0-002,XM-DAC-46002,African Development Bank,Multilateral,both,3,Finalisation,TG,27122064.206062596,27122064.206062596,1,2020,2020,0.0,2021-06-30,2021-06-30,0,20000000.000001002,XDR,3,0,2020-07-24,2020-08-06
46002-P-TN-HA0-004,XM-DAC-46002,African Development Bank,Multilateral,A01_general,3,Finalisation,TN,,,,,,,2004-12-31,2004-12-31,0,149096722.359996,XDR,12,0,2001-11-28,2001-11-29
46002-P-TN-HAA-030,XM-DAC-46002,African Development Bank,Multilateral,A02_sector,3,Finalisation,TN,,,,,,,2007-12-31,2007-12-31,0,286305170.789997,XDR,9,0,2005-09-21,2005-09-27
46002-P-TN-HZ0-002,XM-DAC-46002,African Development Bank,Multilateral,A01_general,3,Finalisation,TN,308852209.3904723,290151975.8288164,1,2016,2016,0.06054751429028553,2017-12-31,2017-12-31,0,227749781.17,XDR,5,0,2016-07-13,2016-07-14
46002-P-TN-HZ0-005,XM-DAC-46002,African Development Bank,Multilateral,A01_general,3,Finalisation,TN,138292034.05988824,131088848.1801773,1,2019,2019,0.05208677367918066,2020-12-31,2019-12-31,366,101977513.960002,XDR,6,0,2019-05-15,2019-06-13
46002-P-TN-I00-012,XM-DAC-46002,African Development Bank,Multilateral,A01_general,3,Finalisation,TN,210078470.36982292,203134478.85631683,1,2020,2020,0.033054274915853374,2021-12-31,2021-12-31,0,154913334.60000002,XDR,6,0,2020-06-03,2020-06-04
46002-P-TN-I00-022,XM-DAC-46002,African Development Bank,Multilateral,A02_sector,2,Implementation,TN,103959326.51846269,34478033.85376054,2,2025,2026,0.668350738616632,2028-12-31,,,76660335.089994,XDR,17,0,2024-07-19,2024-09-10
46002-P-TN-IAZ-002,XM-DAC-46002,African Development Bank,Multilateral,A01_general,3,Finalisation,TN,207918653.03692538,190227930.27459735,1,2016,2016,0.08508482766664634,2017-12-31,2017-12-31,0,153320670.18,XDR,4,0,2016-11-02,2016-11-08
46002-P-TN-IAZ-003,XM-DAC-46002,African Development Bank,Multilateral,A01_general,3,Finalisation,TN,140596901.29060343,138790648.21733454,2,2017,2018,0.012847033303639448,2018-12-31,2018-12-31,0,103677139.19,XDR,4,0,2017-11-03,2017-11-09
46002-P-TN-IZ0-001,XM-DAC-46002,African Development Bank,Multilateral,A02_sector,3,Finalisation,TN,,,,,,,2012-12-31,2011-12-31,366,368625542.800002,XDR,6,0,2011-05-30,2011-06-10
46002-P-TN-IZ0-006,XM-DAC-46002,African Development Bank,Multilateral,A01_general,3,Finalisation,TN,,,,,,,2013-09-30,2013-12-31,-92,330150509.79,XDR,4,0,2012-11-28,2012-11-28
46002-P-TN-IZ0-008,XM-DAC-46002,African Development Bank,Multilateral,A02_sector,3,Finalisation,TN,211383963.9168058,195453168.06051478,1,2015,2015,0.07536425924229945,2018-04-10,2016-12-31,465,155876014.680003,XDR,9,0,2015-11-18,2015-11-19
46002-P-TN-K00-018,XM-DAC-46002,African Development Bank,Multilateral,A02_sector,3,Finalisation,TN,68762680.83975336,65595150.57491997,1,2021,2021,0.04606467092542682,2023-04-06,2023-05-31,-55,50706082.190000996,XDR,7,0,2021-07-14,2021-07-16
46002-P-TN-KA0-003,XM-DAC-46002,African Development Bank,Multilateral,A01_general,3,Finalisation,TN,,,,,,,2011-12-31,2011-12-31,0,411043378.83000004,XDR,10,0,2009-04-16,2009-05-18
46002-P-TZ-AA0-025,XM-DAC-46002,African Development Bank,Multilateral,A02_sector,3,Finalisation,TZ,91225062.95709155,91225062.95709155,2,2017,2019,0.0,2023-03-31,2020-01-31,1155,67270000.0,XDR,25,0,2016-12-13,2016-12-19
46002-P-TZ-AAZ-002,XM-DAC-46002,African Development Bank,Multilateral,A02_sector,3,Finalisation,TZ,,,,,,,2014-12-31,2013-12-31,365,107808000.000008,XDR,28,0,2007-09-05,2007-11-19
46002-P-TZ-HAA-004,XM-DAC-46002,African Development Bank,Multilateral,A02_sector,2,Implementation,TZ,65910241.08802873,67243335.023942,1,2024,2024,-0.020225899858761016,2027-12-31,,,48602673.15,XDR,15,0,2023-12-05,2024-02-23
46002-P-TZ-IAC-002,XM-DAC-46002,African Development Bank,Multilateral,A02_sector,3,Finalisation,TZ,,,,,,,2011-12-31,2011-12-31,0,120000000.0,XDR,16,0,2007-09-05,2007-11-19
46002-P-TZ-K00-007,XM-DAC-46002,African Development Bank,Multilateral,A01_general,3,Finalisation,TZ,,,,,,,2006-06-30,2005-12-31,181,178600000.000002,XDR,6,0,2004-10-27,2004-12-09
46002-P-TZ-K00-008,XM-DAC-46002,African Development Bank,Multilateral,A01_general,3,Finalisation,TZ,,,,,,,2008-03-30,2007-12-31,90,348199999.999998,XDR,6,0,2006-06-28,2006-08-31
46002-P-TZ-K00-009,XM-DAC-46002,African Development Bank,Multilateral,A01_general,3,Finalisation,TZ,,,,,,,2009-06-30,2010-12-31,-549,389600000.0,XDR,8,0,2008-10-29,2008-11-26
46002-P-TZ-K00-011,XM-DAC-46002,African Development Bank,Multilateral,A01_general,3,Finalisation,TZ,,,,,,,2013-12-31,2013-12-31,0,100000000.0,XDR,8,0,2011-12-16,2011-12-19
46002-P-TZ-K00-013,XM-DAC-46002,African Development Bank,Multilateral,both,3,Finalisation,TZ,0,52074945.04391741,1,2014,2014,,2014-12-31,2014-03-31,275,38400429.0,XDR,4,0,2013-12-17,2013-12-30
46002-P-TZ-K00-014,XM-DAC-46002,African Development Bank,Multilateral,A01_general,3,Finalisation,TZ,67805160.5151565,67805160.5151565,1,2015,2015,0.0,2017-12-31,2015-11-30,762,50000000.0,XDR,10,0,2015-05-20,2015-05-27
46002-P-TZ-K00-016,XM-DAC-46002,African Development Bank,Multilateral,A01_general,3,Finalisation,TZ,48819715.570912674,48819715.570912674,2,2020,2021,0.0,2021-12-31,2021-12-31,0,36000000.0,XDR,4,0,2020-10-14,2020-12-08
46002-P-TZ-K00-018,XM-DAC-46002,African Development Bank,Multilateral,A01_general,2,Implementation,TZ,107800255.19150212,109498322.98852602,1,2023,2023,-0.015751983091388366,2025-04-20,,,79492662.77999899,XDR,7,0,2023-06-07,2023-06-12
46002-P-TZ-K00-019,XM-DAC-46002,African Development Bank,Multilateral,A01_general,2,Implementation,TZ,169442589.1400543,172053717.4314863,1,2024,2024,-0.015410106188083396,2026-07-30,,,124948151.33,XDR,8,0,2024-06-12,2024-07-18
46002-P-TZ-K00-020,XM-DAC-46002,African Development Bank,Multilateral,A01_general,2,Implementation,TZ,155007498.1116263,154639678.2373913,1,2025,2025,0.002372916657038902,2026-12-31,,,114303614.16,XDR,5,0,2025-07-16,2025-08-06
46002-P-TZ-KA0-002,XM-DAC-46002,African Development Bank,Multilateral,A02_sector,3,Finalisation,TZ,67805160.5151565,67805160.5151565,1,2017,2017,0.0,2017-12-31,2017-12-31,0,50000000.0,XDR,4,0,2016-12-15,2016-12-19
46002-P-TZ-KA0-005,XM-DAC-46002,African Development Bank,Multilateral,A01_general,3,Finalisation,TZ,54244128.41212519,54244128.41212519,1,2018,2018,0.0,2020-12-31,2019-12-31,366,39999999.999996,XDR,9,0,2018-07-11,2018-09-07
46002-P-TZ-KA0-007,XM-DAC-46002,African Development Bank,Multilateral,A02_sector,3,Finalisation,TZ,54244128.41212519,54244128.41212519,1,2020,2020,0.0,2020-12-31,2020-12-31,0,39999999.999999,XDR,3,0,2019-12-18,2020-03-13
46002-P-UG-E00-012,XM-DAC-46002,African Development Bank,Multilateral,A02_sector,3,Finalisation,UG,89231590.13950235,89231590.13950235,6,2016,2021,0.0,2022-06-30,2021-12-31,181,65799999.190000005,XDR,25,1,2016-02-03,2016-03-03
46002-P-UG-K00-006,XM-DAC-46002,African Development Bank,Multilateral,A01_general,3,Finalisation,UG,,,,,,,2005-09-30,2005-09-30,0,40418495.540001005,XDR,9,0,2002-10-16,2003-06-02
46002-P-UG-K00-009,XM-DAC-46002,African Development Bank,Multilateral,A01_general,3,Finalisation,UG,31190373.836971987,31190373.836971987,1,2021,2021,0.0,2022-01-31,2022-05-30,-119,23000000.000001002,XDR,3,0,2020-07-24,2021-06-10
46002-P-ZA-F00-013,XM-DAC-46002,African Development Bank,Multilateral,A02_sector,2,Implementation,ZA,474539644.0093463,468580434.27849215,1,2025,2025,0.012557875419017223,2025-11-30,,,349928855.27,XDR,1,0,2025-06-27,2025-07-24
46002-P-ZA-K00-005,XM-DAC-46002,African Development Bank,Multilateral,A01_general,3,Finalisation,ZA,305242621.42887175,291483181.5401807,1,2020,2020,0.04507705976407138,2021-06-30,2021-06-30,0,225088045.74,XDR,3,0,2020-07-22,2020-09-09
46002-P-ZA-K00-006,XM-DAC-46002,African Development Bank,Multilateral,A01_general,3,Finalisation,ZA,299936569.1944883,304300090.57413346,1,2023,2023,-0.014548147267816898,2024-12-31,2026-02-16,-412,221175325.68,XDR,8,0,2023-10-25,2023-11-17
46002-P-ZM-IZ0-002,XM-DAC-46002,African Development Bank,Multilateral,A02_sector,3,Finalisation,ZM,,,,,,,2013-06-23,2012-12-31,174,15000000.0,XDR,6,0,2011-09-28,2011-10-20
46002-P-ZM-K00-002,XM-DAC-46002,African Development Bank,Multilateral,A01_general,3,Finalisation,ZM,,,,,,,2008-12-31,2008-12-31,0,107863000.000002,XDR,6,0,2006-11-29,2007-05-17
46002-P-ZM-K00-003,XM-DAC-46002,African Development Bank,Multilateral,A01_general,3,Finalisation,ZM,,,,,,,2011-12-31,2011-12-31,0,395001828.57,XDR,12,0,2008-10-29,2008-12-02
46002-P-ZM-K00-006,XM-DAC-46002,African Development Bank,Multilateral,A01_general,3,Finalisation,ZM,107037306.6705361,111650872.47612242,2,2024,2025,-0.043102409328992286,2025-12-31,2026-07-21,-202,78930059.200002,XDR,6,0,2024-12-11,2024-12-17
46002-P-ZM-KA0-001,XM-DAC-46002,African Development Bank,Multilateral,A01_general,3,Finalisation,ZM,,,,,,,2006-12-31,2006-12-31,0,349361363.629992,XDR,21,0,2001-06-28,2001-07-17
46002-P-ZM-KA0-004,XM-DAC-46002,African Development Bank,Multilateral,A01_general,3,Finalisation,ZM,,,,,,,2011-12-31,2011-12-31,0,31900000.0,XDR,5,0,2010-06-30,2010-08-01
46002-P-ZW-AA0-021,XM-DAC-46002,African Development Bank,Multilateral,A02_sector,2,Implementation,ZW,25765960.99575947,25765960.99575947,2,2023,2024,0.0,2026-06-30,,,19000000.000002,XDR,14,0,2022-07-15,2022-10-26
46002-P-ZW-AA0-024,XM-DAC-46002,African Development Bank,Multilateral,A02_sector,2,Implementation,ZW,33083493.918555155,6386673.858534026,1,2026,2026,0.8069528607148713,2031-12-31,,,22334000.000003,XDR,23,0,2026-03-11,2026-03-27
46002-P-ZW-I00-004,XM-DAC-46002,African Development Bank,Multilateral,A02_sector,2,Implementation,ZW,3661478.667818451,1069525.9470007746,1,2025,2025,0.7078978074074074,2028-12-31,,,2700000.0,XDR,16,0,2024-09-27,2024-12-20
46002-P-ZW-KZ0-001,XM-DAC-46002,African Development Bank,Multilateral,A01_general,3,Finalisation,ZW,,,,,,,1996-12-31,1997-12-31,-365,129605259.989999,XDR,23,0,1991-12-16,1992-01-20
AU-5-INI950-NR,AU-5,Australian Aid,Bilateral,A02_sector,4,Closed,NR,0,13373468.352100035,7,2014,2020,,2021-06-30,2020-06-30,365,7799966.0,AUD,2,1,2009-07-01,2009-07-01
AU-5-INJ128-VN,AU-5,Australian Aid,Bilateral,A02_sector,4,Closed,VN,0,22648766.97530006,3,2014,2016,,2016-06-30,2016-06-30,0,,,,1,2011-03-18,2011-03-18
AU-5-INJ402-WS,AU-5,Australian Aid,Bilateral,A02_sector,4,Closed,WS,0,1407614.0263000038,2,2015,2016,,2020-07-30,2020-07-30,0,,,,0,2010-07-01,2010-07-01
AU-5-INJ438-VU,AU-5,Australian Aid,Bilateral,A02_sector,4,Closed,VU,0,19693897.64790005,7,2014,2020,,2020-12-31,2020-06-30,184,,,,1,2010-07-01,2010-07-01
AU-5-INJ648-ID,AU-5,Australian Aid,Bilateral,A02_sector,4,Closed,ID,0,145271493.92470038,4,2014,2017,,2017-06-30,2017-06-30,0,,,,1,2010-11-05,2010-11-05
AU-5-INJ899-TV,AU-5,Australian Aid,Bilateral,A01_general,4,Closed,TV,0,13002115.100300033,7,2014,2020,,2021-06-30,2020-06-30,365,600000.0,AUD,2,1,2011-05-01,2011-05-01
AU-5-INK561-SB,AU-5,Australian Aid,Bilateral,A02_sector,4,Closed,SB,0,40435550.654900104,4,2014,2017,,2017-03-31,2017-03-31,0,,,,1,2012-07-01,2012-07-01
AU-5-INL121-SB,AU-5,Australian Aid,Bilateral,A02_sector,4,Closed,SB,57012700.00000015,50555388.70670013,4,2017,2020,0.11326092771084338,2020-12-31,2020-06-30,184,,,,1,2016-07-01,2016-07-01
AU-5-INL126-SB,AU-5,Australian Aid,Bilateral,A02_sector,4,Closed,SB,19748375.000000052,13760675.255900035,5,2016,2020,0.3031996173913044,2021-06-30,2020-06-30,365,,,,1,2016-03-01,2016-03-01
AU-5-INL129-SB,AU-5,Australian Aid,Bilateral,A02_sector,4,Closed,SB,39507572.1095001,38656546.9711001,6,2015,2020,0.02154081086130229,2020-12-31,2020-06-30,184,,,,1,2015-06-15,2015-06-15
AU-5-INL354-VN,AU-5,Australian Aid,Bilateral,A02_sector,4,Closed,VN,2500340.7284000064,2500340.7284000064,5,2014,2018,0.0,2017-10-31,2017-10-31,0,,,,1,2014-05-05,2014-05-05
AU-5-INL683-TO,AU-5,Australian Aid,Bilateral,A02_sector,4,Closed,TO,11800214.57290003,11098510.504100028,6,2015,2020,0.059465365181707114,2021-12-30,2020-06-30,548,25000.0,AUD,1,1,2015-03-20,2015-03-20
BJ-IFU-3200700033415-RSG0123375-29295,BJ-IFU-32000700033415,Société Nationale des Eaux du Benin,Multilateral,A02_sector,2,Implementation,BJ,0,8223150.732097378,4,2019,2022,,2022-06-30,,,4738034296.0,,4,1,2016-11-29,2018-02-08
BJ-IFU-4201710012551-RGS0123375-29295,BJ-IFU-4201710012551,Commune de Dangbo Benin,Multilateral,A02_sector,2,Implementation,BJ,,,,,,,2022-06-30,,,222566666.0,,6,0,2016-11-29,2018-01-05
BJ-IFU-4201710182326-RSG0123375-29295,bj-IFU-4201710182326,Agence Nationale d'Approvisionnement en Eau Potable en Milieu Rural,Bilateral,A02_sector,2,Implementation,BJ,,,,,,,2021-12-31,,,7992798926.0,,2,0,2018-02-08,2018-02-08
BJ-IFU-4201710182326-RSG0123375-29295A,bj-IFU-4201710182326,Agence Nationale d'Approvisionnement en Eau Potable en Milieu Rural,Bilateral,A02_sector,2,Implementation,BJ,,,,,,,2021-06-30,2021-06-30,0,1259543159.0,,3,0,2016-11-29,2018-02-08
BJ-IFU-4201710182326-RSG0123375-29296,bj-IFU-4201710182326,Agence Nationale d'Approvisionnement en Eau Potable en Milieu Rural,Bilateral,A02_sector,2,Implementation,BJ,,,,,,,2021-06-30,,,3761653500.0,,1,0,2018-02-08,2018-02-08
BJ-IFU-5200081145006-RSG0123375-29295,BJ-IFU-5200081145006,Commune de Toffo Benin,Bilateral,A02_sector,2,Implementation,BJ,,,,,,,2022-06-30,,,257566000.0,,8,0,2016-11-29,2018-01-05
BJ-IFU-5200801335602-RSG0123375-29295,BJ-IFU-5200801335602,Commune de Adjohoun Benin,Bilateral,A02_sector,2,Implementation,BJ,,,,,,,2022-06-30,,,513473332.0,,16,0,2016-11-29,2018-01-05
BJ-IFU-6200801257400-RSG0123375-29295,BJ-IFU-6200801257400,Commune de Ze Benin,Bilateral,A02_sector,2,Implementation,BJ,,,,,,,2022-06-30,,,128750000.0,,7,0,2016-11-29,2018-01-05
BJ-IFU-6200901851300-RSG0123375-29295,BJ-IFU-6200901851300,Commune de Kétou Benin,Bilateral,A02_sector,2,Implementation,BJ,,,,,,,2022-06-30,,,120868333.0,,3,0,2016-11-29,2018-01-05
BJ-IFU-6200901944008-RSG0123375-29295,BJ-IFU-6200901944008,Commune de Adja-ouèrè Benin,Multilateral,A02_sector,2,Implementation,BJ,,,,,,,2022-06-30,,,121250000.0,,6,0,2016-11-29,2018-01-05
BJ-IFU-6200901944209-RSG0123375-29295,BJ-IFU-6200901944209,Commune de Bopa Benin,Bilateral,A02_sector,2,Implementation,BJ,,,,,,,2022-06-30,,,409133332.0,,4,0,2016-11-29,2018-01-05
BJ-IFU-6200901944805-RSG0123375-29295,BJ-IFU-6200901944805,Commune de Lalo Benin,Bilateral,A02_sector,2,Implementation,BJ,,,,,,,2022-06-30,,,385104000.0,,12,0,2016-11-29,2018-01-05
BJ-IFU-6200901945503-RSG0123375-29295,BJ-IFU-6200901945503,Commune de Toviklin Benin,Bilateral,A02_sector,2,Implementation,BJ,,,,,,,2022-06-30,,,128368333.0,,4,0,2017-11-29,2018-01-05
BJ-IFU-6201000068802-RSG0123375-29295,BJ-IFU-6201000068802,Commune de Parakou Benin,Bilateral,A02_sector,2,Implementation,BJ,,,,,,,2021-06-30,,,2040240000.0,,3,0,2016-11-29,2017-12-15
BJ-IFU-6201000370801-RSG0123375-29295,BJ-IFU-6201000370801,Commune de Comè Benin,Bilateral,A02_sector,2,Implementation,BJ,,,,,,,2022-06-30,,,711300000.0,,42,0,2016-11-29,2018-01-05
BJ-IFU-6201001076902-RSG0123375-29295,BJ-IFU-6201001076902,Commune de Aplahoué Benin,Bilateral,A02_sector,2,Implementation,BJ,,,,,,,2122-06-30,,,641841665.0,,20,0,2016-11-29,2018-01-05
BJ-IFU-6201001843703-RGS0123375-29295,BJ-IFU-6201001843703,Commune de Akpro-missrété Bénin,Bilateral,A02_sector,2,Implementation,BJ,,,,,,,2022-06-30,,,770209998.0,,24,0,2016-11-29,2018-01-05
BJ-IFU-6201100034408-RSG0123375-29295,BJ-IFU-6201100034408,Commune de Klouékanmè Benin,Bilateral,A02_sector,2,Implementation,BJ,,,,,,,2022-06-30,,,643916665.0,,20,0,2016-11-29,2018-01-05
BJ-IFU-6201100143407-RSG0123375-29295,BJ-IFU-6201100143407,Commune de Ifangni Benin,Bilateral,A01_general,2,Implementation,BJ,,,,,,,2022-06-30,,,121283333.0,,3,0,2016-11-29,2018-01-03
BJ-IFU-6201101182902-RSG0123375-29295,BJ-IFU-6201101182902,Commune de Kpomasse Benin,Bilateral,A02_sector,2,Implementation,BJ,,,,,,,2022-06-30,,,515133332.0,,16,0,2016-11-29,2018-01-05
BJ-IFU-6201200579608-RSG0123375-29295,BJ-IFU-6201200579608,Commune de Pobè Benin,Bilateral,A02_sector,2,Implementation,BJ,,,,,,,2022-06-30,,,241736666.0,,6,0,2016-11-29,2018-01-05
BJ-IFU-6201300688700-RSG0123375-29295,BJ-IFU-6201300688700,Commune de Avrankou Benin,Bilateral,A02_sector,2,Implementation,BJ,,,,,,,2022-06-30,,,898578331.0,,28,0,2016-11-29,2018-01-05
BJ-IFU-6201501755307-RSG0123375-29295,BJ-IFU-6201501755307,Commune de Allada Benin,Bilateral,A02_sector,2,Implementation,BJ,,,,,,,2022-06-30,,,386349999.0,,12,0,2016-11-29,2018-01-05
BJ-IFU-6201810251129-RGS0123375-29295,,Commune de Adjarra Benin,Bilateral,A02_sector,2,Implementation,BJ,,,,,,,2021-06-30,,,128368333.0,,4,0,2016-11-29,2018-01-05
CA-3-A032220001,CA-3,"EN: Foreign Affairs, Trade and Development Canada (DFATD), FR: Affaires étrangères, Commerce et Développement Canada (MAECD)",Bilateral,A02_sector,4,Closed,ML,0,2294103.384940183,7,2015,2021,,2020-12-31,2020-03-31,275,20900931.0,,6,1,,2008-03-04
CA-3-A032230001,CA-3,"EN: Foreign Affairs, Trade and Development Canada (DFATD), FR: Affaires étrangères, Commerce et Développement Canada (MAECD)",Bilateral,A02_sector,4,Closed,VN,0,3349534.5038705138,5,2014,2018,,2020-06-30,2020-03-31,91,10215767.0,,8,1,,2010-06-21
CA-3-A033033001,CA-3,"EN: Foreign Affairs, Trade and Development Canada (DFATD), FR: Affaires étrangères, Commerce et Développement Canada (MAECD)",Bilateral,A02_sector,4,Closed,MZ,0,26741731.17522871,4,2014,2017,,2019-03-31,2018-03-31,365,114000000.0,,6,1,,2009-03-02
CA-3-A033033002,CA-3,"EN: Foreign Affairs, Trade and Development Canada (DFATD), FR: Affaires étrangères, Commerce et Développement Canada (MAECD)",Bilateral,A02_sector,4,Closed,MZ,0,17065346.93877551,3,2015,2017,,2019-03-31,2018-03-31,365,57000000.0,,7,1,,2009-03-27
CA-3-A033033004,CA-3,"EN: Foreign Affairs, Trade and Development Canada (DFATD), FR: Affaires étrangères, Commerce et Développement Canada (MAECD)",Bilateral,A01_general,4,Closed,MZ,0,14074595.355383532,2,2014,2015,,2019-03-31,2018-11-28,123,85010272.0,,6,0,,2009-03-27
CA-3-A033033007,CA-3,"EN: Foreign Affairs, Trade and Development Canada (DFATD), FR: Affaires étrangères, Commerce et Développement Canada (MAECD)",Bilateral,A02_sector,4,Closed,MZ,0,28852920.47853624,2,2014,2015,,2015-03-31,2015-12-31,-275,125000000.0,,6,0,,2011-02-28
CA-3-A033419002,CA-3,"EN: Foreign Affairs, Trade and Development Canada (DFATD), FR: Affaires étrangères, Commerce et Développement Canada (MAECD)",Bilateral,A02_sector,4,Closed,GH,0,3019000.703729768,1,2014,2014,,2013-12-31,2013-12-31,0,100000000.0,,6,0,,2008-07-29
CA-3-A033640001,CA-3,"EN: Foreign Affairs, Trade and Development Canada (DFATD), FR: Affaires étrangères, Commerce et Développement Canada (MAECD)",Bilateral,A02_sector,4,Closed,HN,0,6430915.285010556,6,2014,2019,,2019-06-28,2019-06-28,0,25078054.0,,9,1,,2011-04-29
CA-3-A033985001,CA-3,"EN: Foreign Affairs, Trade and Development Canada (DFATD), FR: Affaires étrangères, Commerce et Développement Canada (MAECD)",Bilateral,A02_sector,4,Closed,TZ,0,12530.21815622801,1,2014,2014,,2016-03-31,2013-03-22,1105,166000000.0,,5,0,,2009-03-12
CA-3-A033999002,CA-3,"EN: Foreign Affairs, Trade and Development Canada (DFATD), FR: Affaires étrangères, Commerce et Développement Canada (MAECD)",Bilateral,A02_sector,4,Closed,TZ,0,325241.3793103448,1,2014,2014,,2015-12-31,2015-12-31,0,1000000.0,,4,0,,2012-03-01
CA-3-A034052001,CA-3,"EN: Foreign Affairs, Trade and Development Canada (DFATD), FR: Affaires étrangères, Commerce et Développement Canada (MAECD)",Bilateral,A01_general,4,Closed,SN,13996717.811400423,13546798.02955665,2,2014,2015,0.032144663335093415,2016-03-31,2016-10-03,-186,20000000.0,,3,0,,2014-03-27
CA-3-A034252001,CA-3,"EN: Foreign Affairs, Trade and Development Canada (DFATD), FR: Affaires étrangères, Commerce et Développement Canada (MAECD)",Bilateral,A02_sector,4,Closed,BD,0,45038705.137227304,5,2014,2018,,2018-06-30,2018-06-30,0,72421052.0,,5,1,,2013-09-10
CA-3-A034379001,CA-3,"EN: Foreign Affairs, Trade and Development Canada (DFATD), FR: Affaires étrangères, Commerce et Développement Canada (MAECD)",Bilateral,A02_sector,4,Closed,SN,0,1964465.8691062632,1,2014,2014,,2016-03-31,2016-03-31,0,19995600.0,,5,0,,2009-03-30
CA-3-A034768005,CA-3,"EN: Foreign Affairs, Trade and Development Canada (DFATD), FR: Affaires étrangères, Commerce et Développement Canada (MAECD)",Bilateral,A02_sector,4,Closed,ML,0,3265306.1224489794,3,2018,2021,,2021-03-31,,,34981118.0,,8,1,,2011-03-31
CA-3-A034769001,CA-3,"EN: Foreign Affairs, Trade and Development Canada (DFATD), FR: Affaires étrangères, Commerce et Développement Canada (MAECD)",Bilateral,A02_sector,4,Closed,ML,0,1499590.7952146374,3,2015,2021,,2019-12-31,2019-12-31,0,31679460.0,,8,1,,2011-02-04
CA-3-A034782006,CA-3,"EN: Foreign Affairs, Trade and Development Canada (DFATD), FR: Affaires étrangères, Commerce et Développement Canada (MAECD)",Bilateral,A02_sector,4,Closed,TZ,0,12025876.48135116,2,2015,2016,,2016-06-30,2016-06-30,0,45000000.0,,7,0,,2011-02-03
CA-3-A034908002,CA-3,"EN: Foreign Affairs, Trade and Development Canada (DFATD), FR: Affaires étrangères, Commerce et Développement Canada (MAECD)",Bilateral,A02_sector,4,Closed,ML,0,34582558.05770584,6,2015,2022,,2021-12-31,2011-05-01,3897,17966639.0,,7,1,,2011-03-28
CA-3-A035209001,CA-3,"EN: Foreign Affairs, Trade and Development Canada (DFATD), FR: Affaires étrangères, Commerce et Développement Canada (MAECD)",Bilateral,A02_sector,4,Closed,ML,0,13630597.016185785,7,2014,2020,,2020-06-30,2020-06-30,0,25829675.0,,8,1,,2012-02-02
CA-3-A035261001,CA-3,"EN: Foreign Affairs, Trade and Development Canada (DFATD), FR: Affaires étrangères, Commerce et Développement Canada (MAECD)",Bilateral,A02_sector,4,Closed,MZ,0,2035186.4883884587,2,2018,2020,,2022-03-31,2017-12-31,1551,8000000.0,,7,0,,2013-03-25
CA-3-A035342001,CA-3,"EN: Foreign Affairs, Trade and Development Canada (DFATD), FR: Affaires étrangères, Commerce et Développement Canada (MAECD)",Bilateral,A02_sector,4,Closed,TZ,0,1502007.2343420128,5,2014,2018,,2013-03-06,2018-10-25,-2059,3300000.0,,7,1,,2013-03-07
CA-3-A035369002,CA-3,"EN: Foreign Affairs, Trade and Development Canada (DFATD), FR: Affaires étrangères, Commerce et Développement Canada (MAECD)",Bilateral,A02_sector,4,Closed,SN,10907811.400422238,10907811.400422238,4,2014,2018,0.0,2018-09-18,2019-02-14,-149,122100000.0,,6,1,,2014-03-14
CA-3-A035369003,CA-3,"EN: Foreign Affairs, Trade and Development Canada (DFATD), FR: Affaires étrangères, Commerce et Développement Canada (MAECD)",Bilateral,A02_sector,4,Closed,SN,84447572.1323012,84447572.1323012,5,2014,2018,0.0,2018-09-18,2019-09-12,-359,30000000.0,,2,1,,2014-03-14
CA-3-A035435001,CA-3,"EN: Foreign Affairs, Trade and Development Canada (DFATD), FR: Affaires étrangères, Commerce et Développement Canada (MAECD)",Bilateral,A02_sector,4,Closed,ML,0,14074595.355383532,4,2015,2018,,2018-12-31,2019-10-22,-295,22000000.0,,3,1,,2012-03-13
CA-3-D000259001,CA-3,"EN: Foreign Affairs, Trade and Development Canada (DFATD), FR: Affaires étrangères, Commerce et Développement Canada (MAECD)",Bilateral,A02_sector,4,Closed,TZ,13895881.477832511,13789584.095707247,5,2014,2022,0.007649560216445108,2022-06-30,2022-06-30,0,30164268.0,,5,1,,2014-03-26
CA-3-D000301001,CA-3,"EN: Foreign Affairs, Trade and Development Canada (DFATD), FR: Affaires étrangères, Commerce et Développement Canada (MAECD)",Bilateral,A01_general,4,Closed,TZ,4926108.381421533,4926108.3743842365,1,2015,2015,1.428571266875314e-09,2017-03-01,2017-03-01,0,20000000.0,,4,0,,2015-03-17
CA-3-D000327001,CA-3,"EN: Foreign Affairs, Trade and Development Canada (DFATD), FR: Affaires étrangères, Commerce et Développement Canada (MAECD)",Bilateral,A02_sector,4,Closed,JO,13629223.891625615,13626999.021815622,4,2015,2018,0.00016324259016389537,2018-12-31,2018-12-31,0,20696837.0,,5,1,,2015-01-15
CA-3-D000954001,CA-3,"EN: Foreign Affairs, Trade and Development Canada (DFATD), FR: Affaires étrangères, Commerce et Développement Canada (MAECD)",Bilateral,A02_sector,4,Closed,BF,12315270.93596059,12315270.93596059,2,2015,2017,0.0,2017-06-30,2017-06-30,0,22500000.0,,3,0,,2015-07-10
CA-3-D001661001,CA-3,"EN: Foreign Affairs, Trade and Development Canada (DFATD), FR: Affaires étrangères, Commerce et Développement Canada (MAECD)",Bilateral,A01_general,4,Closed,SN,34632413.04011259,34482758.62068965,5,2016,2020,0.0043212241448380715,2021-03-31,2022-08-18,-505,56566375.0,,6,1,,2016-02-11
CA-3-P006740001,CA-3,"EN: Foreign Affairs, Trade and Development Canada (DFATD), FR: Affaires étrangères, Commerce et Développement Canada (MAECD)",Bilateral,A02_sector,4,Closed,JO,9148310.337790288,9130998.585503167,4,2019,2022,0.0018923442305634579,2022-03-31,2022-03-31,0,10000000.0,,2,1,,2019-03-26
CA-3-P006740002,CA-3,"EN: Foreign Affairs, Trade and Development Canada (DFATD), FR: Affaires étrangères, Commerce et Développement Canada (MAECD)",Bilateral,A02_sector,4,Closed,JO,1407459.5355383533,1407459.5355383533,1,2021,2021,0.0,2022-03-31,2022-03-31,0,2000000.0,,1,0,,2021-02-25
CH-4-2023-2004006120,CH-4,Swiss Agency for Development and Cooperation (SDC),Bilateral,A02_sector,2,Implementation,MZ,0.0,1053215.5651636813,1,2023,2023,,2024-04-25,,,,,,0,2022-01-01,2022-01-01
CH-4-2023-2018011172,CH-4,Swiss Agency for Development and Cooperation (SDC),Bilateral,A02_sector,2,Implementation,CD,0.0,13079.678814082767,1,2023,2023,,2024-04-30,,,,,,0,2019-01-01,2019-01-01
CH-4-2023-2020010894,CH-4,Swiss Agency for Development and Cooperation (SDC),Bilateral,A02_sector,4,Closed,TZ,0.0,1235330.4508956147,1,2023,2023,,2024-12-31,,,,,,0,2020-03-01,2020-03-01
CH-4-2023-2020010895,CH-4,Swiss Agency for Development and Cooperation (SDC),Bilateral,A02_sector,2,Implementation,TZ,21000617.665225446,5339148.857319333,1,2023,2023,0.745762294117647,2025-09-30,,,,,,0,2023-10-01,2023-10-01
CH-4-2023-2023000533,CH-4,Swiss Agency for Development and Cooperation (SDC),Bilateral,A02_sector,2,Implementation,BJ,6423718.344657196,1169781.3465101914,1,2023,2023,0.8178965384615384,2026-01-31,,,,,,0,2023-02-01,2023-02-01
CH-4-2023-2023001248,CH-4,Swiss Agency for Development and Cooperation (SDC),Bilateral,A02_sector,2,Implementation,MZ,0.0,157381.0994441013,1,2023,2023,,2024-12-31,,,,,,0,2021-06-20,2021-06-20
CH-4-2024-2018011172,CH-4,Swiss Agency for Development and Cooperation (SDC),Bilateral,A02_sector,2,Implementation,CD,0.0,5744.286596664608,2,2023,2024,,2024-12-31,,,,,,0,2019-01-01,2019-01-01
CH-4-2024-2020010895,CH-4,Swiss Agency for Development and Cooperation (SDC),Bilateral,A02_sector,2,Implementation,TZ,0.0,14518345.89252625,2,2023,2024,,2024-12-31,,,,,,0,2023-10-01,2023-10-01
CH-4-2024-2023000533,CH-4,Swiss Agency for Development and Cooperation (SDC),Bilateral,A02_sector,2,Implementation,BJ,0.0,1182742.4336009882,1,2024,2024,,2025-12-31,,,,,,0,2025-01-01,2025-01-01
CH-4-2024-2024000918,CH-4,Swiss Agency for Development and Cooperation (SDC),Bilateral,A02_sector,2,Implementation,MZ,0.0,43418.15935762817,1,2024,2024,,2025-12-31,,,,,,0,2025-01-01,2025-01-01
CH-4-2025-2020010895,CH-4,Swiss Agency for Development and Cooperation (SDC),Bilateral,A02_sector,2,Implementation,TZ,0.0,3092982.087708462,1,2025,2025,,2026-12-31,,,,,,0,2023-10-01,2023-10-01
CH-4-2025-2020011220,CH-4,Swiss Agency for Development and Cooperation (SDC),Bilateral,A02_sector,2,Implementation,TZ,11303273.625694873,0.0,0,,,1.0,2029-12-14,,,,,,0,2025-06-15,2025-06-15
CH-4-2025-2023000533,CH-4,Swiss Agency for Development and Cooperation (SDC),Bilateral,A02_sector,2,Implementation,BJ,0.0,789824.5830759729,1,2025,2025,,2026-01-31,,,,,,0,2023-02-01,2023-02-01
DE-1-200570218,DE-1,"DE: Bundesministerium für wirtschaftliche Zusammenarbeit und Entwicklung (BMZ), EN: Federal Ministry for Economic Cooperation and Development (BMZ)",Bilateral,A01_general,4,Closed,GH,0,135174.621798,2,2014,2018,,2015-12-17,2015-12-17,0,500000.0,,1,0,2010-12-08,2010-12-08
DE-1-200770347,DE-1,"DE: Bundesministerium für wirtschaftliche Zusammenarbeit und Entwicklung (BMZ), EN: Federal Ministry for Economic Cooperation and Development (BMZ)",Bilateral,A01_general,4,Closed,MW,0,569700.0,2,2015,2016,,2019-05-17,2019-05-17,0,500000.0,,1,0,2009-12-18,2009-12-18
DE-1-200970012,DE-1,"DE: Bundesministerium für wirtschaftliche Zusammenarbeit und Entwicklung (BMZ), EN: Federal Ministry for Economic Cooperation and Development (BMZ)",Bilateral,A01_general,4,Closed,MZ,0,226630.72765800002,1,2014,2014,,2015-04-24,2015-04-24,0,3000000.0,,1,0,2010-06-29,2010-06-29
DE-1-200970418,DE-1,"DE: Bundesministerium für wirtschaftliche Zusammenarbeit und Entwicklung (BMZ), EN: Federal Ministry for Economic Cooperation and Development (BMZ)",Bilateral,A01_general,4,Closed,MW,0,3670476.194736,3,2016,2018,,2019-05-17,2019-05-17,0,3221411.44,,1,1,2010-10-01,2010-10-01
DE-1-201070259,DE-1,"DE: Bundesministerium für wirtschaftliche Zusammenarbeit und Entwicklung (BMZ), EN: Federal Ministry for Economic Cooperation and Development (BMZ)",Bilateral,A02_sector,4,Closed,UG,0,2278800.0,4,2014,2017,,2017-08-31,2017-08-31,0,2000000.0,,1,1,2012-08-01,2012-08-01
DE-1-201165281,DE-1,"DE: Bundesministerium für wirtschaftliche Zusammenarbeit und Entwicklung (BMZ), EN: Federal Ministry for Economic Cooperation and Development (BMZ)",Bilateral,A01_general,4,Closed,BF,0,9115200.0,2,2014,2015,,2016-09-09,2016-09-09,0,12000000.0,,1,0,2012-10-01,2012-10-01
DE-1-201165828,DE-1,"DE: Bundesministerium für wirtschaftliche Zusammenarbeit und Entwicklung (BMZ), EN: Federal Ministry for Economic Cooperation and Development (BMZ)",Bilateral,A01_general,4,Closed,ZM,0,5127300.0,1,2014,2014,,2015-02-27,2015-02-27,0,18500000.0,,1,0,2012-07-17,2012-07-17
DE-1-201166974,DE-1,"DE: Bundesministerium für wirtschaftliche Zusammenarbeit und Entwicklung (BMZ), EN: Federal Ministry for Economic Cooperation and Development (BMZ)",Bilateral,A02_sector,4,Closed,BF,0,5041845.0,2,2014,2015,,2015-11-19,2015-11-19,0,6550000.0,,1,0,2013-04-10,2013-04-10
DE-1-201170307,DE-1,"DE: Bundesministerium für wirtschaftliche Zusammenarbeit und Entwicklung (BMZ), EN: Federal Ministry for Economic Cooperation and Development (BMZ)",Bilateral,A01_general,4,Closed,BF,0,752004.0,2,2014,2015,,2016-09-09,2016-09-09,0,1000000.0,,1,0,2012-10-01,2012-10-01
DE-1-201170315,DE-1,"DE: Bundesministerium für wirtschaftliche Zusammenarbeit und Entwicklung (BMZ), EN: Federal Ministry for Economic Cooperation and Development (BMZ)",Bilateral,A01_general,4,Closed,RW,0,1139400.0,1,2014,2014,,2015-06-23,2015-06-23,0,3000000.0,,1,0,2012-11-14,2012-11-14
DE-1-201170323,DE-1,"DE: Bundesministerium für wirtschaftliche Zusammenarbeit und Entwicklung (BMZ), EN: Federal Ministry for Economic Cooperation and Development (BMZ)",Bilateral,A02_sector,4,Closed,BF,0,569700.0,2,2015,2016,,2016-12-28,2016-12-28,0,500000.0,,1,0,2013-04-10,2013-04-10
DE-1-201265115,DE-1,"DE: Bundesministerium für wirtschaftliche Zusammenarbeit und Entwicklung (BMZ), EN: Federal Ministry for Economic Cooperation and Development (BMZ)",Bilateral,A01_general,4,Closed,TZ,0,6836400.0,1,2015,2015,,2015-12-21,2015-12-21,0,18000000.0,,1,0,2012-12-17,2012-12-17
DE-1-201265248,DE-1,"DE: Bundesministerium für wirtschaftliche Zusammenarbeit und Entwicklung (BMZ), EN: Federal Ministry for Economic Cooperation and Development (BMZ)",Bilateral,A01_general,4,Closed,MZ,0,5697000.0,1,2014,2014,,2015-04-24,2015-04-24,0,5000000.0,,1,0,2013-11-08,2013-11-08
DE-1-201265420,DE-1,"DE: Bundesministerium für wirtschaftliche Zusammenarbeit und Entwicklung (BMZ), EN: Federal Ministry for Economic Cooperation and Development (BMZ)",Bilateral,A02_sector,4,Closed,GH,19723014.0,19723014.0,1,2015,2015,0.0,2015-12-17,2015-12-17,0,17310000.0,,1,0,2015-08-05,2015-08-05
DE-1-201265743,DE-1,"DE: Bundesministerium für wirtschaftliche Zusammenarbeit und Entwicklung (BMZ), EN: Federal Ministry for Economic Cooperation and Development (BMZ)",Bilateral,A02_sector,4,Closed,PE,17091000.0,17091000.0,1,2015,2015,0.0,2015-12-31,2015-12-31,0,15000000.0,,1,0,2015-05-26,2015-05-26
DE-1-201265750,DE-1,"DE: Bundesministerium für wirtschaftliche Zusammenarbeit und Entwicklung (BMZ), EN: Federal Ministry for Economic Cooperation and Development (BMZ)",Bilateral,A02_sector,4,Closed,PE,34182000.0,34182000.0,2,2014,2015,0.0,2016-04-04,2016-04-04,0,30000000.0,,1,0,2014-11-07,2014-11-07
DE-1-201266287,DE-1,"DE: Bundesministerium für wirtschaftliche Zusammenarbeit und Entwicklung (BMZ), EN: Federal Ministry for Economic Cooperation and Development (BMZ)",Bilateral,A02_sector,4,Closed,PE,17091000.0,17091000.0,1,2018,2018,0.0,2018-07-30,2018-07-30,0,15000000.0,,1,0,2017-12-28,2017-12-28
DE-1-201270040,DE-1,"DE: Bundesministerium für wirtschaftliche Zusammenarbeit und Entwicklung (BMZ), EN: Federal Ministry for Economic Cooperation and Development (BMZ)",Bilateral,A01_general,4,Closed,TZ,0,683640.0,1,2014,2014,,2015-12-21,2015-12-21,0,2000000.0,,1,0,2012-12-17,2012-12-17
DE-1-201270370,DE-1,"DE: Bundesministerium für wirtschaftliche Zusammenarbeit und Entwicklung (BMZ), EN: Federal Ministry for Economic Cooperation and Development (BMZ)",Bilateral,A01_general,4,Closed,MZ,0,5127300.0,2,2014,2016,,2016-04-29,2016-04-29,0,8000000.0,,1,0,2013-11-08,2013-11-08
DE-1-201366632,DE-1,"DE: Bundesministerium für wirtschaftliche Zusammenarbeit und Entwicklung (BMZ), EN: Federal Ministry for Economic Cooperation and Development (BMZ)",Bilateral,A01_general,4,Closed,MZ,0,12533400.0,1,2014,2014,,2015-04-24,2015-04-24,0,11000000.0,,1,0,2013-11-08,2013-11-08
DE-1-201468453,DE-1,"DE: Bundesministerium für wirtschaftliche Zusammenarbeit und Entwicklung (BMZ), EN: Federal Ministry for Economic Cooperation and Development (BMZ)",Bilateral,A02_sector,4,Closed,CO,85487047.869618,85487047.869618,1,2015,2015,0.0,2019-12-19,2019-12-19,0,75028126.97,,1,0,2015-11-18,2015-11-18
DE-1-201468461,DE-1,"DE: Bundesministerium für wirtschaftliche Zusammenarbeit und Entwicklung (BMZ), EN: Federal Ministry for Economic Cooperation and Development (BMZ)",Bilateral,A02_sector,4,Closed,CO,85455000.0,85455000.0,1,2017,2017,0.0,2019-12-19,2019-12-19,0,75000000.0,,1,0,2017-04-12,2017-04-12
DE-1-201468479,DE-1,"DE: Bundesministerium für wirtschaftliche Zusammenarbeit und Entwicklung (BMZ), EN: Federal Ministry for Economic Cooperation and Development (BMZ)",Bilateral,A02_sector,4,Closed,CO,85487047.869618,85487047.869618,1,2015,2015,0.0,2021-12-22,2021-12-22,0,75028126.97,,1,0,2015-11-18,2015-11-18
DE-1-201468487,DE-1,"DE: Bundesministerium für wirtschaftliche Zusammenarbeit und Entwicklung (BMZ), EN: Federal Ministry for Economic Cooperation and Development (BMZ)",Bilateral,A02_sector,4,Closed,CO,85455000.0,85455000.0,1,2016,2016,0.0,2016-11-23,2016-11-23,0,75000000.0,,1,0,2016-09-06,2016-09-06
DE-1-201667484,DE-1,"DE: Bundesministerium für wirtschaftliche Zusammenarbeit und Entwicklung (BMZ), EN: Federal Ministry for Economic Cooperation and Development (BMZ)",Bilateral,A02_sector,4,Closed,CO,113940000.0,113940000.0,1,2018,2018,0.0,2018-02-27,2018-02-27,0,100000000.0,,1,0,2017-12-19,2017-12-19
DE-1-201667492,DE-1,"DE: Bundesministerium für wirtschaftliche Zusammenarbeit und Entwicklung (BMZ), EN: Federal Ministry for Economic Cooperation and Development (BMZ)",Bilateral,A02_sector,4,Closed,CO,113940000.0,113940000.0,1,2018,2018,0.0,2018-09-25,2018-09-25,0,100000000.0,,1,0,2018-08-06,2018-08-06
DE-1-201767508,DE-1,"DE: Bundesministerium für wirtschaftliche Zusammenarbeit und Entwicklung (BMZ), EN: Federal Ministry for Economic Cooperation and Development (BMZ)",Bilateral,A02_sector,4,Closed,BF,7975800.0,7975800.0,4,2018,2021,0.0,2021-10-28,2021-10-28,0,7000000.0,,1,1,2018-07-05,2018-07-05
DE-1-201767805,DE-1,"DE: Bundesministerium für wirtschaftliche Zusammenarbeit und Entwicklung (BMZ), EN: Federal Ministry for Economic Cooperation and Development (BMZ)",Bilateral,A02_sector,4,Closed,JO,170910000.0,170910000.0,2,2017,2019,0.0,2020-03-05,2020-03-05,0,150000000.0,,1,0,2017-12-06,2017-12-06
DE-1-201770114,DE-1,"DE: Bundesministerium für wirtschaftliche Zusammenarbeit und Entwicklung (BMZ), EN: Federal Ministry for Economic Cooperation and Development (BMZ)",Bilateral,A02_sector,2,Implementation,JO,4557600.0,4026124.431684,9,2018,2026,0.116613035,2027-06-30,,,4000000.0,,2,1,2018-08-19,2018-08-19
DE-1-201868785,DE-1,"DE: Bundesministerium für wirtschaftliche Zusammenarbeit und Entwicklung (BMZ), EN: Federal Ministry for Economic Cooperation and Development (BMZ)",Bilateral,A02_sector,4,Closed,BF,20509200.0,20509200.0,2,2019,2020,0.0,2021-10-28,2021-10-28,0,18000000.0,,1,0,2018-12-07,2018-12-07
DE-1-201965052,DE-1,"DE: Bundesministerium für wirtschaftliche Zusammenarbeit und Entwicklung (BMZ), EN: Federal Ministry for Economic Cooperation and Development (BMZ)",Bilateral,A02_sector,4,Closed,CI,68591880.0,68591880.0,1,2019,2019,0.0,2023-12-31,2023-12-31,0,60200000.0,,1,0,2019-12-11,2019-12-11
FI-3-2014-2000003078,FI-3,Ministry for Foreign Affairs of Finland,Bilateral,A01_general,2,Implementation,TZ,0,12282732.0,1,2014,2014,,2015-12-31,,,23000000.0,EUR,2,0,,2001-12-05
FI-3-2014-2002023052,FI-3,Ministry for Foreign Affairs of Finland,Bilateral,A01_general,2,Implementation,MZ,0,6836400.0,1,2014,2014,,2014-12-31,,,6000000.0,EUR,1,0,,2003-12-18
FI-3-2014-2004043014,FI-3,Ministry for Foreign Affairs of Finland,Bilateral,A02_sector,2,Implementation,VN,0,533664.1962,1,2014,2014,,2014-12-31,,,,,,0,,2004-06-02
FI-3-2014-2005050123,FI-3,Ministry for Foreign Affairs of Finland,Bilateral,A02_sector,2,Implementation,MZ,2278800.0,7975800.0,1,2014,2014,-2.5,2015-12-31,,,16000000.0,EUR,2,0,,2005-10-20
FI-3-2014-2008080028,FI-3,Ministry for Foreign Affairs of Finland,Bilateral,A02_sector,2,Implementation,MZ,0,127469.2356,1,2014,2014,,2014-12-31,,,,,,0,,2008-07-31
FI-3-2014-2008080130,FI-3,Ministry for Foreign Affairs of Finland,Bilateral,A02_sector,2,Implementation,VN,0,4074763.2984,1,2014,2014,,2014-12-31,,,,,,0,,2008-09-01
FI-3-2014-2009091300,FI-3,Ministry for Foreign Affairs of Finland,Bilateral,A02_sector,2,Implementation,NP,0,7975800.0,1,2014,2014,,2016-12-31,,,10500000.0,EUR,3,0,,2009-10-21
FI-3-2014-2012000151,FI-3,Ministry for Foreign Affairs of Finland,Bilateral,A01_general,2,Implementation,ZM,0,6307718.4,1,2014,2014,,2015-12-31,,,11932176.0,EUR,2,0,,2012-12-14
FI-3-2014-2013130107,FI-3,Ministry for Foreign Affairs of Finland,Bilateral,A02_sector,2,Implementation,TZ,0,1195549.632,1,2014,2014,,2014-12-31,,,,,,0,,2002-12-17
FI-3-2014-2013130132,FI-3,Ministry for Foreign Affairs of Finland,Bilateral,A02_sector,2,Implementation,ZM,0,2293188.3432,1,2014,2014,,2014-12-31,,,150653.0,EUR,1,0,,2009-12-10
FI-3-2014-2013130288,FI-3,Ministry for Foreign Affairs of Finland,Bilateral,A02_sector,2,Implementation,VN,0,1753739.4132,1,2014,2014,,2017-12-31,,,6670000.0,EUR,4,0,,2011-12-16
FI-3-2014-2014140714,FI-3,Ministry for Foreign Affairs of Finland,Bilateral,A01_general,2,Implementation,MZ,13672800.0,0,0,,,1.0,2016-12-31,,,12000000.0,EUR,2,0,,2014-12-17
FI-3-2014-2014140891,FI-3,Ministry for Foreign Affairs of Finland,Bilateral,A02_sector,2,Implementation,PS,10254600.0,0,0,,,1.0,2017-12-31,,,9000000.0,EUR,2,0,,2014-06-19
FI-3-2015-2005050123,FI-3,Ministry for Foreign Affairs of Finland,Bilateral,A02_sector,2,Implementation,MZ,20509200.0,10254600.0,1,2015,2015,0.5,2017-12-31,,,27000000.0,EUR,3,0,2005-10-20,2005-10-20
FI-3-2015-2008080028,FI-3,Ministry for Foreign Affairs of Finland,Bilateral,A02_sector,2,Implementation,MZ,0,244372.815,1,2015,2015,,2015-12-31,,,,,,0,2008-07-31,2008-07-31
FI-3-2015-2008080130,FI-3,Ministry for Foreign Affairs of Finland,Bilateral,A02_sector,2,Implementation,VN,0,297219.3264,1,2015,2015,,2015-12-31,,,,,,0,2008-09-01,2008-09-01
FI-3-2015-2009091300,FI-3,Ministry for Foreign Affairs of Finland,Bilateral,A02_sector,2,Implementation,NP,0,5697000.0,1,2015,2015,,2016-12-31,,,6400000.0,EUR,2,0,2009-10-21,2009-10-21
FI-3-2015-2013130107,FI-3,Ministry for Foreign Affairs of Finland,Bilateral,A02_sector,2,Implementation,TZ,216486.0,918830.3904,1,2015,2015,-3.2442947368421056,2016-12-31,,,190000.0,EUR,1,0,2002-12-17,2002-12-17
FI-3-2015-2013130288,FI-3,Ministry for Foreign Affairs of Finland,Bilateral,A02_sector,2,Implementation,VN,0,2170611.6912000002,1,2015,2015,,2018-12-31,,,3670000.0,EUR,4,0,2011-12-16,2011-12-16
FI-3-2015-2014140714,FI-3,Ministry for Foreign Affairs of Finland,Bilateral,A01_general,2,Implementation,MZ,0,6836400.0,1,2015,2015,,2016-12-31,,,12000000.0,EUR,2,0,2014-12-17,2014-12-17
FI-3-2015-2014140891,FI-3,Ministry for Foreign Affairs of Finland,Bilateral,A02_sector,2,Implementation,PS,0,3418200.0,1,2015,2015,,2017-12-31,,,3000000.0,EUR,1,0,2014-06-19,2014-06-19
FI-3-2015-2015150032,FI-3,Ministry for Foreign Affairs of Finland,Bilateral,A02_sector,2,Implementation,ET,2278800.0,0,0,,,1.0,2019-12-31,,,2000000.0,EUR,3,0,2015-12-14,2015-12-14
FI-3-2016-2005050123,FI-3,Ministry for Foreign Affairs of Finland,Bilateral,A02_sector,2,Implementation,MZ,0,10254600.0,1,2016,2016,,2017-12-31,,,18000000.0,EUR,2,0,2005-10-20,2005-10-20
FI-3-2016-2008080028,FI-3,Ministry for Foreign Affairs of Finland,Bilateral,A02_sector,2,Implementation,MZ,0,167765.25600000002,1,2016,2016,,2016-12-31,,,,,,0,2008-07-31,2008-07-31
FI-3-2016-2009091300,FI-3,Ministry for Foreign Affairs of Finland,Bilateral,A02_sector,2,Implementation,NP,0,2278800.0,1,2016,2016,,2016-12-31,,,1000000.0,EUR,1,0,2009-10-21,2009-10-21
FI-3-2016-2013130107,FI-3,Ministry for Foreign Affairs of Finland,Bilateral,A02_sector,2,Implementation,TZ,0,216226.21680000002,1,2016,2016,,2017-12-31,,,190000.0,EUR,1,0,2002-12-17,2002-12-17
FI-3-2016-2013130288,FI-3,Ministry for Foreign Affairs of Finland,Bilateral,A02_sector,2,Implementation,VN,0,2568365.9766,1,2016,2016,,2018-12-31,,,1320000.0,EUR,3,0,2011-12-16,2011-12-16
FI-3-2016-2014140891,FI-3,Ministry for Foreign Affairs of Finland,Bilateral,A02_sector,2,Implementation,PS,0,3418200.0,1,2016,2016,,2017-12-31,,,3000000.0,EUR,1,0,2014-06-19,2014-06-19
FI-3-2017-2005050123,FI-3,Ministry for Foreign Affairs of Finland,Bilateral,A02_sector,2,Implementation,MZ,19369800.0,10254600.0,1,2017,2017,0.47058823529411764,2019-12-31,,,26000000.0,EUR,3,0,2005-10-20,2005-10-20
FI-3-2017-2013130288,FI-3,Ministry for Foreign Affairs of Finland,Bilateral,A02_sector,2,Implementation,VN,0,2493655.97436,1,2017,2017,,2018-12-31,,,1150000.0,EUR,2,0,2011-12-16,2011-12-16
FI-3-2017-2014140891,FI-3,Ministry for Foreign Affairs of Finland,Bilateral,A02_sector,2,Implementation,PS,0,3418200.0,1,2017,2017,,2017-12-31,,,3000000.0,EUR,1,0,2014-06-19,2014-06-19
FI-3-2017-2015150032,FI-3,Ministry for Foreign Affairs of Finland,Bilateral,A02_sector,2,Implementation,ET,0,569700.0,1,2017,2017,,2019-12-31,,,2000000.0,EUR,3,0,2015-12-14,2015-12-14
FI-3-2018-2005050123,FI-3,Ministry for Foreign Affairs of Finland,Bilateral,A02_sector,2,Implementation,MZ,0,9115200.0,1,2019,2019,,2019-12-31,,,17000000.0,EUR,2,0,2005-10-20,2005-10-20
FI-3-2018-2013130288,FI-3,Ministry for Foreign Affairs of Finland,Bilateral,A02_sector,2,Implementation,VN,26914.9068,1304218.7676000001,1,2019,2019,-47.457116247565835,2018-12-31,,,523622.0,EUR,1,0,2011-12-16,2011-12-16
FI-3-2018-2015150032,FI-3,Ministry for Foreign Affairs of Finland,Bilateral,A02_sector,2,Implementation,ET,0,569700.0,1,2019,2019,,2019-12-31,,,1500000.0,EUR,2,0,2015-12-14,2015-12-14
FI-3-2018-2018180551,FI-3,Ministry for Foreign Affairs of Finland,Bilateral,A02_sector,2,Implementation,PS,10254600.0,3418200.0,1,2019,2019,0.6666666666666666,2020-12-31,,,15000000.0,EUR,5,0,2018-02-14,2018-02-14
FI-3-2019-2005050123,FI-3,Ministry for Foreign Affairs of Finland,Bilateral,A02_sector,2,Implementation,MZ,0,10254600.0,1,2019,2019,,2019-12-31,,,9000000.0,EUR,1,0,2005-10-20,2005-10-20
FI-3-2019-2013130288,FI-3,Ministry for Foreign Affairs of Finland,Bilateral,A02_sector,2,Implementation,VN,0,14083.952490000001,1,2019,2019,,2019-12-31,,,,,,0,2011-12-16,2011-12-16
FI-3-2019-2015150032,FI-3,Ministry for Foreign Affairs of Finland,Bilateral,A02_sector,2,Implementation,ET,0,1139400.0,1,2019,2019,,2019-12-31,,,1000000.0,EUR,1,0,2015-12-14,2015-12-14
FI-3-2019-2018180551,FI-3,Ministry for Foreign Affairs of Finland,Bilateral,A02_sector,2,Implementation,PS,0,3418200.0,1,2019,2019,,2020-12-31,,,12000000.0,EUR,4,0,2018-02-14,2018-02-14
FI-3-2019-2019190049,FI-3,Ministry for Foreign Affairs of Finland,Bilateral,A02_sector,2,Implementation,ET,4557600.0,0,0,,,1.0,2023-12-31,,,5700000.0,EUR,4,0,2019-12-11,2019-12-11
FI-3-2019-2019190107,FI-3,Ministry for Foreign Affairs of Finland,Bilateral,A02_sector,2,Implementation,MZ,31903200.0,0,0,,,1.0,2022-12-31,,,29000000.0,EUR,3,0,2019-12-19,2019-12-19
FI-3-2020-2018180551,FI-3,Ministry for Foreign Affairs of Finland,Bilateral,A02_sector,2,Implementation,PS,0,3418200.0,1,2020,2020,,2020-12-31,,,9000000.0,EUR,3,0,2018-02-14,2018-02-14
FI-3-2020-2019190049,FI-3,Ministry for Foreign Affairs of Finland,Bilateral,A02_sector,2,Implementation,ET,0,2278800.0,1,2020,2020,,2023-12-31,,,4350000.0,EUR,3,0,2019-12-11,2019-12-11
FI-3-2020-2019190107,FI-3,Ministry for Foreign Affairs of Finland,Bilateral,A02_sector,2,Implementation,MZ,0,11394000.0,1,2020,2020,,2022-12-31,,,29000000.0,EUR,3,0,2019-12-19,2019-12-19
FI-3-2021-2018180551,FI-3,Ministry for Foreign Affairs of Finland,Bilateral,A02_sector,2,Implementation,PS,6836400.0,3418200.0,1,2021,2021,0.5,2021-12-31,,,6000000.0,EUR,2,0,2021-01-01,2021-01-01
FI-3-2021-2019190107,FI-3,Ministry for Foreign Affairs of Finland,Bilateral,A02_sector,2,Implementation,MZ,0,11394000.0,1,2021,2021,,2021-12-31,,,19000000.0,EUR,2,0,2021-01-01,2021-01-01
FI-3-2021-2021001001,FI-3,Ministry for Foreign Affairs of Finland,Bilateral,A01_general,2,Implementation,ZA,23927.4,1813.9248,1,2021,2021,0.9241904761904761,2021-12-31,,,21000.0,EUR,1,0,2021-01-01,2021-01-01
FI-3-2021-2021005339,FI-3,Ministry for Foreign Affairs of Finland,Bilateral,A02_sector,2,Implementation,NP,21648600.0,0,0,,,1.0,2021-12-31,,,19000000.0,EUR,4,0,2021-01-01,2021-01-01
FI-3-2022-2018180551,FI-3,Ministry for Foreign Affairs of Finland,Bilateral,A02_sector,2,Implementation,PS,0,3418200.0,1,2022,2022,,2023-12-31,,,,,,0,,2023-01-01
FI-3-2022-2019190049,FI-3,Ministry for Foreign Affairs of Finland,Bilateral,A02_sector,2,Implementation,ET,0,1139400.0,1,2022,2022,,2023-12-31,,,,,,0,,2023-01-01
FI-3-2022-2019190107,FI-3,Ministry for Foreign Affairs of Finland,Bilateral,A02_sector,2,Implementation,MZ,0,9115200.0,1,2022,2022,,2023-12-31,,,,,,0,,2023-01-01
FI-3-2022-2021210112,FI-3,Ministry for Foreign Affairs of Finland,Bilateral,A02_sector,2,Implementation,NP,0,3418200.0,1,2022,2022,,2023-12-31,,,,,,0,,2023-01-01
FI-3-2022-2022220043,FI-3,Ministry for Foreign Affairs of Finland,Bilateral,A02_sector,2,Implementation,MZ,23927400.0,0,0,,,1.0,2023-12-31,,,,,,0,,2023-01-01
FI-3-2023-2023230044,FI-3,Ministry for Foreign Affairs of Finland,Bilateral,A02_sector,2,Implementation,ET,0,1139400.0,1,2023,2023,,2023-12-31,,,1000000.0,EUR,1,0,,2023-01-01
FI-3-2023-2023230130,FI-3,Ministry for Foreign Affairs of Finland,Bilateral,A02_sector,2,Implementation,MZ,0,5697000.0,1,2023,2023,,2023-12-31,,,19000000.0,EUR,3,0,,2023-01-01
FI-3-2023-2023230300,FI-3,Ministry for Foreign Affairs of Finland,Bilateral,A02_sector,2,Implementation,NP,0,3987900.0,1,2023,2023,,2023-12-31,,,12000000.0,EUR,3,0,,2023-01-01
FI-3-2023-2023230435,FI-3,Ministry for Foreign Affairs of Finland,Bilateral,A02_sector,2,Implementation,PS,5355180.0,1936980.0,1,2023,2023,0.6382978723404256,2023-12-31,,,4700000.0,EUR,2,0,,2023-01-01
FI-3-2023-2023230729,FI-3,Ministry for Foreign Affairs of Finland,Bilateral,A02_sector,2,Implementation,TZ,9115200.0,0,0,,,1.0,2023-12-31,,,6700000.0,EUR,3,0,,2023-01-01
FI-3-2024-2024240132,FI-3,Ministry for Foreign Affairs of Finland,Bilateral,A02_sector,2,Implementation,NP,0,4785480.0,1,2024,2024,,2024-12-31,,,12500000.0,EUR,3,0,,2024-01-01
FI-3-2024-2024240259,FI-3,Ministry for Foreign Affairs of Finland,Bilateral,A02_sector,2,Implementation,MZ,0,4557600.0,1,2024,2024,,2024-12-31,,,4000000.0,EUR,1,0,,2024-01-01
FI-3-2024-2024240349,FI-3,Ministry for Foreign Affairs of Finland,Bilateral,A02_sector,2,Implementation,PS,0,3418200.0,1,2024,2024,,2024-12-31,,,3000000.0,EUR,1,0,,2024-01-01
FI-3-2025-2025250181,FI-3,Ministry for Foreign Affairs of Finland,Bilateral,A02_sector,2,Implementation,PS,9115200.0,2278800.0,1,2025,2025,0.75,2025-12-31,,,8000000.0,EUR,3,0,,2025-01-01
FI-3-2025-2025250423,FI-3,Ministry for Foreign Affairs of Finland,Bilateral,A02_sector,2,Implementation,NP,0,4899420.0,1,2025,2025,,2025-12-31,,,8300000.0,EUR,2,0,,2025-01-01
GB-1-103985-101,GB-GOV-1,"UK - Foreign, Commonwealth Development Office (FCDO)",Bilateral,A02_sector,4,Closed,MZ,5876562.0,5876562.0,1,2014,2014,0.0,2016-12-31,2016-11-02,59,37940000.0,GBP,22,0,2007-02-01,2007-02-01
GB-1-103986-101,GB-GOV-1,"UK - Foreign, Commonwealth Development Office (FCDO)",Bilateral,A01_general,4,Closed,MZ,25676870.0,25676870.0,1,2014,2014,0.0,2014-06-01,2015-12-31,-578,347533000.0,GBP,24,0,2006-04-01,2006-04-01
GB-1-113707-102,GB-GOV-1,"UK - Foreign, Commonwealth Development Office (FCDO)",Bilateral,A02_sector,4,Closed,IN,6617750.0,6617750.0,1,2014,2014,0.0,2015-12-30,2017-09-30,-640,18999999.0,GBP,3,0,2007-05-01,2007-05-01
GB-1-113963-102,GB-GOV-1,"UK - Foreign, Commonwealth Development Office (FCDO)",Bilateral,A02_sector,4,Closed,IN,0,7279525.0,1,2014,2014,,2015-03-30,2016-09-30,-550,18500000.0,GBP,2,0,2007-06-01,2007-04-01
GB-1-114086-101,GB-GOV-1,"UK - Foreign, Commonwealth Development Office (FCDO)",Bilateral,A02_sector,4,Closed,MZ,5148602.88225,2647100.0,1,2015,2015,0.4858605216716217,2020-03-31,2023-09-30,-1278,17390049.0,GBP,21,0,2008-07-01,2008-07-01
GB-1-114506-106,GB-GOV-1,"UK - Foreign, Commonwealth Development Office (FCDO)",Bilateral,A02_sector,4,Closed,IN,0,26471000.0,1,2014,2014,,2016-03-30,2018-09-29,-913,46000000.0,GBP,2,0,2008-04-01,2008-01-01
GB-1-201375-102,GB-GOV-1,"UK - Foreign, Commonwealth Development Office (FCDO)",Bilateral,A02_sector,4,Closed,NP,28588680.0,39177080.0,1,2014,2014,-0.37037037037037035,2015-07-31,2016-11-22,-480,53600000.0,GBP,10,0,2010-07-01,2010-07-01
GB-1-201375-106,GB-GOV-1,"UK - Foreign, Commonwealth Development Office (FCDO)",Bilateral,A02_sector,4,Closed,NP,4500070.0,4500070.0,1,2014,2014,0.0,2015-07-31,2016-11-22,-480,3400000.0,GBP,1,0,2010-07-01,2010-07-01
GB-1-201564-101,GB-GOV-1,"UK - Foreign, Commonwealth Development Office (FCDO)",Bilateral,A01_general,4,Closed,ZM,8603075.0,0.0,0,,,1.0,2014-12-31,2016-06-30,-547,47700000.0,GBP,15,0,2011-01-01,2010-02-09
GB-1-201629-108,GB-GOV-1,"UK - Foreign, Commonwealth Development Office (FCDO)",Bilateral,A02_sector,4,Closed,GH,29708739.4817,30767579.336109497,4,2014,2017,-0.03564068596924894,2017-12-31,2019-10-16,-654,31596048.0,GBP,18,1,2010-06-01,2010-06-01
GB-1-202328-101,GB-GOV-1,"UK - Foreign, Commonwealth Development Office (FCDO)",Bilateral,A02_sector,4,Closed,PK,201565475.7083,201565475.099467,9,2014,2022,3.0205221555095143e-09,2022-03-31,2025-10-31,-1310,183600000.0,GBP,26,1,2011-07-26,2011-02-22
GB-1-202377-101,GB-GOV-1,"UK - Foreign, Commonwealth Development Office (FCDO)",Bilateral,A02_sector,4,Closed,RW,14629754.041000001,14629754.041000001,1,2014,2014,0.0,2015-06-30,2017-10-19,-842,72577570.0,GBP,10,0,2011-08-01,2011-04-06
GB-1-202462-101,GB-GOV-1,"UK - Foreign, Commonwealth Development Office (FCDO)",Bilateral,A02_sector,4,Closed,MZ,9092788.5,9041170.05,2,2014,2015,0.0056768558951964245,2016-12-31,2022-03-02,-1887,17370000.0,GBP,12,0,2012-03-01,2011-05-06
GB-1-202468-101,GB-GOV-1,"UK - Foreign, Commonwealth Development Office (FCDO)",Bilateral,A01_general,4,Closed,GH,13235500.0,13235500.0,1,2015,2015,0.0,2015-12-31,2017-09-30,-639,58420909.0,GBP,10,0,2012-03-01,2011-05-09
GB-1-202697-101,GB-GOV-1,"UK - Foreign, Commonwealth Development Office (FCDO)",Bilateral,A02_sector,4,Closed,PK,143869763.2334,143869763.2334,7,2014,2021,0.0,2022-03-31,2025-10-31,-1310,174500000.0,GBP,22,1,2012-04-10,2011-07-01
GB-1-202893-104,GB-GOV-1,"UK - Foreign, Commonwealth Development Office (FCDO)",Bilateral,A02_sector,4,Closed,ET,4520043.69305,4520043.2033365,1,2015,2015,1.0834264744096115e-07,2018-03-30,2020-03-24,-725,3415090.0,GBP,2,0,2011-09-16,2011-09-16
GB-1-202990-101,GB-GOV-1,"UK - Foreign, Commonwealth Development Office (FCDO)",Bilateral,A02_sector,4,Closed,ET,73589380.0,73589380.0,1,2014,2014,0.0,2015-03-31,2016-10-31,-580,262600000.0,GBP,9,0,2011-10-31,2011-11-03
GB-1-202990-103,GB-GOV-1,"UK - Foreign, Commonwealth Development Office (FCDO)",Bilateral,A02_sector,4,Closed,ET,12441370.0,12441370.0,1,2014,2014,0.0,2015-03-31,2016-10-31,-580,9400000.0,GBP,1,0,2011-11-03,2011-11-03
GB-1-202991-102,GB-GOV-1,"UK - Foreign, Commonwealth Development Office (FCDO)",Bilateral,A02_sector,4,Closed,ET,0,108531100.0,1,2014,2014,,2015-07-07,2017-09-03,-789,234500000.0,GBP,10,0,2012-01-12,2011-11-03
GB-1-203001-101,GB-GOV-1,"UK - Foreign, Commonwealth Development Office (FCDO)",Bilateral,A02_sector,4,Closed,ZM,33295779.691,41236455.3857005,4,2014,2020,-0.2384889547081819,2018-09-30,2024-03-23,-2001,31155949.0,GBP,16,1,2011-11-09,2011-11-09
GB-1-203100-104,GB-GOV-1,"UK - Foreign, Commonwealth Development Office (FCDO)",Bilateral,A02_sector,4,Closed,NP,5588053.24745,5558908.67645,7,2014,2021,0.005215514188827584,2020-12-31,2022-09-30,-638,4902020.0,GBP,15,1,2013-09-02,2012-01-10
GB-1-203213-101,GB-GOV-1,"UK - Foreign, Commonwealth Development Office (FCDO)",Bilateral,A01_general,4,Closed,TZ,15551712.5,15551712.5,1,2014,2014,0.0,2015-04-30,2016-12-06,-586,107750000.0,GBP,11,0,2012-04-30,2012-02-13
GB-1-203213-102,GB-GOV-1,"UK - Foreign, Commonwealth Development Office (FCDO)",Bilateral,A02_sector,4,Closed,TZ,31765200.0,31765200.0,2,2014,2015,0.0,2015-04-30,2016-12-06,-586,78000000.0,GBP,7,0,2012-04-30,2012-02-13
GB-1-203396-102,GB-GOV-1,"UK - Foreign, Commonwealth Development Office (FCDO)",Bilateral,A02_sector,4,Closed,ET,39706500.0,39706500.0,1,2014,2014,0.0,2018-06-30,2021-01-01,-916,30000000.0,GBP,8,0,2013-10-18,2012-05-02
GB-1-203413-102,GB-GOV-1,"UK - Foreign, Commonwealth Development Office (FCDO)",Bilateral,A02_sector,4,Closed,NP,7941300.0,7941300.0,1,2016,2016,0.0,2017-03-31,2019-02-28,-699,6000000.0,GBP,4,0,2015-07-15,2012-05-09
GB-1-203536-101,GB-GOV-1,"UK - Foreign, Commonwealth Development Office (FCDO)",Bilateral,A02_sector,4,Closed,GH,7941300.0,7941300.0,1,2014,2014,0.0,2017-03-31,2021-06-15,-1537,14000000.0,GBP,9,0,2012-08-01,2012-07-03
GB-1-203536-113,GB-GOV-1,"UK - Foreign, Commonwealth Development Office (FCDO)",Bilateral,A02_sector,4,Closed,GH,12435174.46245,12435174.46245,3,2016,2018,0.0,2018-07-31,2021-06-15,-1050,9395319.0,GBP,5,1,2016-07-20,2016-07-20
GB-1-203585-101,GB-GOV-1,"UK - Foreign, Commonwealth Development Office (FCDO)",Bilateral,A01_general,4,Closed,SL,0,32680005.9948,2,2014,2015,,2016-12-31,2018-06-30,-546,42500000.0,GBP,14,0,2013-01-01,2012-08-09
GB-1-203766-109,GB-GOV-1,"UK - Foreign, Commonwealth Development Office (FCDO)",Bilateral,A02_sector,4,Closed,ET,6617750.0,6617750.0,1,2014,2014,0.0,2018-04-30,2021-06-20,-1147,5000000.0,GBP,2,0,2012-12-12,2012-11-26
GB-1-203766-111,GB-GOV-1,"UK - Foreign, Commonwealth Development Office (FCDO)",Bilateral,A02_sector,4,Closed,ET,19853250.0,19853250.0,1,2014,2014,0.0,2018-04-30,2021-06-20,-1147,15000000.0,GBP,2,0,2012-12-12,2012-11-26
GB-1-203766-112,GB-GOV-1,"UK - Foreign, Commonwealth Development Office (FCDO)",Bilateral,A02_sector,4,Closed,ET,590581.2455,590581.2455,3,2015,2018,0.0,2018-04-30,2021-06-20,-1147,446210.0,GBP,3,1,2015-01-01,2012-11-26
GB-1-203811-101,GB-GOV-1,"UK - Foreign, Commonwealth Development Office (FCDO)",Bilateral,A02_sector,4,Closed,MW,0,-1323550.0,1,2014,2014,,2016-03-31,2017-12-30,-639,3500938.0,GBP,7,0,2013-01-23,2013-01-23
GB-1-204024-107,GB-GOV-1,"UK - Foreign, Commonwealth Development Office (FCDO)",Bilateral,A01_general,4,Closed,PK,119119500.0,119119500.0,2,2015,2016,0.0,2017-09-30,2021-09-30,-1461,90000000.0,GBP,3,0,2013-06-04,2013-06-04
GB-1-204179-101,GB-GOV-1,"UK - Foreign, Commonwealth Development Office (FCDO)",Bilateral,A02_sector,4,Closed,MZ,43015375.0,43015375.0,2,2014,2015,0.0,2018-12-31,2020-09-29,-638,32500000.0,GBP,4,0,2014-12-08,2013-08-14
GB-1-204288-102,GB-GOV-1,"UK - Foreign, Commonwealth Development Office (FCDO)",Bilateral,A02_sector,4,Closed,TZ,4798240.66755,4849048.3505265005,1,2015,2015,-0.010588815046337125,2018-03-31,2022-09-26,-1640,3663668.0,GBP,5,0,2013-11-21,2013-09-24
GB-1-205145-102,GB-GOV-1,"UK - Foreign, Commonwealth Development Office (FCDO)",Bilateral,A02_sector,4,Closed,NP,18472932.9405,12295207.7264,6,2018,2023,0.3344203778575937,2022-12-31,,,9289567.0,GBP,15,1,2016-07-16,2016-05-11
GB-1-205145-104,GB-GOV-1,"UK - Foreign, Commonwealth Development Office (FCDO)",Bilateral,A02_sector,4,Closed,NP,75846380.84365,75213749.09109999,9,2016,2024,0.008340961632093103,2024-07-31,,,60127283.0,GBP,21,1,2016-07-16,2016-05-14
GB-GOR-PB57-4,GB-GOR-PB57,EN: Marine Management Organisation,Bilateral,A01_general,2,Implementation,MV,,,,,,,2026-03-31,,,167419.0,GBP,2,0,,2024-04-01
GB-GOR-PB57-5,GB-GOR-PB57,EN: Marine Management Organisation,Bilateral,A01_general,2,Implementation,MZ,,,,,,,2026-03-31,,,20869.0,GBP,2,0,,2024-04-01
GB-GOR-PB57-6,GB-GOR-PB57,EN: Marine Management Organisation,Bilateral,A01_general,2,Implementation,SN,,,,,,,2026-03-31,,,340425.0,GBP,2,0,2024-04-01,
GB-GOR-PB57-7,GB-GOR-PB57,EN: Marine Management Organisation,Bilateral,A01_general,2,Implementation,SB,,,,,,,2026-03-31,,,102277.0,GBP,2,0,,2024-04-01
GB-GOR-PB57-8,GB-GOR-PB57,EN: Marine Management Organisation,Bilateral,A01_general,2,Implementation,LK,,,,,,,2026-03-31,,,365393.0,GBP,2,0,,2024-04-01
GB-GOR-PB57-9,GB-GOR-PB57,EN: Marine Management Organisation,Bilateral,A01_general,2,Implementation,VU,,,,,,,2026-03-31,,,25981.0,GBP,2,0,,2024-04-01
GB-GOR-PB57-Ghana,GB-GOR-PB57,EN: Marine Management Organisation,Bilateral,A01_general,2,Implementation,GH,,,,,,,2026-03-31,,,138586.0,GBP,2,0,,2024-04-01
GB-GOV-1-301596-404,GB-GOV-1,"UK - Foreign, Commonwealth Development Office (FCDO)",Bilateral,A02_sector,2,Implementation,NP,6617750.0,1323550.0,1,2026,2026,0.8,2030-03-31,,,2000000.0,GBP,3,0,2024-05-10,2024-05-10
GB-GOV-28-MHRA-GAMRIF,GB-GOV-28,EN: Medicines and Healthcare products Regulatory Agency (MHRA),Multilateral,A01_general,2,Implementation,GB,226384.16228499997,0,0,,,1.0,2027-03-31,,,1256820.0,GBP,3,0,2024-04-01,2024-09-01
GB-GOV-3-PSA-NPK-200029,GB-GOV-1,"UK - Foreign, Commonwealth and Development Office",Bilateral,A01_general,4,Closed,NP,,,,,,,2016-02-17,,,,,,0,,2016-02-15
KR-GOV-021-12ED00015,KR-GOV-010,Office for Government Policy Coordination,Bilateral,A02_sector,1,Pipeline/identification,VN,,,,,,,2012-12-31,,,0.0,KRW,1,0,2012-12-21,
KR-GOV-021-13ED00017,KR-GOV-010,Office for Government Policy Coordination,Bilateral,A02_sector,1,Pipeline/identification,VN,,,,,,,2013-12-27,,,0.0,KRW,1,0,2013-12-25,
KR-GOV-021-14ED00021,KR-GOV-010,Office for Government Policy Coordination,Bilateral,A02_sector,1,Pipeline/identification,VN,,,,,,,2017-12-31,,,0.0,KRW,1,0,2015-03-19,
KR-GOV-021-18ED00038,KR-GOV-010,Office for Government Policy Coordination,Bilateral,A02_sector,1,Pipeline/identification,CO,,,,,,,2022-01-20,,,0.0,KRW,1,0,2019-01-20,
KR-GOV-021-19ED00043,KR-GOV-010,Office for Government Policy Coordination,Bilateral,A02_sector,1,Pipeline/identification,HN,,,,,,,2022-10-20,,,0.0,KRW,1,0,2019-10-20,
KR-GOV-021-20ED00021,KR-GOV-010,Office for Government Policy Coordination,Bilateral,A02_sector,1,Pipeline/identification,PY,,,,,,,2021-05-20,,,0.0,KRW,1,0,2020-05-20,
KR-GOV-021-20ED00023,KR-GOV-010,Office for Government Policy Coordination,Bilateral,A02_sector,1,Pipeline/identification,ET,,,,,,,2021-12-31,,,0.0,KRW,1,0,2020-06-30,
KR-GOV-021-20ED00026,KR-GOV-010,Office for Government Policy Coordination,Bilateral,A02_sector,1,Pipeline/identification,BD,0,640609.1534219916,1,2026,2026,,2020-12-31,,,0.0,KRW,1,0,2020-10-26,
KR-GOV-021-20ED00029,KR-GOV-010,Office for Government Policy Coordination,Bilateral,A02_sector,1,Pipeline/identification,PH,,,,,,,2022-12-21,,,0.0,KRW,1,0,2020-12-21,
KR-GOV-021-20ED00032,KR-GOV-010,Office for Government Policy Coordination,Bilateral,A02_sector,1,Pipeline/identification,GH,0,1328055.763866364,1,2026,2026,,2021-12-31,,,0.0,KRW,1,0,2021-01-01,
KR-GOV-021-20ED00033,KR-GOV-010,Office for Government Policy Coordination,Bilateral,A02_sector,1,Pipeline/identification,KH,,,,,,,2022-12-10,,,0.0,KRW,1,0,2020-12-10,
KR-GOV-021-20ED00045,KR-GOV-010,Office for Government Policy Coordination,Bilateral,A02_sector,1,Pipeline/identification,TZ,,,,,,,2022-12-29,,,0.0,KRW,1,0,2020-12-29,
KR-GOV-021-21ED00001,KR-GOV-010,Office for Government Policy Coordination,Bilateral,A02_sector,1,Pipeline/identification,ID,,,,,,,2024-06-30,,,0.0,KRW,1,0,2023-07-01,
KR-GOV-021-21ED00012,KR-GOV-010,Office for Government Policy Coordination,Bilateral,A02_sector,1,Pipeline/identification,CO,,,,,,,2021-12-31,,,0.0,KRW,1,0,2020-01-01,
KR-GOV-021-21ED00015,KR-GOV-010,Office for Government Policy Coordination,Bilateral,A02_sector,1,Pipeline/identification,DO,,,,,,,2025-06-20,,,0.0,KRW,1,0,2021-12-30,
KR-GOV-021-21ED00017,KR-GOV-010,Office for Government Policy Coordination,Bilateral,A02_sector,1,Pipeline/identification,DO,,,,,,,2023-12-31,,,0.0,KRW,1,0,2020-01-01,
KR-GOV-021-21ED00020,KR-GOV-010,Office for Government Policy Coordination,Bilateral,A02_sector,1,Pipeline/identification,BD,,,,,,,2022-06-30,,,0.0,KRW,1,0,2021-12-29,
KR-GOV-021-21ED00028,KR-GOV-010,Office for Government Policy Coordination,Bilateral,A02_sector,1,Pipeline/identification,ID,,,,,,,2022-10-31,,,0.0,KRW,1,0,2019-07-01,
KR-GOV-021-21ED00037,KR-GOV-010,Office for Government Policy Coordination,Bilateral,A02_sector,1,Pipeline/identification,PH,,,,,,,2023-12-31,,,0.0,KRW,1,0,2021-12-31,
KR-GOV-021-22ED00001,KR-GOV-010,Office for Government Policy Coordination,Bilateral,A02_sector,1,Pipeline/identification,IN,,,,,,,2025-03-31,,,0.0,KRW,1,0,2024-09-01,
KR-GOV-021-23ED00011,KR-GOV-010,Office for Government Policy Coordination,Bilateral,A02_sector,1,Pipeline/identification,EC,,,,,,,2023-12-31,,,0.0,KRW,1,0,2023-07-01,
KR-GOV-021-23ED00043,KR-GOV-010,Office for Government Policy Coordination,Bilateral,A02_sector,1,Pipeline/identification,BD,,,,,,,2030-12-31,,,0.0,KRW,1,0,2026-12-31,
KR-GOV-021-24ED00011,KR-GOV-010,Office for Government Policy Coordination,Bilateral,A02_sector,1,Pipeline/identification,EG,,,,,,,2025-12-31,,,0.0,KRW,1,0,2025-07-31,
KR-GOV-021-24ED00020,KR-GOV-010,Office for Government Policy Coordination,Bilateral,A02_sector,1,Pipeline/identification,BD,,,,,,,2024-06-30,,,0.0,KRW,1,0,2024-06-27,
KR-GOV-021-24ED00021,KR-GOV-010,Office for Government Policy Coordination,Bilateral,A02_sector,1,Pipeline/identification,EC,,,,,,,2026-12-31,,,0.0,KRW,1,0,2024-08-01,
KR-GOV-021-24ED00027,KR-GOV-010,Office for Government Policy Coordination,Bilateral,A02_sector,1,Pipeline/identification,UA,,,,,,,2024-12-31,,,0.0,KRW,1,0,2022-12-20,
KR-GOV-021-24ED00043,KR-GOV-010,Office for Government Policy Coordination,Bilateral,A02_sector,1,Pipeline/identification,CO,,,,,,,2026-12-31,,,0.0,KRW,1,0,2024-12-01,
KR-GOV-021-24ED00044,KR-GOV-010,Office for Government Policy Coordination,Bilateral,A02_sector,1,Pipeline/identification,KH,,,,,,,2026-12-24,,,0.0,KRW,1,0,2024-12-24,
NL-1-PPR-26891,XM-DAC-7,EN: Ministry of Foreign Affairs of the Netherlands,Bilateral,A02_sector,4,Closed,RW,22788000.0,22788000.0,4,2014,2017,0.0,2018-06-30,2017-11-23,219,20000000.0,,7,1,2014-10-27,2014-01-01
NO-BRC-971277882-NPL-07/010,NO-BRC-971277882,Norad - Norwegian Agency for Development Cooperation,Bilateral,A02_sector,4,Closed,NP,12793778.395640042,10223384.306970092,5,2014,2025,0.20090969291338578,2014-12-31,2025-01-13,-3666,320484469.0,NOK,10,1,2009-01-01,2009-11-27
NO-BRC-971277882-NPL-20/0002,NO-BRC-971277882,Norad - Norwegian Agency for Development Cooperation,Bilateral,A02_sector,3,Finalisation,NP,19643990.449998487,19643990.44999849,4,2022,2025,-1.896402010550866e-16,2025-12-31,,,195000000.0,NOK,4,1,2022-01-01,2022-12-02
NO-BRC-971277882-PAL-24/0005,NO-BRC-971277882,Norad - Norwegian Agency for Development Cooperation,Bilateral,A02_sector,2,Implementation,PS,30423000.594356634,30423000.594356634,1,2024,2024,0.0,2025-12-31,,,302000000.0,NOK,1,0,2024-01-01,2024-05-20
NO-BRC-971277882-PAL-25/0011,NO-BRC-971277882,Norad - Norwegian Agency for Development Cooperation,Bilateral,A02_sector,3,Finalisation,PS,34251060.27179223,34251060.27179223,1,2025,2025,0.0,2025-12-31,,,340000000.0,NOK,1,0,2025-01-01,2025-07-30
NO-BRC-971277882-PAL-26/0002,NO-BRC-971277882,Norad - Norwegian Agency for Development Cooperation,Bilateral,A02_sector,2,Implementation,PS,10073841.256409481,10073841.256409481,1,2026,2026,0.0,2026-12-31,,,100000000.0,NOK,1,0,2026-01-01,2026-04-30
NZ-1-ACT-0100022,NZ-1,New Zealand Ministry of Foreign Affairs and Trade,Bilateral,A01_general,4,Closed,NU,,,,,,,2021-10-01,2021-12-11,-71,,,,0,2017-06-29,2017-07-06
NZ-1-ACT-0100023,NZ-1,New Zealand Ministry of Foreign Affairs and Trade,Bilateral,A01_general,4,Closed,KI,,,,,,,2021-10-29,2023-06-21,-600,,,,0,2018-01-09,2017-06-30
NZ-1-ACT-0100035,NZ-1,New Zealand Ministry of Foreign Affairs and Trade,Bilateral,A02_sector,2,Implementation,VU,,,,,,,2027-03-31,,,,,,0,2018-06-28,2018-10-19
NZ-1-ACT-0100039,NZ-1,New Zealand Ministry of Foreign Affairs and Trade,Bilateral,A02_sector,4,Closed,NU,,,,,,,2022-03-30,2023-04-20,-386,,,,0,2015-07-01,2017-10-16
NZ-1-ACT-0100067,NZ-1,New Zealand Ministry of Foreign Affairs and Trade,Bilateral,A01_general,4,Closed,TK,,,,,,,2019-02-13,2019-02-13,0,,,,0,2017-09-04,2017-09-04
NZ-1-ACT-0100092,NZ-1,New Zealand Ministry of Foreign Affairs and Trade,Bilateral,A02_sector,4,Closed,NR,,,,,,,2022-11-01,2025-06-25,-967,,,,0,2017-07-01,2017-12-20
NZ-1-ACT-0100220,NZ-1,New Zealand Ministry of Foreign Affairs and Trade,Bilateral,A01_general,4,Closed,NR,,,,,,,2018-09-28,2018-09-28,0,,,,0,2018-03-14,2018-03-14
NZ-1-ACT-0100238,NZ-1,New Zealand Ministry of Foreign Affairs and Trade,Bilateral,A01_general,4,Closed,WS,,,,,,,2020-08-31,2022-01-13,-500,,,,0,2018-05-31,2018-05-23
NZ-1-ACT-0100239,NZ-1,New Zealand Ministry of Foreign Affairs and Trade,Bilateral,A01_general,4,Closed,SB,,,,,,,2021-11-30,2025-01-28,-1155,,,,0,2018-08-09,2018-06-18
NZ-1-ACT-0100252,NZ-1,New Zealand Ministry of Foreign Affairs and Trade,Bilateral,A02_sector,4,Closed,TO,,,,,,,2020-07-31,2022-02-04,-553,,,,0,2018-05-01,2018-05-16
NZ-1-ACT-0100272,NZ-1,New Zealand Ministry of Foreign Affairs and Trade,Bilateral,A01_general,4,Closed,WS,,,,,,,2020-07-31,2022-01-13,-531,,,,0,2018-06-14,2018-06-22
NZ-1-ACT-0100310,NZ-1,New Zealand Ministry of Foreign Affairs and Trade,Bilateral,A01_general,4,Closed,TK,,,,,,,2020-06-05,2020-08-14,-70,,,,0,2018-07-01,2018-08-03
NZ-1-ACT-0100378,NZ-1,New Zealand Ministry of Foreign Affairs and Trade,Bilateral,A01_general,4,Closed,FJ,,,,,,,2024-12-31,2024-09-24,98,,,,0,2019-06-01,2019-06-21
NZ-1-ACT-0100385,NZ-1,New Zealand Ministry of Foreign Affairs and Trade,Bilateral,A02_sector,3,Finalisation,WS,,,,,,,2025-08-01,,,,,,0,2020-06-16,2020-06-22
NZ-1-ACT-0100432,NZ-1,New Zealand Ministry of Foreign Affairs and Trade,Bilateral,A01_general,4,Closed,NR,,,,,,,2021-06-30,2025-03-20,-1359,,,,0,2019-11-29,2019-11-18
NZ-1-ACT-0100448,NZ-1,New Zealand Ministry of Foreign Affairs and Trade,Bilateral,A01_general,2,Implementation,NR,2258738.4945507934,0,0,,,1.0,2033-12-31,,,4000000.0,,4,0,2019-05-28,2019-06-04
NZ-1-ACT-0100483,NZ-1,New Zealand Ministry of Foreign Affairs and Trade,Bilateral,A01_general,4,Closed,TK,,,,,,,2020-12-21,2020-12-01,20,,,,0,2019-07-01,2019-08-19
NZ-1-ACT-0100484,NZ-1,New Zealand Ministry of Foreign Affairs and Trade,Bilateral,A01_general,4,Closed,TK,,,,,,,2021-12-23,2021-10-28,56,,,,0,2020-07-01,2020-06-12
NZ-1-ACT-0100487,NZ-1,New Zealand Ministry of Foreign Affairs and Trade,Bilateral,A01_general,4,Closed,WS,,,,,,,2022-03-31,2023-03-22,-356,,,,0,2020-01-24,2020-01-24
NZ-1-ACT-0100512,NZ-1,New Zealand Ministry of Foreign Affairs and Trade,Bilateral,A02_sector,4,Closed,CK,,,,,,,2022-03-31,2023-03-21,-355,,,,0,2019-06-07,2019-06-12
NZ-1-ACT-0100546,NZ-1,New Zealand Ministry of Foreign Affairs and Trade,Bilateral,A01_general,4,Closed,TV,,,,,,,2019-05-31,2019-09-17,-109,,,,0,2019-05-31,2019-05-02
NZ-1-ACT-0100637,NZ-1,New Zealand Ministry of Foreign Affairs and Trade,Bilateral,A02_sector,4,Closed,CK,,,,,,,2021-10-15,2021-10-04,11,,,,0,2018-12-17,2018-12-17
NZ-1-ACT-0100787,NZ-1,New Zealand Ministry of Foreign Affairs and Trade,Bilateral,A02_sector,2,Implementation,NU,0.0,0,0,,,,2026-12-31,,,,,,0,2019-06-14,2019-06-17
NZ-1-ACT-0100978,NZ-1,New Zealand Ministry of Foreign Affairs and Trade,Bilateral,A02_sector,4,Closed,TO,,,,,,,2019-07-31,2019-08-14,-14,,,,0,2019-03-19,2019-03-21
NZ-1-ACT-0100986,NZ-1,New Zealand Ministry of Foreign Affairs and Trade,Bilateral,A02_sector,2,Implementation,WS,,,,,,,2027-12-31,,,,,,0,2019-06-03,2019-05-14
NZ-1-ACT-0101038,NZ-1,New Zealand Ministry of Foreign Affairs and Trade,Bilateral,A01_general,4,Closed,TO,,,,,,,2022-03-31,2022-10-26,-209,,,,0,2020-01-30,2020-07-03
NZ-1-ACT-0101071,NZ-1,New Zealand Ministry of Foreign Affairs and Trade,Bilateral,A01_general,4,Closed,TV,,,,,,,2021-12-31,2022-05-02,-122,,,,0,2019-06-20,2019-06-14
NZ-1-ACT-0101084,NZ-1,New Zealand Ministry of Foreign Affairs and Trade,Bilateral,A02_sector,4,Closed,CK,,,,,,,2026-03-20,2026-01-16,63,,,,0,2019-12-17,2020-06-10
NZ-1-ACT-0101117,NZ-1,New Zealand Ministry of Foreign Affairs and Trade,Bilateral,A01_general,2,Implementation,KI,,,,,,,2026-02-27,,,,,,0,2019-06-11,2019-06-21
NZ-1-ACT-0101175,NZ-1,New Zealand Ministry of Foreign Affairs and Trade,Bilateral,A02_sector,2,Implementation,SB,,,,,,,2028-03-31,,,,,,0,2019-09-01,2019-11-13
NZ-1-ACT-0101219,NZ-1,New Zealand Ministry of Foreign Affairs and Trade,Bilateral,A01_general,4,Closed,NU,,,,,,,2021-09-30,2021-10-02,-2,,,,0,2020-06-30,2020-06-12
NZ-1-ACT-0101221,NZ-1,New Zealand Ministry of Foreign Affairs and Trade,Bilateral,A02_sector,4,Closed,NU,,,,,,,2021-09-30,2022-03-24,-175,,,,0,2020-06-30,2020-06-30
NZ-1-ACT-0101236,NZ-1,New Zealand Ministry of Foreign Affairs and Trade,Bilateral,A02_sector,2,Implementation,CK,,,,,,,2034-09-30,,,,,,0,2019-12-30,2019-12-18
NZ-1-ACT-0101323,NZ-1,New Zealand Ministry of Foreign Affairs and Trade,Bilateral,A02_sector,2,Implementation,KI,288101.75616917957,0,0,,,1.0,2030-07-31,,,510199.4,,5,0,2021-11-30,2021-12-17
NZ-1-ACT-0101351,NZ-1,New Zealand Ministry of Foreign Affairs and Trade,Bilateral,A01_general,2,Implementation,FJ,0.0,0,0,,,,2027-07-31,,,,,,0,2022-07-31,2022-07-19
NZ-1-ACT-0101435,NZ-1,New Zealand Ministry of Foreign Affairs and Trade,Bilateral,A02_sector,4,Closed,TO,,,,,,,2020-12-31,2020-04-28,247,,,,0,2019-11-15,2019-11-20
NZ-1-ACT-0101567,NZ-1,New Zealand Ministry of Foreign Affairs and Trade,Bilateral,A02_sector,2,Implementation,FJ,,,,,,,2028-03-31,,,,,,0,2020-09-01,2020-07-13
NZ-1-ACT-0101650,NZ-1,New Zealand Ministry of Foreign Affairs and Trade,Bilateral,A01_general,4,Closed,PG,,,,,,,2028-12-31,2024-08-14,1600,,,,0,2024-07-17,2023-10-26
NZ-1-ACT-0101654,NZ-1,New Zealand Ministry of Foreign Affairs and Trade,Bilateral,A01_general,2,Implementation,PG,32415.91281269411,0,0,,,1.0,2027-06-30,,,57405.34,,2,0,2020-10-26,2020-10-21
NZ-1-ACT-0101736,NZ-1,New Zealand Ministry of Foreign Affairs and Trade,Bilateral,A02_sector,4,Closed,KI,,,,,,,2021-10-31,2024-02-01,-823,,,,0,2020-09-30,2020-11-23
NZ-1-ACT-0101770,NZ-1,New Zealand Ministry of Foreign Affairs and Trade,Bilateral,A01_general,3,Finalisation,VU,,,,,,,2022-07-31,,,,,,0,2020-03-20,2020-03-27
NZ-1-ACT-0101771,NZ-1,New Zealand Ministry of Foreign Affairs and Trade,Bilateral,A01_general,3,Finalisation,TK,,,,,,,2022-03-31,,,,,,0,2020-03-20,2020-03-27
NZ-1-ACT-0101772,NZ-1,New Zealand Ministry of Foreign Affairs and Trade,Bilateral,A01_general,4,Closed,TO,,,,,,,2021-06-30,2025-10-22,-1575,,,,0,2020-03-20,2020-03-27
NZ-1-ACT-0101773,NZ-1,New Zealand Ministry of Foreign Affairs and Trade,Bilateral,A01_general,4,Closed,TV,,,,,,,2022-02-28,2022-10-25,-239,,,,0,2020-03-20,2020-03-27
NZ-1-ACT-0101774,NZ-1,New Zealand Ministry of Foreign Affairs and Trade,Bilateral,A01_general,4,Closed,KI,,,,,,,2022-06-30,2022-07-28,-28,,,,0,2020-03-20,2020-03-27
NZ-1-ACT-0101775,NZ-1,New Zealand Ministry of Foreign Affairs and Trade,Bilateral,A01_general,3,Finalisation,FJ,,,,,,,2022-03-31,,,,,,0,2020-03-20,2020-03-27
NZ-1-ACT-0101776,NZ-1,New Zealand Ministry of Foreign Affairs and Trade,Bilateral,A01_general,4,Closed,CK,,,,,,,2022-12-30,2026-01-16,-1113,,,,0,2020-03-20,2020-03-27
NZ-1-ACT-0101777,NZ-1,New Zealand Ministry of Foreign Affairs and Trade,Bilateral,A01_general,4,Closed,SB,,,,,,,2022-06-30,2025-11-06,-1225,,,,0,2020-03-20,2020-03-27
NZ-1-ACT-0101778,NZ-1,New Zealand Ministry of Foreign Affairs and Trade,Bilateral,A01_general,3,Finalisation,PG,,,,,,,2025-12-30,,,,,,0,2024-06-09,2020-03-27
NZ-1-ACT-0101779,NZ-1,New Zealand Ministry of Foreign Affairs and Trade,Bilateral,A01_general,4,Closed,NR,,,,,,,2020-06-30,2020-12-04,-157,,,,0,2020-03-20,2020-03-27
NZ-1-ACT-0101780,NZ-1,New Zealand Ministry of Foreign Affairs and Trade,Bilateral,A01_general,4,Closed,NU,,,,,,,2022-12-30,2025-08-28,-972,,,,0,2020-03-20,2020-03-27
NZ-1-ACT-0101781,NZ-1,New Zealand Ministry of Foreign Affairs and Trade,Bilateral,A01_general,3,Finalisation,WS,,,,,,,2022-06-30,,,,,,0,2020-03-20,2020-03-27
NZ-1-ACT-0101785,NZ-1,New Zealand Ministry of Foreign Affairs and Trade,Bilateral,A02_sector,4,Closed,NU,,,,,,,2020-12-31,2022-05-11,-496,,,,0,2020-03-27,2020-04-17
NZ-1-ACT-0101786,NZ-1,New Zealand Ministry of Foreign Affairs and Trade,Bilateral,A02_sector,4,Closed,SB,,,,,,,2020-12-31,2026-02-24,-1881,,,,0,2020-03-27,2020-03-27
NZ-1-ACT-0101794,NZ-1,New Zealand Ministry of Foreign Affairs and Trade,Bilateral,A02_sector,4,Closed,VU,,,,,,,2021-12-31,2026-02-24,-1516,,,,0,2020-03-27,2020-04-07
NZ-1-ACT-0101827,NZ-1,New Zealand Ministry of Foreign Affairs and Trade,Bilateral,A02_sector,4,Closed,KI,,,,,,,2021-05-31,2022-07-28,-423,,,,0,2020-05-14,2020-05-19
NZ-1-ACT-0101853,NZ-1,New Zealand Ministry of Foreign Affairs and Trade,Bilateral,A01_general,2,Implementation,SB,44079.28172115873,0,0,,,1.0,2027-06-30,,,78060.0,,4,0,2020-07-31,2021-03-17
NZ-1-ACT-0102028,NZ-1,New Zealand Ministry of Foreign Affairs and Trade,Bilateral,A01_general,2,Implementation,NR,0.0,0,0,,,,2026-12-30,,,,,,0,2020-11-30,2020-12-03
NZ-1-ACT-0102044,NZ-1,New Zealand Ministry of Foreign Affairs and Trade,Bilateral,A01_general,4,Closed,PW,,,,,,,2025-01-31,2025-01-22,9,,,,0,2021-04-09,2021-04-08
NZ-1-ACT-0102087,NZ-1,New Zealand Ministry of Foreign Affairs and Trade,Bilateral,A01_general,4,Closed,TK,,,,,,,2022-09-30,2024-08-19,-689,,,,0,2021-07-01,2021-06-09
NZ-1-ACT-0102089,NZ-1,New Zealand Ministry of Foreign Affairs and Trade,Bilateral,A02_sector,2,Implementation,KI,,,,,,,2026-12-31,,,,,,0,2021-01-31,2020-12-17
NZ-1-ACT-0102252,NZ-1,New Zealand Ministry of Foreign Affairs and Trade,Bilateral,A02_sector,2,Implementation,KI,,,,,,,2026-07-31,,,,,,0,2020-11-30,2021-01-14
NZ-1-ACT-0102283,NZ-1,New Zealand Ministry of Foreign Affairs and Trade,Bilateral,A01_general,4,Closed,SB,,,,,,,2024-12-31,2026-01-06,-371,,,,0,2020-11-10,2021-06-11
NZ-1-ACT-0102435,NZ-1,New Zealand Ministry of Foreign Affairs and Trade,Bilateral,A01_general,4,Closed,TV,,,,,,,2025-01-27,2026-01-16,-354,,,,0,2021-01-12,2021-12-13
NZ-1-ACT-0102464,NZ-1,New Zealand Ministry of Foreign Affairs and Trade,Bilateral,A02_sector,4,Closed,TO,,,,,,,2024-11-29,2024-11-08,21,,,,0,2022-07-01,2021-04-13
NZ-1-ACT-0102481,NZ-1,New Zealand Ministry of Foreign Affairs and Trade,Bilateral,A02_sector,4,Closed,VU,,,,,,,2022-02-01,2024-09-16,-958,,,,0,2021-03-28,2021-05-07
NZ-1-ACT-0102484,NZ-1,New Zealand Ministry of Foreign Affairs and Trade,Bilateral,A02_sector,4,Closed,PG,,,,,,,2025-01-31,2025-01-31,0,,,,0,2021-03-22,2022-08-10
NZ-1-ACT-0102518,NZ-1,New Zealand Ministry of Foreign Affairs and Trade,Bilateral,A01_general,2,Implementation,KI,5364.503924558135,0,0,,,1.0,2028-06-30,,,9500.0,,1,0,2023-07-01,2023-04-04
NZ-1-ACT-0102556,NZ-1,New Zealand Ministry of Foreign Affairs and Trade,Bilateral,A01_general,4,Closed,TK,,,,,,,2024-09-30,2024-12-06,-67,,,,0,2022-07-01,2022-06-13
NZ-1-ACT-0102575,NZ-1,New Zealand Ministry of Foreign Affairs and Trade,Bilateral,A01_general,2,Implementation,PW,0.0,0,0,,,,2028-10-15,,,,,,0,2026-04-01,2026-04-24
NZ-1-ACT-0102670,NZ-1,New Zealand Ministry of Foreign Affairs and Trade,Bilateral,A01_general,4,Closed,NU,,,,,,,2024-03-31,2024-10-11,-194,,,,0,2021-08-25,2021-09-03
NZ-1-ACT-0102671,NZ-1,New Zealand Ministry of Foreign Affairs and Trade,Bilateral,A01_general,4,Closed,CK,,,,,,,2025-10-31,2026-01-16,-77,,,,0,2021-07-27,2021-07-26
NZ-1-ACT-0102702,NZ-1,New Zealand Ministry of Foreign Affairs and Trade,Bilateral,A02_sector,2,Implementation,WS,,,,,,,2027-07-01,,,,,,0,2022-01-20,2022-01-20
NZ-1-ACT-0102727,NZ-1,New Zealand Ministry of Foreign Affairs and Trade,Bilateral,A02_sector,4,Closed,TV,,,,,,,2022-02-28,2022-08-17,-170,,,,0,2021-09-21,2021-09-21
NZ-1-ACT-0102733,NZ-1,New Zealand Ministry of Foreign Affairs and Trade,Bilateral,A01_general,4,Closed,TO,,,,,,,2024-10-31,2024-11-07,-7,,,,0,2022-03-25,2022-02-01
NZ-1-ACT-0102778,NZ-1,New Zealand Ministry of Foreign Affairs and Trade,Bilateral,A01_general,4,Closed,WS,,,,,,,2025-01-30,2025-02-24,-25,,,,0,2022-02-02,2022-05-11
NZ-1-ACT-0102806,NZ-1,New Zealand Ministry of Foreign Affairs and Trade,Bilateral,A01_general,2,Implementation,TV,0.0,0,0,,,,2027-09-30,,,,,,0,2025-05-16,2025-05-12
NZ-1-ACT-0102857,NZ-1,New Zealand Ministry of Foreign Affairs and Trade,Bilateral,A01_general,4,Closed,NU,,,,,,,2023-03-31,2022-12-30,91,,,,0,2022-03-06,2022-03-04
NZ-1-ACT-0102885,NZ-1,New Zealand Ministry of Foreign Affairs and Trade,Bilateral,A02_sector,2,Implementation,KI,823253.0860014682,0,0,,,1.0,2028-08-01,,,1457898.89,,10,0,2023-12-07,2023-12-19
NZ-1-ACT-0102932,NZ-1,New Zealand Ministry of Foreign Affairs and Trade,Bilateral,A02_sector,3,Finalisation,CK,,,,,,,2027-06-30,,,,,,0,2023-05-12,2023-05-12
NZ-1-ACT-0103028,NZ-1,New Zealand Ministry of Foreign Affairs and Trade,Bilateral,A02_sector,2,Implementation,TO,10767.73956745158,0,0,,,1.0,2029-01-31,,,19068.59,,1,0,2023-05-12,2023-05-12
NZ-1-ACT-0103194,NZ-1,New Zealand Ministry of Foreign Affairs and Trade,Bilateral,A02_sector,2,Implementation,WS,,,,,,,2029-03-31,,,,,,0,2023-09-25,2023-10-05
NZ-1-ACT-0103265,NZ-1,New Zealand Ministry of Foreign Affairs and Trade,Bilateral,A01_general,4,Closed,NU,,,,,,,2025-01-31,2025-08-26,-207,,,,0,2023-07-01,2023-06-14
NZ-1-ACT-0103305,NZ-1,New Zealand Ministry of Foreign Affairs and Trade,Bilateral,A02_sector,2,Implementation,FJ,,,,,,,2027-03-31,,,,,,0,2024-07-01,2023-03-24
NZ-1-ACT-0103329,NZ-1,New Zealand Ministry of Foreign Affairs and Trade,Bilateral,A01_general,2,Implementation,WS,0.0,0,0,,,,2028-08-07,,,,,,0,2025-04-21,2024-12-11
NZ-1-ACT-0103397,NZ-1,New Zealand Ministry of Foreign Affairs and Trade,Bilateral,A01_general,4,Closed,TO,,,,,,,2024-01-31,2024-12-19,-323,,,,0,2023-01-18,2023-05-23
NZ-1-ACT-0103398,NZ-1,New Zealand Ministry of Foreign Affairs and Trade,Bilateral,A01_general,4,Closed,CK,,,,,,,2025-10-31,2026-01-16,-77,,,,0,2023-05-01,2023-04-27
NZ-1-ACT-0103399,NZ-1,New Zealand Ministry of Foreign Affairs and Trade,Bilateral,A01_general,4,Closed,WS,,,,,,,2024-01-30,2024-08-27,-210,,,,0,2023-01-18,2023-05-01
NZ-1-ACT-0103441,NZ-1,New Zealand Ministry of Foreign Affairs and Trade,Bilateral,A01_general,2,Implementation,TO,0.0,0,0,,,,2026-12-01,,,,,,0,2025-06-12,2025-06-09
NZ-1-ACT-0103461,NZ-1,New Zealand Ministry of Foreign Affairs and Trade,Bilateral,A01_general,4,Closed,TK,,,,,,,2025-06-10,2024-12-19,173,,,,0,2023-04-20,2023-06-14
NZ-1-ACT-0103477,NZ-1,New Zealand Ministry of Foreign Affairs and Trade,Bilateral,A01_general,4,Closed,NU,,,,,,,2025-12-15,2026-05-05,-141,,,,0,2024-05-29,2024-05-29
NZ-1-ACT-0103491,NZ-1,New Zealand Ministry of Foreign Affairs and Trade,Bilateral,A01_general,4,Closed,NU,,,,,,,2025-03-31,2026-01-15,-290,,,,0,2023-04-04,2023-03-29
NZ-1-ACT-0103509,NZ-1,New Zealand Ministry of Foreign Affairs and Trade,Bilateral,A01_general,4,Closed,FJ,,,,,,,2025-04-30,2024-12-20,131,,,,0,2023-07-01,2023-06-14
NZ-1-ACT-0103520,NZ-1,New Zealand Ministry of Foreign Affairs and Trade,Bilateral,A01_general,4,Closed,TK,,,,,,,2024-09-30,2025-10-20,-385,,,,0,2023-03-31,2023-03-16
NZ-1-ACT-0103537,NZ-1,New Zealand Ministry of Foreign Affairs and Trade,Bilateral,A02_sector,3,Finalisation,FJ,,,,,,,2026-03-31,,,,,,0,2023-10-15,2023-10-18
NZ-1-ACT-0103562,NZ-1,New Zealand Ministry of Foreign Affairs and Trade,Bilateral,A02_sector,4,Closed,CK,,,,,,,2025-12-20,2026-01-16,-27,,,,0,2023-06-27,2023-06-14
NZ-1-ACT-0103689,NZ-1,New Zealand Ministry of Foreign Affairs and Trade,Bilateral,A02_sector,2,Implementation,TV,338810.774182619,0,0,,,1.0,2027-08-31,,,600000.0,,1,0,2024-02-29,2024-01-25
NZ-1-ACT-0103755,NZ-1,New Zealand Ministry of Foreign Affairs and Trade,Bilateral,A02_sector,1,Pipeline/identification,TO,39652.15427183918,0,0,,,1.0,2031-03-31,,,70220.0,,2,0,2027-01-31,2026-04-10
NZ-1-ACT-0103825,NZ-1,New Zealand Ministry of Foreign Affairs and Trade,Bilateral,A01_general,4,Closed,TK,,,,,,,2025-12-01,2026-05-20,-170,,,,0,2024-05-30,2024-05-27
NZ-1-ACT-0103908,NZ-1,New Zealand Ministry of Foreign Affairs and Trade,Bilateral,A02_sector,2,Implementation,VU,,,,,,,2027-06-30,,,,,,0,2024-06-20,2024-05-01
NZ-1-ACT-0103910,NZ-1,New Zealand Ministry of Foreign Affairs and Trade,Bilateral,A02_sector,2,Implementation,TV,5059102.360381727,0,0,,,1.0,2031-08-31,,,8959164.37,,6,0,2026-01-01,2025-10-21
NZ-1-ACT-0104008,NZ-1,New Zealand Ministry of Foreign Affairs and Trade,Bilateral,A01_general,4,Closed,TO,,,,,,,2024-07-31,2026-01-16,-534,,,,0,2024-06-30,2024-06-20
NZ-1-ACT-0104120,NZ-1,New Zealand Ministry of Foreign Affairs and Trade,Bilateral,A01_general,4,Closed,TO,,,,,,,2025-09-01,2025-09-22,-21,,,,0,2024-05-20,2024-05-07
NZ-1-ACT-0104124,NZ-1,New Zealand Ministry of Foreign Affairs and Trade,Bilateral,A02_sector,2,Implementation,SB,8854424.868710825,0,0,,,1.0,2036-12-31,,,15680301.0,,9,0,2025-08-01,2025-07-23
NZ-1-ACT-0104126,NZ-1,New Zealand Ministry of Foreign Affairs and Trade,Bilateral,A02_sector,2,Implementation,SB,2756356.65480829,0,0,,,1.0,2030-06-30,,,4881232.0,,8,0,2025-07-01,2025-06-18
NZ-1-ACT-0104218,NZ-1,New Zealand Ministry of Foreign Affairs and Trade,Bilateral,A01_general,4,Closed,TV,,,,,,,2024-12-31,2024-12-06,25,,,,0,2024-04-30,2024-03-11
NZ-1-ACT-0104283,NZ-1,New Zealand Ministry of Foreign Affairs and Trade,Bilateral,A01_general,2,Implementation,TK,,,,,,,2026-11-01,,,,,,0,2025-05-30,2025-06-05
NZ-1-ACT-0104284,NZ-1,New Zealand Ministry of Foreign Affairs and Trade,Bilateral,A01_general,2,Implementation,TK,8470269.354565475,0,0,,,1.0,2027-09-30,,,15000000.0,,2,0,2026-06-12,2026-06-10
NZ-1-ACT-0104285,NZ-1,New Zealand Ministry of Foreign Affairs and Trade,Bilateral,A01_general,2,Implementation,NU,,,,,,,2026-12-31,,,,,,0,2025-07-21,2025-07-23
NZ-1-ACT-0104327,NZ-1,New Zealand Ministry of Foreign Affairs and Trade,Bilateral,A02_sector,1,Pipeline/identification,WS,169229.77017335818,0,0,,,1.0,2032-07-30,,,299689.0,,2,0,2027-04-05,2025-06-18
NZ-1-ACT-0104329,NZ-1,New Zealand Ministry of Foreign Affairs and Trade,Bilateral,A01_general,3,Finalisation,TV,,,,,,,2025-07-31,,,,,,0,2024-06-07,2024-06-14
NZ-1-ACT-0104449,NZ-1,New Zealand Ministry of Foreign Affairs and Trade,Bilateral,A01_general,2,Implementation,VU,138347.7327912361,0,0,,,1.0,2027-12-31,,,245000.0,,2,0,2024-09-20,2024-09-23
NZ-1-ACT-0104505,NZ-1,New Zealand Ministry of Foreign Affairs and Trade,Bilateral,A01_general,4,Closed,WS,,,,,,,2025-12-26,2026-01-16,-21,,,,0,2024-10-23,2024-10-21
NZ-1-ACT-0104560,NZ-1,New Zealand Ministry of Foreign Affairs and Trade,Bilateral,A01_general,2,Implementation,TK,0.0,0,0,,,,2027-10-30,,,,,,0,2025-03-31,2025-03-11
NZ-1-ACT-0104703,NZ-1,New Zealand Ministry of Foreign Affairs and Trade,Bilateral,A01_general,3,Finalisation,NU,,,,,,,2025-10-31,,,,,,0,2025-04-20,2025-04-16
NZ-1-ACT-0104720,NZ-1,New Zealand Ministry of Foreign Affairs and Trade,Bilateral,A02_sector,2,Implementation,NU,847026.9354565475,0,0,,,1.0,2028-12-31,,,1500000.0,,1,0,2025-09-01,2025-08-14
NZ-1-ACT-0104800,NZ-1,New Zealand Ministry of Foreign Affairs and Trade,Bilateral,A02_sector,2,Implementation,FJ,,,,,,,2027-06-30,,,,,,0,2025-07-14,2025-06-25
NZ-1-ACT-0104876,NZ-1,New Zealand Ministry of Foreign Affairs and Trade,Bilateral,A02_sector,2,Implementation,FM,667327.8389519453,0,0,,,1.0,2029-12-31,,,1181770.87,,13,0,2026-04-17,2026-03-20
NZ-1-ACT-0105057,NZ-1,New Zealand Ministry of Foreign Affairs and Trade,Bilateral,A01_general,2,Implementation,TO,0.0,0,0,,,,2027-09-30,,,,,,0,2026-06-15,2026-06-17
NZ-1-ACT-0105129,NZ-1,New Zealand Ministry of Foreign Affairs and Trade,Bilateral,A02_sector,2,Implementation,WS,282342.3118188492,0,0,,,1.0,2027-07-20,,,500000.0,,1,0,2026-01-05,2025-12-23
NZ-1-ACT-0105157,NZ-1,New Zealand Ministry of Foreign Affairs and Trade,Bilateral,A01_general,2,Implementation,NU,,,,,,,2026-09-30,,,,,,0,2026-04-01,2026-03-24
NZ-1-ACT-0105177,NZ-1,New Zealand Ministry of Foreign Affairs and Trade,Bilateral,A01_general,2,Implementation,FJ,0.0,0,0,,,,2028-03-31,,,,,,0,2026-07-01,2026-05-18
NZ-1-ACT-0A00446,NZ-1,New Zealand Ministry of Foreign Affairs and Trade,Bilateral,A01_general,4,Closed,TV,,,,,,,2016-06-22,2016-06-22,0,,,,0,2007-06-28,2007-06-28
NZ-1-ACT-0A00526,NZ-1,New Zealand Ministry of Foreign Affairs and Trade,Bilateral,A02_sector,4,Closed,WS,,,,,,,2015-07-01,2015-06-03,28,,,,0,2012-07-01,2007-11-16
NZ-1-ACT-0A10201,NZ-1,New Zealand Ministry of Foreign Affairs and Trade,Bilateral,A02_sector,4,Closed,VU,,,,,,,2016-05-25,2016-05-25,0,,,,0,2012-07-01,2010-02-17
NZ-1-ACT-0A10372,NZ-1,New Zealand Ministry of Foreign Affairs and Trade,Bilateral,A02_sector,4,Closed,SB,,,,,,,2019-03-07,2019-03-07,0,,,,0,2010-11-16,2010-11-16
NZ-1-ACT-0A10592,NZ-1,New Zealand Ministry of Foreign Affairs and Trade,Bilateral,A02_sector,4,Closed,CK,,,,,,,2014-02-28,2014-02-28,0,,,,0,2012-07-01,2011-10-10
NZ-1-ACT-0A10772,NZ-1,New Zealand Ministry of Foreign Affairs and Trade,Bilateral,A02_sector,4,Closed,NU,,,,,,,2014-04-10,2014-04-10,0,,,,0,2011-09-30,2011-09-30
NZ-1-ACT-0A10927,NZ-1,New Zealand Ministry of Foreign Affairs and Trade,Bilateral,A02_sector,4,Closed,NU,,,,,,,2014-12-08,2014-12-08,0,,,,0,2012-07-01,2012-01-31
NZ-1-ACT-0A10983,NZ-1,New Zealand Ministry of Foreign Affairs and Trade,Bilateral,A02_sector,4,Closed,TO,,,,,,,2016-07-01,2015-05-31,397,,,,0,2012-07-01,2012-04-30
NZ-1-ACT-0A10991,NZ-1,New Zealand Ministry of Foreign Affairs and Trade,Bilateral,A02_sector,4,Closed,NU,,,,,,,2015-05-18,2015-05-18,0,,,,0,2012-07-01,2012-05-22
NZ-1-ACT-0A11059,NZ-1,New Zealand Ministry of Foreign Affairs and Trade,Bilateral,A01_general,4,Closed,WS,,,,,,,2015-06-29,2015-06-29,0,,,,0,2012-05-15,2012-05-15
NZ-1-ACT-0A11138,NZ-1,New Zealand Ministry of Foreign Affairs and Trade,Bilateral,A02_sector,4,Closed,CK,,,,,,,2015-04-15,2015-04-15,0,,,,0,2012-07-01,2012-09-27
NZ-1-ACT-0A11142,NZ-1,New Zealand Ministry of Foreign Affairs and Trade,Bilateral,A02_sector,4,Closed,NR,,,,,,,2017-09-12,2017-09-12,0,,,,0,2012-07-01,2012-06-25
NZ-1-ACT-0A11337,NZ-1,New Zealand Ministry of Foreign Affairs and Trade,Bilateral,A02_sector,4,Closed,WS,,,,,,,2020-07-31,2022-01-13,-531,,,,0,2019-07-01,2013-10-04
NZ-1-ACT-0A11439,NZ-1,New Zealand Ministry of Foreign Affairs and Trade,Bilateral,A02_sector,4,Closed,SB,,,,,,,2016-07-01,2017-09-29,-455,,,,0,2012-07-01,2013-03-27
NZ-1-ACT-0A11470,NZ-1,New Zealand Ministry of Foreign Affairs and Trade,Bilateral,A01_general,4,Closed,WS,,,,,,,2019-12-01,2022-01-13,-774,,,,0,2012-07-01,2013-05-29
NZ-1-ACT-0A11524,NZ-1,New Zealand Ministry of Foreign Affairs and Trade,Bilateral,A02_sector,4,Closed,CK,,,,,,,2015-05-22,2015-05-22,0,,,,0,2013-07-24,2013-07-24
NZ-1-ACT-0A11555,NZ-1,New Zealand Ministry of Foreign Affairs and Trade,Bilateral,A01_general,4,Closed,TK,,,,,,,2014-03-06,2014-03-06,0,,,,0,2013-06-30,2013-06-30
NZ-1-ACT-0A11588,NZ-1,New Zealand Ministry of Foreign Affairs and Trade,Bilateral,A01_general,4,Closed,NU,,,,,,,2014-03-24,2014-03-24,0,,,,0,2012-07-01,2013-07-03
NZ-1-ACT-0A11594,NZ-1,New Zealand Ministry of Foreign Affairs and Trade,Bilateral,A02_sector,4,Closed,TO,,,,,,,2016-07-01,2015-06-30,367,,,,0,2013-07-01,2013-10-04
NZ-1-ACT-0A11596,NZ-1,New Zealand Ministry of Foreign Affairs and Trade,Bilateral,A02_sector,4,Closed,CK,,,,,,,2016-07-01,2015-04-24,434,,,,0,2013-07-01,2014-10-31
NZ-1-ACT-0A11603,NZ-1,New Zealand Ministry of Foreign Affairs and Trade,Bilateral,A02_sector,4,Closed,TO,,,,,,,2016-07-01,2014-12-03,576,,,,0,2013-07-01,2014-06-19
NZ-1-ACT-0A11639,NZ-1,New Zealand Ministry of Foreign Affairs and Trade,Bilateral,A02_sector,4,Closed,NU,,,,,,,2015-04-20,2015-04-20,0,,,,0,2014-05-12,2014-05-12
NZ-1-ACT-0A11670,NZ-1,New Zealand Ministry of Foreign Affairs and Trade,Bilateral,A02_sector,4,Closed,CK,,,,,,,2018-01-08,2018-01-08,0,,,,0,2014-06-18,2014-06-18
NZ-1-ACT-0A11817,NZ-1,New Zealand Ministry of Foreign Affairs and Trade,Bilateral,A02_sector,4,Closed,KI,,,,,,,2021-12-31,2020-11-04,422,,,,0,2017-07-01,2014-06-25
NZ-1-ACT-0A11834,NZ-1,New Zealand Ministry of Foreign Affairs and Trade,Bilateral,A01_general,4,Closed,TK,,,,,,,2014-12-19,2014-12-19,0,,,,0,2014-07-31,2014-07-31
NZ-1-ACT-0A11836,NZ-1,New Zealand Ministry of Foreign Affairs and Trade,Bilateral,A01_general,4,Closed,NU,,,,,,,2015-03-16,2015-03-16,0,,,,0,2014-07-11,2014-07-11
NZ-1-ACT-0A11839,NZ-1,New Zealand Ministry of Foreign Affairs and Trade,Bilateral,A01_general,4,Closed,WS,,,,,,,2020-12-31,2021-11-16,-320,,,,0,2013-05-01,2016-06-30
NZ-1-ACT-0A11913,NZ-1,New Zealand Ministry of Foreign Affairs and Trade,Bilateral,A02_sector,4,Closed,SB,,,,,,,2014-11-13,2014-11-13,0,,,,0,2014-06-09,2014-06-09
NZ-1-ACT-0A11941,NZ-1,New Zealand Ministry of Foreign Affairs and Trade,Bilateral,A02_sector,4,Closed,CK,,,,,,,2019-02-18,2019-02-18,0,,,,0,2012-07-01,2014-06-11
NZ-1-ACT-0A11971,NZ-1,New Zealand Ministry of Foreign Affairs and Trade,Bilateral,A02_sector,4,Closed,NU,,,,,,,2018-08-31,2018-08-31,0,,,,0,2014-05-12,2014-05-12
NZ-1-ACT-0A12049,NZ-1,New Zealand Ministry of Foreign Affairs and Trade,Bilateral,A01_general,4,Closed,TK,,,,,,,2014-06-24,2014-06-24,0,,,,0,2014-06-24,2014-06-24
NZ-1-ACT-0A12061,NZ-1,New Zealand Ministry of Foreign Affairs and Trade,Bilateral,A02_sector,4,Closed,SB,,,,,,,2014-12-17,2014-12-17,0,,,,0,2014-09-15,2014-09-15
NZ-1-ACT-0A12128,NZ-1,New Zealand Ministry of Foreign Affairs and Trade,Bilateral,A02_sector,4,Closed,KI,,,,,,,2021-11-30,2021-11-30,0,,,,0,2015-07-01,2021-11-30
NZ-1-ACT-0A12254,NZ-1,New Zealand Ministry of Foreign Affairs and Trade,Bilateral,A01_general,4,Closed,NP,,,,,,,2017-05-09,2017-05-09,0,,,,0,2015-05-29,2015-05-29
NZ-1-ACT-0A12283,NZ-1,New Zealand Ministry of Foreign Affairs and Trade,Bilateral,A01_general,4,Closed,CK,,,,,,,2016-06-30,2016-06-30,0,,,,0,2015-11-11,2015-11-11
NZ-1-ACT-0A12296,NZ-1,New Zealand Ministry of Foreign Affairs and Trade,Bilateral,A01_general,4,Closed,NU,,,,,,,2016-03-18,2016-03-18,0,,,,0,2015-07-10,2015-07-10
NZ-1-ACT-0A12335,NZ-1,New Zealand Ministry of Foreign Affairs and Trade,Bilateral,A01_general,4,Closed,TV,,,,,,,2015-08-26,2015-08-26,0,,,,0,2015-08-26,2015-08-26
NZ-1-ACT-0A12359,NZ-1,New Zealand Ministry of Foreign Affairs and Trade,Bilateral,A01_general,4,Closed,TK,,,,,,,2018-01-09,2018-01-09,0,,,,0,2015-07-01,2015-09-11
NZ-1-ACT-0A12438,NZ-1,New Zealand Ministry of Foreign Affairs and Trade,Bilateral,A02_sector,4,Closed,NR,,,,,,,2018-01-10,2018-01-10,0,,,,0,2016-02-29,2016-02-29
NZ-1-ACT-0A12554,NZ-1,New Zealand Ministry of Foreign Affairs and Trade,Bilateral,A02_sector,4,Closed,NU,,,,,,,2023-12-31,2022-12-15,381,,,,0,2016-06-23,2016-06-24
NZ-1-ACT-0A12555,NZ-1,New Zealand Ministry of Foreign Affairs and Trade,Bilateral,A02_sector,4,Closed,NU,,,,,,,2022-12-31,2022-12-15,16,,,,0,2016-06-15,2016-06-17
NZ-1-ACT-0A12560,NZ-1,New Zealand Ministry of Foreign Affairs and Trade,Bilateral,A01_general,4,Closed,TO,,,,,,,2019-08-31,2019-07-08,54,,,,0,2016-07-01,2016-06-29
NZ-1-ACT-0A12575,NZ-1,New Zealand Ministry of Foreign Affairs and Trade,Bilateral,A02_sector,4,Closed,NU,,,,,,,2021-09-30,2021-11-12,-43,,,,0,2015-07-01,2016-06-17
NZ-1-ACT-0A12592,NZ-1,New Zealand Ministry of Foreign Affairs and Trade,Bilateral,A01_general,4,Closed,KI,,,,,,,2017-06-15,2017-06-15,0,,,,0,2016-06-21,2016-06-21
NZ-1-ACT-0A12607,NZ-1,New Zealand Ministry of Foreign Affairs and Trade,Bilateral,A01_general,4,Closed,NU,,,,,,,2018-08-31,2018-08-31,0,,,,0,2016-07-31,2016-07-31
NZ-1-ACT-0A12639,NZ-1,New Zealand Ministry of Foreign Affairs and Trade,Bilateral,A02_sector,4,Closed,TK,,,,,,,2017-11-08,2017-11-08,0,,,,0,2017-04-17,2017-04-17
NZ-1-ACT-0A12645,NZ-1,New Zealand Ministry of Foreign Affairs and Trade,Bilateral,A02_sector,4,Closed,CK,,,,,,,2019-12-31,2020-06-09,-161,,,,0,2016-11-11,2016-08-17
NZ-1-ACT-0A12678,NZ-1,New Zealand Ministry of Foreign Affairs and Trade,Bilateral,A01_general,4,Closed,TK,,,,,,,2018-09-24,2018-09-24,0,,,,0,2016-10-26,2016-10-26
NZ-1-ACT-0A12759,NZ-1,New Zealand Ministry of Foreign Affairs and Trade,Bilateral,A01_general,4,Closed,FJ,,,,,,,2018-09-11,2018-09-11,0,,,,0,2017-04-17,2017-04-17
NZ-1-ACT-0A12771,NZ-1,New Zealand Ministry of Foreign Affairs and Trade,Bilateral,A01_general,4,Closed,TV,,,,,,,2018-12-31,2019-09-16,-259,,,,0,2018-06-01,2017-04-17
NZ-1-ACT-0F12261,NZ-1,New Zealand Ministry of Foreign Affairs and Trade,Bilateral,A02_sector,4,Closed,SB,,,,,,,2020-08-31,2021-10-18,-413,,,,0,2018-09-11,2016-03-24
NZ-1-ACT-0R10965,NZ-1,New Zealand Ministry of Foreign Affairs and Trade,Bilateral,A02_sector,4,Closed,CK,,,,,,,2017-09-14,2017-09-14,0,,,,0,2012-07-01,2012-06-08
NZ-1-ACT-0S12070,NZ-1,New Zealand Ministry of Foreign Affairs and Trade,Bilateral,A02_sector,4,Closed,NU,,,,,,,2019-02-07,2019-02-07,0,,,,0,2014-10-06,2014-10-06
NZ-1-ACT-0S12081,NZ-1,New Zealand Ministry of Foreign Affairs and Trade,Bilateral,A02_sector,4,Closed,NU,,,,,,,2021-12-17,2022-11-16,-334,,,,0,2018-07-01,2014-10-02
NZ-1-ACT-0S12197,NZ-1,New Zealand Ministry of Foreign Affairs and Trade,Bilateral,A02_sector,4,Closed,NU,,,,,,,2015-06-25,2015-06-25,0,,,,0,2015-06-25,2015-06-25
PS-TIN-888005972-SO1,PS-TIN-888005972,EN: Water sector regulatory council,Multilateral,A02_sector,4,Closed,PS,,,,,,,,2026-04-30,,88000.0,USD,4,0,,2022-05-01
PS-TIN-888005972-SO2,PS-TIN-888005972,EN: Water sector regulatory council,Multilateral,A02_sector,4,Closed,PS,,,,,,,,2026-04-30,,40000.0,USD,4,0,,2022-05-01
PS-TIN-888005972-SO3,PS-TIN-888005972,EN: Water sector regulatory council,Multilateral,A02_sector,4,Closed,PS,,,,,,,,2026-04-30,,60000.0,USD,4,0,,2022-05-01
PS-TIN-888005972-SO4,PS-TIN-888005972,EN: Water sector regulatory council,Multilateral,A02_sector,2,Implementation,PS,,,,,,,,2026-05-30,,60000.0,USD,4,0,,2022-05-01
PS-TIN-888005972-SO5,PS-TIN-888005972,EN: Water sector regulatory council,Multilateral,A02_sector,4,Closed,PS,,,,,,,,2026-04-30,,50000.0,USD,4,0,,2022-05-01
XI-IATI-CWSEC-Q0104,XI-IATI-CWSEC,EN: The Commonwealth Secretariat,Multilateral,A01_general,2,Implementation,GY,,,,,,,2025-06-30,,,134599.91,GBP,1,0,2021-10-01,2021-10-01
XI-IATI-CWSEC-Q0201,XI-IATI-CWSEC,EN: The Commonwealth Secretariat,Multilateral,A01_general,2,Implementation,BD,,,,,,,2025-06-30,,,414737.94,GBP,1,0,2021-10-01,2021-10-01
XI-IATI-CWSEC-Q0301,XI-IATI-CWSEC,EN: The Commonwealth Secretariat,Multilateral,A01_general,2,Implementation,BB,,,,,,,2025-06-30,,,158850.96,GBP,1,0,2021-10-01,2021-10-01
XI-IATI-CWSEC-Q0304,XI-IATI-CWSEC,EN: The Commonwealth Secretariat,Multilateral,A01_general,2,Implementation,NA,,,,,,,2025-06-30,,,105936.4,GBP,1,0,2021-10-01,2021-10-01
XI-IATI-CWSEC-Q0305,XI-IATI-CWSEC,EN: The Commonwealth Secretariat,Multilateral,A01_general,2,Implementation,GH,,,,,,,2025-06-30,,,336.53,GBP,1,0,2021-10-01,2021-10-01
XI-IATI-CWSEC-Q0306,XI-IATI-CWSEC,EN: The Commonwealth Secretariat,Multilateral,A01_general,2,Implementation,GH,,,,,,,2025-06-30,,,61146.89,GBP,1,0,2021-10-01,2021-10-01
XI-IATI-CWSEC-Q0308,XI-IATI-CWSEC,EN: The Commonwealth Secretariat,Multilateral,A01_general,2,Implementation,GH,,,,,,,2025-06-30,,,11428.91,GBP,1,0,2021-10-01,2021-10-01
XI-IATI-CWSEC-Q0501,XI-IATI-CWSEC,EN: The Commonwealth Secretariat,Multilateral,A01_general,2,Implementation,GB,,,,,,,2025-06-30,,,15785.78,GBP,1,0,2021-10-01,2021-10-01
XI-IATI-CWSEC-Q0502,XI-IATI-CWSEC,EN: The Commonwealth Secretariat,Multilateral,A01_general,2,Implementation,MU,,,,,,,2025-06-30,,,97183.52,GBP,1,0,2021-10-01,2021-10-01
XI-IATI-CWSEC-Q0503,XI-IATI-CWSEC,EN: The Commonwealth Secretariat,Multilateral,A01_general,2,Implementation,NU,,,,,,,2025-06-30,,,95096.64,GBP,1,0,2021-10-01,2021-10-01
XI-IATI-CWSEC-Q0601,XI-IATI-CWSEC,EN: The Commonwealth Secretariat,Multilateral,A01_general,2,Implementation,BZ,,,,,,,2025-06-30,,,302.74,GBP,1,0,2021-10-01,2021-10-01
XI-IATI-CWSEC-Q0603,XI-IATI-CWSEC,EN: The Commonwealth Secretariat,Multilateral,A01_general,2,Implementation,GB,,,,,,,2025-06-30,,,69361.48,GBP,1,0,2021-10-01,2021-10-01
XI-IATI-CWSEC-Q0701,XI-IATI-CWSEC,EN: The Commonwealth Secretariat,Multilateral,A01_general,2,Implementation,NA,,,,,,,2025-06-30,,,35363.93,GBP,1,0,2021-10-01,2021-10-01
XI-IATI-CWSEC-Q0801,XI-IATI-CWSEC,EN: The Commonwealth Secretariat,Multilateral,A01_general,2,Implementation,BD,,,,,,,2025-06-30,,,137637.09,GBP,1,0,2021-10-01,2021-10-01
XI-IATI-CWSEC-Q0802,XI-IATI-CWSEC,EN: The Commonwealth Secretariat,Multilateral,A01_general,2,Implementation,GB,,,,,,,2025-06-30,,,37386.75,GBP,1,0,2021-10-01,2021-10-01
XI-IATI-CWSEC-Q0803,XI-IATI-CWSEC,EN: The Commonwealth Secretariat,Multilateral,A01_general,2,Implementation,GB,,,,,,,2025-06-30,,,10356.44,GBP,1,0,2021-10-01,2021-10-01
XI-IATI-CWSEC-Q0901,XI-IATI-CWSEC,EN: The Commonwealth Secretariat,Multilateral,A01_general,2,Implementation,CY,,,,,,,2025-06-30,,,14118.25,GBP,1,0,2021-10-01,2021-10-01
XI-IATI-CWSEC-Q1001,XI-IATI-CWSEC,EN: The Commonwealth Secretariat,Multilateral,A01_general,2,Implementation,BZ,,,,,,,2025-06-30,,,442376.57,GBP,1,0,2021-10-01,2021-10-01
XI-IATI-CWSEC-Q1101,XI-IATI-CWSEC,EN: The Commonwealth Secretariat,Multilateral,A01_general,2,Implementation,GB,,,,,,,2025-06-30,,,25183.2,GBP,1,0,2021-10-01,2021-10-01
XI-IATI-CWSEC-Q1203,XI-IATI-CWSEC,EN: The Commonwealth Secretariat,Multilateral,A01_general,2,Implementation,SZ,,,,,,,2025-06-30,,,9552.58,GBP,1,0,2021-10-01,2021-10-01
XI-IATI-CWSEC-Q1301,XI-IATI-CWSEC,EN: The Commonwealth Secretariat,Multilateral,A01_general,2,Implementation,AU,,,,,,,2025-06-30,,,62954.18,GBP,1,0,2021-10-01,2021-10-01
XI-IATI-CWSEC-Q1302,XI-IATI-CWSEC,EN: The Commonwealth Secretariat,Multilateral,A01_general,2,Implementation,GB,,,,,,,2025-06-30,,,70429.05,GBP,1,0,2021-10-01,2021-10-01
XI-IATI-CWSEC-Q1303,XI-IATI-CWSEC,EN: The Commonwealth Secretariat,Multilateral,A01_general,2,Implementation,BD,,,,,,,2025-06-30,,,4227.1,GBP,1,0,2021-10-01,2021-10-01
XI-IATI-CWSEC-Q1401,XI-IATI-CWSEC,EN: The Commonwealth Secretariat,Multilateral,A01_general,2,Implementation,BB,,,,,,,2025-06-30,,,6502.31,GBP,1,0,2021-10-01,2021-10-01
XI-IATI-CWSEC-R11P03,XI-IATI-CWSEC,EN: The Commonwealth Secretariat,Multilateral,A01_general,2,Implementation,LS,,,,,,,2026-06-29,,,32083.62,GBP,1,0,2025-09-30,
XI-IATI-CWSEC-R11P04,XI-IATI-CWSEC,EN: The Commonwealth Secretariat,Multilateral,A01_general,2,Implementation,FJ,,,,,,,2026-06-29,,,51954.85,GBP,1,0,2025-09-30,
XI-IATI-CWSEC-R11P05,XI-IATI-CWSEC,EN: The Commonwealth Secretariat,Multilateral,A01_general,2,Implementation,GY,,,,,,,2026-06-29,,,2753.77,GBP,1,0,2025-09-30,
XI-IATI-CWSEC-R11P06,XI-IATI-CWSEC,EN: The Commonwealth Secretariat,Multilateral,A01_general,2,Implementation,BW,,,,,,,2027-06-29,,,113406.85,GBP,1,0,2025-09-30,
XI-IATI-CWSEC-R11P07,XI-IATI-CWSEC,EN: The Commonwealth Secretariat,Multilateral,A01_general,2,Implementation,BD,,,,,,,2026-06-29,,,17392.49,GBP,1,0,2025-09-30,
XI-IATI-CWSEC-R11P09,XI-IATI-CWSEC,EN: The Commonwealth Secretariat,Multilateral,A01_general,2,Implementation,GB,,,,,,,2026-06-29,,,67708.45,GBP,1,0,2025-09-30,
XI-IATI-CWSEC-R12P01,XI-IATI-CWSEC,EN: The Commonwealth Secretariat,Multilateral,A01_general,2,Implementation,BS,,,,,,,2026-06-29,,,123910.39,GBP,1,0,2025-09-30,
XI-IATI-CWSEC-R21P01,XI-IATI-CWSEC,EN: The Commonwealth Secretariat,Multilateral,A01_general,2,Implementation,BB,,,,,,,2026-06-29,,,61218.78,GBP,1,0,2025-09-30,
XI-IATI-CWSEC-R22P01,XI-IATI-CWSEC,EN: The Commonwealth Secretariat,Multilateral,A01_general,2,Implementation,KN,,,,,,,2026-06-29,,,78041.71,GBP,1,0,2025-09-30,
XI-IATI-CWSEC-R31P01,XI-IATI-CWSEC,EN: The Commonwealth Secretariat,Multilateral,A01_general,2,Implementation,AG,,,,,,,2026-06-29,,,4747.04,GBP,1,0,2025-09-30,
XI-IATI-CWSEC-R32P01,XI-IATI-CWSEC,EN: The Commonwealth Secretariat,Multilateral,A01_general,2,Implementation,MU,,,,,,,2026-06-29,,,21372.4,GBP,1,0,2025-09-30,
XI-IATI-CWSEC-R32P02,XI-IATI-CWSEC,EN: The Commonwealth Secretariat,Multilateral,A01_general,2,Implementation,BZ,,,,,,,2026-06-29,,,206209.54,GBP,1,0,2025-09-30,
XI-IATI-CWSEC-R43P01,XI-IATI-CWSEC,EN: The Commonwealth Secretariat,Multilateral,A01_general,2,Implementation,BD,,,,,,,2026-06-29,,,69966.47,GBP,1,0,2025-09-30,
XI-IATI-CWSEC-R44P01,XI-IATI-CWSEC,EN: The Commonwealth Secretariat,Multilateral,A01_general,2,Implementation,BD,,,,,,,2026-06-29,,,15606.11,GBP,1,0,2025-09-30,
XI-IATI-CWSEC-R71P03,XI-IATI-CWSEC,EN: The Commonwealth Secretariat,Multilateral,A01_general,2,Implementation,UG,,,,,,,2026-06-29,,,2000.0,GBP,1,0,2025-09-30,
XI-IATI-EC_INTPA-2008-ACT-D-20972-01,XI-IATI-EC_INTPA,European Commission - Directorate-General for International Partnerships,Multilateral,A01_general,2,Implementation,BF,-4654189.250982,0,0,,,,2021-12-08,,,,,,0,2009-05-08,2009-05-08
XI-IATI-EC_INTPA-2014-ACT-D-25027-00,XI-IATI-EC_INTPA,European Commission - Directorate-General for International Partnerships,Multilateral,A02_sector,2,Implementation,BO,71191367.37729,0,0,,,1.0,2026-02-04,,,,,,0,2015-06-05,2015-06-05
XI-IATI-EC_INTPA-2015-ACT-D-37809-00,XI-IATI-EC_INTPA,European Commission - Directorate-General for International Partnerships,Multilateral,A02_sector,2,Implementation,KG,40596997.775238,0,0,,,1.0,2025-12-19,,,,,,0,2016-04-19,2016-04-19
XI-IATI-EC_INTPA-2015-ACT-D-37956-00,XI-IATI-EC_INTPA,European Commission - Directorate-General for International Partnerships,Multilateral,A02_sector,2,Implementation,PE,45032808.25494,0,0,,,1.0,2023-12-08,,,,,,0,2016-04-08,2016-04-08
XI-IATI-EC_INTPA-2015-ACT-D-38103-00,XI-IATI-EC_INTPA,European Commission - Directorate-General for International Partnerships,Multilateral,A02_sector,2,Implementation,HN,38169900.0,0,0,,,1.0,2026-12-08,,,,,,0,2016-08-08,2016-08-08
XI-IATI-EC_INTPA-2015-ACT-D-38149-00,XI-IATI-EC_INTPA,European Commission - Directorate-General for International Partnerships,Multilateral,A02_sector,2,Implementation,KG,12919694.211594,0,0,,,1.0,2021-10-19,,,,,,0,2016-04-19,2016-04-19
XI-IATI-EC_INTPA-2015-ACT-D-38302-01,XI-IATI-EC_INTPA,European Commission - Directorate-General for International Partnerships,Multilateral,A02_sector,2,Implementation,CO,36232920.0,0,0,,,1.0,2022-08-26,,,,,,0,2016-08-26,2016-08-26
XI-IATI-EC_INTPA-2015-ACT-D-38302-02,XI-IATI-EC_INTPA,European Commission - Directorate-General for International Partnerships,Multilateral,A02_sector,2,Implementation,CO,36232920.0,0,0,,,1.0,2022-08-26,,,,,,0,2016-08-26,2016-08-26
XI-IATI-EC_INTPA-2015-ACT-D-38388-00,XI-IATI-EC_INTPA,European Commission - Directorate-General for International Partnerships,Multilateral,A01_general,2,Implementation,ML,210097045.615896,0,0,,,1.0,2025-08-08,,,,,,0,2015-12-02,2015-12-02
XI-IATI-EC_INTPA-2015-ACT-D-38504-00,XI-IATI-EC_INTPA,European Commission - Directorate-General for International Partnerships,Multilateral,A02_sector,2,Implementation,TO,13599115.002,0,0,,,1.0,2024-05-11,,,,,,0,2016-05-11,2016-05-11
XI-IATI-EC_INTPA-2015-ACT-D-38731-01,XI-IATI-EC_INTPA,European Commission - Directorate-General for International Partnerships,Multilateral,A02_sector,2,Implementation,JM,26519765.38668,0,0,,,1.0,2022-11-30,,,,,,0,2016-11-30,2016-11-30
XI-IATI-EC_INTPA-2016-ACT-D-37486-02,XI-IATI-EC_INTPA,European Commission - Directorate-General for International Partnerships,Multilateral,A02_sector,2,Implementation,RW,261059113.439586,0,0,,,1.0,2027-06-23,,,,,,0,2016-06-23,2016-06-23
XI-IATI-EC_INTPA-2016-ACT-D-37957-01,XI-IATI-EC_INTPA,European Commission - Directorate-General for International Partnerships,Multilateral,A02_sector,2,Implementation,TL,29255699.275200002,0,0,,,1.0,2026-03-30,,,,,,0,2017-03-30,2017-03-30
XI-IATI-EC_INTPA-2016-ACT-D-37972-00,XI-IATI-EC_INTPA,European Commission - Directorate-General for International Partnerships,Multilateral,A02_sector,2,Implementation,VN,120033697.252626,0,0,,,1.0,2023-12-01,,,,,,0,2017-12-01,2017-12-01
XI-IATI-EC_INTPA-2016-ACT-D-38030-00,XI-IATI-EC_INTPA,European Commission - Directorate-General for International Partnerships,Multilateral,A02_sector,2,Implementation,NP,92747160.0,0,0,,,1.0,2025-08-09,,,,,,0,2017-08-09,2017-08-09
XI-IATI-EC_INTPA-2016-ACT-D-38107-00,XI-IATI-EC_INTPA,European Commission - Directorate-General for International Partnerships,Multilateral,A02_sector,2,Implementation,RW,172183995.0432,0,0,,,1.0,2027-05-10,,,,,,0,2016-05-10,2016-05-10
XI-IATI-EC_INTPA-2016-ACT-D-38233-00,XI-IATI-EC_INTPA,European Commission - Directorate-General for International Partnerships,Multilateral,A02_sector,2,Implementation,NE,80770100.546394,0,0,,,1.0,2024-05-28,,,,,,0,2016-11-28,2016-11-28
XI-IATI-EC_INTPA-2016-ACT-D-38320-00,XI-IATI-EC_INTPA,European Commission - Directorate-General for International Partnerships,Multilateral,A02_sector,2,Implementation,NE,226740600.0,0,0,,,1.0,2027-11-28,,,,,,0,2016-11-28,2016-11-28
XI-IATI-EC_INTPA-2016-ACT-D-38386-00,XI-IATI-EC_INTPA,European Commission - Directorate-General for International Partnerships,Multilateral,A02_sector,2,Implementation,ET,181443753.0,0,0,,,1.0,2029-12-09,,,,,,0,2016-12-09,2016-12-09
XI-IATI-EC_INTPA-2016-ACT-D-38540-01,XI-IATI-EC_INTPA,European Commission - Directorate-General for International Partnerships,Multilateral,A01_general,2,Implementation,TG,58391371.41984,0,0,,,1.0,2023-10-31,,,,,,0,2016-10-31,2016-10-31
XI-IATI-EC_INTPA-2016-ACT-D-38564-01,XI-IATI-EC_INTPA,European Commission - Directorate-General for International Partnerships,Multilateral,A02_sector,2,Implementation,BF,66169541.076984,0,0,,,1.0,2025-06-13,,,,,,0,2016-10-13,2016-10-13
XI-IATI-EC_INTPA-2016-ACT-D-38569-00,XI-IATI-EC_INTPA,European Commission - Directorate-General for International Partnerships,Multilateral,A02_sector,2,Implementation,BF,46855194.945768,0,0,,,1.0,2024-12-07,,,,,,0,2016-12-07,2016-12-07
XI-IATI-EC_INTPA-2016-ACT-D-38574-01,XI-IATI-EC_INTPA,European Commission - Directorate-General for International Partnerships,Multilateral,A01_general,2,Implementation,BF,206235045.977454,0,0,,,1.0,2025-06-07,,,,,,0,2016-12-07,2016-12-07
XI-IATI-EC_INTPA-2016-ACT-D-38575-00,XI-IATI-EC_INTPA,European Commission - Directorate-General for International Partnerships,Multilateral,A02_sector,2,Implementation,BF,72738583.635726,0,0,,,1.0,2025-02-27,,,,,,0,2017-02-27,2017-02-27
XI-IATI-EC_INTPA-2016-ACT-D-38868-01,XI-IATI-EC_INTPA,European Commission - Directorate-General for International Partnerships,Multilateral,A02_sector,2,Implementation,MH,10336692.6306,0,0,,,1.0,2026-03-30,,,,,,0,2017-03-30,2017-03-30
XI-IATI-EC_INTPA-2016-ACT-D-38939-00,XI-IATI-EC_INTPA,European Commission - Directorate-General for International Partnerships,Multilateral,A02_sector,2,Implementation,TZ,224803620.0,0,0,,,1.0,2025-04-03,,,,,,0,2017-04-03,2017-04-03
XI-IATI-EC_INTPA-2016-ACT-D-38972-00,XI-IATI-EC_INTPA,European Commission - Directorate-General for International Partnerships,Multilateral,A02_sector,2,Implementation,ML,87164100.0,0,0,,,1.0,2030-04-24,,,,,,0,2017-04-25,2017-04-25
XI-IATI-EC_INTPA-2016-ACT-D-39297-00,XI-IATI-EC_INTPA,European Commission - Directorate-General for International Partnerships,Multilateral,A02_sector,2,Implementation,ZA,64314344.52,0,0,,,1.0,2026-10-24,,,,,,0,2017-07-24,2017-07-24
XI-IATI-EC_INTPA-2016-ACT-D-39310-00,XI-IATI-EC_INTPA,European Commission - Directorate-General for International Partnerships,Multilateral,A01_general,2,Implementation,TD,100594092.367386,0,0,,,1.0,2025-12-09,,,,,,0,2016-12-09,2016-12-09
XI-IATI-EC_INTPA-2016-ACT-D-39312-00,XI-IATI-EC_INTPA,European Commission - Directorate-General for International Partnerships,Multilateral,A02_sector,2,Implementation,DO,18230400.0,0,0,,,1.0,2025-12-01,,,,,,0,2017-06-01,2017-06-01
XI-IATI-EC_INTPA-2016-PCC-375131,XI-IATI-EC_INTPA,European Commission - Directorate-General for International Partnerships,Multilateral,A02_sector,2,Implementation,KG,1139400.0,1139400.0,2,2016,2020,0.0,2023-03-01,2023-03-01,0,,,,0,2016-08-15,2016-08-16
XI-IATI-EC_INTPA-2017-ACT-D-38831-00,XI-IATI-EC_INTPA,European Commission - Directorate-General for International Partnerships,Multilateral,A02_sector,2,Implementation,KH,39423240.0,0,0,,,1.0,2026-12-31,,,,,,0,2017-06-08,2017-06-08
XI-IATI-EC_INTPA-2017-ACT-D-39148-00,XI-IATI-EC_INTPA,European Commission - Directorate-General for International Partnerships,Multilateral,A01_general,2,Implementation,HT,175162782.094758,0,0,,,1.0,2029-04-09,,,,,,0,2018-04-10,2018-04-10
XI-IATI-EC_INTPA-2017-ACT-D-39228-00,XI-IATI-EC_INTPA,European Commission - Directorate-General for International Partnerships,Multilateral,A02_sector,2,Implementation,JM,18857070.0,0,0,,,1.0,2026-06-03,,,,,,0,2018-12-03,2018-12-03
XI-IATI-EC_INTPA-2017-ACT-D-39288-00,XI-IATI-EC_INTPA,European Commission - Directorate-General for International Partnerships,Multilateral,A02_sector,2,Implementation,PK,56970000.0,0,0,,,1.0,2028-09-26,,,,,,0,2018-12-26,2018-12-26
XI-IATI-EC_INTPA-2017-ACT-D-39656-00,XI-IATI-EC_INTPA,European Commission - Directorate-General for International Partnerships,Multilateral,A02_sector,2,Implementation,BD,186857614.3788,0,0,,,1.0,2027-12-17,,,,,,0,2018-12-17,2018-12-17
XI-IATI-EC_INTPA-2017-ACT-D-39674-04,XI-IATI-EC_INTPA,European Commission - Directorate-General for International Partnerships,Multilateral,A01_general,2,Implementation,GN,107638749.9738,0,0,,,1.0,2031-11-25,,,,,,0,2017-11-25,2017-11-25
XI-IATI-EC_INTPA-2017-ACT-D-39902-00,XI-IATI-EC_INTPA,European Commission - Directorate-General for International Partnerships,Multilateral,A02_sector,2,Implementation,KH,119637000.0,0,0,,,1.0,2025-08-15,,,,,,0,2018-08-15,2018-08-15
XI-IATI-EC_INTPA-2017-ACT-D-40022-00,XI-IATI-EC_INTPA,European Commission - Directorate-General for International Partnerships,Multilateral,A02_sector,2,Implementation,ZA,18800100.0,0,0,,,1.0,2026-01-18,,,,,,0,2018-07-19,2018-07-19
XI-IATI-EC_INTPA-2017-ACT-D-40031-01,XI-IATI-EC_INTPA,European Commission - Directorate-General for International Partnerships,Multilateral,A02_sector,2,Implementation,CM,173188800.0,0,0,,,1.0,2028-05-09,,,,,,0,2017-11-09,2017-11-09
XI-IATI-EC_INTPA-2017-ACT-D-40033-01,XI-IATI-EC_INTPA,European Commission - Directorate-General for International Partnerships,Multilateral,A02_sector,2,Implementation,ZA,33612300.0,0,0,,,1.0,2027-07-18,,,,,,0,2018-07-19,2018-07-19
XI-IATI-EC_INTPA-2017-ACT-D-40134-00,XI-IATI-EC_INTPA,European Commission - Directorate-General for International Partnerships,Multilateral,A02_sector,2,Implementation,SV,61527600.0,0,0,,,1.0,2030-04-05,,,,,,0,2018-04-06,2018-04-06
XI-IATI-EC_INTPA-2017-PCC-385290,XI-IATI-EC_INTPA,European Commission - Directorate-General for International Partnerships,Multilateral,A02_sector,2,Implementation,RW,3418200.0,2278800.0,2,2017,2020,0.3333333333333333,2025-03-02,2025-03-02,0,,,,0,2017-07-27,2017-08-08
XI-IATI-EC_INTPA-2017-PCC-389389,XI-IATI-EC_INTPA,European Commission - Directorate-General for International Partnerships,Multilateral,A02_sector,2,Implementation,ML,13672800.0,7729994.868048,5,2018,2025,0.43464433999999996,2028-04-01,,,,,,1,2017-11-28,2017-12-19
XI-IATI-EC_INTPA-2017-PCC-392914,XI-IATI-EC_INTPA,European Commission - Directorate-General for International Partnerships,Multilateral,A01_general,2,Implementation,GN,86736825.0,0,0,,,1.0,2029-11-25,,,,,,0,2017-11-24,2017-11-25
XI-IATI-EC_INTPA-2018-ACT-D-38945-00,XI-IATI-EC_INTPA,European Commission - Directorate-General for International Partnerships,Multilateral,A02_sector,2,Implementation,SH,25192134.0,0,0,,,1.0,2025-03-20,,,,,,0,2018-06-20,2018-06-20
XI-IATI-EC_INTPA-2018-ACT-D-39315-00,XI-IATI-EC_INTPA,European Commission - Directorate-General for International Partnerships,Multilateral,A02_sector,2,Implementation,DO,16863120.0,0,0,,,1.0,2024-12-27,,,,,,0,2018-12-27,2018-12-27
XI-IATI-EC_INTPA-2018-ACT-D-39665-00,XI-IATI-EC_INTPA,European Commission - Directorate-General for International Partnerships,Multilateral,A02_sector,2,Implementation,MM,221763164.290722,0,0,,,1.0,2027-02-07,,,,,,0,2019-02-07,2019-02-07
XI-IATI-EC_INTPA-2018-ACT-D-39797-00,XI-IATI-EC_INTPA,European Commission - Directorate-General for International Partnerships,Multilateral,A02_sector,2,Implementation,TZ,113940000.0,0,0,,,1.0,2035-09-25,,,,,,0,2018-09-25,2018-09-25
XI-IATI-EC_INTPA-2018-ACT-D-39984-00,XI-IATI-EC_INTPA,European Commission - Directorate-General for International Partnerships,Multilateral,A02_sector,2,Implementation,TL,14402423.175984,0,0,,,1.0,2025-12-17,,,,,,0,2018-12-17,2018-12-17
XI-IATI-EC_INTPA-2018-ACT-D-39985-00,XI-IATI-EC_INTPA,European Commission - Directorate-General for International Partnerships,Multilateral,A02_sector,2,Implementation,LA,70414920.0,0,0,,,1.0,2026-09-14,,,,,,0,2018-09-14,2018-09-14
XI-IATI-EC_INTPA-2018-ACT-D-40643-00,XI-IATI-EC_INTPA,European Commission - Directorate-General for International Partnerships,Multilateral,A02_sector,2,Implementation,BD,67035890.2932,0,0,,,1.0,2027-12-17,,,,,,0,2018-12-17,2018-12-17
XI-IATI-EC_INTPA-2018-ACT-D-40697-00,XI-IATI-EC_INTPA,European Commission - Directorate-General for International Partnerships,Multilateral,A02_sector,2,Implementation,HN,86024700.0,0,0,,,1.0,2027-03-24,,,,,,0,2019-09-25,2019-09-25
XI-IATI-EC_INTPA-2018-ACT-D-40701-00,XI-IATI-EC_INTPA,European Commission - Directorate-General for International Partnerships,Multilateral,A02_sector,2,Implementation,BD,167323660.416918,0,0,,,1.0,2032-01-30,,,,,,0,2019-06-30,2019-06-30
XI-IATI-EC_INTPA-2018-ACT-D-40839-01,XI-IATI-EC_INTPA,European Commission - Directorate-General for International Partnerships,Multilateral,A01_general,2,Implementation,NE,121988362.597848,0,0,,,1.0,2026-06-11,,,,,,0,2019-06-11,2019-06-11
XI-IATI-EC_INTPA-2018-ACT-D-40854-00,XI-IATI-EC_INTPA,European Commission - Directorate-General for International Partnerships,Multilateral,A02_sector,2,Implementation,ZA,17091000.0,0,0,,,1.0,2029-08-08,,,,,,0,2019-08-08,2019-08-08
XI-IATI-EC_INTPA-2018-ACT-D-40855-00,XI-IATI-EC_INTPA,European Commission - Directorate-General for International Partnerships,Multilateral,A01_general,2,Implementation,DM,22332240.0,0,0,,,1.0,2025-07-17,,,,,,0,2018-07-17,2018-07-17
XI-IATI-EC_INTPA-2018-ACT-D-40874-00,XI-IATI-EC_INTPA,European Commission - Directorate-General for International Partnerships,Multilateral,A02_sector,2,Implementation,KH,24808610.068596,0,0,,,1.0,2025-05-23,,,,,,0,2019-05-23,2019-05-23
XI-IATI-EC_INTPA-2018-ACT-D-40929-00,XI-IATI-EC_INTPA,European Commission - Directorate-General for International Partnerships,Multilateral,A01_general,2,Implementation,SN,29624400.0,0,0,,,1.0,2026-12-17,,,,,,0,2018-12-17,2018-12-17
XI-IATI-EC_INTPA-2018-ACT-D-41015-01,XI-IATI-EC_INTPA,European Commission - Directorate-General for International Partnerships,Multilateral,A02_sector,2,Implementation,ZA,11394000.0,0,0,,,1.0,2028-11-28,,,,,,0,2019-11-28,2019-11-28
XI-IATI-EC_INTPA-2018-ACT-D-41630-00,XI-IATI-EC_INTPA,European Commission - Directorate-General for International Partnerships,Multilateral,A02_sector,2,Implementation,DM,2518074.0,0,0,,,1.0,2024-12-19,,,,,,0,2019-06-19,2019-06-19
XI-IATI-EC_INTPA-2018-PCC-383693,XI-IATI-EC_INTPA,European Commission - Directorate-General for International Partnerships,Multilateral,A02_sector,2,Implementation,BF,1936978.439022,1988307.46332,3,2018,2021,-0.02649953312021206,2022-07-01,2022-07-01,0,,,,1,2018-03-30,2018-04-01
XI-IATI-EC_INTPA-2018-PCC-397039,XI-IATI-EC_INTPA,European Commission - Directorate-General for International Partnerships,Multilateral,A02_sector,2,Implementation,MH,595568.117232,595568.117232,3,2019,2021,0.0,2023-09-30,2023-09-30,0,,,,1,2018-09-26,2018-09-30
XI-IATI-EC_INTPA-2018-PCC-397046,XI-IATI-EC_INTPA,European Commission - Directorate-General for International Partnerships,Multilateral,A02_sector,2,Implementation,RW,404224.9380000001,626670.0,1,2018,2018,-0.5503001944922059,2021-06-01,2021-06-01,0,,,,0,2018-05-16,2018-06-01
XI-IATI-EC_INTPA-2018-PCC-397120,XI-IATI-EC_INTPA,European Commission - Directorate-General for International Partnerships,Multilateral,A01_general,2,Implementation,HT,133119899.62020001,0,0,,,1.0,2027-04-10,,,,,,0,2018-04-10,2018-04-10
XI-IATI-EC_INTPA-2018-PCC-397536,XI-IATI-EC_INTPA,European Commission - Directorate-General for International Partnerships,Multilateral,A02_sector,2,Implementation,BF,2278800.0,2050920.0,3,2018,2021,0.1,2022-08-01,2022-08-01,0,,,,1,2018-05-14,2018-06-01
XI-IATI-EC_INTPA-2018-PCC-397670,XI-IATI-EC_INTPA,European Commission - Directorate-General for International Partnerships,Multilateral,A02_sector,2,Implementation,ET,2256012.0,1279105.7535360001,3,2018,2022,0.4330235151515151,2023-06-22,2023-06-22,0,,,,1,2018-12-23,2018-12-23
XI-IATI-EC_INTPA-2018-PCC-399023,XI-IATI-EC_INTPA,European Commission - Directorate-General for International Partnerships,Multilateral,A01_general,2,Implementation,HT,22764072.6,4606524.115506,4,2018,2024,0.7976405981280345,2027-04-09,,,,,,1,2018-07-06,2018-07-13
XI-IATI-EC_INTPA-2018-PCC-402069,XI-IATI-EC_INTPA,European Commission - Directorate-General for International Partnerships,Multilateral,A02_sector,2,Implementation,ZA,27060750.0,0,0,,,1.0,2025-07-19,2025-07-19,0,0.0,,12,0,2018-07-19,2018-07-19
XI-IATI-EC_INTPA-2018-PCC-402235,XI-IATI-EC_INTPA,European Commission - Directorate-General for International Partnerships,Multilateral,A02_sector,2,Implementation,ZA,18458280.0,0,0,,,1.0,2024-01-19,2024-01-19,0,0.0,,12,0,2018-02-14,2018-07-19
XI-IATI-EC_INTPA-2018-PCC-404409,XI-IATI-EC_INTPA,European Commission - Directorate-General for International Partnerships,Multilateral,A02_sector,2,Implementation,BD,279153000.0,0,0,,,1.0,2024-12-19,2024-12-19,0,0.0,,12,0,2018-12-19,2018-12-19
XI-IATI-EC_INTPA-2018-PCC-404429,XI-IATI-EC_INTPA,European Commission - Directorate-General for International Partnerships,Multilateral,A01_general,2,Implementation,TD,3844084.578786,3844084.578786,2,2019,2022,0.0,2022-09-01,2022-09-01,0,,,,0,2018-12-28,2019-01-01
XI-IATI-EC_INTPA-2019-ACT-D-38918-00,XI-IATI-EC_INTPA,European Commission - Directorate-General for International Partnerships,Multilateral,A02_sector,2,Implementation,PY,54691200.0,0,0,,,1.0,2027-11-19,,,,,,0,2020-11-20,2020-11-20
XI-IATI-EC_INTPA-2019-ACT-D-39998-00,XI-IATI-EC_INTPA,European Commission - Directorate-General for International Partnerships,Multilateral,A02_sector,2,Implementation,MM,127612800.0,0,0,,,1.0,2027-08-20,,,,,,0,2020-08-20,2020-08-20
XI-IATI-EC_INTPA-2019-ACT-D-40019-00,XI-IATI-EC_INTPA,European Commission - Directorate-General for International Partnerships,Multilateral,A02_sector,2,Implementation,BO,39879000.0,0,0,,,1.0,2029-01-04,,,,,,0,2019-08-05,2019-08-05
XI-IATI-EC_INTPA-2019-ACT-D-40807-00,XI-IATI-EC_INTPA,European Commission - Directorate-General for International Partnerships,Multilateral,A01_general,2,Implementation,TD,58617332.020782,0,0,,,1.0,2026-06-15,,,,,,0,2019-06-15,2019-06-15
XI-IATI-EC_INTPA-2019-ACT-D-40840-00,XI-IATI-EC_INTPA,European Commission - Directorate-General for International Partnerships,Multilateral,A02_sector,2,Implementation,HN,43297200.0,0,0,,,1.0,2027-12-02,,,,,,0,2019-12-02,2019-12-02
XI-IATI-EC_INTPA-2019-ACT-D-40939-00,XI-IATI-EC_INTPA,European Commission - Directorate-General for International Partnerships,Multilateral,A02_sector,2,Implementation,ET,41018400.0,0,0,,,1.0,2030-04-22,,,,,,0,2019-07-22,2019-07-22
XI-IATI-EC_INTPA-2019-ACT-D-41123-00,XI-IATI-EC_INTPA,European Commission - Directorate-General for International Partnerships,Multilateral,A02_sector,2,Implementation,LA,56630288.664792,0,0,,,1.0,2027-07-29,,,,,,0,2019-07-30,2019-07-30
XI-IATI-EC_INTPA-2019-ACT-D-41264-00,XI-IATI-EC_INTPA,European Commission - Directorate-General for International Partnerships,Multilateral,A01_general,2,Implementation,GM,53836650.0,0,0,,,1.0,2027-12-19,,,,,,0,2019-12-19,2019-12-19
XI-IATI-EC_INTPA-2019-ACT-D-41517-00,XI-IATI-EC_INTPA,European Commission - Directorate-General for International Partnerships,Multilateral,A02_sector,2,Implementation,CO,20509200.0,0,0,,,1.0,2027-01-31,,,,,,0,2020-05-07,2020-05-07
XI-IATI-EC_INTPA-2019-ACT-D-41577-00,XI-IATI-EC_INTPA,European Commission - Directorate-General for International Partnerships,Multilateral,A02_sector,2,Implementation,TL,16847950.279068,0,0,,,1.0,2027-02-27,,,,,,0,2020-02-27,2020-02-27
XI-IATI-EC_INTPA-2019-ACT-D-41594-00,XI-IATI-EC_INTPA,European Commission - Directorate-General for International Partnerships,Multilateral,A02_sector,2,Implementation,KH,2044342.2438,0,0,,,1.0,2027-12-31,,,,,,0,2019-07-01,2019-07-01
XI-IATI-EC_INTPA-2019-ACT-D-41736-00,XI-IATI-EC_INTPA,European Commission - Directorate-General for International Partnerships,Multilateral,A02_sector,2,Implementation,UG,40220820.0,0,0,,,1.0,2027-03-09,,,,,,0,2020-03-09,2020-03-09
XI-IATI-EC_INTPA-2019-ACT-D-41739-00,XI-IATI-EC_INTPA,European Commission - Directorate-General for International Partnerships,Multilateral,A02_sector,2,Implementation,ZA,11394000.0,0,0,,,1.0,2028-09-28,,,,,,0,2020-09-28,2020-09-28
XI-IATI-EC_INTPA-2019-ACT-D-41940-00,XI-IATI-EC_INTPA,European Commission - Directorate-General for International Partnerships,Multilateral,A02_sector,2,Implementation,DO,5697000.0,0,0,,,1.0,2027-10-27,,,,,,0,2020-10-27,2020-10-27
XI-IATI-EC_INTPA-2019-ACT-D-42051-00,XI-IATI-EC_INTPA,European Commission - Directorate-General for International Partnerships,Multilateral,A02_sector,2,Implementation,JM,22788000.0,0,0,,,1.0,2027-11-27,,,,,,0,2020-11-27,2020-11-27
XI-IATI-EC_INTPA-2019-ACT-D-42187-00,XI-IATI-EC_INTPA,European Commission - Directorate-General for International Partnerships,Multilateral,A02_sector,2,Implementation,MN,57767352.12,0,0,,,1.0,2029-05-29,,,,,,0,2020-05-29,2020-05-29
XI-IATI-EC_INTPA-2019-ACT-D-42209-00,XI-IATI-EC_INTPA,European Commission - Directorate-General for International Partnerships,Multilateral,A02_sector,2,Implementation,BF,28485000.0,0,0,,,1.0,2024-12-13,,,,,,0,2019-12-13,2019-12-13
XI-IATI-EC_INTPA-2019-PCC-404038,XI-IATI-EC_INTPA,European Commission - Directorate-General for International Partnerships,Multilateral,A02_sector,2,Implementation,BF,1025460.0,922914.0,3,2019,2021,0.1,2022-02-14,2022-02-14,0,,,,1,2019-01-16,2019-03-01
XI-IATI-EC_INTPA-2019-PCC-407596,XI-IATI-EC_INTPA,European Commission - Directorate-General for International Partnerships,Multilateral,A02_sector,2,Implementation,BF,1139302.0116,1025371.81044,2,2019,2021,0.10000000000000005,2022-04-11,2022-04-11,0,,,,0,2019-10-10,2019-10-11
XI-IATI-EC_INTPA-2019-PCC-408616,XI-IATI-EC_INTPA,European Commission - Directorate-General for International Partnerships,Multilateral,A02_sector,2,Implementation,CM,5127300.0,0,0,,,1.0,2025-01-01,2025-01-01,0,,,,0,2019-07-22,2019-08-07
XI-IATI-EC_INTPA-2019-PCC-409406,XI-IATI-EC_INTPA,European Commission - Directorate-General for International Partnerships,Multilateral,A02_sector,2,Implementation,BO,22788000.0,0,0,,,1.0,2024-01-01,2024-01-01,0,0.0,,12,0,2019-08-28,2019-08-28
XI-IATI-EC_INTPA-2019-PCC-409671,XI-IATI-EC_INTPA,European Commission - Directorate-General for International Partnerships,Multilateral,A02_sector,2,Implementation,ET,37600200.0,0,0,,,1.0,2028-04-16,,,,,,0,2019-09-10,2019-09-16
XI-IATI-EC_INTPA-2019-PCC-410047,XI-IATI-EC_INTPA,European Commission - Directorate-General for International Partnerships,Multilateral,A02_sector,2,Implementation,BO,17091000.0,17091000.0,4,2020,2025,0.0,2026-09-30,,,0.0,,12,1,2019-12-23,2021-01-01
XI-IATI-EC_INTPA-2019-PCC-410060,XI-IATI-EC_INTPA,European Commission - Directorate-General for International Partnerships,Multilateral,A02_sector,2,Implementation,BD,165668760.0,0,0,,,1.0,2025-06-30,2025-06-30,0,,,,0,2019-04-26,2019-06-30
XI-IATI-EC_INTPA-2019-PCC-412775,XI-IATI-EC_INTPA,European Commission - Directorate-General for International Partnerships,Multilateral,A02_sector,2,Implementation,CM,1382661.9000000001,1244395.71,4,2019,2024,0.10000000000000012,2024-06-06,2024-06-06,0,,,,1,2019-12-15,2020-01-06
XI-IATI-EC_INTPA-2019-PCC-413519,XI-IATI-EC_INTPA,European Commission - Directorate-General for International Partnerships,Multilateral,A02_sector,2,Implementation,HN,32358960.0,0,0,,,1.0,2024-12-02,2024-12-02,0,0.0,,12,0,2019-11-28,2019-12-02
XI-IATI-EC_INTPA-2019-PCC-413599,XI-IATI-EC_INTPA,European Commission - Directorate-General for International Partnerships,Multilateral,A02_sector,2,Implementation,ZA,9912780.0,0,0,,,1.0,2026-11-27,,,0.0,,12,0,2019-11-28,2019-11-28
XI-IATI-EC_INTPA-2019-PCC-413782,XI-IATI-EC_INTPA,European Commission - Directorate-General for International Partnerships,Multilateral,A02_sector,2,Implementation,ET,56970000.0,0,0,,,1.0,2027-11-02,,,,,,0,2019-12-02,2019-12-02
XI-IATI-EC_INTPA-2019-PCC-413820,XI-IATI-EC_INTPA,European Commission - Directorate-General for International Partnerships,Multilateral,A02_sector,2,Implementation,RW,2278800.0,1879227.7335360001,3,2020,2022,0.17534327999999993,2024-12-05,2024-12-05,0,,,,1,2019-12-30,2020-02-03
XI-IATI-EC_INTPA-2019-PCC-414050,XI-IATI-EC_INTPA,European Commission - Directorate-General for International Partnerships,Multilateral,A02_sector,2,Implementation,RW,2585308.8546,2326777.96914,5,2020,2024,0.1,2025-06-16,2025-06-16,0,,,,1,2019-12-31,2020-02-03
XI-IATI-EC_INTPA-2020-ACT-D-38561-00,XI-IATI-EC_INTPA,European Commission - Directorate-General for International Partnerships,Multilateral,A02_sector,2,Implementation,FJ,22788000.0,0,0,,,1.0,2027-06-04,,,,,,0,2020-06-04,2020-06-04
XI-IATI-EC_INTPA-2020-ACT-D-38966-00,XI-IATI-EC_INTPA,European Commission - Directorate-General for International Partnerships,Multilateral,A02_sector,2,Implementation,BO,22788000.0,0,0,,,1.0,2027-12-05,,,,,,0,2021-12-06,2021-12-06
XI-IATI-EC_INTPA-2020-ACT-D-40118-00,XI-IATI-EC_INTPA,European Commission - Directorate-General for International Partnerships,Multilateral,A02_sector,2,Implementation,BO,34182000.0,0,0,,,1.0,2032-12-05,,,,,,0,2021-12-06,2021-12-06
XI-IATI-EC_INTPA-2020-ACT-D-40138-00,XI-IATI-EC_INTPA,European Commission - Directorate-General for International Partnerships,Multilateral,A02_sector,2,Implementation,PY,43297200.0,0,0,,,1.0,2025-12-23,,,,,,0,2020-11-20,2020-11-20
XI-IATI-EC_INTPA-2020-ACT-D-40387-00,XI-IATI-EC_INTPA,European Commission - Directorate-General for International Partnerships,Multilateral,A02_sector,2,Implementation,TZ,39879000.0,0,0,,,1.0,2029-09-30,,,,,,0,2020-09-17,2020-09-17
XI-IATI-EC_INTPA-2020-ACT-D-40898-00,XI-IATI-EC_INTPA,European Commission - Directorate-General for International Partnerships,Multilateral,A02_sector,2,Implementation,VN,161794800.0,0,0,,,1.0,2029-12-30,,,,,,0,2021-12-31,2021-12-31
XI-IATI-EC_INTPA-2020-ACT-D-41754-00,XI-IATI-EC_INTPA,European Commission - Directorate-General for International Partnerships,Multilateral,A02_sector,2,Implementation,UZ,45576000.0,0,0,,,1.0,2028-10-27,,,,,,0,2020-02-27,2020-02-27
XI-IATI-EC_INTPA-2020-ACT-D-41871-00,XI-IATI-EC_INTPA,European Commission - Directorate-General for International Partnerships,Multilateral,A02_sector,2,Implementation,LA,5127300.0,0,0,,,1.0,2026-09-14,,,,,,0,2020-11-30,2020-11-30
XI-IATI-EC_INTPA-2020-ACT-D-42335-00,XI-IATI-EC_INTPA,European Commission - Directorate-General for International Partnerships,Multilateral,A02_sector,2,Implementation,KG,24793344.0,0,0,,,1.0,2028-10-27,,,,,,0,2020-10-27,2020-10-27
XI-IATI-EC_INTPA-2020-ACT-D-42401-00,XI-IATI-EC_INTPA,European Commission - Directorate-General for International Partnerships,Multilateral,A01_general,2,Implementation,CF,51273000.0,0,0,,,1.0,2030-06-12,,,,,,0,2020-06-12,2020-06-12
XI-IATI-EC_INTPA-2020-ACT-D-42454-00,XI-IATI-EC_INTPA,European Commission - Directorate-General for International Partnerships,Multilateral,A02_sector,2,Implementation,CO,11394000.0,0,0,,,1.0,2028-09-27,,,,,,0,2021-09-27,2021-09-27
XI-IATI-EC_INTPA-2020-ACT-D-42802-00,XI-IATI-EC_INTPA,European Commission - Directorate-General for International Partnerships,Multilateral,A02_sector,2,Implementation,KE,34182000.0,0,0,,,1.0,2023-06-23,,,,,,0,2020-06-23,2020-06-23
XI-IATI-EC_INTPA-2020-ACT-D-42916-00,XI-IATI-EC_INTPA,European Commission - Directorate-General for International Partnerships,Multilateral,A02_sector,2,Implementation,MU,9001260.0,0,0,,,1.0,2025-06-08,,,,,,0,2020-12-08,2020-12-08
XI-IATI-EC_INTPA-2020-ACT-D-42950-01,XI-IATI-EC_INTPA,European Commission - Directorate-General for International Partnerships,Multilateral,A02_sector,2,Implementation,PE,15951600.0,0,0,,,1.0,2026-12-28,,,,,,0,2021-12-29,2021-12-29
XI-IATI-EC_INTPA-2020-PCC-414217,XI-IATI-EC_INTPA,European Commission - Directorate-General for International Partnerships,Multilateral,A02_sector,2,Implementation,NP,31903200.0,0,0,,,1.0,2025-12-31,2025-12-31,0,-1300000.0,,12,0,2020-07-09,2020-07-09
XI-IATI-EC_INTPA-2020-PCC-415467,XI-IATI-EC_INTPA,European Commission - Directorate-General for International Partnerships,Multilateral,A02_sector,2,Implementation,UG,8089740.0,8089740.0,4,2020,2023,0.0,2024-10-09,2024-10-09,0,,,,1,2020-10-08,2020-10-09
XI-IATI-EC_INTPA-2020-PCC-415584,XI-IATI-EC_INTPA,European Commission - Directorate-General for International Partnerships,Multilateral,A02_sector,2,Implementation,ML,30194100.0,16521300.0,4,2020,2025,0.4528301886792453,2028-04-24,,,,,,1,2020-04-16,2020-04-25
XI-IATI-EC_INTPA-2020-PCC-415725,XI-IATI-EC_INTPA,European Commission - Directorate-General for International Partnerships,Multilateral,A02_sector,2,Implementation,MN,48994200.0,0,0,,,1.0,2027-05-28,,,0.0,,12,0,2020-05-18,2020-05-29
XI-IATI-EC_INTPA-2020-PCC-416008,XI-IATI-EC_INTPA,European Commission - Directorate-General for International Partnerships,Multilateral,A02_sector,2,Implementation,RW,3789076.1926140003,1515630.472488,3,2020,2022,0.6000000012028261,2023-03-01,2023-03-01,0,,,,1,2020-05-28,2020-09-29
XI-IATI-EC_INTPA-2020-PCC-416065,XI-IATI-EC_INTPA,European Commission - Directorate-General for International Partnerships,Multilateral,A01_general,2,Implementation,KI,7121250.0,6683116.255938,4,2020,2024,0.061524836799999996,2026-11-01,,,,,,1,2020-05-26,2020-06-01
XI-IATI-EC_INTPA-2020-PCC-416132,XI-IATI-EC_INTPA,European Commission - Directorate-General for International Partnerships,Multilateral,A01_general,2,Implementation,KI,7064280.0,9122276.8134,4,2020,2025,-0.2913243548387097,2026-11-11,,,,,,1,2020-07-08,2020-07-11
XI-IATI-EC_INTPA-2020-PCC-416217,XI-IATI-EC_INTPA,European Commission - Directorate-General for International Partnerships,Multilateral,A02_sector,2,Implementation,KE,26775900.0,0,0,,,1.0,2027-04-29,,,,,,0,2020-05-27,2020-05-27
XI-IATI-EC_INTPA-2020-PCC-416581,XI-IATI-EC_INTPA,European Commission - Directorate-General for International Partnerships,Multilateral,A02_sector,2,Implementation,CO,3418200.0,3418189.7454000004,3,2020,2023,2.999999999893632e-06,2024-10-31,2024-10-31,0,0.0,,12,1,2020-10-28,2021-01-01
XI-IATI-EC_INTPA-2020-PCC-417520,XI-IATI-EC_INTPA,European Commission - Directorate-General for International Partnerships,Multilateral,A02_sector,2,Implementation,BF,888732.0,660852.0,1,2020,2020,0.2564102564102564,2022-01-01,2022-01-01,0,,,,0,2020-08-18,2020-08-21
XI-IATI-EC_INTPA-2020-PCC-418122,XI-IATI-EC_INTPA,European Commission - Directorate-General for International Partnerships,Multilateral,A02_sector,2,Implementation,ZA,3543534.0,708706.8,1,2020,2020,0.8,2025-07-18,2025-07-18,0,0.0,,12,0,2020-08-13,2020-10-01
XI-IATI-EC_INTPA-2020-PCC-418161,XI-IATI-EC_INTPA,European Commission - Directorate-General for International Partnerships,Multilateral,A02_sector,2,Implementation,RW,2278800.0,2050920.0,4,2020,2024,0.1,2025-02-01,2025-02-01,0,,,,1,2020-09-28,2021-01-01
XI-IATI-EC_INTPA-2020-PCC-418930,XI-IATI-EC_INTPA,European Commission - Directorate-General for International Partnerships,Multilateral,A02_sector,2,Implementation,MN,8431560.0,8430964.538166001,4,2020,2024,7.062297297280229e-05,2025-01-01,2025-01-01,0,,,,1,2020-09-29,2020-10-01
XI-IATI-EC_INTPA-2020-PCC-419898,XI-IATI-EC_INTPA,European Commission - Directorate-General for International Partnerships,Multilateral,A02_sector,2,Implementation,UZ,7404704.235000001,0,0,,,1.0,2026-02-27,2026-02-27,0,0.0,,12,0,2020-12-01,2020-12-17
XI-IATI-EC_INTPA-2020-PCC-420650,XI-IATI-EC_INTPA,European Commission - Directorate-General for International Partnerships,Multilateral,A02_sector,2,Implementation,PY,23927400.0,0,0,,,1.0,2024-12-23,2024-12-23,0,0.0,,12,0,2020-11-27,2020-12-23
XI-IATI-EC_INTPA-2020-PCC-421284,XI-IATI-EC_INTPA,European Commission - Directorate-General for International Partnerships,Multilateral,A02_sector,2,Implementation,MM,5697000.0,5697000.0,1,2021,2021,0.0,2024-01-01,2024-01-01,0,,,,0,2020-12-10,2020-12-16
XI-IATI-EC_INTPA-2020-PCC-421423,XI-IATI-EC_INTPA,European Commission - Directorate-General for International Partnerships,Multilateral,A02_sector,2,Implementation,JM,17888580.0,0,0,,,1.0,2025-11-27,2025-11-27,0,,,,0,2020-11-09,2020-11-27
XI-IATI-EC_INTPA-2020-PCC-422215,XI-IATI-EC_INTPA,European Commission - Directorate-General for International Partnerships,Multilateral,A02_sector,2,Implementation,KH,2050920.0,1845828.0000000002,2,2021,2023,0.09999999999999988,2024-06-30,2024-06-30,0,0.0,,12,0,2020-12-28,2021-01-18
XI-IATI-EC_INTPA-2020-PCC-422462,XI-IATI-EC_INTPA,European Commission - Directorate-General for International Partnerships,Multilateral,A02_sector,2,Implementation,KH,6378970.779,6336989.118846,4,2021,2024,0.0065812592044168575,2025-01-01,2025-01-01,0,0.0,,12,1,2020-12-30,2021-02-01
XI-IATI-EC_INTPA-2020-PCC-422494,XI-IATI-EC_INTPA,European Commission - Directorate-General for International Partnerships,Multilateral,A02_sector,2,Implementation,LC,6897927.600000001,0,0,,,1.0,2023-12-24,2023-12-24,0,,,,0,2020-12-24,2020-12-24
XI-IATI-EC_INTPA-2021-ACT-60903,XI-IATI-EC_INTPA,European Commission - Directorate-General for International Partnerships,Multilateral,A02_sector,2,Implementation,TZ,102546000.0,0,0,,,1.0,2030-04-08,,,,,,0,2021-12-16,2021-12-16
XI-IATI-EC_INTPA-2021-ACT-60930,XI-IATI-EC_INTPA,European Commission - Directorate-General for International Partnerships,Multilateral,A02_sector,2,Implementation,TZ,85455000.0,0,0,,,1.0,2030-04-08,,,,,,0,2021-12-16,2021-12-16
XI-IATI-EC_INTPA-2021-ACT-60933,XI-IATI-EC_INTPA,European Commission - Directorate-General for International Partnerships,Multilateral,A02_sector,2,Implementation,TZ,39879000.0,0,0,,,1.0,2030-10-08,,,,,,0,2021-12-16,2021-12-16
XI-IATI-EC_INTPA-2021-ACT-60940,XI-IATI-EC_INTPA,European Commission - Directorate-General for International Partnerships,Multilateral,A01_general,2,Implementation,CV,20395260.0,0,0,,,1.0,2029-12-20,,,,,,0,2021-12-16,2021-12-16
XI-IATI-EC_INTPA-2021-ACT-61001,XI-IATI-EC_INTPA,European Commission - Directorate-General for International Partnerships,Multilateral,A02_sector,2,Implementation,KG,36460800.0,0,0,,,1.0,2030-04-06,,,,,,0,2021-12-17,2021-12-17
XI-IATI-EC_INTPA-2021-ACT-61065,XI-IATI-EC_INTPA,European Commission - Directorate-General for International Partnerships,Multilateral,A01_general,2,Implementation,TD,45576000.0,0,0,,,1.0,2031-05-11,,,,,,0,2021-12-16,2021-12-16
XI-IATI-EC_INTPA-2021-ACT-61069,XI-IATI-EC_INTPA,European Commission - Directorate-General for International Partnerships,Multilateral,A02_sector,2,Implementation,MR,45234180.0,0,0,,,1.0,2029-06-16,,,,,,0,2021-12-16,2021-12-16
XI-IATI-EC_INTPA-2021-ACT-61078,XI-IATI-EC_INTPA,European Commission - Directorate-General for International Partnerships,Multilateral,A02_sector,2,Implementation,BT,17091000.0,0,0,,,1.0,2027-09-19,,,,,,0,2021-12-16,2021-12-16
XI-IATI-EC_INTPA-2021-ACT-61083,XI-IATI-EC_INTPA,European Commission - Directorate-General for International Partnerships,Multilateral,A01_general,1,Pipeline/identification,BF,0.0,0,0,,,,2025-12-20,,,,,,0,2021-12-16,2021-12-16
XI-IATI-EC_INTPA-2021-ACT-61086,XI-IATI-EC_INTPA,European Commission - Directorate-General for International Partnerships,Multilateral,A01_general,2,Implementation,NE,222183000.0,0,0,,,1.0,2027-05-31,,,,,,0,2021-12-16,2021-12-16
XI-IATI-EC_INTPA-2021-ACT-61090,XI-IATI-EC_INTPA,European Commission - Directorate-General for International Partnerships,Multilateral,A02_sector,2,Implementation,RW,78618600.0,0,0,,,1.0,2030-10-06,,,,,,0,2021-12-16,2021-12-16
XI-IATI-EC_INTPA-2021-ACT-61100,XI-IATI-EC_INTPA,European Commission - Directorate-General for International Partnerships,Multilateral,A02_sector,2,Implementation,WS,15381900.0,0,0,,,1.0,2028-12-22,,,,,,0,2021-12-16,2021-12-16
XI-IATI-EC_INTPA-2021-ACT-61102,XI-IATI-EC_INTPA,European Commission - Directorate-General for International Partnerships,Multilateral,A02_sector,2,Implementation,GL,68364000.0,0,0,,,1.0,2026-05-20,,,,,,0,2021-12-20,2021-12-20
XI-IATI-EC_INTPA-2021-ACT-61104,XI-IATI-EC_INTPA,European Commission - Directorate-General for International Partnerships,Multilateral,A01_general,2,Implementation,SB,9115200.0,0,0,,,1.0,2029-06-21,,,,,,0,2021-12-16,2021-12-16
XI-IATI-EC_INTPA-2021-ACT-61116,XI-IATI-EC_INTPA,European Commission - Directorate-General for International Partnerships,Multilateral,A02_sector,2,Implementation,BD,113940000.0,0,0,,,1.0,2030-06-29,,,,,,0,2021-12-16,2021-12-16
XI-IATI-EC_INTPA-2021-ACT-61120,XI-IATI-EC_INTPA,European Commission - Directorate-General for International Partnerships,Multilateral,A01_general,2,Implementation,TO,11394000.0,0,0,,,1.0,2029-12-21,,,,,,0,2021-12-16,2021-12-16
XI-IATI-EC_INTPA-2021-ACT-61121,XI-IATI-EC_INTPA,European Commission - Directorate-General for International Partnerships,Multilateral,A01_general,2,Implementation,SN,79758000.0,0,0,,,1.0,2032-12-31,,,,,,0,2021-12-16,2021-12-16
XI-IATI-EC_INTPA-2021-ACT-61472,XI-IATI-EC_INTPA,European Commission - Directorate-General for International Partnerships,Multilateral,A02_sector,2,Implementation,NP,67053690.0,0,0,,,1.0,2030-12-31,,,,,,0,2021-12-14,2021-12-14
XI-IATI-EC_INTPA-2021-ACT-61633,XI-IATI-EC_INTPA,European Commission - Directorate-General for International Partnerships,Multilateral,A02_sector,2,Implementation,CO,11394000.0,0,0,,,1.0,2031-11-21,,,,,,0,2025-12-23,2023-02-27
XI-IATI-EC_INTPA-2021-ACT-62292,XI-IATI-EC_INTPA,European Commission - Directorate-General for International Partnerships,Multilateral,A02_sector,2,Implementation,VU,21420720.0,0,0,,,1.0,2033-07-29,,,,,,0,2025-07-29,2024-06-10
XI-IATI-EC_INTPA-2021-ACT-62317,XI-IATI-EC_INTPA,European Commission - Directorate-General for International Partnerships,Multilateral,A02_sector,2,Implementation,TL,13672800.0,0,0,,,1.0,2032-05-26,,,,,,0,2025-05-26,2024-08-06
XI-IATI-EC_INTPA-2021-ACT-62518,XI-IATI-EC_INTPA,European Commission - Directorate-General for International Partnerships,Multilateral,A01_general,2,Implementation,LR,71782200.0,0,0,,,1.0,2030-05-08,,,,,,0,2025-05-08,2024-07-01
XI-IATI-EC_INTPA-2021-ACT-62576,XI-IATI-EC_INTPA,European Commission - Directorate-General for International Partnerships,Multilateral,A02_sector,2,Implementation,BD,50133600.0,0,0,,,1.0,2032-06-29,,,,,,0,2025-03-25,2024-11-14
XI-IATI-EC_INTPA-2021-ACT-62577,XI-IATI-EC_INTPA,European Commission - Directorate-General for International Partnerships,Multilateral,A02_sector,2,Implementation,KG,19369800.0,0,0,,,1.0,2030-10-10,,,,,,0,2025-10-10,2024-06-10
XI-IATI-EC_INTPA-2021-ACT-62696,XI-IATI-EC_INTPA,European Commission - Directorate-General for International Partnerships,Multilateral,A02_sector,2,Implementation,WF,23243760.0,0,0,,,1.0,2031-12-10,,,,,,0,2025-12-11,2024-09-25
XI-IATI-EC_INTPA-2021-ACT-62771,XI-IATI-EC_INTPA,European Commission - Directorate-General for International Partnerships,Multilateral,A02_sector,2,Implementation,PG,29168640.0,0,0,,,1.0,2034-09-11,,,,,,0,2025-09-11,
XI-IATI-EC_INTPA-2021-ACT-62799,XI-IATI-EC_INTPA,European Commission - Directorate-General for International Partnerships,Multilateral,A02_sector,2,Implementation,JM,10026720.0,0,0,,,1.0,2029-12-03,,,,,,0,2025-12-03,2024-07-31
XI-IATI-EC_INTPA-2021-ACT-62976,XI-IATI-EC_INTPA,European Commission - Directorate-General for International Partnerships,Multilateral,A02_sector,1,Pipeline/identification,RW,45576000.0,0,0,,,1.0,,,,,,,0,2100-01-01,
XI-IATI-EC_INTPA-2021-ACT-63055,XI-IATI-EC_INTPA,European Commission - Directorate-General for International Partnerships,Multilateral,A02_sector,2,Implementation,SO,34182000.0,0,0,,,1.0,2034-02-20,,,,,,0,2026-02-20,
XI-IATI-EC_INTPA-2021-ACT-63091,XI-IATI-EC_INTPA,European Commission - Directorate-General for International Partnerships,Multilateral,A02_sector,2,Implementation,SB,11394000.0,0,0,,,1.0,2032-01-21,,,,,,0,2026-01-21,
XI-IATI-EC_INTPA-2021-ACT-63101,XI-IATI-EC_INTPA,European Commission - Directorate-General for International Partnerships,Multilateral,A01_general,2,Implementation,CV,20509200.0,0,0,,,1.0,2030-11-27,,,,,,0,2025-11-27,
XI-IATI-EC_INTPA-2021-ACT-63136,XI-IATI-EC_INTPA,European Commission - Directorate-General for International Partnerships,Multilateral,A02_sector,2,Implementation,KG,22788000.0,0,0,,,1.0,2034-02-25,,,,,,0,2026-02-25,
XI-IATI-EC_INTPA-2021-ACT-63169,XI-IATI-EC_INTPA,European Commission - Directorate-General for International Partnerships,Multilateral,A01_general,1,Pipeline/identification,ZM,45576000.0,0,0,,,1.0,,,,,,,0,2100-01-01,
XI-IATI-EC_INTPA-2021-ACT-63421,XI-IATI-EC_INTPA,European Commission - Directorate-General for International Partnerships,Multilateral,A02_sector,1,Pipeline/identification,MW,77479200.0,0,0,,,1.0,,,,,,,0,2100-01-01,
XI-IATI-EC_INTPA-2021-PC-1116,XI-IATI-EC_INTPA,European Commission - Directorate-General for International Partnerships,Multilateral,A02_sector,2,Implementation,CM,640599.165,128119.83300000001,1,2021,2021,0.8,2024-10-16,2024-10-16,0,,,,0,2021-03-26,2021-05-03
XI-IATI-EC_INTPA-2021-PC-1163,XI-IATI-EC_INTPA,European Commission - Directorate-General for International Partnerships,Multilateral,A02_sector,2,Implementation,ZA,1022242.3344,204448.46688000002,1,2021,2021,0.8,2024-03-21,2024-03-21,0,0.0,,12,0,2021-03-12,2021-03-22
XI-IATI-EC_INTPA-2021-PC-4857,XI-IATI-EC_INTPA,European Commission - Directorate-General for International Partnerships,Multilateral,A02_sector,2,Implementation,PY,1123617.840174,204219.2196,1,2021,2021,0.818248507367616,2023-11-12,2023-11-12,0,,,,0,2021-06-25,2021-06-25
XI-IATI-EC_INTPA-2021-PC-5303,XI-IATI-EC_INTPA,European Commission - Directorate-General for International Partnerships,Multilateral,A02_sector,2,Implementation,ZA,317550.78,63510.156,1,2021,2021,0.7999999999999999,2024-07-14,2024-07-14,0,0.0,,12,0,2021-06-29,2021-07-16
XI-IATI-EC_INTPA-2021-PC-7879,XI-IATI-EC_INTPA,European Commission - Directorate-General for International Partnerships,Multilateral,A02_sector,2,Implementation,CM,177943.5162,71177.40648,1,2021,2021,0.6,2023-03-22,2023-03-22,0,,,,0,2021-12-08,2021-12-08
XI-IATI-EC_INTPA-2021-PCC-417549,XI-IATI-EC_INTPA,European Commission - Directorate-General for International Partnerships,Multilateral,A02_sector,2,Implementation,BF,266965.97760000004,106786.39104000002,1,2021,2021,0.6,2022-07-15,2022-07-15,0,,,,0,2021-02-15,2021-03-15
XI-IATI-EC_INTPA-2021-PCC-419116,XI-IATI-EC_INTPA,European Commission - Directorate-General for International Partnerships,Multilateral,A02_sector,2,Implementation,HN,10368540.0,9690224.4162,4,2021,2025,0.06542054945054937,2025-12-01,2025-12-01,0,0.0,,12,1,2021-05-17,2021-06-01
XI-IATI-EC_INTPA-2021-PCC-421490,XI-IATI-EC_INTPA,European Commission - Directorate-General for International Partnerships,Multilateral,A02_sector,2,Implementation,PY,1709100.0,1538190.0,3,2021,2023,0.1,2024-11-21,2024-11-21,0,0.0,,12,1,2021-01-28,2021-02-01
XI-IATI-EC_INTPA-2021-PCC-422434,XI-IATI-EC_INTPA,European Commission - Directorate-General for International Partnerships,Multilateral,A02_sector,2,Implementation,BF,99583.56000000001,39833.424,1,2021,2021,0.6000000000000001,2022-07-15,2022-07-15,0,,,,0,2021-02-15,2021-03-15
XI-IATI-EC_INTPA-2021-PCC-422992,XI-IATI-EC_INTPA,European Commission - Directorate-General for International Partnerships,Multilateral,A02_sector,2,Implementation,HN,5241240.0,5798194.796934,2,2021,2024,-0.10626393695652178,2025-02-27,2025-02-27,0,0.0,,12,0,2021-08-18,2021-08-27
XI-IATI-EC_INTPA-2021-PCC-423353,XI-IATI-EC_INTPA,European Commission - Directorate-General for International Partnerships,Multilateral,A02_sector,2,Implementation,TJ,3646080.0,4209088.850712,4,2021,2024,-0.1544148375000001,2025-10-31,2025-10-31,0,0.0,,12,1,2021-03-04,2021-03-06
XI-IATI-EC_INTPA-2021-PCC-424359,XI-IATI-EC_INTPA,European Commission - Directorate-General for International Partnerships,Multilateral,A02_sector,2,Implementation,PG,10425510.0,10425510.0,4,2021,2025,0.0,2026-12-15,,,,,,1,2021-07-26,2021-08-06
XI-IATI-EC_INTPA-2021-PCC-425135,XI-IATI-EC_INTPA,European Commission - Directorate-General for International Partnerships,Multilateral,A02_sector,2,Implementation,MM,7975800.0,7975800.0,4,2021,2025,0.0,2025-08-20,2025-08-20,0,0.0,,12,1,2021-08-23,2021-09-01
XI-IATI-EC_INTPA-2021-PCC-425265,XI-IATI-EC_INTPA,European Commission - Directorate-General for International Partnerships,Multilateral,A02_sector,2,Implementation,PY,2962440.0,3318122.806344,3,2021,2023,-0.12006413846153852,2024-11-21,2024-11-21,0,0.0,,12,1,2021-06-25,2021-06-29
XI-IATI-EC_INTPA-2021-PCC-425462,XI-IATI-EC_INTPA,European Commission - Directorate-General for International Partnerships,Multilateral,A02_sector,2,Implementation,TZ,13672800.0,0,0,,,1.0,2033-08-29,,,,,,0,2021-12-21,2021-12-29
XI-IATI-EC_INTPA-2021-PCC-426286,XI-IATI-EC_INTPA,European Commission - Directorate-General for International Partnerships,Multilateral,A02_sector,2,Implementation,ZA,2180002.626,290716.7706,1,2021,2021,0.866643843850122,2026-09-28,,,0.0,,12,0,2021-08-11,2021-09-01
XI-IATI-EC_INTPA-2021-PCC-427166,XI-IATI-EC_INTPA,European Commission - Directorate-General for International Partnerships,Multilateral,A02_sector,2,Implementation,TZ,2278800.0,1972358.096544,2,2021,2023,0.13447511999999995,2024-09-01,2024-09-01,0,,,,0,2021-09-24,2021-11-01
XI-IATI-EC_INTPA-2021-PCC-427597,XI-IATI-EC_INTPA,European Commission - Directorate-General for International Partnerships,Multilateral,A02_sector,1,Pipeline/identification,BB,4044870.0,0,0,,,1.0,2023-08-18,2023-08-18,0,,,,0,2021-10-18,2021-10-18
XI-IATI-EC_INTPA-2021-PCC-428224,XI-IATI-EC_INTPA,European Commission - Directorate-General for International Partnerships,Multilateral,A02_sector,2,Implementation,CO,21078900.0,0,0,,,1.0,2025-11-15,2025-11-15,0,0.0,,12,0,2021-11-11,2021-11-15
XI-IATI-EC_INTPA-2021-PCC-428501,XI-IATI-EC_INTPA,European Commission - Directorate-General for International Partnerships,Multilateral,A02_sector,2,Implementation,BO,22788000.0,0,0,,,1.0,2025-12-06,2025-12-06,0,0.0,,12,0,2021-12-10,2021-12-10
XI-IATI-EC_INTPA-2021-PCC-428606,XI-IATI-EC_INTPA,European Commission - Directorate-General for International Partnerships,Multilateral,A02_sector,2,Implementation,JM,319032.0,272240.738748,2,2021,2023,0.14666635714285714,2024-06-01,2024-06-01,0,,,,0,2021-11-23,2021-12-01
XI-IATI-EC_INTPA-2021-PCC-428618,XI-IATI-EC_INTPA,European Commission - Directorate-General for International Partnerships,Multilateral,A02_sector,2,Implementation,JM,279641.62029600004,282274.91042400006,3,2021,2024,-0.009416660242537182,2024-05-27,2024-05-27,0,,,,1,2021-11-24,2021-11-27
XI-IATI-EC_INTPA-2021-PCC-428633,XI-IATI-EC_INTPA,European Commission - Directorate-General for International Partnerships,Multilateral,A02_sector,2,Implementation,BO,22788000.0,0,0,,,1.0,2025-12-05,2025-12-05,0,0.0,,12,0,2021-12-08,2021-12-08
XI-IATI-EC_INTPA-2021-PCC-429309,XI-IATI-EC_INTPA,European Commission - Directorate-General for International Partnerships,Multilateral,A01_general,2,Implementation,TD,630737.658,581967.9198,2,2022,2023,0.07732174792709146,2023-12-09,2023-12-09,0,,,,0,2021-12-06,2021-12-09
XI-IATI-EC_INTPA-2021-PCC-429840,XI-IATI-EC_INTPA,European Commission - Directorate-General for International Partnerships,Multilateral,A01_general,2,Implementation,GM,410184.0,346651.238304,3,2021,2025,0.15488844444444444,2025-12-17,2025-12-17,0,,,,1,2021-12-16,2021-12-17
XI-IATI-EC_INTPA-2021-PCC-429957,XI-IATI-EC_INTPA,European Commission - Directorate-General for International Partnerships,Multilateral,A01_general,2,Implementation,SN,1481220.0,756863.7119100001,2,2021,2025,0.48902680769230766,2025-12-01,2025-12-01,0,,,,0,2021-12-14,2022-02-01
XI-IATI-EC_INTPA-2021-PCC-430941,XI-IATI-EC_INTPA,European Commission - Directorate-General for International Partnerships,Multilateral,A01_general,4,Closed,CV,6836400.0,0,0,,,1.0,2022-12-20,2022-12-20,0,,,,0,2021-12-20,2021-12-20
XI-IATI-EC_INTPA-2022-ACT-60558,XI-IATI-EC_INTPA,European Commission - Directorate-General for International Partnerships,Multilateral,A02_sector,2,Implementation,KH,35321400.0,0,0,,,1.0,2033-06-08,,,,,,0,2022-08-23,2022-08-23
XI-IATI-EC_INTPA-2022-ACT-60599,XI-IATI-EC_INTPA,European Commission - Directorate-General for International Partnerships,Multilateral,A01_general,2,Implementation,KI,9115200.0,0,0,,,1.0,2030-01-24,,,,,,0,2022-02-18,2022-02-18
XI-IATI-EC_INTPA-2022-ACT-60628,XI-IATI-EC_INTPA,European Commission - Directorate-General for International Partnerships,Multilateral,A02_sector,2,Implementation,LA,59248800.0,0,0,,,1.0,2032-12-20,,,,,,0,2022-09-01,2022-09-01
XI-IATI-EC_INTPA-2022-ACT-60636,XI-IATI-EC_INTPA,European Commission - Directorate-General for International Partnerships,Multilateral,A02_sector,2,Implementation,TV,5127300.0,0,0,,,1.0,2030-05-12,,,,,,0,2022-08-18,2022-08-18
XI-IATI-EC_INTPA-2022-ACT-60692,XI-IATI-EC_INTPA,European Commission - Directorate-General for International Partnerships,Multilateral,A02_sector,2,Implementation,JM,10824300.0,0,0,,,1.0,2028-07-30,,,,,,0,2022-12-20,2022-12-20
XI-IATI-EC_INTPA-2022-ACT-60736,XI-IATI-EC_INTPA,European Commission - Directorate-General for International Partnerships,Multilateral,A02_sector,2,Implementation,BL,2848500.0,0,0,,,1.0,2029-07-03,,,,,,0,2022-12-12,2022-12-12
XI-IATI-EC_INTPA-2022-ACT-60909,XI-IATI-EC_INTPA,European Commission - Directorate-General for International Partnerships,Multilateral,A02_sector,2,Implementation,ST,7178220.0,0,0,,,1.0,2029-05-16,,,,,,0,2022-12-12,2022-12-12
XI-IATI-EC_INTPA-2022-ACT-60961,XI-IATI-EC_INTPA,European Commission - Directorate-General for International Partnerships,Multilateral,A02_sector,2,Implementation,TZ,56970000.0,0,0,,,1.0,2028-03-27,,,,,,0,2022-12-16,2022-12-16
XI-IATI-EC_INTPA-2022-ACT-60987,XI-IATI-EC_INTPA,European Commission - Directorate-General for International Partnerships,Multilateral,A02_sector,2,Implementation,BT,10596420.0,0,0,,,1.0,2028-05-04,,,,,,0,2022-11-16,2022-11-16
XI-IATI-EC_INTPA-2022-ACT-61240,XI-IATI-EC_INTPA,European Commission - Directorate-General for International Partnerships,Multilateral,A02_sector,2,Implementation,RW,77479200.0,0,0,,,1.0,2030-10-25,,,,,,0,2022-11-30,2022-11-30
XI-IATI-EC_INTPA-2022-ACT-61302,XI-IATI-EC_INTPA,European Commission - Directorate-General for International Partnerships,Multilateral,A02_sector,2,Implementation,GY,5264028.0,0,0,,,1.0,2029-06-13,,,,,,0,2022-12-29,2022-12-29
XI-IATI-EC_INTPA-2022-ACT-61306,XI-IATI-EC_INTPA,European Commission - Directorate-General for International Partnerships,Multilateral,A02_sector,2,Implementation,AO,68364000.0,0,0,,,1.0,2031-02-10,,,,,,0,2022-12-16,2022-12-16
XI-IATI-EC_INTPA-2022-ACT-61310,XI-IATI-EC_INTPA,European Commission - Directorate-General for International Partnerships,Multilateral,A02_sector,2,Implementation,NA,18230400.0,0,0,,,1.0,2030-07-17,,,,,,0,2022-12-15,2022-12-15
XI-IATI-EC_INTPA-2022-ACT-61423,XI-IATI-EC_INTPA,European Commission - Directorate-General for International Partnerships,Multilateral,A02_sector,2,Implementation,PM,30763800.0,0,0,,,1.0,2029-02-06,,,,,,0,2022-12-13,2022-12-13
XI-IATI-EC_INTPA-2022-ACT-61433,XI-IATI-EC_INTPA,European Commission - Directorate-General for International Partnerships,Multilateral,A02_sector,2,Implementation,NC,36346860.0,0,0,,,1.0,2030-09-01,,,,,,0,2022-11-21,2022-11-21
XI-IATI-EC_INTPA-2022-ACT-61446,XI-IATI-EC_INTPA,European Commission - Directorate-General for International Partnerships,Multilateral,A02_sector,2,Implementation,PF,35435340.0,0,0,,,1.0,2030-02-27,,,,,,0,2022-11-21,2022-11-21
XI-IATI-EC_INTPA-2022-ACT-61483,XI-IATI-EC_INTPA,European Commission - Directorate-General for International Partnerships,Multilateral,A02_sector,2,Implementation,CO,11963700.0,0,0,,,1.0,2029-12-19,,,,,,0,2022-12-16,2022-12-16
XI-IATI-EC_INTPA-2022-ACT-61489,XI-IATI-EC_INTPA,European Commission - Directorate-General for International Partnerships,Multilateral,A02_sector,2,Implementation,DO,14812200.0,0,0,,,1.0,2028-12-21,,,,,,0,2022-12-20,2022-12-20
XI-IATI-EC_INTPA-2022-ACT-61496,XI-IATI-EC_INTPA,European Commission - Directorate-General for International Partnerships,Multilateral,A01_general,2,Implementation,TG,45576000.0,0,0,,,1.0,2030-04-25,,,,,,0,2022-12-19,2022-12-19
XI-IATI-EC_INTPA-2022-ACT-61508,XI-IATI-EC_INTPA,European Commission - Directorate-General for International Partnerships,Multilateral,A01_general,2,Implementation,BJ,84030750.0,0,0,,,1.0,2032-07-09,,,,,,0,2022-11-23,2022-11-23
XI-IATI-EC_INTPA-2022-ACT-D-44448-00,XI-IATI-EC_INTPA,European Commission - Directorate-General for International Partnerships,Multilateral,A01_general,2,Implementation,NE,28485000.0,0,0,,,1.0,2032-05-24,,,,,,0,2022-11-23,2022-11-23
XI-IATI-EC_INTPA-2022-ACT-D-44510-00,XI-IATI-EC_INTPA,European Commission - Directorate-General for International Partnerships,Multilateral,A01_general,2,Implementation,CM,22788000.0,0,0,,,1.0,2038-12-28,,,,,,0,2022-12-28,2022-12-28
XI-IATI-EC_INTPA-2022-PC-15528,XI-IATI-EC_INTPA,European Commission - Directorate-General for International Partnerships,Multilateral,A02_sector,2,Implementation,KG,30763800.0,0,0,,,1.0,2028-02-29,,,0.0,,12,0,2022-07-27,2022-08-01
XI-IATI-EC_INTPA-2022-PC-15588,XI-IATI-EC_INTPA,European Commission - Directorate-General for International Partnerships,Multilateral,A02_sector,2,Implementation,TZ,70642800.0,0,0,,,1.0,2028-04-08,,,0.0,,12,0,2022-04-08,2022-04-08
XI-IATI-EC_INTPA-2022-PC-15602,XI-IATI-EC_INTPA,European Commission - Directorate-General for International Partnerships,Multilateral,A02_sector,2,Implementation,TZ,31903200.0,0,0,,,1.0,2026-04-08,2026-04-08,0,0.0,,12,0,2022-04-08,2022-04-08
XI-IATI-EC_INTPA-2022-PC-15913,XI-IATI-EC_INTPA,European Commission - Directorate-General for International Partnerships,Multilateral,A02_sector,2,Implementation,TZ,27345600.0,0,0,,,1.0,2026-04-08,2026-04-08,0,0.0,,12,0,2022-04-08,2022-04-08
XI-IATI-EC_INTPA-2022-PC-16482,XI-IATI-EC_INTPA,European Commission - Directorate-General for International Partnerships,Multilateral,A01_general,4,Closed,TD,6836400.0,0,0,,,1.0,2024-12-30,2024-12-30,0,0.0,,12,0,2022-06-07,2022-06-07
XI-IATI-EC_INTPA-2022-PC-16632,XI-IATI-EC_INTPA,European Commission - Directorate-General for International Partnerships,Multilateral,A02_sector,2,Implementation,TZ,5127300.0,5127300.0,4,2022,2026,0.0,2026-12-31,,,0.0,,12,1,2022-09-13,2022-09-15
XI-IATI-EC_INTPA-2022-PC-16749,XI-IATI-EC_INTPA,European Commission - Directorate-General for International Partnerships,Multilateral,A02_sector,2,Implementation,CM,530162.8200000001,106032.564,1,2022,2022,0.8,2024-05-30,2024-05-30,0,,,,0,2022-11-08,2022-11-08
XI-IATI-EC_INTPA-2022-PC-16758,XI-IATI-EC_INTPA,European Commission - Directorate-General for International Partnerships,Multilateral,A01_general,2,Implementation,NE,44436600.0,0,0,,,1.0,2027-05-30,,,0.0,,12,0,2022-05-31,2022-05-31
XI-IATI-EC_INTPA-2022-PC-16925,XI-IATI-EC_INTPA,European Commission - Directorate-General for International Partnerships,Multilateral,A01_general,2,Implementation,NE,1105085.8296,1105085.8296,1,2022,2022,0.0,2025-01-01,2025-01-01,0,,,,0,2022-11-21,2023-01-01
XI-IATI-EC_INTPA-2022-PC-17800,XI-IATI-EC_INTPA,European Commission - Directorate-General for International Partnerships,Multilateral,A02_sector,4,Closed,GL,65831398.65,0,0,,,1.0,2024-05-19,2024-05-19,0,0.0,,12,0,2022-05-20,2022-05-20
XI-IATI-EC_INTPA-2022-PC-18559,XI-IATI-EC_INTPA,European Commission - Directorate-General for International Partnerships,Multilateral,A01_general,2,Implementation,SB,8545500.0,0,0,,,1.0,2027-06-20,,,0.0,,12,0,2022-06-21,2022-06-21
XI-IATI-EC_INTPA-2022-PC-18569,XI-IATI-EC_INTPA,European Commission - Directorate-General for International Partnerships,Multilateral,A02_sector,4,Closed,MR,23357700.0,0,0,,,1.0,2025-09-01,2025-09-01,0,,,,0,2022-08-31,2022-09-01
XI-IATI-EC_INTPA-2022-PC-19577,XI-IATI-EC_INTPA,European Commission - Directorate-General for International Partnerships,Multilateral,A02_sector,2,Implementation,MR,6836400.0,5183637.633,3,2023,2025,0.2417591666666666,2027-01-01,,,0.0,,12,1,2022-12-23,2023-01-01
XI-IATI-EC_INTPA-2022-PC-19819,XI-IATI-EC_INTPA,European Commission - Directorate-General for International Partnerships,Multilateral,A02_sector,2,Implementation,RW,59248800.0,0,0,,,1.0,2028-11-22,,,0.0,,12,0,2022-11-22,2022-11-22
XI-IATI-EC_INTPA-2022-PC-20222,XI-IATI-EC_INTPA,European Commission - Directorate-General for International Partnerships,Multilateral,A02_sector,2,Implementation,BT,15381900.0,0,0,,,1.0,2027-09-19,,,0.0,,12,0,2022-09-19,2022-09-19
XI-IATI-EC_INTPA-2022-PC-21486,XI-IATI-EC_INTPA,European Commission - Directorate-General for International Partnerships,Multilateral,A02_sector,2,Implementation,CM,1139400.0,1025460.0,2,2022,2024,0.1,2026-01-01,2026-01-01,0,,,,0,2022-12-05,2022-12-06
XI-IATI-EC_INTPA-2022-PC-21502,XI-IATI-EC_INTPA,European Commission - Directorate-General for International Partnerships,Multilateral,A02_sector,2,Implementation,BD,153819000.0,0,0,,,1.0,2030-06-29,,,0.0,,12,0,2022-09-14,2022-09-14
XI-IATI-EC_INTPA-2022-PC-21515,XI-IATI-EC_INTPA,European Commission - Directorate-General for International Partnerships,Multilateral,A01_general,2,Implementation,BF,113256.36,45302.544,1,2024,2024,0.6,2024-12-01,2024-12-01,0,,,,0,2022-12-31,2022-12-31
XI-IATI-EC_INTPA-2022-PC-21579,XI-IATI-EC_INTPA,European Commission - Directorate-General for International Partnerships,Multilateral,A02_sector,2,Implementation,JM,415256.69995200005,391553.44272000005,3,2022,2025,0.057080974815673986,2025-11-02,2025-11-02,0,,,,1,2022-12-01,2023-01-02
XI-IATI-EC_INTPA-2022-PC-21817,XI-IATI-EC_INTPA,European Commission - Directorate-General for International Partnerships,Multilateral,A01_general,2,Implementation,GM,2050920.0,1910607.003234,2,2023,2024,0.06841466111111114,2025-12-20,2025-12-20,0,,,,0,2022-12-12,2023-01-28
XI-IATI-EC_INTPA-2022-PC-22100,XI-IATI-EC_INTPA,European Commission - Directorate-General for International Partnerships,Multilateral,A01_general,2,Implementation,NE,754010.4834,754010.4834,1,2022,2022,0.0,2025-01-01,2025-01-01,0,,,,0,2022-12-12,2023-01-01
XI-IATI-EC_INTPA-2022-PC-22890,XI-IATI-EC_INTPA,European Commission - Directorate-General for International Partnerships,Multilateral,A02_sector,2,Implementation,UZ,678284.8200000001,651129.8416200001,1,2022,2022,0.040034772383672076,2024-12-02,2024-12-02,0,0.0,,12,0,2022-12-01,2022-12-02
XI-IATI-EC_INTPA-2022-PC-23195,XI-IATI-EC_INTPA,European Commission - Directorate-General for International Partnerships,Multilateral,A02_sector,2,Implementation,RW,11394000.0,7549604.0118,2,2022,2025,0.33740529999999996,2028-01-01,,,0.0,,12,0,2022-12-15,2023-01-01
XI-IATI-EC_INTPA-2022-PC-23770,XI-IATI-EC_INTPA,European Commission - Directorate-General for International Partnerships,Multilateral,A02_sector,2,Implementation,VN,7406100.0,5770909.28889,4,2022,2026,0.22078971538461534,2027-12-01,,,0.0,,12,1,2022-12-08,2023-01-01
XI-IATI-EC_INTPA-2022-PC-24289,XI-IATI-EC_INTPA,European Commission - Directorate-General for International Partnerships,Multilateral,A02_sector,2,Implementation,KH,21677085.0,0,0,,,1.0,2026-12-07,,,0.0,,12,0,2022-12-08,2022-12-08
XI-IATI-EC_INTPA-2022-PC-24334,XI-IATI-EC_INTPA,European Commission - Directorate-General for International Partnerships,Multilateral,A01_general,4,Closed,CV,11929518.0,0,0,,,1.0,2024-12-21,2024-12-21,0,0.0,,12,0,2022-12-20,2022-12-22
XI-IATI-EC_INTPA-2022-PC-24537,XI-IATI-EC_INTPA,European Commission - Directorate-General for International Partnerships,Multilateral,A02_sector,2,Implementation,TO,7577010.0,0,0,,,1.0,2027-12-21,,,0.0,,12,0,2022-12-21,2022-12-21
XI-IATI-EC_INTPA-2022-PC-24576,XI-IATI-EC_INTPA,European Commission - Directorate-General for International Partnerships,Multilateral,A02_sector,2,Implementation,WS,15154020.0,0,0,,,1.0,2026-12-22,,,0.0,,12,0,2022-12-22,2022-12-22
XI-IATI-EC_INTPA-2022-PCC-421392,XI-IATI-EC_INTPA,European Commission - Directorate-General for International Partnerships,Multilateral,A02_sector,2,Implementation,LA,4557600.0,4546131.266754,3,2022,2024,0.002516397499999902,2028-03-18,,,0.0,,12,1,2022-07-14,2025-03-19
XI-IATI-EC_INTPA-2022-PCC-428966,XI-IATI-EC_INTPA,European Commission - Directorate-General for International Partnerships,Multilateral,A02_sector,2,Implementation,VN,2848500.0,2529328.3804,3,2022,2026,0.11204901513077054,2026-06-30,2026-06-30,0,0.0,,12,1,2022-09-30,2022-10-01
XI-IATI-EC_INTPA-2022-PCC-429583,XI-IATI-EC_INTPA,European Commission - Directorate-General for International Partnerships,Multilateral,A02_sector,2,Implementation,VN,137867400.0,0,0,,,1.0,2027-12-31,,,0.0,,12,0,2022-01-28,2022-01-28
XI-IATI-EC_INTPA-2022-PCC-429800,XI-IATI-EC_INTPA,European Commission - Directorate-General for International Partnerships,Multilateral,A02_sector,2,Implementation,PG,6233942.25,0,0,,,1.0,2026-03-29,2026-03-29,0,,,,0,2022-04-05,2022-04-29
XI-IATI-EC_INTPA-2022-PCC-431645,XI-IATI-EC_INTPA,European Commission - Directorate-General for International Partnerships,Multilateral,A02_sector,1,Pipeline/identification,DO,991517.2740000001,180275.86800000002,1,2022,2022,0.8181818181818182,2025-10-28,2025-10-28,0,,,,0,2022-03-07,2022-03-15
XI-IATI-EC_INTPA-2022-PCC-435740,XI-IATI-EC_INTPA,European Commission - Directorate-General for International Partnerships,Multilateral,A02_sector,2,Implementation,PE,13672800.0,0,0,,,1.0,2025-12-29,2025-12-29,0,,,,0,2022-10-04,2022-10-04
XI-IATI-EC_INTPA-2022-PCC-436209,XI-IATI-EC_INTPA,European Commission - Directorate-General for International Partnerships,Multilateral,A01_general,2,Implementation,CF,0.0,0,0,,,,2023-09-14,2023-09-14,0,,,,0,2022-09-14,2022-09-14
XI-IATI-EC_INTPA-2023-ACT-60734,XI-IATI-EC_INTPA,European Commission - Directorate-General for International Partnerships,Multilateral,A02_sector,2,Implementation,BO,35321400.0,0,0,,,1.0,2031-11-01,,,,,,0,2023-04-26,2023-04-26
XI-IATI-EC_INTPA-2023-ACT-60983,XI-IATI-EC_INTPA,European Commission - Directorate-General for International Partnerships,Multilateral,A02_sector,2,Implementation,TZ,125334000.0,0,0,,,1.0,2034-11-08,,,,,,0,2023-05-08,2023-05-08
XI-IATI-EC_INTPA-2023-ACT-61233,XI-IATI-EC_INTPA,European Commission - Directorate-General for International Partnerships,Multilateral,A01_general,2,Implementation,SL,102546000.0,0,0,,,1.0,2031-11-25,,,,,,0,2023-12-18,2023-12-18
XI-IATI-EC_INTPA-2023-ACT-61294,XI-IATI-EC_INTPA,European Commission - Directorate-General for International Partnerships,Multilateral,A02_sector,2,Implementation,UZ,40981421.28573,0,0,,,1.0,2033-10-19,,,,,,0,2023-07-26,2023-07-26
XI-IATI-EC_INTPA-2023-ACT-61325,XI-IATI-EC_INTPA,European Commission - Directorate-General for International Partnerships,Multilateral,A02_sector,2,Implementation,TJ,34182000.0,0,0,,,1.0,2028-06-30,,,,,,0,2023-03-03,2023-03-03
XI-IATI-EC_INTPA-2023-ACT-61606,XI-IATI-EC_INTPA,European Commission - Directorate-General for International Partnerships,Multilateral,A02_sector,2,Implementation,FJ,14584320.0,0,0,,,1.0,2030-12-14,,,,,,0,2023-10-03,2023-10-03
XI-IATI-EC_INTPA-2023-ACT-61699,XI-IATI-EC_INTPA,European Commission - Directorate-General for International Partnerships,Multilateral,A02_sector,2,Implementation,BJ,38739600.0,0,0,,,1.0,2031-08-05,,,,,,0,2023-11-06,2023-11-06
XI-IATI-EC_INTPA-2023-ACT-61724,XI-IATI-EC_INTPA,European Commission - Directorate-General for International Partnerships,Multilateral,A02_sector,2,Implementation,BD,45576000.0,0,0,,,1.0,2028-12-17,,,,,,0,2023-09-15,2023-09-15
XI-IATI-EC_INTPA-2023-ACT-61732,XI-IATI-EC_INTPA,European Commission - Directorate-General for International Partnerships,Multilateral,A02_sector,2,Implementation,KH,64945800.0,0,0,,,1.0,2030-03-27,,,,,,0,2023-11-13,2023-11-13
XI-IATI-EC_INTPA-2023-ACT-61831,XI-IATI-EC_INTPA,European Commission - Directorate-General for International Partnerships,Multilateral,A02_sector,2,Implementation,AW,16179480.0,0,0,,,1.0,2031-02-28,,,,,,0,2023-11-23,2023-11-23
XI-IATI-EC_INTPA-2023-ACT-61846,XI-IATI-EC_INTPA,European Commission - Directorate-General for International Partnerships,Multilateral,A01_general,2,Implementation,GM,45576000.0,0,0,,,1.0,2029-11-20,,,,,,0,2023-11-06,2023-11-06
XI-IATI-EC_INTPA-2023-ACT-61862,XI-IATI-EC_INTPA,European Commission - Directorate-General for International Partnerships,Multilateral,A01_general,2,Implementation,SO,22788000.0,0,0,,,1.0,2028-11-18,,,,,,0,2023-08-01,2023-08-01
XI-IATI-EC_INTPA-2023-ACT-61863,XI-IATI-EC_INTPA,European Commission - Directorate-General for International Partnerships,Multilateral,A01_general,2,Implementation,ZM,68364000.0,0,0,,,1.0,2028-12-31,,,,,,0,2023-06-01,2023-06-01
XI-IATI-EC_INTPA-2023-ACT-61910,XI-IATI-EC_INTPA,European Commission - Directorate-General for International Partnerships,Multilateral,A02_sector,2,Implementation,GL,25636500.0,0,0,,,1.0,2032-09-30,,,,,,0,2023-12-20,2023-12-20
XI-IATI-EC_INTPA-2023-ACT-62014,XI-IATI-EC_INTPA,European Commission - Directorate-General for International Partnerships,Multilateral,A01_general,2,Implementation,CI,56970000.0,0,0,,,1.0,2032-06-13,,,,,,0,2023-12-20,2023-12-20
XI-IATI-EC_INTPA-2023-ACT-62246,XI-IATI-EC_INTPA,European Commission - Directorate-General for International Partnerships,Multilateral,A02_sector,2,Implementation,GL,81182250.0,0,0,,,1.0,2030-12-19,,,,,,0,2023-12-01,2023-12-01
XI-IATI-EC_INTPA-2023-PC-16929,XI-IATI-EC_INTPA,European Commission - Directorate-General for International Partnerships,Multilateral,A01_general,2,Implementation,NE,3987672.12,797534.424,1,2023,2023,0.7999999999999999,2028-04-24,,,0.0,,12,0,2023-04-13,2023-04-25
XI-IATI-EC_INTPA-2023-PC-18126,XI-IATI-EC_INTPA,European Commission - Directorate-General for International Partnerships,Multilateral,A01_general,2,Implementation,CF,2073708.0,278013.60000000003,1,2023,2023,0.8659340659340659,2025-09-01,2025-09-01,0,,,,0,2023-05-17,2023-06-01
XI-IATI-EC_INTPA-2023-PC-18143,XI-IATI-EC_INTPA,European Commission - Directorate-General for International Partnerships,Multilateral,A02_sector,2,Implementation,CM,206385.10506,0,0,,,1.0,2024-08-15,2024-08-15,0,,,,0,2023-09-01,2023-09-04
XI-IATI-EC_INTPA-2023-PC-18768,XI-IATI-EC_INTPA,European Commission - Directorate-General for International Partnerships,Multilateral,A02_sector,2,Implementation,TZ,2278800.0,2050920.0,2,2023,2026,0.1,2026-12-31,,,0.0,,12,0,2023-06-27,2023-07-15
XI-IATI-EC_INTPA-2023-PC-19168,XI-IATI-EC_INTPA,European Commission - Directorate-General for International Partnerships,Multilateral,A01_general,4,Closed,NE,1749828.9923999999,1749828.9924,1,2023,2023,-1.3305908443917588e-16,2025-09-22,2025-09-22,0,0.0,,12,0,2023-04-14,2022-09-23
XI-IATI-EC_INTPA-2023-PC-19387,XI-IATI-EC_INTPA,European Commission - Directorate-General for International Partnerships,Multilateral,A02_sector,2,Implementation,KG,879776.316,175955.26320000002,1,2023,2023,0.7999999999999999,2025-10-27,2025-10-27,0,0.0,,12,0,2023-01-30,2023-02-01
XI-IATI-EC_INTPA-2023-PC-20001,XI-IATI-EC_INTPA,European Commission - Directorate-General for International Partnerships,Multilateral,A01_general,2,Implementation,NE,455700.75120000006,455700.7512,1,2023,2023,1.277322031183595e-16,2025-07-20,2025-07-20,0,0.0,,12,0,2023-07-20,2023-07-21
XI-IATI-EC_INTPA-2023-PC-20035,XI-IATI-EC_INTPA,European Commission - Directorate-General for International Partnerships,Multilateral,A01_general,4,Closed,NE,396250.72176600003,396250.72176600003,1,2023,2023,0.0,2026-06-21,2026-06-21,0,0.0,,12,0,2023-06-21,2023-06-22
XI-IATI-EC_INTPA-2023-PC-20039,XI-IATI-EC_INTPA,European Commission - Directorate-General for International Partnerships,Multilateral,A01_general,2,Implementation,NE,369447.0318,369447.0318,1,2023,2023,0.0,2028-05-15,,,0.0,,12,0,2023-05-15,2023-05-16
XI-IATI-EC_INTPA-2023-PC-21484,XI-IATI-EC_INTPA,European Commission - Directorate-General for International Partnerships,Multilateral,A02_sector,2,Implementation,CM,973275.4800000001,194655.09600000002,1,2023,2023,0.8,2026-01-10,2026-01-10,0,,,,0,2023-06-30,2023-07-10
XI-IATI-EC_INTPA-2023-PC-22049,XI-IATI-EC_INTPA,European Commission - Directorate-General for International Partnerships,Multilateral,A01_general,2,Implementation,SB,462026.7,106448.445,2,2023,2025,0.7696054254007398,2026-04-16,2026-04-16,0,0.0,,12,0,2023-03-08,2023-04-17
XI-IATI-EC_INTPA-2023-PC-22492,XI-IATI-EC_INTPA,European Commission - Directorate-General for International Partnerships,Multilateral,A01_general,4,Closed,NE,1779763.1382900001,1166852.7036000001,1,2023,2023,0.34437753064089505,2027-06-01,,,0.0,,12,0,2023-01-02,2023-01-02
XI-IATI-EC_INTPA-2023-PC-23130,XI-IATI-EC_INTPA,European Commission - Directorate-General for International Partnerships,Multilateral,A02_sector,2,Implementation,AO,5144220.09,341820.0,1,2023,2023,0.9335526097212532,2028-01-24,,,0.0,,12,0,2023-09-21,2023-09-25
XI-IATI-EC_INTPA-2023-PC-23134,XI-IATI-EC_INTPA,European Commission - Directorate-General for International Partnerships,Multilateral,A02_sector,2,Implementation,AO,5440635.0,4394302.3314000005,3,2023,2025,0.19231811518324599,2027-06-20,,,0.0,,12,1,2023-06-20,2023-06-20
XI-IATI-EC_INTPA-2023-PC-23139,XI-IATI-EC_INTPA,European Commission - Directorate-General for International Partnerships,Multilateral,A02_sector,2,Implementation,AO,51273000.0,0,0,,,1.0,2027-03-15,,,0.0,,12,0,2023-05-12,2023-05-15
XI-IATI-EC_INTPA-2023-PC-23354,XI-IATI-EC_INTPA,European Commission - Directorate-General for International Partnerships,Multilateral,A02_sector,2,Implementation,TZ,36005040.0,0,0,,,1.0,2027-10-01,,,,,,0,2023-09-27,2023-09-27
XI-IATI-EC_INTPA-2023-PC-24210,XI-IATI-EC_INTPA,European Commission - Directorate-General for International Partnerships,Multilateral,A02_sector,2,Implementation,NC,36346860.0,0,0,,,1.0,2028-08-31,,,0.0,,12,0,2023-09-01,2023-09-01
XI-IATI-EC_INTPA-2023-PC-24213,XI-IATI-EC_INTPA,European Commission - Directorate-General for International Partnerships,Multilateral,A02_sector,2,Implementation,PF,35435340.0,0,0,,,1.0,2028-02-26,,,0.0,,12,0,2023-02-27,2023-02-27
XI-IATI-EC_INTPA-2023-PC-24294,XI-IATI-EC_INTPA,European Commission - Directorate-General for International Partnerships,Multilateral,A02_sector,2,Implementation,LA,45291150.0,0,0,,,1.0,2030-12-19,,,0.0,,12,0,2023-06-20,2023-06-20
XI-IATI-EC_INTPA-2023-PC-24360,XI-IATI-EC_INTPA,European Commission - Directorate-General for International Partnerships,Multilateral,A02_sector,2,Implementation,SV,9115200.0,5062683.4866,3,2023,2025,0.44458887499999994,2028-01-26,,,0.0,,12,1,2023-01-25,2023-01-25
XI-IATI-EC_INTPA-2023-PC-25042,XI-IATI-EC_INTPA,European Commission - Directorate-General for International Partnerships,Multilateral,A01_general,2,Implementation,BJ,8545500.0,4557600.0,3,2023,2026,0.4666666666666667,2028-08-31,,,3500000.0,,12,1,2023-08-31,2023-09-01
XI-IATI-EC_INTPA-2023-PC-25043,XI-IATI-EC_INTPA,European Commission - Directorate-General for International Partnerships,Multilateral,A01_general,2,Implementation,BJ,765676.8,306270.72000000003,1,2023,2023,0.6,2026-06-25,2026-06-25,0,112500.0,,12,0,2023-08-24,2023-08-29
XI-IATI-EC_INTPA-2023-PC-25058,XI-IATI-EC_INTPA,European Commission - Directorate-General for International Partnerships,Multilateral,A02_sector,2,Implementation,BL,2278800.0,0,0,,,1.0,2027-11-27,,,0.0,,12,0,2023-11-27,2023-11-27
XI-IATI-EC_INTPA-2023-PC-25140,XI-IATI-EC_INTPA,European Commission - Directorate-General for International Partnerships,Multilateral,A02_sector,2,Implementation,KG,225764.1342,90305.65368,1,2023,2023,0.6,2026-03-15,2026-03-15,0,0.0,,12,0,2023-03-10,2023-03-15
XI-IATI-EC_INTPA-2023-PC-25147,XI-IATI-EC_INTPA,European Commission - Directorate-General for International Partnerships,Multilateral,A01_general,4,Closed,BJ,17091000.0,0,0,,,1.0,2024-07-10,2024-07-10,0,,,,0,2023-07-10,2023-07-10
XI-IATI-EC_INTPA-2023-PC-25426,XI-IATI-EC_INTPA,European Commission - Directorate-General for International Partnerships,Multilateral,A01_general,2,Implementation,CF,25066800.0,15349422.918402001,3,2023,2026,0.38765925772727267,2028-06-13,,,,,,1,2023-06-09,2023-06-13
XI-IATI-EC_INTPA-2023-PC-25538,XI-IATI-EC_INTPA,European Commission - Directorate-General for International Partnerships,Multilateral,A02_sector,2,Implementation,BO,29624400.0,0,0,,,1.0,2027-11-01,,,0.0,,12,0,2023-11-01,2023-11-01
XI-IATI-EC_INTPA-2023-PC-25625,XI-IATI-EC_INTPA,European Commission - Directorate-General for International Partnerships,Multilateral,A02_sector,2,Implementation,GY,5264028.0,0,0,,,1.0,2027-11-17,,,0.0,,12,0,2023-11-17,2023-11-17
XI-IATI-EC_INTPA-2023-PC-25655,XI-IATI-EC_INTPA,European Commission - Directorate-General for International Partnerships,Multilateral,A02_sector,2,Implementation,TV,4215780.0,0,0,,,1.0,2028-05-11,,,0.0,,12,0,2023-05-12,2023-05-12
XI-IATI-EC_INTPA-2023-PC-25701,XI-IATI-EC_INTPA,European Commission - Directorate-General for International Partnerships,Multilateral,A02_sector,2,Implementation,NP,45576000.0,0,0,,,1.0,2028-11-30,,,8850000.0,,12,0,2023-08-30,2023-08-30
XI-IATI-EC_INTPA-2023-PC-25713,XI-IATI-EC_INTPA,European Commission - Directorate-General for International Partnerships,Multilateral,A02_sector,2,Implementation,NP,5697000.0,1970767.7676000001,2,2023,2026,0.6540692,2028-09-14,,,0.0,,12,0,2023-12-15,2023-12-15
XI-IATI-EC_INTPA-2023-PC-25850,XI-IATI-EC_INTPA,European Commission - Directorate-General for International Partnerships,Multilateral,A01_general,2,Implementation,SN,68364000.0,0,0,,,1.0,2027-04-05,,,0.0,,12,0,2023-04-05,2023-04-05
XI-IATI-EC_INTPA-2023-PC-26026,XI-IATI-EC_INTPA,European Commission - Directorate-General for International Partnerships,Multilateral,A01_general,2,Implementation,TD,2749351.6908,423546.88320000004,1,2023,2023,0.8459466336673874,2026-03-06,2026-03-06,0,0.0,,12,0,2023-08-07,2023-08-07
XI-IATI-EC_INTPA-2023-PC-26198,XI-IATI-EC_INTPA,European Commission - Directorate-General for International Partnerships,Multilateral,A01_general,2,Implementation,TG,3418200.0,2695929.577308,1,2023,2023,0.2113013933333333,2027-04-30,,,0.0,,12,0,2023-04-28,2023-05-01
XI-IATI-EC_INTPA-2023-PC-26203,XI-IATI-EC_INTPA,European Commission - Directorate-General for International Partnerships,Multilateral,A01_general,4,Closed,TG,11394000.0,0,0,,,1.0,2025-09-08,2025-09-08,0,,,,0,2023-09-08,2023-09-08
XI-IATI-EC_INTPA-2023-PC-26293,XI-IATI-EC_INTPA,European Commission - Directorate-General for International Partnerships,Multilateral,A02_sector,2,Implementation,DO,12191580.0,0,0,,,1.0,2027-12-21,,,0.0,,12,0,2023-12-21,2023-12-21
XI-IATI-EC_INTPA-2023-PC-26364,XI-IATI-EC_INTPA,European Commission - Directorate-General for International Partnerships,Multilateral,A02_sector,2,Implementation,PM,30592890.0,0,0,,,1.0,2027-02-06,,,0.0,,12,0,2023-02-06,2023-02-06
XI-IATI-EC_INTPA-2023-PC-26380,XI-IATI-EC_INTPA,European Commission - Directorate-General for International Partnerships,Multilateral,A02_sector,2,Implementation,UZ,22788000.0,0,0,,,1.0,2027-10-19,,,0.0,,12,0,2023-10-19,2023-10-19
XI-IATI-EC_INTPA-2023-PC-26411,XI-IATI-EC_INTPA,European Commission - Directorate-General for International Partnerships,Multilateral,A02_sector,2,Implementation,TZ,34182000.0,0,0,,,1.0,2027-02-17,,,0.0,,12,0,2023-05-17,2023-05-17
XI-IATI-EC_INTPA-2023-PC-26483,XI-IATI-EC_INTPA,European Commission - Directorate-General for International Partnerships,Multilateral,A01_general,2,Implementation,SN,1139400.0,871235.476146,1,2023,2023,0.23535591000000003,2025-05-01,2025-05-01,0,0.0,,12,0,2023-04-27,2023-05-01
XI-IATI-EC_INTPA-2023-PC-26579,XI-IATI-EC_INTPA,European Commission - Directorate-General for International Partnerships,Multilateral,A02_sector,2,Implementation,TZ,36460800.0,0,0,,,1.0,2027-05-08,,,0.0,,12,0,2023-05-08,2023-05-08
XI-IATI-EC_INTPA-2023-PC-26617,XI-IATI-EC_INTPA,European Commission - Directorate-General for International Partnerships,Multilateral,A02_sector,2,Implementation,NA,3492729.2934,1911396.220038,2,2023,2026,0.4527499672963919,2028-03-31,,,0.0,,12,0,2023-12-13,2024-01-01
XI-IATI-EC_INTPA-2023-PC-26647,XI-IATI-EC_INTPA,European Commission - Directorate-General for International Partnerships,Multilateral,A01_general,2,Implementation,SN,1139400.0,670365.921636,2,2024,2026,0.41165006,2027-02-01,,,0.0,,12,0,2023-12-21,2024-02-01
XI-IATI-EC_INTPA-2023-PC-26837,XI-IATI-EC_INTPA,European Commission - Directorate-General for International Partnerships,Multilateral,A02_sector,2,Implementation,TJ,33954120.0,0,0,,,1.0,2026-06-29,2026-06-29,0,0.0,,12,0,2023-10-05,2023-06-30
XI-IATI-EC_INTPA-2023-PC-26888,XI-IATI-EC_INTPA,European Commission - Directorate-General for International Partnerships,Multilateral,A02_sector,2,Implementation,NA,12533400.0,0,0,,,1.0,2026-01-14,2026-01-14,0,0.0,,12,0,2023-10-11,2023-10-15
XI-IATI-EC_INTPA-2023-PC-27334,XI-IATI-EC_INTPA,European Commission - Directorate-General for International Partnerships,Multilateral,A02_sector,2,Implementation,MN,227652.12000000002,91060.848,1,2023,2023,0.6000000000000001,2025-05-20,2025-05-20,0,0.0,,12,0,2023-05-31,2023-07-30
XI-IATI-EC_INTPA-2023-PC-27358,XI-IATI-EC_INTPA,European Commission - Directorate-General for International Partnerships,Multilateral,A02_sector,2,Implementation,BF,153122.8266,61249.13064,1,2023,2023,0.6,2023-10-08,2023-10-08,0,,,,0,2023-07-07,2023-07-10
XI-IATI-EC_INTPA-2023-PC-27513,XI-IATI-EC_INTPA,European Commission - Directorate-General for International Partnerships,Multilateral,A01_general,4,Closed,TD,383692.95,153477.18000000002,1,2023,2023,0.6,2024-10-25,2024-10-25,0,0.0,,12,0,2023-12-27,2023-12-27
XI-IATI-EC_INTPA-2023-PC-27590,XI-IATI-EC_INTPA,European Commission - Directorate-General for International Partnerships,Multilateral,A02_sector,2,Implementation,BT,1595160.0,1404148.02156,3,2023,2026,0.11974471428571427,2027-08-31,,,0.0,,12,1,2023-09-27,2023-11-01
XI-IATI-EC_INTPA-2023-PC-27689,XI-IATI-EC_INTPA,European Commission - Directorate-General for International Partnerships,Multilateral,A02_sector,2,Implementation,BT,7975800.0,0,0,,,1.0,2027-05-05,,,0.0,,12,0,2023-05-05,2023-05-05
XI-IATI-EC_INTPA-2023-PC-27690,XI-IATI-EC_INTPA,European Commission - Directorate-General for International Partnerships,Multilateral,A02_sector,2,Implementation,BT,1139400.0,814023.752436,2,2024,2025,0.28556805999999996,2026-12-31,,,0.0,,12,0,2023-12-26,2024-01-01
XI-IATI-EC_INTPA-2023-PC-27905,XI-IATI-EC_INTPA,European Commission - Directorate-General for International Partnerships,Multilateral,A02_sector,2,Implementation,ST,6380640.0,0,0,,,1.0,2027-05-16,,,0.0,,12,0,2023-05-16,2023-05-16
XI-IATI-EC_INTPA-2023-PC-28421,XI-IATI-EC_INTPA,European Commission - Directorate-General for International Partnerships,Multilateral,A01_general,4,Closed,GM,41018400.0,0,0,,,1.0,2027-11-19,,,0.0,,12,0,2023-11-20,2023-11-20
XI-IATI-EC_INTPA-2023-PC-29022,XI-IATI-EC_INTPA,European Commission - Directorate-General for International Partnerships,Multilateral,A01_general,4,Closed,NE,1349688.5185499997,1025346.06,1,2024,2024,0.24030911880205363,2026-05-03,2026-05-03,0,0.0,,12,0,2023-05-04,2023-05-04
XI-IATI-EC_INTPA-2023-PC-29463,XI-IATI-EC_INTPA,European Commission - Directorate-General for International Partnerships,Multilateral,A01_general,4,Closed,SN,284850.0,113940.0,1,2023,2023,0.6,2023-11-16,2023-11-16,0,,,,0,2023-06-16,2023-06-16
XI-IATI-EC_INTPA-2023-PC-30243,XI-IATI-EC_INTPA,European Commission - Directorate-General for International Partnerships,Multilateral,A02_sector,2,Implementation,VN,2751373.738404,1384355.0584,2,2023,2026,0.49684950500289793,2027-12-30,,,0.0,,12,0,2023-06-27,2023-10-02
XI-IATI-EC_INTPA-2023-PC-30334,XI-IATI-EC_INTPA,European Commission - Directorate-General for International Partnerships,Multilateral,A02_sector,2,Implementation,RW,7162382.340000001,341818.8606,1,2023,2023,0.952275814893177,2027-06-01,,,560000.0,,12,0,2023-06-02,2023-06-02
XI-IATI-EC_INTPA-2023-PC-30645,XI-IATI-EC_INTPA,European Commission - Directorate-General for International Partnerships,Multilateral,A01_general,4,Closed,SN,340637.3028,136219.82760000002,1,2023,2023,0.600103023126685,2024-09-12,2024-09-12,0,,,,0,2023-12-12,2023-12-12
XI-IATI-EC_INTPA-2023-PC-30817,XI-IATI-EC_INTPA,European Commission - Directorate-General for International Partnerships,Multilateral,A01_general,4,Closed,TG,78692.66100000001,21475.411200000002,1,2023,2023,0.7270976616231086,2025-06-14,2025-06-14,0,0.0,,12,0,2023-08-03,2023-09-15
XI-IATI-EC_INTPA-2023-PC-31561,XI-IATI-EC_INTPA,European Commission - Directorate-General for International Partnerships,Multilateral,A01_general,2,Implementation,TG,13103100.0,0,0,,,1.0,2026-09-08,,,,,,0,2023-09-08,2023-09-08
XI-IATI-EC_INTPA-2023-PC-31976,XI-IATI-EC_INTPA,European Commission - Directorate-General for International Partnerships,Multilateral,A01_general,2,Implementation,KI,4785480.0,0,0,,,1.0,2028-01-24,,,3000000.0,,12,0,2023-01-24,2023-01-24
XI-IATI-EC_INTPA-2023-PC-32142,XI-IATI-EC_INTPA,European Commission - Directorate-General for International Partnerships,Multilateral,A02_sector,2,Implementation,RW,34182000.0,0,0,,,1.0,2026-11-29,,,10875000.0,,12,0,2023-11-29,2023-11-29
XI-IATI-EC_INTPA-2023-PC-32172,XI-IATI-EC_INTPA,European Commission - Directorate-General for International Partnerships,Multilateral,A01_general,2,Implementation,SO,22788000.0,0,0,,,1.0,2026-11-18,,,0.0,,12,0,2023-11-18,2023-11-18
XI-IATI-EC_INTPA-2023-PC-32262,XI-IATI-EC_INTPA,European Commission - Directorate-General for International Partnerships,Multilateral,A02_sector,2,Implementation,CM,101341.08450000001,40536.4338,1,2024,2024,0.6000000000000001,2025-05-01,2025-05-01,0,,,,0,2023-08-31,2023-09-05
XI-IATI-EC_INTPA-2023-PC-32264,XI-IATI-EC_INTPA,European Commission - Directorate-General for International Partnerships,Multilateral,A02_sector,2,Implementation,NP,5355180.0,3878964.2789820004,3,2023,2026,0.2756612702127659,2028-09-07,,,0.0,,12,1,2023-09-07,2023-09-07
XI-IATI-EC_INTPA-2023-PC-34444,XI-IATI-EC_INTPA,European Commission - Directorate-General for International Partnerships,Multilateral,A01_general,2,Implementation,SN,2278800.0,1007902.8942480001,1,2024,2024,0.5577045399999999,2027-01-01,,,0.0,,12,0,2023-12-22,2024-01-01
XI-IATI-EC_INTPA-2023-PC-36658,XI-IATI-EC_INTPA,European Commission - Directorate-General for International Partnerships,Multilateral,A02_sector,2,Implementation,FJ,13672800.0,0,0,,,1.0,2027-12-14,,,0.0,,12,0,2023-12-14,2023-12-14
XI-IATI-EC_INTPA-2023-PC-41431,XI-IATI-EC_INTPA,European Commission - Directorate-General for International Partnerships,Multilateral,A01_general,4,Closed,BJ,60103350.0,0,0,,,1.0,2026-07-09,2026-07-09,0,0.0,,12,0,2023-07-10,2023-07-10
XI-IATI-EC_INTPA-2024-ACT-62007,XI-IATI-EC_INTPA,European Commission - Directorate-General for International Partnerships,Multilateral,A02_sector,2,Implementation,CM,50133600.0,0,0,,,1.0,2028-09-05,,,,,,0,2024-04-11,2024-04-11
XI-IATI-EC_INTPA-2024-ACT-62209,XI-IATI-EC_INTPA,European Commission - Directorate-General for International Partnerships,Multilateral,A02_sector,2,Implementation,NP,26206200.0,0,0,,,1.0,2030-10-04,,,,,,0,2024-02-01,2024-02-01
XI-IATI-EC_INTPA-2024-ACT-62358,XI-IATI-EC_INTPA,European Commission - Directorate-General for International Partnerships,Multilateral,A01_general,2,Implementation,MW,62667000.0,0,0,,,1.0,2029-10-16,,,,,,0,2024-07-15,2024-07-15
XI-IATI-EC_INTPA-2024-ACT-62693,XI-IATI-EC_INTPA,European Commission - Directorate-General for International Partnerships,Multilateral,A01_general,2,Implementation,MR,113940000.0,0,0,,,1.0,2028-11-20,,,,,,0,2024-11-14,2024-11-14
XI-IATI-EC_INTPA-2024-PC-25155,XI-IATI-EC_INTPA,European Commission - Directorate-General for International Partnerships,Multilateral,A01_general,2,Implementation,BJ,569529.0900000001,227811.636,1,2024,2024,0.6000000000000001,2027-10-07,,,0.0,,12,0,2024-10-08,2024-10-08
XI-IATI-EC_INTPA-2024-PC-25272,XI-IATI-EC_INTPA,European Commission - Directorate-General for International Partnerships,Multilateral,A01_general,2,Implementation,KH,227110.905,90844.36200000001,1,2024,2024,0.6,2025-10-31,2025-10-31,0,0.0,,12,0,2024-10-28,2024-10-28
XI-IATI-EC_INTPA-2024-PC-25551,XI-IATI-EC_INTPA,European Commission - Directorate-General for International Partnerships,Multilateral,A02_sector,2,Implementation,BO,5217882.3,1043576.4600000001,1,2024,2024,0.8,2028-05-14,,,0.0,,12,0,2024-11-14,2024-11-14
XI-IATI-EC_INTPA-2024-PC-25656,XI-IATI-EC_INTPA,European Commission - Directorate-General for International Partnerships,Multilateral,A02_sector,4,Closed,TV,1425199.894992,158355.543888,1,2024,2024,0.8888888888888888,2026-12-22,,,0.0,,12,0,2024-05-28,2024-06-23
XI-IATI-EC_INTPA-2024-PC-26389,XI-IATI-EC_INTPA,European Commission - Directorate-General for International Partnerships,Multilateral,A02_sector,4,Closed,PM,116446.68000000001,46578.672000000006,1,2025,2025,0.6,2025-11-29,2025-11-29,0,0.0,,12,0,2024-12-20,2025-01-02
XI-IATI-EC_INTPA-2024-PC-26908,XI-IATI-EC_INTPA,European Commission - Directorate-General for International Partnerships,Multilateral,A02_sector,2,Implementation,BJ,31903200.0,0,0,,,1.0,2027-08-05,,,0.0,,12,0,2024-08-05,2024-08-05
XI-IATI-EC_INTPA-2024-PC-27305,XI-IATI-EC_INTPA,European Commission - Directorate-General for International Partnerships,Multilateral,A02_sector,2,Implementation,GL,21648600.0,0,0,,,1.0,2027-09-29,,,4000000.0,,12,0,2024-09-30,2024-09-30
XI-IATI-EC_INTPA-2024-PC-27308,XI-IATI-EC_INTPA,European Commission - Directorate-General for International Partnerships,Multilateral,A02_sector,2,Implementation,CO,10254600.0,0,0,,,1.0,2027-10-31,,,0.0,,12,0,2024-07-10,2024-10-31
XI-IATI-EC_INTPA-2024-PC-27309,XI-IATI-EC_INTPA,European Commission - Directorate-General for International Partnerships,Multilateral,A02_sector,2,Implementation,CO,1709100.0,569700.0,1,2025,2025,0.6666666666666666,2028-03-03,,,0.0,,12,0,2024-09-03,2025-03-04
XI-IATI-EC_INTPA-2024-PC-27708,XI-IATI-EC_INTPA,European Commission - Directorate-General for International Partnerships,Multilateral,A02_sector,2,Implementation,BT,1481197.212,296205.2604,1,2024,2024,0.800023077278112,2027-08-04,,,0.0,,12,0,2024-08-02,2024-08-05
XI-IATI-EC_INTPA-2024-PC-27747,XI-IATI-EC_INTPA,European Commission - Directorate-General for International Partnerships,Multilateral,A02_sector,2,Implementation,RW,3418200.0,1732342.6206,1,2024,2024,0.49320033333333335,2027-07-08,,,0.0,,12,0,2024-07-05,2024-07-08
XI-IATI-EC_INTPA-2024-PC-32327,XI-IATI-EC_INTPA,European Commission - Directorate-General for International Partnerships,Multilateral,A01_general,2,Implementation,TO,968864.8626,193772.97252,1,2024,2024,0.8,2027-04-21,,,0.0,,12,0,2024-07-03,2024-07-22
XI-IATI-EC_INTPA-2024-PC-35983,XI-IATI-EC_INTPA,European Commission - Directorate-General for International Partnerships,Multilateral,A02_sector,2,Implementation,NP,47854800.0,0,0,,,1.0,2028-10-04,,,0.0,,12,0,2024-10-24,2024-10-24
XI-IATI-EC_INTPA-2024-PC-36107,XI-IATI-EC_INTPA,European Commission - Directorate-General for International Partnerships,Multilateral,A01_general,2,Implementation,TZ,1401963.3360000001,257604.66720000003,1,2024,2024,0.8162543480381002,2027-09-25,,,-4978.335,,12,0,2024-09-25,2024-09-25
XI-IATI-EC_INTPA-2024-PC-36292,XI-IATI-EC_INTPA,European Commission - Directorate-General for International Partnerships,Multilateral,A02_sector,2,Implementation,CM,77479200.0,0,0,,,1.0,2028-07-06,,,0.0,,12,0,2024-07-06,2024-07-06
XI-IATI-EC_INTPA-2024-PC-36429,XI-IATI-EC_INTPA,European Commission - Directorate-General for International Partnerships,Multilateral,A01_general,2,Implementation,SL,74061000.0,15397281.9,2,2025,2026,0.7921,2028-11-25,,,0.0,,12,0,2024-11-25,2024-11-25
XI-IATI-EC_INTPA-2024-PC-36587,XI-IATI-EC_INTPA,European Commission - Directorate-General for International Partnerships,Multilateral,A01_general,2,Implementation,GM,562118.4324,74949.732,1,2024,2024,0.8666655856133424,2026-11-04,,,0.0,,12,0,2024-10-29,2024-11-01
XI-IATI-EC_INTPA-2024-PC-36591,XI-IATI-EC_INTPA,European Commission - Directorate-General for International Partnerships,Multilateral,A01_general,2,Implementation,GM,759004.4736,227880.0,1,2025,2025,0.6997646154585195,2027-11-19,,,0.0,,12,0,2024-12-19,2025-02-20
XI-IATI-EC_INTPA-2024-PC-37034,XI-IATI-EC_INTPA,European Commission - Directorate-General for International Partnerships,Multilateral,A01_general,2,Implementation,TG,18230400.0,0,0,,,1.0,2026-07-16,2026-07-16,0,0.0,,12,0,2024-07-16,2024-07-16
XI-IATI-EC_INTPA-2024-PC-37206,XI-IATI-EC_INTPA,European Commission - Directorate-General for International Partnerships,Multilateral,A02_sector,2,Implementation,GL,83347110.0,0,0,,,1.0,2027-06-18,,,0.0,,12,0,2024-06-19,2024-06-19
XI-IATI-EC_INTPA-2024-PC-37344,XI-IATI-EC_INTPA,European Commission - Directorate-General for International Partnerships,Multilateral,A01_general,2,Implementation,MW,91152000.0,0,0,,,1.0,2027-10-15,,,0.0,,12,0,2024-10-16,2024-10-16
XI-IATI-EC_INTPA-2024-PC-37405,XI-IATI-EC_INTPA,European Commission - Directorate-General for International Partnerships,Multilateral,A01_general,2,Implementation,CI,96849000.0,0,0,,,1.0,2029-11-13,,,0.0,,12,0,2024-11-13,2024-11-13
XI-IATI-EC_INTPA-2024-PC-37656,XI-IATI-EC_INTPA,European Commission - Directorate-General for International Partnerships,Multilateral,A02_sector,2,Implementation,JM,9343080.0,0,0,,,1.0,2027-07-10,,,0.0,,12,0,2024-05-10,2024-05-10
XI-IATI-EC_INTPA-2024-PC-37833,XI-IATI-EC_INTPA,European Commission - Directorate-General for International Partnerships,Multilateral,A01_general,2,Implementation,ZM,66654900.0,0,0,,,1.0,2026-10-11,,,0.0,,12,0,2024-07-10,2024-08-01
XI-IATI-EC_INTPA-2024-PC-40050,XI-IATI-EC_INTPA,European Commission - Directorate-General for International Partnerships,Multilateral,A02_sector,2,Implementation,KH,45576000.0,0,0,,,1.0,2028-03-27,,,0.0,,12,0,2024-03-27,2024-03-27
XI-IATI-EC_INTPA-2024-PC-41558,XI-IATI-EC_INTPA,European Commission - Directorate-General for International Partnerships,Multilateral,A01_general,2,Implementation,GM,278013.60000000003,55602.72,1,2024,2024,0.8,2026-09-24,,,0.0,,12,0,2024-09-30,2024-11-01
XI-IATI-EC_INTPA-2024-PC-44588,XI-IATI-EC_INTPA,European Commission - Directorate-General for International Partnerships,Multilateral,A01_general,2,Implementation,TO,2278800.0,3325.2249600000005,1,2024,2024,0.9985408000000001,2027-11-15,,,0.0,,12,0,2024-11-15,2024-11-15
XI-IATI-EC_INTPA-2024-PC-44598,XI-IATI-EC_INTPA,European Commission - Directorate-General for International Partnerships,Multilateral,A01_general,2,Implementation,SN,325009.29240000003,65001.630600000004,1,2024,2024,0.8000007011491835,2026-10-13,,,0.0,,12,0,2024-10-14,2024-10-14
XI-IATI-EC_INTPA-2024-PC-45725,XI-IATI-EC_INTPA,European Commission - Directorate-General for International Partnerships,Multilateral,A02_sector,2,Implementation,NE,311318.20503,0,0,,,1.0,2025-09-11,2025-09-11,0,,,,0,2024-12-10,2024-12-11
XI-IATI-EC_INTPA-2024-PC-46872,XI-IATI-EC_INTPA,European Commission - Directorate-General for International Partnerships,Multilateral,A01_general,4,Closed,SS,39708.090000000004,0,0,,,1.0,2026-01-01,2026-01-01,0,0.0,,12,0,2024-12-10,2025-01-01
XI-IATI-EC_INTPA-2024-PC-47768,XI-IATI-EC_INTPA,European Commission - Directorate-General for International Partnerships,Multilateral,A01_general,2,Implementation,MR,190279800.0,0,0,,,1.0,2027-11-25,,,0.0,,12,0,2024-11-25,2024-11-25
XI-IATI-EC_INTPA-2024-PC-53145,XI-IATI-EC_INTPA,European Commission - Directorate-General for International Partnerships,Multilateral,A02_sector,2,Implementation,CO,4557600.0,0,0,,,1.0,2029-03-04,,,0.0,,12,0,2024-12-23,2025-03-05
XI-IATI-EC_INTPA-2025-PC-26320,XI-IATI-EC_INTPA,European Commission - Directorate-General for International Partnerships,Multilateral,A02_sector,2,Implementation,BD,1025460.0,666549.0,1,2025,2025,0.35,2026-12-31,,,0.0,,12,0,2025-04-26,2025-05-01
XI-IATI-EC_INTPA-2025-PC-36183,XI-IATI-EC_INTPA,European Commission - Directorate-General for International Partnerships,Multilateral,A01_general,4,Closed,LR,23927400.0,23927400.0,1,2025,2025,0.0,2027-10-31,,,0.0,,12,0,2025-10-15,2025-11-01
XI-IATI-EC_INTPA-2025-PC-36398,XI-IATI-EC_INTPA,European Commission - Directorate-General for International Partnerships,Multilateral,A02_sector,2,Implementation,CM,5240396.8440000005,1048079.3688,1,2025,2025,0.7999999999999999,2028-08-31,,,0.0,,12,0,2025-08-20,2025-09-01
XI-IATI-EC_INTPA-2025-PC-36473,XI-IATI-EC_INTPA,European Commission - Directorate-General for International Partnerships,Multilateral,A01_general,2,Implementation,SL,4752437.4,341808.606,1,2025,2025,0.9280771997122993,2029-01-05,,,0.0,,12,0,2025-07-06,2025-07-06
XI-IATI-EC_INTPA-2025-PC-36663,XI-IATI-EC_INTPA,European Commission - Directorate-General for International Partnerships,Multilateral,A02_sector,2,Implementation,FJ,797422.7628,257719.7466,1,2025,2025,0.6768091423737822,2027-12-13,,,0.0,,12,0,2025-04-14,2025-04-14
XI-IATI-EC_INTPA-2025-PC-36947,XI-IATI-EC_INTPA,European Commission - Directorate-General for International Partnerships,Multilateral,A02_sector,2,Implementation,BD,1401792.4260000002,254876.94360000003,1,2025,2025,0.8181778279917742,2027-04-30,,,0.0,,12,0,2025-04-29,2025-05-01
XI-IATI-EC_INTPA-2025-PC-37761,XI-IATI-EC_INTPA,European Commission - Directorate-General for International Partnerships,Multilateral,A02_sector,2,Implementation,ST,258176.646,103270.6584,1,2025,2025,0.6,2026-06-25,2026-06-25,0,0.0,,12,0,2025-06-26,2025-06-26
XI-IATI-EC_INTPA-2025-PC-42917,XI-IATI-EC_INTPA,European Commission - Directorate-General for International Partnerships,Multilateral,A02_sector,2,Implementation,WF,22788000.0,0,0,,,1.0,2029-12-10,,,20000000.0,,12,0,2025-12-11,2025-12-11
XI-IATI-EC_INTPA-2025-PC-49248,XI-IATI-EC_INTPA,European Commission - Directorate-General for International Partnerships,Multilateral,A02_sector,2,Implementation,VU,18230400.0,0,0,,,1.0,2031-07-28,,,0.0,,12,0,2025-07-29,2025-07-29
XI-IATI-EC_INTPA-2025-PC-49555,XI-IATI-EC_INTPA,European Commission - Directorate-General for International Partnerships,Multilateral,A01_general,2,Implementation,GM,156667.5,31333.5,1,2025,2025,0.8,2026-05-04,2026-05-04,0,0.0,,12,0,2025-06-05,2025-07-07
XI-IATI-EC_INTPA-2025-PC-50869,XI-IATI-EC_INTPA,European Commission - Directorate-General for International Partnerships,Multilateral,A01_general,4,Closed,GM,156462.408,62584.963200000006,1,2025,2025,0.6,2026-01-31,2026-01-31,0,0.0,,12,0,2025-06-05,2025-06-05
XI-IATI-EC_INTPA-2025-PC-52115,XI-IATI-EC_INTPA,European Commission - Directorate-General for International Partnerships,Multilateral,A01_general,2,Implementation,ZM,943708.05,341818.8606,1,2025,2025,0.6377917295502565,2027-02-24,,,0.0,,12,0,2025-08-19,2025-08-25
XI-IATI-EC_INTPA-2025-PC-52952,XI-IATI-EC_INTPA,European Commission - Directorate-General for International Partnerships,Multilateral,A02_sector,2,Implementation,TL,10254600.0,0,0,,,1.0,2030-05-25,,,0.0,,12,0,2025-05-26,2025-05-26
XI-IATI-EC_INTPA-2025-PC-53379,XI-IATI-EC_INTPA,European Commission - Directorate-General for International Partnerships,Multilateral,A01_general,2,Implementation,KI,611288.1,118839.42000000001,1,2025,2025,0.8055917986952469,2028-01-14,,,0.0,,12,0,2025-08-15,2025-08-15
XI-IATI-EC_INTPA-2025-PC-53445,XI-IATI-EC_INTPA,European Commission - Directorate-General for International Partnerships,Multilateral,A01_general,2,Implementation,MR,1730862.54,692345.0160000001,1,2025,2025,0.6,2026-11-09,,,0.0,,12,0,2025-11-12,2025-11-10
XI-IATI-EC_INTPA-2025-PC-53764,XI-IATI-EC_INTPA,European Commission - Directorate-General for International Partnerships,Multilateral,A01_general,2,Implementation,CV,20509200.0,0,0,,,1.0,2028-11-27,,,0.0,,12,0,2025-12-27,2025-11-27
XI-IATI-EC_INTPA-2025-PC-55044,XI-IATI-EC_INTPA,European Commission - Directorate-General for International Partnerships,Multilateral,A02_sector,4,Closed,AO,105907.23000000001,42362.892,1,2025,2025,0.6000000000000001,2026-01-21,2026-01-21,0,0.0,,12,0,2025-07-16,2025-07-16
XI-IATI-EC_INTPA-2025-PC-55340,XI-IATI-EC_INTPA,European Commission - Directorate-General for International Partnerships,Multilateral,A02_sector,2,Implementation,JM,7520040.0,0,0,,,1.0,2029-12-01,,,,,,0,2025-12-03,2025-12-02
XI-IATI-EC_INTPA-2025-PC-59817,XI-IATI-EC_INTPA,European Commission - Directorate-General for International Partnerships,Multilateral,A01_general,2,Implementation,SL,10254600.0,3276318.4938000003,1,2025,2025,0.6805025555555555,2028-06-30,,,0.0,,12,0,2025-07-01,2025-07-01
XI-IATI-EC_INTPA-2025-PC-61997,XI-IATI-EC_INTPA,European Commission - Directorate-General for International Partnerships,Multilateral,A02_sector,2,Implementation,KG,17091000.0,0,0,,,1.0,2028-11-30,,,0.0,,12,0,2025-11-27,2025-12-01
XI-IATI-EC_INTPA-2025-PC-69397,XI-IATI-EC_INTPA,European Commission - Directorate-General for International Partnerships,Multilateral,A01_general,2,Implementation,LR,39879000.0,0,0,,,1.0,2028-11-27,,,0.0,,12,0,2025-11-21,2025-11-28
XI-IATI-EC_INTPA-2025-PC-72129,XI-IATI-EC_INTPA,European Commission - Directorate-General for International Partnerships,Multilateral,A01_general,2,Implementation,SN,1139400.0,379841.778,1,2026,2026,0.6666300000000001,2029-06-30,,,0.0,,12,0,2025-12-19,2026-07-01
XI-IATI-EC_INTPA-2025-PC-72780,XI-IATI-EC_INTPA,European Commission - Directorate-General for International Partnerships,Multilateral,A01_general,2,Implementation,PG,12533400.0,0,0,,,1.0,2032-09-11,,,,,,0,2025-09-11,2026-02-28
XI-IATI-EC_INTPA-2026-PC-37759,XI-IATI-EC_INTPA,European Commission - Directorate-General for International Partnerships,Multilateral,A02_sector,2,Implementation,ST,297047.277,118818.91080000001,1,2026,2026,0.6,2027-05-14,,,370000.0,,12,0,2026-05-15,2026-05-15
XI-IATI-EC_INTPA-2026-PC-38372,XI-IATI-EC_INTPA,European Commission - Directorate-General for International Partnerships,Multilateral,A02_sector,2,Implementation,GL,1228615.02,245723.00400000002,1,2026,2026,0.8,2028-04-14,,,1100000.0,,12,0,2026-04-21,2026-04-15
XI-IATI-EC_INTPA-2026-PC-42830,XI-IATI-EC_INTPA,European Commission - Directorate-General for International Partnerships,Multilateral,A02_sector,2,Implementation,KG,1139400.0,350275.100004,1,2026,2026,0.69257934,2028-10-08,,,1000000.0,,12,0,2026-02-06,2026-02-09
XI-IATI-EC_INTPA-2026-PC-49465,XI-IATI-EC_INTPA,European Commission - Directorate-General for International Partnerships,Multilateral,A02_sector,2,Implementation,VU,3076024.5072000003,620118.3336,1,2026,2026,0.7984026680709145,2031-05-27,,,,,,0,2026-05-28,2026-05-28
XI-IATI-EC_INTPA-2026-PC-53801,XI-IATI-EC_INTPA,European Commission - Directorate-General for International Partnerships,Multilateral,A02_sector,2,Implementation,LA,2143872.2520000003,321580.83780000004,1,2026,2026,0.85,2029-03-01,,,1881580.0,,12,0,2026-03-02,2026-03-02
XI-IATI-EC_INTPA-2026-PC-53819,XI-IATI-EC_INTPA,European Commission - Directorate-General for International Partnerships,Multilateral,A01_general,2,Implementation,SO,25066800.0,0,0,,,1.0,2030-02-19,,,22000000.0,,12,0,2026-02-17,2026-02-20
XI-IATI-EC_INTPA-2026-PC-64428,XI-IATI-EC_INTPA,European Commission - Directorate-General for International Partnerships,Multilateral,A01_general,2,Implementation,PG,1758549.9600000002,0,0,,,1.0,2028-12-31,,,1995340.0,,12,0,2026-06-04,2026-07-01
XI-IATI-EC_INTPA-2026-PC-75396,XI-IATI-EC_INTPA,European Commission - Directorate-General for International Partnerships,Multilateral,A01_general,2,Implementation,PG,2392748.978472,1435526.220222,1,2026,2026,0.40005147504494126,2028-01-30,,,1575000.0,,12,0,2026-04-30,2026-04-30
XI-IATI-EC_INTPA-2026-PC-75410,XI-IATI-EC_INTPA,European Commission - Directorate-General for International Partnerships,Multilateral,A02_sector,2,Implementation,KG,17091000.0,0,0,,,1.0,2031-04-05,,,15000000.0,,12,0,2026-04-16,2026-04-06
XI-IATI-EC_INTPA-2026-PC-75852,XI-IATI-EC_INTPA,European Commission - Directorate-General for International Partnerships,Multilateral,A01_general,2,Implementation,GM,151312.32,30262.464,1,2026,2026,0.7999999999999999,2027-03-18,,,170000.0,,12,0,2026-03-18,2026-03-18
XI-IATI-EC_INTPA-2026-PC-75966,XI-IATI-EC_INTPA,European Commission - Directorate-General for International Partnerships,Multilateral,A02_sector,1,Pipeline/identification,MM,79758000.0,42157800.0,1,2026,2026,0.4714285714285714,2031-12-31,,,140000000.0,,12,0,2026-02-28,2026-02-28
XI-IATI-EC_INTPA-2026-PC-76775,XI-IATI-EC_INTPA,European Commission - Directorate-General for International Partnerships,Multilateral,A02_sector,2,Implementation,MM,20509.2,0,0,,,1.0,2027-06-21,,,20000.0,,12,0,2026-06-22,2026-06-22
XI-IATI-EC_INTPA-2026-PC-77174,XI-IATI-EC_INTPA,European Commission - Directorate-General for International Partnerships,Multilateral,A02_sector,2,Implementation,NE,398790.0,0,0,,,1.0,2027-12-29,,,,,,0,2026-03-05,2026-03-09
XI-IATI-EC_INTPA-2026-PC-78665,XI-IATI-EC_INTPA,European Commission - Directorate-General for International Partnerships,Multilateral,A02_sector,2,Implementation,VN,132647.80860000002,53059.12344,1,2026,2026,0.6000000000000001,2026-11-03,,,,,,0,2026-04-24,2026-05-04
XI-IATI-EC_INTPA-2026-PC-80732,XI-IATI-EC_INTPA,European Commission - Directorate-General for International Partnerships,Multilateral,A02_sector,2,Implementation,JM,22788.0,0,0,,,1.0,2026-08-18,,,,,,0,2026-05-18,2026-05-19
XI-IATI-EC_INTPA-2026-PC-81164,XI-IATI-EC_INTPA,European Commission - Directorate-General for International Partnerships,Multilateral,A02_sector,2,Implementation,LA,2563650.0,0,0,,,1.0,2029-08-31,,,,,,0,2026-06-18,
XI-IATI-EC_NEAR-2011-ACT-D-22775-00,XI-IATI-EC_NEAR,European Commission - Directorate-General for Neighbourhood and Enlargement Negotiations,Multilateral,A02_sector,2,Implementation,MA,12112787.892168,0,0,,,1.0,2022-01-03,,,0.0,,12,0,2012-07-03,2012-07-03
XI-IATI-EC_NEAR-2012-ACT-D-24572-00,XI-IATI-EC_NEAR,European Commission - Directorate-General for Neighbourhood and Enlargement Negotiations,Multilateral,A02_sector,2,Implementation,EG,158272.91460000002,0,0,,,1.0,2022-05-27,,,0.0,,12,0,2013-11-27,2013-11-27
XI-IATI-EC_NEAR-2014-ACT-D-32813-01,XI-IATI-EC_NEAR,European Commission - Directorate-General for Neighbourhood and Enlargement Negotiations,Multilateral,A02_sector,2,Implementation,AL,84989353.779414,0,0,,,1.0,2027-12-11,,,,,,0,2015-12-11,2015-12-11
XI-IATI-EC_NEAR-2014-ACT-D-37371-00,XI-IATI-EC_NEAR,European Commission - Directorate-General for Neighbourhood and Enlargement Negotiations,Multilateral,A02_sector,2,Implementation,MA,95618363.707188,0,0,,,1.0,2025-12-29,,,-293462.91,,12,0,2015-12-29,2015-12-29
XI-IATI-EC_NEAR-2015-ACT-D-37735-00,XI-IATI-EC_NEAR,European Commission - Directorate-General for Neighbourhood and Enlargement Negotiations,Multilateral,A02_sector,2,Implementation,JO,53640905.671782,0,0,,,1.0,2029-01-19,,,0.0,,12,0,2016-07-20,2016-07-20
XI-IATI-EC_NEAR-2015-ACT-D-37894-03,XI-IATI-EC_NEAR,European Commission - Directorate-General for Neighbourhood and Enlargement Negotiations,Multilateral,A02_sector,2,Implementation,ME,28880200.650726,0,0,,,1.0,2028-09-22,,,,,,0,2016-09-22,2016-09-22
XI-IATI-EC_NEAR-2015-ACT-D-38144-00,XI-IATI-EC_NEAR,European Commission - Directorate-General for Neighbourhood and Enlargement Negotiations,Multilateral,A02_sector,2,Implementation,MD,69279103.048392,0,0,,,1.0,2023-12-13,,,0.0,,12,0,2016-12-14,2016-12-14
XI-IATI-EC_NEAR-2015-ACT-D-38422-00,XI-IATI-EC_NEAR,European Commission - Directorate-General for Neighbourhood and Enlargement Negotiations,Multilateral,A02_sector,2,Implementation,TN,49677840.0,0,0,,,1.0,2025-11-28,,,0.0,,12,0,2016-11-29,2016-11-29
XI-IATI-EC_NEAR-2015-ACT-D-38444-04,XI-IATI-EC_NEAR,European Commission - Directorate-General for Neighbourhood and Enlargement Negotiations,Multilateral,A02_sector,2,Implementation,RS,91152000.0,0,0,,,1.0,2029-12-02,,,0.0,,12,0,2016-12-02,2016-12-02
XI-IATI-EC_NEAR-2015-ACT-D-38715-01,XI-IATI-EC_NEAR,European Commission - Directorate-General for Neighbourhood and Enlargement Negotiations,Multilateral,A02_sector,2,Implementation,AL,77567178.930516,0,0,,,1.0,2028-09-30,,,,,,0,2016-09-30,2016-09-30
XI-IATI-EC_NEAR-2015-ACT-D-38716-05,XI-IATI-EC_NEAR,European Commission - Directorate-General for Neighbourhood and Enlargement Negotiations,Multilateral,A02_sector,2,Implementation,AL,39544454.829726,0,0,,,1.0,2028-09-30,,,0.0,,12,0,2016-09-30,2016-09-30
XI-IATI-EC_NEAR-2015-ACT-D-38720-00,XI-IATI-EC_NEAR,European Commission - Directorate-General for Neighbourhood and Enlargement Negotiations,Multilateral,A01_general,2,Implementation,TN,89022967.00875,0,0,,,1.0,2023-11-17,,,0.0,,12,0,2016-11-18,2016-11-18
XI-IATI-EC_NEAR-2016-ACT-D-38717-03,XI-IATI-EC_NEAR,European Commission - Directorate-General for Neighbourhood and Enlargement Negotiations,Multilateral,A02_sector,2,Implementation,AL,35530520.941188,0,0,,,1.0,2025-12-14,,,,,,0,2017-12-14,2017-12-14
XI-IATI-EC_NEAR-2016-ACT-D-38718-06,XI-IATI-EC_NEAR,European Commission - Directorate-General for Neighbourhood and Enlargement Negotiations,Multilateral,A02_sector,2,Implementation,AL,47156917.5,0,0,,,1.0,2025-12-14,,,,,,0,2017-12-14,2017-12-14
XI-IATI-EC_NEAR-2016-ACT-D-39318-00,XI-IATI-EC_NEAR,European Commission - Directorate-General for Neighbourhood and Enlargement Negotiations,Multilateral,A02_sector,2,Implementation,GE,88303500.0,0,0,,,1.0,2024-12-04,,,0.0,,12,0,2017-12-04,2017-12-04
XI-IATI-EC_NEAR-2016-ACT-D-39372-02,XI-IATI-EC_NEAR,European Commission - Directorate-General for Neighbourhood and Enlargement Negotiations,Multilateral,A02_sector,2,Implementation,MA,53321943.323304,0,0,,,1.0,2024-12-19,,,0.0,,12,0,2017-12-19,2017-12-19
XI-IATI-EC_NEAR-2016-ACT-D-39506-00,XI-IATI-EC_NEAR,European Commission - Directorate-General for Neighbourhood and Enlargement Negotiations,Multilateral,A02_sector,2,Implementation,TN,61043355.0,0,0,,,1.0,2024-09-30,,,0.0,,12,0,2017-03-31,2017-03-31
XI-IATI-EC_NEAR-2016-ACT-D-39569-00,XI-IATI-EC_NEAR,European Commission - Directorate-General for Neighbourhood and Enlargement Negotiations,Multilateral,A02_sector,2,Implementation,UA,135418829.00121,0,0,,,1.0,2027-07-18,,,0.0,,12,0,2016-12-19,2016-12-19
XI-IATI-EC_NEAR-2016-ACT-D-39595-00,XI-IATI-EC_NEAR,European Commission - Directorate-General for Neighbourhood and Enlargement Negotiations,Multilateral,A02_sector,2,Implementation,AM,26997103.457820002,0,0,,,1.0,2025-02-20,,,0.0,,12,0,2017-02-20,2017-02-20
XI-IATI-EC_NEAR-2016-ACT-D-39601-00,XI-IATI-EC_NEAR,European Commission - Directorate-General for Neighbourhood and Enlargement Negotiations,Multilateral,A02_sector,2,Implementation,JO,79957463.375394,0,0,,,1.0,2030-06-18,,,0.0,,12,0,2017-12-18,2017-12-18
XI-IATI-EC_NEAR-2016-ACT-D-39747-07,XI-IATI-EC_NEAR,European Commission - Directorate-General for Neighbourhood and Enlargement Negotiations,Multilateral,A02_sector,2,Implementation,XK,28485000.0,0,0,,,1.0,2029-12-15,,,0.0,,12,0,2017-12-15,2017-12-15
XI-IATI-EC_NEAR-2016-ACT-D-39803-06,XI-IATI-EC_NEAR,European Commission - Directorate-General for Neighbourhood and Enlargement Negotiations,Multilateral,A02_sector,2,Implementation,RS,31903200.0,0,0,,,1.0,,,,0.0,,12,0,2017-12-14,2017-12-14
XI-IATI-EC_NEAR-2016-ACT-D-39806-09,XI-IATI-EC_NEAR,European Commission - Directorate-General for Neighbourhood and Enlargement Negotiations,Multilateral,A02_sector,2,Implementation,RS,31219560.0,0,0,,,1.0,2023-09-27,,,0.0,,12,0,2017-09-27,2017-09-27
XI-IATI-EC_NEAR-2016-ACT-D-39842-01,XI-IATI-EC_NEAR,European Commission - Directorate-General for Neighbourhood and Enlargement Negotiations,Multilateral,A02_sector,2,Implementation,MA,117851186.59074,0,0,,,1.0,2025-12-10,,,0.0,,12,0,2017-12-11,2017-12-11
XI-IATI-EC_NEAR-2016-PCC-380129,XI-IATI-EC_NEAR,European Commission - Directorate-General for Neighbourhood and Enlargement Negotiations,Multilateral,A02_sector,2,Implementation,JO,34182000.0,32915279.307978,3,2016,2024,0.037058120999999986,2026-07-08,,,0.0,,12,1,2016-12-07,2016-12-08
XI-IATI-EC_NEAR-2016-PCC-380130,XI-IATI-EC_NEAR,European Commission - Directorate-General for Neighbourhood and Enlargement Negotiations,Multilateral,A02_sector,2,Implementation,JO,5697000.0,5697000.0,2,2016,2022,0.0,2024-01-08,2024-01-08,0,0.0,,12,0,2016-12-07,2016-12-08
XI-IATI-EC_NEAR-2016-PCC-383649,XI-IATI-EC_NEAR,European Commission - Directorate-General for Neighbourhood and Enlargement Negotiations,Multilateral,A02_sector,2,Implementation,AL,2848500.0,2611117.404,3,2017,2022,0.08333599999999997,2022-09-30,2022-09-30,0,0.0,,12,1,2016-07-25,2016-09-30
XI-IATI-EC_NEAR-2017-ACT-D-40260-00,XI-IATI-EC_NEAR,European Commission - Directorate-General for Neighbourhood and Enlargement Negotiations,Multilateral,A02_sector,2,Implementation,MA,39879000.0,0,0,,,1.0,2026-12-24,,,0.0,,12,0,2018-12-24,2018-12-24
XI-IATI-EC_NEAR-2017-ACT-D-40313-00,XI-IATI-EC_NEAR,European Commission - Directorate-General for Neighbourhood and Enlargement Negotiations,Multilateral,A02_sector,2,Implementation,MA,56970000.0,0,0,,,1.0,2024-12-17,,,0.0,,12,0,2018-12-18,2018-12-18
XI-IATI-EC_NEAR-2017-ACT-D-40316-00,XI-IATI-EC_NEAR,European Commission - Directorate-General for Neighbourhood and Enlargement Negotiations,Multilateral,A02_sector,2,Implementation,JO,34182000.0,0,0,,,1.0,2030-06-18,,,0.0,,12,0,2017-12-18,2017-12-18
XI-IATI-EC_NEAR-2017-ACT-D-40318-00,XI-IATI-EC_NEAR,European Commission - Directorate-General for Neighbourhood and Enlargement Negotiations,Multilateral,A02_sector,2,Implementation,GE,66996720.0,0,0,,,1.0,2025-11-20,,,0.0,,12,0,2018-11-20,2018-11-20
XI-IATI-EC_NEAR-2017-ACT-D-40445-00,XI-IATI-EC_NEAR,European Commission - Directorate-General for Neighbourhood and Enlargement Negotiations,Multilateral,A02_sector,2,Implementation,TN,79758000.0,0,0,,,1.0,2027-11-11,,,0.0,,12,0,2018-11-12,2018-11-12
XI-IATI-EC_NEAR-2017-ACT-D-40548-00,XI-IATI-EC_NEAR,European Commission - Directorate-General for Neighbourhood and Enlargement Negotiations,Multilateral,A02_sector,2,Implementation,JO,20509200.0,0,0,,,1.0,2025-11-11,,,0.0,,12,0,2018-11-11,2018-11-11
XI-IATI-EC_NEAR-2017-ACT-D-40562-01,XI-IATI-EC_NEAR,European Commission - Directorate-General for Neighbourhood and Enlargement Negotiations,Multilateral,A02_sector,2,Implementation,TN,56970000.0,0,0,,,1.0,2028-11-15,,,0.0,,12,0,2018-11-16,2018-11-16
XI-IATI-EC_NEAR-2017-ACT-D-40695-00,XI-IATI-EC_NEAR,European Commission - Directorate-General for Neighbourhood and Enlargement Negotiations,Multilateral,A02_sector,2,Implementation,TN,82805895.0,0,0,,,1.0,2025-10-24,,,0.0,,12,0,2018-10-25,2018-10-25
XI-IATI-EC_NEAR-2017-ACT-D-40704-00,XI-IATI-EC_NEAR,European Commission - Directorate-General for Neighbourhood and Enlargement Negotiations,Multilateral,A02_sector,2,Implementation,TN,102546000.0,0,0,,,1.0,2029-11-15,,,0.0,,12,0,2018-11-16,2018-11-16
XI-IATI-EC_NEAR-2017-ACT-D-40759-00,XI-IATI-EC_NEAR,European Commission - Directorate-General for Neighbourhood and Enlargement Negotiations,Multilateral,A01_general,2,Implementation,MA,10824300.0,0,0,,,1.0,2025-12-26,,,0.0,,12,0,2018-12-18,2018-12-18
XI-IATI-EC_NEAR-2017-ACT-D-40761-01,XI-IATI-EC_NEAR,European Commission - Directorate-General for Neighbourhood and Enlargement Negotiations,Multilateral,A02_sector,2,Implementation,MA,12105099.54,0,0,,,1.0,2025-12-10,,,0.0,,12,0,2018-09-14,2018-09-14
XI-IATI-EC_NEAR-2017-PCC-385741,XI-IATI-EC_NEAR,European Commission - Directorate-General for Neighbourhood and Enlargement Negotiations,Multilateral,A02_sector,2,Implementation,UA,6038820.0,6038820.0,4,2017,2020,0.0,2023-12-19,2023-12-19,0,0.0,,12,1,2017-05-25,2016-08-01
XI-IATI-EC_NEAR-2017-PCC-394566,XI-IATI-EC_NEAR,European Commission - Directorate-General for Neighbourhood and Enlargement Negotiations,Multilateral,A02_sector,2,Implementation,JO,63008820.0,11394000.0,1,2017,2017,0.8191681735985533,2027-12-19,,,0.0,,12,0,2017-12-20,2017-12-21
XI-IATI-EC_NEAR-2017-PCC-394632,XI-IATI-EC_NEAR,European Commission - Directorate-General for Neighbourhood and Enlargement Negotiations,Multilateral,A02_sector,2,Implementation,XK,25066800.0,10288782.0,2,2019,2020,0.5895454545454546,2023-12-15,2023-12-15,0,0.0,,12,0,2017-12-19,2017-12-15
XI-IATI-EC_NEAR-2017-PCC-394764,XI-IATI-EC_NEAR,European Commission - Directorate-General for Neighbourhood and Enlargement Negotiations,Multilateral,A02_sector,2,Implementation,MA,1481220.0,1481220.0,3,2018,2020,0.0,2023-02-01,2023-02-01,0,0.0,,12,1,2017-12-27,2018-02-01
XI-IATI-EC_NEAR-2017-PCC-394816,XI-IATI-EC_NEAR,European Commission - Directorate-General for Neighbourhood and Enlargement Negotiations,Multilateral,A02_sector,2,Implementation,JO,45576000.0,35891100.0,5,2018,2024,0.2125,2024-12-18,2024-12-18,0,0.0,,12,1,2017-12-15,2017-12-18
XI-IATI-EC_NEAR-2017-PCC-394871,XI-IATI-EC_NEAR,European Commission - Directorate-General for Neighbourhood and Enlargement Negotiations,Multilateral,A02_sector,2,Implementation,MA,1709100.0,1709100.0,2,2018,2022,0.0,2022-12-01,2022-12-01,0,0.0,,12,0,2017-12-26,2018-06-01
XI-IATI-EC_NEAR-2018-ACT-D-41151-00,XI-IATI-EC_NEAR,European Commission - Directorate-General for Neighbourhood and Enlargement Negotiations,Multilateral,A02_sector,2,Implementation,MA,40955195.88684,0,0,,,1.0,2027-12-19,,,0.0,,12,0,2019-12-19,2019-12-19
XI-IATI-EC_NEAR-2018-ACT-D-41290-00,XI-IATI-EC_NEAR,European Commission - Directorate-General for Neighbourhood and Enlargement Negotiations,Multilateral,A02_sector,2,Implementation,MA,2506680.0,0,0,,,1.0,2025-12-29,,,0.0,,12,0,2018-12-20,2018-12-20
XI-IATI-EC_NEAR-2018-ACT-D-41398-00,XI-IATI-EC_NEAR,European Commission - Directorate-General for Neighbourhood and Enlargement Negotiations,Multilateral,A02_sector,2,Implementation,MA,56970000.0,0,0,,,1.0,2026-12-13,,,0.0,,12,0,2019-12-13,2019-12-13
XI-IATI-EC_NEAR-2018-ACT-D-41405-00,XI-IATI-EC_NEAR,European Commission - Directorate-General for Neighbourhood and Enlargement Negotiations,Multilateral,A02_sector,2,Implementation,GE,30029547.851999998,0,0,,,1.0,2026-07-12,,,0.0,,12,0,2019-07-12,2019-07-12
XI-IATI-EC_NEAR-2018-PCC-395584,XI-IATI-EC_NEAR,European Commission - Directorate-General for Neighbourhood and Enlargement Negotiations,Multilateral,A02_sector,2,Implementation,RS,7388724.15,0,0,,,1.0,2023-12-01,2023-12-01,0,0.0,,12,0,2018-02-20,2018-03-05
XI-IATI-EC_NEAR-2018-PCC-397293,XI-IATI-EC_NEAR,European Commission - Directorate-General for Neighbourhood and Enlargement Negotiations,Multilateral,A02_sector,2,Implementation,RS,4317995.574,0,0,,,1.0,2023-02-01,2023-02-01,0,0.0,,12,0,2018-06-27,2018-08-01
XI-IATI-EC_NEAR-2018-PCC-399610,XI-IATI-EC_NEAR,European Commission - Directorate-General for Neighbourhood and Enlargement Negotiations,Multilateral,A02_sector,2,Implementation,JO,4215780.0,4215780.0,4,2018,2023,0.0,2023-10-01,2023-10-01,0,0.0,,12,1,2018-08-29,2018-09-01
XI-IATI-EC_NEAR-2018-PCC-401348,XI-IATI-EC_NEAR,European Commission - Directorate-General for Neighbourhood and Enlargement Negotiations,Multilateral,A02_sector,2,Implementation,GE,3418200.0,3418200.0,3,2018,2022,0.0,2023-11-11,2023-11-11,0,0.0,,12,1,2018-12-11,2018-12-11
XI-IATI-EC_NEAR-2018-PCC-401352,XI-IATI-EC_NEAR,European Commission - Directorate-General for Neighbourhood and Enlargement Negotiations,Multilateral,A02_sector,2,Implementation,GE,3076380.0,3076380.0,3,2018,2021,0.0,2023-01-01,2023-01-01,0,0.0,,12,1,2018-12-20,2019-01-01
XI-IATI-EC_NEAR-2018-PCC-403140,XI-IATI-EC_NEAR,European Commission - Directorate-General for Neighbourhood and Enlargement Negotiations,Multilateral,A02_sector,2,Implementation,TN,56286360.0,27801360.0,2,2018,2022,0.5060728744939271,2022-11-16,2022-11-16,0,0.0,,12,0,2018-11-15,2018-11-16
XI-IATI-EC_NEAR-2018-PCC-403150,XI-IATI-EC_NEAR,European Commission - Directorate-General for Neighbourhood and Enlargement Negotiations,Multilateral,A02_sector,2,Implementation,TN,60103350.0,52694401.5,4,2018,2022,0.12327014218009479,2023-11-16,2023-11-16,0,0.0,,12,1,2018-11-12,2018-11-16
XI-IATI-EC_NEAR-2018-PCC-403393,XI-IATI-EC_NEAR,European Commission - Directorate-General for Neighbourhood and Enlargement Negotiations,Multilateral,A02_sector,2,Implementation,GE,34182000.0,26775900.0,5,2018,2023,0.21666666666666667,2024-12-05,2024-12-05,0,0.0,,12,1,2018-12-05,2018-12-05
XI-IATI-EC_NEAR-2018-PCC-404157,XI-IATI-EC_NEAR,European Commission - Directorate-General for Neighbourhood and Enlargement Negotiations,Multilateral,A02_sector,2,Implementation,MA,1025460.0,986720.5025460001,2,2019,2024,0.03777767777777772,2023-05-29,2023-05-29,0,0.0,,12,0,2018-12-27,2019-03-01
XI-IATI-EC_NEAR-2018-PCC-404297,XI-IATI-EC_NEAR,European Commission - Directorate-General for Neighbourhood and Enlargement Negotiations,Multilateral,A02_sector,2,Implementation,TN,6836400.0,4284144.0,4,2019,2024,0.37333333333333335,2025-11-01,,,0.0,,12,1,2018-12-21,2019-01-01
XI-IATI-EC_NEAR-2018-PCC-404376,XI-IATI-EC_NEAR,European Commission - Directorate-General for Neighbourhood and Enlargement Negotiations,Multilateral,A02_sector,2,Implementation,TN,6141366.0,5527229.4,3,2019,2023,0.09999999999999994,2023-10-01,2023-10-01,0,0.0,,12,1,2018-12-19,2019-01-01
XI-IATI-EC_NEAR-2018-PCC-404417,XI-IATI-EC_NEAR,European Commission - Directorate-General for Neighbourhood and Enlargement Negotiations,Multilateral,A02_sector,2,Implementation,TN,4557600.0,1173582.0,1,2021,2021,0.7425,2025-11-01,,,0.0,,12,0,2018-12-21,2018-12-27
XI-IATI-EC_NEAR-2019-ACT-D-41203-02,XI-IATI-EC_NEAR,European Commission - Directorate-General for Neighbourhood and Enlargement Negotiations,Multilateral,A02_sector,2,Implementation,AL,80498610.0,0,0,,,1.0,2032-12-17,,,,,,0,2020-12-17,2020-12-17
XI-IATI-EC_NEAR-2019-ACT-D-41263-03,XI-IATI-EC_NEAR,European Commission - Directorate-General for Neighbourhood and Enlargement Negotiations,Multilateral,A02_sector,2,Implementation,MK,58109400.0,0,0,,,1.0,2028-03-05,,,,,,0,2020-03-05,2020-03-05
XI-IATI-EC_NEAR-2019-ACT-D-41859-00,XI-IATI-EC_NEAR,European Commission - Directorate-General for Neighbourhood and Enlargement Negotiations,Multilateral,A02_sector,2,Implementation,TN,102546000.0,0,0,,,1.0,2030-11-19,,,0.0,,12,0,2020-11-19,2020-11-19
XI-IATI-EC_NEAR-2019-ACT-D-41860-00,XI-IATI-EC_NEAR,European Commission - Directorate-General for Neighbourhood and Enlargement Negotiations,Multilateral,A02_sector,2,Implementation,TN,113940000.0,0,0,,,1.0,2031-02-13,,,0.0,,12,0,2020-08-14,2020-08-14
XI-IATI-EC_NEAR-2019-ACT-D-41891-00,XI-IATI-EC_NEAR,European Commission - Directorate-General for Neighbourhood and Enlargement Negotiations,Multilateral,A01_general,2,Implementation,TN,136728000.0,0,0,,,1.0,2030-07-02,,,0.0,,12,0,2020-07-03,2020-07-03
XI-IATI-EC_NEAR-2019-ACT-D-41934-01,XI-IATI-EC_NEAR,European Commission - Directorate-General for Neighbourhood and Enlargement Negotiations,Multilateral,A02_sector,2,Implementation,GE,61527600.0,0,0,,,1.0,2027-09-28,,,0.0,,12,0,2020-09-28,2020-09-28
XI-IATI-EC_NEAR-2019-ACT-D-41937-00,XI-IATI-EC_NEAR,European Commission - Directorate-General for Neighbourhood and Enlargement Negotiations,Multilateral,A02_sector,2,Implementation,GE,62667000.0,0,0,,,1.0,2028-11-30,,,0.0,,12,0,2020-11-30,2020-11-30
XI-IATI-EC_NEAR-2019-ACT-D-41950-00,XI-IATI-EC_NEAR,European Commission - Directorate-General for Neighbourhood and Enlargement Negotiations,Multilateral,A02_sector,2,Implementation,MA,62667000.0,0,0,,,1.0,2028-10-26,,,0.0,,12,0,2020-04-27,2020-04-27
XI-IATI-EC_NEAR-2019-ACT-D-42126-00,XI-IATI-EC_NEAR,European Commission - Directorate-General for Neighbourhood and Enlargement Negotiations,Multilateral,A02_sector,2,Implementation,MA,56970000.0,0,0,,,1.0,2029-01-13,,,0.0,,12,0,2020-05-13,2020-05-13
XI-IATI-EC_NEAR-2019-ACT-D-42137-00,XI-IATI-EC_NEAR,European Commission - Directorate-General for Neighbourhood and Enlargement Negotiations,Multilateral,A02_sector,2,Implementation,JO,50133600.0,0,0,,,1.0,2027-12-19,,,0.0,,12,0,2020-12-20,2020-12-20
XI-IATI-EC_NEAR-2019-ACT-D-42240-00,XI-IATI-EC_NEAR,European Commission - Directorate-General for Neighbourhood and Enlargement Negotiations,Multilateral,A02_sector,2,Implementation,JO,51808500.909,0,0,,,1.0,2028-06-27,,,0.0,,12,0,2020-12-27,2020-12-27
XI-IATI-EC_NEAR-2019-PCC-404352,XI-IATI-EC_NEAR,European Commission - Directorate-General for Neighbourhood and Enlargement Negotiations,Multilateral,A02_sector,2,Implementation,TN,6836400.0,5247126.174582001,2,2019,2022,0.2324723283333332,2025-08-01,,,0.0,,12,0,2019-06-28,2019-08-01
XI-IATI-EC_NEAR-2019-PCC-404799,XI-IATI-EC_NEAR,European Commission - Directorate-General for Neighbourhood and Enlargement Negotiations,Multilateral,A02_sector,2,Implementation,TN,185454.441,0,0,,,1.0,2023-07-22,2023-07-22,0,0.0,,12,0,2019-04-16,2019-04-24
XI-IATI-EC_NEAR-2019-PCC-407099,XI-IATI-EC_NEAR,European Commission - Directorate-General for Neighbourhood and Enlargement Negotiations,Multilateral,A02_sector,2,Implementation,TN,3418200.0,2449710.0,2,2019,2021,0.2833333333333333,2025-01-01,2025-01-01,0,0.0,,12,0,2019-05-21,2019-06-03
XI-IATI-EC_NEAR-2019-PCC-407821,XI-IATI-EC_NEAR,European Commission - Directorate-General for Neighbourhood and Enlargement Negotiations,Multilateral,A02_sector,2,Implementation,RS,2110738.5,0,0,,,1.0,2025-02-09,,,0.0,,12,0,2019-06-27,2019-09-09
XI-IATI-EC_NEAR-2019-PCC-408874,XI-IATI-EC_NEAR,European Commission - Directorate-General for Neighbourhood and Enlargement Negotiations,Multilateral,A02_sector,2,Implementation,AL,38739600.0,29766825.0,4,2019,2024,0.23161764705882354,2024-07-26,2024-07-26,0,0.0,,12,1,2019-07-26,2019-07-26
XI-IATI-EC_NEAR-2019-PCC-410052,XI-IATI-EC_NEAR,European Commission - Directorate-General for Neighbourhood and Enlargement Negotiations,Multilateral,A02_sector,2,Implementation,TN,8260650.0,6183489.618000001,3,2020,2023,0.25145241379310335,2025-11-14,,,0.0,,12,1,2019-12-13,2020-01-14
XI-IATI-EC_NEAR-2019-PCC-411467,XI-IATI-EC_NEAR,European Commission - Directorate-General for Neighbourhood and Enlargement Negotiations,Multilateral,A02_sector,2,Implementation,TN,2873566.8,2498722.179732,5,2019,2024,0.13044576526566212,2025-04-11,,,0.0,,12,1,2019-11-07,2019-11-11
XI-IATI-EC_NEAR-2019-PCC-411975,XI-IATI-EC_NEAR,European Commission - Directorate-General for Neighbourhood and Enlargement Negotiations,Multilateral,A02_sector,2,Implementation,JO,397080.9,0,0,,,1.0,2026-02-17,,,0.0,,12,0,2019-11-21,2020-02-17
XI-IATI-EC_NEAR-2019-PCC-413828,XI-IATI-EC_NEAR,European Commission - Directorate-General for Neighbourhood and Enlargement Negotiations,Multilateral,A02_sector,2,Implementation,MA,64262160.0,59846985.0,5,2019,2024,0.06870567375886524,2024-12-11,2024-12-11,0,0.0,,12,1,2019-12-05,2019-12-11
XI-IATI-EC_NEAR-2019-PCC-414058,XI-IATI-EC_NEAR,European Commission - Directorate-General for Neighbourhood and Enlargement Negotiations,Multilateral,A02_sector,2,Implementation,MA,47854800.0,43297200.0,4,2019,2023,0.09523809523809523,2023-12-13,2023-12-13,0,0.0,,12,1,2019-12-05,2019-12-13
XI-IATI-EC_NEAR-2019-PCC-415500,XI-IATI-EC_NEAR,European Commission - Directorate-General for Neighbourhood and Enlargement Negotiations,Multilateral,A02_sector,2,Implementation,MK,17091000.0,14390863.5528,5,2020,2024,0.1579858666666667,2026-03-05,,,0.0,,12,1,2019-12-20,2020-03-05
XI-IATI-EC_NEAR-2020-ACT-D-42019-00,XI-IATI-EC_NEAR,European Commission - Directorate-General for Neighbourhood and Enlargement Negotiations,Multilateral,A02_sector,2,Implementation,AM,37487514.445218,0,0,,,1.0,2026-12-31,,,0.0,,12,0,2020-10-09,2020-10-09
XI-IATI-EC_NEAR-2020-ACT-D-42145-06,XI-IATI-EC_NEAR,European Commission - Directorate-General for Neighbourhood and Enlargement Negotiations,Multilateral,A02_sector,2,Implementation,ME,20014671.915,0,0,,,1.0,2032-08-28,,,,,,0,2020-08-28,2020-08-28
XI-IATI-EC_NEAR-2020-ACT-D-42278-00,XI-IATI-EC_NEAR,European Commission - Directorate-General for Neighbourhood and Enlargement Negotiations,Multilateral,A02_sector,2,Implementation,MA,96849000.0,0,0,,,1.0,2028-10-26,,,0.0,,12,0,2020-04-27,2020-04-27
XI-IATI-EC_NEAR-2020-ACT-D-42291-00,XI-IATI-EC_NEAR,European Commission - Directorate-General for Neighbourhood and Enlargement Negotiations,Multilateral,A02_sector,2,Implementation,MA,56970000.0,0,0,,,1.0,2029-01-13,,,0.0,,12,0,2020-05-13,2020-05-13
XI-IATI-EC_NEAR-2020-ACT-D-42575-00,XI-IATI-EC_NEAR,European Commission - Directorate-General for Neighbourhood and Enlargement Negotiations,Multilateral,A02_sector,2,Implementation,JO,22788000.0,0,0,,,1.0,2027-12-19,,,0.0,,12,0,2020-12-20,2020-12-20
XI-IATI-EC_NEAR-2020-ACT-D-42602-00,XI-IATI-EC_NEAR,European Commission - Directorate-General for Neighbourhood and Enlargement Negotiations,Multilateral,A02_sector,2,Implementation,JO,22788000.0,0,0,,,1.0,2028-06-27,,,0.0,,12,0,2020-12-27,2020-12-27
XI-IATI-EC_NEAR-2020-ACT-D-42747-06,XI-IATI-EC_NEAR,European Commission - Directorate-General for Neighbourhood and Enlargement Negotiations,Multilateral,A01_general,2,Implementation,MK,45576000.0,0,0,,,1.0,2032-09-18,,,0.0,,12,0,2020-09-18,2020-09-18
XI-IATI-EC_NEAR-2020-ACT-D-42859-00,XI-IATI-EC_NEAR,European Commission - Directorate-General for Neighbourhood and Enlargement Negotiations,Multilateral,A01_general,2,Implementation,TN,208510200.0,0,0,,,1.0,2032-07-02,,,0.0,,12,0,2021-03-01,2021-03-01
XI-IATI-EC_NEAR-2020-ACT-D-42914-01,XI-IATI-EC_NEAR,European Commission - Directorate-General for Neighbourhood and Enlargement Negotiations,Multilateral,A02_sector,2,Implementation,AL,88075620.0,0,0,,,1.0,2030-04-12,,,,,,0,2021-04-12,2021-04-12
XI-IATI-EC_NEAR-2020-ACT-D-42924-00,XI-IATI-EC_NEAR,European Commission - Directorate-General for Neighbourhood and Enlargement Negotiations,Multilateral,A02_sector,2,Implementation,MD,17091000.0,0,0,,,1.0,2025-02-18,,,0.0,,12,0,2021-02-19,2021-02-19
XI-IATI-EC_NEAR-2020-PCC-414985,XI-IATI-EC_NEAR,European Commission - Directorate-General for Neighbourhood and Enlargement Negotiations,Multilateral,A02_sector,2,Implementation,MA,389727.2124,0,0,,,1.0,2024-08-01,2024-08-01,0,0.0,,12,0,2020-07-20,2020-09-01
XI-IATI-EC_NEAR-2020-PCC-415186,XI-IATI-EC_NEAR,European Commission - Directorate-General for Neighbourhood and Enlargement Negotiations,Multilateral,A02_sector,2,Implementation,MA,1367280.0,1327775.6005380002,4,2020,2024,0.028892691666666498,2024-12-01,2024-12-01,0,0.0,,12,1,2020-05-11,2020-07-01
XI-IATI-EC_NEAR-2020-PCC-416324,XI-IATI-EC_NEAR,European Commission - Directorate-General for Neighbourhood and Enlargement Negotiations,Multilateral,A02_sector,2,Implementation,MA,145843200.0,141012144.0,5,2020,2024,0.033125,2025-04-27,,,0.0,,12,1,2020-04-20,2020-04-27
XI-IATI-EC_NEAR-2020-PCC-416672,XI-IATI-EC_NEAR,European Commission - Directorate-General for Neighbourhood and Enlargement Negotiations,Multilateral,A02_sector,2,Implementation,TN,50589360.0,13779935.5032,2,2021,2022,0.727611981981982,2028-10-21,,,0.0,,12,0,2020-12-16,2020-12-21
XI-IATI-EC_NEAR-2020-PCC-416748,XI-IATI-EC_NEAR,European Commission - Directorate-General for Neighbourhood and Enlargement Negotiations,Multilateral,A02_sector,2,Implementation,MA,52412400.0,101406600.0,4,2020,2023,-0.9347826086956522,2025-05-13,,,0.0,,12,1,2020-06-02,2020-05-13
XI-IATI-EC_NEAR-2020-PCC-416795,XI-IATI-EC_NEAR,European Commission - Directorate-General for Neighbourhood and Enlargement Negotiations,Multilateral,A02_sector,2,Implementation,MA,797580.0,728172.0817200001,3,2020,2022,0.08702314285714269,2024-12-01,2024-12-01,0,0.0,,12,1,2020-06-24,2020-08-01
XI-IATI-EC_NEAR-2020-PCC-417111,XI-IATI-EC_NEAR,European Commission - Directorate-General for Neighbourhood and Enlargement Negotiations,Multilateral,A02_sector,2,Implementation,GE,2107890.0,2107890.0,2,2020,2022,0.0,2023-07-23,2023-07-23,0,0.0,,12,0,2020-07-22,2020-07-23
XI-IATI-EC_NEAR-2020-PCC-417245,XI-IATI-EC_NEAR,European Commission - Directorate-General for Neighbourhood and Enlargement Negotiations,Multilateral,A02_sector,2,Implementation,TN,2127619.3718520002,1808476.4626560002,2,2020,2022,0.1500000016065844,2024-01-07,2024-01-07,0,0.0,,12,0,2020-12-07,2020-12-07
XI-IATI-EC_NEAR-2020-PCC-418579,XI-IATI-EC_NEAR,European Commission - Directorate-General for Neighbourhood and Enlargement Negotiations,Multilateral,A02_sector,2,Implementation,TN,88873200.0,61527600.0,2,2020,2022,0.3076923076923077,2026-08-14,,,0.0,,12,0,2020-08-05,2020-08-14
XI-IATI-EC_NEAR-2020-PCC-419152,XI-IATI-EC_NEAR,European Commission - Directorate-General for Neighbourhood and Enlargement Negotiations,Multilateral,A01_general,2,Implementation,MK,45576000.0,45576000.0,2,2020,2021,0.0,2026-09-18,,,0.0,,12,0,2020-07-31,2020-09-18
XI-IATI-EC_NEAR-2020-PCC-419437,XI-IATI-EC_NEAR,European Commission - Directorate-General for Neighbourhood and Enlargement Negotiations,Multilateral,A02_sector,2,Implementation,GE,46145700.0,31903200.0,3,2020,2023,0.30864197530864196,2025-09-28,,,0.0,,12,1,2020-09-28,2020-09-28
XI-IATI-EC_NEAR-2020-PCC-419973,XI-IATI-EC_NEAR,European Commission - Directorate-General for Neighbourhood and Enlargement Negotiations,Multilateral,A02_sector,2,Implementation,AL,57710610.0,44553730.32,4,2021,2024,0.2279802566633761,2025-12-17,,,0.0,,12,1,2020-12-17,2020-12-17
XI-IATI-EC_NEAR-2020-PCC-420275,XI-IATI-EC_NEAR,European Commission - Directorate-General for Neighbourhood and Enlargement Negotiations,Multilateral,A02_sector,2,Implementation,JO,39879000.0,60957900.0,3,2020,2022,-0.5285714285714286,2025-12-20,,,0.0,,12,1,2020-12-20,2020-12-20
XI-IATI-EC_NEAR-2020-PCC-420528,XI-IATI-EC_NEAR,European Commission - Directorate-General for Neighbourhood and Enlargement Negotiations,Multilateral,A02_sector,2,Implementation,JO,68364000.0,46145700.0,3,2021,2023,0.325,2024-12-27,2024-12-27,0,0.0,,12,1,2020-12-16,2020-12-27
XI-IATI-EC_NEAR-2020-PCC-420597,XI-IATI-EC_NEAR,European Commission - Directorate-General for Neighbourhood and Enlargement Negotiations,Multilateral,A02_sector,2,Implementation,TN,45576000.0,33612300.0,3,2020,2024,0.2625,2028-11-19,,,0.0,,12,1,2020-10-30,2020-11-19
XI-IATI-EC_NEAR-2020-PCC-421173,XI-IATI-EC_NEAR,European Commission - Directorate-General for Neighbourhood and Enlargement Negotiations,Multilateral,A02_sector,2,Implementation,GE,35321400.0,25921350.0,4,2020,2023,0.2661290322580645,2025-11-30,,,0.0,,12,1,2020-11-23,2020-11-30
XI-IATI-EC_NEAR-2020-PCC-421250,XI-IATI-EC_NEAR,European Commission - Directorate-General for Neighbourhood and Enlargement Negotiations,Multilateral,A02_sector,2,Implementation,MK,1709100.0,0,0,,,1.0,2025-07-02,,,0.0,,12,0,2020-12-14,2021-01-18
XI-IATI-EC_NEAR-2020-PCC-421661,XI-IATI-EC_NEAR,European Commission - Directorate-General for Neighbourhood and Enlargement Negotiations,Multilateral,A02_sector,2,Implementation,MA,455760.0,310918.070538,2,2021,2022,0.31780307499999993,2023-08-01,2023-08-01,0,0.0,,12,0,2020-12-11,2021-02-01
XI-IATI-EC_NEAR-2020-PCC-423478,XI-IATI-EC_NEAR,European Commission - Directorate-General for Neighbourhood and Enlargement Negotiations,Multilateral,A02_sector,2,Implementation,AL,2278800.0,2050920.0,3,2021,2023,0.1,2026-12-17,,,0.0,,12,1,2020-09-14,2020-12-17
XI-IATI-EC_NEAR-2020-PCC-424787,XI-IATI-EC_NEAR,European Commission - Directorate-General for Neighbourhood and Enlargement Negotiations,Multilateral,A02_sector,2,Implementation,AL,41018400.0,36808950.005063996,3,2022,2024,0.10262345666666677,2027-04-12,,,0.0,,12,1,2020-12-03,2021-04-12
XI-IATI-EC_NEAR-2021-ACT-60872,XI-IATI-EC_NEAR,European Commission - Directorate-General for Neighbourhood and Enlargement Negotiations,Multilateral,A02_sector,1,Pipeline/identification,RS,184810680.0,0,0,,,1.0,2026-06-21,,,,,,0,2023-12-31,2022-09-05
XI-IATI-EC_NEAR-2021-ACT-60875,XI-IATI-EC_NEAR,European Commission - Directorate-General for Neighbourhood and Enlargement Negotiations,Multilateral,A02_sector,1,Pipeline/identification,RS,184810680.0,0,0,,,1.0,2026-06-21,,,,,,0,2023-12-31,2022-09-05
XI-IATI-EC_NEAR-2021-ACT-61066,XI-IATI-EC_NEAR,European Commission - Directorate-General for Neighbourhood and Enlargement Negotiations,Multilateral,A02_sector,2,Implementation,MA,56970000.0,0,0,,,1.0,2029-12-28,,,0.0,,12,0,2021-12-20,2021-12-20
XI-IATI-EC_NEAR-2021-ACT-61068,XI-IATI-EC_NEAR,European Commission - Directorate-General for Neighbourhood and Enlargement Negotiations,Multilateral,A02_sector,2,Implementation,MA,58109400.0,0,0,,,1.0,2028-12-26,,,0.0,,12,0,2021-12-20,2021-12-20
XI-IATI-EC_NEAR-2021-ACT-61082,XI-IATI-EC_NEAR,European Commission - Directorate-General for Neighbourhood and Enlargement Negotiations,Multilateral,A01_general,4,Closed,TN,182304000.0,0,0,,,1.0,2027-10-19,,,,,,0,2021-12-19,2021-12-19
XI-IATI-EC_NEAR-2021-ACT-61137,XI-IATI-EC_NEAR,European Commission - Directorate-General for Neighbourhood and Enlargement Negotiations,Multilateral,A02_sector,2,Implementation,MA,148122000.0,0,0,,,1.0,2027-12-20,,,0.0,,12,0,2021-12-20,2021-12-20
XI-IATI-EC_NEAR-2021-ACT-61585,XI-IATI-EC_NEAR,European Commission - Directorate-General for Neighbourhood and Enlargement Negotiations,Multilateral,A01_general,1,Pipeline/identification,RS,188001000.0,0,0,,,1.0,2025-02-13,,,,,,0,2023-02-13,2023-01-30
XI-IATI-EC_NEAR-2021-ACT-61727,XI-IATI-EC_NEAR,European Commission - Directorate-General for Neighbourhood and Enlargement Negotiations,Multilateral,A01_general,1,Pipeline/identification,JO,79758000.0,0,0,,,1.0,2030-12-05,,,0.0,,12,0,2024-12-05,2023-10-04
XI-IATI-EC_NEAR-2021-ACT-61868,XI-IATI-EC_NEAR,European Commission - Directorate-General for Neighbourhood and Enlargement Negotiations,Multilateral,A02_sector,1,Pipeline/identification,MA,100267200.0,0,0,,,1.0,2030-12-31,,,0.0,,12,0,2025-12-31,2024-09-30
XI-IATI-EC_NEAR-2021-ACT-62392,XI-IATI-EC_NEAR,European Commission - Directorate-General for Neighbourhood and Enlargement Negotiations,Multilateral,A02_sector,1,Pipeline/identification,AL,76738590.0,0,0,,,1.0,2031-12-31,,,,,,0,2025-12-31,2024-02-06
XI-IATI-EC_NEAR-2021-ACT-62606,XI-IATI-EC_NEAR,European Commission - Directorate-General for Neighbourhood and Enlargement Negotiations,Multilateral,A02_sector,1,Pipeline/identification,JO,29624400.0,0,0,,,1.0,2029-12-31,,,0.0,,12,0,2025-12-31,2024-09-13
XI-IATI-EC_NEAR-2021-ACT-62648,XI-IATI-EC_NEAR,European Commission - Directorate-General for Neighbourhood and Enlargement Negotiations,Multilateral,A02_sector,1,Pipeline/identification,MD,72921600.0,0,0,,,1.0,2028-12-31,,,0.0,,12,0,2025-12-31,2024-12-31
XI-IATI-EC_NEAR-2021-ACT-62782,XI-IATI-EC_NEAR,European Commission - Directorate-General for Neighbourhood and Enlargement Negotiations,Multilateral,A01_general,1,Pipeline/identification,UA,3418200000.0,0,0,,,1.0,2027-07-08,,,,,,0,2024-07-08,2024-06-10
XI-IATI-EC_NEAR-2021-PC-2265,XI-IATI-EC_NEAR,European Commission - Directorate-General for Neighbourhood and Enlargement Negotiations,Multilateral,A02_sector,2,Implementation,MA,203701.932,0,0,,,1.0,2022-08-21,2022-08-21,0,0.0,,12,0,2021-02-22,2021-02-22
XI-IATI-EC_NEAR-2021-PC-3558,XI-IATI-EC_NEAR,European Commission - Directorate-General for Neighbourhood and Enlargement Negotiations,Multilateral,A02_sector,2,Implementation,TN,341818.8606,0,0,,,1.0,2021-06-01,2021-06-01,0,0.0,,12,0,2021-06-01,2021-06-01
XI-IATI-EC_NEAR-2021-PC-4855,XI-IATI-EC_NEAR,European Commission - Directorate-General for Neighbourhood and Enlargement Negotiations,Multilateral,A02_sector,2,Implementation,MA,272806.542,0,0,,,1.0,2024-06-03,2024-06-03,0,0.0,,12,0,2021-06-03,2021-06-03
XI-IATI-EC_NEAR-2021-PC-7220,XI-IATI-EC_NEAR,European Commission - Directorate-General for Neighbourhood and Enlargement Negotiations,Multilateral,A02_sector,2,Implementation,MA,1121970.0285,0,0,,,1.0,2024-01-31,2024-01-31,0,0.0,,12,0,2021-11-22,2021-12-06
XI-IATI-EC_NEAR-2021-PC-7372,XI-IATI-EC_NEAR,European Commission - Directorate-General for Neighbourhood and Enlargement Negotiations,Multilateral,A02_sector,2,Implementation,GE,170281.05120000002,0,0,,,1.0,2024-12-08,2024-12-08,0,0.0,,12,0,2021-12-09,2021-12-09
XI-IATI-EC_NEAR-2021-PC-8877,XI-IATI-EC_NEAR,European Commission - Directorate-General for Neighbourhood and Enlargement Negotiations,Multilateral,A02_sector,2,Implementation,TN,838675.8792000001,0,0,,,1.0,2024-11-14,2024-11-14,0,0.0,,12,0,2021-11-16,2021-11-16
XI-IATI-EC_NEAR-2021-PCC-414053,XI-IATI-EC_NEAR,European Commission - Directorate-General for Neighbourhood and Enlargement Negotiations,Multilateral,A02_sector,2,Implementation,TN,2278800.0,759200.4504000001,1,2021,2021,0.666842,2026-11-01,,,0.0,,12,0,2021-11-13,2022-07-01
XI-IATI-EC_NEAR-2021-PCC-415259,XI-IATI-EC_NEAR,European Commission - Directorate-General for Neighbourhood and Enlargement Negotiations,Multilateral,A02_sector,2,Implementation,MA,3953596.0842000004,0,0,,,1.0,2024-12-14,2024-12-14,0,0.0,,12,0,2021-08-02,2021-10-01
XI-IATI-EC_NEAR-2021-PCC-415264,XI-IATI-EC_NEAR,European Commission - Directorate-General for Neighbourhood and Enlargement Negotiations,Multilateral,A02_sector,2,Implementation,MA,3373888.734,0,0,,,1.0,2024-12-01,2024-12-01,0,0.0,,12,0,2021-08-02,2021-10-01
XI-IATI-EC_NEAR-2021-PCC-416172,XI-IATI-EC_NEAR,European Commission - Directorate-General for Neighbourhood and Enlargement Negotiations,Multilateral,A02_sector,2,Implementation,GE,2506680.0,2506680.0,3,2020,2024,0.0,2024-02-01,2024-02-01,0,0.0,,12,1,2021-08-18,2021-02-01
XI-IATI-EC_NEAR-2021-PCC-417640,XI-IATI-EC_NEAR,European Commission - Directorate-General for Neighbourhood and Enlargement Negotiations,Multilateral,A02_sector,2,Implementation,MA,911520.0,856273.1488020001,2,2021,2022,0.060609587499999895,2023-12-01,2023-12-01,0,0.0,,12,0,2021-03-22,2021-06-01
XI-IATI-EC_NEAR-2021-PCC-423254,XI-IATI-EC_NEAR,European Commission - Directorate-General for Neighbourhood and Enlargement Negotiations,Multilateral,A01_general,2,Implementation,TN,6036632.352,0,0,,,1.0,2026-03-11,,,0.0,,12,0,2021-03-01,2021-03-11
XI-IATI-EC_NEAR-2021-PCC-423450,XI-IATI-EC_NEAR,European Commission - Directorate-General for Neighbourhood and Enlargement Negotiations,Multilateral,A02_sector,2,Implementation,MA,1145097.0,839109.1360500001,2,2021,2024,0.26721567164179094,2023-12-30,2023-12-30,0,0.0,,12,0,2021-03-01,2021-03-22
XI-IATI-EC_NEAR-2021-PCC-423828,XI-IATI-EC_NEAR,European Commission - Directorate-General for Neighbourhood and Enlargement Negotiations,Multilateral,A02_sector,2,Implementation,AL,5877970.902,0,0,,,1.0,2025-06-04,,,0.0,,12,0,2021-05-27,2021-06-04
XI-IATI-EC_NEAR-2021-PCC-423852,XI-IATI-EC_NEAR,European Commission - Directorate-General for Neighbourhood and Enlargement Negotiations,Multilateral,A02_sector,2,Implementation,MA,6313824.444600001,0,0,,,1.0,2026-04-23,,,0.0,,12,0,2021-12-22,2021-12-23
XI-IATI-EC_NEAR-2021-PCC-424417,XI-IATI-EC_NEAR,European Commission - Directorate-General for Neighbourhood and Enlargement Negotiations,Multilateral,A02_sector,2,Implementation,AL,2848500.0,2556473.249826,3,2021,2023,0.10251948399999998,2024-08-01,2024-08-01,0,0.0,,12,1,2021-05-21,2021-06-01
XI-IATI-EC_NEAR-2021-PCC-424514,XI-IATI-EC_NEAR,European Commission - Directorate-General for Neighbourhood and Enlargement Negotiations,Multilateral,A02_sector,2,Implementation,AL,2848500.0,2848500.0,2,2021,2023,0.0,2024-07-01,2024-07-01,0,0.0,,12,0,2021-06-21,2021-07-01
XI-IATI-EC_NEAR-2021-PCC-424517,XI-IATI-EC_NEAR,European Commission - Directorate-General for Neighbourhood and Enlargement Negotiations,Multilateral,A02_sector,2,Implementation,AL,2333206.35,0,0,,,1.0,2024-12-01,2024-12-01,0,0.0,,12,0,2021-06-25,2021-07-01
XI-IATI-EC_NEAR-2021-PCC-424843,XI-IATI-EC_NEAR,European Commission - Directorate-General for Neighbourhood and Enlargement Negotiations,Multilateral,A02_sector,2,Implementation,GE,10254600.0,5912558.699310001,3,2021,2024,0.423423761111111,2025-11-18,,,0.0,,12,1,2021-12-16,2021-12-18
XI-IATI-EC_NEAR-2021-PCC-424895,XI-IATI-EC_NEAR,European Commission - Directorate-General for Neighbourhood and Enlargement Negotiations,Multilateral,A01_general,2,Implementation,MA,260694.72,0,0,,,1.0,2023-12-27,2023-12-27,0,0.0,,12,0,2021-12-10,2022-01-17
XI-IATI-EC_NEAR-2021-PCC-425620,XI-IATI-EC_NEAR,European Commission - Directorate-General for Neighbourhood and Enlargement Negotiations,Multilateral,A02_sector,2,Implementation,MA,3015536.04,0,0,,,1.0,2024-12-20,2024-12-20,0,0.0,,12,0,2021-08-13,2021-09-20
XI-IATI-EC_NEAR-2021-PCC-426292,XI-IATI-EC_NEAR,European Commission - Directorate-General for Neighbourhood and Enlargement Negotiations,Multilateral,A02_sector,2,Implementation,AL,750294.9,0,0,,,1.0,2025-05-29,,,0.0,,12,0,2021-11-26,2021-11-29
XI-IATI-EC_NEAR-2021-PCC-426850,XI-IATI-EC_NEAR,European Commission - Directorate-General for Neighbourhood and Enlargement Negotiations,Multilateral,A02_sector,2,Implementation,TN,210789000.0,153819000.0,1,2022,2022,0.2702702702702703,2024-03-01,2024-03-01,0,0.0,,12,0,2021-02-15,2021-03-01
XI-IATI-EC_NEAR-2021-PCC-427059,XI-IATI-EC_NEAR,European Commission - Directorate-General for Neighbourhood and Enlargement Negotiations,Multilateral,A02_sector,2,Implementation,GE,1993950.0,1993950.0,2,2021,2023,0.0,2025-04-01,,,0.0,,12,0,2021-12-17,2022-01-01
XI-IATI-EC_NEAR-2021-PCC-427568,XI-IATI-EC_NEAR,European Commission - Directorate-General for Neighbourhood and Enlargement Negotiations,Multilateral,A02_sector,2,Implementation,GE,1139400.0,1025460.0,2,2021,2023,0.1,2024-10-16,2024-10-16,0,0.0,,12,0,2021-12-10,2021-12-16
XI-IATI-EC_NEAR-2021-PCC-427664,XI-IATI-EC_NEAR,European Commission - Directorate-General for Neighbourhood and Enlargement Negotiations,Multilateral,A02_sector,2,Implementation,AL,256.262454,0,0,,,1.0,2025-02-04,,,0.0,,12,0,2021-05-27,2021-06-04
XI-IATI-EC_NEAR-2021-PCC-427905,XI-IATI-EC_NEAR,European Commission - Directorate-General for Neighbourhood and Enlargement Negotiations,Multilateral,A01_general,2,Implementation,MA,284850.0,227880.0,1,2022,2022,0.2,2022-10-14,2022-10-14,0,0.0,,12,0,2021-12-15,2022-01-12
XI-IATI-EC_NEAR-2021-PCC-427970,XI-IATI-EC_NEAR,European Commission - Directorate-General for Neighbourhood and Enlargement Negotiations,Multilateral,A02_sector,2,Implementation,TN,341136.36000000004,0,0,,,1.0,2024-11-12,2024-11-12,0,0.0,,12,0,2021-11-02,2021-11-12
XI-IATI-EC_NEAR-2021-PCC-428148,XI-IATI-EC_NEAR,European Commission - Directorate-General for Neighbourhood and Enlargement Negotiations,Multilateral,A02_sector,2,Implementation,TN,12025194.557400001,8834403.9852,3,2021,2024,0.26534211625178805,2025-11-16,,,0.0,,12,1,2021-11-05,2022-02-01
XI-IATI-EC_NEAR-2021-PCC-428565,XI-IATI-EC_NEAR,European Commission - Directorate-General for Neighbourhood and Enlargement Negotiations,Multilateral,A02_sector,2,Implementation,GE,7406100.0,5771923.047252,3,2021,2024,0.2206528338461538,2025-09-28,,,0.0,,12,1,2021-12-08,2022-01-28
XI-IATI-EC_NEAR-2021-PCC-428582,XI-IATI-EC_NEAR,European Commission - Directorate-General for Neighbourhood and Enlargement Negotiations,Multilateral,A02_sector,2,Implementation,GE,2278800.0,1959250.7124,3,2021,2024,0.14022699999999996,2025-09-27,,,0.0,,12,1,2021-12-08,2021-12-27
XI-IATI-EC_NEAR-2021-PCC-428588,XI-IATI-EC_NEAR,European Commission - Directorate-General for Neighbourhood and Enlargement Negotiations,Multilateral,A02_sector,2,Implementation,TN,2278800.0,1462229.6202,3,2021,2024,0.35833349999999997,2026-07-01,,,0.0,,12,1,2021-12-14,2021-12-01
XI-IATI-EC_NEAR-2021-PCC-428768,XI-IATI-EC_NEAR,European Commission - Directorate-General for Neighbourhood and Enlargement Negotiations,Multilateral,A02_sector,2,Implementation,TN,3646080.0,998114.4,1,2021,2021,0.7262500000000001,2024-11-01,2024-11-01,0,0.0,,12,0,2021-11-16,2021-12-01
XI-IATI-EC_NEAR-2021-PCC-428889,XI-IATI-EC_NEAR,European Commission - Directorate-General for Neighbourhood and Enlargement Negotiations,Multilateral,A02_sector,2,Implementation,MA,911520.0,790246.7988120001,2,2022,2023,0.1330450249999999,2024-12-25,2024-12-25,0,0.0,,12,0,2021-12-16,2022-04-01
XI-IATI-EC_NEAR-2021-PCC-428890,XI-IATI-EC_NEAR,European Commission - Directorate-General for Neighbourhood and Enlargement Negotiations,Multilateral,A02_sector,2,Implementation,MA,911520.0,820368.0,3,2021,2024,0.1,2024-12-20,2024-12-20,0,0.0,,12,1,2021-12-16,2021-12-20
XI-IATI-EC_NEAR-2021-PCC-428959,XI-IATI-EC_NEAR,European Commission - Directorate-General for Neighbourhood and Enlargement Negotiations,Multilateral,A02_sector,2,Implementation,MA,282001.5,242552.29307400004,2,2021,2023,0.13989006060606043,2023-12-15,2023-12-15,0,0.0,,12,0,2021-12-13,2021-12-15
XI-IATI-EC_NEAR-2021-PCC-428962,XI-IATI-EC_NEAR,European Commission - Directorate-General for Neighbourhood and Enlargement Negotiations,Multilateral,A02_sector,2,Implementation,MA,227880.0,199592.606142,3,2021,2024,0.12413284999999998,2023-12-17,2023-12-17,0,0.0,,12,1,2021-12-13,2021-12-17
XI-IATI-EC_NEAR-2021-PCC-428965,XI-IATI-EC_NEAR,European Commission - Directorate-General for Neighbourhood and Enlargement Negotiations,Multilateral,A02_sector,2,Implementation,MA,227880.0,211266.83017800003,3,2021,2024,0.07290314999999986,2023-12-17,2023-12-17,0,0.0,,12,1,2021-12-13,2021-12-17
XI-IATI-EC_NEAR-2021-PCC-429045,XI-IATI-EC_NEAR,European Commission - Directorate-General for Neighbourhood and Enlargement Negotiations,Multilateral,A02_sector,2,Implementation,MA,649797.803262,576776.312064,3,2021,2024,0.11237571261618667,2024-12-18,2024-12-18,0,0.0,,12,1,2021-12-16,2021-12-18
XI-IATI-EC_NEAR-2021-PCC-430122,XI-IATI-EC_NEAR,European Commission - Directorate-General for Neighbourhood and Enlargement Negotiations,Multilateral,A02_sector,2,Implementation,MA,1253340.0,1125675.083844,2,2021,2023,0.10185976363636363,2024-12-01,2024-12-01,0,0.0,,12,0,2021-12-16,2022-02-01
XI-IATI-EC_NEAR-2021-PCC-430183,XI-IATI-EC_NEAR,European Commission - Directorate-General for Neighbourhood and Enlargement Negotiations,Multilateral,A02_sector,2,Implementation,TN,1709100.0,524356.4376000001,1,2021,2021,0.6931973333333333,2025-12-17,,,0.0,,12,0,2021-12-14,2021-12-17
XI-IATI-EC_NEAR-2021-PCC-430372,XI-IATI-EC_NEAR,European Commission - Directorate-General for Neighbourhood and Enlargement Negotiations,Multilateral,A02_sector,2,Implementation,JO,2662585.52625,0,0,,,1.0,2024-12-10,2024-12-10,0,0.0,,12,0,2021-12-30,2022-01-10
XI-IATI-EC_NEAR-2021-PCC-430625,XI-IATI-EC_NEAR,European Commission - Directorate-General for Neighbourhood and Enlargement Negotiations,Multilateral,A02_sector,4,Closed,MD,68364000.0,68364000.0,1,2021,2021,0.0,2022-12-15,2022-12-15,0,0.0,,12,0,2021-12-15,2021-12-15
XI-IATI-EC_NEAR-2022-ACT-60561,XI-IATI-EC_NEAR,European Commission - Directorate-General for Neighbourhood and Enlargement Negotiations,Multilateral,A02_sector,2,Implementation,MA,131031000.0,0,0,,,1.0,2029-12-19,,,0.0,,12,0,2022-10-25,2022-10-25
XI-IATI-EC_NEAR-2022-ACT-60707,XI-IATI-EC_NEAR,European Commission - Directorate-General for Neighbourhood and Enlargement Negotiations,Multilateral,A01_general,4,Closed,UA,68364000.0,0,0,,,1.0,2026-03-29,,,0.0,,12,0,2022-04-07,2022-04-07
XI-IATI-EC_NEAR-2022-ACT-60730,XI-IATI-EC_NEAR,European Commission - Directorate-General for Neighbourhood and Enlargement Negotiations,Multilateral,A02_sector,2,Implementation,PS,34751700.0,0,0,,,1.0,2032-12-11,,,0.0,,12,0,2022-06-20,2022-06-20
XI-IATI-EC_NEAR-2022-ACT-60900,XI-IATI-EC_NEAR,European Commission - Directorate-General for Neighbourhood and Enlargement Negotiations,Multilateral,A02_sector,2,Implementation,JO,74061000.0,0,0,,,1.0,2029-08-21,,,0.0,,12,0,2022-10-26,2022-10-26
XI-IATI-EC_NEAR-2022-ACT-60901,XI-IATI-EC_NEAR,European Commission - Directorate-General for Neighbourhood and Enlargement Negotiations,Multilateral,A02_sector,2,Implementation,JO,51273000.0,0,0,,,1.0,2030-04-21,,,0.0,,12,0,2022-11-18,2022-11-18
XI-IATI-EC_NEAR-2022-ACT-60915,XI-IATI-EC_NEAR,European Commission - Directorate-General for Neighbourhood and Enlargement Negotiations,Multilateral,A02_sector,2,Implementation,MK,82606500.0,0,0,,,1.0,2031-12-21,,,,,,0,2022-12-13,2022-12-13
XI-IATI-EC_NEAR-2022-ACT-61027,XI-IATI-EC_NEAR,European Commission - Directorate-General for Neighbourhood and Enlargement Negotiations,Multilateral,A02_sector,2,Implementation,MA,52412400.0,0,0,,,1.0,2031-09-21,,,0.0,,12,0,2022-12-16,2022-12-16
XI-IATI-EC_NEAR-2022-ACT-61197,XI-IATI-EC_NEAR,European Commission - Directorate-General for Neighbourhood and Enlargement Negotiations,Multilateral,A02_sector,2,Implementation,GE,27345600.0,0,0,,,1.0,2031-09-11,,,0.0,,12,0,2022-12-19,2022-12-19
XI-IATI-EC_NEAR-2022-ACT-61199,XI-IATI-EC_NEAR,European Commission - Directorate-General for Neighbourhood and Enlargement Negotiations,Multilateral,A02_sector,2,Implementation,MA,56970000.0,0,0,,,1.0,2030-09-04,,,0.0,,12,0,2022-12-16,2022-12-16
XI-IATI-EC_NEAR-2022-ACT-61256,XI-IATI-EC_NEAR,European Commission - Directorate-General for Neighbourhood and Enlargement Negotiations,Multilateral,A01_general,4,Closed,UA,644900400.0,0,0,,,1.0,2027-09-05,,,0.0,,12,0,2022-07-08,2022-07-08
XI-IATI-EC_NEAR-2022-ACT-61400,XI-IATI-EC_NEAR,European Commission - Directorate-General for Neighbourhood and Enlargement Negotiations,Multilateral,A02_sector,1,Pipeline/identification,MA,173188800.0,0,0,,,1.0,2026-01-26,,,0.0,,12,0,2022-11-22,2022-11-22
XI-IATI-EC_NEAR-2022-ACT-61442,XI-IATI-EC_NEAR,European Commission - Directorate-General for Neighbourhood and Enlargement Negotiations,Multilateral,A02_sector,2,Implementation,AM,12533400.0,0,0,,,1.0,2029-12-07,,,0.0,,12,0,2022-12-19,2022-12-19
XI-IATI-EC_NEAR-2022-ACT-61467,XI-IATI-EC_NEAR,European Commission - Directorate-General for Neighbourhood and Enlargement Negotiations,Multilateral,A02_sector,2,Implementation,AM,36460800.0,0,0,,,1.0,2030-09-12,,,0.0,,12,0,2022-12-19,2022-12-19
XI-IATI-EC_NEAR-2022-PC-10234,XI-IATI-EC_NEAR,European Commission - Directorate-General for Neighbourhood and Enlargement Negotiations,Multilateral,A02_sector,2,Implementation,MA,342095.7348,0,0,,,1.0,2025-06-02,,,0.0,,12,0,2022-05-30,2022-06-03
XI-IATI-EC_NEAR-2022-PC-15302,XI-IATI-EC_NEAR,European Commission - Directorate-General for Neighbourhood and Enlargement Negotiations,Multilateral,A01_general,4,Closed,UA,68364000.0,136728000.0,1,2022,2022,-1.0,2024-04-06,2024-04-06,0,0.0,,12,0,2022-04-06,2022-04-06
XI-IATI-EC_NEAR-2022-PC-15378,XI-IATI-EC_NEAR,European Commission - Directorate-General for Neighbourhood and Enlargement Negotiations,Multilateral,A02_sector,2,Implementation,TN,34085.720700000005,0,0,,,1.0,2023-08-30,2023-08-30,0,0.0,,12,0,2022-05-30,2022-05-30
XI-IATI-EC_NEAR-2022-PC-18169,XI-IATI-EC_NEAR,European Commission - Directorate-General for Neighbourhood and Enlargement Negotiations,Multilateral,A02_sector,4,Closed,MD,85455000.0,85455000.0,1,2022,2022,0.0,2023-07-21,2023-07-21,0,0.0,,12,0,2022-07-21,2022-07-21
XI-IATI-EC_NEAR-2022-PC-18779,XI-IATI-EC_NEAR,European Commission - Directorate-General for Neighbourhood and Enlargement Negotiations,Multilateral,A01_general,4,Closed,RS,104984.316,0,0,,,1.0,2024-06-04,2024-06-04,0,0.0,,12,0,2022-12-06,2022-12-06
XI-IATI-EC_NEAR-2022-PC-19078,XI-IATI-EC_NEAR,European Commission - Directorate-General for Neighbourhood and Enlargement Negotiations,Multilateral,A01_general,4,Closed,UA,644900400.0,644900400.0,1,2022,2022,0.0,2025-09-20,,,0.0,,12,0,2022-09-05,2022-09-20
XI-IATI-EC_NEAR-2022-PC-19257,XI-IATI-EC_NEAR,European Commission - Directorate-General for Neighbourhood and Enlargement Negotiations,Multilateral,A02_sector,2,Implementation,JO,99811.44,0,0,,,1.0,2024-12-27,2024-12-27,0,0.0,,12,0,2022-11-27,2022-12-11
XI-IATI-EC_NEAR-2022-PC-19626,XI-IATI-EC_NEAR,European Commission - Directorate-General for Neighbourhood and Enlargement Negotiations,Multilateral,A02_sector,2,Implementation,JO,27345600.0,11394000.0,1,2022,2022,0.5833333333333334,2025-12-15,,,0.0,,12,0,2022-12-15,2022-12-15
XI-IATI-EC_NEAR-2022-PC-20176,XI-IATI-EC_NEAR,European Commission - Directorate-General for Neighbourhood and Enlargement Negotiations,Multilateral,A02_sector,2,Implementation,MA,118497600.0,55830600.0,3,2022,2024,0.5288461538461539,2026-12-19,,,0.0,,12,1,2022-12-19,2022-12-19
XI-IATI-EC_NEAR-2022-PC-20298,XI-IATI-EC_NEAR,European Commission - Directorate-General for Neighbourhood and Enlargement Negotiations,Multilateral,A01_general,4,Closed,TN,182304000.0,45576000.0,1,2022,2022,0.75,2025-10-19,,,0.0,,12,0,2022-10-19,2022-10-19
XI-IATI-EC_NEAR-2022-PC-21806,XI-IATI-EC_NEAR,European Commission - Directorate-General for Neighbourhood and Enlargement Negotiations,Multilateral,A02_sector,2,Implementation,GE,2563650.0,2563107.2354160002,2,2022,2024,0.00021171555555546067,2025-12-13,,,0.0,,12,0,2022-12-13,2022-12-13
XI-IATI-EC_NEAR-2022-PC-22151,XI-IATI-EC_NEAR,European Commission - Directorate-General for Neighbourhood and Enlargement Negotiations,Multilateral,A02_sector,2,Implementation,GE,876516.4926,766712.275326,2,2022,2024,0.1252734183566691,2025-09-01,,,0.0,,12,0,2022-11-30,2023-01-01
XI-IATI-EC_NEAR-2022-PC-22257,XI-IATI-EC_NEAR,European Commission - Directorate-General for Neighbourhood and Enlargement Negotiations,Multilateral,A02_sector,2,Implementation,GE,1107232.299684,786109.4665020001,2,2022,2024,0.29002299993745406,2025-07-01,,,0.0,,12,0,2022-11-28,2023-01-01
XI-IATI-EC_NEAR-2022-PC-22447,XI-IATI-EC_NEAR,European Commission - Directorate-General for Neighbourhood and Enlargement Negotiations,Multilateral,A02_sector,2,Implementation,GE,2278799.7721200003,1634358.288258,2,2022,2024,0.2827986432798644,2025-12-13,,,0.0,,12,0,2022-12-12,2022-12-13
XI-IATI-EC_NEAR-2022-PC-22453,XI-IATI-EC_NEAR,European Commission - Directorate-General for Neighbourhood and Enlargement Negotiations,Multilateral,A02_sector,2,Implementation,GE,3391844.0828400003,3052659.674556,2,2022,2024,0.10000000000000003,2025-12-09,,,0.0,,12,0,2022-12-08,2022-12-09
XI-IATI-EC_NEAR-2022-PC-22869,XI-IATI-EC_NEAR,European Commission - Directorate-General for Neighbourhood and Enlargement Negotiations,Multilateral,A02_sector,2,Implementation,MA,1234757.98116,689317.6302,1,2023,2023,0.4417386720979792,2024-11-18,2024-11-18,0,0.0,,12,0,2022-12-19,2023-02-18
XI-IATI-EC_NEAR-2022-PC-22976,XI-IATI-EC_NEAR,European Commission - Directorate-General for Neighbourhood and Enlargement Negotiations,Multilateral,A01_general,2,Implementation,TN,5127300.0,1476794.5704,1,2023,2023,0.7119742222222222,2026-02-01,,,0.0,,12,0,2022-12-20,2023-02-01
XI-IATI-EC_NEAR-2022-PC-23142,XI-IATI-EC_NEAR,European Commission - Directorate-General for Neighbourhood and Enlargement Negotiations,Multilateral,A02_sector,2,Implementation,JO,28485000.0,28485000.0,1,2022,2022,0.0,2025-12-12,,,0.0,,12,0,2022-12-11,2022-12-12
XI-IATI-EC_NEAR-2022-PC-23356,XI-IATI-EC_NEAR,European Commission - Directorate-General for Neighbourhood and Enlargement Negotiations,Multilateral,A02_sector,2,Implementation,MA,50703300.0,21124476.0,2,2023,2024,0.5833707865168539,2027-12-27,,,0.0,,12,0,2022-12-27,2022-12-27
XI-IATI-EC_NEAR-2022-PC-23383,XI-IATI-EC_NEAR,European Commission - Directorate-General for Neighbourhood and Enlargement Negotiations,Multilateral,A02_sector,2,Implementation,GE,820501.3098,673240.434138,2,2022,2024,0.1794767100346194,2025-06-14,,,0.0,,12,0,2022-12-14,2022-12-15
XI-IATI-EC_NEAR-2022-PC-23457,XI-IATI-EC_NEAR,European Commission - Directorate-General for Neighbourhood and Enlargement Negotiations,Multilateral,A02_sector,2,Implementation,TN,6836400.0,4181088.57426,2,2023,2024,0.38840785,2026-08-01,,,0.0,,12,0,2022-12-29,2023-01-01
XI-IATI-EC_NEAR-2022-PC-23492,XI-IATI-EC_NEAR,European Commission - Directorate-General for Neighbourhood and Enlargement Negotiations,Multilateral,A02_sector,2,Implementation,GE,2278800.0,1981232.9856900002,2,2022,2024,0.1305805749999999,2025-12-09,,,0.0,,12,0,2022-12-08,2022-12-09
XI-IATI-EC_NEAR-2022-PC-23690,XI-IATI-EC_NEAR,European Commission - Directorate-General for Neighbourhood and Enlargement Negotiations,Multilateral,A02_sector,2,Implementation,GE,2007926.894466,1651819.2856200002,2,2022,2024,0.17735088355430645,2026-01-01,,,0.0,,12,0,2022-12-12,2023-01-01
XI-IATI-EC_NEAR-2022-PC-23718,XI-IATI-EC_NEAR,European Commission - Directorate-General for Neighbourhood and Enlargement Negotiations,Multilateral,A02_sector,2,Implementation,MA,136728000.0,79928910.0,3,2022,2024,0.41541666666666666,2027-12-19,,,0.0,,12,1,2022-12-19,2022-12-19
XI-IATI-EC_NEAR-2022-PC-24235,XI-IATI-EC_NEAR,European Commission - Directorate-General for Neighbourhood and Enlargement Negotiations,Multilateral,A02_sector,2,Implementation,MA,52070580.0,9115200.0,1,2023,2023,0.824945295404814,2027-12-28,,,0.0,,12,0,2022-12-28,2022-12-28
XI-IATI-EC_NEAR-2022-PC-24488,XI-IATI-EC_NEAR,European Commission - Directorate-General for Neighbourhood and Enlargement Negotiations,Multilateral,A02_sector,2,Implementation,JO,1139400.0,1107435.397734,2,2023,2024,0.0280538899999999,2025-08-27,,,0.0,,12,0,2022-12-26,2022-12-27
XI-IATI-EC_NEAR-2022-PC-24561,XI-IATI-EC_NEAR,European Commission - Directorate-General for Neighbourhood and Enlargement Negotiations,Multilateral,A01_general,2,Implementation,XK,3418200.0,0,0,,,1.0,2026-07-16,,,0.0,,12,0,2022-12-26,2023-01-16
XI-IATI-EC_NEAR-2022-PCC-425501,XI-IATI-EC_NEAR,European Commission - Directorate-General for Neighbourhood and Enlargement Negotiations,Multilateral,A02_sector,2,Implementation,TN,5924880.0,1251242.9343,1,2022,2022,0.7888154807692308,2026-11-16,,,0.0,,12,0,2022-11-15,2022-11-16
XI-IATI-EC_NEAR-2022-PCC-430729,XI-IATI-EC_NEAR,European Commission - Directorate-General for Neighbourhood and Enlargement Negotiations,Multilateral,A02_sector,2,Implementation,JO,21648600.0,21648600.0,3,2022,2024,0.0,2025-01-30,2025-01-30,0,0.0,,12,1,2022-01-30,2022-01-30
XI-IATI-EC_NEAR-2023-ACT-60518,XI-IATI-EC_NEAR,European Commission - Directorate-General for Neighbourhood and Enlargement Negotiations,Multilateral,A01_general,2,Implementation,MD,273456000.0,0,0,,,1.0,2026-12-14,,,0.0,,12,0,2023-08-21,2023-08-21
XI-IATI-EC_NEAR-2023-ACT-60844,XI-IATI-EC_NEAR,European Commission - Directorate-General for Neighbourhood and Enlargement Negotiations,Multilateral,A02_sector,2,Implementation,ME,42978168.0,0,0,,,1.0,2029-06-06,,,,,,0,2023-05-12,2023-05-12
XI-IATI-EC_NEAR-2023-ACT-60862,XI-IATI-EC_NEAR,European Commission - Directorate-General for Neighbourhood and Enlargement Negotiations,Multilateral,A02_sector,2,Implementation,ME,42978168.0,0,0,,,1.0,2029-06-06,,,,,,0,2023-05-12,2023-05-12
XI-IATI-EC_NEAR-2023-ACT-61594,XI-IATI-EC_NEAR,European Commission - Directorate-General for Neighbourhood and Enlargement Negotiations,Multilateral,A01_general,2,Implementation,MK,91152000.0,0,0,,,1.0,2027-02-08,,,,,,0,2023-01-23,2023-01-23
XI-IATI-EC_NEAR-2023-ACT-61596,XI-IATI-EC_NEAR,European Commission - Directorate-General for Neighbourhood and Enlargement Negotiations,Multilateral,A01_general,2,Implementation,BA,79758000.0,0,0,,,1.0,2031-04-04,,,,,,0,2023-01-25,2023-01-25
XI-IATI-EC_NEAR-2023-ACT-61597,XI-IATI-EC_NEAR,European Commission - Directorate-General for Neighbourhood and Enlargement Negotiations,Multilateral,A01_general,2,Implementation,ME,34182000.0,0,0,,,1.0,2025-02-27,,,,,,0,2023-02-02,2023-02-02
XI-IATI-EC_NEAR-2023-ACT-61599,XI-IATI-EC_NEAR,European Commission - Directorate-General for Neighbourhood and Enlargement Negotiations,Multilateral,A01_general,2,Implementation,XK,85455000.0,0,0,,,1.0,2027-02-24,,,,,,0,2023-01-31,2023-01-31
XI-IATI-EC_NEAR-2023-ACT-61604,XI-IATI-EC_NEAR,European Commission - Directorate-General for Neighbourhood and Enlargement Negotiations,Multilateral,A01_general,2,Implementation,AL,91152000.0,0,0,,,1.0,2027-03-24,,,,,,0,2023-01-25,2023-01-25
XI-IATI-EC_NEAR-2023-ACT-61816,XI-IATI-EC_NEAR,European Commission - Directorate-General for Neighbourhood and Enlargement Negotiations,Multilateral,A02_sector,2,Implementation,JO,39879000.0,0,0,,,1.0,2031-12-01,,,0.0,,12,0,2023-11-07,2023-11-07
XI-IATI-EC_NEAR-2023-ACT-61827,XI-IATI-EC_NEAR,European Commission - Directorate-General for Neighbourhood and Enlargement Negotiations,Multilateral,A01_general,2,Implementation,UA,341820000.0,0,0,,,1.0,2028-11-07,,,0.0,,12,0,2023-06-27,2023-06-27
XI-IATI-EC_NEAR-2023-ACT-61996,XI-IATI-EC_NEAR,European Commission - Directorate-General for Neighbourhood and Enlargement Negotiations,Multilateral,A02_sector,2,Implementation,GE,56970000.0,0,0,,,1.0,2030-06-20,,,,,,0,2023-09-19,2023-09-19
XI-IATI-EC_NEAR-2023-ACT-62340,XI-IATI-EC_NEAR,European Commission - Directorate-General for Neighbourhood and Enlargement Negotiations,Multilateral,A01_general,2,Implementation,MA,216486000.0,0,0,,,1.0,2031-08-13,,,1000000.0,,12,0,2023-12-20,2023-12-20
XI-IATI-EC_NEAR-2023-ACT-62364,XI-IATI-EC_NEAR,European Commission - Directorate-General for Neighbourhood and Enlargement Negotiations,Multilateral,A01_general,2,Implementation,AM,45576000.0,0,0,,,1.0,2026-12-27,,,0.0,,12,0,2023-12-15,2023-12-15
XI-IATI-EC_NEAR-2023-ACT-62422,XI-IATI-EC_NEAR,European Commission - Directorate-General for Neighbourhood and Enlargement Negotiations,Multilateral,A02_sector,2,Implementation,TN,170910000.0,0,0,,,1.0,2027-12-29,,,0.0,,12,0,2023-12-20,2023-12-20
XI-IATI-EC_NEAR-2023-PC-13415,XI-IATI-EC_NEAR,European Commission - Directorate-General for Neighbourhood and Enlargement Negotiations,Multilateral,A02_sector,2,Implementation,MA,378874.82619,0,0,,,1.0,2024-07-10,2024-07-10,0,0.0,,12,0,2023-05-13,2023-05-13
XI-IATI-EC_NEAR-2023-PC-17755,XI-IATI-EC_NEAR,European Commission - Directorate-General for Neighbourhood and Enlargement Negotiations,Multilateral,A02_sector,2,Implementation,MA,900126.0,0,0,,,1.0,2025-04-27,,,0.0,,12,0,2023-04-21,2023-04-28
XI-IATI-EC_NEAR-2023-PC-21815,XI-IATI-EC_NEAR,European Commission - Directorate-General for Neighbourhood and Enlargement Negotiations,Multilateral,A02_sector,2,Implementation,PS,11052180.0,4842450.0,2,2023,2024,0.5618556701030928,2029-01-01,,,0.0,,12,0,2023-07-25,2023-07-25
XI-IATI-EC_NEAR-2023-PC-21871,XI-IATI-EC_NEAR,European Commission - Directorate-General for Neighbourhood and Enlargement Negotiations,Multilateral,A02_sector,2,Implementation,MA,3218520.1500000004,0,0,,,1.0,2025-05-13,,,0.0,,12,0,2023-05-13,2023-05-13
XI-IATI-EC_NEAR-2023-PC-22338,XI-IATI-EC_NEAR,European Commission - Directorate-General for Neighbourhood and Enlargement Negotiations,Multilateral,A02_sector,2,Implementation,MA,170910000.0,90724725.0,2,2023,2024,0.4691666666666667,2027-01-26,,,0.0,,12,0,2023-01-26,2023-01-26
XI-IATI-EC_NEAR-2023-PC-22941,XI-IATI-EC_NEAR,European Commission - Directorate-General for Neighbourhood and Enlargement Negotiations,Multilateral,A01_general,2,Implementation,MK,91152000.0,82036800.0,1,2023,2023,0.1,2027-02-22,,,0.0,,12,0,2023-02-21,2023-02-21
XI-IATI-EC_NEAR-2023-PC-23151,XI-IATI-EC_NEAR,European Commission - Directorate-General for Neighbourhood and Enlargement Negotiations,Multilateral,A02_sector,2,Implementation,GE,2054748.384,0,0,,,1.0,2025-09-04,,,0.0,,12,0,2023-07-24,2023-09-04
XI-IATI-EC_NEAR-2023-PC-23854,XI-IATI-EC_NEAR,European Commission - Directorate-General for Neighbourhood and Enlargement Negotiations,Multilateral,A02_sector,2,Implementation,GE,13672800.0,0,0,,,1.0,2029-09-11,,,0.0,,12,0,2023-09-11,2023-09-11
XI-IATI-EC_NEAR-2023-PC-23862,XI-IATI-EC_NEAR,European Commission - Directorate-General for Neighbourhood and Enlargement Negotiations,Multilateral,A02_sector,2,Implementation,PS,6836400.0,1475478.5634,1,2023,2023,0.7841731666666666,2028-01-01,,,0.0,,12,0,2023-01-05,2023-01-05
XI-IATI-EC_NEAR-2023-PC-24994,XI-IATI-EC_NEAR,European Commission - Directorate-General for Neighbourhood and Enlargement Negotiations,Multilateral,A02_sector,2,Implementation,JO,56970000.0,17091000.0,1,2023,2023,0.7,2027-10-04,,,0.0,,12,0,2023-10-04,2023-10-04
XI-IATI-EC_NEAR-2023-PC-25026,XI-IATI-EC_NEAR,European Commission - Directorate-General for Neighbourhood and Enlargement Negotiations,Multilateral,A02_sector,2,Implementation,MA,429594.81840000005,0,0,,,1.0,2026-05-15,,,0.0,,12,0,2023-05-04,2023-05-15
XI-IATI-EC_NEAR-2023-PC-25094,XI-IATI-EC_NEAR,European Commission - Directorate-General for Neighbourhood and Enlargement Negotiations,Multilateral,A02_sector,2,Implementation,ME,797580.0,273456.0,1,2023,2023,0.6571428571428571,2026-09-01,,,0.0,,12,0,2023-07-05,2023-09-01
XI-IATI-EC_NEAR-2023-PC-25328,XI-IATI-EC_NEAR,European Commission - Directorate-General for Neighbourhood and Enlargement Negotiations,Multilateral,A01_general,2,Implementation,ME,34182000.0,30763800.0,1,2023,2023,0.1,2025-02-27,,,0.0,,12,0,2023-02-27,2023-02-27
XI-IATI-EC_NEAR-2023-PC-25371,XI-IATI-EC_NEAR,European Commission - Directorate-General for Neighbourhood and Enlargement Negotiations,Multilateral,A02_sector,2,Implementation,JO,35891100.0,18230400.0,2,2023,2024,0.49206349206349204,2027-09-26,,,0.0,,12,0,2023-09-26,2023-09-26
XI-IATI-EC_NEAR-2023-PC-25441,XI-IATI-EC_NEAR,European Commission - Directorate-General for Neighbourhood and Enlargement Negotiations,Multilateral,A01_general,2,Implementation,BA,79758000.0,71782200.0,1,2023,2023,0.1,2025-04-04,,,0.0,,12,0,2023-04-04,2023-04-04
XI-IATI-EC_NEAR-2023-PC-25711,XI-IATI-EC_NEAR,European Commission - Directorate-General for Neighbourhood and Enlargement Negotiations,Multilateral,A01_general,2,Implementation,XK,85455000.0,76909500.0,1,2023,2023,0.1,2025-02-24,,,0.0,,12,0,2023-02-24,2023-02-24
XI-IATI-EC_NEAR-2023-PC-25712,XI-IATI-EC_NEAR,European Commission - Directorate-General for Neighbourhood and Enlargement Negotiations,Multilateral,A02_sector,2,Implementation,MA,49677840.0,9115200.0,1,2023,2023,0.8165137614678899,2028-09-04,,,0.0,,12,0,2023-09-04,2023-09-04
XI-IATI-EC_NEAR-2023-PC-25764,XI-IATI-EC_NEAR,European Commission - Directorate-General for Neighbourhood and Enlargement Negotiations,Multilateral,A02_sector,2,Implementation,RS,30763800.0,12647340.0,2,2023,2024,0.5888888888888889,2029-06-21,,,0.0,,12,0,2023-06-21,2023-06-21
XI-IATI-EC_NEAR-2023-PC-25802,XI-IATI-EC_NEAR,European Commission - Directorate-General for Neighbourhood and Enlargement Negotiations,Multilateral,A02_sector,2,Implementation,RS,29624400.0,0,0,,,1.0,2029-06-21,,,0.0,,12,0,2023-06-21,2023-06-21
XI-IATI-EC_NEAR-2023-PC-25842,XI-IATI-EC_NEAR,European Commission - Directorate-General for Neighbourhood and Enlargement Negotiations,Multilateral,A02_sector,2,Implementation,ME,11963700.0,3987900.0,1,2023,2023,0.6666666666666666,2027-09-22,,,0.0,,12,0,2023-06-06,2023-09-22
XI-IATI-EC_NEAR-2023-PC-25960,XI-IATI-EC_NEAR,European Commission - Directorate-General for Neighbourhood and Enlargement Negotiations,Multilateral,A01_general,4,Closed,AL,91152000.0,91152000.0,2,2023,2024,0.0,2025-03-24,,,0.0,,12,0,2023-03-24,2023-03-24
XI-IATI-EC_NEAR-2023-PC-25995,XI-IATI-EC_NEAR,European Commission - Directorate-General for Neighbourhood and Enlargement Negotiations,Multilateral,A02_sector,2,Implementation,ME,13672800.0,4557600.0,1,2023,2023,0.6666666666666666,2026-06-06,,,0.0,,12,0,2023-06-06,2023-06-06
XI-IATI-EC_NEAR-2023-PC-26113,XI-IATI-EC_NEAR,European Commission - Directorate-General for Neighbourhood and Enlargement Negotiations,Multilateral,A01_general,2,Implementation,RS,188001000.0,169200900.0,1,2023,2023,0.1,2025-02-13,,,0.0,,12,0,2023-02-13,2023-02-13
XI-IATI-EC_NEAR-2023-PC-26205,XI-IATI-EC_NEAR,European Commission - Directorate-General for Neighbourhood and Enlargement Negotiations,Multilateral,A02_sector,2,Implementation,MA,1139400.0,229155.5583,1,2023,2023,0.7988805,2026-05-01,,,0.0,,12,0,2023-04-25,2023-05-01
XI-IATI-EC_NEAR-2023-PC-26206,XI-IATI-EC_NEAR,European Commission - Directorate-General for Neighbourhood and Enlargement Negotiations,Multilateral,A02_sector,2,Implementation,MA,510513.867,0,0,,,1.0,2025-03-13,,,0.0,,12,0,2023-04-06,2023-04-13
XI-IATI-EC_NEAR-2023-PC-26221,XI-IATI-EC_NEAR,European Commission - Directorate-General for Neighbourhood and Enlargement Negotiations,Multilateral,A02_sector,2,Implementation,GE,197102.5272,0,0,,,1.0,2025-01-03,2025-01-03,0,0.0,,12,0,2023-04-11,2023-05-14
XI-IATI-EC_NEAR-2023-PC-26322,XI-IATI-EC_NEAR,European Commission - Directorate-General for Neighbourhood and Enlargement Negotiations,Multilateral,A02_sector,2,Implementation,JO,11394000.0,5981735.444724,1,2023,2023,0.475010054,2025-11-30,,,0.0,,12,0,2023-11-30,2023-11-30
XI-IATI-EC_NEAR-2023-PC-26324,XI-IATI-EC_NEAR,European Commission - Directorate-General for Neighbourhood and Enlargement Negotiations,Multilateral,A02_sector,2,Implementation,JO,33726240.0,9798840.0,1,2024,2024,0.7094594594594594,2026-11-08,,,0.0,,12,0,2023-11-08,2023-11-08
XI-IATI-EC_NEAR-2023-PC-26413,XI-IATI-EC_NEAR,European Commission - Directorate-General for Neighbourhood and Enlargement Negotiations,Multilateral,A02_sector,2,Implementation,AM,10254600.0,3987900.0,1,2024,2024,0.6111111111111112,2027-12-07,,,0.0,,12,0,2023-12-07,2023-12-07
XI-IATI-EC_NEAR-2023-PC-26460,XI-IATI-EC_NEAR,European Commission - Directorate-General for Neighbourhood and Enlargement Negotiations,Multilateral,A01_general,2,Implementation,UA,341820000.0,341820000.0,2,2023,2024,0.0,2026-11-07,,,0.0,,12,0,2023-11-07,2023-11-07
XI-IATI-EC_NEAR-2023-PC-26474,XI-IATI-EC_NEAR,European Commission - Directorate-General for Neighbourhood and Enlargement Negotiations,Multilateral,A02_sector,2,Implementation,MA,2278800.0,952009.7184,1,2023,2023,0.582232,2026-11-15,,,0.0,,12,0,2023-11-15,2023-11-15
XI-IATI-EC_NEAR-2023-PC-26479,XI-IATI-EC_NEAR,European Commission - Directorate-General for Neighbourhood and Enlargement Negotiations,Multilateral,A02_sector,2,Implementation,AM,33384420.0,20509200.0,2,2023,2024,0.3856655290102389,2028-09-13,,,0.0,,12,0,2023-09-12,2023-09-12
XI-IATI-EC_NEAR-2023-PC-26487,XI-IATI-EC_NEAR,European Commission - Directorate-General for Neighbourhood and Enlargement Negotiations,Multilateral,A02_sector,2,Implementation,MA,254077.0848,0,0,,,1.0,2026-10-02,,,0.0,,12,0,2023-10-03,2023-10-02
XI-IATI-EC_NEAR-2023-PC-26509,XI-IATI-EC_NEAR,European Commission - Directorate-General for Neighbourhood and Enlargement Negotiations,Multilateral,A02_sector,4,Closed,MA,940005.0,0,0,,,1.0,2024-06-05,2024-06-05,0,0.0,,12,0,2023-06-07,2023-06-05
XI-IATI-EC_NEAR-2023-PC-26649,XI-IATI-EC_NEAR,European Commission - Directorate-General for Neighbourhood and Enlargement Negotiations,Multilateral,A02_sector,2,Implementation,MK,15951600.0,2278800.0,1,2024,2024,0.8571428571428571,2028-02-26,,,0.0,,12,0,2023-12-21,2024-02-26
XI-IATI-EC_NEAR-2023-PC-28407,XI-IATI-EC_NEAR,European Commission - Directorate-General for Neighbourhood and Enlargement Negotiations,Multilateral,A02_sector,2,Implementation,JO,307438.60500000004,0,0,,,1.0,2024-07-11,2024-07-11,0,0.0,,12,0,2023-12-05,2023-12-27
XI-IATI-EC_NEAR-2023-PC-29284,XI-IATI-EC_NEAR,European Commission - Directorate-General for Neighbourhood and Enlargement Negotiations,Multilateral,A02_sector,2,Implementation,MA,1139041.0890000002,342989.377614,1,2023,2023,0.6988788368336026,2026-09-01,,,0.0,,12,0,2023-04-26,2023-09-01
XI-IATI-EC_NEAR-2023-PC-29296,XI-IATI-EC_NEAR,European Commission - Directorate-General for Neighbourhood and Enlargement Negotiations,Multilateral,A01_general,2,Implementation,RS,98415.675,0,0,,,1.0,2025-07-14,,,0.0,,12,0,2023-06-28,2023-07-14
XI-IATI-EC_NEAR-2023-PC-29638,XI-IATI-EC_NEAR,European Commission - Directorate-General for Neighbourhood and Enlargement Negotiations,Multilateral,A02_sector,2,Implementation,MA,835592.6628,0,0,,,1.0,2024-07-07,2024-07-07,0,0.0,,12,0,2023-05-13,2023-05-13
XI-IATI-EC_NEAR-2023-PC-29639,XI-IATI-EC_NEAR,European Commission - Directorate-General for Neighbourhood and Enlargement Negotiations,Multilateral,A02_sector,2,Implementation,MA,1807840.404,0,0,,,1.0,2024-07-05,2024-07-05,0,0.0,,12,0,2023-05-11,2023-05-11
XI-IATI-EC_NEAR-2023-PC-30456,XI-IATI-EC_NEAR,European Commission - Directorate-General for Neighbourhood and Enlargement Negotiations,Multilateral,A01_general,2,Implementation,TN,1709100.0,829820.268702,2,2023,2024,0.5144694466666666,2027-05-01,,,0.0,,12,0,2023-10-27,2023-05-01
XI-IATI-EC_NEAR-2023-PC-30872,XI-IATI-EC_NEAR,European Commission - Directorate-General for Neighbourhood and Enlargement Negotiations,Multilateral,A01_general,2,Implementation,TN,1708851.371526,1032668.436888,2,2023,2024,0.39569440965142005,2026-07-01,,,0.0,,12,0,2023-10-12,2023-07-01
XI-IATI-EC_NEAR-2023-PC-30873,XI-IATI-EC_NEAR,European Commission - Directorate-General for Neighbourhood and Enlargement Negotiations,Multilateral,A01_general,2,Implementation,TN,978317.3250000001,132603.85054800002,1,2024,2024,0.864457219391469,2026-10-20,,,0.0,,12,0,2023-10-19,2023-10-20
XI-IATI-EC_NEAR-2023-PC-31718,XI-IATI-EC_NEAR,European Commission - Directorate-General for Neighbourhood and Enlargement Negotiations,Multilateral,A02_sector,2,Implementation,TN,8545500.0,1411594.6842,1,2023,2023,0.8348142666666667,2028-09-01,,,0.0,,12,0,2023-08-14,2023-09-01
XI-IATI-EC_NEAR-2023-PC-31719,XI-IATI-EC_NEAR,European Commission - Directorate-General for Neighbourhood and Enlargement Negotiations,Multilateral,A02_sector,2,Implementation,TN,1139400.0,558585.7227,1,2023,2023,0.5097545,2025-10-02,,,0.0,,12,0,2023-08-07,2023-10-02
XI-IATI-EC_NEAR-2023-PC-31722,XI-IATI-EC_NEAR,European Commission - Directorate-General for Neighbourhood and Enlargement Negotiations,Multilateral,A02_sector,2,Implementation,TN,3418200.0,0,0,,,1.0,2029-02-15,,,0.0,,12,0,2023-08-07,2023-08-11
XI-IATI-EC_NEAR-2023-PC-31959,XI-IATI-EC_NEAR,European Commission - Directorate-General for Neighbourhood and Enlargement Negotiations,Multilateral,A01_general,4,Closed,MD,119637000.0,119637000.0,2,2023,2024,0.0,2023-12-14,2023-12-14,0,0.0,,12,0,2023-10-11,2022-12-14
XI-IATI-EC_NEAR-2023-PC-32512,XI-IATI-EC_NEAR,European Commission - Directorate-General for Neighbourhood and Enlargement Negotiations,Multilateral,A01_general,2,Implementation,TN,1139400.0,350997.718878,1,2023,2023,0.6919451299999999,2026-09-15,,,0.0,,12,0,2023-09-14,2023-09-15
XI-IATI-EC_NEAR-2023-PC-3383,XI-IATI-EC_NEAR,European Commission - Directorate-General for Neighbourhood and Enlargement Negotiations,Multilateral,A02_sector,2,Implementation,AL,181164.6,0,0,,,1.0,2026-02-28,,,0.0,,12,0,2023-12-20,2023-12-30
XI-IATI-EC_NEAR-2023-PC-3384,XI-IATI-EC_NEAR,European Commission - Directorate-General for Neighbourhood and Enlargement Negotiations,Multilateral,A02_sector,2,Implementation,AL,4083324.75,0,0,,,1.0,2027-09-08,,,0.0,,12,0,2023-09-08,2023-09-08
XI-IATI-EC_NEAR-2023-PC-34044,XI-IATI-EC_NEAR,European Commission - Directorate-General for Neighbourhood and Enlargement Negotiations,Multilateral,A02_sector,2,Implementation,ME,1458944.73,0,0,,,1.0,2026-11-15,,,0.0,,12,0,2023-11-15,2023-11-15
XI-IATI-EC_NEAR-2023-PC-34368,XI-IATI-EC_NEAR,European Commission - Directorate-General for Neighbourhood and Enlargement Negotiations,Multilateral,A01_general,2,Implementation,UA,114039502.400538,0,0,,,1.0,2023-06-29,2023-06-29,0,0.0,,12,0,2023-06-29,2023-06-29
XI-IATI-EC_NEAR-2023-PC-37347,XI-IATI-EC_NEAR,European Commission - Directorate-General for Neighbourhood and Enlargement Negotiations,Multilateral,A01_general,2,Implementation,TN,170910000.0,170910000.0,1,2024,2024,0.0,2025-12-29,,,0.0,,12,0,2023-12-29,2023-12-29
XI-IATI-EC_NEAR-2024-ACT-62417,XI-IATI-EC_NEAR,European Commission - Directorate-General for Neighbourhood and Enlargement Negotiations,Multilateral,A02_sector,2,Implementation,RS,94991778.0,0,0,,,1.0,2032-11-28,,,,,,0,2024-05-27,2024-05-27
XI-IATI-EC_NEAR-2024-PC-16109,XI-IATI-EC_NEAR,European Commission - Directorate-General for Neighbourhood and Enlargement Negotiations,Multilateral,A02_sector,2,Implementation,MA,45576000.0,10539450.0,1,2024,2024,0.76875,2028-08-09,,,0.0,,12,0,2024-08-09,2024-08-09
XI-IATI-EC_NEAR-2024-PC-25269,XI-IATI-EC_NEAR,European Commission - Directorate-General for Neighbourhood and Enlargement Negotiations,Multilateral,A02_sector,2,Implementation,MK,1481220.0,723545.2062,1,2024,2024,0.5115207692307692,2026-09-23,,,0.0,,12,0,2024-07-23,2024-09-23
XI-IATI-EC_NEAR-2024-PC-25804,XI-IATI-EC_NEAR,European Commission - Directorate-General for Neighbourhood and Enlargement Negotiations,Multilateral,A02_sector,2,Implementation,RS,3331286.568,0,0,,,1.0,2028-02-03,,,0.0,,12,0,2024-12-13,
XI-IATI-EC_NEAR-2024-PC-26165,XI-IATI-EC_NEAR,European Commission - Directorate-General for Neighbourhood and Enlargement Negotiations,Multilateral,A02_sector,2,Implementation,MA,256695.426,0,0,,,1.0,2026-04-03,,,0.0,,12,0,2024-09-30,2024-10-01
XI-IATI-EC_NEAR-2024-PC-26216,XI-IATI-EC_NEAR,European Commission - Directorate-General for Neighbourhood and Enlargement Negotiations,Multilateral,A02_sector,2,Implementation,GE,273541.455,0,0,,,1.0,2025-03-23,,,0.0,,12,0,2024-08-01,2024-08-26
XI-IATI-EC_NEAR-2024-PC-26416,XI-IATI-EC_NEAR,European Commission - Directorate-General for Neighbourhood and Enlargement Negotiations,Multilateral,A02_sector,2,Implementation,AM,2092616.343,0,0,,,1.0,2026-05-21,,,0.0,,12,0,2024-05-22,2024-05-22
XI-IATI-EC_NEAR-2024-PC-26596,XI-IATI-EC_NEAR,European Commission - Directorate-General for Neighbourhood and Enlargement Negotiations,Multilateral,A02_sector,2,Implementation,AM,2278800.0,855974.5804260001,1,2024,2024,0.624374855,2027-03-01,,,0.0,,12,0,2024-02-26,2024-03-01
XI-IATI-EC_NEAR-2024-PC-26598,XI-IATI-EC_NEAR,European Commission - Directorate-General for Neighbourhood and Enlargement Negotiations,Multilateral,A02_sector,2,Implementation,AM,134677.08000000002,0,0,,,1.0,2026-12-20,,,0.0,,12,0,2024-10-04,2024-10-21
XI-IATI-EC_NEAR-2024-PC-26711,XI-IATI-EC_NEAR,European Commission - Directorate-General for Neighbourhood and Enlargement Negotiations,Multilateral,A02_sector,2,Implementation,ME,1708313.814,0,0,,,1.0,2027-11-04,,,0.0,,12,0,2024-10-30,2024-11-04
XI-IATI-EC_NEAR-2024-PC-27731,XI-IATI-EC_NEAR,European Commission - Directorate-General for Neighbourhood and Enlargement Negotiations,Multilateral,A01_general,2,Implementation,TN,5275422.0,1330546.8834000002,1,2024,2024,0.7477838012958963,2028-07-01,,,0.0,,12,0,2024-07-02,2024-07-02
XI-IATI-EC_NEAR-2024-PC-32056,XI-IATI-EC_NEAR,European Commission - Directorate-General for Neighbourhood and Enlargement Negotiations,Multilateral,A01_general,2,Implementation,TN,9115200.0,1726718.5422,1,2024,2024,0.8105671249999999,2028-06-30,,,0.0,,12,0,2024-06-12,2024-07-01
XI-IATI-EC_NEAR-2024-PC-34437,XI-IATI-EC_NEAR,European Commission - Directorate-General for Neighbourhood and Enlargement Negotiations,Multilateral,A02_sector,2,Implementation,AL,271991.87100000004,0,0,,,1.0,2025-04-11,,,0.0,,12,0,2024-04-11,2024-04-11
XI-IATI-EC_NEAR-2024-PC-36865,XI-IATI-EC_NEAR,European Commission - Directorate-General for Neighbourhood and Enlargement Negotiations,Multilateral,A01_general,2,Implementation,AM,17091000.0,17091000.0,1,2024,2024,0.0,2026-12-27,,,0.0,,12,0,2024-06-27,2024-06-27
XI-IATI-EC_NEAR-2024-PC-36873,XI-IATI-EC_NEAR,European Commission - Directorate-General for Neighbourhood and Enlargement Negotiations,Multilateral,A01_general,2,Implementation,MA,207370800.0,113940000.0,1,2024,2024,0.45054945054945056,2029-08-13,,,0.0,,12,0,2024-08-13,2024-08-13
XI-IATI-EC_NEAR-2024-PC-37108,XI-IATI-EC_NEAR,European Commission - Directorate-General for Neighbourhood and Enlargement Negotiations,Multilateral,A02_sector,2,Implementation,RS,32472900.0,0,0,,,1.0,2030-11-28,,,0.0,,12,0,2024-11-28,2024-11-28
XI-IATI-EC_NEAR-2024-PC-38097,XI-IATI-EC_NEAR,European Commission - Directorate-General for Neighbourhood and Enlargement Negotiations,Multilateral,A01_general,2,Implementation,TN,2278800.0,143919.231948,1,2024,2024,0.93684429,2027-09-02,,,0.0,,12,0,2024-06-28,2024-09-02
XI-IATI-EC_NEAR-2024-PC-38100,XI-IATI-EC_NEAR,European Commission - Directorate-General for Neighbourhood and Enlargement Negotiations,Multilateral,A01_general,2,Implementation,TN,1139400.0,227880.0,1,2024,2024,0.8,2027-06-30,,,0.0,,12,0,2024-06-28,2024-07-01
XI-IATI-EC_NEAR-2024-PC-39790,XI-IATI-EC_NEAR,European Commission - Directorate-General for Neighbourhood and Enlargement Negotiations,Multilateral,A01_general,2,Implementation,TN,894429.0,0,0,,,1.0,2026-09-01,,,,,,0,2024-07-01,2024-09-02
XI-IATI-EC_NEAR-2024-PC-41992,XI-IATI-EC_NEAR,European Commission - Directorate-General for Neighbourhood and Enlargement Negotiations,Multilateral,A01_general,2,Implementation,UA,3418200000.0,3418200000.0,1,2024,2024,0.0,2024-07-30,2024-07-30,0,,,,0,2024-07-30,2024-07-30
XI-IATI-IADB-AR-L1268,XI-IATI-IADB,Inter-American Development Bank,Multilateral,A02_sector,4,Closed,AR,200000000.0,200000000.0,1,2017,2017,0.0,2018-11-30,2017-12-15,350,,,,0,2017-12-13,2017-12-14
XI-IATI-IADB-AR-L1283,XI-IATI-IADB,Inter-American Development Bank,Multilateral,A02_sector,4,Closed,AR,300000000.0,300000000.0,1,2018,2018,0.0,2019-08-21,2018-08-25,361,,,,0,2018-08-22,2018-08-23
XI-IATI-IADB-AR-L1298,XI-IATI-IADB,Inter-American Development Bank,Multilateral,A02_sector,4,Closed,AR,200000000.0,200000000.0,1,2018,2018,0.0,2019-11-26,2018-12-13,348,,,,0,2018-12-09,2018-12-11
XI-IATI-IADB-AR-L1303,XI-IATI-IADB,Inter-American Development Bank,Multilateral,A02_sector,4,Closed,AR,200000000.0,200000000.0,1,2019,2019,0.0,2020-06-12,2019-06-18,360,,,,0,2019-06-13,2019-06-14
XI-IATI-IADB-AR-L1304,XI-IATI-IADB,Inter-American Development Bank,Multilateral,A02_sector,4,Closed,AR,300000000.0,300000000.0,1,2019,2019,0.0,2020-05-15,2019-05-21,360,,,,0,2019-05-16,2019-05-17
XI-IATI-IADB-AR-L1351,XI-IATI-IADB,Inter-American Development Bank,Multilateral,A02_sector,4,Closed,AR,500000000.0,500000000.0,1,2022,2022,0.0,2023-12-01,2022-12-08,358,,,,0,2022-12-06,2022-12-07
XI-IATI-IADB-AR-L1370,XI-IATI-IADB,Inter-American Development Bank,Multilateral,A02_sector,4,Closed,AR,350000000.0,350000000.0,1,2023,2023,0.0,2024-06-22,2023-07-24,334,,,,0,2023-07-19,2023-07-21
XI-IATI-IADB-AR-L1404,XI-IATI-IADB,Inter-American Development Bank,Multilateral,A02_sector,4,Closed,AR,650000000.0,650000000.0,1,2024,2024,0.0,2025-11-21,2024-11-27,359,,,,0,2024-11-26,2024-11-26
XI-IATI-IADB-AR-L1412,XI-IATI-IADB,Inter-American Development Bank,Multilateral,A02_sector,4,Closed,AR,800000000.0,800000000.0,1,2025,2025,0.0,2026-07-23,2025-07-29,359,,,,0,2025-07-26,2025-07-28
XI-IATI-IADB-AR-L1413,XI-IATI-IADB,Inter-American Development Bank,Multilateral,A02_sector,4,Closed,AR,400000000.0,400000000.0,1,2025,2025,0.0,2026-07-23,2025-07-29,359,,,,0,2025-07-25,2025-07-28
XI-IATI-IADB-BA-L1048,XI-IATI-IADB,Inter-American Development Bank,Multilateral,A02_sector,4,Closed,BB,80000000.0,80000000.0,1,2020,2020,0.0,2021-03-25,2020-04-17,342,,,,0,2020-04-13,2020-04-14
XI-IATI-IADB-BA-L1050,XI-IATI-IADB,Inter-American Development Bank,Multilateral,A02_sector,4,Closed,BB,120000000.0,120000000.0,1,2020,2020,0.0,2021-12-14,2020-12-25,354,,,,0,2020-12-23,2020-12-24
XI-IATI-IADB-BA-L1052,XI-IATI-IADB,Inter-American Development Bank,Multilateral,A02_sector,4,Closed,BB,100000000.0,100000000.0,1,2021,2021,0.0,2022-12-19,2021-12-23,361,,,,0,2021-12-21,2021-12-22
XI-IATI-IADB-BA-L1056,XI-IATI-IADB,Inter-American Development Bank,Multilateral,A02_sector,4,Closed,BB,100000000.0,100000000.0,1,2023,2023,0.0,2024-02-28,2023-03-20,345,,,,0,2023-03-16,2023-03-17
XI-IATI-IADB-BA-L1060,XI-IATI-IADB,Inter-American Development Bank,Multilateral,A02_sector,4,Closed,BB,100000000.0,100000000.0,1,2023,2023,0.0,2024-12-07,2023-12-11,362,,,,0,2023-12-08,2023-12-08
XI-IATI-IADB-BA-L1061,XI-IATI-IADB,Inter-American Development Bank,Multilateral,A02_sector,4,Closed,BB,100000000.0,100000000.0,1,2024,2024,0.0,2025-02-16,2024-02-23,359,,,,0,2024-02-21,2024-02-22
XI-IATI-IADB-BA-L1062,XI-IATI-IADB,Inter-American Development Bank,Multilateral,A02_sector,4,Closed,BB,100000000.0,100000000.0,1,2025,2025,0.0,2026-03-19,2025-03-31,353,,,,0,2025-03-26,2025-03-28
XI-IATI-IADB-BA-U0001,XI-IATI-IADB,Inter-American Development Bank,Multilateral,A02_sector,2,Implementation,BB,100000000.0,0,0,,,1.0,2037-09-20,,,100000000.0,USD,105,0,2022-12-15,2022-08-03
XI-IATI-IADB-BA-U0002,XI-IATI-IADB,Inter-American Development Bank,Multilateral,A02_sector,2,Implementation,BB,150000000.0,0,0,,,1.0,2044-11-28,,,150000000.0,USD,105,0,2025-03-31,2024-07-24
XI-IATI-IADB-BH-L1050,XI-IATI-IADB,Inter-American Development Bank,Multilateral,A02_sector,4,Closed,BS,200000000.0,200000000.0,1,2020,2020,0.0,2021-08-27,2020-09-11,350,,,,0,2020-09-08,2020-09-10
XI-IATI-IADB-BH-L1052,XI-IATI-IADB,Inter-American Development Bank,Multilateral,A02_sector,4,Closed,BS,140000000.0,140000000.0,1,2021,2021,0.0,2022-06-18,2021-06-25,358,,,,0,2021-06-22,2021-05-26
XI-IATI-IADB-BH-L1056,XI-IATI-IADB,Inter-American Development Bank,Multilateral,A02_sector,4,Closed,BS,160000000.0,160000000.0,1,2023,2023,0.0,2024-05-04,2023-05-19,351,,,,0,2023-05-17,2023-05-18
XI-IATI-IADB-BH-L1062,XI-IATI-IADB,Inter-American Development Bank,Multilateral,A02_sector,4,Closed,BS,160000000.0,160000000.0,1,2025,2025,0.0,2026-10-24,2025-10-29,360,,,,0,2025-10-27,2025-10-28
XI-IATI-IADB-BH-U0001,XI-IATI-IADB,Inter-American Development Bank,Multilateral,A02_sector,2,Implementation,BS,200000000.0,0,0,,,1.0,2036-06-16,,,200000000.0,USD,121,0,2022-10-19,2022-02-18
XI-IATI-IADB-BH-U0002,XI-IATI-IADB,Inter-American Development Bank,Multilateral,A02_sector,2,Implementation,BS,400000000.0,0,0,,,1.0,2034-01-02,,,400000000.0,USD,121,0,2025-05-07,2023-11-09
XI-IATI-IADB-BO-L1089,XI-IATI-IADB,Inter-American Development Bank,Multilateral,A02_sector,4,Closed,BO,106000000.0,106000000.0,1,2014,2014,0.0,2015-07-23,2014-08-26,331,,,,0,2014-08-22,2014-08-22
XI-IATI-IADB-BO-L1100,XI-IATI-IADB,Inter-American Development Bank,Multilateral,A02_sector,4,Closed,BO,90000000.0,90000000.0,1,2016,2016,0.0,2017-05-18,2016-06-29,323,,,,0,2016-06-27,2016-06-27
XI-IATI-IADB-BO-L1104,XI-IATI-IADB,Inter-American Development Bank,Multilateral,A02_sector,4,Closed,BO,142530000.0,142530000.0,1,2015,2015,0.0,2016-08-24,2015-09-01,358,,,,0,2015-08-28,2015-08-31
XI-IATI-IADB-BO-L1107,XI-IATI-IADB,Inter-American Development Bank,Multilateral,A02_sector,4,Closed,BO,100000000.0,100000000.0,1,2016,2016,0.0,2017-06-01,2016-07-15,321,,,,0,2016-07-13,2016-07-13
XI-IATI-IADB-BO-L1112,XI-IATI-IADB,Inter-American Development Bank,Multilateral,A02_sector,4,Closed,BO,120000000.0,120000000.0,1,2017,2017,0.0,2018-11-13,2017-11-28,350,,,,0,2017-11-22,2017-11-22
XI-IATI-IADB-BO-L1183,XI-IATI-IADB,Inter-American Development Bank,Multilateral,A02_sector,4,Closed,BO,140000000.0,140000000.0,1,2017,2017,0.0,2018-05-26,2017-06-06,354,,,,0,2017-06-01,2017-06-02
XI-IATI-IADB-BO-L1189,XI-IATI-IADB,Inter-American Development Bank,Multilateral,A02_sector,4,Closed,BO,51600000.0,51600000.0,1,2018,2018,0.0,2019-12-13,2018-12-27,351,,,,0,2018-12-18,2018-12-20
XI-IATI-IADB-BO-L1199,XI-IATI-IADB,Inter-American Development Bank,Multilateral,A02_sector,4,Closed,BO,100000000.0,100000000.0,1,2019,2019,0.0,2020-06-13,2019-07-02,347,,,,0,2019-06-27,2019-06-28
XI-IATI-IADB-BO-L1200,XI-IATI-IADB,Inter-American Development Bank,Multilateral,A02_sector,4,Closed,BO,100000000.0,100000000.0,1,2019,2019,0.0,2020-08-07,2019-12-05,246,,,,0,2019-08-18,2019-08-19
XI-IATI-IADB-BR-L1374,XI-IATI-IADB,Inter-American Development Bank,Multilateral,A02_sector,4,Closed,BR,0,162777375.0,1,2014,2014,,2015-12-23,2014-08-13,497,,,,0,2013-12-26,2013-12-27
XI-IATI-IADB-BR-L1375,XI-IATI-IADB,Inter-American Development Bank,Multilateral,A02_sector,4,Closed,BR,0,200000000.0,1,2014,2014,,2016-05-29,2014-12-11,535,,,,0,2014-06-13,2014-06-13
XI-IATI-IADB-BR-L1381,XI-IATI-IADB,Inter-American Development Bank,Multilateral,A02_sector,4,Closed,BR,0,200000000.0,1,2014,2014,,2015-12-17,2014-05-24,572,,,,0,2013-12-19,2013-12-20
XI-IATI-IADB-BR-L1385,XI-IATI-IADB,Inter-American Development Bank,Multilateral,A02_sector,4,Closed,BR,0,18400000.0,1,2014,2014,,2015-12-23,2014-11-11,407,,,,0,2013-12-26,2013-12-27
XI-IATI-IADB-BR-L1575,XI-IATI-IADB,Inter-American Development Bank,Multilateral,A02_sector,4,Closed,BR,104000000.0,104000000.0,2,2023,2024,0.0,2027-05-15,2024-12-06,890,,,,0,2023-06-27,2023-06-29
XI-IATI-IADB-CH-L1095,XI-IATI-IADB,Inter-American Development Bank,Multilateral,A02_sector,4,Closed,CL,90000000.0,90000000.0,3,2016,2020,0.0,2020-11-05,2020-11-04,1,,,,1,2016-10-05,2016-10-06
XI-IATI-IADB-CH-L1110,XI-IATI-IADB,Inter-American Development Bank,Multilateral,A02_sector,4,Closed,CL,130000000.0,130000000.0,1,2016,2016,0.0,2017-03-31,2016-05-20,315,,,,0,2016-05-18,2016-05-19
XI-IATI-IADB-CH-L1111,XI-IATI-IADB,Inter-American Development Bank,Multilateral,A02_sector,4,Closed,CL,100000000.0,100000000.0,1,2017,2017,0.0,2018-01-31,2017-07-29,186,,,,0,2017-07-27,2017-07-28
XI-IATI-IADB-CH-L1134,XI-IATI-IADB,Inter-American Development Bank,Multilateral,A02_sector,4,Closed,CL,35000000.0,35000000.0,1,2018,2018,0.0,2019-01-26,2018-03-03,329,,,,0,2018-03-01,2018-03-02
XI-IATI-IADB-CH-L1135,XI-IATI-IADB,Inter-American Development Bank,Multilateral,A02_sector,4,Closed,CL,100000000.0,100000000.0,2,2018,2019,0.0,2019-12-31,2019-12-21,10,,,,0,2018-09-25,2018-09-26
XI-IATI-IADB-CH-L1136,XI-IATI-IADB,Inter-American Development Bank,Multilateral,A02_sector,4,Closed,CL,100000000.0,100000000.0,2,2017,2018,0.0,2019-05-15,2018-03-10,431,,,,0,2017-07-12,2017-07-14
XI-IATI-IADB-CH-L1145,XI-IATI-IADB,Inter-American Development Bank,Multilateral,A02_sector,4,Closed,CL,100000000.0,100000000.0,2,2020,2021,0.0,2022-09-14,2021-10-29,320,,,,0,2020-11-30,2020-12-03
XI-IATI-IADB-CH-L1148,XI-IATI-IADB,Inter-American Development Bank,Multilateral,A02_sector,4,Closed,CL,50000000.0,50000000.0,2,2020,2021,0.0,2022-08-06,2021-12-17,232,,,,0,2020-12-10,2020-12-11
XI-IATI-IADB-CH-L1149,XI-IATI-IADB,Inter-American Development Bank,Multilateral,A02_sector,4,Closed,CL,300000000.0,300000000.0,1,2020,2020,0.0,2022-11-17,2020-12-09,708,,,,0,2020-12-04,2020-12-07
XI-IATI-IADB-CH-L1157,XI-IATI-IADB,Inter-American Development Bank,Multilateral,A02_sector,4,Closed,CL,50000000.0,50000000.0,1,2022,2022,0.0,2022-12-16,2022-02-02,317,,,,0,2022-01-25,2022-02-01
XI-IATI-IADB-CH-L1159,XI-IATI-IADB,Inter-American Development Bank,Multilateral,A02_sector,4,Closed,CL,0.0,50000000.0,1,2021,2021,,2023-12-01,2021-12-16,715,,,,0,2021-12-14,2021-12-15
XI-IATI-IADB-CH-L1160,XI-IATI-IADB,Inter-American Development Bank,Multilateral,A02_sector,4,Closed,CL,500000000.0,500000000.0,1,2021,2021,0.0,2023-11-08,2021-11-24,714,,,,0,2021-11-22,2021-11-23
XI-IATI-IADB-CH-L1164,XI-IATI-IADB,Inter-American Development Bank,Multilateral,A02_sector,4,Closed,CL,100000000.0,100000000.0,1,2022,2022,0.0,2024-10-21,2022-11-15,706,,,,0,2022-11-04,2022-11-14
XI-IATI-IADB-CH-L1165,XI-IATI-IADB,Inter-American Development Bank,Multilateral,A02_sector,4,Closed,CL,300000000.0,300000000.0,1,2023,2023,0.0,2025-03-03,2023-05-05,668,,,,0,2023-05-02,2023-05-04
XI-IATI-IADB-CH-L1172,XI-IATI-IADB,Inter-American Development Bank,Multilateral,A02_sector,4,Closed,CL,100000000.0,100000000.0,1,2024,2024,0.0,2025-10-30,2024-11-21,343,,,,0,2024-11-18,2024-11-20
XI-IATI-IADB-CH-L1174,XI-IATI-IADB,Inter-American Development Bank,Multilateral,A02_sector,4,Closed,CL,250000000.0,250000000.0,1,2025,2025,0.0,2026-12-04,2025-12-10,359,,,,0,2025-12-09,2025-12-09
XI-IATI-IADB-CH-L1179,XI-IATI-IADB,Inter-American Development Bank,Multilateral,A02_sector,4,Closed,CL,100000000.0,100000000.0,1,2025,2025,0.0,2027-09-22,2025-12-17,644,,,,0,2025-12-16,2025-12-16
XI-IATI-IADB-CO-J0014,XI-IATI-IADB,Inter-American Development Bank,Multilateral,A02_sector,4,Closed,CO,17589000.0,35178000.0,1,2022,2022,-1.0,2022-11-26,2022-02-21,278,,,,0,2022-02-02,2022-02-08
XI-IATI-IADB-CO-L1141,XI-IATI-IADB,Inter-American Development Bank,Multilateral,A02_sector,4,Closed,CO,400000000.0,400000000.0,1,2014,2014,0.0,2015-12-12,2014-12-19,358,,,,0,2014-12-16,2014-12-18
XI-IATI-IADB-CO-L1142,XI-IATI-IADB,Inter-American Development Bank,Multilateral,A02_sector,4,Closed,CO,400000000.0,400000000.0,1,2015,2015,0.0,2016-12-11,2015-12-18,359,,,,0,2015-12-16,2015-12-17
XI-IATI-IADB-CO-L1144,XI-IATI-IADB,Inter-American Development Bank,Multilateral,A02_sector,4,Closed,CO,500000000.0,500000000.0,1,2015,2015,0.0,2016-10-23,2015-10-28,361,,,,0,2015-10-26,2015-10-27
XI-IATI-IADB-CO-L1162,XI-IATI-IADB,Inter-American Development Bank,Multilateral,A02_sector,4,Closed,CO,400000000.0,400000000.0,1,2016,2016,0.0,2017-09-23,2016-12-01,296,,,,0,2016-11-22,2016-11-30
XI-IATI-IADB-CO-L1163,XI-IATI-IADB,Inter-American Development Bank,Multilateral,A02_sector,4,Closed,CO,400000000.0,400000000.0,1,2016,2016,0.0,2017-12-20,2016-12-29,356,,,,0,2016-12-23,2016-12-28
XI-IATI-IADB-CO-L1214,XI-IATI-IADB,Inter-American Development Bank,Multilateral,A02_sector,4,Closed,CO,450000000.0,450000000.0,1,2017,2017,0.0,2018-08-15,2017-08-31,349,,,,0,2017-08-29,2017-08-30
XI-IATI-IADB-CO-L1217,XI-IATI-IADB,Inter-American Development Bank,Multilateral,A02_sector,4,Closed,CO,300000000.0,300000000.0,1,2017,2017,0.0,2018-12-21,2017-12-29,357,,,,0,2017-12-22,2017-12-28
XI-IATI-IADB-CO-L1227,XI-IATI-IADB,Inter-American Development Bank,Multilateral,A02_sector,4,Closed,CO,600000000.0,600000000.0,1,2018,2018,0.0,2019-08-06,2018-12-15,234,,,,0,2018-12-07,2018-12-12
XI-IATI-IADB-CO-L1233,XI-IATI-IADB,Inter-American Development Bank,Multilateral,A02_sector,4,Closed,CO,350000000.0,350000000.0,1,2019,2019,0.0,2020-07-16,2019-09-14,306,,,,0,2019-09-11,2019-09-12
XI-IATI-IADB-CO-L1237,XI-IATI-IADB,Inter-American Development Bank,Multilateral,A02_sector,4,Closed,CO,600000000.0,600000000.0,1,2019,2019,0.0,2020-11-15,2019-12-27,324,,,,0,2019-12-18,2019-12-23
XI-IATI-IADB-CO-L1252,XI-IATI-IADB,Inter-American Development Bank,Multilateral,A02_sector,4,Closed,CO,300000000.0,300000000.0,1,2020,2020,0.0,2021-04-14,2020-04-29,350,,,,0,2020-04-24,2020-04-27
XI-IATI-IADB-CO-L1254,XI-IATI-IADB,Inter-American Development Bank,Multilateral,A02_sector,4,Closed,CO,850000000.0,850000000.0,1,2020,2020,0.0,2021-07-21,2020-08-01,354,,,,0,2020-07-28,2020-07-29
XI-IATI-IADB-CO-L1268,XI-IATI-IADB,Inter-American Development Bank,Multilateral,A02_sector,4,Closed,CO,200000000.0,200000000.0,1,2022,2022,0.0,2023-08-02,2022-08-15,352,,,,0,2022-08-10,2022-08-12
XI-IATI-IADB-CO-L1272,XI-IATI-IADB,Inter-American Development Bank,Multilateral,A02_sector,4,Closed,CO,300000000.0,300000000.0,1,2021,2021,0.0,2022-11-26,2021-12-03,358,,,,0,2021-12-01,2021-12-02
XI-IATI-IADB-CO-L1274,XI-IATI-IADB,Inter-American Development Bank,Multilateral,A02_sector,4,Closed,CO,300000000.0,300000000.0,1,2022,2022,0.0,2023-08-01,2022-08-15,351,,,,0,2022-08-10,2022-08-12
XI-IATI-IADB-CO-L1283,XI-IATI-IADB,Inter-American Development Bank,Multilateral,A02_sector,4,Closed,CO,500000000.0,500000000.0,1,2023,2023,0.0,2024-11-20,2023-12-01,355,,,,0,2023-11-29,2023-11-30
XI-IATI-IADB-CO-L1291,XI-IATI-IADB,Inter-American Development Bank,Multilateral,A02_sector,4,Closed,CO,500000000.0,500000000.0,1,2023,2023,0.0,2024-12-22,2023-12-27,361,,,,0,2023-12-22,2023-12-26
XI-IATI-IADB-CO-L1302,XI-IATI-IADB,Inter-American Development Bank,Multilateral,A02_sector,4,Closed,CO,600000000.0,600000000.0,1,2025,2025,0.0,2026-10-02,2025-12-08,298,,,,0,2025-10-20,2025-10-21
XI-IATI-IADB-CR-L1081,XI-IATI-IADB,Inter-American Development Bank,Multilateral,A02_sector,4,Closed,CR,350000000.0,350000000.0,1,2019,2019,0.0,2020-10-04,2019-10-18,352,,,,0,2019-10-15,2019-10-16
XI-IATI-IADB-CR-L1142,XI-IATI-IADB,Inter-American Development Bank,Multilateral,A02_sector,4,Closed,CR,230000000.0,230000000.0,1,2020,2020,0.0,2021-05-16,2020-05-21,360,,,,0,2020-05-16,2020-05-18
XI-IATI-IADB-CR-L1145,XI-IATI-IADB,Inter-American Development Bank,Multilateral,A02_sector,4,Closed,CR,250000000.0,250000000.0,1,2022,2022,0.0,2022-12-20,2022-03-15,280,,,,0,2022-03-11,2022-03-14
XI-IATI-IADB-DR-L1058,XI-IATI-IADB,Inter-American Development Bank,Multilateral,A02_sector,4,Closed,DO,400000000.0,400000000.0,1,2019,2019,0.0,2020-12-30,2020-01-03,362,,,,0,2019-12-30,2019-12-30
XI-IATI-IADB-DR-L1072,XI-IATI-IADB,Inter-American Development Bank,Multilateral,A02_sector,4,Closed,DO,250000000.0,250000000.0,1,2015,2015,0.0,2016-01-21,2015-02-20,335,,,,0,2015-02-18,2015-02-19
XI-IATI-IADB-DR-L1073,XI-IATI-IADB,Inter-American Development Bank,Multilateral,A02_sector,4,Closed,DO,150000000.0,150000000.0,1,2015,2015,0.0,2016-06-28,2015-08-08,325,,,,0,2015-08-06,2015-08-07
XI-IATI-IADB-DR-L1079,XI-IATI-IADB,Inter-American Development Bank,Multilateral,A02_sector,4,Closed,DO,300000000.0,300000000.0,1,2016,2016,0.0,2016-12-26,2016-12-02,24,,,,0,2016-11-29,2016-11-30
XI-IATI-IADB-DR-L1121,XI-IATI-IADB,Inter-American Development Bank,Multilateral,A02_sector,4,Closed,DO,300000000.0,300000000.0,1,2018,2018,0.0,2019-10-21,2019-01-03,291,,,,0,2018-12-27,2018-12-28
XI-IATI-IADB-DR-L1132,XI-IATI-IADB,Inter-American Development Bank,Multilateral,A02_sector,4,Closed,DO,250000000.0,250000000.0,1,2020,2020,0.0,2021-12-19,2020-12-24,360,,,,0,2020-12-22,2020-12-23
XI-IATI-IADB-DR-L1140,XI-IATI-IADB,Inter-American Development Bank,Multilateral,A02_sector,4,Closed,DO,200000000.0,200000000.0,1,2025,2025,0.0,2025-12-20,2025-01-14,340,,,,0,2024-12-20,2025-01-13
XI-IATI-IADB-DR-L1144,XI-IATI-IADB,Inter-American Development Bank,Multilateral,A02_sector,4,Closed,DO,250000000.0,250000000.0,1,2020,2020,0.0,2021-11-05,2020-11-23,347,,,,0,2020-11-18,2020-11-19
XI-IATI-IADB-DR-L1146,XI-IATI-IADB,Inter-American Development Bank,Multilateral,A02_sector,4,Closed,DO,250000000.0,250000000.0,1,2023,2023,0.0,2023-10-05,2023-01-26,252,,,,0,2023-01-25,2023-01-25
XI-IATI-IADB-DR-L1162,XI-IATI-IADB,Inter-American Development Bank,Multilateral,A02_sector,4,Closed,DO,300000000.0,300000000.0,1,2024,2024,0.0,2026-11-27,2024-12-23,704,,,,0,2024-12-18,2024-12-20
XI-IATI-IADB-EC-L1140,XI-IATI-IADB,Inter-American Development Bank,Multilateral,A02_sector,4,Closed,EC,500000000.0,500000000.0,1,2015,2015,0.0,2016-02-05,2015-02-07,363,,,,0,2015-02-05,2015-02-06
XI-IATI-IADB-EC-L1238,XI-IATI-IADB,Inter-American Development Bank,Multilateral,A02_sector,4,Closed,EC,100000000.0,100000000.0,2,2018,2019,0.0,2020-12-11,2019-11-09,398,,,,0,2018-12-17,2018-12-18
XI-IATI-IADB-EC-L1252,XI-IATI-IADB,Inter-American Development Bank,Multilateral,A02_sector,4,Closed,EC,300000000.0,300000000.0,2,2020,2021,0.0,2021-04-27,2021-04-23,4,,,,0,2019-09-26,2020-12-09
XI-IATI-IADB-EC-L1265,XI-IATI-IADB,Inter-American Development Bank,Multilateral,A02_sector,4,Closed,EC,280000000.0,280000000.0,1,2020,2020,0.0,2021-06-17,2020-06-23,359,,,,0,2020-06-18,2020-06-19
XI-IATI-IADB-EC-L1273,XI-IATI-IADB,Inter-American Development Bank,Multilateral,A02_sector,4,Closed,EC,200000000.0,200000000.0,1,2021,2021,0.0,2022-03-22,2021-03-29,358,,,,0,2021-03-24,2021-03-25
XI-IATI-IADB-EC-L1277,XI-IATI-IADB,Inter-American Development Bank,Multilateral,A02_sector,4,Closed,EC,250000000.0,250000000.0,1,2022,2022,0.0,2023-06-21,2022-07-04,352,,,,0,2022-06-30,2022-07-01
XI-IATI-IADB-EC-L1280,XI-IATI-IADB,Inter-American Development Bank,Multilateral,A02_sector,4,Closed,EC,400000000.0,400000000.0,1,2022,2022,0.0,2023-12-13,2022-12-20,358,,,,0,2022-12-16,2022-12-19
XI-IATI-IADB-EC-L1287,XI-IATI-IADB,Inter-American Development Bank,Multilateral,A02_sector,4,Closed,EC,500000000.0,950000000.0,1,2023,2023,-0.9,2024-08-18,2023-08-30,354,,,,0,2023-08-23,2023-08-24
XI-IATI-IADB-EC-L1293,XI-IATI-IADB,Inter-American Development Bank,Multilateral,A02_sector,4,Closed,EC,600000000.0,600000000.0,1,2024,2024,0.0,2025-08-15,2024-10-01,318,,,,0,2024-09-23,2024-09-30
XI-IATI-IADB-EC-L1301,XI-IATI-IADB,Inter-American Development Bank,Multilateral,A02_sector,4,Closed,EC,400000000.0,400000000.0,1,2025,2025,0.0,2026-06-26,2025-07-01,360,,,,0,2025-06-26,2025-06-30
XI-IATI-IADB-EC-L1310,XI-IATI-IADB,Inter-American Development Bank,Multilateral,A02_sector,4,Closed,EC,200000000.0,200000000.0,1,2025,2025,0.0,2026-12-12,2025-12-17,360,,,,0,2025-12-15,2025-12-16
XI-IATI-IADB-EC-U0005,XI-IATI-IADB,Inter-American Development Bank,Multilateral,A02_sector,2,Implementation,EC,85000000.0,0,0,,,1.0,2041-10-11,,,85000000.0,USD,88,0,2026-04-15,2022-10-19
XI-IATI-IADB-EC-U0007,XI-IATI-IADB,Inter-American Development Bank,Multilateral,A02_sector,2,Implementation,EC,155000000.0,0,0,,,1.0,2041-12-15,,,155000000.0,USD,88,0,2026-04-16,2024-11-13
XI-IATI-IADB-ES-L1093,XI-IATI-IADB,Inter-American Development Bank,Multilateral,A02_sector,4,Closed,SV,350000000.0,350000000.0,1,2018,2018,0.0,2019-07-06,2018-07-24,347,,,,0,2018-07-19,2018-07-20
XI-IATI-IADB-ES-L1137,XI-IATI-IADB,Inter-American Development Bank,Multilateral,A02_sector,4,Closed,SV,200000000.0,200000000.0,1,2019,2019,0.0,2020-07-25,2019-10-25,274,,,,0,2019-10-23,2019-10-23
XI-IATI-IADB-ES-L1143,XI-IATI-IADB,Inter-American Development Bank,Multilateral,A02_sector,4,Closed,SV,250000000.0,250000000.0,1,2020,2020,0.0,2021-08-02,2020-08-07,360,,,,0,2020-08-05,2020-08-05
XI-IATI-IADB-GU-L1085,XI-IATI-IADB,Inter-American Development Bank,Multilateral,A02_sector,4,Closed,GT,250000000.0,250000000.0,1,2015,2015,0.0,2016-03-28,2015-12-11,108,,,,0,2015-04-24,2015-04-30
XI-IATI-IADB-GU-L1096,XI-IATI-IADB,Inter-American Development Bank,Multilateral,A02_sector,4,Closed,GT,250000000.0,250000000.0,1,2020,2020,0.0,2022-04-02,2020-10-06,543,,,,0,2020-04-14,2020-04-16
XI-IATI-IADB-GU-L1183,XI-IATI-IADB,Inter-American Development Bank,Multilateral,A02_sector,4,Closed,GT,300000000.0,300000000.0,1,2026,2026,0.0,2027-02-04,2026-05-27,253,,,,0,2026-05-22,2026-05-26
XI-IATI-IADB-GY-L1043,XI-IATI-IADB,Inter-American Development Bank,Multilateral,A02_sector,4,Closed,GY,17160000.0,17160000.0,1,2015,2015,0.0,2016-02-19,2015-02-24,360,,,,0,2015-02-20,2015-02-23
XI-IATI-IADB-GY-L1067,XI-IATI-IADB,Inter-American Development Bank,Multilateral,A02_sector,4,Closed,GY,11640000.0,11640000.0,2,2018,2019,0.0,2020-12-10,2019-12-24,352,,,,0,2018-12-18,2018-12-19
XI-IATI-IADB-GY-L1075,XI-IATI-IADB,Inter-American Development Bank,Multilateral,A02_sector,4,Closed,GY,34000000.0,34000000.0,1,2021,2021,0.0,2022-01-22,2021-02-01,355,,,,0,2021-01-27,2021-01-28
XI-IATI-IADB-GY-L1083,XI-IATI-IADB,Inter-American Development Bank,Multilateral,A02_sector,4,Closed,GY,130000000.0,130000000.0,1,2022,2022,0.0,2023-09-19,2022-09-28,356,,,,0,2022-09-26,2022-09-27
XI-IATI-IADB-GY-L1086,XI-IATI-IADB,Inter-American Development Bank,Multilateral,A02_sector,4,Closed,GY,30000000.0,30000000.0,1,2023,2023,0.0,2024-12-08,2023-12-19,355,,,,0,2023-12-12,2023-12-18
XI-IATI-IADB-GY-L1089,XI-IATI-IADB,Inter-American Development Bank,Multilateral,A02_sector,4,Closed,GY,350000000.0,350000000.0,1,2025,2025,0.0,2026-06-22,2025-07-08,349,,,,0,2025-07-03,2025-07-07
XI-IATI-IADB-HA-L1088,XI-IATI-IADB,Inter-American Development Bank,Multilateral,A02_sector,4,Closed,HT,12000000.0,12000000.0,1,2014,2014,0.0,2015-07-03,2014-08-26,311,,,,0,2014-08-14,2014-08-25
XI-IATI-IADB-HA-L1090,XI-IATI-IADB,Inter-American Development Bank,Multilateral,A02_sector,4,Closed,HT,15000000.0,15000000.0,1,2014,2014,0.0,2015-07-04,2014-08-19,319,,,,0,2014-08-13,2014-08-18
XI-IATI-IADB-HA-L1099,XI-IATI-IADB,Inter-American Development Bank,Multilateral,A02_sector,4,Closed,HT,27000000.0,27000000.0,1,2015,2015,0.0,2016-07-01,2015-09-19,286,,,,0,2015-09-16,2015-09-18
XI-IATI-IADB-HO-L1070,XI-IATI-IADB,Inter-American Development Bank,Multilateral,A02_sector,4,Closed,HN,130000000.0,130000000.0,1,2014,2014,0.0,2015-12-17,2014-12-23,359,,,,0,2014-12-22,2014-12-22
XI-IATI-IADB-HO-L1103,XI-IATI-IADB,Inter-American Development Bank,Multilateral,A02_sector,4,Closed,HN,60000000.0,60000000.0,1,2015,2015,0.0,2016-12-22,2016-01-01,356,,,,0,2015-12-30,2015-12-30
XI-IATI-IADB-HO-L1118,XI-IATI-IADB,Inter-American Development Bank,Multilateral,A02_sector,4,Closed,HN,40000000.0,40000000.0,1,2015,2015,0.0,2016-12-22,2015-12-30,358,,,,0,2015-12-28,2015-12-29
XI-IATI-IADB-HO-L1182,XI-IATI-IADB,Inter-American Development Bank,Multilateral,A02_sector,4,Closed,HN,50000000.0,50000000.0,1,2017,2017,0.0,2018-08-07,2017-09-23,318,,,,0,2017-09-21,2017-09-22
XI-IATI-IADB-HO-L1189,XI-IATI-IADB,Inter-American Development Bank,Multilateral,A02_sector,4,Closed,HN,50000000.0,50000000.0,1,2018,2018,0.0,2019-11-22,2018-12-13,344,,,,0,2018-12-07,2018-12-10
XI-IATI-IADB-HO-L1193,XI-IATI-IADB,Inter-American Development Bank,Multilateral,A02_sector,4,Closed,HN,49780000.0,49780000.0,1,2018,2018,0.0,2019-11-22,2018-12-15,342,,,,0,2018-12-11,2018-12-12
XI-IATI-IADB-HO-L1198,XI-IATI-IADB,Inter-American Development Bank,Multilateral,A02_sector,4,Closed,HN,90000000.0,90000000.0,1,2018,2018,0.0,2019-11-22,2018-12-05,352,,,,0,2018-11-30,2018-12-03
XI-IATI-IADB-HO-L1204,XI-IATI-IADB,Inter-American Development Bank,Multilateral,A02_sector,4,Closed,HN,59500000.0,59500000.0,1,2019,2019,0.0,2020-12-07,2019-12-21,352,,,,0,2019-12-17,2019-12-19
XI-IATI-IADB-HO-L1206,XI-IATI-IADB,Inter-American Development Bank,Multilateral,A02_sector,4,Closed,HN,111650000.0,111650000.0,1,2020,2020,0.0,2021-05-21,2020-06-06,349,,,,0,2020-06-02,2020-06-04
XI-IATI-IADB-HO-L1207,XI-IATI-IADB,Inter-American Development Bank,Multilateral,A02_sector,4,Closed,HN,60000000.0,60000000.0,1,2020,2020,0.0,2020-12-26,2020-01-24,337,,,,0,2020-01-17,2020-01-21
XI-IATI-IADB-HO-L1219,XI-IATI-IADB,Inter-American Development Bank,Multilateral,A02_sector,4,Closed,HN,118480000.0,118480000.0,1,2022,2022,0.0,2022-12-14,2022-03-09,280,,,,0,2022-03-04,2022-03-08
XI-IATI-IADB-HO-L1229,XI-IATI-IADB,Inter-American Development Bank,Multilateral,A02_sector,4,Closed,HN,56100000.0,56100000.0,1,2024,2024,0.0,2025-04-22,2024-06-03,323,,,,0,2024-05-29,2024-05-31
XI-IATI-IADB-HO-L1232,XI-IATI-IADB,Inter-American Development Bank,Multilateral,A02_sector,4,Closed,HN,195000000.0,195000000.0,1,2022,2022,0.0,2023-12-02,2022-12-20,347,,,,0,2022-12-15,2022-12-19
XI-IATI-IADB-HO-L1248,XI-IATI-IADB,Inter-American Development Bank,Multilateral,A02_sector,4,Closed,HN,25600000.0,25600000.0,1,2024,2024,0.0,2025-11-19,2024-12-17,337,,,,0,2024-12-13,2024-12-16
XI-IATI-IADB-JA-L1014,XI-IATI-IADB,Inter-American Development Bank,Multilateral,A02_sector,4,Closed,JM,60000000.0,60000000.0,1,2014,2014,0.0,2015-02-06,2014-02-12,359,,,,0,2014-02-10,2014-02-11
XI-IATI-IADB-JA-L1033,XI-IATI-IADB,Inter-American Development Bank,Multilateral,A02_sector,4,Closed,JM,25000000.0,25000000.0,1,2015,2015,0.0,2016-11-25,2015-12-17,344,,,,0,2015-12-11,2015-12-16
XI-IATI-IADB-JA-L1038,XI-IATI-IADB,Inter-American Development Bank,Multilateral,A02_sector,4,Closed,JM,80000000.0,80000000.0,1,2014,2014,0.0,2015-02-06,2014-02-12,359,,,,0,2014-02-10,2014-02-11
XI-IATI-IADB-JA-L1051,XI-IATI-IADB,Inter-American Development Bank,Multilateral,A02_sector,4,Closed,JM,130000000.0,130000000.0,1,2015,2015,0.0,2016-08-05,2015-08-12,359,,,,0,2015-08-07,2015-08-10
XI-IATI-IADB-JA-L1055,XI-IATI-IADB,Inter-American Development Bank,Multilateral,A02_sector,4,Closed,JM,50000000.0,50000000.0,1,2016,2016,0.0,2017-12-19,2016-12-23,361,,,,0,2016-12-21,2016-12-21
XI-IATI-IADB-JA-L1058,XI-IATI-IADB,Inter-American Development Bank,Multilateral,A02_sector,4,Closed,JM,100000000.0,100000000.0,1,2016,2016,0.0,2017-07-21,2016-08-02,353,,,,0,2016-07-29,2016-08-01
XI-IATI-IADB-JA-L1078,XI-IATI-IADB,Inter-American Development Bank,Multilateral,A02_sector,4,Closed,JM,110000000.0,110000000.0,2,2018,2019,0.0,2021-02-21,2019-12-21,428,,,,0,2018-05-22,2018-05-23
XI-IATI-IADB-JA-L1080,XI-IATI-IADB,Inter-American Development Bank,Multilateral,A02_sector,4,Closed,JM,50000000.0,50000000.0,1,2018,2018,0.0,2019-12-07,2018-12-19,353,,,,0,2018-12-14,2018-12-17
XI-IATI-IADB-JA-L1086,XI-IATI-IADB,Inter-American Development Bank,Multilateral,A02_sector,4,Closed,JM,100000000.0,100000000.0,1,2020,2020,0.0,2021-10-07,2020-10-19,353,,,,0,2020-10-12,2020-10-16
XI-IATI-IADB-JA-L1087,XI-IATI-IADB,Inter-American Development Bank,Multilateral,A02_sector,4,Closed,JM,75000000.0,75000000.0,1,2021,2021,0.0,2022-03-18,2021-03-29,354,,,,0,2021-03-23,2021-03-24
XI-IATI-IADB-JA-L1088,XI-IATI-IADB,Inter-American Development Bank,Multilateral,A02_sector,4,Closed,JM,100000000.0,100000000.0,1,2022,2022,0.0,2023-03-18,2022-03-29,354,,,,0,2022-03-25,2022-03-28
XI-IATI-IADB-ME-L1144,XI-IATI-IADB,Inter-American Development Bank,Multilateral,A02_sector,4,Closed,MX,800000000.0,800000000.0,2,2014,2015,0.0,2015-11-07,2015-01-06,305,,,,0,2014-12-09,2014-12-11
XI-IATI-IADB-ME-L1186,XI-IATI-IADB,Inter-American Development Bank,Multilateral,A02_sector,4,Closed,MX,600000000.0,600000000.0,2,2016,2017,0.0,2017-12-13,2017-01-06,341,,,,0,2016-12-15,2016-12-21
XI-IATI-IADB-ME-L1189,XI-IATI-IADB,Inter-American Development Bank,Multilateral,A02_sector,4,Closed,MX,600000000.0,600000000.0,1,2016,2016,0.0,2017-06-21,2016-07-01,355,,,,0,2016-06-27,2016-06-30
XI-IATI-IADB-ME-L1253,XI-IATI-IADB,Inter-American Development Bank,Multilateral,A02_sector,4,Closed,MX,650000000.0,650000000.0,1,2017,2017,0.0,2018-08-24,2017-09-01,357,,,,0,2017-08-28,2017-08-31
XI-IATI-IADB-ME-L1264,XI-IATI-IADB,Inter-American Development Bank,Multilateral,A02_sector,4,Closed,MX,600000000.0,600000000.0,1,2018,2018,0.0,2019-05-23,2018-06-14,343,,,,0,2018-06-07,2018-06-12
XI-IATI-IADB-ME-L1266,XI-IATI-IADB,Inter-American Development Bank,Multilateral,A02_sector,4,Closed,MX,600000000.0,600000000.0,1,2019,2019,0.0,2019-12-28,2019-01-11,351,,,,0,2019-01-05,2019-01-08
XI-IATI-IADB-ME-L1276,XI-IATI-IADB,Inter-American Development Bank,Multilateral,A02_sector,4,Closed,MX,600000000.0,600000000.0,1,2019,2019,0.0,2020-06-10,2019-06-14,362,,,,0,2019-06-10,2019-06-12
XI-IATI-IADB-ME-L1289,XI-IATI-IADB,Inter-American Development Bank,Multilateral,A02_sector,4,Closed,MX,800000000.0,800000000.0,1,2021,2021,0.0,2021-05-22,2021-01-11,131,,,,0,2020-06-16,2021-01-07
XI-IATI-IADB-ME-L1294,XI-IATI-IADB,Inter-American Development Bank,Multilateral,A02_sector,4,Closed,MX,600000000.0,600000000.0,1,2020,2020,0.0,2020-12-20,2020-01-08,347,,,,0,2019-12-30,2020-01-06
XI-IATI-IADB-ME-L1299,XI-IATI-IADB,Inter-American Development Bank,Multilateral,A02_sector,4,Closed,MX,700000000.0,700000000.0,1,2022,2022,0.0,2022-12-07,2022-01-10,331,,,,0,2021-12-20,2022-01-07
XI-IATI-IADB-ME-L1315,XI-IATI-IADB,Inter-American Development Bank,Multilateral,A02_sector,4,Closed,MX,700000000.0,700000000.0,1,2023,2023,0.0,2024-09-08,2023-09-21,353,,,,0,2023-09-18,2023-09-20
XI-IATI-IADB-ME-L1322,XI-IATI-IADB,Inter-American Development Bank,Multilateral,A02_sector,4,Closed,MX,500000000.0,500000000.0,1,2024,2024,0.0,2024-12-15,2024-01-08,342,,,,0,2023-12-22,2024-01-05
XI-IATI-IADB-ME-L1331,XI-IATI-IADB,Inter-American Development Bank,Multilateral,A02_sector,4,Closed,MX,600000000.0,600000000.0,1,2024,2024,0.0,2025-07-30,2024-08-12,352,,,,0,2024-08-05,2024-08-09
XI-IATI-IADB-ME-L1332,XI-IATI-IADB,Inter-American Development Bank,Multilateral,A02_sector,4,Closed,MX,600000000.0,600000000.0,1,2025,2025,0.0,2026-06-03,2025-06-18,350,,,,0,2025-06-12,2025-06-17
XI-IATI-IADB-ME-L1341,XI-IATI-IADB,Inter-American Development Bank,Multilateral,A02_sector,4,Closed,MX,550000000.0,550000000.0,1,2026,2026,0.0,2026-12-19,2026-01-15,338,,,,0,2026-01-12,2026-01-14
XI-IATI-IADB-NI-L1079,XI-IATI-IADB,Inter-American Development Bank,Multilateral,A02_sector,4,Closed,NI,45000000.0,45000000.0,1,2014,2014,0.0,2015-07-14,2014-08-15,333,,,,0,2014-08-11,2014-08-14
XI-IATI-IADB-NI-L1089,XI-IATI-IADB,Inter-American Development Bank,Multilateral,A02_sector,4,Closed,NI,65000000.0,65000000.0,1,2015,2015,0.0,2016-08-31,2015-10-01,335,,,,0,2015-09-29,2015-09-30
XI-IATI-IADB-NI-L1096,XI-IATI-IADB,Inter-American Development Bank,Multilateral,A02_sector,4,Closed,NI,65000000.0,65000000.0,1,2017,2017,0.0,2018-04-24,2017-05-17,342,,,,0,2017-05-12,2017-05-16
XI-IATI-IADB-NI-L1144,XI-IATI-IADB,Inter-American Development Bank,Multilateral,A02_sector,4,Closed,NI,65000000.0,65000000.0,1,2017,2017,0.0,2018-12-13,2017-12-23,355,,,,0,2017-12-21,2017-12-22
XI-IATI-IADB-PE-L1099,XI-IATI-IADB,Inter-American Development Bank,Multilateral,A02_sector,4,Closed,PE,25000000.0,25000000.0,1,2014,2014,0.0,2015-12-04,2014-12-22,347,,,,0,2014-12-16,2014-12-19
XI-IATI-IADB-PE-L1138,XI-IATI-IADB,Inter-American Development Bank,Multilateral,A02_sector,4,Closed,PE,25000000.0,25000000.0,1,2014,2014,0.0,2015-11-07,2014-12-05,337,,,,0,2014-12-02,2014-12-04
XI-IATI-IADB-PE-L1140,XI-IATI-IADB,Inter-American Development Bank,Multilateral,A02_sector,4,Closed,PE,25000000.0,25000000.0,1,2014,2014,0.0,2015-12-04,2014-12-22,347,,,,0,2014-12-17,2014-12-19
XI-IATI-IADB-PE-L1154,XI-IATI-IADB,Inter-American Development Bank,Multilateral,A02_sector,4,Closed,PE,300000000.0,300000000.0,1,2016,2016,0.0,2018-05-15,2016-12-16,515,,,,0,2016-12-13,2016-12-15
XI-IATI-IADB-PE-L1169,XI-IATI-IADB,Inter-American Development Bank,Multilateral,A02_sector,4,Closed,PE,300000000.0,300000000.0,1,2020,2020,0.0,2020-05-15,2020-04-28,17,,,,0,2020-04-20,2020-04-24
XI-IATI-IADB-PE-L1223,XI-IATI-IADB,Inter-American Development Bank,Multilateral,A02_sector,4,Closed,PE,100000000.0,100000000.0,1,2019,2019,0.0,2020-01-31,2019-03-27,310,,,,0,2019-03-06,2019-03-25
XI-IATI-IADB-PE-L1244,XI-IATI-IADB,Inter-American Development Bank,Multilateral,A02_sector,4,Closed,PE,50000000.0,50000000.0,1,2020,2020,0.0,2021-06-16,2020-08-14,306,,,,0,2020-08-06,2020-08-12
XI-IATI-IADB-PE-L1261,XI-IATI-IADB,Inter-American Development Bank,Multilateral,A02_sector,4,Closed,PE,400000000.0,400000000.0,1,2021,2021,0.0,2024-04-12,2021-06-22,1025,,,,0,2021-06-14,2021-06-18
XI-IATI-IADB-PE-L1262,XI-IATI-IADB,Inter-American Development Bank,Multilateral,A02_sector,4,Closed,PE,600000000.0,600000000.0,1,2021,2021,0.0,2024-06-30,2021-09-29,1005,,,,0,2021-09-23,2021-05-12
XI-IATI-IADB-PE-L1267,XI-IATI-IADB,Inter-American Development Bank,Multilateral,A02_sector,4,Closed,PE,500000000.0,500000000.0,1,2022,2022,0.0,2024-12-28,2022-05-05,968,,,,0,2022-04-28,2022-05-04
XI-IATI-IADB-PE-L1276,XI-IATI-IADB,Inter-American Development Bank,Multilateral,A02_sector,4,Closed,PE,300000000.0,300000000.0,1,2023,2023,0.0,2026-03-01,2023-05-16,1020,,,,0,2023-05-10,2023-05-15
XI-IATI-IADB-PE-L1283,XI-IATI-IADB,Inter-American Development Bank,Multilateral,A02_sector,4,Closed,PE,300000000.0,300000000.0,1,2024,2024,0.0,2027-01-12,2024-06-14,942,,,,0,2024-06-05,2024-06-13
XI-IATI-IADB-PE-L1303,XI-IATI-IADB,Inter-American Development Bank,Multilateral,A02_sector,4,Closed,PE,550000000.0,550000000.0,1,2026,2026,0.0,2027-02-19,2026-03-23,333,,,,0,2026-03-18,2026-03-20
XI-IATI-IADB-PN-L1100,XI-IATI-IADB,Inter-American Development Bank,Multilateral,A02_sector,4,Closed,PA,300000000.0,300000000.0,1,2014,2014,0.0,2015-10-02,2014-04-18,532,,,,0,2014-04-03,2014-04-04
XI-IATI-IADB-PN-L1103,XI-IATI-IADB,Inter-American Development Bank,Multilateral,A02_sector,4,Closed,PA,150000000.0,150000000.0,1,2015,2015,0.0,2016-06-19,2015-09-01,292,,,,0,2015-08-31,2015-08-31
XI-IATI-IADB-PN-L1110,XI-IATI-IADB,Inter-American Development Bank,Multilateral,A02_sector,4,Closed,PA,150000000.0,150000000.0,1,2015,2015,0.0,2016-06-19,2015-09-01,292,,,,0,2015-08-28,2015-08-31
XI-IATI-IADB-PN-L1118,XI-IATI-IADB,Inter-American Development Bank,Multilateral,A02_sector,4,Closed,PA,200000000.0,200000000.0,1,2016,2016,0.0,2017-12-14,2016-12-31,348,,,,0,2016-12-27,2016-12-30
XI-IATI-IADB-PN-L1119,XI-IATI-IADB,Inter-American Development Bank,Multilateral,A02_sector,4,Closed,PA,200000000.0,200000000.0,1,2016,2016,0.0,2017-08-12,2016-11-12,273,,,,0,2016-11-08,2016-11-11
XI-IATI-IADB-PN-L1145,XI-IATI-IADB,Inter-American Development Bank,Multilateral,A02_sector,4,Closed,PA,300000000.0,300000000.0,1,2017,2017,0.0,2018-09-05,2017-09-28,342,,,,0,2017-09-25,2017-09-27
XI-IATI-IADB-PN-L1149,XI-IATI-IADB,Inter-American Development Bank,Multilateral,A02_sector,4,Closed,PA,200000000.0,200000000.0,1,2019,2019,0.0,2020-12-03,2019-12-20,349,,,,0,2019-12-16,2019-12-18
XI-IATI-IADB-PN-L1151,XI-IATI-IADB,Inter-American Development Bank,Multilateral,A02_sector,4,Closed,PA,200000000.0,200000000.0,1,2018,2018,0.0,2019-09-04,2018-09-14,355,,,,0,2018-09-10,2018-09-12
XI-IATI-IADB-PN-L1152,XI-IATI-IADB,Inter-American Development Bank,Multilateral,A02_sector,4,Closed,PA,200000000.0,200000000.0,1,2018,2018,0.0,2019-10-04,2018-10-24,345,,,,0,2018-10-18,2018-10-19
XI-IATI-IADB-PN-L1156,XI-IATI-IADB,Inter-American Development Bank,Multilateral,A02_sector,4,Closed,PA,150000000.0,150000000.0,1,2019,2019,0.0,2020-08-14,2019-09-27,322,,,,0,2019-09-20,2019-09-23
XI-IATI-IADB-PN-L1159,XI-IATI-IADB,Inter-American Development Bank,Multilateral,A02_sector,4,Closed,PA,200000000.0,200000000.0,1,2020,2020,0.0,2021-12-23,2021-01-01,356,,,,0,2020-12-28,2020-12-29
XI-IATI-IADB-PN-L1162,XI-IATI-IADB,Inter-American Development Bank,Multilateral,A02_sector,4,Closed,PA,150000000.0,150000000.0,1,2021,2021,0.0,2022-12-20,2021-12-30,355,,,,0,2021-12-24,2021-12-29
XI-IATI-IADB-PN-L1167,XI-IATI-IADB,Inter-American Development Bank,Multilateral,A02_sector,4,Closed,PA,150000000.0,300000000.0,1,2021,2021,-1.0,2022-10-25,2021-12-07,322,,,,0,2021-12-02,2021-12-03
XI-IATI-IADB-PN-L1175,XI-IATI-IADB,Inter-American Development Bank,Multilateral,A02_sector,4,Closed,PA,150000000.0,150000000.0,1,2022,2022,0.0,2023-12-22,2022-12-28,359,,,,0,2022-12-23,2022-12-27
XI-IATI-IADB-PN-L1178,XI-IATI-IADB,Inter-American Development Bank,Multilateral,A02_sector,4,Closed,PA,300000000.0,300000000.0,1,2025,2025,0.0,2026-02-12,2025-02-28,349,,,,0,2025-02-25,2025-02-27
XI-IATI-IADB-PN-L1181,XI-IATI-IADB,Inter-American Development Bank,Multilateral,A02_sector,4,Closed,PA,200000000.0,200000000.0,1,2023,2023,0.0,2024-07-13,2023-07-31,348,,,,0,2023-07-25,2023-07-28
XI-IATI-IADB-PN-L1193,XI-IATI-IADB,Inter-American Development Bank,Multilateral,A02_sector,4,Closed,PA,350000000.0,350000000.0,1,2025,2025,0.0,2026-11-21,2025-12-08,348,,,,0,2025-12-03,2025-12-05
XI-IATI-IADB-PR-L1101,XI-IATI-IADB,Inter-American Development Bank,Multilateral,A02_sector,4,Closed,PY,200000000.0,200000000.0,2,2016,2017,0.0,2018-12-14,2017-05-13,580,,,,0,2016-12-21,2016-12-22
XI-IATI-IADB-PR-L1144,XI-IATI-IADB,Inter-American Development Bank,Multilateral,A02_sector,4,Closed,PY,200000000.0,200000000.0,2,2018,2019,0.0,2020-10-31,2019-10-04,393,,,,0,2018-11-19,2018-11-20
XI-IATI-IADB-PR-L1151,XI-IATI-IADB,Inter-American Development Bank,Multilateral,A02_sector,4,Closed,PY,300000000.0,300000000.0,1,2020,2020,0.0,2021-11-06,2020-12-22,319,,,,0,2020-02-06,2020-02-07
XI-IATI-IADB-PR-L1161,XI-IATI-IADB,Inter-American Development Bank,Multilateral,A02_sector,4,Closed,PY,90000000.0,90000000.0,1,2020,2020,0.0,2022-03-26,2020-04-11,714,,,,0,2020-04-09,2020-04-09
XI-IATI-IADB-PR-L1163,XI-IATI-IADB,Inter-American Development Bank,Multilateral,A02_sector,4,Closed,PY,90000000.0,90000000.0,2,2022,2023,0.0,2027-09-23,2023-04-25,1612,,,,0,2022-12-15,2022-12-15
XI-IATI-IADB-PR-L1175,XI-IATI-IADB,Inter-American Development Bank,Multilateral,A02_sector,4,Closed,PY,210000000.0,210000000.0,1,2020,2020,0.0,2022-05-20,2020-11-05,561,,,,0,2020-10-14,2020-10-16
XI-IATI-IADB-PR-L1177,XI-IATI-IADB,Inter-American Development Bank,Multilateral,A02_sector,4,Closed,PY,200000000.0,200000000.0,1,2022,2022,0.0,2024-09-15,2022-10-31,685,,,,0,2022-10-27,2022-10-28
XI-IATI-IADB-PR-L1179,XI-IATI-IADB,Inter-American Development Bank,Multilateral,A02_sector,4,Closed,PY,250000000.0,250000000.0,1,2024,2024,0.0,2025-03-10,2024-05-22,292,,,,0,2024-05-20,2024-05-21
XI-IATI-IADB-PR-L1180,XI-IATI-IADB,Inter-American Development Bank,Multilateral,A02_sector,4,Closed,PY,250000000.0,250000000.0,1,2022,2022,0.0,2025-03-18,2022-05-03,1050,,,,0,2022-04-27,2022-05-02
XI-IATI-IADB-PR-L1185,XI-IATI-IADB,Inter-American Development Bank,Multilateral,A02_sector,4,Closed,PY,150000000.0,150000000.0,1,2024,2024,0.0,2026-10-07,2024-10-24,713,,,,0,2024-10-22,2024-10-23
XI-IATI-IADB-SU-L1033,XI-IATI-IADB,Inter-American Development Bank,Multilateral,A02_sector,4,Closed,SR,0,15000000.0,1,2014,2014,,2014-12-16,2014-07-18,151,,,,0,2014-07-15,2014-07-17
XI-IATI-IADB-SU-L1036,XI-IATI-IADB,Inter-American Development Bank,Multilateral,A02_sector,4,Closed,SR,70000000.0,70000000.0,1,2016,2016,0.0,2017-06-08,2016-06-17,356,,,,0,2016-06-15,2016-06-16
XI-IATI-IADB-SU-L1043,XI-IATI-IADB,Inter-American Development Bank,Multilateral,A02_sector,4,Closed,SR,15000000.0,15000000.0,1,2015,2015,0.0,2015-12-19,2015-01-22,331,,,,0,2015-01-20,2015-01-21
XI-IATI-IADB-SU-L1065,XI-IATI-IADB,Inter-American Development Bank,Multilateral,A02_sector,4,Closed,SR,150000000.0,150000000.0,1,2022,2022,0.0,2023-11-11,2022-12-20,326,,,,0,2022-12-16,2022-12-19
XI-IATI-IADB-SU-L1066,XI-IATI-IADB,Inter-American Development Bank,Multilateral,A02_sector,4,Closed,SR,150000000.0,150000000.0,1,2024,2024,0.0,2025-11-06,2024-12-24,317,,,,0,2024-12-20,2024-12-23
XI-IATI-IADB-SU-L1075,XI-IATI-IADB,Inter-American Development Bank,Multilateral,A02_sector,4,Closed,SR,150000000.0,150000000.0,1,2023,2023,0.0,2024-12-12,2023-12-27,351,,,,0,2023-12-22,2023-12-26
XI-IATI-IADB-TT-L1058,XI-IATI-IADB,Inter-American Development Bank,Multilateral,A02_sector,4,Closed,TT,100000000.0,200000000.0,1,2020,2020,-1.0,2021-08-03,2020-08-28,340,,,,0,2020-08-21,2020-08-24
XI-IATI-IADB-UR-L1076,XI-IATI-IADB,Inter-American Development Bank,Multilateral,A02_sector,4,Closed,UY,0,183750000.0,1,2018,2018,,2019-03-15,2018-12-11,94,,,,0,2013-09-30,2018-12-07
XI-IATI-IADB-UR-L1097,XI-IATI-IADB,Inter-American Development Bank,Multilateral,A02_sector,4,Closed,UY,120000000.0,120000000.0,2,2018,2020,0.0,2021-03-27,2020-03-28,364,,,,0,2015-05-26,2018-12-07
XI-IATI-IADB-UR-L1106,XI-IATI-IADB,Inter-American Development Bank,Multilateral,A02_sector,4,Closed,UY,247000000.0,247000000.0,1,2020,2020,0.0,2021-03-27,2020-03-28,364,,,,0,2015-05-26,2020-03-26
XI-IATI-IADB-UR-L1108,XI-IATI-IADB,Inter-American Development Bank,Multilateral,A02_sector,4,Closed,UY,250000000.0,250000000.0,1,2020,2020,0.0,2022-04-07,2020-04-16,721,,,,0,2017-01-16,2020-03-26
XI-IATI-IADB-UR-L1140,XI-IATI-IADB,Inter-American Development Bank,Multilateral,A02_sector,4,Closed,UY,250000000.0,250000000.0,1,2020,2020,0.0,2021-11-28,2020-04-16,591,,,,0,2019-08-01,2020-04-13
XI-IATI-IADB-UR-L1156,XI-IATI-IADB,Inter-American Development Bank,Multilateral,A02_sector,4,Closed,UY,250000000.0,250000000.0,1,2020,2020,0.0,2023-04-08,2020-05-05,1068,,,,0,2020-04-23,2020-04-30
XI-IATI-IADB-UR-L1170,XI-IATI-IADB,Inter-American Development Bank,Multilateral,A02_sector,4,Closed,UY,350000000.0,350000000.0,1,2022,2022,0.0,2022-12-15,2022-08-08,129,,,,0,2022-01-11,2022-08-05
XI-IATI-IADB-UR-L1175,XI-IATI-IADB,Inter-American Development Bank,Multilateral,A02_sector,4,Closed,UY,145000000.0,145000000.0,1,2023,2023,0.0,2026-03-19,2023-06-05,1018,,,,0,2023-06-01,2023-06-02
XI-IATI-IADB-UR-L1186,XI-IATI-IADB,Inter-American Development Bank,Multilateral,A02_sector,4,Closed,UY,155000000.0,155000000.0,1,2023,2023,0.0,2026-06-02,2023-06-22,1076,,,,0,2023-06-20,2023-06-21
XI-IATI-IADB-UR-L1195,XI-IATI-IADB,Inter-American Development Bank,Multilateral,A02_sector,4,Closed,UY,200000000.0,200000000.0,1,2023,2023,0.0,2024-12-14,2023-12-20,360,,,,0,2023-12-15,2023-12-19
XI-IATI-IADB-UR-L1199,XI-IATI-IADB,Inter-American Development Bank,Multilateral,A02_sector,4,Closed,UY,200000000.0,200000000.0,1,2025,2025,0.0,2028-08-08,2025-09-12,1061,,,,0,2025-09-01,2025-09-11
XI-IATI-IADB-UR-L1207,XI-IATI-IADB,Inter-American Development Bank,Multilateral,A02_sector,2,Implementation,UY,100000000.0,100000000.0,1,2026,2026,0.0,2027-05-11,,,,,,0,2026-06-29,2025-10-29
XI-IATI-NSO-G4AW13009,XI-IATI-NSO,Netherlands Space Office,Bilateral,A02_sector,2,Implementation,ID,,,,,,,2017-09-14,,,3024890.0,,1,0,,2014-09-15
XI-IATI-NSO-G4AW13011,XI-IATI-NSO,Netherlands Space Office,Bilateral,A02_sector,2,Implementation,ET,,,,,,,2018-08-31,,,2104107.0,,1,0,,2014-09-01
XI-IATI-NSO-G4AW14002,XI-IATI-NSO,Netherlands Space Office,Bilateral,A02_sector,2,Implementation,VN,0,1464814.9188,3,2015,2018,,2018-06-30,,,2252075.0,,1,1,,2015-09-01
XI-IATI-NSO-G4AW14007,XI-IATI-NSO,Netherlands Space Office,Bilateral,A02_sector,2,Implementation,ML,0,1963393.5707999999,3,2015,2018,,2021-12-31,,,2533788.0,,1,1,,2019-01-01
XI-IATI-NSO-G4AW14010,XI-IATI-NSO,Netherlands Space Office,Bilateral,A02_sector,2,Implementation,BD,0,5103652.8924,3,2015,2018,,2019-06-30,2019-10-31,-123,6398924.0,,1,1,2015-11-01,2015-11-01
XI-IATI-NSO-G4AW14011,XI-IATI-NSO,Netherlands Space Office,Bilateral,A02_sector,2,Implementation,BF,0,3719473.3116,3,2016,2018,,2019-10-31,,,3944375.0,,1,1,,2015-11-01
XI-IATI-NSO-G4AW14016,XI-IATI-NSO,Netherlands Space Office,Bilateral,A02_sector,2,Implementation,ZA,0,3058990.4772,3,2015,2018,,2018-05-30,,,4695909.0,,1,1,,2015-06-01
XI-IATI-NSO-G4AW14020,XI-IATI-NSO,Netherlands Space Office,Bilateral,A02_sector,2,Implementation,KE,,,,,,,2019-02-28,,,2415381.0,,1,0,,2015-09-01
XI-IATI-NSO-G4AW16001,XI-IATI-NSO,Netherlands Space Office,Bilateral,A02_sector,2,Implementation,TZ,0,2809458.4590000003,3,2017,2019,,2019-10-31,,,3522479.0,,1,1,,2016-10-01
XI-IATI-NSO-G4AW16002,XI-IATI-NSO,Netherlands Space Office,Bilateral,A02_sector,2,Implementation,VN,0,2377705.617,3,2017,2019,,2019-09-30,,,3478010.0,,1,1,,2016-10-01
XI-IATI-NSO-G4AW16003,XI-IATI-NSO,Netherlands Space Office,Bilateral,A02_sector,2,Implementation,ID,0,2362806.8226,3,2017,2019,,2019-09-30,,,2962456.0,,1,1,,2016-10-01
XI-IATI-NSO-G4AW17002,XI-IATI-NSO,Netherlands Space Office,Bilateral,A02_sector,2,Implementation,GH,,,,,,,2020-12-31,,,3888608.0,,1,0,,2018-01-01
XI-IATI-NSO-G4AW17003,XI-IATI-NSO,Netherlands Space Office,Bilateral,A02_sector,2,Implementation,MM,,,,,,,2021-02-28,,,3338669.0,,1,0,,2018-03-01
XI-IATI-NSO-G4AW17006,XI-IATI-NSO,Netherlands Space Office,Bilateral,A02_sector,2,Implementation,BI,0,1567575.1260000002,2,2018,2019,,2021-02-28,,,3169602.0,,1,0,,2018-03-01
XI-IATI-NSO-G4AW17011,XI-IATI-NSO,Netherlands Space Office,Bilateral,A02_sector,2,Implementation,ID,,,,,,,2021-02-28,,,2753232.0,,1,0,,2018-03-01
XI-IATI-NSO-G4AW17012,XI-IATI-NSO,Netherlands Space Office,Bilateral,A02_sector,2,Implementation,KH,,,,,,,2020-12-31,,,3307569.0,,1,0,,2018-05-01
XI-IATI-NSO-G4AW17015,XI-IATI-NSO,Netherlands Space Office,Bilateral,A02_sector,2,Implementation,MM,,,,,,,2020-12-31,,,4154768.0,,1,0,,2018-04-01
XI-IATI-NSO-G4AW19001,XI-IATI-NSO,Netherlands Space Office,Bilateral,A02_sector,2,Implementation,GH,,,,,,,2022-06-30,,,4240933.0,,1,0,,2019-07-01
XI-IATI-NSO-G4AW19002,XI-IATI-NSO,Netherlands Space Office,Bilateral,A02_sector,2,Implementation,AO,,,,,,,2022-08-31,,,3723299.0,,1,0,,2019-09-01
XM-DAC-21-1-2014B1MOZBSUP-MOZBUDSUP,XM-DAC-21-1,DFAT / Irish Aid,Bilateral,A01_general,4,Closed,MZ,0,0.0,0,,,,2014-12-31,,,,,,0,,2014-05-29
XM-DAC-21-1-2015000108B1MOZBSUPMOZBUDSUP,XM-DAC-21-1,DFAT / Irish Aid,Bilateral,A01_general,4,Closed,MZ,0,0.0,0,,,,2015-12-31,,,,,,0,,2015-01-01
XM-DAC-21-1-2015000211B1TANGBIPTANGBS,XM-DAC-21-1,DFAT / Irish Aid,Bilateral,A01_general,4,Closed,TZ,0,0.0,0,,,,2015-12-31,,,,,,0,,2015-01-01
XM-DAC-3-1-107049-16394,XM-DAC-3-1,"Ministry of Foreign Affairs, Denmark",Bilateral,A01_general,4,Closed,BF,0,-222422.57808808063,1,2014,2014,,2010-12-31,2015-01-26,-1487,,,,0,2005-01-01,2005-12-19
XM-DAC-3-1-114412-14709,XM-DAC-3-1,"Ministry of Foreign Affairs, Denmark",Bilateral,A02_sector,4,Closed,NP,0,-2263.3912102318636,1,2019,2019,,2009-12-31,2019-04-09,-3386,,,,0,1998-01-01,2004-10-31
XM-DAC-3-1-144397-20541,XM-DAC-3-1,"Ministry of Foreign Affairs, Denmark",Bilateral,A01_general,4,Closed,BJ,0,-108548.90318449977,6,2014,2020,,2011-12-31,2021-01-07,-3295,,,,1,2007-01-01,2008-03-31
XM-DAC-3-1-160285-21566,XM-DAC-3-1,"Ministry of Foreign Affairs, Denmark",Bilateral,A02_sector,4,Closed,BT,0,1143.3101114346255,1,2014,2014,,2013-12-31,2015-11-18,-687,,,,0,2008-01-01,2008-07-23
XM-DAC-3-1-172859-23033,XM-DAC-3-1,"Ministry of Foreign Affairs, Denmark",Bilateral,A02_sector,4,Closed,BF,-1551153.6471592556,23902409.184591226,4,2014,2017,,2015-12-31,2017-07-06,-553,,,,1,2010-01-01,2009-12-22
XM-DAC-3-1-174458-24297,XM-DAC-3-1,"Ministry of Foreign Affairs, Denmark",Bilateral,A01_general,4,Closed,GH,0,8989103.250049543,1,2015,2015,,2014-12-31,2017-04-21,-842,,,,0,2010-01-01,2010-12-20
XM-DAC-3-1-185092-24540,XM-DAC-3-1,"Ministry of Foreign Affairs, Denmark",Bilateral,A01_general,4,Closed,TZ,0,19112386.176618546,2,2014,2015,,2015-12-31,2018-05-15,-866,,,,0,2011-01-01,2011-07-31
XM-DAC-3-1-187132-24323,XM-DAC-3-1,"Ministry of Foreign Affairs, Denmark",Bilateral,A01_general,4,Closed,MZ,0,738.6926629979116,1,2014,2014,,2014-12-31,2017-10-03,-1007,,,,0,2010-01-01,2010-12-07
XM-DAC-3-1-191966-24982,XM-DAC-3-1,"Ministry of Foreign Affairs, Denmark",Bilateral,A02_sector,4,Closed,BT,0,2134178.865531487,1,2014,2014,,2014-12-31,2016-08-29,-607,,,,0,2011-01-01,2011-06-27
XM-DAC-3-1-204943-27743,XM-DAC-3-1,"Ministry of Foreign Affairs, Denmark",Bilateral,A02_sector,2,Implementation,UG,-226037.90911446823,37754302.344547935,4,2014,2017,,2026-12-31,,,,,,1,2013-01-01,2013-11-07
XM-DAC-3-1-209288-26075,XM-DAC-3-1,"Ministry of Foreign Affairs, Denmark",Bilateral,A01_general,4,Closed,BF,0,19207609.87210171,3,2014,2016,,2015-12-31,2016-05-31,-152,,,,1,2012-01-01,2012-12-12
XM-DAC-3-1-209288-26078,XM-DAC-3-1,"Ministry of Foreign Affairs, Denmark",Bilateral,A01_general,4,Closed,BF,-179880.79086571443,0,0,,,,2015-12-31,2016-04-07,-98,,,,0,2012-01-01,2012-12-12
XM-DAC-3-1-229249-29282,XM-DAC-3-1,"Ministry of Foreign Affairs, Denmark",Bilateral,A02_sector,2,Implementation,TZ,36555435.29626976,36553960.17927103,3,2017,2020,4.0352877397759125e-05,2020-06-30,,,,,,1,2014-01-01,2014-11-19
XM-DAC-3-1-255454-30798,XM-DAC-3-1,"Ministry of Foreign Affairs, Denmark",Bilateral,A01_general,4,Closed,BF,33537096.60208235,33537096.60208235,3,2016,2018,0.0,2020-12-31,2018-09-13,840,,,,1,2016-01-01,2016-12-20
XM-DAC-3-1-255454-31740,XM-DAC-3-1,"Ministry of Foreign Affairs, Denmark",Bilateral,A01_general,4,Closed,BF,2256131.9532309948,2226801.262214363,3,2018,2022,0.01300043243243257,2020-12-31,2022-05-11,-496,,,,1,2016-01-01,2017-02-23
XM-DAC-3-1-255454-31741,XM-DAC-3-1,"Ministry of Foreign Affairs, Denmark",Bilateral,A01_general,4,Closed,BF,564032.9883077486,504051.1669385204,4,2018,2021,0.10634452702702703,2020-12-31,2022-05-11,-496,,,,1,2016-01-01,2017-02-23
XM-DAC-3-1-49056-19443,XM-DAC-3-1,"Ministry of Foreign Affairs, Denmark",Bilateral,A01_general,4,Closed,MZ,-60502.04271406576,-13686.03789691914,3,2014,2016,,2011-12-31,2021-01-21,-3309,,,,1,2000-01-01,2007-12-13
XM-DAC-41111-106347,XM-DAC-41111,EN: United Nations Capital Development Fund (UNCDF),Multilateral,A02_sector,2,Implementation,UG,,,,,,,2021-12-31,,,9886623.84,USD,3,0,2017-01-01,
XM-DAC-41111-110521,XM-DAC-41111,EN: United Nations Capital Development Fund (UNCDF),Multilateral,A02_sector,2,Implementation,GN,,,,,,,2019-12-31,,,379293.93,,2,0,2018-01-01,
XM-DAC-41111-111465,XM-DAC-41111,EN: United Nations Capital Development Fund (UNCDF),Multilateral,A02_sector,2,Implementation,SO,,,,,,,2021-12-31,,,4893486.640000001,,3,0,2018-01-01,
XM-DAC-41111-112392,XM-DAC-41111,EN: United Nations Capital Development Fund (UNCDF),Multilateral,A02_sector,2,Implementation,SO,,,,,,,2021-12-31,,,1819832.34,,2,0,2019-01-01,
XM-DAC-41111-113154,XM-DAC-41111,EN: United Nations Capital Development Fund (UNCDF),Multilateral,A02_sector,2,Implementation,BF,,,,,,,2020-12-31,,,2479035.76,,2,0,2018-01-01,
XM-DAC-41111-114278,XM-DAC-41111,EN: United Nations Capital Development Fund (UNCDF),Multilateral,A02_sector,2,Implementation,MZ,,,,,,,2023-12-31,,,310680.0,USD,1,0,,2019-01-01
XM-DAC-41111-118133,XM-DAC-41111,EN: United Nations Capital Development Fund (UNCDF),Multilateral,A02_sector,2,Implementation,BD,,,,,,,2021-12-31,,,3045920.46,USD,2,0,2019-01-01,
XM-DAC-41111-76452,XM-DAC-41111,EN: United Nations Capital Development Fund (UNCDF),Multilateral,A02_sector,2,Implementation,LA,,,,,,,2019-12-31,,,96000.0,USD,2,0,2018-01-01,
XM-DAC-41111-88100,XM-DAC-41111,EN: United Nations Capital Development Fund (UNCDF),Multilateral,A02_sector,2,Implementation,BI,,,,,,,2020-12-31,,,3089672.45,USD,5,0,2016-01-01,
XM-DAC-41111-90014,XM-DAC-41111,EN: United Nations Capital Development Fund (UNCDF),Multilateral,A02_sector,2,Implementation,BD,,,,,,,2021-12-31,,,118460.25,USD,5,0,2014-01-01,
XM-DAC-41111-90703,XM-DAC-41111,EN: United Nations Capital Development Fund (UNCDF),Multilateral,A02_sector,2,Implementation,LS,,,,,,,2021-12-31,,,2994609.33,USD,10,0,2014-01-01,
XM-DAC-41111-92034,XM-DAC-41111,EN: United Nations Capital Development Fund (UNCDF),Multilateral,A02_sector,2,Implementation,BI,,,,,,,2020-12-31,,,1376917.01,USD,5,0,2016-01-01,
XM-DAC-41111-95546,XM-DAC-41111,EN: United Nations Capital Development Fund (UNCDF),Multilateral,A02_sector,2,Implementation,MZ,,,,,,,2021-12-31,,,1972138.23,USD,5,0,2014-01-01,
XM-DAC-41111-98569,XM-DAC-41111,EN: United Nations Capital Development Fund (UNCDF),Multilateral,A02_sector,2,Implementation,SO,,,,,,,2019-12-31,,,14658447.89,,4,0,2009-02-28,
XM-DAC-46004-32312-013-LN2306,XM-DAC-46004,Asian Development Bank,Multilateral,A01_general,3,Finalisation,LA,,,,,,,2010-04-30,2011-06-08,-404,,,,0,2007-03-21,2007-03-21
XM-DAC-46004-32507-013-LN2379,XM-DAC-46004,Asian Development Bank,Multilateral,A01_general,3,Finalisation,ID,,,,,,,2008-03-31,2008-03-31,0,,,,0,2007-12-11,2007-12-11
XM-DAC-46004-32507-023-LN2577,XM-DAC-46004,Asian Development Bank,Multilateral,A01_general,3,Finalisation,ID,,,,,,,2010-03-31,2010-03-31,0,,,,0,2009-12-10,2009-12-10
XM-DAC-46004-33357-013-LN2252,XM-DAC-46004,Asian Development Bank,Multilateral,A01_general,3,Finalisation,LA,,,,,,,2010-09-30,2010-07-29,63,,,,0,2006-11-30,2006-11-30
XM-DAC-46004-34135-013-LN2218,XM-DAC-46004,Asian Development Bank,Multilateral,A01_general,3,Finalisation,MN,,,,,,,2010-06-30,2010-06-30,0,,,,0,2006-07-04,2006-07-04
XM-DAC-46004-34172-013-LN2224,XM-DAC-46004,Asian Development Bank,Multilateral,A01_general,3,Finalisation,KG,,,,,,,2009-06-30,2009-11-25,-148,,,,0,2006-05-23,2006-05-23
XM-DAC-46004-34389-013-LN2378,XM-DAC-46004,Asian Development Bank,Multilateral,A01_general,3,Finalisation,KH,,,,,,,2008-03-31,2008-05-31,-61,,,,0,2008-02-18,2008-02-18
XM-DAC-46004-34389-023-LN2479,XM-DAC-46004,Asian Development Bank,Multilateral,A01_general,3,Finalisation,KH,,,,,,,2009-04-30,2009-04-30,0,,,,0,2008-12-08,2008-12-08
XM-DAC-46004-34389-033-LN2585,XM-DAC-46004,Asian Development Bank,Multilateral,A01_general,3,Finalisation,KH,,,,,,,2010-04-30,2010-03-05,56,,,,0,2009-12-27,2009-12-27
XM-DAC-46004-34389-043-LN2706,XM-DAC-46004,Asian Development Bank,Multilateral,A01_general,3,Finalisation,KH,,,,,,,2011-06-30,2011-06-30,0,,,,0,2011-01-27,2011-01-27
XM-DAC-46004-35174-013-LN2277,XM-DAC-46004,Asian Development Bank,Multilateral,A01_general,3,Finalisation,NP,,,,,,,2010-01-31,2009-01-09,387,,,,0,2007-01-31,2006-12-28
XM-DAC-46004-35174-023-LN2551,XM-DAC-46004,Asian Development Bank,Multilateral,A01_general,3,Finalisation,NP,,,,,,,2012-12-31,2011-10-26,432,,,,0,2009-11-01,2009-11-27
XM-DAC-46004-35174-082-GRNT0272,XM-DAC-46004,Asian Development Bank,Multilateral,A01_general,3,Finalisation,NP,0,20000000.0,1,2014,2014,,2014-12-31,2015-01-15,-15,,,,0,2011-12-31,2012-02-13
XM-DAC-46004-36107-023-LN2334,XM-DAC-46004,Asian Development Bank,Multilateral,A01_general,3,Finalisation,BD,,,,,,,2008-06-30,2008-06-16,14,,,,0,2007-06-28,2007-06-28
XM-DAC-46004-36155-013-LN2270,XM-DAC-46004,Asian Development Bank,Multilateral,A01_general,3,Finalisation,PK,,,,,,,2010-06-30,2010-06-28,2,,,,0,2006-11-01,2006-11-23
XM-DAC-46004-36169-013-LN2268,XM-DAC-46004,Asian Development Bank,Multilateral,A01_general,3,Finalisation,NP,,,,,,,2009-06-30,2007-12-20,558,,,,0,2006-11-01,2006-11-01
XM-DAC-46004-36169-023-LN2641,XM-DAC-46004,Asian Development Bank,Multilateral,A01_general,3,Finalisation,NP,0,27699633.49,1,2015,2015,,2012-12-31,2015-08-18,-960,,,,0,2010-12-23,2010-12-23
XM-DAC-46004-36172-063-GRNT0305,XM-DAC-46004,Asian Development Bank,Multilateral,A01_general,3,Finalisation,NP,0,10000000.0,1,2016,2016,,2015-10-31,2017-04-06,-523,,,,0,2012-11-30,2012-12-27
XM-DAC-46004-36308-023-LN2442,XM-DAC-46004,Asian Development Bank,Multilateral,A01_general,3,Finalisation,IN,,,,,,,2012-03-31,2012-02-06,54,,,,0,2008-10-14,2008-10-14
XM-DAC-46004-36343-013-LN2281,XM-DAC-46004,Asian Development Bank,Multilateral,A01_general,3,Finalisation,IN,,,,,,,2010-06-30,2013-06-30,-1096,,,,0,2007-02-28,2006-12-11
XM-DAC-46004-37017-013-LN2362,XM-DAC-46004,Asian Development Bank,Multilateral,A01_general,3,Finalisation,BD,0,40837575.63,1,2018,2018,,2012-03-31,2018-11-16,-2421,,,,0,2007-10-22,2007-11-01
XM-DAC-46004-37164-023-LN2279,XM-DAC-46004,Asian Development Bank,Multilateral,A01_general,3,Finalisation,BT,,,,,,,2010-06-30,2012-07-30,-761,,,,0,2007-02-28,2007-03-08
XM-DAC-46004-37218-013-LN2202,XM-DAC-46004,Asian Development Bank,Multilateral,A01_general,3,Finalisation,PK,,,,,,,2009-12-31,2009-12-31,0,,,,0,2006-05-30,2006-08-24
XM-DAC-46004-37218-013-LN2203,XM-DAC-46004,Asian Development Bank,Multilateral,A01_general,3,Finalisation,PK,,,,,,,2009-12-31,2009-12-31,0,,,,0,2006-05-30,2006-08-24
XM-DAC-46004-37307-013-LN2267,XM-DAC-46004,Asian Development Bank,Multilateral,A01_general,3,Finalisation,BD,,,,,,,2009-09-30,2010-06-21,-264,,,,0,2006-12-30,2006-11-08
XM-DAC-46004-37393-032-GRNT0067,XM-DAC-46004,Asian Development Bank,Multilateral,A01_general,3,Finalisation,AF,56000000.0,0,0,,,1.0,2010-06-30+08:00,2009-04-13+08:00,,56000000.0,USD,14,0,2007-03-14+08:00,2007-03-14+08:00
XM-DAC-46004-37577-013-LN2377,XM-DAC-46004,Asian Development Bank,Multilateral,A01_general,3,Finalisation,VN,,,,,,,2009-06-30,2009-12-31,-184,,,,0,2008-01-10,2008-01-10
XM-DAC-46004-37577-023-LN2707,XM-DAC-46004,Asian Development Bank,Multilateral,A01_general,3,Finalisation,VN,,,,,,,2011-05-31,2011-07-15,-45,,,,0,2010-12-24,2010-12-24
XM-DAC-46004-37752-013-LN2282,XM-DAC-46004,Asian Development Bank,Multilateral,A01_general,3,Finalisation,PH,,,,,,,2009-06-30,2009-06-30,0,,,,0,2006-12-14,2006-12-11
XM-DAC-46004-38122-013-LN2215,XM-DAC-46004,Asian Development Bank,Multilateral,A01_general,3,Finalisation,AF,48000000.0,0.0,0,,,1.0,2015-12-31+08:00,2015-12-11+08:00,,47224000.0,USD,24,0,2005-12-29+08:00,2005-12-29+08:00
XM-DAC-46004-38264-013-LN2478,XM-DAC-46004,Asian Development Bank,Multilateral,A01_general,3,Finalisation,ID,,,,,,,2008-12-31,2008-12-31,0,,,,0,2008-12-11,2008-12-11
XM-DAC-46004-38276-013-LN2278,XM-DAC-46004,Asian Development Bank,Multilateral,A01_general,3,Finalisation,PH,,,,,,,2008-12-31,2006-12-22,740,,,,0,2006-12-11,2006-12-11
XM-DAC-46004-38276-023-LN2715,XM-DAC-46004,Asian Development Bank,Multilateral,A01_general,3,Finalisation,PH,,,,,,,2012-04-15,2012-04-15,0,,,,0,2011-02-22,2011-02-22
XM-DAC-46004-38335-013-LN2284,XM-DAC-46004,Asian Development Bank,Multilateral,A01_general,3,Finalisation,VN,,,,,,,2008-07-01,2009-03-31,-273,,,,0,2007-01-16,2007-01-16
XM-DAC-46004-38349-029-LN3948,XM-DAC-46004,Asian Development Bank,Multilateral,A01_general,3,Finalisation,NP,50000000.0,25000000.0,1,2020,2020,0.5,2023-06-30,2024-01-12,-196,,,,0,2020-07-07,2020-07-09
XM-DAC-46004-38392-033-LN2262,XM-DAC-46004,Asian Development Bank,Multilateral,A01_general,3,Finalisation,VN,,,,,,,2007-12-31,2007-05-22,223,,,,0,2006-12-07,2006-12-07
XM-DAC-46004-38421-013-LN2480,XM-DAC-46004,Asian Development Bank,Multilateral,A01_general,3,Finalisation,KH,,,,,,,2009-04-30,2009-04-30,0,,,,0,2008-12-08,2008-12-08
XM-DAC-46004-38421-023-LN2675,XM-DAC-46004,Asian Development Bank,Multilateral,A01_general,3,Finalisation,KH,,,,,,,2011-04-30,2011-04-30,0,,,,0,2010-10-22,2010-10-22
XM-DAC-46004-38421-072-LN2904,XM-DAC-46004,Asian Development Bank,Multilateral,A01_general,3,Finalisation,KH,,,,,,,2013-03-31,2013-05-02,-32,,,,0,2012-10-15,2013-01-17
XM-DAC-46004-38558-013-LN2673,XM-DAC-46004,Asian Development Bank,Multilateral,A01_general,3,Finalisation,KH,0,9096019.4,1,2017,2017,,2013-06-30,2017-06-23,-1454,,,,0,2010-10-22,2010-10-22
XM-DAC-46004-39305-013-LN2554,XM-DAC-46004,Asian Development Bank,Multilateral,A01_general,3,Finalisation,BD,0,0.0,0,,,,2017-06-30,2014-10-08,996,,,,0,2009-11-30,2009-10-14
XM-DAC-46004-39405-013-LN2383,XM-DAC-46004,Asian Development Bank,Multilateral,A01_general,3,Finalisation,BD,0,0.0,0,,,,2014-06-30,2014-10-06,-98,,,,0,2007-12-12,2007-12-12
XM-DAC-46004-39492-013-LN2291,XM-DAC-46004,Asian Development Bank,Multilateral,A01_general,3,Finalisation,PK,,,,,,,2008-12-31,2008-06-27,187,,,,0,2006-12-01,2006-12-20
XM-DAC-46004-39492-013-LN2292,XM-DAC-46004,Asian Development Bank,Multilateral,A01_general,3,Finalisation,PK,,,,,,,2007-03-31,2007-01-12,78,,,,0,2006-12-01,2006-12-20
XM-DAC-46004-39516-013-LN2387,XM-DAC-46004,Asian Development Bank,Multilateral,A01_general,3,Finalisation,PH,,,,,,,2008-03-31,2008-04-09,-9,,,,0,2008-02-22,2008-02-22
XM-DAC-46004-39516-023-LN2584,XM-DAC-46004,Asian Development Bank,Multilateral,A01_general,3,Finalisation,PH,,,,,,,2010-03-31,2010-03-31,0,,,,0,2009-12-08,2009-12-08
XM-DAC-46004-39658-013-LN2597,XM-DAC-46004,Asian Development Bank,Multilateral,A01_general,3,Finalisation,MV,,,,,,,2012-12-31,2012-12-11,20,,,,0,2010-03-18,2010-03-18
XM-DAC-46004-40003-013-LN2361,XM-DAC-46004,Asian Development Bank,Multilateral,A01_general,3,Finalisation,ID,,,,,,,2008-03-31,2008-03-31,0,,,,0,2007-11-23,2007-11-23
XM-DAC-46004-40009-023-LN2263,XM-DAC-46004,Asian Development Bank,Multilateral,A01_general,3,Finalisation,ID,,,,,,,2007-03-31,2006-11-29,122,,,,0,2006-11-23,2006-11-23
XM-DAC-46004-40009-033-LN2475,XM-DAC-46004,Asian Development Bank,Multilateral,A01_general,3,Finalisation,ID,,,,,,,2009-03-31,2008-12-18,103,,,,0,2008-12-10,2008-12-10
XM-DAC-46004-40009-043-LN2708,XM-DAC-46004,Asian Development Bank,Multilateral,A01_general,3,Finalisation,ID,,,,,,,2011-03-31,2010-12-29,92,,,,0,2010-12-20,2010-12-20
XM-DAC-46004-40272-013-LN2394,XM-DAC-46004,Asian Development Bank,Multilateral,A01_general,3,Finalisation,ID,,,,,,,2008-03-31,2007-12-20,102,,,,0,2007-12-17,2007-12-17
XM-DAC-46004-40273-013-LN2488,XM-DAC-46004,Asian Development Bank,Multilateral,A01_general,3,Finalisation,ID,,,,,,,2009-03-31,2008-12-26,95,,,,0,2008-12-18,2008-12-18
XM-DAC-46004-40347-013-LN2582,XM-DAC-46004,Asian Development Bank,Multilateral,A01_general,3,Finalisation,VN,,,,,,,2013-06-30,2013-03-27,95,,,,0,2009-12-22,2009-12-22
XM-DAC-46004-40354-013-LN2642,XM-DAC-46004,Asian Development Bank,Multilateral,A01_general,3,Finalisation,VN,0,0.0,0,,,,2012-12-31,2014-04-07,-462,,,,0,2010-09-07,2010-09-07
XM-DAC-46004-40368-022-LN2777,XM-DAC-46004,Asian Development Bank,Multilateral,A01_general,3,Finalisation,LA,0,9239497.190000001,2,2014,2018,,2016-12-31,2018-12-18,-717,,,,0,2011-10-10,2011-11-15
XM-DAC-46004-40538-013-LN2315,XM-DAC-46004,Asian Development Bank,Multilateral,A01_general,3,Finalisation,PH,,,,,,,2007-03-31,2007-03-31,0,,,,0,2007-02-13,2007-02-13
XM-DAC-46004-40538-023-LN2450,XM-DAC-46004,Asian Development Bank,Multilateral,A01_general,3,Finalisation,PH,,,,,,,2009-03-31,2008-11-20,131,,,,0,2008-10-07,2008-10-07
XM-DAC-46004-40538-033-LN2545,XM-DAC-46004,Asian Development Bank,Multilateral,A01_general,3,Finalisation,PH,,,,,,,2009-12-31,2009-12-31,0,,,,0,2009-09-16,2009-09-16
XM-DAC-46004-40563-013-LN2335,XM-DAC-46004,Asian Development Bank,Multilateral,A01_general,3,Finalisation,PK,,,,,,,2008-12-31,2008-05-05,240,,,,0,2007-07-04,2007-07-04
XM-DAC-46004-41108-013-LN2340,XM-DAC-46004,Asian Development Bank,Multilateral,A01_general,3,Finalisation,PK,,,,,,,2009-06-30,2011-07-12,-742,,,,0,2008-05-15,2008-05-15
XM-DAC-46004-41325-013-LN2665,XM-DAC-46004,Asian Development Bank,Multilateral,A01_general,3,Finalisation,TH,,,,,,,2012-03-31,2013-07-16,-472,,,,0,2011-02-14,2011-02-14
XM-DAC-46004-41360-013-LN2680,XM-DAC-46004,Asian Development Bank,Multilateral,A01_general,3,Finalisation,VN,,,,,,,2011-03-31,2011-07-15,-106,,,,0,2010-12-24,2010-12-24
XM-DAC-46004-41360-014-LN3050,XM-DAC-46004,Asian Development Bank,Multilateral,A01_general,3,Finalisation,VN,0,50992920.0,1,2014,2014,,2014-03-31,2014-08-18,-140,,,,0,2013-11-25,2013-11-22
XM-DAC-46004-41373-013-LN2674,XM-DAC-46004,Asian Development Bank,Multilateral,A01_general,3,Finalisation,KH,,,,,,,2011-04-30,2011-04-30,0,,,,0,2010-10-22,2010-10-22
XM-DAC-46004-41380-013-LN2489,XM-DAC-46004,Asian Development Bank,Multilateral,A01_general,3,Finalisation,PH,,,,,,,2010-02-28,2010-02-28,0,,,,0,2008-12-18,2008-12-18
XM-DAC-46004-41380-023-LN2840,XM-DAC-46004,Asian Development Bank,Multilateral,A01_general,3,Finalisation,PH,,,,,,,2012-03-31,2012-03-31,0,,,,0,2011-12-30,2012-01-13
XM-DAC-46004-41392-013-LN2886,XM-DAC-46004,Asian Development Bank,Multilateral,A01_general,3,Finalisation,KH,,,,,,,2013-03-31,2013-04-30,-30,,,,0,2012-10-12,2013-01-17
XM-DAC-46004-41392-023-LN3415,XM-DAC-46004,Asian Development Bank,Multilateral,A01_general,3,Finalisation,KH,15000000.0,14382439.09,1,2016,2016,0.041170727333333344,2017-06-30,2017-02-13,137,,,,0,2016-10-17,2016-10-06
XM-DAC-46004-41544-084-GRNT0393,XM-DAC-46004,Asian Development Bank,Multilateral,A01_general,3,Finalisation,KG,22000000.0,22000000.0,1,2014,2014,0.0,2014-12-31,2014-09-08,114,,,,0,2014-06-20,2014-06-19
XM-DAC-46004-41544-088-GRNT0432,XM-DAC-46004,Asian Development Bank,Multilateral,A01_general,3,Finalisation,KG,20000000.0,20000000.0,1,2015,2015,0.0,2015-12-31,2015-10-06,86,,,,0,2015-06-30,2015-06-17
XM-DAC-46004-41544-089-GRNT0487,XM-DAC-46004,Asian Development Bank,Multilateral,A01_general,3,Finalisation,KG,12500000.0,0.0,0,,,1.0,2016-12-31,2016-12-30,1,,,,0,2016-09-21,2016-08-12
XM-DAC-46004-41544-089-LN3410,XM-DAC-46004,Asian Development Bank,Multilateral,A01_general,3,Finalisation,KG,12500000.0,12017857.6,1,2016,2016,0.03857139200000003,2016-12-31,2016-12-30,1,,,,0,2016-09-21,2016-08-12
XM-DAC-46004-41544-091-GRNT0563,XM-DAC-46004,Asian Development Bank,Multilateral,A01_general,3,Finalisation,KG,25000000.0,24592040.0,1,2017,2017,0.0163184,2018-06-30,2018-11-02,-125,,,,0,2017-12-18,2017-12-18
XM-DAC-46004-41545-013-LN2484,XM-DAC-46004,Asian Development Bank,Multilateral,A01_general,3,Finalisation,PK,,,,,,,2009-04-30,2009-01-22,98,,,,0,2008-12-01,2008-12-17
XM-DAC-46004-41545-023-LN2645,XM-DAC-46004,Asian Development Bank,Multilateral,A01_general,3,Finalisation,PK,,,,,,,2010-12-31,2010-06-30,184,,,,0,2010-06-24,2010-06-24
XM-DAC-46004-41607-013-LN2536,XM-DAC-46004,Asian Development Bank,Multilateral,A01_general,3,Finalisation,IN,0,7000000.0,1,2014,2014,,2013-01-31,2015-03-02,-760,,,,0,2009-09-17,2009-09-17
XM-DAC-46004-41641-013-LN2485,XM-DAC-46004,Asian Development Bank,Multilateral,A01_general,3,Finalisation,PK,,,,,,,2009-04-30,2009-02-04,85,,,,0,2008-12-17,2008-12-17
XM-DAC-46004-41641-023-LN2644,XM-DAC-46004,Asian Development Bank,Multilateral,A01_general,3,Finalisation,PK,,,,,,,2010-12-31,2010-06-30,184,,,,0,2010-06-24,2010-06-24
XM-DAC-46004-41666-013-LN2385,XM-DAC-46004,Asian Development Bank,Multilateral,A01_general,3,Finalisation,PK,,,,,,,2008-06-30,2008-02-12,139,,,,0,2007-12-14,2007-12-14
XM-DAC-46004-41666-033-LN2547,XM-DAC-46004,Asian Development Bank,Multilateral,A01_general,3,Finalisation,PK,,,,,,,2010-03-31,2009-10-09,173,,,,0,2009-09-17,2009-09-17
XM-DAC-46004-41666-033-LN2548,XM-DAC-46004,Asian Development Bank,Multilateral,A01_general,3,Finalisation,PK,,,,,,,2010-03-31,2009-10-09,173,,,,0,2009-09-17,2009-09-17
XM-DAC-46004-42007-020-LN4156,XM-DAC-46004,Asian Development Bank,Multilateral,A01_general,3,Finalisation,UZ,19717136.0,0.0,0,,,1.0,2022-06-30,2022-06-30,0,,,,0,2021-12-17,2021-12-20
XM-DAC-46004-42007-020-LN4157,XM-DAC-46004,Asian Development Bank,Multilateral,A01_general,3,Finalisation,UZ,80000000.0,80000000.0,1,2022,2022,0.0,2022-06-30,2022-06-30,0,,,,0,2021-12-17,2021-12-20
XM-DAC-46004-42007-021-LN4415,XM-DAC-46004,Asian Development Bank,Multilateral,A01_general,3,Finalisation,UZ,100000000.0,0.0,0,,,1.0,2024-12-31,2024-12-31,0,,,,0,2023-12-07,2023-12-07
XM-DAC-46004-42151-013-LN2452,XM-DAC-46004,Asian Development Bank,Multilateral,A01_general,3,Finalisation,IN,0,85000000.0,2,2017,2018,,2011-09-30,2018-01-09,-2293,,,,0,2009-12-22,2009-12-22
XM-DAC-46004-42163-013-LN2446,XM-DAC-46004,Asian Development Bank,Multilateral,A01_general,3,Finalisation,PK,,,,,,,2008-12-31,2008-09-30,92,,,,0,2008-09-30,2008-09-30
XM-DAC-46004-42163-013-LN2447,XM-DAC-46004,Asian Development Bank,Multilateral,A01_general,3,Finalisation,PK,,,,,,,2008-12-31,2008-09-30,92,,,,0,2008-09-30,2008-09-30
XM-DAC-46004-42163-023-LN2524,XM-DAC-46004,Asian Development Bank,Multilateral,A01_general,3,Finalisation,PK,,,,,,,2009-12-31,2009-07-01,183,,,,0,2009-06-26,2009-06-26
XM-DAC-46004-42163-023-LN2525,XM-DAC-46004,Asian Development Bank,Multilateral,A01_general,3,Finalisation,PK,,,,,,,2009-12-31,2009-07-01,183,,,,0,2009-06-26,2009-06-26
XM-DAC-46004-42191-013-LN2490,XM-DAC-46004,Asian Development Bank,Multilateral,A01_general,3,Finalisation,VN,,,,,,,2009-12-31,2009-05-15,230,,,,0,2008-12-29,2008-12-29
XM-DAC-46004-42191-023-LN2570,XM-DAC-46004,Asian Development Bank,Multilateral,A01_general,3,Finalisation,VN,,,,,,,2010-05-31,2009-12-25,157,,,,0,2009-10-20,2009-10-20
XM-DAC-46004-42191-033-LN2827,XM-DAC-46004,Asian Development Bank,Multilateral,A01_general,3,Finalisation,VN,,,,,,,2012-06-30,2012-05-25,36,,,,0,2012-01-15,2012-01-17
XM-DAC-46004-42235-013-LN2877,XM-DAC-46004,Asian Development Bank,Multilateral,A01_general,3,Finalisation,VN,,,,,,,2012-12-31,2013-03-31,-90,,,,0,2012-08-06,2012-09-07
XM-DAC-46004-42235-023-LN3213,XM-DAC-46004,Asian Development Bank,Multilateral,A01_general,3,Finalisation,VN,50000000.0,47380477.77,1,2015,2015,0.05239044459999993,2015-06-30,2015-09-30,-92,,,,0,2015-01-30,2015-03-27
XM-DAC-46004-42267-026-LN3182,XM-DAC-46004,Asian Development Bank,Multilateral,A01_general,3,Finalisation,IN,250000000.0,250000000.0,2,2015,2019,0.0,2020-06-30,2019-11-07,236,,,,0,2014-12-15,2015-09-11
XM-DAC-46004-42305-013-LN2815,XM-DAC-46004,Asian Development Bank,Multilateral,A01_general,3,Finalisation,KH,,,,,,,2012-05-31,2012-05-31,0,,,,0,2012-01-20,2011-12-20
XM-DAC-46004-42305-023-LN3002,XM-DAC-46004,Asian Development Bank,Multilateral,A01_general,3,Finalisation,KH,,,,,,,2013-12-31,2013-12-31,0,,,,0,2013-06-14,2013-08-26
XM-DAC-46004-42305-033-LN3185,XM-DAC-46004,Asian Development Bank,Multilateral,A01_general,3,Finalisation,KH,15000000.0,13798154.64,1,2015,2015,0.08012302399999996,2015-06-30,2015-07-31,-31,,,,0,2014-11-30,2014-12-18
XM-DAC-46004-42503-013-LN2565,XM-DAC-46004,Asian Development Bank,Multilateral,A01_general,3,Finalisation,CK,,,,,,,2010-03-31,2010-03-31,0,,,,0,2009-10-21,2009-10-29
XM-DAC-46004-42503-023-LN2946,XM-DAC-46004,Asian Development Bank,Multilateral,A01_general,3,Finalisation,CK,0,0.0,0,,,,2013-12-31,2014-01-24,-24,,,,0,2012-12-03,2013-09-16
XM-DAC-46004-42529-013-LN2531,XM-DAC-46004,Asian Development Bank,Multilateral,A01_general,3,Finalisation,GE,,,,,,,2009-12-31,2009-09-24,98,,,,0,2009-07-06,2009-07-06
XM-DAC-46004-42529-023-LN2532,XM-DAC-46004,Asian Development Bank,Multilateral,A01_general,3,Finalisation,GE,,,,,,,2009-12-31,2009-09-24,98,,,,0,2009-07-06,2009-07-06
XM-DAC-46004-43009-013-LN2521,XM-DAC-46004,Asian Development Bank,Multilateral,A01_general,3,Finalisation,ID,,,,,,,2010-12-31,2010-09-24,98,,,,0,2009-10-02,2009-10-02
XM-DAC-46004-43087-013-LN2529,XM-DAC-46004,Asian Development Bank,Multilateral,A01_general,3,Finalisation,AM,,,,,,,2009-12-31,2009-10-15,77,,,,0,2009-07-15,2009-07-15
XM-DAC-46004-43087-023-LN2530,XM-DAC-46004,Asian Development Bank,Multilateral,A01_general,3,Finalisation,AM,,,,,,,2009-12-31,2009-10-15,77,,,,0,2009-07-15,2009-07-15
XM-DAC-46004-43092-013-LN2595,XM-DAC-46004,Asian Development Bank,Multilateral,A01_general,3,Finalisation,ID,,,,,,,2010-03-31,2009-12-21,100,,,,0,2009-12-16,2009-12-16
XM-DAC-46004-43096-013-LN2523,XM-DAC-46004,Asian Development Bank,Multilateral,A01_general,3,Finalisation,MN,,,,,,,2010-12-31,2012-09-30,-639,,,,0,2009-06-26,2009-06-26
XM-DAC-46004-43157-013-LN2566,XM-DAC-46004,Asian Development Bank,Multilateral,A01_general,3,Finalisation,BD,,,,,,,2011-06-30,2011-12-28,-181,,,,0,2009-10-26,2009-10-26
XM-DAC-46004-43157-013-LN2567,XM-DAC-46004,Asian Development Bank,Multilateral,A01_general,3,Finalisation,BD,,,,,,,2011-06-30,2011-12-28,-181,,,,0,2009-10-26,2009-10-26
XM-DAC-46004-43157-013-LN2568,XM-DAC-46004,Asian Development Bank,Multilateral,A01_general,3,Finalisation,BD,,,,,,,2011-06-30,2011-12-28,-181,,,,0,2009-10-26,2009-10-26
XM-DAC-46004-43157-013-LN2569,XM-DAC-46004,Asian Development Bank,Multilateral,A01_general,3,Finalisation,BD,,,,,,,2010-12-31,2011-12-28,-362,,,,0,2009-10-26,2009-10-26
XM-DAC-46004-43191-013-LN2625,XM-DAC-46004,Asian Development Bank,Multilateral,A01_general,3,Finalisation,WS,,,,,,,2011-04-30,2010-12-14,137,,,,0,2010-04-22,2010-04-22
XM-DAC-46004-43191-023-LN2801,XM-DAC-46004,Asian Development Bank,Multilateral,A01_general,3,Finalisation,WS,,,,,,,2012-06-30,2012-07-02,-2,,,,0,2011-12-07,2012-03-20
XM-DAC-46004-43211-013-LN2723,XM-DAC-46004,Asian Development Bank,Multilateral,A01_general,3,Finalisation,ID,,,,,,,2011-12-15,2011-11-30,15,,,,0,2011-10-13,2011-10-13
XM-DAC-46004-43260-013-LN2888,XM-DAC-46004,Asian Development Bank,Multilateral,A01_general,3,Finalisation,KH,0,5510574.0,1,2015,2015,,2013-12-31,2015-12-31,-730,,,,0,2012-10-15,2013-01-17
XM-DAC-46004-43300-013-LN2538,XM-DAC-46004,Asian Development Bank,Multilateral,A01_general,3,Finalisation,PH,,,,,,,2009-12-31,2009-12-31,0,,,,0,2009-08-27,2009-08-27
XM-DAC-46004-43321-013-LN2659,XM-DAC-46004,Asian Development Bank,Multilateral,A01_general,3,Finalisation,MH,,,,,,,2011-02-28,2011-02-28,0,,,,0,2010-09-08,2010-09-08
XM-DAC-46004-43321-023-LN2950,XM-DAC-46004,Asian Development Bank,Multilateral,A01_general,3,Finalisation,MH,0,0.0,0,,,,2013-12-31,2014-03-31,-90,,,,0,2012-12-11,2012-12-13
XM-DAC-46004-43330-013-LN2543,XM-DAC-46004,Asian Development Bank,Multilateral,A01_general,3,Finalisation,KZ,,,,,,,2010-12-31,2009-12-14,382,,,,0,2009-09-14,2009-09-14
XM-DAC-46004-43396-013-LN2872,XM-DAC-46004,Asian Development Bank,Multilateral,A01_general,3,Finalisation,PH,,,,,,,2012-10-31,2012-12-07,-37,,,,0,2012-06-29,2012-07-04
XM-DAC-46004-43396-014-LN3233,XM-DAC-46004,Asian Development Bank,Multilateral,A01_general,3,Finalisation,PH,350000000.0,350000000.0,1,2015,2015,0.0,2015-12-31,2015-11-10,51,,,,0,2015-01-16,2015-02-12
XM-DAC-46004-43477-013-LN2951,XM-DAC-46004,Asian Development Bank,Multilateral,A01_general,3,Finalisation,BD,,,,,,,2014-06-30,2013-04-05,451,,,,0,2012-11-30,2012-11-29
XM-DAC-46004-43477-013-LN2952,XM-DAC-46004,Asian Development Bank,Multilateral,A01_general,3,Finalisation,BD,0,125005342.1,1,2014,2014,,2014-06-30,2014-12-18,-171,,,,0,2012-11-30,2012-11-29
XM-DAC-46004-43477-013-LN2953,XM-DAC-46004,Asian Development Bank,Multilateral,A01_general,3,Finalisation,BD,0,19230915.61,1,2014,2014,,2014-06-30,2014-12-18,-171,,,,0,2012-11-30,2012-11-29
XM-DAC-46004-43496-013-LN2664,XM-DAC-46004,Asian Development Bank,Multilateral,A01_general,3,Finalisation,GE,,,,,,,2011-03-31,2010-11-08,143,,,,0,2010-09-29,2010-09-29
XM-DAC-46004-44031-013-LN2691,XM-DAC-46004,Asian Development Bank,Multilateral,A01_general,3,Finalisation,PW,0,0.0,0,,,,2015-02-28,2014-04-02,332,,,,0,2010-12-15,2011-10-06
XM-DAC-46004-44031-013-LN2692,XM-DAC-46004,Asian Development Bank,Multilateral,A01_general,3,Finalisation,PW,0,0.0,0,,,,2015-02-28,2014-04-02,332,,,,0,2010-12-15,2011-10-06
XM-DAC-46004-44057-012-LN2791,XM-DAC-46004,Asian Development Bank,Multilateral,A01_general,3,Finalisation,LA,,,,,,,2012-04-30,2012-01-31,90,,,,0,2011-10-15,2011-11-15
XM-DAC-46004-44057-013-LN3036,XM-DAC-46004,Asian Development Bank,Multilateral,A01_general,3,Finalisation,LA,0,0.0,0,,,,2014-03-31,2014-04-22,-22,,,,0,2013-10-31,2013-10-11
XM-DAC-46004-44061-012-GRNT0251,XM-DAC-46004,Asian Development Bank,Multilateral,A01_general,3,Finalisation,TJ,0,0.0,0,,,,2013-04-30,2014-09-04,-492,,,,0,2011-04-13,2011-04-13
XM-DAC-46004-44251-013-LN3081,XM-DAC-46004,Asian Development Bank,Multilateral,A01_general,3,Finalisation,VN,45000000.0,45179727.12,1,2014,2014,-0.00399393599999994,2014-03-31,2014-08-18,-140,,,,0,2014-01-30,2014-01-24
XM-DAC-46004-44251-034-LN3335,XM-DAC-46004,Asian Development Bank,Multilateral,A01_general,3,Finalisation,VN,100000000.0,100416675.8,1,2016,2016,-0.00416675799999997,2016-03-31,2016-03-31,0,,,,0,2015-12-23,2015-12-30
XM-DAC-46004-44252-013-LN2895,XM-DAC-46004,Asian Development Bank,Multilateral,A01_general,3,Finalisation,ID,,,,,,,2012-12-31,2012-12-31,0,,,,0,2012-10-31,2012-10-23
XM-DAC-46004-44253-013-LN3111,XM-DAC-46004,Asian Development Bank,Multilateral,A01_general,3,Finalisation,PH,250000000.0,250000000.0,1,2014,2014,0.0,2014-12-31,2014-08-15,138,,,,0,2014-02-28,2014-02-14
XM-DAC-46004-44253-016-LN3505,XM-DAC-46004,Asian Development Bank,Multilateral,A01_general,3,Finalisation,PH,250000000.0,250000000.0,1,2017,2017,0.0,2017-06-30,2017-10-19,-111,,,,0,2017-01-13,2016-12-15
XM-DAC-46004-44263-013-LN3460,XM-DAC-46004,Asian Development Bank,Multilateral,A01_general,3,Finalisation,KH,40000000.0,38632260.05,1,2017,2017,0.03419349875000007,2017-06-30,2017-04-11,80,,,,0,2016-12-23,2016-12-14
XM-DAC-46004-44263-015-LN3831,XM-DAC-46004,Asian Development Bank,Multilateral,A01_general,3,Finalisation,KH,40000000.0,40000000.0,1,2019,2019,0.0,2020-03-31,2020-03-31,0,,,,0,2019-09-16,2019-10-30
XM-DAC-46004-44263-016-LN4128,XM-DAC-46004,Asian Development Bank,Multilateral,A01_general,3,Finalisation,KH,40000000.0,0.0,0,,,1.0,2022-03-31,2022-03-31,0,,,,0,2021-11-15,2021-12-08
XM-DAC-46004-44321-013-LN3006,XM-DAC-46004,Asian Development Bank,Multilateral,A01_general,3,Finalisation,KH,0,10389427.74,1,2022,2022,,2017-06-30,2022-08-31,-1888,,,,0,2013-08-30,2013-08-26
XM-DAC-46004-44453-014-LN2926,XM-DAC-46004,Asian Development Bank,Multilateral,A01_general,3,Finalisation,IN,0,200000000.0,1,2014,2014,,2014-11-30,2014-07-24,129,,,,0,2013-04-30,2012-11-06
XM-DAC-46004-45032-001-GRNT0300,XM-DAC-46004,Asian Development Bank,Multilateral,A01_general,3,Finalisation,NR,0,2000000.0,1,2014,2014,,2014-09-30,2014-11-21,-52,,,,0,2012-09-10,2012-09-14
XM-DAC-46004-45230-001-LN2922,XM-DAC-46004,Asian Development Bank,Multilateral,A01_general,3,Finalisation,AM,0,9037947.59,1,2015,2015,,2017-12-31,2015-12-17,745,,,,0,2012-11-15,2013-01-25
XM-DAC-46004-45253-002-LN3318,XM-DAC-46004,Asian Development Bank,Multilateral,A01_general,3,Finalisation,BD,150000000.0,150000000.0,2,2015,2020,0.0,2018-06-30,2020-03-20,-629,,,,0,2015-12-04,2015-11-22
XM-DAC-46004-45253-002-LN3319,XM-DAC-46004,Asian Development Bank,Multilateral,A01_general,3,Finalisation,BD,100000000.0,98094601.29,1,2020,2020,0.019053987099999933,2018-06-30,2020-03-20,-629,,,,0,2015-12-04,2015-11-22
XM-DAC-46004-45260-001-GRNT0322,XM-DAC-46004,Asian Development Bank,Multilateral,A01_general,3,Finalisation,NP,0,7000000.0,1,2014,2014,,2015-12-31,2015-11-15,46,,,,0,2012-11-29,2013-02-25
XM-DAC-46004-45260-001-LN2954,XM-DAC-46004,Asian Development Bank,Multilateral,A01_general,3,Finalisation,BD,0,9472366.7,1,2014,2014,,2015-12-31,2015-11-15,46,,,,0,2012-12-03,2013-01-20
XM-DAC-46004-45260-001-LN2955,XM-DAC-46004,Asian Development Bank,Multilateral,A01_general,3,Finalisation,BT,0,4866863.65,1,2014,2014,,2015-12-31,2015-11-15,46,,,,0,2012-11-29,2013-01-30
XM-DAC-46004-45288-002-LN3187,XM-DAC-46004,Asian Development Bank,Multilateral,A01_general,3,Finalisation,IN,200000000.0,200000000.0,2,2014,2018,0.0,2017-06-30,2018-12-14,-532,,,,0,2014-11-24,2014-11-28
XM-DAC-46004-45395-001-GRNT0318,XM-DAC-46004,Asian Development Bank,Multilateral,A01_general,3,Finalisation,TV,0,0.0,0,,,,2013-12-31,2014-01-24,-24,,,,0,2012-12-22,2012-12-17
XM-DAC-46004-46059-001-LN2905,XM-DAC-46004,Asian Development Bank,Multilateral,A01_general,3,Finalisation,LA,,,,,,,2013-03-31,2013-03-31,0,,,,0,2012-09-27,2012-10-23
XM-DAC-46004-46059-002-LN3205,XM-DAC-46004,Asian Development Bank,Multilateral,A01_general,3,Finalisation,LA,15000000.0,14642647.89,1,2014,2014,0.02382347399999996,2015-06-30,2015-06-30,0,,,,0,2014-12-12,2014-12-11
XM-DAC-46004-46064-002-LN3166,XM-DAC-46004,Asian Development Bank,Multilateral,A01_general,3,Finalisation,KH,7000000.0,6389830.13,2,2015,2018,0.0871671242857143,2017-12-31,2018-07-11,-192,,,,0,2014-12-10,2014-10-27
XM-DAC-46004-46093-001-LN2942,XM-DAC-46004,Asian Development Bank,Multilateral,A01_general,3,Finalisation,ID,,,,,,,2013-03-31,2013-03-31,0,,,,0,2012-12-20,2012-11-26
XM-DAC-46004-46093-004-LN3068,XM-DAC-46004,Asian Development Bank,Multilateral,A01_general,3,Finalisation,ID,0,0.0,0,,,,2014-03-31,2014-02-03,56,,,,0,2014-01-26,2013-11-29
XM-DAC-46004-46220-001-LN3155,XM-DAC-46004,Asian Development Bank,Multilateral,A01_general,3,Finalisation,AM,49000000.0,45563705.67,2,2014,2015,0.07012845571428568,2015-09-30,2015-11-11,-42,,,,0,2014-09-30,2014-10-03
XM-DAC-46004-46220-006-LN3453,XM-DAC-46004,Asian Development Bank,Multilateral,A01_general,3,Finalisation,AM,90000000.0,90000000.0,2,2016,2017,0.0,2017-12-31,2017-12-31,0,,,,0,2016-11-18,2016-11-11
XM-DAC-46004-46239-001-LN2871,XM-DAC-46004,Asian Development Bank,Multilateral,A01_general,3,Finalisation,ID,0,500000000.0,1,2015,2015,,2013-12-31,2016-03-18,-808,,,,0,2012-08-19,2012-07-17
XM-DAC-46004-46371-001-LN2994,XM-DAC-46004,Asian Development Bank,Multilateral,A01_general,3,Finalisation,BT,0,14215475.36,1,2014,2014,,2014-09-30,2014-07-23,69,,,,0,2013-07-31,2013-03-21
XM-DAC-46004-46371-002-GRNT0431,XM-DAC-46004,Asian Development Bank,Multilateral,A01_general,3,Finalisation,BT,16100000.0,16100000.0,1,2015,2015,0.0,2016-12-31,2015-06-18,562,,,,0,2015-06-16,2015-06-15
XM-DAC-46004-46371-002-LN3258,XM-DAC-46004,Asian Development Bank,Multilateral,A01_general,3,Finalisation,BT,20100000.0,19967303.06,1,2017,2017,0.0066018378109453405,2016-12-31,2017-05-30,-150,,,,0,2015-06-16,2015-06-15
XM-DAC-46004-46372-001-LN2984,XM-DAC-46004,Asian Development Bank,Multilateral,A01_general,3,Finalisation,MM,,,,,,,2013-03-31,2013-01-18,72,,,,0,2013-01-18,2013-01-14
XM-DAC-46004-46384-001-GRNT0360,XM-DAC-46004,Asian Development Bank,Multilateral,A01_general,3,Finalisation,WS,0,4000000.0,1,2015,2015,,2015-12-31,2015-10-12,80,,,,0,2013-09-30,2013-10-29
XM-DAC-46004-46385-001-GRNT0359,XM-DAC-46004,Asian Development Bank,Multilateral,A01_general,3,Finalisation,TO,0,0.0,0,,,,2013-12-31,2014-01-24,-24,,,,0,2013-09-30,2013-11-05
XM-DAC-46004-46497-001-GRNT0339,XM-DAC-46004,Asian Development Bank,Multilateral,A01_general,3,Finalisation,SB,0,0.0,0,,,,2013-12-31,2014-01-16,-16,,,,0,2013-06-20,2013-03-26
XM-DAC-46004-46537-002-GRNT0407,XM-DAC-46004,Asian Development Bank,Multilateral,A01_general,3,Finalisation,KG,10000000.0,3000000.0,1,2015,2015,0.7,2018-05-31,2019-01-09,-223,,,,0,2014-10-31,2015-01-23
XM-DAC-46004-47015-001-LN3126,XM-DAC-46004,Asian Development Bank,Multilateral,A01_general,3,Finalisation,PK,400000000.0,399157648.3,1,2014,2014,0.00210587924999997,2015-06-30,2015-06-03,27,,,,0,2014-05-31,2014-04-28
XM-DAC-46004-47015-002-LN3321,XM-DAC-46004,Asian Development Bank,Multilateral,A01_general,3,Finalisation,PK,100000000.0,100000000.0,1,2015,2015,0.0,2016-06-30,2016-06-30,0,,,,0,2015-11-30,2015-11-26
XM-DAC-46004-47015-002-LN3322,XM-DAC-46004,Asian Development Bank,Multilateral,A01_general,3,Finalisation,PK,300000000.0,293988918.9,1,2015,2015,0.02003693700000008,2016-06-30,2016-06-30,0,,,,0,2015-11-30,2015-11-26
XM-DAC-46004-47015-003-LN3537,XM-DAC-46004,Asian Development Bank,Multilateral,A01_general,3,Finalisation,PK,300000000.0,300000000.0,1,2017,2017,0.0,2017-06-30,2017-06-30,0,,,,0,2017-06-16,2017-06-16
XM-DAC-46004-47099-002-GRNT0463,XM-DAC-46004,Asian Development Bank,Multilateral,A01_general,3,Finalisation,TJ,53400000.0,53400000.0,1,2015,2015,0.0,2016-06-30,2016-01-08,174,,,,0,2016-02-05,2015-12-08
XM-DAC-46004-47099-002-LN3343,XM-DAC-46004,Asian Development Bank,Multilateral,A01_general,3,Finalisation,TJ,6600000.0,6552162.4,1,2015,2015,0.0072481212121211554,2016-06-30,2016-01-08,174,,,,0,2016-02-05,2015-12-08
XM-DAC-46004-47099-004-GRNT0530,XM-DAC-46004,Asian Development Bank,Multilateral,A01_general,3,Finalisation,TJ,19240000.0,1924646.45,1,2026,2026,0.8999664007276508,2017-12-31,2017-12-31,0,,,,0,2016-12-28,2017-01-24
XM-DAC-46004-47099-004-LN3513,XM-DAC-46004,Asian Development Bank,Multilateral,A01_general,3,Finalisation,TJ,30760000.0,31613705.23,1,2017,2017,-0.027753746098829662,2017-12-31,2017-12-31,0,,,,0,2016-12-28,2017-01-24
XM-DAC-46004-47136-003-LN3426,XM-DAC-46004,Asian Development Bank,Multilateral,A01_general,3,Finalisation,KH,15000000.0,14633794.56,1,2016,2016,0.024413695999999964,2017-06-30,2017-05-31,30,,,,0,2017-01-08,2016-10-06
XM-DAC-46004-47136-006-LN3719,XM-DAC-46004,Asian Development Bank,Multilateral,A01_general,3,Finalisation,KH,15000000.0,15000000.0,1,2019,2019,0.0,2019-06-30,2019-03-13,109,,,,0,2018-10-31,2018-10-24
XM-DAC-46004-47137-003-LN3279,XM-DAC-46004,Asian Development Bank,Multilateral,A01_general,3,Finalisation,LA,17000000.0,17003711.16,1,2015,2015,-0.00021830352941177347,2016-03-31,2016-03-31,0,,,,0,2015-10-23,2015-10-01
XM-DAC-46004-47137-006-GRNT0572,XM-DAC-46004,Asian Development Bank,Multilateral,A01_general,3,Finalisation,LA,30000000.0,30000000.0,1,2018,2018,0.0,2018-12-31,2018-07-23,161,,,,0,2018-05-20,2018-05-22
XM-DAC-46004-47140-002-LN3493,XM-DAC-46004,Asian Development Bank,Multilateral,A01_general,3,Finalisation,VN,50000000.0,49318771.16,1,2019,2019,0.01362457680000007,2018-06-30,2019-06-24,-359,,,,0,2017-01-28,2017-03-02
XM-DAC-46004-47293-001-LN3227,XM-DAC-46004,Asian Development Bank,Multilateral,A01_general,3,Finalisation,VN,140000000.0,140000000.0,1,2015,2015,0.0,2015-06-30,2015-09-08,-70,,,,0,2015-03-17,2015-02-09
XM-DAC-46004-47293-001-LN3228,XM-DAC-46004,Asian Development Bank,Multilateral,A01_general,3,Finalisation,VN,90000000.0,85533314.41,1,2015,2015,0.04962983988888893,2015-06-30,2015-09-08,-70,,,,0,2015-03-17,2015-02-09
XM-DAC-46004-47314-001-GRNT0416,XM-DAC-46004,Asian Development Bank,Multilateral,A01_general,3,Finalisation,KI,3000000.0,3000000.0,1,2014,2014,0.0,2014-12-31,2014-12-31,0,,,,0,2014-12-04,2014-12-04
XM-DAC-46004-47318-001-GRNT0442,XM-DAC-46004,Asian Development Bank,Multilateral,A01_general,3,Finalisation,TV,2000000.0,2000000.0,1,2015,2015,0.0,2015-10-30,2015-11-24,-25,,,,0,2015-10-30,2015-10-09
XM-DAC-46004-47322-001-GRNT0560,XM-DAC-46004,Asian Development Bank,Multilateral,A01_general,3,Finalisation,KI,5000000.0,5000000.0,1,2017,2017,0.0,2018-05-31,2018-02-19,101,,,,0,2017-12-15,2017-12-15
XM-DAC-46004-47322-002-GRNT0633,XM-DAC-46004,Asian Development Bank,Multilateral,A01_general,3,Finalisation,KI,2500000.0,381923.02,1,2026,2026,0.847230792,2019-03-31,2019-04-03,-3,,,,0,2018-12-13,2018-11-29
XM-DAC-46004-48044-001-LN3190,XM-DAC-46004,Asian Development Bank,Multilateral,A01_general,3,Finalisation,GE,16000000.0,16000000.0,1,2014,2014,0.0,2014-12-31,2015-01-05,-5,,,,0,2014-11-28,2014-11-21
XM-DAC-46004-48044-001-LN3191,XM-DAC-46004,Asian Development Bank,Multilateral,A01_general,3,Finalisation,GE,59000000.0,57496632.48,1,2014,2014,0.02548080542372887,2014-12-31,2015-01-05,-5,,,,0,2014-11-28,2014-11-21
XM-DAC-46004-48044-004-LN3282,XM-DAC-46004,Asian Development Bank,Multilateral,A01_general,3,Finalisation,GE,22000000.0,21369431.23,1,2015,2015,0.028662216818181797,2015-12-31,2015-12-18,13,,,,0,2015-10-21,2015-10-06
XM-DAC-46004-48044-004-LN3283,XM-DAC-46004,Asian Development Bank,Multilateral,A01_general,3,Finalisation,GE,53000000.0,52387764.73,1,2015,2015,0.01155160886792459,2015-12-31,2015-12-18,13,,,,0,2015-10-21,2015-10-06
XM-DAC-46004-48044-005-LN3417,XM-DAC-46004,Asian Development Bank,Multilateral,A01_general,3,Finalisation,GE,50000000.0,50000000.0,1,2016,2016,0.0,2016-12-31,2016-12-30,1,,,,0,2016-12-19,2016-09-01
XM-DAC-46004-48044-005-LN3418,XM-DAC-46004,Asian Development Bank,Multilateral,A01_general,3,Finalisation,GE,50000000.0,48704241.85,1,2016,2016,0.02591516299999997,2016-12-31,2016-12-30,1,,,,0,2016-12-19,2016-09-01
XM-DAC-46004-48065-002-LN3398,XM-DAC-46004,Asian Development Bank,Multilateral,A01_general,3,Finalisation,PK,200000000.0,200000000.0,1,2016,2016,0.0,2017-06-30,2017-06-30,0,,,,0,2016-07-29,2016-06-28
XM-DAC-46004-48065-002-LN3399,XM-DAC-46004,Asian Development Bank,Multilateral,A01_general,3,Finalisation,PK,100000000.0,98630410.44,1,2016,2016,0.013695895600000023,2017-06-30,2017-06-30,0,,,,0,2016-07-29,2016-06-28
XM-DAC-46004-48065-003-LN3538,XM-DAC-46004,Asian Development Bank,Multilateral,A01_general,3,Finalisation,PK,300000000.0,300000000.0,1,2017,2017,0.0,2018-06-30,2018-06-30,0,,,,0,2017-06-30,2017-06-22
XM-DAC-46004-48134-001-LN3164,XM-DAC-46004,Asian Development Bank,Multilateral,A01_general,3,Finalisation,ID,400000000.0,400000000.0,1,2014,2014,0.0,2014-12-31,2014-12-31,0,,,,0,2014-10-24,2014-10-01
XM-DAC-46004-48134-006-LN3402,XM-DAC-46004,Asian Development Bank,Multilateral,A01_general,3,Finalisation,ID,500000000.0,500000000.0,1,2016,2016,0.0,2016-12-31,2016-11-22,39,,,,0,2016-06-15,2016-07-14
XM-DAC-46004-48134-007-LN3670,XM-DAC-46004,Asian Development Bank,Multilateral,A01_general,3,Finalisation,ID,500000000.0,500000000.0,1,2018,2018,0.0,2019-06-30,2018-12-31,181,,,,0,2018-07-09,2018-07-06
XM-DAC-46004-48207-001-LN3274,XM-DAC-46004,Asian Development Bank,Multilateral,A01_general,3,Finalisation,ID,400000000.0,400000000.0,1,2015,2015,0.0,2016-06-30,2016-02-03,148,,,,0,2015-10-15,2015-09-30
XM-DAC-46004-48207-002-LN3541,XM-DAC-46004,Asian Development Bank,Multilateral,A01_general,3,Finalisation,ID,400000000.0,400000000.0,1,2017,2017,0.0,2018-03-31,2017-11-15,136,,,,0,2017-07-14,2017-07-18
XM-DAC-46004-48207-004-LN3779,XM-DAC-46004,Asian Development Bank,Multilateral,A01_general,3,Finalisation,ID,500000000.0,500000000.0,1,2019,2019,0.0,2020-03-31,2019-07-01,274,,,,0,2019-04-29,2019-05-03
XM-DAC-46004-48218-010-LN3847,XM-DAC-46004,Asian Development Bank,Multilateral,A01_general,3,Finalisation,NP,50000000.0,50000000.0,2,2019,2022,0.0,2021-05-31,2023-01-20,-599,,,,0,2019-11-11,2019-12-10
XM-DAC-46004-48361-001-GRNT0479,XM-DAC-46004,Asian Development Bank,Multilateral,A01_general,3,Finalisation,TO,3000000.0,3000000.0,1,2016,2016,0.0,2016-06-30,2016-06-30,0,,,,0,2016-06-03,2016-06-07
XM-DAC-46004-48361-001-LN3393,XM-DAC-46004,Asian Development Bank,Multilateral,A01_general,3,Finalisation,TO,3000000.0,2997695.0,1,2016,2016,0.0007683333333333333,2016-06-30,2016-06-30,0,,,,0,2016-06-03,2016-06-07
XM-DAC-46004-48361-002-GRNT0532,XM-DAC-46004,Asian Development Bank,Multilateral,A01_general,3,Finalisation,TO,2250000.0,0.0,0,,,1.0,2017-09-30,2017-09-11,19,,,,0,2017-05-29,2017-05-31
XM-DAC-46004-48361-002-LN3531,XM-DAC-46004,Asian Development Bank,Multilateral,A01_general,3,Finalisation,TO,2750000.0,2807266.12,1,2017,2017,-0.020824043636363677,2017-09-30,2017-09-11,19,,,,0,2017-05-29,2017-05-31
XM-DAC-46004-48361-003-GRNT0647,XM-DAC-46004,Asian Development Bank,Multilateral,A01_general,3,Finalisation,TO,5000000.0,5000000.0,1,2019,2019,0.0,2019-09-30,2019-10-03,-3,,,,0,2019-06-07,2019-06-07
XM-DAC-46004-48386-004-LN3614,XM-DAC-46004,Asian Development Bank,Multilateral,A01_general,3,Finalisation,AZ,250000000.0,250000000.0,2,2018,2019,0.0,2022-06-30,2019-09-30,1004,,,,0,2018-02-21,2017-12-19
XM-DAC-46004-48427-001-LN3334,XM-DAC-46004,Asian Development Bank,Multilateral,A01_general,3,Finalisation,PH,300000000.0,300000000.0,1,2016,2016,0.0,2016-12-31,2016-08-31,122,,,,0,2016-01-25,2015-12-07
XM-DAC-46004-48427-002-LN3595,XM-DAC-46004,Asian Development Bank,Multilateral,A01_general,3,Finalisation,PH,300000000.0,300000000.0,2,2018,2019,0.0,2018-12-31,2019-02-15,-46,,,,0,2017-12-22,2017-12-06
XM-DAC-46004-48434-005-LN3424,XM-DAC-46004,Asian Development Bank,Multilateral,A01_general,3,Finalisation,IN,125000000.0,125000000.0,2,2018,2019,0.0,2019-12-31,2019-10-25,67,,,,0,2016-12-30,2017-02-23
XM-DAC-46004-48458-001-LN3333,XM-DAC-46004,Asian Development Bank,Multilateral,A01_general,3,Finalisation,PH,300000000.0,300000000.0,1,2016,2016,0.0,2016-12-31,2016-08-31,122,,,,0,2016-01-25,2015-12-07
XM-DAC-46004-48458-003-LN3691,XM-DAC-46004,Asian Development Bank,Multilateral,A01_general,3,Finalisation,PH,300000000.0,300000000.0,1,2019,2019,0.0,2019-10-31,2019-03-29,216,,,,0,2018-09-21,2018-08-28
XM-DAC-46004-48478-001-GRNT0473,XM-DAC-46004,Asian Development Bank,Multilateral,A01_general,3,Finalisation,NR,2000000.0,2000000.0,1,2016,2016,0.0,2016-06-30,2016-12-01,-154,,,,0,2016-05-21,2016-05-01
XM-DAC-46004-48479-001-GRNT0478,XM-DAC-46004,Asian Development Bank,Multilateral,A01_general,3,Finalisation,SB,5000000.0,5000000.0,1,2016,2016,0.0,2017-03-31,2017-03-31,0,,,,0,2016-06-10,2016-07-01
XM-DAC-46004-48490-002-LN3667,XM-DAC-46004,Asian Development Bank,Multilateral,A01_general,3,Finalisation,FJ,15000000.0,15000000.0,1,2018,2018,0.0,2018-08-31,2019-01-02,-124,,,,0,2018-06-12,2018-06-24
XM-DAC-46004-48490-003-LN3812,XM-DAC-46004,Asian Development Bank,Multilateral,A01_general,3,Finalisation,FJ,65000000.0,65000000.0,1,2020,2020,0.0,2020-03-31,2020-02-26,34,,,,0,2019-12-19,2019-12-19
XM-DAC-46004-48490-004-LN3952,XM-DAC-46004,Asian Development Bank,Multilateral,A01_general,3,Finalisation,FJ,200000000.0,200000000.0,1,2020,2020,0.0,2020-10-31,2020-10-15,16,,,,0,2020-08-13,2020-08-13
XM-DAC-46004-49006-003-LN4112,XM-DAC-46004,Asian Development Bank,Multilateral,A01_general,3,Finalisation,GE,100892076.0,0.0,0,,,1.0,2022-06-30,2022-06-30,0,,,,0,2021-10-15,2021-10-15
XM-DAC-46004-49041-002-LN3428,XM-DAC-46004,Asian Development Bank,Multilateral,A01_general,3,Finalisation,KH,26500000.0,25776547.17,1,2016,2016,0.027300106792452764,2017-06-30,2017-04-24,67,,,,0,2016-11-30,2016-10-06
XM-DAC-46004-49041-004-LN4391,XM-DAC-46004,Asian Development Bank,Multilateral,A01_general,3,Finalisation,KH,50000000.0,50000000.0,1,2024,2024,0.0,2024-11-30,2024-04-12,232,,,,0,2023-12-19,2023-12-19
XM-DAC-46004-49043-001-LN3303,XM-DAC-46004,Asian Development Bank,Multilateral,A01_general,3,Finalisation,ID,400000000.0,400000000.0,1,2015,2015,0.0,2015-12-31,2015-12-31,0,,,,0,2015-09-30,2015-10-16
XM-DAC-46004-49043-002-LN3561,XM-DAC-46004,Asian Development Bank,Multilateral,A01_general,3,Finalisation,ID,400000000.0,400000000.0,1,2018,2018,0.0,2018-03-31,2018-01-05,85,,,,0,2017-09-29,2017-09-28
XM-DAC-46004-49043-003-LN4256,XM-DAC-46004,Asian Development Bank,Multilateral,A01_general,3,Finalisation,ID,500000000.0,500000000.0,1,2023,2023,0.0,2023-06-30,2023-06-30,0,,,,0,2022-12-23,2022-12-28
XM-DAC-46004-49083-001-LN3272,XM-DAC-46004,Asian Development Bank,Multilateral,A01_general,3,Finalisation,KZ,1000000000.0,1000000000.0,1,2015,2015,0.0,2016-12-31,2016-01-05,361,,,,0,2015-09-21,2015-11-18
XM-DAC-46004-49117-002-LN3530,XM-DAC-46004,Asian Development Bank,Multilateral,A01_general,3,Finalisation,PH,300000000.0,300000000.0,1,2018,2018,0.0,2018-05-31,2018-02-16,104,,,,0,2017-06-02,2017-11-06
XM-DAC-46004-49117-003-LN3875,XM-DAC-46004,Asian Development Bank,Multilateral,A01_general,3,Finalisation,PH,400000000.0,300000000.0,1,2020,2020,0.25,2020-12-31,2020-01-30,336,,,,0,2019-12-06,2019-12-13
XM-DAC-46004-49117-004-LN4089,XM-DAC-46004,Asian Development Bank,Multilateral,A01_general,3,Finalisation,PH,400000000.0,400000000.0,1,2021,2021,0.0,2022-08-31,2022-08-31,0,,,,0,2021-07-30,2021-08-13
XM-DAC-46004-49209-001-LN3563,XM-DAC-46004,Asian Development Bank,Multilateral,A01_general,3,Finalisation,IN,300000000.0,300000000.0,2,2017,2019,0.0,2019-09-30,2019-11-29,-60,,,,0,2017-12-19,2017-10-24
XM-DAC-46004-49210-001-LN3297,XM-DAC-46004,Asian Development Bank,Multilateral,A01_general,3,Finalisation,MN,150000000.0,150000000.0,2,2015,2016,0.0,2016-12-31,2016-06-15,199,,,,0,2015-10-15,2015-10-28
XM-DAC-46004-49232-001-LN3356,XM-DAC-46004,Asian Development Bank,Multilateral,A01_general,3,Finalisation,CN,300000000.0,300000000.0,1,2016,2016,0.0,2017-06-30,2016-06-03,392,,,,0,2016-03-30,2016-02-23
XM-DAC-46004-49331-001-LN3743,XM-DAC-46004,Asian Development Bank,Multilateral,A01_general,3,Finalisation,VN,100000000.0,100000000.0,1,2020,2020,0.0,2020-06-30,2020-08-15,-46,,,,0,2019-06-30,2019-06-03
XM-DAC-46004-49365-002-LN3446,XM-DAC-46004,Asian Development Bank,Multilateral,A01_general,3,Finalisation,LK,250000000.0,125000000.0,1,2018,2018,0.5,2018-08-31,2022-03-03,-1280,,,,0,2016-11-15,2016-11-24
XM-DAC-46004-50024-002-GRNT0552,XM-DAC-46004,Asian Development Bank,Multilateral,A01_general,3,Finalisation,KG,12000000.0,20000000.0,3,2017,2022,-0.6666666666666666,2021-12-31,2022-02-07,-38,,,,1,2018-01-19,2017-12-13
XM-DAC-46004-50028-001-GRNT0557,XM-DAC-46004,Asian Development Bank,Multilateral,A01_general,3,Finalisation,WS,2900000.0,2900000.0,1,2020,2020,0.0,2022-12-31,2020-05-18,957,,,,0,2017-12-20,2017-12-18
XM-DAC-46004-50028-001-GRNT0558,XM-DAC-46004,Asian Development Bank,Multilateral,A01_general,3,Finalisation,TO,2900000.0,530878.9,1,2026,2026,0.8169383103448277,2022-12-31,2018-08-03,1611,,,,0,2017-12-20,2017-12-15
XM-DAC-46004-50028-001-GRNT0559,XM-DAC-46004,Asian Development Bank,Multilateral,A01_general,3,Finalisation,TV,3000000.0,3000000.0,1,2020,2020,0.0,2022-12-31,2020-03-05,1031,,,,0,2017-12-20,2017-12-15
XM-DAC-46004-50028-001-LN3627,XM-DAC-46004,Asian Development Bank,Multilateral,A01_general,3,Finalisation,WS,3100000.0,3100000.0,1,2022,2022,0.0,2022-12-31,2023-01-30,-30,,,,0,2017-12-20,2017-12-18
XM-DAC-46004-50028-001-LN3628,XM-DAC-46004,Asian Development Bank,Multilateral,A01_general,3,Finalisation,TO,3100000.0,3100000.0,1,2018,2018,0.0,2022-12-31,2018-08-03,1611,,,,0,2017-12-20,2017-12-15
XM-DAC-46004-50028-002-GRNT0666,XM-DAC-46004,Asian Development Bank,Multilateral,A01_general,3,Finalisation,MH,6000000.0,7349431.08,2,2020,2026,-0.22490518,2022-12-31,2020-05-18,957,,,,0,2019-09-30,2019-09-30
XM-DAC-46004-50028-002-GRNT0667,XM-DAC-46004,Asian Development Bank,Multilateral,A01_general,3,Finalisation,SB,3000000.0,3000000.0,1,2020,2020,0.0,2022-12-31,2020-05-18,957,,,,0,2019-09-30,2019-09-30
XM-DAC-46004-50028-002-GRNT0668,XM-DAC-46004,Asian Development Bank,Multilateral,A01_general,3,Finalisation,TO,6000000.0,6000000.0,1,2020,2020,0.0,2022-12-31,2020-05-18,957,,,,0,2019-09-30,2019-09-30
XM-DAC-46004-50028-002-GRNT0669,XM-DAC-46004,Asian Development Bank,Multilateral,A01_general,3,Finalisation,FM,6000000.0,6000000.0,1,2020,2020,0.0,2022-12-31,2020-05-18,957,,,,0,2019-09-30,2019-09-30
XM-DAC-46004-50028-002-LN3830,XM-DAC-46004,Asian Development Bank,Multilateral,A01_general,3,Finalisation,SB,3000000.0,3000000.0,1,2020,2020,0.0,2022-12-31,2020-05-18,957,,,,0,2019-09-30,2019-09-30
XM-DAC-46004-50028-003-GRNT0754,XM-DAC-46004,Asian Development Bank,Multilateral,A01_general,3,Finalisation,SB,5000000.0,5000000.0,1,2022,2022,0.0,2024-03-11,2022-05-30,651,,,,0,2020-12-11,2020-12-11
XM-DAC-46004-50028-003-GRNT0755,XM-DAC-46004,Asian Development Bank,Multilateral,A01_general,3,Finalisation,TO,10000000.0,10000000.0,1,2022,2022,0.0,2024-03-14,2022-05-30,654,,,,0,2020-12-11,2020-12-14
XM-DAC-46004-50028-003-GRNT0756,XM-DAC-46004,Asian Development Bank,Multilateral,A01_general,3,Finalisation,FM,6000000.0,0.0,0,,,1.0,2024-03-11,2022-09-23,535,,,,0,2020-12-11,2020-12-11
XM-DAC-46004-50028-003-GRNT0757,XM-DAC-46004,Asian Development Bank,Multilateral,A01_general,3,Finalisation,VU,5000000.0,5000000.0,1,2022,2022,0.0,2024-03-08,2022-05-30,648,,,,0,2020-12-11,2020-12-08
XM-DAC-46004-50028-003-GRNT0758,XM-DAC-46004,Asian Development Bank,Multilateral,A01_general,3,Finalisation,KI,8000000.0,8000000.0,1,2022,2022,0.0,2024-03-16,2022-05-30,656,,,,0,2020-12-11,2020-12-16
XM-DAC-46004-50028-003-GRNT0759,XM-DAC-46004,Asian Development Bank,Multilateral,A01_general,3,Finalisation,WS,10000000.0,10000000.0,1,2022,2022,0.0,2024-03-08,2022-09-29,526,,,,0,2020-12-11,2020-12-08
XM-DAC-46004-50028-003-GRNT0760,XM-DAC-46004,Asian Development Bank,Multilateral,A01_general,3,Finalisation,TV,4000000.0,-3811249.76,2,2022,2026,1.95281244,2024-03-10,2023-01-30,405,,,,0,2020-12-11,2020-12-10
XM-DAC-46004-50028-003-GRNT0761,XM-DAC-46004,Asian Development Bank,Multilateral,A01_general,3,Finalisation,MH,6000000.0,0.0,0,,,1.0,2024-03-11,2022-09-23,535,,,,0,2020-12-11,2020-12-11
XM-DAC-46004-50028-003-LN4011,XM-DAC-46004,Asian Development Bank,Multilateral,A01_general,2,Implementation,PW,20000000.0,50000.0,1,2021,2021,0.9975,2024-03-14,,,,,,0,2020-12-11,2020-12-15
XM-DAC-46004-50051-001-LN3502,XM-DAC-46004,Asian Development Bank,Multilateral,A01_general,3,Finalisation,VN,82700000.0,0.0,0,,,1.0,2017-12-31,2017-11-07,54,,,,0,2017-01-13,2017-05-26
XM-DAC-46004-50051-001-LN3503,XM-DAC-46004,Asian Development Bank,Multilateral,A01_general,3,Finalisation,VN,117300000.0,117880202.2,1,2018,2018,-0.004946310315430545,2017-12-31,2018-12-31,-365,,,,0,2017-01-13,2017-05-26
XM-DAC-46004-50101-002-LN3832,XM-DAC-46004,Asian Development Bank,Multilateral,A01_general,3,Finalisation,KH,15000000.0,15000000.0,2,2019,2024,0.0,2022-03-31,2024-06-28,-820,,,,0,2019-10-30,2019-10-30
XM-DAC-46004-50145-001-LN3486,XM-DAC-46004,Asian Development Bank,Multilateral,A01_general,3,Finalisation,AZ,500000000.0,500000000.0,1,2016,2016,0.0,2017-02-28,2017-02-02,26,,,,0,2016-12-12,2016-12-08
XM-DAC-46004-50168-001-LN3454,XM-DAC-46004,Asian Development Bank,Multilateral,A01_general,3,Finalisation,ID,500000000.0,500000000.0,1,2016,2016,0.0,2017-06-30,2017-03-03,119,,,,0,2016-11-25,2016-11-17
XM-DAC-46004-50168-002-LN3671,XM-DAC-46004,Asian Development Bank,Multilateral,A01_general,3,Finalisation,ID,500000000.0,500000000.0,1,2018,2018,0.0,2019-06-30,2019-01-10,171,,,,0,2018-07-09,2018-07-06
XM-DAC-46004-50168-003-LN3842,XM-DAC-46004,Asian Development Bank,Multilateral,A01_general,3,Finalisation,ID,500000000.0,500000000.0,1,2019,2019,0.0,2020-08-31,2019-12-16,259,,,,0,2019-11-25,2019-11-01
XM-DAC-46004-50210-001-GRNT0525,XM-DAC-46004,Asian Development Bank,Multilateral,A01_general,3,Finalisation,WS,5000000.0,5000000.0,1,2017,2017,0.0,2017-03-31,2017-06-28,-89,,,,0,2017-01-09,2017-01-11
XM-DAC-46004-50212-001-LN3479,XM-DAC-46004,Asian Development Bank,Multilateral,A01_general,3,Finalisation,CK,10000000.0,0.0,0,,,1.0,2020-06-30,2020-02-11,140,,,,0,2016-12-08,2016-12-09
XM-DAC-46004-50212-003-LN3933,XM-DAC-46004,Asian Development Bank,Multilateral,A01_general,3,Finalisation,CK,9734796.0,10068693.98,1,2020,2020,-0.03429943267429543,2023-09-03,2020-08-17,1112,,,,0,2020-06-02,2020-06-02
XM-DAC-46004-50254-001-LN3546,XM-DAC-46004,Asian Development Bank,Multilateral,A01_general,3,Finalisation,NP,21000000.0,21258703.04,2,2017,2019,-0.012319192380952339,2021-08-01,2020-03-04,515,,,,0,2017-08-11,2017-09-10
XM-DAC-46004-50285-002-LN3758,XM-DAC-46004,Asian Development Bank,Multilateral,A01_general,3,Finalisation,VN,88600000.0,88600000.0,1,2023,2023,0.0,2020-03-31,2023-03-20,-1084,,,,0,2019-07-31,2019-08-06
XM-DAC-46004-50302-001-LN3532,XM-DAC-46004,Asian Development Bank,Multilateral,A01_general,3,Finalisation,MN,150000000.0,150000000.0,2,2017,2018,0.0,2018-09-30,2018-10-30,-30,,,,0,2017-05-31,2017-05-31
XM-DAC-46004-50377-001-GRNT0673,XM-DAC-46004,Asian Development Bank,Multilateral,A01_general,3,Finalisation,TV,4000000.0,4079711.86,2,2019,2026,-0.019927964999999968,2019-12-31,2019-12-04,27,,,,0,2019-11-22,2019-10-31
XM-DAC-46004-50399-003-LN3821,XM-DAC-46004,Asian Development Bank,Multilateral,A01_general,3,Finalisation,LA,10000000.0,10000000.0,1,2019,2019,0.0,2020-06-30,2019-12-02,211,,,,0,2019-11-27,2019-10-30
XM-DAC-46004-51035-001-LN3664,XM-DAC-46004,Asian Development Bank,Multilateral,A01_general,3,Finalisation,PG,100000000.0,100000000.0,1,2018,2018,0.0,2018-10-30,2019-04-03,-155,,,,0,2018-06-12,2018-06-13
XM-DAC-46004-51035-003-LN3857,XM-DAC-46004,Asian Development Bank,Multilateral,A01_general,3,Finalisation,PG,100000000.0,100000000.0,1,2019,2019,0.0,2019-12-31,2020-02-25,-56,,,,0,2019-12-30,2019-11-26
XM-DAC-46004-51035-005-LN4016,XM-DAC-46004,Asian Development Bank,Multilateral,A01_general,3,Finalisation,PG,50000000.0,50000000.0,1,2020,2020,0.0,2020-12-31,2021-02-10,-41,,,,0,2020-12-08,2020-12-08
XM-DAC-46004-51035-005-LN4017,XM-DAC-46004,Asian Development Bank,Multilateral,A01_general,3,Finalisation,PG,100000000.0,100000000.0,1,2020,2020,0.0,2020-12-31,2021-02-10,-41,,,,0,2020-12-08,2020-12-08
XM-DAC-46004-51054-001-LN3533,XM-DAC-46004,Asian Development Bank,Multilateral,A01_general,3,Finalisation,MN,100000000.0,100000000.0,1,2017,2017,0.0,2017-12-31,2017-08-03,150,,,,0,2017-05-31,2017-05-31
XM-DAC-46004-51059-001-LN3616,XM-DAC-46004,Asian Development Bank,Multilateral,A01_general,3,Finalisation,AZ,250000000.0,250000000.0,1,2018,2018,0.0,2018-12-31,2018-12-31,0,,,,0,2018-02-06,2018-06-08
XM-DAC-46004-51059-002-LN3868,XM-DAC-46004,Asian Development Bank,Multilateral,A01_general,3,Finalisation,AZ,250000000.0,250000000.0,1,2019,2019,0.0,2019-12-27,2019-12-27,0,,,,0,2019-12-16,2019-12-16
XM-DAC-46004-51060-002-LN3584,XM-DAC-46004,Asian Development Bank,Multilateral,A01_general,3,Finalisation,AM,40000000.0,40000000.0,1,2017,2017,0.0,2017-12-31,2017-12-30,1,,,,0,2017-11-24,2017-10-27
XM-DAC-46004-51060-003-LN3735,XM-DAC-46004,Asian Development Bank,Multilateral,A01_general,3,Finalisation,AM,50000000.0,50000000.0,1,2018,2018,0.0,2018-12-31,2018-12-31,0,,,,0,2018-11-19,2018-11-09
XM-DAC-46004-51066-001-GRNT0782,XM-DAC-46004,Asian Development Bank,Multilateral,A01_general,3,Finalisation,TJ,50000000.0,301469.14,1,2026,2026,0.9939706172,2021-12-31,2021-12-31,0,,,,0,2020-12-17,2020-12-17
XM-DAC-46004-51066-003-GRNT0870,XM-DAC-46004,Asian Development Bank,Multilateral,A01_general,3,Finalisation,TJ,50000000.0,50000000.0,1,2022,2022,0.0,2023-06-30,2023-06-30,0,,,,0,2022-12-16,2022-12-15
XM-DAC-46004-51129-002-LN3860,XM-DAC-46004,Asian Development Bank,Multilateral,A01_general,3,Finalisation,AM,10000000.0,10146499.85,1,2019,2019,-0.014649984999999963,2020-03-31,2019-12-31,91,,,,0,2019-11-18,2019-11-18
XM-DAC-46004-51132-002-LN3985,XM-DAC-46004,Asian Development Bank,Multilateral,A01_general,3,Finalisation,GE,136215705.0,137490365.75,1,2021,2021,-0.00935766364091424,2021-12-31,2022-03-15,-74,,,,0,2020-10-30,2020-10-15
XM-DAC-46004-51141-002-GRNT0615,XM-DAC-46004,Asian Development Bank,Multilateral,A01_general,3,Finalisation,BT,14000000.0,14000000.0,2,2019,2021,0.0,2023-08-31,2021-12-16,623,,,,0,2018-10-15,2018-11-29
XM-DAC-46004-51199-001-LN3648,XM-DAC-46004,Asian Development Bank,Multilateral,A01_general,3,Finalisation,MN,130000000.0,130000000.0,2,2018,2019,0.0,2019-05-30,2019-10-30,-153,,,,0,2018-05-22,2018-04-04
XM-DAC-46004-51252-003-LN3863,XM-DAC-46004,Asian Development Bank,Multilateral,A01_general,3,Finalisation,BT,30000000.0,30000000.0,1,2019,2019,0.0,2020-05-31,2020-05-31,0,,,,0,2019-12-05,2019-11-28
XM-DAC-46004-51252-004-LN3992,XM-DAC-46004,Asian Development Bank,Multilateral,A01_general,3,Finalisation,BT,30000000.0,30000000.0,1,2020,2020,0.0,2020-12-31,2020-12-31,0,,,,0,2020-11-03,2020-10-29
XM-DAC-46004-51252-005-LN4130,XM-DAC-46004,Asian Development Bank,Multilateral,A01_general,3,Finalisation,BT,30000000.0,30000000.0,1,2021,2021,0.0,2021-12-31,2021-12-31,0,,,,0,2021-11-05,2021-11-03
XM-DAC-46004-51309-001-LN3707,XM-DAC-46004,Asian Development Bank,Multilateral,A01_general,3,Finalisation,PH,300000000.0,300000000.0,1,2019,2019,0.0,2019-12-31,2019-02-20,314,,,,0,2018-10-31,2018-10-09
XM-DAC-46004-51309-002-LN3959,XM-DAC-46004,Asian Development Bank,Multilateral,A01_general,3,Finalisation,PH,300000000.0,300000000.0,1,2020,2020,0.0,2021-08-31,2021-02-01,211,,,,0,2020-08-28,2020-08-27
XM-DAC-46004-51309-003-LN4355,XM-DAC-46004,Asian Development Bank,Multilateral,A01_general,3,Finalisation,PH,300000000.0,300000000.0,1,2023,2023,0.0,2024-08-31,2024-08-31,0,,,,0,2023-11-03,2023-11-03
XM-DAC-46004-51348-001-LN3869,XM-DAC-46004,Asian Development Bank,Multilateral,A01_general,3,Finalisation,UZ,50000000.0,50000000.0,2,2020,2022,0.0,2021-07-31,2023-01-31,-549,,,,0,2019-12-05,2019-12-12
XM-DAC-46004-51350-001-LN3675,XM-DAC-46004,Asian Development Bank,Multilateral,A01_general,3,Finalisation,UZ,300000000.0,300000000.0,1,2018,2018,0.0,2018-12-31,2018-12-31,0,,,,0,2018-07-31,2018-07-27
XM-DAC-46004-51350-003-LN3866,XM-DAC-46004,Asian Development Bank,Multilateral,A01_general,3,Finalisation,UZ,300000000.0,300000000.0,1,2019,2019,0.0,2019-12-31,2019-12-31,0,,,,0,2019-12-12,2019-12-12
XM-DAC-46004-51350-004-LN4292,XM-DAC-46004,Asian Development Bank,Multilateral,A01_general,3,Finalisation,UZ,150000000.0,0.0,0,,,1.0,2023-03-31,2023-03-31,0,,,,0,2023-02-28,2023-02-28
XM-DAC-46004-51350-005-LN4658,XM-DAC-46004,Asian Development Bank,Multilateral,A01_general,3,Finalisation,UZ,500000000.0,500000000.0,1,2025,2025,0.0,2026-03-31,2025-11-26,125,,,,0,2025-10-17,2025-10-16
XM-DAC-46004-52018-001-LN3725,XM-DAC-46004,Asian Development Bank,Multilateral,A01_general,3,Finalisation,PW,15000000.0,15000000.0,1,2020,2020,0.0,2021-12-31,2020-10-13,444,,,,0,2018-11-15,2018-10-17
XM-DAC-46004-52030-001-GRNT0709,XM-DAC-46004,Asian Development Bank,Multilateral,A01_general,3,Finalisation,TO,12200000.0,0.0,0,,,1.0,2020-07-31,2020-07-28,3,,,,0,2020-07-09,2020-06-26
XM-DAC-46004-52049-001-LN3804,XM-DAC-46004,Asian Development Bank,Multilateral,A01_general,3,Finalisation,PK,500000000.0,500000000.0,1,2019,2019,0.0,2020-12-31,2020-12-31,0,,,,0,2019-08-30,2019-08-07
XM-DAC-46004-52049-003-LN4018,XM-DAC-46004,Asian Development Bank,Multilateral,A01_general,3,Finalisation,PK,300000000.0,300000000.0,1,2020,2020,0.0,2021-12-31,2021-12-31,0,,,,0,2020-12-07,2020-11-27
XM-DAC-46004-52073-001-GRNT0703,XM-DAC-46004,Asian Development Bank,Multilateral,A01_general,3,Finalisation,NR,5000000.0,5000000.0,1,2020,2020,0.0,2020-06-30,2020-09-10,-72,,,,0,2020-06-11,2020-06-11
XM-DAC-46004-52074-001-GRNT0629,XM-DAC-46004,Asian Development Bank,Multilateral,A01_general,3,Finalisation,SB,5000000.0,5000000.0,1,2018,2018,0.0,2018-12-31,2019-02-12,-43,,,,0,2018-12-13,2018-11-29
XM-DAC-46004-52145-001-LN3969,XM-DAC-46004,Asian Development Bank,Multilateral,A01_general,3,Finalisation,KH,20000000.0,20000000.0,1,2020,2020,0.0,2021-06-30,2021-06-30,0,,,,0,2020-10-28,2020-10-28
XM-DAC-46004-52145-002-LN4330,XM-DAC-46004,Asian Development Bank,Multilateral,A01_general,3,Finalisation,KH,40000000.0,40000000.0,1,2023,2023,0.0,2023-09-30,2023-12-31,-92,,,,0,2023-09-26,2023-09-26
XM-DAC-46004-52146-001-LN3825,XM-DAC-46004,Asian Development Bank,Multilateral,A01_general,3,Finalisation,LA,45000000.0,45000000.0,1,2019,2019,0.0,2020-08-31,2019-12-31,244,,,,0,2019-10-30,2019-10-30
XM-DAC-46004-52173-001-LN3858,XM-DAC-46004,Asian Development Bank,Multilateral,A01_general,3,Finalisation,PH,300000000.0,400000000.0,1,2020,2020,-0.3333333333333333,2020-12-31,2020-01-30,336,,,,0,2019-11-18,2019-11-20
XM-DAC-46004-52173-003-LN4102,XM-DAC-46004,Asian Development Bank,Multilateral,A01_general,3,Finalisation,PH,400000000.0,400000000.0,1,2022,2022,0.0,2022-08-31,2022-08-31,0,,,,0,2021-11-19,2021-11-19
XM-DAC-46004-52218-001-LN4038,XM-DAC-46004,Asian Development Bank,Multilateral,A01_general,3,Finalisation,ID,500000000.0,500000000.0,1,2021,2021,0.0,2021-10-31,2021-10-31,0,,,,0,2020-12-18,2020-12-22
XM-DAC-46004-52218-002-LN4249,XM-DAC-46004,Asian Development Bank,Multilateral,A01_general,3,Finalisation,ID,500000000.0,500000000.0,1,2023,2023,0.0,2023-11-30,2023-11-30,0,,,,0,2022-12-21,2022-12-28
XM-DAC-46004-52225-001-GRNT0657,XM-DAC-46004,Asian Development Bank,Multilateral,A01_general,3,Finalisation,KG,50000000.0,0.0,0,,,1.0,2020-03-31,2020-03-31,0,,,,0,2019-09-30,2019-10-08
XM-DAC-46004-52225-003-GRNT0800,XM-DAC-46004,Asian Development Bank,Multilateral,A01_general,3,Finalisation,KG,10700000.0,10816807.85,2,2021,2026,-0.010916621495327067,2021-12-31,2021-12-31,0,,,,0,2021-10-15,2021-10-04
XM-DAC-46004-52225-003-LN4114,XM-DAC-46004,Asian Development Bank,Multilateral,A01_general,3,Finalisation,KG,69300000.0,69300000.0,1,2021,2021,0.0,2021-12-31,2021-12-31,0,,,,0,2021-10-15,2021-10-04
XM-DAC-46004-52225-004-GRNT0853,XM-DAC-46004,Asian Development Bank,Multilateral,A01_general,3,Finalisation,KG,25000000.0,-24751628.2,2,2022,2026,1.9900651280000001,2023-10-31,2023-10-31,0,,,,0,2022-10-31,2022-10-03
XM-DAC-46004-52225-004-LN4221,XM-DAC-46004,Asian Development Bank,Multilateral,A01_general,3,Finalisation,KG,25000000.0,25000000.0,1,2022,2022,0.0,2023-10-31,2023-10-31,0,,,,0,2022-10-31,2022-10-03
XM-DAC-46004-52230-001-LN3988,XM-DAC-46004,Asian Development Bank,Multilateral,A01_general,3,Finalisation,CN,50000000.0,50000000.0,2,2021,2023,0.0,2022-07-31,2023-05-09,-282,,,,0,2020-12-16,2020-12-16
XM-DAC-46004-52313-001-GRNT0635,XM-DAC-46004,Asian Development Bank,Multilateral,A01_general,3,Finalisation,PH,5000000.0,36430.47,2,2024,2026,0.9927139060000001,2020-12-31,2024-09-04,-1343,,,,0,2018-12-17,2018-12-17
XM-DAC-46004-52337-001-GRNT0852,XM-DAC-46004,Asian Development Bank,Multilateral,A01_general,2,Implementation,KG,15000000.0,6327140.68,2,2024,2026,0.5781906213333333,2025-12-31,,,,,,0,2023-06-30,2023-07-21
XM-DAC-46004-52339-001-LN4033,XM-DAC-46004,Asian Development Bank,Multilateral,A01_general,3,Finalisation,GE,51412461.0,50839798.78,1,2021,2021,0.01113858797772779,2021-03-31,2021-05-13,-43,,,,0,2020-12-21,2020-12-09
XM-DAC-46004-52339-003-LN4547,XM-DAC-46004,Asian Development Bank,Multilateral,A01_general,2,Implementation,GE,25780818.8107209,9570427.95146108,1,2025,2025,0.6287771919997655,2025-11-30,,,,,,0,2024-12-31,2024-12-02
XM-DAC-46004-53028-001-LN3880,XM-DAC-46004,Asian Development Bank,Multilateral,A01_general,3,Finalisation,MN,160000000.0,160000000.0,2,2019,2020,0.0,2020-09-30,2020-12-22,-83,,,,0,2019-12-31,2019-12-13
XM-DAC-46004-53047-001-LN3925,XM-DAC-46004,Asian Development Bank,Multilateral,A01_general,3,Finalisation,PH,400000000.0,400000000.0,1,2020,2020,0.0,2021-04-30,2020-07-30,274,,,,0,2020-06-04,2020-06-04
XM-DAC-46004-53047-003-LN4185,XM-DAC-46004,Asian Development Bank,Multilateral,A01_general,3,Finalisation,PH,400000000.0,400000000.0,1,2022,2022,0.0,2023-06-30,2023-06-30,0,,,,0,2022-06-01,2022-06-01
XM-DAC-46004-53059-001-LN4220,XM-DAC-46004,Asian Development Bank,Multilateral,A01_general,2,Implementation,CN,28000000.0,13410640.91,1,2023,2023,0.5210485389285714,2026-06-30,,,,,,0,2022-12-23,2022-12-21
XM-DAC-46004-53161-001-LN4123,XM-DAC-46004,Asian Development Bank,Multilateral,A01_general,3,Finalisation,UZ,100000000.0,0.0,0,,,1.0,2021-12-31,2022-03-01,-60,,,,0,2021-12-09,2021-12-09
XM-DAC-46004-53161-003-LN4472,XM-DAC-46004,Asian Development Bank,Multilateral,A01_general,3,Finalisation,UZ,100000000.0,100000000.0,1,2024,2024,0.0,2024-12-31,2024-12-31,0,,,,0,2024-08-15,2024-08-02
XM-DAC-46004-53165-001-LN3881,XM-DAC-46004,Asian Development Bank,Multilateral,A01_general,3,Finalisation,PK,300000000.0,300000000.0,1,2019,2019,0.0,2020-06-30,2020-06-30,0,,,,0,2019-12-09,2019-12-09
XM-DAC-46004-53165-002-LN4159,XM-DAC-46004,Asian Development Bank,Multilateral,A01_general,3,Finalisation,PK,300000000.0,300000000.0,1,2021,2021,0.0,2022-06-30,2022-06-30,0,,,,0,2021-12-21,2021-12-18
XM-DAC-46004-53211-001-LN4137,XM-DAC-46004,Asian Development Bank,Multilateral,A01_general,3,Finalisation,ID,500000000.0,500000000.0,1,2022,2022,0.0,2022-12-31,2022-12-31,0,,,,0,2021-12-15,2021-12-15
XM-DAC-46004-53211-002-LN4350,XM-DAC-46004,Asian Development Bank,Multilateral,A01_general,3,Finalisation,ID,500000000.0,483321003.4,1,2023,2023,0.03335799320000005,2024-06-30,2024-06-30,0,,,,0,2023-10-27,2023-10-06
XM-DAC-46004-53211-003-LN4659,XM-DAC-46004,Asian Development Bank,Multilateral,A01_general,3,Finalisation,ID,73465000000.0,471503754.6,1,2025,2025,0.9935819267052337,2026-06-30,2026-06-30,0,,,,0,2025-11-07,2025-11-07
XM-DAC-46004-53211-003-LN4659-JICA,XM-DAC-46004,Asian Development Bank,Multilateral,A01_general,3,Finalisation,ID,345000000.0,0.0,0,,,1.0,2026-06-30,2026-06-30,0,,,,0,2025-12-01,
XM-DAC-46004-53211-003-LN4659-KfW,XM-DAC-46004,Asian Development Bank,Multilateral,A01_general,3,Finalisation,ID,447380000.0,0.0,0,,,1.0,2026-06-30,2026-06-30,0,,,,0,2025-12-01,2025-12-04
XM-DAC-46004-53221-001-LN3975,XM-DAC-46004,Asian Development Bank,Multilateral,A01_general,3,Finalisation,PK,9796000.0,9796000.0,1,2020,2020,0.0,2021-09-30,2021-09-30,0,,,,0,2020-09-30,2020-09-30
XM-DAC-46004-53221-001-LN3976,XM-DAC-46004,Asian Development Bank,Multilateral,A01_general,3,Finalisation,PK,290204000.0,290204000.0,1,2020,2020,0.0,2021-09-30,2021-09-30,0,,,,0,2020-09-30,2020-09-30
XM-DAC-46004-53221-003-LN4176,XM-DAC-46004,Asian Development Bank,Multilateral,A01_general,3,Finalisation,PK,300000000.0,300000000.0,1,2022,2022,0.0,2022-06-30,2022-06-30,0,,,,0,2022-03-25,2022-03-25
XM-DAC-46004-53247-001-LN3882,XM-DAC-46004,Asian Development Bank,Multilateral,A01_general,3,Finalisation,PK,1000000000.0,1000000000.0,1,2019,2019,0.0,2020-06-30,2020-06-30,0,,,,0,2019-12-11,2019-12-09
XM-DAC-46004-53248-001-LN3859,XM-DAC-46004,Asian Development Bank,Multilateral,A01_general,3,Finalisation,AM,40000000.0,40704189.39,1,2019,2019,-0.017604734750000014,2019-12-31,2019-12-31,0,,,,0,2019-11-15,2019-11-14
XM-DAC-46004-53260-001-LN4177,XM-DAC-46004,Asian Development Bank,Multilateral,A01_general,3,Finalisation,BD,90000000.0,90000000.0,2,2022,2024,0.0,2024-10-31,2024-10-31,0,,,,0,2022-06-30,2022-06-15
XM-DAC-46004-53315-001-GRNT0777,XM-DAC-46004,Asian Development Bank,Multilateral,A01_general,3,Finalisation,TJ,20000000.0,20000000.0,1,2021,2021,0.0,2021-06-30,2021-12-21,-174,,,,0,2020-12-29,2020-12-29
XM-DAC-46004-53353-001-LN3957,XM-DAC-46004,Asian Development Bank,Multilateral,A01_general,3,Finalisation,PH,400000000.0,400000000.0,1,2020,2020,0.0,2021-08-31,2020-11-06,298,,,,0,2020-08-20,2020-08-20
XM-DAC-46004-53353-002-LN4288,XM-DAC-46004,Asian Development Bank,Multilateral,A01_general,3,Finalisation,PH,500000000.0,0.0,0,,,1.0,2023-12-31,2023-03-21,285,,,,0,2023-02-06,2023-02-06
XM-DAC-46004-53424-001-LN4022,XM-DAC-46004,Asian Development Bank,Multilateral,A01_general,3,Finalisation,PG,100000000.0,100000000.0,1,2020,2020,0.0,2021-03-31,2021-03-31,0,,,,0,2020-12-10,2020-12-04
XM-DAC-46004-53424-002-LN4155,XM-DAC-46004,Asian Development Bank,Multilateral,A01_general,3,Finalisation,PG,150000000.0,150000000.0,1,2021,2021,0.0,2022-03-31,2022-03-31,0,,,,0,2021-12-17,2021-12-15
XM-DAC-46004-53424-003-LN4266,XM-DAC-46004,Asian Development Bank,Multilateral,A01_general,3,Finalisation,PG,250000000.0,250000000.0,1,2022,2022,0.0,2023-04-30,2023-03-02,59,,,,0,2022-12-14,2022-12-14
XM-DAC-46004-54001-001-LN4004,XM-DAC-46004,Asian Development Bank,Multilateral,A01_general,3,Finalisation,IN,50000000.0,50000000.0,2,2021,2023,0.0,2022-12-31,2023-09-29,-272,,,,0,2020-11-23,2020-12-02
XM-DAC-46004-54014-001-LN4378,XM-DAC-46004,Asian Development Bank,Multilateral,A01_general,3,Finalisation,GE,15000000.0,15270652.91,1,2023,2023,-0.018043527333333344,2024-06-30,2024-06-30,0,,,,0,2023-11-20,2023-11-17
XM-DAC-46004-54022-001-LN3968,XM-DAC-46004,Asian Development Bank,Multilateral,A01_general,3,Finalisation,PH,500000000.0,500000000.0,1,2021,2021,0.0,2023-12-15,2023-12-15,0,,,,0,2020-09-11,2020-09-15
XM-DAC-46004-54054-001-GRNT0862,XM-DAC-46004,Asian Development Bank,Multilateral,A01_general,3,Finalisation,WS,7500000.0,-7203029.06,2,2022,2026,1.9604038746666665,2023-03-31,2023-09-04,-157,,,,0,2022-11-30,2022-11-22
XM-DAC-46004-54054-002-GRNT0996,XM-DAC-46004,Asian Development Bank,Multilateral,A01_general,3,Finalisation,WS,7850000.0,7850000.0,1,2024,2024,0.0,2025-04-30,2024-12-24,127,,,,0,2024-12-13,2024-12-13
XM-DAC-46004-54117-001-LN3971,XM-DAC-46004,Asian Development Bank,Multilateral,A01_general,3,Finalisation,ID,500000000.0,500000000.0,1,2021,2021,0.0,2023-12-29,2023-12-29,0,,,,0,2020-09-25,2020-09-30
XM-DAC-46004-54138-001-LN3907,XM-DAC-46004,Asian Development Bank,Multilateral,A01_general,3,Finalisation,PH,250000000.0,250000000.0,1,2020,2020,0.0,2021-05-31,2022-01-31,-245,,,,0,2020-04-23,2020-04-23
XM-DAC-46004-54138-001-LN3908,XM-DAC-46004,Asian Development Bank,Multilateral,A01_general,3,Finalisation,PH,500000000.0,500000000.0,1,2020,2020,0.0,2021-05-31,2022-01-31,-245,,,,0,2020-04-23,2020-04-23
XM-DAC-46004-54138-001-LN3909,XM-DAC-46004,Asian Development Bank,Multilateral,A01_general,3,Finalisation,PH,251598614.0,250857465.3,1,2020,2020,0.00294575827830271,2021-05-31,2022-01-31,-245,,,,0,2020-04-24,2020-04-23
XM-DAC-46004-54138-001-LN3910,XM-DAC-46004,Asian Development Bank,Multilateral,A01_general,3,Finalisation,PH,503196143.0,513527108.9,1,2020,2020,-0.020530693733874616,2021-05-31,2022-01-31,-245,,,,0,2020-04-24,2020-04-23
XM-DAC-46004-54139-001-LN3905,XM-DAC-46004,Asian Development Bank,Multilateral,A01_general,3,Finalisation,ID,502638494.0,499722028.8,1,2020,2020,0.005802311670940165,2021-03-31,2022-01-31,-306,,,,0,2020-04-27,2020-04-24
XM-DAC-46004-54139-001-LN3906,XM-DAC-46004,Asian Development Bank,Multilateral,A01_general,3,Finalisation,ID,1005276988.0,1040829840.0,1,2020,2020,-0.03536622485583048,2021-03-31,2022-01-31,-306,,,,0,2020-04-27,2020-04-24
XM-DAC-46004-54151-001-LN4030,XM-DAC-46004,Asian Development Bank,Multilateral,A01_general,3,Finalisation,PW,5000000.0,5000000.0,1,2021,2021,0.0,2021-03-31,2021-05-07,-37,,,,0,2020-12-18,2020-12-10
XM-DAC-46004-54151-003-LN4198,XM-DAC-46004,Asian Development Bank,Multilateral,A01_general,3,Finalisation,PW,5000000.0,5000000.0,1,2022,2022,0.0,2022-10-31,2022-09-23,38,,,,0,2022-08-15,2022-08-15
XM-DAC-46004-54156-001-GRNT0706,XM-DAC-46004,Asian Development Bank,Multilateral,A01_general,3,Finalisation,TJ,50000000.0,0.0,0,,,1.0,2020-12-31,2020-12-31,0,,,,0,2020-06-22,2020-06-23
XM-DAC-46004-54160-001-LN3939,XM-DAC-46004,Asian Development Bank,Multilateral,A01_general,3,Finalisation,UZ,500000000.0,500000000.0,1,2020,2020,0.0,2021-01-29,2021-01-29,0,,,,0,2020-06-26,2020-07-07
XM-DAC-46004-54169-001-GRNT0699,XM-DAC-46004,Asian Development Bank,Multilateral,A01_general,3,Finalisation,KG,25000000.0,25000000.0,1,2020,2020,0.0,2020-12-31,2020-12-31,0,,,,0,2020-05-29,2020-05-05
XM-DAC-46004-54169-001-LN3913,XM-DAC-46004,Asian Development Bank,Multilateral,A01_general,3,Finalisation,KG,25000000.0,25000000.0,1,2020,2020,0.0,2020-12-31,2020-12-31,0,,,,0,2020-05-29,2020-05-05
XM-DAC-46004-54174-001-LN3922,XM-DAC-46004,Asian Development Bank,Multilateral,A01_general,3,Finalisation,MN,100000000.0,100000000.0,1,2020,2020,0.0,2021-06-30,2021-06-30,0,,,,0,2020-05-29,2020-05-14
XM-DAC-46004-54177-001-LN3945,XM-DAC-46004,Asian Development Bank,Multilateral,A01_general,3,Finalisation,TH,500000000.0,500000000.0,1,2021,2021,0.0,2021-06-30,2022-01-31,-215,,,,0,2020-06-27,2020-11-16
XM-DAC-46004-54177-001-LN3949,XM-DAC-46004,Asian Development Bank,Multilateral,A01_general,3,Finalisation,TH,1000000000.0,1000000000.0,1,2021,2021,0.0,2021-06-30,2022-01-31,-215,,,,0,2020-06-27,2020-11-16
XM-DAC-46004-54178-001-GRNT0708,XM-DAC-46004,Asian Development Bank,Multilateral,A01_general,3,Finalisation,SB,10000000.0,0.0,0,,,1.0,2021-06-30,2021-06-03,27,,,,0,2020-06-25,2020-06-26
XM-DAC-46004-54178-001-LN3938,XM-DAC-46004,Asian Development Bank,Multilateral,A01_general,3,Finalisation,SB,10000000.0,10000000.0,1,2020,2020,0.0,2021-06-30,2021-06-03,27,,,,0,2020-06-25,2020-06-26
XM-DAC-46004-54179-001-GRNT0776,XM-DAC-46004,Asian Development Bank,Multilateral,A01_general,3,Finalisation,VU,16925000.0,0.0,0,,,1.0,2021-12-31,2022-06-21,-172,,,,0,2020-12-08,2020-12-08
XM-DAC-46004-54180-001-LN3919,XM-DAC-46004,Asian Development Bank,Multilateral,A01_general,3,Finalisation,BD,250000000.0,250000000.0,1,2020,2020,0.0,2021-12-31,2021-12-31,0,,,,0,2020-05-14,2020-05-11
XM-DAC-46004-54180-001-LN3920,XM-DAC-46004,Asian Development Bank,Multilateral,A01_general,3,Finalisation,BD,250000000.0,250000000.0,1,2020,2020,0.0,2021-12-31,2021-12-31,0,,,,0,2020-05-14,2020-05-11
XM-DAC-46004-54182-001-LN3915,XM-DAC-46004,Asian Development Bank,Multilateral,A01_general,3,Finalisation,IN,500000000.0,500000000.0,1,2020,2020,0.0,2021-06-30,2021-06-30,0,,,,0,2020-04-29,2020-04-28
XM-DAC-46004-54182-001-LN3916,XM-DAC-46004,Asian Development Bank,Multilateral,A01_general,3,Finalisation,IN,1000000000.0,1000000000.0,1,2020,2020,0.0,2021-06-30,2021-06-30,0,,,,0,2020-04-29,2020-04-28
XM-DAC-46004-54183-001-LN3914,XM-DAC-46004,Asian Development Bank,Multilateral,A01_general,3,Finalisation,BT,20000000.0,20000000.0,1,2020,2020,0.0,2021-06-30,2021-07-12,-12,,,,0,2020-05-11,2020-05-06
XM-DAC-46004-54184-001-LN3926,XM-DAC-46004,Asian Development Bank,Multilateral,A01_general,3,Finalisation,NP,250000000.0,250000000.0,1,2020,2020,0.0,2021-07-15,2021-11-30,-138,,,,0,2020-06-01,2020-06-01
XM-DAC-46004-54188-001-LN3940,XM-DAC-46004,Asian Development Bank,Multilateral,A01_general,3,Finalisation,KZ,538797633.0,557332643.1,1,2020,2020,-0.03440068954423195,2021-12-31,2021-12-31,0,,,,0,2020-07-30,2020-08-25
XM-DAC-46004-54188-001-LN3941,XM-DAC-46004,Asian Development Bank,Multilateral,A01_general,3,Finalisation,KZ,538797633.0,557332643.1,1,2020,2020,-0.03440068954423195,2021-12-31,2021-12-31,0,,,,0,2020-07-30,2020-08-25
XM-DAC-46004-54189-001-GRNT0710,XM-DAC-46004,Asian Development Bank,Multilateral,A01_general,3,Finalisation,MV,25000000.0,0.0,0,,,1.0,2021-06-30,2021-06-30,0,,,,0,2020-06-28,2020-06-28
XM-DAC-46004-54189-001-LN3942,XM-DAC-46004,Asian Development Bank,Multilateral,A01_general,3,Finalisation,MV,25000000.0,25000000.0,1,2020,2020,0.0,2021-06-30,2021-06-30,0,,,,0,2020-06-28,2020-06-28
XM-DAC-46004-54191-001-LN3929,XM-DAC-46004,Asian Development Bank,Multilateral,A01_general,3,Finalisation,GE,102242870.0,103821282.8,1,2020,2020,-0.015437876499358802,2020-12-31,2020-12-31,0,,,,0,2020-06-02,2020-06-02
XM-DAC-46004-54192-001-GRNT0772,XM-DAC-46004,Asian Development Bank,Multilateral,A01_general,3,Finalisation,AF,100000000.0,0.0,0,,,1.0,2021-12-31+08:00,2021-12-31+08:00,,100000000.0,USD,5,0,2020-12-06+08:00,2020-12-06+08:00
XM-DAC-46004-54193-001-LN3931,XM-DAC-46004,Asian Development Bank,Multilateral,A01_general,3,Finalisation,PK,500000000.0,500000000.0,1,2020,2020,0.0,2021-06-30,2021-06-30,0,,,,0,2020-06-19,2020-06-19
XM-DAC-46004-54195-001-LN3951,XM-DAC-46004,Asian Development Bank,Multilateral,A01_general,3,Finalisation,KH,250000000.0,250000000.0,1,2020,2020,0.0,2021-06-30,2022-01-31,-215,,,,0,2020-07-09,2020-07-10
XM-DAC-46004-54228-001-LN4056,XM-DAC-46004,Asian Development Bank,Multilateral,A01_general,3,Finalisation,MN,100000000.0,100000000.0,1,2021,2021,0.0,2021-05-14,2021-10-22,-161,,,,0,2021-04-01,2021-04-01
XM-DAC-46004-54243-001-GRNT0718,XM-DAC-46004,Asian Development Bank,Multilateral,A01_general,3,Finalisation,WS,20000000.0,20000000.0,1,2020,2020,0.0,2021-06-30,2020-10-13,260,,,,0,2020-07-31,2020-07-31
XM-DAC-46004-54245-001-LN3955,XM-DAC-46004,Asian Development Bank,Multilateral,A01_general,3,Finalisation,PW,20000000.0,20000000.0,1,2020,2020,0.0,2021-01-31,2020-10-13,110,,,,0,2020-08-07,2020-08-03
XM-DAC-46004-54255-001-LN3960,XM-DAC-46004,Asian Development Bank,Multilateral,A01_general,2,Implementation,MM,250000000.0,250000000.0,2,2020,2021,0.0,2021-09-30,,,,,,0,2020-08-17,2020-09-04
XM-DAC-46004-54269-001-LN3980,XM-DAC-46004,Asian Development Bank,Multilateral,A01_general,3,Finalisation,UZ,200000000.0,200000000.0,1,2020,2020,0.0,2021-02-26,2021-02-26,0,,,,0,2020-10-13,2020-11-10
XM-DAC-46004-54269-002-LN4473,XM-DAC-46004,Asian Development Bank,Multilateral,A01_general,3,Finalisation,UZ,300000000.0,300000000.0,1,2024,2024,0.0,2025-01-31,2025-01-31,0,,,,0,2024-08-02,2024-08-02
XM-DAC-46004-54271-001-LN3993,XM-DAC-46004,Asian Development Bank,Multilateral,A01_general,3,Finalisation,GE,201741975.0,209223966.9,1,2021,2021,-0.03708693691533458,2021-05-31,2021-05-31,0,,,,0,2020-11-12,2020-10-29
XM-DAC-46004-54271-002-LN4246,XM-DAC-46004,Asian Development Bank,Multilateral,A01_general,3,Finalisation,GE,100000000.0,0.0,0,,,1.0,2022-12-31,2022-12-31,0,,,,0,2022-11-25,2022-11-21
XM-DAC-46004-54284-001-LN4063,XM-DAC-46004,Asian Development Bank,Multilateral,A01_general,3,Finalisation,PW,5000000.0,5000000.0,1,2021,2021,0.0,2021-07-31,2021-09-30,-61,,,,0,2021-05-07,2021-05-17
XM-DAC-46004-54284-001-LN4064,XM-DAC-46004,Asian Development Bank,Multilateral,A01_general,3,Finalisation,PW,20000000.0,20000000.0,1,2021,2021,0.0,2021-07-31,2021-09-30,-61,,,,0,2021-05-07,2021-05-17
XM-DAC-46004-54284-002-LN4206,XM-DAC-46004,Asian Development Bank,Multilateral,A01_general,3,Finalisation,PW,30000000.0,30000000.0,1,2022,2022,0.0,2023-01-31,2023-01-20,11,,,,0,2022-09-15,2022-09-15
XM-DAC-46004-54289-001-LN4010,XM-DAC-46004,Asian Development Bank,Multilateral,A01_general,3,Finalisation,CK,21055190.0,21420098.5,1,2020,2020,-0.017331047594441085,2021-01-31,2021-01-31,0,,,,0,2020-12-12,2020-11-26
XM-DAC-46004-54307-001-LN4115,XM-DAC-46004,Asian Development Bank,Multilateral,A01_general,3,Finalisation,BD,250000000.0,0.0,0,,,1.0,2021-12-31,2021-12-31,0,,,,0,2021-10-03,2021-10-04
XM-DAC-46004-54307-002-LN4319,XM-DAC-46004,Asian Development Bank,Multilateral,A01_general,3,Finalisation,BD,400000000.0,400000000.0,1,2023,2023,0.0,2023-12-31,2023-06-22,192,,,,0,2023-06-20,2023-06-14
XM-DAC-46004-54309-001-GRNT0751,XM-DAC-46004,Asian Development Bank,Multilateral,A01_general,3,Finalisation,FM,14000000.0,14000000.0,1,2020,2020,0.0,2021-09-30,2021-02-02,240,,,,0,2020-11-27,2020-11-25
XM-DAC-46004-54346-001-LN4015,XM-DAC-46004,Asian Development Bank,Multilateral,A01_general,3,Finalisation,PG,250000000.0,250000000.0,1,2020,2020,0.0,2021-06-30,2021-06-08,22,,,,0,2020-12-09,2020-12-08
XM-DAC-46004-54358-001-GRNT0766,XM-DAC-46004,Asian Development Bank,Multilateral,A01_general,3,Finalisation,MH,16000000.0,0.0,0,,,1.0,2021-09-30,2021-02-05,237,,,,0,2020-12-01,2020-12-11
XM-DAC-46004-54402-001-LN4323,XM-DAC-46004,Asian Development Bank,Multilateral,A01_general,3,Finalisation,NP,50000000.0,0.0,0,,,1.0,2023-12-31,2023-12-31,0,,,,0,2023-07-05,2023-07-05
XM-DAC-46004-54424-001-LN4427,XM-DAC-46004,Asian Development Bank,Multilateral,A01_general,3,Finalisation,PK,100000000.0,100000000.0,1,2023,2023,0.0,2024-06-30,2024-06-30,0,,,,0,2023-12-13,2023-12-15
XM-DAC-46004-54430-001-LN4285,XM-DAC-46004,Asian Development Bank,Multilateral,A01_general,3,Finalisation,KH,40000000.0,40000000.0,1,2023,2023,0.0,2023-06-30,2023-06-28,2,,,,0,2022-12-22,2022-12-22
XM-DAC-46004-54430-002-LN4654,XM-DAC-46004,Asian Development Bank,Multilateral,A01_general,3,Finalisation,KH,50000000.0,0.0,0,,,1.0,2025-12-31,2025-12-26,5,,,,0,2025-11-21,2025-12-04
XM-DAC-46004-54461-001-LN4144,XM-DAC-46004,Asian Development Bank,Multilateral,A01_general,3,Finalisation,ID,500000000.0,500000000.0,1,2022,2022,0.0,2022-12-31,2022-12-31,0,,,,0,2021-12-20,2021-12-15
XM-DAC-46004-54461-002-LN4377,XM-DAC-46004,Asian Development Bank,Multilateral,A01_general,3,Finalisation,ID,512657363.0,506454883.4,1,2024,2024,0.012098684321442241,2024-12-31,2024-09-10,112,,,,0,2023-12-15,2023-12-14
XM-DAC-46004-54461-003-LN4723,XM-DAC-46004,Asian Development Bank,Multilateral,A01_general,3,Finalisation,ID,430330000.0,506799448.4,1,2026,2026,-0.17769955243650215,2026-06-30,2026-06-30,0,,,,0,2025-12-31,2025-12-24
XM-DAC-46004-54465-001-LN4138,XM-DAC-46004,Asian Development Bank,Multilateral,A01_general,3,Finalisation,IN,250000000.0,0.0,0,,,1.0,2022-01-31,2022-01-31,0,,,,0,2021-11-25,2021-11-25
XM-DAC-46004-54465-002-LN4421,XM-DAC-46004,Asian Development Bank,Multilateral,A01_general,3,Finalisation,IN,250000000.0,250000000.0,1,2024,2024,0.0,2024-06-30,2024-02-08,143,,,,0,2023-12-15,2023-12-15
XM-DAC-46004-55002-001-LN4349,XM-DAC-46004,Asian Development Bank,Multilateral,A01_general,3,Finalisation,NP,100000000.0,100000000.0,1,2023,2023,0.0,2024-02-29,2024-02-29,0,,,,0,2023-10-02,2023-11-24
XM-DAC-46004-55003-001-GRNT0898,XM-DAC-46004,Asian Development Bank,Multilateral,A01_general,3,Finalisation,MV,18700000.0,18700000.0,1,2023,2023,0.0,2024-08-30,2024-08-30,0,,,,0,2023-10-06,2023-09-04
XM-DAC-46004-55011-001-GRNT0871,XM-DAC-46004,Asian Development Bank,Multilateral,A01_general,3,Finalisation,SB,5000000.0,-4806759.01,2,2022,2026,1.961351802,2023-04-30,2023-06-01,-32,,,,0,2022-12-13,2022-12-13
XM-DAC-46004-55011-001-LN4274,XM-DAC-46004,Asian Development Bank,Multilateral,A01_general,3,Finalisation,SB,5000000.0,5000000.0,1,2022,2022,0.0,2023-04-30,2023-06-01,-32,,,,0,2022-12-13,2022-12-13
XM-DAC-46004-55011-002-LN4564,XM-DAC-46004,Asian Development Bank,Multilateral,A01_general,3,Finalisation,SB,30000000.0,30000000.0,1,2024,2024,0.0,2025-04-30,2025-04-30,0,,,,0,2024-12-11,2024-12-11
XM-DAC-46004-55014-001-LN4161,XM-DAC-46004,Asian Development Bank,Multilateral,A01_general,3,Finalisation,CK,37744979.0,37767206.04,1,2021,2021,-0.0005888740857426124,2024-12-31,2022-07-06,909,,,,0,2021-12-15,2021-12-14
XM-DAC-46004-55014-001-LN4162,XM-DAC-46004,Asian Development Bank,Multilateral,A01_general,5,Cancelled,CK,37744979.0,0,0,,,1.0,2024-12-31,,,,,,0,2021-12-14,2021-12-14
XM-DAC-46004-55016-001-GRNT0807,XM-DAC-46004,Asian Development Bank,Multilateral,A01_general,3,Finalisation,TO,5000000.0,5000000.0,1,2021,2021,0.0,2021-12-31,2022-01-20,-20,,,,0,2021-11-17,2021-11-17
XM-DAC-46004-55017-001-GRNT0946,XM-DAC-46004,Asian Development Bank,Multilateral,A01_general,3,Finalisation,NR,5000000.0,5000000.0,1,2024,2024,0.0,2024-09-30,2024-10-08,-8,,,,0,2024-05-31,2024-06-05
XM-DAC-46004-55039-001-LN4405,XM-DAC-46004,Asian Development Bank,Multilateral,A01_general,3,Finalisation,KZ,322658907.04069054,2084359.8643649817,1,2024,2024,0.9935400516803272,2024-12-31,2024-12-31,0,,,,0,2023-12-22,2024-08-23
XM-DAC-46004-55041-001-LN4076,XM-DAC-46004,Asian Development Bank,Multilateral,A01_general,3,Finalisation,BD,250000000.0,0.0,0,,,1.0,2021-09-30,2021-08-26,35,,,,0,2021-06-24,2021-06-22
XM-DAC-46004-55041-003-LN4187,XM-DAC-46004,Asian Development Bank,Multilateral,A01_general,3,Finalisation,BD,250000000.0,0.0,0,,,1.0,2022-09-30,2023-03-31,-182,,,,0,2022-06-14,2022-06-14
XM-DAC-46004-55052-001-GRNT1001,XM-DAC-46004,Asian Development Bank,Multilateral,A01_general,3,Finalisation,VU,7790000.0,7790000.0,1,2024,2024,0.0,2025-04-30,2024-12-23,128,,,,0,2024-11-05,2024-12-16
XM-DAC-46004-55054-001-LN4158,XM-DAC-46004,Asian Development Bank,Multilateral,A01_general,3,Finalisation,IN,350000000.0,0.0,0,,,1.0,2022-06-30,2022-05-03,58,,,,0,2021-12-15,2021-12-17
XM-DAC-46004-55054-002-LN4362,XM-DAC-46004,Asian Development Bank,Multilateral,A01_general,3,Finalisation,IN,400000000.0,400000000.0,1,2023,2023,0.0,2024-04-30,2023-12-27,125,,,,0,2023-11-13,2023-11-13
XM-DAC-46004-55073-001-LN4082,XM-DAC-46004,Asian Development Bank,Multilateral,A01_general,3,Finalisation,AZ,250000000.0,250000000.0,1,2021,2021,0.0,2021-12-31,2022-09-30,-273,,,,0,2021-08-16,2021-11-03
XM-DAC-46004-55080-001-LN4401,XM-DAC-46004,Asian Development Bank,Multilateral,A01_general,3,Finalisation,IN,250000000.0,250000000.0,1,2024,2024,0.0,2024-10-31,2024-03-21,224,,,,0,2023-12-15,2023-12-15
XM-DAC-46004-55103-001-LN4250,XM-DAC-46004,Asian Development Bank,Multilateral,A01_general,3,Finalisation,AM,100000000.0,100000000.0,1,2022,2022,0.0,2023-06-30,2023-06-30,0,,,,0,2022-11-17,2022-11-17
XM-DAC-46004-55103-002-LN4518,XM-DAC-46004,Asian Development Bank,Multilateral,A01_general,3,Finalisation,AM,101940978.60000001,106711852.084488,1,2024,2024,-0.04680035006538573,2025-06-30,2025-06-30,0,,,,0,2024-11-01,2024-11-01
XM-DAC-46004-55105-001-LN4145,XM-DAC-46004,Asian Development Bank,Multilateral,A01_general,3,Finalisation,PH,600000000.0,600000000.0,1,2022,2022,0.0,2022-12-31,2022-12-31,0,,,,0,2021-12-16,2021-12-16
XM-DAC-46004-55105-003-LN4414,XM-DAC-46004,Asian Development Bank,Multilateral,A01_general,3,Finalisation,PH,463115924.0,469526735.9,1,2024,2024,-0.013842780107038549,2024-12-31,2024-12-31,0,,,,0,2023-12-22,2023-12-22
XM-DAC-46004-55116-001-LN4193,XM-DAC-46004,Asian Development Bank,Multilateral,A01_general,3,Finalisation,FJ,60000000.0,60000000.0,1,2022,2022,0.0,2022-12-31,2022-10-31,61,,,,0,2022-06-28,2022-06-24
XM-DAC-46004-55116-001-LN4194,XM-DAC-46004,Asian Development Bank,Multilateral,A01_general,3,Finalisation,FJ,90000000.0,90000000.0,1,2022,2022,0.0,2022-12-31,2022-10-31,61,,,,0,2022-06-28,2022-06-24
XM-DAC-46004-55145-001-LN4452,XM-DAC-46004,Asian Development Bank,Multilateral,A01_general,3,Finalisation,IN,170000000.0,170000000.0,1,2024,2024,0.0,2024-12-31,2024-12-18,13,,,,0,2024-07-01,2024-07-01
XM-DAC-46004-55154-001-LN4275,XM-DAC-46004,Asian Development Bank,Multilateral,A01_general,3,Finalisation,IN,250000000.0,250000000.0,1,2023,2023,0.0,2023-06-30,2023-05-19,42,,,,0,2022-12-28,2022-12-23
XM-DAC-46004-55154-003-LN4559,XM-DAC-46004,Asian Development Bank,Multilateral,A01_general,3,Finalisation,IN,350000000.0,350000000.0,1,2025,2025,0.0,2025-03-31,2025-03-31,0,,,,0,2024-12-13,2024-12-20
XM-DAC-46004-55183-001-LN4450,XM-DAC-46004,Asian Development Bank,Multilateral,A01_general,3,Finalisation,PK,250000000.0,250000000.0,1,2024,2024,0.0,2025-06-30,2025-06-30,0,,,,0,2024-06-10,2024-06-21
XM-DAC-46004-55209-003-LN4356,XM-DAC-46004,Asian Development Bank,Multilateral,A01_general,3,Finalisation,MN,100000000.0,100000000.0,1,2023,2023,0.0,2024-03-31,2024-03-13,18,,,,0,2023-11-06,2023-10-19
XM-DAC-46004-55220-001-LN4477,XM-DAC-46004,Asian Development Bank,Multilateral,A01_general,3,Finalisation,KH,40000000.0,40000000.0,1,2024,2024,0.0,2025-03-31,2024-12-16,105,,,,0,2024-10-02,2024-09-27
XM-DAC-46004-55235-001-LN4251,XM-DAC-46004,Asian Development Bank,Multilateral,A01_general,3,Finalisation,ID,500000000.0,500000000.0,1,2023,2023,0.0,2023-12-31,2023-12-31,0,,,,0,2022-12-28,2022-12-28
XM-DAC-46004-55255-001-LN4267,XM-DAC-46004,Asian Development Bank,Multilateral,A01_general,3,Finalisation,KH,50000000.0,50000000.0,1,2023,2023,0.0,2023-12-31,2023-12-31,0,,,,0,2022-12-06,2022-12-22
XM-DAC-46004-55255-003-LN4549,XM-DAC-46004,Asian Development Bank,Multilateral,A01_general,3,Finalisation,KH,50000000.0,50000000.0,1,2024,2024,0.0,2025-06-30,2025-06-30,0,,,,0,2024-12-17,2024-12-03
XM-DAC-46004-55268-001-LN4186,XM-DAC-46004,Asian Development Bank,Multilateral,A01_general,3,Finalisation,PH,250000000.0,250000000.0,1,2022,2022,0.0,2023-07-31,2023-07-31,0,,,,0,2022-06-01,2022-06-01
XM-DAC-46004-55268-003-LN4550,XM-DAC-46004,Asian Development Bank,Multilateral,A01_general,3,Finalisation,PH,511721631.0,0.0,0,,,1.0,2025-12-31,2025-12-31,0,,,,0,2024-12-11,2024-12-11
XM-DAC-46004-55300-001-LN4289,XM-DAC-46004,Asian Development Bank,Multilateral,A01_general,3,Finalisation,PH,500000000.0,500000000.0,1,2023,2023,0.0,2023-12-31,2023-12-31,0,,,,0,2023-02-06,2023-02-06
XM-DAC-46004-55300-002-LN4581,XM-DAC-46004,Asian Development Bank,Multilateral,A01_general,3,Finalisation,PH,500000000.0,500000000.0,1,2025,2025,0.0,2025-12-31,2025-11-15,46,,,,0,2025-03-11,2025-03-11
XM-DAC-46004-55360-001-LN4331,XM-DAC-46004,Asian Development Bank,Multilateral,A01_general,3,Finalisation,KH,20000000.0,20000000.0,1,2023,2023,0.0,2024-02-28,2024-02-28,0,,,,0,2023-09-30,2023-09-26
XM-DAC-46004-56006-001-LN4406,XM-DAC-46004,Asian Development Bank,Multilateral,A01_general,3,Finalisation,PK,300000000.0,0.0,0,,,1.0,2024-03-31,2024-06-30,-91,,,,0,2023-12-15,2023-12-15
XM-DAC-46004-56006-003-GRNT4598,XM-DAC-46004,Asian Development Bank,Multilateral,A01_general,2,Implementation,PK,500000000.0,0.0,0,,,1.0,2026-06-30,,,,,,0,2025-06-04,2025-06-18
XM-DAC-46004-56006-003-LN4597,XM-DAC-46004,Asian Development Bank,Multilateral,A01_general,2,Implementation,PK,300000000.0,300000000.0,1,2025,2025,0.0,2026-06-01,,,,,,0,2025-06-04,2025-06-04
XM-DAC-46004-56010-001-LN4229,XM-DAC-46004,Asian Development Bank,Multilateral,A01_general,3,Finalisation,BT,37350000.0,37350000.0,1,2022,2022,0.0,2022-12-31,2022-12-31,0,,,,0,2022-10-24,2022-10-18
XM-DAC-46004-56010-002-LN4453,XM-DAC-46004,Asian Development Bank,Multilateral,A01_general,3,Finalisation,BT,40000000.0,40000000.0,1,2024,2024,0.0,2024-08-31,2024-08-31,0,,,,0,2024-06-25,2024-06-20
XM-DAC-46004-56023-001-LN4746,XM-DAC-46004,Asian Development Bank,Multilateral,A01_general,3,Finalisation,PG,50000000.0,50000000.0,1,2025,2025,0.0,2026-03-31,2026-03-31,0,,,,0,2025-12-16,2025-12-18
XM-DAC-46004-56069-001-LN4444,XM-DAC-46004,Asian Development Bank,Multilateral,A01_general,3,Finalisation,GE,49310663.0,27272180.78,1,2025,2025,0.4469313710099578,2025-07-31,2025-10-21,-82,,,,0,2024-05-03,2024-04-24
XM-DAC-46004-56138-001-GRNT0881,XM-DAC-46004,Asian Development Bank,Multilateral,A01_general,2,Implementation,WS,10000000.0,0.0,0,,,1.0,2026-06-19,,,,,,0,2023-03-17,2023-03-21
XM-DAC-46004-56138-001-GRNT0882,XM-DAC-46004,Asian Development Bank,Multilateral,A01_general,3,Finalisation,KI,8000000.0,57038.0,1,2026,2026,0.99287025,2025-12-31,2023-11-30,762,,,,0,2023-03-17,2023-03-24
XM-DAC-46004-56138-001-GRNT0883,XM-DAC-46004,Asian Development Bank,Multilateral,A01_general,2,Implementation,TO,10000000.0,2898745.87,1,2026,2026,0.710125413,2026-06-13,,,,,,0,2023-03-17,2023-03-15
XM-DAC-46004-56138-001-GRNT0884,XM-DAC-46004,Asian Development Bank,Multilateral,A01_general,2,Implementation,SB,5000000.0,5000000.0,1,2026,2026,0.0,2026-06-12,,,,,,0,2023-03-17,2023-03-14
XM-DAC-46004-56138-001-LN4300,XM-DAC-46004,Asian Development Bank,Multilateral,A01_general,2,Implementation,SB,5000000.0,5000000.0,1,2026,2026,0.0,2026-06-12,,,,,,0,2023-03-17,2023-03-14
XM-DAC-46004-56138-002-GRNT0950,XM-DAC-46004,Asian Development Bank,Multilateral,A01_general,2,Implementation,FM,6000000.0,6000000.0,1,2024,2024,0.0,2027-03-31,,,,,,0,2024-07-05,2024-08-15
XM-DAC-46004-56138-002-GRNT0951,XM-DAC-46004,Asian Development Bank,Multilateral,A01_general,2,Implementation,MH,6000000.0,0.0,0,,,1.0,2027-03-31,,,,,,0,2024-07-05,2024-08-06
XM-DAC-46004-56138-002-GRNT0952,XM-DAC-46004,Asian Development Bank,Multilateral,A01_general,2,Implementation,TV,4000000.0,0.0,0,,,1.0,2027-03-31,,,,,,0,2024-07-05,2024-07-26
XM-DAC-46004-56138-002-GRNT0953,XM-DAC-46004,Asian Development Bank,Multilateral,A01_general,2,Implementation,VU,5000000.0,5000000.0,1,2024,2024,0.0,2027-03-31,,,,,,0,2024-07-05,2024-09-16
XM-DAC-46004-56138-002-LN4459,XM-DAC-46004,Asian Development Bank,Multilateral,A01_general,2,Implementation,CK,20828715.0,0.0,0,,,1.0,2027-03-31,,,,,,0,2024-07-05,2024-09-23
XM-DAC-46004-56140-001-GRNT1064,XM-DAC-46004,Asian Development Bank,Multilateral,A01_general,2,Implementation,ID,3000000.0,0.0,0,,,1.0,2031-12-31,,,,,,0,2025-12-29,2025-12-23
XM-DAC-46004-56144-001-LN4202,XM-DAC-46004,Asian Development Bank,Multilateral,A01_general,3,Finalisation,MN,100000000.0,100000000.0,1,2022,2022,0.0,2023-06-30,2022-10-01,272,,,,0,2022-09-19,2022-08-26
XM-DAC-46004-56147-001-GRNT0857,XM-DAC-46004,Asian Development Bank,Multilateral,A01_general,3,Finalisation,TJ,50000000.0,-50000000.0,1,2022,2022,2.0,2023-04-30,2023-04-30,0,,,,0,2022-11-04,2022-11-04
XM-DAC-46004-56148-001-LN4234,XM-DAC-46004,Asian Development Bank,Multilateral,A01_general,3,Finalisation,PK,1250000000.0,1250000000.0,1,2022,2022,0.0,2023-12-31,2023-12-31,0,,,,0,2022-10-28,2022-10-24
XM-DAC-46004-56148-001-LN4235,XM-DAC-46004,Asian Development Bank,Multilateral,A01_general,3,Finalisation,PK,250000000.0,250000000.0,1,2022,2022,0.0,2023-12-31,2023-12-31,0,,,,0,2022-10-28,2022-10-24
XM-DAC-46004-56149-001-LN4225,XM-DAC-46004,Asian Development Bank,Multilateral,A01_general,3,Finalisation,UZ,500000000.0,500000000.0,1,2022,2022,0.0,2023-01-31,2023-01-31,0,,,,0,2022-10-14,2022-11-03
XM-DAC-46004-56150-001-GRNT0860,XM-DAC-46004,Asian Development Bank,Multilateral,A01_general,3,Finalisation,KG,25000000.0,-24879307.66,2,2022,2026,1.9951723063999998,2023-03-31,2023-03-31,0,,,,0,2022-11-30,2022-11-11
XM-DAC-46004-56150-001-LN4241,XM-DAC-46004,Asian Development Bank,Multilateral,A01_general,3,Finalisation,KG,25000000.0,25000000.0,1,2022,2022,0.0,2023-03-31,2023-03-31,0,,,,0,2022-11-30,2022-11-11
XM-DAC-46004-56253-001-LN4423,XM-DAC-46004,Asian Development Bank,Multilateral,A01_general,3,Finalisation,BD,400000000.0,0.0,0,,,1.0,2024-06-30,2024-09-30,-92,,,,0,2023-12-13,2023-12-11
XM-DAC-46004-56253-004-LN4606,XM-DAC-46004,Asian Development Bank,Multilateral,A01_general,3,Finalisation,BD,400000000.0,400000000.0,1,2025,2025,0.0,2025-06-30,2025-06-30,0,,,,0,2025-06-20,2025-06-20
XM-DAC-46004-56257-001-LN4617,XM-DAC-46004,Asian Development Bank,Multilateral,A01_general,3,Finalisation,ID,72725000000.0,466754380.3,1,2025,2025,0.9935819267060845,2026-06-30,2026-06-30,0,,,,0,2025-09-30,2025-08-27
XM-DAC-46004-56270-001-LN4538,XM-DAC-46004,Asian Development Bank,Multilateral,A01_general,3,Finalisation,MN,30000000.0,30000000.0,1,2024,2024,0.0,2025-08-31,2025-08-31,0,,,,0,2024-11-29,2024-11-20
XM-DAC-46004-56270-001-LN4539,XM-DAC-46004,Asian Development Bank,Multilateral,A01_general,3,Finalisation,MN,70000000.0,70000000.0,1,2024,2024,0.0,2025-08-31,2025-08-31,0,,,,0,2024-11-29,2024-11-20
XM-DAC-46004-56281-001-LN4479,XM-DAC-46004,Asian Development Bank,Multilateral,A01_general,3,Finalisation,LK,100000000.0,100000000.0,1,2024,2024,0.0,2025-01-31,2024-10-07,116,,,,0,2024-09-20,2024-09-20
XM-DAC-46004-56284-001-GRNT0914,XM-DAC-46004,Asian Development Bank,Multilateral,A01_general,3,Finalisation,KI,5000000.0,0.0,0,,,1.0,2024-02-29,2024-03-06,-6,,,,0,2023-11-24,2023-11-24
XM-DAC-46004-56284-002-GRNT1081,XM-DAC-46004,Asian Development Bank,Multilateral,A01_general,3,Finalisation,KI,10000000.0,10000000.0,1,2025,2025,0.0,2025-12-30,2025-12-31,-1,,,,0,2025-12-05,2025-12-05
XM-DAC-46004-56285-001-LN4422,XM-DAC-46004,Asian Development Bank,Multilateral,A01_general,3,Finalisation,LK,200000000.0,0.0,0,,,1.0,2023-12-31,2023-12-31,0,,,,0,2023-12-06,2023-12-11
XM-DAC-46004-56288-001-LN4376,XM-DAC-46004,Asian Development Bank,Multilateral,A01_general,3,Finalisation,PH,400000000.0,400000000.0,1,2024,2024,0.0,2024-12-31,2024-12-31,0,,,,0,2023-12-15,2023-12-15
XM-DAC-46004-56299-001-GRNT0955,XM-DAC-46004,Asian Development Bank,Multilateral,A01_general,3,Finalisation,TJ,50000000.0,50000000.0,1,2024,2024,0.0,2025-06-30,2025-06-30,0,,,,0,2024-08-30,2024-08-12
XM-DAC-46004-56332-001-LN4464,XM-DAC-46004,Asian Development Bank,Multilateral,A01_general,3,Finalisation,LK,100000000.0,100000000.0,1,2024,2024,0.0,2025-02-28,2025-01-09,50,,,,0,2024-07-31,2024-08-05
XM-DAC-46004-56332-002-LN4709,XM-DAC-46004,Asian Development Bank,Multilateral,A01_general,2,Implementation,LK,100000000.0,100000000.0,1,2025,2025,0.0,2026-03-31,,,,,,0,2025-12-29,2025-12-05
XM-DAC-46004-56343-001-LN4393,XM-DAC-46004,Asian Development Bank,Multilateral,A01_general,3,Finalisation,IN,150000000.0,150000000.0,1,2024,2024,0.0,2024-09-30,2024-12-18,-79,,,,0,2024-08-21,2024-08-21
XM-DAC-46004-56358-001-GRNT0943,XM-DAC-46004,Asian Development Bank,Multilateral,A01_general,3,Finalisation,TO,10000000.0,10000000.0,1,2024,2024,0.0,2024-06-30,2024-07-04,-4,,,,0,2024-04-11,2024-04-11
XM-DAC-46004-56358-002-GRNT1051,XM-DAC-46004,Asian Development Bank,Multilateral,A01_general,3,Finalisation,TO,10000000.0,10000000.0,1,2025,2025,0.0,2025-12-30,2025-12-17,13,,,,0,2025-10-30,2025-10-30
XM-DAC-46004-56368-001-LN4487,XM-DAC-46004,Asian Development Bank,Multilateral,A01_general,3,Finalisation,ID,523525815.0,549230920.5528,1,2024,2024,-0.049099977147831875,2025-06-30,2025-06-30,0,,,,0,2024-12-30,2024-10-25
XM-DAC-46004-57018-001-LN4449,XM-DAC-46004,Asian Development Bank,Multilateral,A01_general,3,Finalisation,ID,525699790.20000005,551511637.93512,1,2024,2024,-0.049099977242334336,2025-06-30,2025-06-30,0,,,,0,2024-12-20,2024-10-25
XM-DAC-46004-57035-001-LN4315,XM-DAC-46004,Asian Development Bank,Multilateral,A01_general,3,Finalisation,LK,350000000.0,350000000.0,1,2023,2023,0.0,2023-10-31,2023-05-31,153,,,,0,2023-05-29,2023-05-29
XM-DAC-46004-57067-001-LN4568,XM-DAC-46004,Asian Development Bank,Multilateral,A01_general,3,Finalisation,PG,100000000.0,100000000.0,1,2024,2024,0.0,2025-05-31,2024-12-20,162,,,,0,2024-12-13,2024-12-16
XM-DAC-46004-57075-001-LN4660,XM-DAC-46004,Asian Development Bank,Multilateral,A01_general,2,Implementation,PH,381506939.0,0.0,0,,,1.0,2026-12-31,,,,,,0,2025-10-31,2025-11-06
XM-DAC-46004-57084-001-LN4563,XM-DAC-46004,Asian Development Bank,Multilateral,A01_general,3,Finalisation,CK,28089107.23361003,15816971.850471511,1,2024,2024,0.4369001578111493,2025-01-31,2024-12-24,38,,,,0,2024-12-16,2024-12-18
XM-DAC-46004-57121-001-LN4448,XM-DAC-46004,Asian Development Bank,Multilateral,A01_general,3,Finalisation,PW,12500000.0,12500000.0,1,2024,2024,0.0,2024-09-30,2024-10-04,-4,,,,0,2024-05-30,2024-06-03
XM-DAC-46004-57193-001-GRNT0954,XM-DAC-46004,Asian Development Bank,Multilateral,A01_general,3,Finalisation,KG,7000000.0,7011360.71,2,2024,2026,-0.001622958571428566,2025-06-30,2025-06-30,0,,,,0,2024-09-26,2024-07-04
XM-DAC-46004-57193-001-LN4462,XM-DAC-46004,Asian Development Bank,Multilateral,A01_general,3,Finalisation,KG,43000000.0,43000000.0,1,2024,2024,0.0,2025-06-30,2025-06-30,0,,,,0,2024-09-26,2024-07-04
XM-DAC-46004-57194-001-LN4451,XM-DAC-46004,Asian Development Bank,Multilateral,A01_general,3,Finalisation,BD,250000000.0,250000000.0,1,2024,2024,0.0,2024-11-30,2024-10-15,46,,,,0,2024-06-13,2024-06-10
XM-DAC-46004-57194-002-LN4774,XM-DAC-46004,Asian Development Bank,Multilateral,A01_general,1,Pipeline/identification,BD,250000000.0,0,0,,,1.0,2026-06-30,,,,,,0,2026-05-24,2026-05-24
XM-DAC-46004-57227-001-LN4669,XM-DAC-46004,Asian Development Bank,Multilateral,A01_general,2,Implementation,LK,70000000.0,0.0,0,,,1.0,2026-04-30,,,,,,0,2025-11-17,2025-11-17
XM-DAC-46004-57245-001-LN4489,XM-DAC-46004,Asian Development Bank,Multilateral,A01_general,3,Finalisation,UZ,200000000.0,200000000.0,1,2024,2024,0.0,2025-03-31,2025-03-31,0,,,,0,2024-09-23,2024-09-20
XM-DAC-46004-57264-001-LN4471,XM-DAC-46004,Asian Development Bank,Multilateral,A01_general,3,Finalisation,FJ,70000000.0,70000000.0,1,2024,2024,0.0,2024-12-31,2024-12-31,0,,,,0,2024-07-29,2024-08-01
XM-DAC-46004-57309-001-LN4580,XM-DAC-46004,Asian Development Bank,Multilateral,A01_general,2,Implementation,PH,500000000.0,200000000.0,1,2025,2025,0.6,2029-12-31,,,,,,0,2025-02-10,2025-02-25
XM-DAC-46004-57337-001-LN4535,XM-DAC-46004,Asian Development Bank,Multilateral,A01_general,3,Finalisation,NP,100000000.0,100000000.0,1,2025,2025,0.0,2025-06-30,2025-06-30,0,,,,0,2024-11-22,2024-12-20
XM-DAC-46004-58003-001-LN4572,XM-DAC-46004,Asian Development Bank,Multilateral,A01_general,3,Finalisation,PH,500000000.0,0.0,0,,,1.0,2025-12-31,2025-12-31,0,,,,0,2024-12-12,2024-12-20
XM-DAC-46004-58020-001-LN4571,XM-DAC-46004,Asian Development Bank,Multilateral,A01_general,3,Finalisation,BD,565745992.6017263,3619384.5092478422,1,2024,2024,0.993602456656205,2024-12-31,2024-12-31,0,,,,0,2024-12-17,2024-12-18
XM-DAC-46004-58020-002-LN4780,XM-DAC-46004,Asian Development Bank,Multilateral,A01_general,2,Implementation,BD,450000000.0,0.0,0,,,1.0,2026-06-30,,,,,,0,2026-05-25,2026-05-24
XM-DAC-46004-58020-002-LN4781,XM-DAC-46004,Asian Development Bank,Multilateral,A01_general,2,Implementation,BD,300000000.0,300000000.0,1,2026,2026,0.0,2026-06-30,,,,,,0,2026-05-25,2026-05-24
XM-DAC-46004-58023-001-LN4679,XM-DAC-46004,Asian Development Bank,Multilateral,A01_general,3,Finalisation,LK,100000000.0,100000000.0,1,2025,2025,0.0,2025-12-31,2025-12-31,0,,,,0,2025-11-17,2025-11-17
XM-DAC-46004-58054-001-LN4514,XM-DAC-46004,Asian Development Bank,Multilateral,A01_general,3,Finalisation,PK,500000000.0,500000000.0,1,2024,2024,0.0,2024-11-30,2024-11-30,0,,,,0,2024-11-08,2024-11-18
XM-DAC-46004-58125-001-LN4544,XM-DAC-46004,Asian Development Bank,Multilateral,A01_general,3,Finalisation,UZ,125000000.0,125000000.0,1,2024,2024,0.0,2025-06-30,2025-06-30,0,,,,0,2024-12-06,2024-11-20
XM-DAC-46004-58125-001-LN4545,XM-DAC-46004,Asian Development Bank,Multilateral,A01_general,3,Finalisation,UZ,125000000.0,125000000.0,1,2024,2024,0.0,2025-06-30,2025-06-30,0,,,,0,2024-12-06,2024-11-20
XM-DAC-46004-58165-001-LN4557,XM-DAC-46004,Asian Development Bank,Multilateral,A01_general,3,Finalisation,ID,478259784.0,483269601.0,1,2025,2025,-0.010475095685653553,2025-12-31,2025-12-31,0,,,,0,2024-12-31,2024-12-30
XM-DAC-46004-58208-001-LN4543,XM-DAC-46004,Asian Development Bank,Multilateral,A01_general,3,Finalisation,LK,200000000.0,200000000.0,1,2024,2024,0.0,2024-12-31,2024-12-31,0,,,,0,2024-11-29,2024-11-27
XM-DAC-46004-58326-001-GRNT1044,XM-DAC-46004,Asian Development Bank,Multilateral,A01_general,3,Finalisation,KG,10000000.0,0.0,0,,,1.0,2026-03-31,2026-03-31,0,,,,0,2025-10-31,2025-10-06
XM-DAC-46004-58326-001-LN4651,XM-DAC-46004,Asian Development Bank,Multilateral,A01_general,3,Finalisation,KG,40000000.0,0.0,0,,,1.0,2026-03-31,2026-03-31,0,,,,0,2025-10-31,2025-10-06
XM-DAC-46004-58379-001-LN4725,XM-DAC-46004,Asian Development Bank,Multilateral,A01_general,2,Implementation,PH,75950000000.0,481488525.4,1,2026,2026,0.9936604539117841,2026-07-31,,,,,,0,2025-12-31,2025-12-30
XM-DAC-46004-58379-001-LN4725-KfW,XM-DAC-46004,Asian Development Bank,Multilateral,A01_general,2,Implementation,PH,234920000.0,0.0,0,,,1.0,2026-07-31,,,,,,0,2025-12-17,2025-12-26
XM-DAC-46004-58417-001-GRNT1080,XM-DAC-46004,Asian Development Bank,Multilateral,A01_general,3,Finalisation,TJ,50000000.0,50000000.0,1,2025,2025,0.0,2026-05-31,2026-05-31,0,,,,0,2025-12-02,2025-12-02
XM-DAC-46004-58438-001-LN4681,XM-DAC-46004,Asian Development Bank,Multilateral,A01_general,2,Implementation,UZ,100000000.0,100000000.0,1,2025,2025,0.0,2026-05-31,,,,,,0,2025-11-19,2025-11-17
XM-DAC-46004-58438-001-LN4682,XM-DAC-46004,Asian Development Bank,Multilateral,A01_general,2,Implementation,UZ,200000000.0,200000000.0,1,2025,2025,0.0,2026-05-31,,,,,,0,2025-11-19,2025-11-17
XM-DAC-46004-58446-001-LN4605,XM-DAC-46004,Asian Development Bank,Multilateral,A01_general,3,Finalisation,BD,500000000.0,500000000.0,1,2025,2025,0.0,2025-06-30,2025-06-30,0,,,,0,2025-06-30,2025-06-20
XM-DAC-46004-58452-001-LN4622,XM-DAC-46004,Asian Development Bank,Multilateral,A01_general,2,Implementation,KH,50000000.0,0.0,0,,,1.0,2026-08-29,,,,,,0,2025-09-04,2025-09-30
XM-DAC-46004-58475-001-LN4760,XM-DAC-46004,Asian Development Bank,Multilateral,A01_general,1,Pipeline/identification,AM,150000000.0,0,0,,,1.0,2026-06-30,,,,,,0,2026-03-06,2026-05-21
XM-DAC-46004-58479-001-LN4748,XM-DAC-46004,Asian Development Bank,Multilateral,A01_general,2,Implementation,PG,100000000.0,100000000.0,1,2025,2025,0.0,2026-05-31,,,,,,0,2025-12-31,2025-12-18
XM-DAC-46004-58508-001-LN4608,XM-DAC-46004,Asian Development Bank,Multilateral,A01_general,2,Implementation,PK,300000000.0,300000000.0,1,2025,2025,0.0,2026-05-31,,,,,,0,2025-06-24,2025-06-24
XM-DAC-46004-58508-001-LN4609,XM-DAC-46004,Asian Development Bank,Multilateral,A01_general,2,Implementation,PK,50000000.0,50000000.0,2,2025,2026,0.0,2030-12-31,,,,,,0,2025-06-24,2025-06-24
XM-DAC-46004-58522-001-GRNT1030,XM-DAC-46004,Asian Development Bank,Multilateral,A01_general,2,Implementation,BT,12000000.0,12000000.0,1,2026,2026,0.0,2026-04-30,,,,,,0,2026-02-27,2026-02-12
XM-DAC-46004-58522-001-LN4752,XM-DAC-46004,Asian Development Bank,Multilateral,A01_general,2,Implementation,BT,13000000.0,13000000.0,1,2026,2026,0.0,2026-04-30,,,,,,0,2026-02-27,2026-02-12
XM-DAC-46004-58538-001-LN4693,XM-DAC-46004,Asian Development Bank,Multilateral,A01_general,3,Finalisation,KH,50000000.0,50000000.0,1,2025,2025,0.0,2026-02-28,2026-02-28,0,,,,0,2025-12-12,2025-12-04
XM-DAC-46004-58547-001-GRNT1086,XM-DAC-46004,Asian Development Bank,Multilateral,A01_general,2,Implementation,VU,10000000.0,0.0,0,,,1.0,2031-12-29,,,,,,0,2025-12-15,2025-12-12
XM-DAC-46004-58548-001-GRNT1063,XM-DAC-46004,Asian Development Bank,Multilateral,A01_general,3,Finalisation,TV,7000000.0,0.0,0,,,1.0,2026-01-31,2026-01-31,0,,,,0,2025-11-28,2025-11-28
XM-DAC-46004-59038-001-LN4675,XM-DAC-46004,Asian Development Bank,Multilateral,A01_general,3,Finalisation,LK,100000000.0,100000000.0,1,2025,2025,0.0,2025-12-31,2025-12-31,0,,,,0,2025-11-12,2025-11-17
XM-DAC-46004-59092-001-LN4724,XM-DAC-46004,Asian Development Bank,Multilateral,A01_general,3,Finalisation,PH,60760000000.0,386047398.2,1,2026,2026,0.9936463561849902,2026-06-30,2026-06-30,0,,,,0,2025-12-12,2025-12-30
XM-DAC-46004-59151-001-GRNT1094,XM-DAC-46004,Asian Development Bank,Multilateral,A01_general,3,Finalisation,BT,5000000.0,5000000.0,1,2025,2025,0.0,2026-04-30,2026-04-30,0,,,,0,2025-12-11,2025-12-11
XM-DAC-46004-59151-001-LN4722,XM-DAC-46004,Asian Development Bank,Multilateral,A01_general,3,Finalisation,BT,10000000.0,10000000.0,1,2025,2025,0.0,2026-04-30,2026-04-30,0,,,,0,2025-12-11,2025-12-11
XM-DAC-46004-59154-001-GRNT1067,XM-DAC-46004,Asian Development Bank,Multilateral,A01_general,1,Pipeline/identification,KG,13200000.0,0,0,,,1.0,,,,,,,0,2025-12-05,2025-12-30
XM-DAC-46004-59154-001-GRNT1068,XM-DAC-46004,Asian Development Bank,Multilateral,A01_general,1,Pipeline/identification,TJ,9900000.0,0,0,,,1.0,,,,,,,0,2025-12-05,2025-12-02
XM-DAC-46004-59193-001-LN4704,XM-DAC-46004,Asian Development Bank,Multilateral,A01_general,3,Finalisation,NP,100000000.0,100000000.0,1,2026,2026,0.0,2026-03-31,2026-03-31,0,,,,0,2025-12-20,2025-12-17
XM-DAC-46004-59288-001-LN4703,XM-DAC-46004,Asian Development Bank,Multilateral,A01_general,2,Implementation,IN,650000000.0,650000000.0,1,2026,2026,0.0,2026-02-28,,,,,,0,2025-12-15,2025-12-15
XM-DAC-5-7-6617541,XM-DAC-5-7,"EN: Germany - Federal Foreign Office, DE: Deutschland - Auswärtiges Amt",Bilateral,A01_general,1,Pipeline/identification,AR,32085.504,32085.504,1,2023,2023,0.0,2023-12-02,,,48859.0,,2,0,2023-01-31,
XM-DAC-5-7-6618264,XM-DAC-5-7,"EN: Germany - Federal Foreign Office, DE: Deutschland - Auswärtiges Amt",Bilateral,A01_general,2,Implementation,AL,54104.409,54104.40900000001,1,2023,2023,-1.3447993885643267e-16,2023-12-31,,,64045.0,,1,0,2023-01-01,
XM-DAC-5-7-6618595,XM-DAC-5-7,"EN: Germany - Federal Foreign Office, DE: Deutschland - Auswärtiges Amt",Bilateral,A01_general,1,Pipeline/identification,BA,74021.87300400001,74021.87300400001,1,2023,2023,0.0,2023-12-31,,,120533.56999999999,,2,0,2023-01-01,
XM-DAC-5-7-6618689,XM-DAC-5-7,"EN: Germany - Federal Foreign Office, DE: Deutschland - Auswärtiges Amt",Bilateral,A01_general,2,Implementation,SY,524700.638946,524700.638946,1,2023,2023,0.0,2024-03-31,,,1100000.0,,2,0,2023-01-01,
XM-DAC-5-7-6618709,XM-DAC-5-7,"EN: Germany - Federal Foreign Office, DE: Deutschland - Auswärtiges Amt",Bilateral,A01_general,1,Pipeline/identification,SY,1715148.869508,1715148.869508,1,2023,2023,0.0,2024-03-31,,,2519157.83,,2,0,2023-01-01,
XM-DAC-5-7-6619010,XM-DAC-5-7,"EN: Germany - Federal Foreign Office, DE: Deutschland - Auswärtiges Amt",Bilateral,A01_general,1,Pipeline/identification,BJ,12159.038736,12159.038736,1,2023,2023,0.0,2023-06-30,,,10671.43,,1,0,2023-05-01,
XM-DAC-5-7-6619031,XM-DAC-5-7,"EN: Germany - Federal Foreign Office, DE: Deutschland - Auswärtiges Amt",Bilateral,A01_general,2,Implementation,PK,13936.947102,13936.947102,1,2023,2023,0.0,2023-11-01,,,12232.0,,1,0,2023-05-15,
XM-DAC-5-7-6619140,XM-DAC-5-7,"EN: Germany - Federal Foreign Office, DE: Deutschland - Auswärtiges Amt",Bilateral,A01_general,2,Implementation,ML,11733.461442000002,11733.461442000002,1,2023,2023,0.0,2023-12-15,,,20595.86,,1,0,2023-06-15,
XM-DAC-5-7-6619197,XM-DAC-5-7,"EN: Germany - Federal Foreign Office, DE: Deutschland - Auswärtiges Amt",Bilateral,A01_general,2,Implementation,RW,33881.1984,33881.1984,1,2023,2023,0.0,2023-12-31,,,29736.0,,1,0,2023-07-01,
XM-DAC-50-21-Z03-24-01-22500,XM-DAC-50-21,AECID Agencia Española de Cooperación Internacional para el Desarrollo,Bilateral,A02_sector,2,Implementation,PY,398788.8606,398788.8606,2,2024,2026,0.0,2028-07-13,,,349999.04,EUR,14,0,2025-01-14,2025-01-14
XM-DAC-50-21-Z03-25-01-21800,XM-DAC-50-21,AECID Agencia Española de Cooperación Internacional para el Desarrollo,Bilateral,A02_sector,2,Implementation,CV,1139400.0,1139400.0,1,2025,2025,0.0,2026-12-31,,,999999.99,EUR,5,0,2025-12-09,2025-12-09
XM-DAC-6-4-008465-03-0,XM-DAC-6-4,AICS - Italian Agency for Cooperation and Development,Bilateral,A01_general,4,Closed,MZ,1114556.1463980002,1114556.1463980002,3,2014,2017,0.0,2009-12-31,2023-03-02,-4809,,,,1,2007-01-01,
XM-DAC-6-4-009147-01-4,XM-DAC-6-4,AICS - Italian Agency for Cooperation and Development,Bilateral,A02_sector,4,Closed,MZ,0,1786581.775044,3,2014,2017,,2020-12-31,2018-01-09,1087,,,,1,2010-01-01,2008-12-17
XM-DAC-6-4-009614-01-0,XM-DAC-6-4,AICS - Italian Agency for Cooperation and Development,Bilateral,A02_sector,2,Implementation,VN,0,-3353.276988000027,2,2015,2025,,2023-09-18,,,,,,0,2011-03-01,2015-05-26
XM-DAC-6-4-009659-01-6,XM-DAC-6-4,AICS - Italian Agency for Cooperation and Development,Bilateral,A02_sector,4,Closed,EG,1557215.7012,1557215.7012,3,2015,2024,0.0,2019-07-14,2024-03-04,-1695,,,,1,2011-07-15,2015-11-24
XM-DAC-6-4-009696-03-5,XM-DAC-6-4,AICS - Italian Agency for Cooperation and Development,Bilateral,A02_sector,4,Closed,SV,148122.0,148131.354474,2,2015,2019,-6.315384615379537e-05,2016-10-31,2023-03-02,-2313,,,,0,2015-11-01,
XM-DAC-6-4-010049-01-2,XM-DAC-6-4,AICS - Italian Agency for Cooperation and Development,Bilateral,A02_sector,3,Finalisation,MZ,0,3418200.0,3,2014,2016,,2015-06-05,,,,,,1,2013-06-05,2013-12-04
XM-DAC-6-4-010081-01-3,XM-DAC-6-4,AICS - Italian Agency for Cooperation and Development,Bilateral,A02_sector,4,Closed,ET,0,7975800.0,3,2014,2016,,2015-12-31,2018-01-09,-740,,,,1,2013-06-17,2014-01-13
XM-DAC-6-4-010084-02-3,XM-DAC-6-4,AICS - Italian Agency for Cooperation and Development,Bilateral,A01_general,4,Closed,ML,1083247.587864,1083247.587864,2,2015,2017,0.0,2016-12-30,2023-03-02,-2253,,,,0,2016-01-28,
XM-DAC-6-4-010152-01-5,XM-DAC-6-4,AICS - Italian Agency for Cooperation and Development,Bilateral,A02_sector,3,Finalisation,EC,1156739.3892,1156739.3892,3,2017,2025,0.0,2026-06-30,,,,,,1,2014-01-01,2017-03-20
XM-DAC-6-4-010408-01-6,XM-DAC-6-4,AICS - Italian Agency for Cooperation and Development,Bilateral,A02_sector,4,Closed,VN,32117.635079999993,32117.635080000004,4,2015,2020,-3.3981133399424445e-16,2015-11-02,2023-03-02,-2677,,,,1,2014-11-03,2015-02-03
XM-DAC-6-4-010418-01-5,XM-DAC-6-4,AICS - Italian Agency for Cooperation and Development,Bilateral,A02_sector,4,Closed,ET,3987900.0,3987936.893772,2,2015,2019,-9.25142857142387e-06,2015-12-31,2023-03-02,-2618,,,,0,2014-09-24,2015-01-15
XM-DAC-6-4-010419-01-0,XM-DAC-6-4,AICS - Italian Agency for Cooperation and Development,Bilateral,A02_sector,2,Implementation,TN,1140471.036,782648.368092,2,2017,2021,0.31374989509860735,2021-12-31,,,,,,0,2014-12-01,2017-08-30
XM-DAC-6-4-010496-02-1,XM-DAC-6-4,AICS - Italian Agency for Cooperation and Development,Bilateral,A02_sector,4,Closed,LB,20800.749671999998,20800.749671999998,2,2016,2020,0.0,2016-10-13,2023-03-02,-2331,,,,0,2015-02-13,2016-12-14
XM-DAC-6-4-010497-01-2,XM-DAC-6-4,AICS - Italian Agency for Cooperation and Development,Bilateral,A01_general,4,Closed,SV,187431.3,187431.30000000002,1,2015,2015,-1.5527732271362202e-16,2016-09-09,2018-03-27,-564,,,,0,2015-09-10,2015-07-24
XM-DAC-6-4-010519-02-5,XM-DAC-6-4,AICS - Italian Agency for Cooperation and Development,Bilateral,A02_sector,4,Closed,VN,5980.904298,5980.904298,3,2015,2017,0.0,2018-03-03,2023-03-02,-1825,,,,1,2015-03-04,2015-10-12
XM-DAC-6-4-010607-01-5,XM-DAC-6-4,AICS - Italian Agency for Cooperation and Development,Bilateral,A02_sector,3,Finalisation,TN,2256012.0,2256012.0,1,2017,2017,0.0,2016-09-01,,,,,,0,2015-09-01,2015-12-16
XM-DAC-6-4-010680-01-4,XM-DAC-6-4,AICS - Italian Agency for Cooperation and Development,Bilateral,A01_general,4,Closed,SL,2219851.48887,2219851.48887,2,2015,2017,0.0,2016-10-15,2018-03-27,-528,,,,0,2015-10-30,
XM-DAC-6-4-010693-01-2,XM-DAC-6-4,AICS - Italian Agency for Cooperation and Development,Bilateral,A01_general,4,Closed,ML,804838.057758,804838.057758,2,2015,2018,0.0,2016-11-16,2023-03-02,-2297,,,,0,2015-11-30,
XM-DAC-6-4-010718-02-4,XM-DAC-6-4,AICS - Italian Agency for Cooperation and Development,Bilateral,A02_sector,4,Closed,ET,1595160.0,1595160.0,1,2017,2017,0.0,2017-03-12,2025-03-28,-2938,,,,0,2015-11-12,2015-12-22
XM-DAC-6-4-010733-01-5,XM-DAC-6-4,AICS - Italian Agency for Cooperation and Development,Bilateral,A01_general,4,Closed,SN,3416870.37717,3416870.37717,2,2015,2018,0.0,2016-12-10,2023-03-02,-2273,,,,0,2015-12-30,
XM-DAC-6-4-010744-01-6,XM-DAC-6-4,AICS - Italian Agency for Cooperation and Development,Bilateral,A02_sector,3,Finalisation,TN,5540913.5940000005,5540913.5940000005,1,2019,2019,0.0,2026-12-31,,,,,,0,2016-04-21,2019-10-18
XM-DAC-6-4-010877-02-0,XM-DAC-6-4,AICS - Italian Agency for Cooperation and Development,Bilateral,A02_sector,4,Closed,BF,568871.6562000001,568871.6562000001,1,2019,2019,0.0,2020-10-31,2023-03-02,-852,,,,0,2016-11-01,2019-12-31
XM-DAC-6-4-010888-01-0,XM-DAC-6-4,AICS - Italian Agency for Cooperation and Development,Bilateral,A02_sector,3,Finalisation,BO,398790.0,251330.082552,1,2022,2022,0.36976834285714283,2026-12-31,,,,,,0,2017-06-05,2017-06-05
XM-DAC-6-4-010997-01-1,XM-DAC-6-4,AICS - Italian Agency for Cooperation and Development,Bilateral,A02_sector,4,Closed,MZ,683640.0,683640.0,2,2018,2020,0.0,2020-12-19,2023-03-02,-803,,,,0,2016-12-20,2018-09-12
XM-DAC-6-4-010997-03-3,XM-DAC-6-4,AICS - Italian Agency for Cooperation and Development,Bilateral,A02_sector,4,Closed,MZ,341820.0,341820.0,1,2017,2017,0.0,2017-12-19,2023-03-02,-1899,,,,0,2016-12-20,2017-10-03
XM-DAC-6-4-011005-01-3,XM-DAC-6-4,AICS - Italian Agency for Cooperation and Development,Bilateral,A02_sector,4,Closed,BF,3957819.8400000003,3957819.8400000003,3,2017,2022,0.0,2022-12-31,2025-05-29,-880,,,,1,2016-12-15,2017-12-15
XM-DAC-6-4-011023-01-4,XM-DAC-6-4,AICS - Italian Agency for Cooperation and Development,Bilateral,A02_sector,5,Cancelled,SV,0.0,0,0,,,,2019-12-31,,,,,,0,2017-02-01,
XM-DAC-6-4-011068-01-3,XM-DAC-6-4,AICS - Italian Agency for Cooperation and Development,Bilateral,A02_sector,3,Finalisation,SN,2050920.0,2848500.0,3,2017,2021,-0.3888888888888889,2026-12-31,,,,,,1,2017-04-02,2017-12-15
XM-DAC-6-4-011097-01-5,XM-DAC-6-4,AICS - Italian Agency for Cooperation and Development,Bilateral,A02_sector,4,Closed,MZ,3418200.0,3418200.0,3,2017,2019,0.0,2020-04-30,2022-05-11,-741,,,,1,2017-05-03,2017-10-16
XM-DAC-6-4-011389-02-2,XM-DAC-6-4,AICS - Italian Agency for Cooperation and Development,Bilateral,A02_sector,2,Implementation,ET,5697000.0,3739738.6800000006,2,2019,2025,0.34355999999999987,2020-12-31,,,,,,0,2018-01-02,2019-11-25
XM-DAC-6-4-011598-01-6,XM-DAC-6-4,AICS - Italian Agency for Cooperation and Development,Bilateral,A02_sector,2,Implementation,GN,4610468.16,1401689.8800000001,1,2025,2025,0.6959766706207988,2028-07-31,,,,,,0,2018-12-01,2025-10-03
XM-DAC-6-4-011639-02-5,XM-DAC-6-4,AICS - Italian Agency for Cooperation and Development,Bilateral,A02_sector,2,Implementation,BF,305955.10620000004,188593.488,1,2024,2024,0.3835909773092063,2027-05-14,,,,,,0,2023-05-15,2024-12-24
XM-DAC-6-4-011649-01-3,XM-DAC-6-4,AICS - Italian Agency for Cooperation and Development,Bilateral,A02_sector,2,Implementation,MZ,15564204.0,3190320.0,1,2021,2021,0.7950219619326501,2021-12-31,,,,,,0,2019-01-01,
XM-DAC-6-4-011755-03-0,XM-DAC-6-4,AICS - Italian Agency for Cooperation and Development,Bilateral,A02_sector,2,Implementation,ET,1139400.0,956817.9864,2,2022,2025,0.16024399999999994,2026-08-31,,,,,,0,2019-01-01,
XM-DAC-6-4-011764-02-3,XM-DAC-6-4,AICS - Italian Agency for Cooperation and Development,Bilateral,A02_sector,2,Implementation,ET,2848500.0,1490430.2259600002,2,2020,2023,0.4767666399999999,2027-09-30,,,,,,0,2020-03-05,2020-11-26
XM-DAC-6-4-011835-01-4,XM-DAC-6-4,AICS - Italian Agency for Cooperation and Development,Bilateral,A02_sector,3,Finalisation,ET,5640030.0,5640030.0,2,2020,2021,0.0,2021-04-30,,,,,,0,2019-05-02,2020-04-01
XM-DAC-6-4-012041-01-3,XM-DAC-6-4,AICS - Italian Agency for Cooperation and Development,Bilateral,A02_sector,2,Implementation,SV,3987900.0,1922338.7100000002,1,2023,2023,0.5179571428571428,2027-03-03,,,,,,0,2020-03-01,2023-11-08
XM-DAC-6-4-012316-01-0,XM-DAC-6-4,AICS - Italian Agency for Cooperation and Development,Bilateral,A02_sector,2,Implementation,ET,1139400.0,797580.0,1,2022,2022,0.3,2023-06-06,,,,,,0,2021-06-06,2022-11-23
XM-DAC-6-4-012586-01-0,XM-DAC-6-4,AICS - Italian Agency for Cooperation and Development,Bilateral,A01_general,4,Closed,UA,125334000.0,125334000.0,1,2022,2022,0.0,2022-12-31,2022-04-05,270,,,,0,2022-02-27,2022-02-28
XM-DAC-6-4-012620-01-0,XM-DAC-6-4,AICS - Italian Agency for Cooperation and Development,Bilateral,A02_sector,3,Finalisation,SO,2278800.0,0,0,,,1.0,2023-05-31,,,1000000.0,EUR,1,0,2022-06-01,2026-06-15
XM-DAC-6-4-013015-01-0,XM-DAC-6-4,AICS - Italian Agency for Cooperation and Development,Bilateral,A02_sector,3,Finalisation,ET,15381900.0,15381900.0,1,2024,2024,0.0,2027-09-02,,,,,,0,2024-09-01,2024-08-30
XM-DAC-6-4-013158-01-1,XM-DAC-6-4,AICS - Italian Agency for Cooperation and Development,Bilateral,A02_sector,3,Finalisation,CG,11394000.0,11394000.0,1,2025,2025,0.0,2027-12-31,,,,,,0,2025-01-01,2025-02-18
XM-DAC-69-1-2019000246,XM-DAC-69-1,"Ministry of Foreign and European Affairs of the Slovak Republic, SK: Ministerstvo zahraničných vecí a európskych záležitostí SR",Bilateral,A02_sector,2,Implementation,PS,25919.071200000002,25919.071200000002,1,2019,2019,0.0,,,,,,,0,,2019-01-01
XM-DAC-69-3-2018000217,XM-DAC-69-1,"Ministry of Foreign and European Affairs of the Slovak Republic, SK: Ministerstvo zahraničných vecí a európskych záležitostí SR",Bilateral,A02_sector,2,Implementation,ME,1139400.0,0,0,,,1.0,,2020-12-31,,,,,0,,2018-12-17
XM-DAC-69-3-2018000330,XM-DAC-69-1,"Ministry of Foreign and European Affairs of the Slovak Republic, SK: Ministerstvo zahraničných vecí a európskych záležitostí SR",Bilateral,A02_sector,2,Implementation,ME,1139400.0,0,0,,,1.0,,2020-12-31,,,,,0,,2019-01-01
XM-DAC-701-8-201903815,XM-DAC-701-8,EN: Japan International Cooperation Agency,Multilateral,A02_sector,2,Implementation,JO,92478421.70160297,0,0,,,1.0,2023-11-30,,,15000000000.0,JPY,1,0,2023-09-05,
XM-DAC-701-8-201905005,XM-DAC-701-8,EN: Japan International Cooperation Agency,Multilateral,A02_sector,2,Implementation,ID,184956843.40320593,0,0,,,1.0,2023-04-30,,,30000000000.0,JPY,1,0,2023-03-31,
XM-DAC-701-8-202004739,XM-DAC-701-8,EN: Japan International Cooperation Agency,Multilateral,A02_sector,2,Implementation,EG,271270036.9913687,0,0,,,1.0,2024-06-30,,,44000000000.0,JPY,1,0,2023-03-27,
XM-DAC-701-8-202108578,XM-DAC-701-8,EN: Japan International Cooperation Agency,Multilateral,A01_general,2,Implementation,BW,92478421.70160297,0,0,,,1.0,2023-05-31,,,15000000000.0,JPY,1,0,2023-02-17,
XM-DAC-701-8-202109599,XM-DAC-701-8,EN: Japan International Cooperation Agency,Multilateral,A02_sector,2,Implementation,ID,184956843.40320593,0,0,,,1.0,2023-03-31,,,30000000000.0,JPY,1,0,2023-02-20,
XM-DAC-701-8-202111010,XM-DAC-701-8,EN: Japan International Cooperation Agency,Multilateral,A02_sector,2,Implementation,FJ,30826140.56720099,0,0,,,1.0,2024-09-30,,,5000000000.0,JPY,1,0,2024-09-01,
XM-DAC-701-8-202207950,XM-DAC-701-8,EN: Japan International Cooperation Agency,Multilateral,A02_sector,2,Implementation,BO,92478421.70160297,0,0,,,1.0,2023-12-31,,,15000000000.0,JPY,1,0,2023-03-30,
XM-DAC-701-8-202208006,XM-DAC-701-8,EN: Japan International Cooperation Agency,Multilateral,A02_sector,2,Implementation,PH,184956843.40320593,0,0,,,1.0,2026-08-27,,,30000000000.0,JPY,1,0,2023-08-28,
XM-DAC-701-8-202208027,XM-DAC-701-8,EN: Japan International Cooperation Agency,Multilateral,A02_sector,2,Implementation,MA,171146732.4290999,0,0,,,1.0,2025-01-31,,,27760000000.0,JPY,1,0,2024-09-20,
XM-DAC-701-8-202209138,XM-DAC-701-8,EN: Japan International Cooperation Agency,Multilateral,A01_general,2,Implementation,UZ,228113440.19728732,0,0,,,1.0,2024-02-28,,,37000000000.0,JPY,1,0,2022-03-01,
XM-DAC-701-8-202209514,XM-DAC-701-8,EN: Japan International Cooperation Agency,Multilateral,A01_general,2,Implementation,BT,40382244.143033296,0,0,,,1.0,2023-06-30,,,6550000000.0,JPY,1,0,2022-07-01,
XM-DAC-701-8-202209815,XM-DAC-701-8,EN: Japan International Cooperation Agency,Multilateral,A02_sector,2,Implementation,NG,92478421.70160297,0,0,,,1.0,2027-05-31,,,15000000000.0,JPY,1,0,2024-04-24,
XM-DAC-701-8-202210428,XM-DAC-701-8,EN: Japan International Cooperation Agency,Multilateral,A02_sector,2,Implementation,HN,72151664.61159064,0,0,,,1.0,2027-12-31,,,11703000000.0,JPY,1,0,2024-03-20,
XM-DAC-701-8-202210509,XM-DAC-701-8,EN: Japan International Cooperation Agency,Multilateral,A01_general,2,Implementation,MD,83230579.53144267,0,0,,,1.0,2023-08-31,,,13500000000.0,JPY,1,0,2023-01-01,
XM-DAC-701-8-202210984,XM-DAC-701-8,EN: Japan International Cooperation Agency,Multilateral,A01_general,2,Implementation,VN,308261405.6720099,0,0,,,1.0,2023-09-30,,,50000000000.0,JPY,1,0,2022-01-01,
XM-DAC-701-8-202311927,XM-DAC-701-8,EN: Japan International Cooperation Agency,Multilateral,A02_sector,2,Implementation,BD,184956843.40320593,0,0,,,1.0,2023-06-30,,,30000000000.0,JPY,1,0,2023-06-27,
XM-DAC-701-8-202311965,XM-DAC-701-8,EN: Japan International Cooperation Agency,Multilateral,A01_general,2,Implementation,IN,94334155.36374846,0,0,,,1.0,2026-03-31,,,15301000000.0,JPY,1,0,2021-04-01,
XM-DAC-701-8-202311979,XM-DAC-701-8,EN: Japan International Cooperation Agency,Multilateral,A02_sector,2,Implementation,IN,222651048.0887793,0,0,,,1.0,2027-04-30,,,36114000000.0,JPY,1,0,2023-04-01,
XM-DAC-701-8-202312660,XM-DAC-701-8,EN: Japan International Cooperation Agency,Multilateral,A01_general,2,Implementation,UZ,240443896.42416772,0,0,,,1.0,2024-09-30,,,39000000000.0,JPY,1,0,2024-01-01,
XM-DAC-701-8-202312773,XM-DAC-701-8,EN: Japan International Cooperation Agency,Multilateral,A02_sector,2,Implementation,PH,184956843.40320593,0,0,,,1.0,2025-04-30,,,30000000000.0,JPY,1,0,2021-06-01,
XM-DAC-701-8-202313856,XM-DAC-701-8,EN: Japan International Cooperation Agency,Multilateral,A01_general,2,Implementation,JO,98643649.81504317,0,0,,,1.0,2024-12-31,,,16000000000.0,JPY,1,0,2024-09-01,
XM-DAC-701-8-202314504,XM-DAC-701-8,EN: Japan International Cooperation Agency,Multilateral,A02_sector,2,Implementation,PH,215782983.97040692,0,0,,,1.0,2025-04-30,,,35000000000.0,JPY,1,0,2022-04-01,
XM-DAC-701-8-202412097,XM-DAC-701-8,EN: Japan International Cooperation Agency (JICA),Multilateral,A02_sector,2,Implementation,BJ,47595561.035758324,0,0,,,1.0,2026-02-28,,,7720000000.0,JPY,1,0,2025-12-19,
XM-DAC-701-8-202412128,XM-DAC-701-8,EN: Japan International Cooperation Agency,Multilateral,A02_sector,2,Implementation,EG,215782983.97040692,0,0,,,1.0,2025-01-31,,,35000000000.0,JPY,1,0,2025-01-16,
XM-DAC-701-8-202413783,XM-DAC-701-8,EN: Japan International Cooperation Agency,Multilateral,A02_sector,2,Implementation,BD,369913686.80641186,0,0,,,1.0,2025-05-31,,,60000000000.0,JPY,1,0,2025-05-30,
XM-DAC-701-8-202515176,XM-DAC-701-8,EN: Japan International Cooperation Agency (JICA),Multilateral,A02_sector,2,Implementation,JO,95561035.75832306,0,0,,,1.0,2025-12-31,,,15500000000.0,JPY,1,0,2025-01-01,
XM-DAC-701-8-202515233,XM-DAC-701-8,EN: Japan International Cooperation Agency (JICA),Multilateral,A02_sector,2,Implementation,VN,308261405.6720099,0,0,,,1.0,2026-06-30,,,50000000000.0,JPY,1,0,2026-03-30,
XM-DAC-701-8-202516249,XM-DAC-701-8,EN: Japan International Cooperation Agency,Multilateral,A02_sector,2,Implementation,UA,2909371146.7324295,0,0,,,1.0,,,,471900000000.0,JPY,1,0,2025-06-05,
XM-DAC-701-8-202615286,XM-DAC-701-8,EN: Japan International Cooperation Agency (JICA),Multilateral,A02_sector,2,Implementation,ID,308261405.6720099,0,0,,,1.0,2026-05-31,,,50000000000.0,JPY,1,0,2026-03-30,
XM-OCHAS-HPC6770-1258,XM-OCHA-HPC6770,EN: King Salman Humanitarian Aid and Relief Centre,Bilateral,A01_general,4,Closed,YE,0,200000.0,1,2017,2017,,,2017-08-17,,200000.0,USD,1,0,,2017-08-16
XM-OCHAS-HPC6770-1311,XM-OCHA-HPC6770,EN: King Salman Humanitarian Aid and Relief Centre,Bilateral,A01_general,4,Closed,YE,0,16000000.0,1,2017,2017,,,2017-04-23,,16000000.0,USD,1,0,,2017-04-20
XM-OCHAS-HPC6770-1518,XM-OCHA-HPC6770,EN: King Salman Humanitarian Aid and Relief Centre,Bilateral,A01_general,4,Closed,YE,0,2550000.0,1,2017,2017,,,2017-01-31,,2550000.0,USD,1,0,,2017-01-01
XM-OCHAS-HPC6770-1605,XM-OCHA-HPC6770,EN: King Salman Humanitarian Aid and Relief Centre,Bilateral,A01_general,4,Closed,YE,0,13333333.0,1,2017,2017,,,2017-04-23,,13333333.0,USD,1,0,,2017-04-20
XM-OCHAS-HPC6770-1606,XM-OCHA-HPC6770,EN: King Salman Humanitarian Aid and Relief Centre,Bilateral,A01_general,4,Closed,YE,0,5333333.0,1,2017,2017,,,2017-04-23,,5333333.0,USD,1,0,,2017-04-20
XM-OCHAS-HPC6770-1609,XM-OCHA-HPC6770,EN: King Salman Humanitarian Aid and Relief Centre,Bilateral,A01_general,4,Closed,YE,0,18666667.0,1,2017,2017,,,2017-04-23,,18666667.0,USD,1,0,,2017-04-20
XM-OCHAS-HPC6770-1610,XM-OCHA-HPC6770,EN: King Salman Humanitarian Aid and Relief Centre,Bilateral,A01_general,4,Closed,YE,0,18666667.0,1,2017,2017,,,2017-04-23,,18666667.0,USD,1,0,,2017-04-20
XM-OCHAS-HPC6770-1612,XM-OCHA-HPC6770,EN: King Salman Humanitarian Aid and Relief Centre,Bilateral,A01_general,4,Closed,YE,0,13333333.0,1,2017,2017,,,2017-04-23,,13333333.0,USD,1,0,,2017-04-20
XM-OCHAS-HPC6770-1613,XM-OCHA-HPC6770,EN: King Salman Humanitarian Aid and Relief Centre,Bilateral,A01_general,4,Closed,YE,0,5333333.0,1,2017,2017,,,2017-04-23,,5333333.0,USD,1,0,,2017-04-20
XM-OCHAS-HPC6770-1614,XM-OCHA-HPC6770,EN: King Salman Humanitarian Aid and Relief Centre,Bilateral,A01_general,4,Closed,YE,0,16000000.0,1,2017,2017,,,2017-04-23,,16000000.0,USD,1,0,,2017-04-20
XM-OCHAS-HPC6770-1641,XM-OCHA-HPC6770,EN: King Salman Humanitarian Aid and Relief Centre,Bilateral,A02_sector,4,Closed,YE,0,3802085.0,1,2017,2017,,,2018-04-22,,3802085.0,USD,1,0,,2017-10-23
XM-OCHAS-HPC6770-1642,XM-OCHA-HPC6770,EN: King Salman Humanitarian Aid and Relief Centre,Bilateral,A02_sector,4,Closed,YE,0,165883.0,1,2017,2017,,,2018-11-20,,165883.0,USD,2,0,,2017-09-20
XM-OCHAS-HPC6770-1789,XM-OCHA-HPC6770,EN: King Salman Humanitarian Aid and Relief Centre,Bilateral,A01_general,4,Closed,YE,0,2640000.0,1,2017,2017,,,2017-11-23,,2640000.0,USD,1,0,,2017-11-20
XM-OCHAS-HPC6770-2174,XM-OCHA-HPC6770,EN: King Salman Humanitarian Aid and Relief Centre,Bilateral,A01_general,4,Closed,YE,0,13333333.0,1,2017,2017,,,2017-11-03,,13333333.0,USD,1,0,,2017-11-01
XM-OCHAS-HPC6770-2176,XM-OCHA-HPC6770,EN: King Salman Humanitarian Aid and Relief Centre,Bilateral,A01_general,4,Closed,YE,0,8666667.0,1,2017,2017,,,2017-11-03,,8666667.0,USD,1,0,,2017-11-01
XM-OCHAS-HPC6770-2186,XM-OCHA-HPC6770,EN: King Salman Humanitarian Aid and Relief Centre,Bilateral,A01_general,4,Closed,YE,0,8000000.0,1,2017,2017,,,2017-11-03,,8000000.0,USD,1,0,,2017-11-01
XM-OCHAS-HPC6770-2188,XM-OCHA-HPC6770,EN: King Salman Humanitarian Aid and Relief Centre,Bilateral,A01_general,4,Closed,YE,0,9333333.0,1,2017,2017,,,2017-11-03,,9333333.0,,1,0,,2017-11-01
XM-OCHAS-HPC6770-2370,XM-OCHA-HPC6770,EN: King Salman Humanitarian Aid and Relief Centre,Bilateral,A02_sector,4,Closed,YE,0,1650000.0,1,2018,2018,,,2018-12-31,,1650000.0,USD,1,0,,2018-01-01
XM-OCHAS-HPC6770-2371,XM-OCHA-HPC6770,EN: King Salman Humanitarian Aid and Relief Centre,Bilateral,A02_sector,4,Closed,YE,0,1950000.0,1,2018,2018,,,2018-12-31,,1950000.0,USD,1,0,,2018-01-01
XM-OCHAS-HPC6770-2372,XM-OCHA-HPC6770,EN: King Salman Humanitarian Aid and Relief Centre,Bilateral,A02_sector,4,Closed,YE,0,25000000.0,1,2018,2018,,,2018-12-31,,25000000.0,USD,1,0,,2018-01-01
XM-OCHAS-HPC6770-2373,XM-OCHA-HPC6770,EN: King Salman Humanitarian Aid and Relief Centre,Bilateral,A02_sector,4,Closed,YE,0,4494949.0,1,2018,2018,,,2018-12-31,,4494949.0,USD,1,0,,2018-01-01
XM-OCHAS-HPC6770-2374,XM-OCHA-HPC6770,EN: King Salman Humanitarian Aid and Relief Centre,Bilateral,A02_sector,4,Closed,YE,0,500000.0,1,2018,2018,,,2018-12-31,,500000.0,USD,1,0,,2018-01-01
XM-OCHAS-HPC6770-2375,XM-OCHA-HPC6770,EN: King Salman Humanitarian Aid and Relief Centre,Bilateral,A02_sector,4,Closed,YE,0,2272727.0,1,2018,2018,,,2018-12-31,,2272727.0,USD,1,0,,2018-01-01
XM-OCHAS-HPC6770-2376,XM-OCHA-HPC6770,EN: King Salman Humanitarian Aid and Relief Centre,Bilateral,A02_sector,4,Closed,YE,0,4775784.0,1,2018,2018,,,2019-04-08,,4775784.0,USD,1,0,,2018-04-09
XM-OCHAS-HPC6770-2377,XM-OCHA-HPC6770,EN: King Salman Humanitarian Aid and Relief Centre,Bilateral,A02_sector,4,Closed,YE,0,5000000.0,1,2018,2018,,,2018-12-31,,5000000.0,USD,1,0,,2018-01-01
XM-OCHAS-HPC6770-2378,XM-OCHA-HPC6770,EN: King Salman Humanitarian Aid and Relief Centre,Bilateral,A02_sector,4,Closed,YE,0,4000000.0,1,2018,2018,,,2018-12-31,,4000000.0,USD,1,0,,2018-01-01
XM-OCHAS-HPC6770-2379,XM-OCHA-HPC6770,EN: King Salman Humanitarian Aid and Relief Centre,Bilateral,A02_sector,4,Closed,YE,0,6021353.0,1,2018,2018,,,2018-12-31,,6021353.0,USD,1,0,,2018-01-01
XM-OCHAS-HPC6770-2380,XM-OCHA-HPC6770,EN: King Salman Humanitarian Aid and Relief Centre,Bilateral,A02_sector,4,Closed,YE,0,2280000.0,1,2018,2018,,,2018-12-31,,2280000.0,USD,1,0,,2018-01-01
XM-OCHAS-HPC6770-2381,XM-OCHA-HPC6770,EN: King Salman Humanitarian Aid and Relief Centre,Bilateral,A02_sector,4,Closed,YE,0,2500000.0,1,2018,2018,,,2018-12-31,,2500000.0,USD,1,0,,2018-01-01
XM-OCHAS-HPC6770-2382,XM-OCHA-HPC6770,EN: King Salman Humanitarian Aid and Relief Centre,Bilateral,A02_sector,4,Closed,YE,0,1200000.0,1,2018,2018,,,2018-12-31,,1200000.0,USD,1,0,,2018-01-01
XM-OCHAS-HPC6770-2383,XM-OCHA-HPC6770,EN: King Salman Humanitarian Aid and Relief Centre,Bilateral,A02_sector,4,Closed,YE,0,3500000.0,1,2018,2018,,,2018-12-31,,3500000.0,USD,1,0,,2018-01-01
XM-OCHAS-HPC6770-2384,XM-OCHA-HPC6770,EN: King Salman Humanitarian Aid and Relief Centre,Bilateral,A02_sector,4,Closed,YE,0,2076808.0,1,2018,2018,,,2018-12-31,,2076808.0,USD,1,0,,2018-01-01
XM-OCHAS-HPC6770-2385,XM-OCHA-HPC6770,EN: King Salman Humanitarian Aid and Relief Centre,Bilateral,A02_sector,4,Closed,YE,0,700000.0,1,2018,2018,,,2018-12-31,,700000.0,USD,1,0,,2018-01-01
XM-OCHAS-HPC6770-2386,XM-OCHA-HPC6770,EN: King Salman Humanitarian Aid and Relief Centre,Bilateral,A01_general,4,Closed,YE,0,35000000.0,1,2018,2018,,,2018-12-31,,35000000.0,USD,1,0,,2018-01-01
XM-OCHAS-HPC6770-2387,XM-OCHA-HPC6770,EN: King Salman Humanitarian Aid and Relief Centre,Bilateral,A02_sector,4,Closed,YE,0,4000000.0,1,2018,2018,,,2018-12-31,,4000000.0,USD,1,0,,2018-01-01
XM-OCHAS-HPC6770-2389,XM-OCHA-HPC6770,EN: King Salman Humanitarian Aid and Relief Centre,Bilateral,A02_sector,4,Closed,YE,0,1500000.0,1,2018,2018,,,2018-12-31,,1500000.0,USD,1,0,,2018-01-01
XM-OCHAS-HPC6770-2390,XM-OCHA-HPC6770,EN: King Salman Humanitarian Aid and Relief Centre,Bilateral,A02_sector,4,Closed,YE,0,5435625.0,1,2018,2018,,,2018-12-31,,5435625.0,USD,1,0,,2018-01-01
XM-OCHAS-HPC6770-2391,XM-OCHA-HPC6770,EN: King Salman Humanitarian Aid and Relief Centre,Bilateral,A02_sector,4,Closed,YE,0,150000.0,1,2018,2018,,,2018-12-31,,150000.0,USD,1,0,,2018-01-01
XM-OCHAS-HPC6770-2392,XM-OCHA-HPC6770,EN: King Salman Humanitarian Aid and Relief Centre,Bilateral,A02_sector,4,Closed,YE,0,4593192.0,1,2018,2018,,,2018-12-31,,4593192.0,USD,1,0,,2018-01-01
XM-OCHAS-HPC6770-2393,XM-OCHA-HPC6770,EN: King Salman Humanitarian Aid and Relief Centre,Bilateral,A02_sector,4,Closed,YE,0,18978647.0,1,2018,2018,,,2018-12-31,,18978647.0,USD,1,0,,2018-01-01
XM-OCHAS-HPC6770-2394,XM-OCHA-HPC6770,EN: King Salman Humanitarian Aid and Relief Centre,Bilateral,A02_sector,4,Closed,YE,0,7500000.0,1,2018,2018,,,2018-12-31,,7500000.0,USD,1,0,,2018-01-01
XM-OCHAS-HPC6770-2397,XM-OCHA-HPC6770,EN: King Salman Humanitarian Aid and Relief Centre,Bilateral,A02_sector,4,Closed,YE,0,197340909.0,1,2018,2018,,,2018-12-31,,197340909.0,USD,1,0,,2018-01-01
XM-OCHAS-HPC6770-2398,XM-OCHA-HPC6770,EN: King Salman Humanitarian Aid and Relief Centre,Bilateral,A02_sector,4,Closed,YE,0,14654327.0,1,2018,2018,,,2018-12-31,,14654327.0,USD,1,0,,2018-01-01
XM-OCHAS-HPC6770-2399,XM-OCHA-HPC6770,EN: King Salman Humanitarian Aid and Relief Centre,Bilateral,A02_sector,4,Closed,YE,0,505050.0,1,2018,2018,,,2018-12-31,,505050.0,USD,1,0,,2018-01-01
XM-OCHAS-HPC6770-2400,XM-OCHA-HPC6770,EN: King Salman Humanitarian Aid and Relief Centre,Bilateral,A02_sector,4,Closed,YE,0,2134375.0,1,2018,2018,,,2018-12-31,,2134375.0,USD,1,0,,2018-01-01
XM-OCHAS-HPC6770-2401,XM-OCHA-HPC6770,EN: King Salman Humanitarian Aid and Relief Centre,Bilateral,A02_sector,4,Closed,YE,0,9000000.0,1,2018,2018,,,2018-12-31,,9000000.0,USD,1,0,,2018-01-01
XM-OCHAS-HPC6770-2402,XM-OCHA-HPC6770,EN: King Salman Humanitarian Aid and Relief Centre,Bilateral,A02_sector,4,Closed,YE,0,10386364.0,1,2018,2018,,,2018-12-31,,10386364.0,USD,1,0,,2018-01-01
XM-OCHAS-HPC6770-2403,XM-OCHA-HPC6770,EN: King Salman Humanitarian Aid and Relief Centre,Bilateral,A02_sector,4,Closed,YE,0,51500000.0,1,2018,2018,,,2018-12-31,,51500000.0,USD,1,0,,2018-01-01
XM-OCHAS-HPC6770-2404,XM-OCHA-HPC6770,EN: King Salman Humanitarian Aid and Relief Centre,Bilateral,A02_sector,4,Closed,YE,0,1000000.0,1,2018,2018,,,2018-12-31,,1000000.0,USD,1,0,,2018-01-01
XM-OCHAS-HPC6770-2405,XM-OCHA-HPC6770,EN: King Salman Humanitarian Aid and Relief Centre,Bilateral,A02_sector,4,Closed,YE,0,1664626.0,1,2018,2018,,,2018-12-31,,1664626.0,USD,1,0,,2018-01-01
XM-OCHAS-HPC6770-2406,XM-OCHA-HPC6770,EN: King Salman Humanitarian Aid and Relief Centre,Bilateral,A02_sector,4,Closed,YE,0,20000000.0,1,2018,2018,,,2018-12-31,,20000000.0,USD,1,0,,2018-01-01
XM-OCHAS-HPC6770-2407,XM-OCHA-HPC6770,EN: King Salman Humanitarian Aid and Relief Centre,Bilateral,A02_sector,4,Closed,YE,0,29500000.0,1,2018,2018,,,2018-12-31,,29500000.0,USD,1,0,,2018-01-01
XM-OCHAS-HPC6770-2408,XM-OCHA-HPC6770,EN: King Salman Humanitarian Aid and Relief Centre,Bilateral,A02_sector,4,Closed,YE,0,3330000.0,1,2018,2018,,,2018-12-31,,3330000.0,USD,1,0,,2018-01-01
XM-OCHAS-HPC6770-2409,XM-OCHA-HPC6770,EN: King Salman Humanitarian Aid and Relief Centre,Bilateral,A02_sector,4,Closed,YE,0,18681046.0,1,2018,2018,,,2018-12-31,,18681046.0,USD,1,0,,2018-01-01
XM-OCHAS-HPC6770-2690,XM-OCHA-HPC6770,EN: King Salman Humanitarian Aid and Relief Centre,Bilateral,A01_general,4,Closed,YE,0,67487436.0,1,2018,2018,,,2018-06-17,,67487436.0,USD,1,0,,2018-06-16
XM-OCHAS-HPC6770-2691,XM-OCHA-HPC6770,EN: King Salman Humanitarian Aid and Relief Centre,Bilateral,A01_general,4,Closed,YE,0,55295300.0,1,2018,2018,,,2018-07-16,,55295300.0,USD,1,0,,2018-07-15
XM-OCHAS-HPC6770-2695,XM-OCHA-HPC6770,EN: King Salman Humanitarian Aid and Relief Centre,Bilateral,A01_general,4,Closed,YE,0,53839352.0,1,2018,2018,,,2018-09-13,,53839352.0,USD,1,0,,2018-08-14
XM-OCHAS-HPC6770-2733,XM-OCHA-HPC6770,EN: King Salman Humanitarian Aid and Relief Centre,Bilateral,A01_general,4,Closed,YE,0,67492960.0,1,2018,2018,,,2018-10-12,,67492960.0,USD,1,0,,2018-09-13
XM-OCHAS-HPC6770-2778,XM-OCHA-HPC6770,EN: King Salman Humanitarian Aid and Relief Centre,Bilateral,A01_general,4,Closed,YE,0,360019.0,1,2018,2018,,,2018-10-17,,360019.0,USD,1,0,,2018-10-16
XM-OCHAS-HPC6770-3198,XM-OCHA-HPC6770,EN: King Salman Humanitarian Aid and Relief Centre,Bilateral,A01_general,4,Closed,YE,0,2649000.0,1,2017,2017,,,2017-11-22,,2649000.0,USD,1,0,,2017-03-23
XM-OCHAS-HPC6770-3206,XM-OCHA-HPC6770,EN: King Salman Humanitarian Aid and Relief Centre,Bilateral,A02_sector,4,Closed,YE,0,8000000.0,1,2018,2018,,2019-12-31,,,8000000.0,USD,2,0,,2018-01-01
XM-OCHAS-HPC6770-3209,XM-OCHA-HPC6770,EN: King Salman Humanitarian Aid and Relief Centre,Bilateral,A02_sector,4,Closed,BD,0,1000000.0,1,2018,2018,,,2019-01-31,,1000000.0,USD,1,0,,2018-06-01
XM-OCHAS-HPC6770-3662,XM-OCHA-HPC6770,EN: King Salman Humanitarian Aid and Relief Centre,Bilateral,A01_general,2,Implementation,YE,0,710000.0,1,2019,2019,,2020-01-22,,,710000.0,USD,1,0,,2019-09-23
XM-OCHAS-HPC6770-3812,XM-OCHA-HPC6770,EN: King Salman Humanitarian Aid and Relief Centre,Bilateral,A02_sector,4,Closed,TJ,0,68471.0,1,2019,2019,,,2019-10-29,,68471.0,USD,1,0,,2019-10-21
