iatiidentifier,year,commitment_usd,disbursement_usd,n_disb_tx
DE-1-200770347,2016,0,203593.689,1
DE-1-200770347,2015,0,366106.3110000001,1
DE-1-200970418,2017,0,2172076.0252920003,1
DE-1-200970418,2018,0,1026021.78117,1
DE-1-200970418,2016,0,472378.388274,1
DE-1-200970012,2014,0,226630.727658,1
46002-P-SC-K00-015,2020,9910861.722223956,9617207.60719657,1
DE-1-201265248,2014,0,5697000,1
DE-1-201270370,2014,0,2848500,1
DE-1-201270370,2016,0,2278800,1
DE-1-201366632,2014,0,12533400,1
46002-P-SC-K00-004,2014,0,9309483.894240225,1
46002-P-SC-K00-005,2016,0,9651087.160821635,1
46002-P-SC-K00-005,2015,9910861.722223956,0,0
46002-P-SC-K00-022,2021,19821723.458008945,19174835.525022134,1
46002-P-SC-K00-023,2023,0,25802817.73837244,1
46002-P-SC-K00-023,2022,24777154.32590144,0,0
46002-P-SC-K00-024,2023,32705843.70639281,0,0
46002-P-SO-K00-003,2020,120693185.71697856,116830724.28116362,1
46002-P-SO-AA0-009,2022,5424412.841212519,0,0
46002-P-SO-AA0-009,2023,0,102060.84292663349,1
46002-P-SO-KF0-015,2023,13561032.1030313,0,0
46002-P-SL-KA0-017,2020,24409857.785456337,24409857.785456337,2
46002-P-SL-KA0-016,2019,20341548.15454695,20341548.15454695,1
46002-P-SL-KA0-013,2014,5424412.841212519,5424412.841212519,1
46002-P-SL-AA0-023,2022,2034154.815454695,2034154.815454695,1
46002-P-SL-KF0-013,2023,1356103.21030313,251473.16203941652,1
46002-P-ZA-K00-005,2020,305242621.42887175,291483181.5401807,1
46002-P-ZA-K00-006,2023,299936569.1944883,304300090.57413346,1
46002-P-SS-I00-006,2022,0,678051.6051515649,1
46002-P-SS-I00-006,2020,1356103.21030313,678051.6051515649,1
46002-P-SS-I00-003,2023,0,3485185.2504790435,2
46002-P-SS-I00-003,2020,0,6970370.500958087,2
46002-P-SS-I00-003,2022,0,6970370.500958087,2
46002-P-SS-I00-003,2019,17425926.25239522,0,0
46002-P-SS-AAZ-001,2021,13561032.1030313,4068309.63090939,2
46002-P-SS-AAZ-001,2023,0,4068309.63090939,2
46002-P-SS-I00-009,2022,2034154.815454695,813661.926181878,1
46002-P-SS-I00-009,2023,0,813661.926181878,1
46002-P-SS-I00-008,2022,7322957.335636902,2196887.2006910704,1
46002-P-SS-I00-008,2023,0,2196887.2006910704,1
46002-P-SS-A00-001,2023,0,3254647.704727512,1
46002-P-SS-A00-001,2022,8136619.26181878,4068309.63090939,1
46002-P-SS-A00-002,2023,5831243.804303459,2332497.5217213836,1
46002-P-SN-KA0-014,2019,72027101.07172838,68472355.14444534,1
46002-P-SN-KA0-016,2021,74908185.11351264,72060577.41518593,2
46002-P-SN-KA0-009,2016,47165269.65434286,47165269.65434286,1
46002-P-SN-K00-013,2020,101414158.31420098,97539847.83165877,1
46002-P-SN-BG0-001,2022,124309902.71315569,29123081.975082956,2
46002-P-SN-A00-022,2022,139383388.6985071,0,0
46002-P-SN-A00-022,2023,0,131909720.19522461,2
46002-P-SN-KA0-018,2023,79086688.97908483,69181622.75378455,2
46002-P-SN-KA0-019,2023,85641605.49059069,0,0
DE-1-201265743,2015,17091000,17091000,1
DE-1-201265750,2015,0,17091000,1
DE-1-201265750,2014,34182000,17091000,1
DE-1-201266287,2018,0,17091000,1
DE-1-201266287,2017,17091000,0,0
46002-P-SD-KF0-006,2021,391513866.37230194,195278862.2836507,1
46002-P-SD-K00-007,2021,27122064.2060626,1005226.7472372788,2
46002-P-SD-AAB-005,2023,76999540.28101172,46199724.168607034,3
46002-P-SZ-K00-005,2022,35679102.21899169,36397295.102975704,1
46002-P-SZ-AA0-013,2022,39643446.91601789,41255307.421817265,1
46002-P-TG-KA0-002,2017,12923663.594188828,0,0
46002-P-TG-KA0-002,2018,0,12923663.594188828,2
46002-P-TG-KZ0-002,2020,27122064.206062596,27122064.206062596,3
46002-P-TG-AA0-015,2022,5424412.841212519,0,0
46002-P-TG-AA0-015,2023,0,5424412.841212519,1
46002-P-TZ-K00-016,2020,48819715.570912674,24409857.785456337,1
46002-P-TZ-K00-016,2021,0,24409857.785456337,1
46002-P-TZ-AA0-025,2019,0,45612531.47854578,1
46002-P-TZ-AA0-025,2016,91225062.957091555,0,0
46002-P-TZ-AA0-025,2017,0,45612531.47854578,1
46002-P-TZ-KA0-002,2017,0,67805160.5151565,2
46002-P-TZ-KA0-002,2016,67805160.5151565,0,0
46002-P-TZ-KA0-005,2018,54244128.41212519,54244128.41212519,1
DE-1-201170315,2014,0,1139400,2
46002-P-TZ-K00-013,2014,0,52074945.04391741,2
46002-P-TZ-K00-014,2015,67805160.5151565,67805160.5151565,1
46002-P-TZ-KA0-007,2020,54244128.41212519,54244128.41212519,1
46002-P-TZ-K00-018,2023,107800255.19150212,109498322.98852602,1
46002-P-TN-HZ0-005,2019,138292034.05988824,131088848.1801773,1
46002-P-TN-IAZ-003,2017,140596901.29060343,345323.70861681545,1
46002-P-TN-IAZ-003,2018,0,138445324.50871772,1
46002-P-TN-IAZ-002,2016,207918653.03692535,190227930.27459735,1
DE-1-201265115,2015,0,6836400,3
DE-1-201270040,2014,0,683640,1
46002-P-TN-IZ0-008,2015,211383963.9168058,195453168.0605148,1
46002-P-TN-HZ0-002,2016,308852209.3904723,290151975.8288164,1
46002-P-TN-I00-012,2020,210078470.36982292,203134478.85631683,1
46002-P-TN-K00-018,2021,68762680.83975336,65595150.57491997,1
46002-P-UG-K00-009,2021,31190373.836971987,31190373.836971987,1
DE-1-201070259,2017,0,723253.5653760001,2
DE-1-201070259,2014,0,229481.14185000001,2
DE-1-201070259,2016,0,379974.905496,2
DE-1-201070259,2015,0,946090.387278,2
46002-P-UG-E00-012,2021,0,730290.0569156518,1
46002-P-UG-E00-012,2017,0,15797835.103274042,1
46002-P-UG-E00-012,2019,0,22167676.737541143,1
46002-P-UG-E00-012,2020,0,19250713.649314422,1
46002-P-UG-E00-012,2018,0,12013491.870839307,1
46002-P-UG-E00-012,2016,89231590.13950235,19271582.72161778,1
DE-1-201165828,2014,0,5127300,1
46002-P-ZW-AA0-021,2023,5017581.878121581,15391771.436940525,3
46002-P-ZW-AA0-021,2022,20748379.117637888,0,0
XM-DAC-6-4-011639-02-5,2023,305955.10620000004,0,0
XM-DAC-6-4-011005-01-3,2017,3957819.84,938409.84,1
XM-DAC-6-4-011005-01-3,2020,0,1834855.578,1
XM-DAC-6-4-011005-01-3,2022,0,1184554.422,1
XM-DAC-6-4-010877-02-0,2019,0,568871.6562000001,1
XM-DAC-6-4-010877-02-0,2018,568871.6562000001,0,0
XM-DAC-6-4-010888-01-0,2022,0,251330.082552,2
XM-DAC-6-4-010888-01-0,2017,398790,0,0
XM-DAC-6-4-010152-01-5,2019,0,506717.3862,1
XM-DAC-6-4-010152-01-5,2017,1156739.3892,418615.56,1
XM-DAC-6-4-009659-01-6,2019,0,873236.16,1
XM-DAC-6-4-009659-01-6,2015,1617948,744711.8400000001,1
XM-DAC-6-4-011598-01-6,2022,4610468.16,0,0
XM-DAC-6-4-011835-01-4,2021,3361230,3361230,1
XM-DAC-6-4-011835-01-4,2020,2278800,2278800,1
XM-DAC-6-4-011764-02-3,2022,1358073.648,0,0
XM-DAC-6-4-011764-02-3,2020,1490426.3520000002,1490426.3520000002,1
XM-DAC-6-4-011764-02-3,2023,0,3.87396,1
XM-DAC-6-4-011389-02-2,2019,5697000,1553457.9600000002,1
XM-DAC-6-4-010081-01-3,2014,0,3418200,1
XM-DAC-6-4-010081-01-3,2015,0,2848500,1
XM-DAC-6-4-010081-01-3,2016,0,1709100,1
XM-DAC-6-4-011755-03-0,2022,1139400,504942.201,3
XM-DAC-6-4-010718-02-4,2017,0,1595160,1
XM-DAC-6-4-010718-02-4,2015,1595160,0,0
XM-DAC-6-4-010418-01-5,2014,3987900,0,0
XM-DAC-6-4-010418-01-5,2015,0,3987900,1
XM-DAC-6-4-010418-01-5,2019,0,36.893772000000006,1
XM-DAC-6-4-012316-01-0,2022,1139400,797580,2
XM-DAC-3-1-185092-24540,2014,0,13720709.614475831,3
XM-DAC-3-1-185092-24540,2015,0,5391676.562142716,2
XM-DAC-3-1-187132-24323,2014,0,738.6926629979116,3
XM-DAC-3-1-191966-24982,2014,0,2134178.865531487,2
XM-DAC-3-1-107049-16394,2014,0,-222422.57808808063,3
XM-DAC-3-1-114412-14709,2019,0,-2263.3912102318636,1
XM-DAC-3-1-144397-20541,2016,0,160.52073964542143,3
XM-DAC-3-1-144397-20541,2020,0,15169.159590847421,5
XM-DAC-3-1-144397-20541,2018,0,-80.26036982271071,1
XM-DAC-3-1-144397-20541,2014,0,-123798.32314516991,3
XM-DAC-3-1-144397-20541,2017,0,107.01382643028096,1
XM-DAC-3-1-144397-20541,2015,0,-107.01382643028096,1
XM-DAC-3-1-160285-21566,2014,0,1143.3101114346257,1
XM-DAC-3-1-172859-23033,2014,609765.3927651336,12053494.931325173,10
XM-DAC-3-1-172859-23033,2016,-835378.588088233,498195.3764539094,4
XM-DAC-3-1-172859-23033,2017,46431.681885394595,38518.44540313115,1
XM-DAC-3-1-172859-23033,2015,-1371972.1337215507,11312200.431409014,9
XM-DAC-3-1-174458-24297,2015,0,8989103.250049544,4
XM-DAC-3-1-174458-24297,2014,0,0,2
XM-DAC-3-1-204943-27743,2016,0,17382836.256650254,4
XM-DAC-3-1-204943-27743,2015,0,2656233.65447644,2
XM-DAC-3-1-204943-27743,2017,-331667.4034665163,8858390.108080916,3
XM-DAC-3-1-204943-27743,2014,0,8856842.325340325,2
XM-DAC-3-1-209288-26075,2016,0,-147494.62644247626,1
XM-DAC-3-1-209288-26075,2015,0,9723036.936538666,3
XM-DAC-3-1-209288-26075,2014,0,9632067.562005518,3
XM-DAC-3-1-209288-26078,2016,-179880.79086571443,0,0
XM-DAC-3-1-229249-29282,2014,57165505.57173128,0,0
XM-DAC-3-1-229249-29282,2020,-3506151.008399518,21768624.521715272,14
XM-DAC-3-1-229249-29282,2023,-1097577.7069772405,0,0
XM-DAC-3-1-229249-29282,2018,0,7114437.720087197,1
XM-DAC-3-1-229249-29282,2017,0,7670897.937468559,2
XM-DAC-3-1-229249-29282,2021,-9908687.63243342,0,0
XM-DAC-3-1-229249-29282,2019,-6097653.927651336,0,0
XM-DAC-3-1-255454-30798,2018,11433101.114346255,11433101.114346256,1
XM-DAC-3-1-255454-30798,2016,11433101.114346255,10670894.373389838,1
XM-DAC-3-1-255454-30798,2017,10670894.373389838,11433101.114346256,1
XM-DAC-3-1-255454-31740,2022,0,-19799.99237793259,1
XM-DAC-3-1-255454-31740,2020,-792695.0105946737,797754.234058446,1
XM-DAC-3-1-255454-31740,2018,304882.6963825668,1448847.0205338495,1
XM-DAC-3-1-255454-31740,2017,2743944.2674431014,0,0
XM-DAC-3-1-255454-31741,2019,0,179406.446744615,4
XM-DAC-3-1-255454-31741,2021,0,68483.80310675468,5
XM-DAC-3-1-255454-31741,2020,-45732.40445738502,160723.42566197654,3
XM-DAC-3-1-255454-31741,2018,0,95437.49142517417,3
XM-DAC-3-1-255454-31741,2017,609765.3927651336,0,0
XM-DAC-6-4-010693-01-2,2015,826065,826065,1
XM-DAC-6-4-010693-01-2,2018,0,-21226.942242,1
XM-DAC-6-4-010084-02-3,2015,1105218,1105218,1
XM-DAC-6-4-010084-02-3,2017,0,-21970.412136,1
XM-DAC-6-4-010496-02-1,2016,62667,62667,1
XM-DAC-6-4-010496-02-1,2020,0,-41866.250328,1
XM-DAC-3-1-49056-19443,2020,-60502.04271406576,0,0
XM-DAC-3-1-49056-19443,2016,0,-60502.04271406575,4
XM-DAC-3-1-49056-19443,2015,0,65673.44166831812,2
XM-DAC-3-1-49056-19443,2014,0,-18857.436851171515,2
XM-DAC-6-4-010680-01-4,2015,2278800,2278800,1
XM-DAC-6-4-010680-01-4,2017,0,-58948.51113,1
XM-DAC-6-4-011068-01-3,2020,797580,1253340,3
XM-DAC-6-4-011068-01-3,2021,0,797580,3
XM-DAC-6-4-011068-01-3,2017,1253340,797580,3
XM-DAC-6-4-010733-01-5,2018,0,-1329.62283,1
XM-DAC-6-4-010733-01-5,2015,3418200,3418200,1
XM-DAC-6-4-011649-01-3,2021,15564204,3190320,1
XM-DAC-6-4-010997-01-1,2018,0,341820,1
XM-DAC-6-4-010997-01-1,2020,0,341820,1
XM-DAC-6-4-010997-01-1,2017,683640,0,0
XM-DAC-6-4-009147-01-4,2015,0,569700,1
XM-DAC-6-4-009147-01-4,2017,0,569700,1
XM-DAC-6-4-009147-01-4,2014,0,647181.775044,1
XM-DAC-6-4-008465-03-0,2014,866513.7000000001,866513.7000000001,1
XM-DAC-6-4-008465-03-0,2015,337946.04000000004,337946.04000000004,1
XM-DAC-6-4-008465-03-0,2017,0,-89903.59360200001,1
XM-DAC-6-4-010997-03-3,2017,341820,341820,1
XM-DAC-6-4-011097-01-5,2017,3418200,1139400,3
XM-DAC-6-4-011097-01-5,2019,0,1139400,3
XM-DAC-6-4-011097-01-5,2018,0,1139400,3
XM-DAC-6-4-010049-01-2,2016,0,1139400,1
XM-DAC-6-4-010049-01-2,2015,0,1139400,1
XM-DAC-6-4-010049-01-2,2014,0,1139400,1
XM-DAC-6-4-009696-03-5,2015,148122,148122,1
XM-DAC-6-4-009696-03-5,2019,0,9.354474000000002,1
XM-DAC-6-4-012041-01-3,2022,3987900,0,0
XM-DAC-6-4-012041-01-3,2023,0,1922338.71,1
XM-DAC-6-4-010497-01-2,2015,267759,187431.3,1
XM-DAC-6-4-011023-01-4,2020,-1709100,0,0
XM-DAC-6-4-011023-01-4,2017,1709100,0,0
XM-DAC-6-4-012586-01-0,2022,125334000,125334000,1
XM-DAC-6-4-010408-01-6,2015,0,24387.296022,1
XM-DAC-6-4-010408-01-6,2016,0,285.898248,1
XM-DAC-6-4-010408-01-6,2014,106306.02,0,0
XM-DAC-6-4-010408-01-6,2020,0,18.788706,1
XM-DAC-6-4-010408-01-6,2018,0,7425.652104,1
XM-DAC-6-4-010519-02-5,2016,19.620468,19.620468,1
XM-DAC-6-4-010519-02-5,2015,5836.8043800000005,5836.8043800000005,1
XM-DAC-6-4-010519-02-5,2017,124.47945,124.47945,1
XM-DAC-6-4-009614-01-0,2015,0,535062.24,1
XM-DAC-6-4-010607-01-5,2017,0,2256012,1
XM-DAC-6-4-010607-01-5,2015,2256012,0,0
XM-DAC-6-4-010744-01-6,2019,0,5540913.5940000005,1
XM-DAC-6-4-010744-01-6,2018,5540913.5940000005,0,0
XM-DAC-6-4-010419-01-0,2015,1140471.036,0,0
XM-DAC-6-4-010419-01-0,2017,0,782699.436,1
XM-DAC-6-4-010419-01-0,2021,0,-51.067908,1
XI-IATI-EC_INTPA-2023-ACT-61831,2023,7579137.2598,0,0
XI-IATI-EC_INTPA-2021-PCC-427597,2021,4044870,0,0
XI-IATI-EC_INTPA-2023-PC-23134,2023,5440635,1632526.623,1
XI-IATI-EC_INTPA-2022-ACT-61306,2022,68364000,0,0
XI-IATI-EC_INTPA-2023-PC-23130,2023,5144220.09,341820,1
XI-IATI-EC_INTPA-2023-PC-23139,2023,51273000,0,0
XI-IATI-EC_INTPA-2023-ACT-61724,2023,34182000,0,0
XI-IATI-EC_INTPA-2022-PC-21502,2022,110521800,0,0
XI-IATI-EC_INTPA-2018-ACT-D-40701-00,2023,-506864.551104,0,0
XI-IATI-EC_INTPA-2018-ACT-D-40701-00,2018,150400800,0,0
XI-IATI-EC_INTPA-2018-ACT-D-40701-00,2020,22674060,0,0
XI-IATI-EC_INTPA-2018-ACT-D-40643-00,2023,-1297913.328,0,0
XI-IATI-EC_INTPA-2018-ACT-D-40643-00,2020,21044718,0,0
XI-IATI-EC_INTPA-2018-ACT-D-40643-00,2018,47289085.6212,0,0
XI-IATI-EC_INTPA-2017-ACT-D-39656-00,2017,186857614.3788,0,0
XI-IATI-EC_INTPA-2021-ACT-61116,2021,113940000,0,0
XI-IATI-EC_INTPA-2019-PCC-410060,2019,148122000,0,0
XI-IATI-EC_INTPA-2019-PCC-410060,2020,22674060,0,0
XI-IATI-EC_INTPA-2018-PCC-404409,2018,227880000,0,0
XI-IATI-EC_INTPA-2018-PCC-404409,2021,19369800,0,0
XI-IATI-EC_INTPA-2022-ACT-60736,2022,2848500,0,0
XI-IATI-EC_INTPA-2023-PC-25058,2023,2278800,0,0
XI-IATI-EC_INTPA-2008-ACT-D-20972-01,2017,-4557600,0,0
XI-IATI-EC_INTPA-2021-ACT-61083,2023,-170910000,0,0
XI-IATI-EC_INTPA-2021-ACT-61083,2021,170910000,0,0
XI-IATI-EC_INTPA-2016-ACT-D-38574-01,2016,154958400,0,0
XI-IATI-EC_INTPA-2016-ACT-D-38574-01,2019,-6591429,0,0
XI-IATI-EC_INTPA-2016-ACT-D-38574-01,2022,-3345059.7035640003,0,0
XI-IATI-EC_INTPA-2016-ACT-D-38574-01,2018,5697000,0,0
XI-IATI-EC_INTPA-2016-ACT-D-38574-01,2020,55516134.681018,0,0
XI-IATI-EC_INTPA-2020-PCC-417520,2020,888732,660852,1
XI-IATI-EC_INTPA-2023-PC-27358,2023,153122.8266,61249.13064,1
XI-IATI-EC_INTPA-2021-PCC-417549,2021,266965.97760000004,106786.39104000002,1
XI-IATI-EC_INTPA-2016-ACT-D-38564-01,2016,95709600,0,0
XI-IATI-EC_INTPA-2016-ACT-D-38564-01,2019,-3646080,0,0
XI-IATI-EC_INTPA-2016-ACT-D-38564-01,2020,-25693470,0,0
XI-IATI-EC_INTPA-2016-ACT-D-38569-00,2019,-1196370,0,0
XI-IATI-EC_INTPA-2016-ACT-D-38569-00,2020,-11977490.84184,0,0
XI-IATI-EC_INTPA-2016-ACT-D-38569-00,2016,61527600,0,0
XI-IATI-EC_INTPA-2016-ACT-D-38575-00,2019,-7690950,0,0
XI-IATI-EC_INTPA-2016-ACT-D-38575-00,2020,-50532390,0,0
XI-IATI-EC_INTPA-2016-ACT-D-38575-00,2016,133309800,0,0
XI-IATI-EC_INTPA-2022-PC-21515,2022,113256.36,0,0
XI-IATI-EC_INTPA-2019-ACT-D-42209-00,2019,28485000,0,0
XI-IATI-EC_INTPA-2019-PCC-407596,2019,1139302.0116,740821.153608,1
XI-IATI-EC_INTPA-2019-PCC-407596,2021,0,284550.656832,2
XI-IATI-EC_INTPA-2019-PCC-404038,2019,1025460,335010.911418,1
XI-IATI-EC_INTPA-2019-PCC-404038,2020,0,440640.196182,1
XI-IATI-EC_INTPA-2019-PCC-404038,2021,0,147262.8924,1
XI-IATI-EC_INTPA-2021-PCC-422434,2021,99583.56,39833.424,1
XI-IATI-EC_INTPA-2018-PCC-383693,2018,1936978.439022,769315.143474,2
XI-IATI-EC_INTPA-2018-PCC-383693,2019,0,603688.826124,1
XI-IATI-EC_INTPA-2018-PCC-383693,2021,0,615303.4937219999,2
XI-IATI-EC_INTPA-2018-PCC-397536,2021,0,658583.4204180001,2
XI-IATI-EC_INTPA-2018-PCC-397536,2018,2278800,649376.088534,1
XI-IATI-EC_INTPA-2018-PCC-397536,2020,0,742960.491048,1
XI-IATI-EC_INTPA-2023-PC-25538,2023,29624400,0,0
XI-IATI-EC_INTPA-2019-ACT-D-40019-00,2019,39879000,0,0
XI-IATI-EC_INTPA-2020-ACT-D-38966-00,2020,22788000,0,0
XI-IATI-EC_INTPA-2020-ACT-D-40118-00,2020,34182000,0,0
XI-IATI-EC_INTPA-2019-PCC-410047,2023,0,10986444.413496003,3
XI-IATI-EC_INTPA-2019-PCC-410047,2020,0,3418200,3
XI-IATI-EC_INTPA-2019-PCC-410047,2019,17091000,0,0
XI-IATI-EC_INTPA-2014-ACT-D-25027-00,2020,3418200,0,0
XI-IATI-EC_INTPA-2014-ACT-D-25027-00,2014,68364000,0,0
XI-IATI-EC_INTPA-2014-ACT-D-25027-00,2022,-152985.13011,0,0
XI-IATI-EC_INTPA-2014-ACT-D-25027-00,2021,-437847.4926,0,0
XI-IATI-EC_INTPA-2023-ACT-60734,2023,35321400,0,0
XI-IATI-EC_INTPA-2019-PCC-409406,2019,22788000,0,0
XI-IATI-EC_INTPA-2021-PCC-428633,2021,22788000,0,0
XI-IATI-EC_INTPA-2021-PCC-428501,2021,22788000,0,0
XI-IATI-EC_INTPA-2023-ACT-61699,2023,38739600,0,0
XI-IATI-EC_INTPA-2022-ACT-61508,2022,22788000,0,0
XI-IATI-EC_INTPA-2022-ACT-61508,2023,27060750,0,0
XI-IATI-EC_INTPA-2023-PC-25147,2023,17091000,0,0
XI-IATI-EC_INTPA-2023-PC-25043,2023,765676.8,306270.72000000003,2
XI-IATI-EC_INTPA-2023-PC-25042,2023,4557600,1873663.382484,1
XI-IATI-EC_INTPA-2022-PC-20222,2022,15381900,0,0
XI-IATI-EC_INTPA-2023-PC-27590,2023,1595160,210158.547192,3
XI-IATI-EC_INTPA-2022-ACT-60987,2022,10596420,0,0
XI-IATI-EC_INTPA-2021-ACT-61078,2021,17091000,0,0
XI-IATI-EC_INTPA-2023-PC-27690,2023,1139400,0,0
XI-IATI-EC_INTPA-2023-PC-27689,2023,7975800,0,0
XI-IATI-EC_INTPA-2023-PC-18126,2023,1390068,278013.60000000003,1
XI-IATI-EC_INTPA-2020-ACT-D-42401-00,2020,51273000,0,0
XI-IATI-EC_INTPA-2022-PCC-436209,2022,210623.787,0,0
XI-IATI-EC_INTPA-2022-PCC-436209,2023,-210623.787,0,0
XI-IATI-EC_INTPA-2023-PC-25426,2023,25066800,4803681.766878,1
XI-IATI-EC_INTPA-2021-PC-1116,2021,640599.165,128119.833,1
XI-IATI-EC_INTPA-2017-ACT-D-40031-01,2018,4557600,0,0
XI-IATI-EC_INTPA-2017-ACT-D-40031-01,2017,109382400,0,0
XI-IATI-EC_INTPA-2017-ACT-D-40031-01,2020,2278800,0,0
XI-IATI-EC_INTPA-2017-ACT-D-40031-01,2019,56970000,0,0
XI-IATI-EC_INTPA-2022-ACT-D-44510-00,2022,22788000,0,0
XI-IATI-EC_INTPA-2022-PC-21486,2022,1139400,1002672,1
XI-IATI-EC_INTPA-2021-PC-7879,2021,177943.5162,71177.40648,1
XI-IATI-EC_INTPA-2019-PCC-408616,2022,1247870.8800000001,0,0
XI-IATI-EC_INTPA-2019-PCC-408616,2019,3174938.1,0,0
XI-IATI-EC_INTPA-2019-PCC-408616,2021,704491.02,0,0
XI-IATI-EC_INTPA-2022-PC-16749,2022,530162.8200000001,106032.564,1
XI-IATI-EC_INTPA-2023-PC-21484,2023,973275.48,194655.096,1
XI-IATI-EC_INTPA-2023-PC-32262,2023,101341.0845,0,0
XI-IATI-EC_INTPA-2019-PCC-412775,2019,1382661.9,581094,1
XI-IATI-EC_INTPA-2019-PCC-412775,2023,0,180992.5506,1
XI-IATI-EC_INTPA-2019-PCC-412775,2022,0,420495.57,1
XI-IATI-EC_INTPA-2023-PC-18143,2023,206385.10506,0,0
XI-IATI-EC_INTPA-2020-ACT-D-42454-00,2020,11394000,0,0
XI-IATI-EC_INTPA-2019-ACT-D-41517-00,2019,20509200,0,0
XI-IATI-EC_INTPA-2015-ACT-D-38302-01,2015,36232920,0,0
XI-IATI-EC_INTPA-2022-ACT-61483,2022,11963700,0,0
XI-IATI-EC_INTPA-2021-ACT-61633,2023,11394000,0,0
XI-IATI-EC_INTPA-2015-ACT-D-38302-02,2015,36232920,0,0
XI-IATI-EC_INTPA-2020-PCC-416581,2020,3418200,1299209.9652,1
XI-IATI-EC_INTPA-2020-PCC-416581,2022,0,1178189.7336000002,1
XI-IATI-EC_INTPA-2020-PCC-416581,2023,0,940790.0466,1
XI-IATI-EC_INTPA-2021-PCC-428224,2021,21078900,0,0
XI-IATI-EC_INTPA-2021-ACT-60940,2021,20395260,0,0
XI-IATI-EC_INTPA-2022-PC-24334,2022,13444920,0,0
XI-IATI-EC_INTPA-2021-PCC-430941,2021,6836400,0,0
XI-IATI-EC_INTPA-2018-ACT-D-40855-00,2019,9798840,0,0
XI-IATI-EC_INTPA-2018-ACT-D-40855-00,2018,12533400,0,0
XI-IATI-EC_INTPA-2018-ACT-D-41630-00,2018,2985228,0,0
XI-IATI-EC_INTPA-2022-ACT-61489,2022,14812200,0,0
XI-IATI-EC_INTPA-2018-ACT-D-39315-00,2018,16863120,0,0
XI-IATI-EC_INTPA-2019-ACT-D-41940-00,2019,5697000,0,0
XI-IATI-EC_INTPA-2022-PCC-431645,2022,901379.34,180275.868,1
XI-IATI-EC_INTPA-2022-PCC-431645,2023,90137.934,0,0
XI-IATI-EC_INTPA-2016-ACT-D-39312-00,2016,18230400,0,0
XI-IATI-EC_INTPA-2020-ACT-D-38561-00,2020,22788000,0,0
XI-IATI-EC_INTPA-2023-ACT-61606,2023,14584320,0,0
XI-IATI-EC_INTPA-2023-ACT-61910,2023,25636500,0,0
XI-IATI-EC_INTPA-2021-ACT-61102,2021,68364000,0,0
XI-IATI-EC_INTPA-2022-PC-17800,2022,68364000,0,0
XI-IATI-EC_INTPA-2019-ACT-D-41264-00,2019,56970000,0,0
XI-IATI-EC_INTPA-2019-ACT-D-41264-00,2023,-3133350,0,0
XI-IATI-EC_INTPA-2023-ACT-61846,2023,45576000,0,0
XI-IATI-EC_INTPA-2021-PCC-429840,2021,410184,186524.3376,1
XI-IATI-EC_INTPA-2021-PCC-429840,2023,0,113885.76456,1
XI-IATI-EC_INTPA-2023-PC-28421,2023,41018400,0,0
XI-IATI-EC_INTPA-2022-PC-21817,2023,0,1533192.215598,1
XI-IATI-EC_INTPA-2022-PC-21817,2022,2050920,0,0
XI-IATI-EC_INTPA-2016-ACT-D-38386-00,2020,-6557247,0,0
XI-IATI-EC_INTPA-2016-ACT-D-38386-00,2019,56970000,0,0
XI-IATI-EC_INTPA-2016-ACT-D-38386-00,2016,131031000,0,0
XI-IATI-EC_INTPA-2019-ACT-D-40939-00,2019,41018400,0,0
XI-IATI-EC_INTPA-2019-PCC-413782,2019,56970000,0,0
XI-IATI-EC_INTPA-2019-PCC-409671,2019,37600200,0,0
XI-IATI-EC_INTPA-2018-PCC-397670,2018,2256012,699027.5970000001,1
XI-IATI-EC_INTPA-2018-PCC-397670,2022,0,345264.930324,1
XI-IATI-EC_INTPA-2018-PCC-397670,2021,0,234813.22621200004,1
XI-IATI-EC_INTPA-2017-PCC-392914,2019,33042600,0,0
XI-IATI-EC_INTPA-2017-PCC-392914,2017,62667000,0,0
XI-IATI-EC_INTPA-2017-PCC-392914,2020,-8972775,0,0
XI-IATI-EC_INTPA-2017-ACT-D-39674-04,2017,68364000,0,0
XI-IATI-EC_INTPA-2017-ACT-D-39674-04,2018,29738340,0,0
XI-IATI-EC_INTPA-2017-ACT-D-39674-04,2019,10254600,0,0
XI-IATI-EC_INTPA-2022-ACT-61302,2022,5264028,0,0
XI-IATI-EC_INTPA-2023-PC-25625,2023,5264028,0,0
XI-IATI-EC_INTPA-2019-PCC-413519,2020,3987900,0,0
XI-IATI-EC_INTPA-2019-PCC-413519,2019,28371060,0,0
XI-IATI-EC_INTPA-2019-ACT-D-40840-00,2020,6836400,0,0
XI-IATI-EC_INTPA-2019-ACT-D-40840-00,2019,36460800,0,0
XI-IATI-EC_INTPA-2015-ACT-D-38103-00,2015,34182000,0,0
XI-IATI-EC_INTPA-2015-ACT-D-38103-00,2017,3987900,0,0
XI-IATI-EC_INTPA-2018-ACT-D-40697-00,2020,17204940,0,0
XI-IATI-EC_INTPA-2018-ACT-D-40697-00,2018,68819760,0,0
XI-IATI-EC_INTPA-2021-PCC-422992,2021,5241240,3545648.7264,6
XI-IATI-EC_INTPA-2021-PCC-419116,2022,0,3774653.3142,3
XI-IATI-EC_INTPA-2021-PCC-419116,2021,10368540,2453833.4886,3
XI-IATI-EC_INTPA-2017-ACT-D-39148-00,2020,42157800,0,0
XI-IATI-EC_INTPA-2017-ACT-D-39148-00,2021,-398790,0,0
XI-IATI-EC_INTPA-2017-ACT-D-39148-00,2017,136728000,0,0
XI-IATI-EC_INTPA-2018-PCC-397120,2022,-6266700,0,0
XI-IATI-EC_INTPA-2018-PCC-397120,2018,113940000,0,0
XI-IATI-EC_INTPA-2018-PCC-397120,2021,37979999.6202,0,0
XI-IATI-EC_INTPA-2018-PCC-399023,2018,6266700,1139400,1
XI-IATI-EC_INTPA-2018-PCC-399023,2020,0,1139400,1
XI-IATI-EC_INTPA-2018-PCC-399023,2021,0,1709100,1
XI-IATI-EC_INTPA-2018-PCC-399023,2023,3987900,0,0
XI-IATI-EC_INTPA-2019-ACT-D-42051-00,2019,22788000,0,0
XI-IATI-EC_INTPA-2015-ACT-D-38731-01,2015,27345600,0,0
XI-IATI-EC_INTPA-2022-ACT-60692,2022,10824300,0,0
XI-IATI-EC_INTPA-2020-PCC-421423,2020,17888580,0,0
XI-IATI-EC_INTPA-2017-ACT-D-39228-00,2017,18857070,0,0
XI-IATI-EC_INTPA-2022-PC-21579,2022,435059.3808,190711.17684000003,1
XI-IATI-EC_INTPA-2021-PCC-428606,2021,319032,172582.388532,1
XI-IATI-EC_INTPA-2021-PCC-428606,2023,0,99658.350216,2
XI-IATI-EC_INTPA-2021-PCC-428618,2021,341296.16085000004,214016.79486600004,1
XI-IATI-EC_INTPA-2021-PCC-428618,2023,0,61227.345312000005,1
XI-IATI-EC_INTPA-2022-ACT-60599,2022,5697000,0,0
XI-IATI-EC_INTPA-2020-PCC-416132,2023,0,1275352.0686,1
XI-IATI-EC_INTPA-2020-PCC-416132,2020,7064280,1979668.7604,1
XI-IATI-EC_INTPA-2020-PCC-416065,2020,7121250,1127455.749558,1
XI-IATI-EC_INTPA-2020-PCC-416065,2023,0,3584415.797334,1
XI-IATI-EC_INTPA-2020-PCC-416065,2022,0,1406710.668888,1
XI-IATI-EC_INTPA-2021-ACT-61001,2021,36460800,0,0
XI-IATI-EC_INTPA-2015-ACT-D-37809-00,2015,41018400,0,0
XI-IATI-EC_INTPA-2015-ACT-D-37809-00,2021,-421402.224762,0,0
XI-IATI-EC_INTPA-2020-ACT-D-42335-00,2020,24793344,0,0
XI-IATI-EC_INTPA-2015-ACT-D-38149-00,2021,-1830586.234806,0,0
XI-IATI-EC_INTPA-2015-ACT-D-38149-00,2015,14960322,0,0
XI-IATI-EC_INTPA-2023-PC-19387,2023,879776.316,175955.2632,3
XI-IATI-EC_INTPA-2022-PC-15528,2022,30763800,0,0
XI-IATI-EC_INTPA-2016-PCC-375131,2016,1139400,569700,1
XI-IATI-EC_INTPA-2016-PCC-375131,2020,0,569700,1
XI-IATI-EC_INTPA-2023-PC-25140,2023,225764.1342,90305.65368,1
XI-IATI-EC_INTPA-2017-ACT-D-38831-00,2017,45576000,0,0
XI-IATI-EC_INTPA-2017-ACT-D-38831-00,2023,-6152760,0,0
XI-IATI-EC_INTPA-2017-ACT-D-39902-00,2020,5697000,0,0
XI-IATI-EC_INTPA-2017-ACT-D-39902-00,2017,113940000,0,0
XI-IATI-EC_INTPA-2023-ACT-61732,2023,55830600,0,0
XI-IATI-EC_INTPA-2018-ACT-D-40874-00,2018,25066800,0,0
XI-IATI-EC_INTPA-2019-ACT-D-41594-00,2019,2044342.2438,0,0
XI-IATI-EC_INTPA-2022-ACT-60558,2022,35321400,0,0
XI-IATI-EC_INTPA-2020-PCC-422215,2023,0,1136558.3364,1
XI-IATI-EC_INTPA-2020-PCC-422215,2021,0,709269.6636000001,1
XI-IATI-EC_INTPA-2020-PCC-422215,2020,2050920,0,0
XI-IATI-EC_INTPA-2020-PCC-422462,2020,6378970.779,0,0
XI-IATI-EC_INTPA-2020-PCC-422462,2021,0,2020748.688,1
XI-IATI-EC_INTPA-2020-PCC-422462,2022,0,1452740.6970000002,1
XI-IATI-EC_INTPA-2020-PCC-422462,2023,0,1342580.246316,1
XI-IATI-EC_INTPA-2022-PC-24289,2022,22788000,0,0
XI-IATI-EC_INTPA-2020-PCC-422494,2020,6897927.600000001,0,0
XI-IATI-EC_INTPA-2020-ACT-D-42802-00,2020,34182000,0,0
XI-IATI-EC_INTPA-2020-PCC-416217,2020,26775900,0,0
XI-IATI-EC_INTPA-2020-ACT-D-41871-00,2020,5127300,0,0
XI-IATI-EC_INTPA-2019-ACT-D-41123-00,2019,56970000,0,0
XI-IATI-EC_INTPA-2019-ACT-D-41123-00,2023,-339711.33520800003,0,0
XI-IATI-EC_INTPA-2018-ACT-D-39985-00,2018,70642800,0,0
XI-IATI-EC_INTPA-2022-ACT-60628,2022,42157800,0,0
XI-IATI-EC_INTPA-2023-PC-24294,2023,34182000,0,0
XI-IATI-EC_INTPA-2022-PCC-421392,2023,0,1244679.112962,2
XI-IATI-EC_INTPA-2022-PCC-421392,2022,4557600,1484804.620764,2
XI-IATI-EC_INTPA-2016-ACT-D-38868-01,2021,-31847.369400000003,0,0
XI-IATI-EC_INTPA-2016-ACT-D-38868-01,2016,10368540,0,0
XI-IATI-EC_INTPA-2018-PCC-397039,2021,0,67466.471832,1
XI-IATI-EC_INTPA-2018-PCC-397039,2019,-322450.2,282571.2,1
XI-IATI-EC_INTPA-2018-PCC-397039,2020,0,245530.44540000003,1
XI-IATI-EC_INTPA-2018-PCC-397039,2018,934308,0,0
XI-IATI-EC_INTPA-2019-ACT-D-42187-00,2023,-114167.88,0,0
XI-IATI-EC_INTPA-2019-ACT-D-42187-00,2019,57881519.99999999,0,0
XI-IATI-EC_INTPA-2020-PCC-415725,2020,48994200,0,0
XI-IATI-EC_INTPA-2020-PCC-418930,2022,0,1899497.978568,3
XI-IATI-EC_INTPA-2020-PCC-418930,2020,8431560,1638645.5997900001,3
XI-IATI-EC_INTPA-2020-PCC-418930,2023,0,3338508.8827800006,3
XI-IATI-EC_INTPA-2023-PC-27334,2023,227652.12,91060.848,1
XI-IATI-EC_INTPA-2021-PCC-425135,2021,7975800,1731204.36,1
XI-IATI-EC_INTPA-2021-PCC-425135,2023,0,2393207.154,1
XI-IATI-EC_INTPA-2019-ACT-D-39998-00,2019,127612800,0,0
XI-IATI-EC_INTPA-2018-ACT-D-39665-00,2018,251807400,0,0
XI-IATI-EC_INTPA-2018-ACT-D-39665-00,2023,-6724302.785802,0,0
XI-IATI-EC_INTPA-2020-PCC-421284,2020,5697000,0,0
XI-IATI-EC_INTPA-2020-PCC-421284,2021,0,5697000,1
XI-IATI-EC_INTPA-2015-ACT-D-38388-00,2017,-40448700,0,0
XI-IATI-EC_INTPA-2015-ACT-D-38388-00,2015,250668000,0,0
XI-IATI-EC_INTPA-2015-ACT-D-38388-00,2020,-122254.384104,0,0
XI-IATI-EC_INTPA-2016-ACT-D-38972-00,2020,-3987900,0,0
XI-IATI-EC_INTPA-2016-ACT-D-38972-00,2018,34182000,0,0
XI-IATI-EC_INTPA-2016-ACT-D-38972-00,2016,56970000,0,0
XI-IATI-EC_INTPA-2020-PCC-415584,2023,11963700,7975800,1
XI-IATI-EC_INTPA-2020-PCC-415584,2020,4557600,2786145.1956,1
XI-IATI-EC_INTPA-2020-PCC-415584,2022,0,1771454.8044,1
XI-IATI-EC_INTPA-2017-PCC-389389,2017,5697000,0,0
XI-IATI-EC_INTPA-2017-PCC-389389,2021,0,2314218.385728,1
XI-IATI-EC_INTPA-2017-PCC-389389,2019,0,932347.628118,1
XI-IATI-EC_INTPA-2017-PCC-389389,2018,0,1424809.4454,1
XI-IATI-EC_INTPA-2017-PCC-389389,2020,0,869015.059002,1
XI-IATI-EC_INTPA-2020-ACT-D-42916-00,2020,9001260,0,0
XI-IATI-EC_INTPA-2022-PC-19577,2023,0,2009143.8990000002,3
XI-IATI-EC_INTPA-2022-PC-19577,2022,6836400,0,0
XI-IATI-EC_INTPA-2021-ACT-61069,2021,45234180,0,0
XI-IATI-EC_INTPA-2022-PC-18569,2022,23927400,0,0
XI-IATI-EC_INTPA-2022-ACT-61433,2022,35207460,0,0
XI-IATI-EC_INTPA-2023-PC-24210,2023,35207460,0,0
XI-IATI-EC_INTPA-2023-PC-26617,2023,1709100,942690.919014,1
XI-IATI-EC_INTPA-2022-ACT-61310,2022,18230400,0,0
XI-IATI-EC_INTPA-2023-PC-26888,2023,14812200,0,0
XI-IATI-EC_INTPA-2021-ACT-61086,2021,222183000,0,0
XI-IATI-EC_INTPA-2023-PC-20039,2023,1139400,369447.0318,1
XI-IATI-EC_INTPA-2023-PC-22492,2023,0,1166852.7036,1
XI-IATI-EC_INTPA-2023-PC-22492,2022,5834263.518,0,0
XI-IATI-EC_INTPA-2018-ACT-D-40839-01,2019,-8545500,0,0
XI-IATI-EC_INTPA-2018-ACT-D-40839-01,2018,97988400,0,0
XI-IATI-EC_INTPA-2018-ACT-D-40839-01,2020,41069507.787,0,0
XI-IATI-EC_INTPA-2022-PC-22100,2022,1139400,754010.4834,1
XI-IATI-EC_INTPA-2023-PC-19168,2023,3418200,1749828.9924,1
XI-IATI-EC_INTPA-2023-PC-29022,2023,5126730.3,0,0
XI-IATI-EC_INTPA-2022-ACT-D-44448-00,2022,28485000,0,0
XI-IATI-EC_INTPA-2016-ACT-D-38233-00,2022,-2848500,0,0
XI-IATI-EC_INTPA-2016-ACT-D-38233-00,2018,19369800,0,0
XI-IATI-EC_INTPA-2016-ACT-D-38233-00,2019,-20794050,0,0
XI-IATI-EC_INTPA-2016-ACT-D-38233-00,2020,-1993950,0,0
XI-IATI-EC_INTPA-2016-ACT-D-38233-00,2016,87733800,0,0
XI-IATI-EC_INTPA-2016-ACT-D-38320-00,2019,-32757750,0,0
XI-IATI-EC_INTPA-2016-ACT-D-38320-00,2020,-17375850,0,0
XI-IATI-EC_INTPA-2016-ACT-D-38320-00,2017,45576000,0,0
XI-IATI-EC_INTPA-2016-ACT-D-38320-00,2016,231298200,0,0
XI-IATI-EC_INTPA-2022-PC-16758,2022,181164600,0,0
XI-IATI-EC_INTPA-2022-PC-16925,2022,1481220,1105085.8296,1
XI-IATI-EC_INTPA-2023-PC-20035,2023,1139400,396250.721766,1
XI-IATI-EC_INTPA-2023-PC-16929,2023,3987672.12,797534.424,1
XI-IATI-EC_INTPA-2023-PC-20001,2023,558993.0582000001,455700.7512,1
XI-IATI-EC_INTPA-2022-ACT-61446,2023,32714390.133,0,0
XI-IATI-EC_INTPA-2022-ACT-61446,2022,2720949.867,0,0
XI-IATI-EC_INTPA-2023-PC-24213,2023,35435340,0,0
XI-IATI-EC_INTPA-2023-PC-25713,2023,5697000,569700,3
XI-IATI-EC_INTPA-2016-ACT-D-38030-00,2020,22788000,0,0
XI-IATI-EC_INTPA-2016-ACT-D-38030-00,2016,69959160,0,0
XI-IATI-EC_INTPA-2021-ACT-61472,2022,56970000,0,0
XI-IATI-EC_INTPA-2023-PC-32264,2023,5355180,1831664.5287840003,3
XI-IATI-EC_INTPA-2023-PC-25701,2023,45576000,0,0
XI-IATI-EC_INTPA-2020-PCC-414217,2020,31903200,0,0
XI-IATI-EC_INTPA-2015-ACT-D-37956-00,2015,45576000,0,0
XI-IATI-EC_INTPA-2015-ACT-D-37956-00,2021,-543191.7450600001,0,0
XI-IATI-EC_INTPA-2020-ACT-D-42950-01,2020,15951600,0,0
XI-IATI-EC_INTPA-2022-PCC-435740,2022,13672800,0,0
XI-IATI-EC_INTPA-2023-PC-26364,2023,30592890,0,0
XI-IATI-EC_INTPA-2022-ACT-61423,2022,30763800,0,0
XI-IATI-EC_INTPA-2022-PCC-429800,2022,6233942.25,0,0
XI-IATI-EC_INTPA-2021-PCC-424359,2021,6152760,2103789.47031,3
XI-IATI-EC_INTPA-2021-PCC-424359,2023,4272750,2124583.736796,3
XI-IATI-EC_INTPA-2020-ACT-D-40138-00,2020,43297200,0,0
XI-IATI-EC_INTPA-2021-PCC-421490,2021,1709100,456067.638,1
XI-IATI-EC_INTPA-2021-PCC-421490,2022,0,654586.883766,1
XI-IATI-EC_INTPA-2021-PCC-421490,2023,0,427535.478234,1
XI-IATI-EC_INTPA-2021-PC-4857,2021,1021096.098,204219.2196,1
XI-IATI-EC_INTPA-2021-PC-4857,2023,116685.954,0,0
XI-IATI-EC_INTPA-2019-ACT-D-38918-00,2019,54691200,0,0
XI-IATI-EC_INTPA-2021-PCC-425265,2021,2962440,1113257.6064000002,1
XI-IATI-EC_INTPA-2021-PCC-425265,2023,0,1303853.612688,2
XI-IATI-EC_INTPA-2021-PCC-425265,2022,0,901011.587256,1
XI-IATI-EC_INTPA-2020-PCC-420650,2020,23927400,0,0
XI-IATI-EC_INTPA-2021-ACT-61104,2021,9115200,0,0
XI-IATI-EC_INTPA-2022-PC-18559,2023,8545500,0,0
XI-IATI-EC_INTPA-2023-PC-22049,2023,462026.7,92405.34,1
XI-IATI-EC_INTPA-2018-ACT-D-38945-00,2020,695034,0,0
XI-IATI-EC_INTPA-2018-ACT-D-38945-00,2018,24497100,0,0
XI-IATI-EC_INTPA-2017-ACT-D-39288-00,2017,56970000,0,0
XI-IATI-EC_INTPA-2022-ACT-61240,2022,56970000,0,0
XI-IATI-EC_INTPA-2020-PCC-416008,2022,512730,205092,1
XI-IATI-EC_INTPA-2020-PCC-416008,2021,533239.2000000001,213295.68,1
XI-IATI-EC_INTPA-2020-PCC-416008,2020,2743106.992614,1097242.792488,1
XI-IATI-EC_INTPA-2021-ACT-61090,2021,78618600,0,0
XI-IATI-EC_INTPA-2016-ACT-D-38107-00,2016,201673800,0,0
XI-IATI-EC_INTPA-2016-ACT-D-38107-00,2020,-28485000,0,0
XI-IATI-EC_INTPA-2023-PC-32142,2023,34182000,0,0
XI-IATI-EC_INTPA-2023-PC-30334,2023,7162382.340000001,341818.8606,3
XI-IATI-EC_INTPA-2016-ACT-D-37486-02,2020,35321400,0,0
XI-IATI-EC_INTPA-2016-ACT-D-37486-02,2016,227880000,0,0
XI-IATI-EC_INTPA-2016-ACT-D-37486-02,2017,4192992,0,0
XI-IATI-EC_INTPA-2022-PC-23195,2022,11394000,2168310.1032,1
XI-IATI-EC_INTPA-2019-PCC-414050,2020,0,683951.637294,1
XI-IATI-EC_INTPA-2019-PCC-414050,2023,0,351996.26625000004,1
XI-IATI-EC_INTPA-2019-PCC-414050,2021,0,648917.29773,1
XI-IATI-EC_INTPA-2019-PCC-414050,2022,0,344018.973636,1
XI-IATI-EC_INTPA-2019-PCC-414050,2019,2585308.8546,0,0
XI-IATI-EC_INTPA-2019-PCC-413820,2021,0,752990.127912,2
XI-IATI-EC_INTPA-2019-PCC-413820,2022,0,429478.690752,1
XI-IATI-EC_INTPA-2019-PCC-413820,2019,2278800,0,0
XI-IATI-EC_INTPA-2019-PCC-413820,2020,0,696758.914872,1
XI-IATI-EC_INTPA-2020-PCC-418161,2023,0,587603.802384,1
XI-IATI-EC_INTPA-2020-PCC-418161,2020,2278800,764211.98736,1
XI-IATI-EC_INTPA-2020-PCC-418161,2022,0,394706.04858000006,1
XI-IATI-EC_INTPA-2022-PC-19819,2022,59248800,0,0
XI-IATI-EC_INTPA-2018-PCC-397046,2018,3133350,626670,1
XI-IATI-EC_INTPA-2018-PCC-397046,2021,-626670,0,0
XI-IATI-EC_INTPA-2018-PCC-397046,2020,-2102455.062,0,0
XI-IATI-EC_INTPA-2017-PCC-385290,2017,3418200,1709100,1
XI-IATI-EC_INTPA-2017-PCC-385290,2020,0,569700,1
XI-IATI-EC_INTPA-2023-ACT-61233,2023,90796045.743,0,0
XI-IATI-EC_INTPA-2021-ACT-61121,2021,79758000,0,0
XI-IATI-EC_INTPA-2023-PC-26483,2023,1139400,871235.476146,1
XI-IATI-EC_INTPA-2018-ACT-D-40929-00,2018,100267200,0,0
XI-IATI-EC_INTPA-2018-ACT-D-40929-00,2020,-70642800,0,0
XI-IATI-EC_INTPA-2023-PC-34444,2023,2278800,0,0
XI-IATI-EC_INTPA-2023-PC-26647,2023,1139400,0,0
XI-IATI-EC_INTPA-2023-PC-29463,2023,284850,113940,1
XI-IATI-EC_INTPA-2023-PC-30645,2023,340637.3028,136219.82760000002,1
XI-IATI-EC_INTPA-2023-PC-25850,2023,68364000,0,0
XI-IATI-EC_INTPA-2021-PCC-429957,2023,341820,0,0
XI-IATI-EC_INTPA-2021-PCC-429957,2021,1139400,446754.1824000001,1
XI-IATI-EC_INTPA-2022-ACT-60909,2022,7178220,0,0
XI-IATI-EC_INTPA-2023-PC-27905,2023,6380640,0,0
XI-IATI-EC_INTPA-2023-ACT-61862,2023,22788000,0,0
XI-IATI-EC_INTPA-2017-ACT-D-40134-00,2017,22788000,0,0
XI-IATI-EC_INTPA-2017-ACT-D-40134-00,2018,38739600,0,0
XI-IATI-EC_INTPA-2023-PC-24360,2023,6836400,1334826.4698,2
XI-IATI-EC_INTPA-2023-PC-30817,2023,53688.528000000006,21475.4112,1
XI-IATI-EC_INTPA-2023-PC-26198,2023,3418200,2695929.577308,1
XI-IATI-EC_INTPA-2016-ACT-D-38540-01,2016,63806400,0,0
XI-IATI-EC_INTPA-2016-ACT-D-38540-01,2019,-5127300,0,0
XI-IATI-EC_INTPA-2022-ACT-61496,2023,17091000,0,0
XI-IATI-EC_INTPA-2022-ACT-61496,2022,11394000,0,0
XI-IATI-EC_INTPA-2023-PC-26203,2023,11394000,0,0
XI-IATI-EC_INTPA-2023-PC-31561,2023,13103100,0,0
XI-IATI-EC_INTPA-2023-ACT-61325,2022,34182000,0,0
XI-IATI-EC_INTPA-2021-PCC-423353,2022,0,978552.086976,1
XI-IATI-EC_INTPA-2021-PCC-423353,2021,3646080,1212833.691936,2
XI-IATI-EC_INTPA-2021-PCC-423353,2023,0,1150219.7424,1
XI-IATI-EC_INTPA-2023-PC-26837,2023,33954120,0,0
XI-IATI-EC_INTPA-2019-ACT-D-41577-00,2019,17091000,0,0
XI-IATI-EC_INTPA-2018-ACT-D-39984-00,2018,17091000,0,0
XI-IATI-EC_INTPA-2016-ACT-D-37957-01,2023,-3873960,0,0
XI-IATI-EC_INTPA-2016-ACT-D-37957-01,2016,34182000,0,0
XI-IATI-EC_INTPA-2015-ACT-D-38504-00,2023,-62290.99800000001,0,0
XI-IATI-EC_INTPA-2015-ACT-D-38504-00,2018,2267406,0,0
XI-IATI-EC_INTPA-2015-ACT-D-38504-00,2015,11394000,0,0
XI-IATI-EC_INTPA-2021-ACT-61120,2021,11394000,0,0
XI-IATI-EC_INTPA-2022-PC-24537,2022,7577010,0,0
XI-IATI-EC_INTPA-2023-PC-25655,2023,4215780,0,0
XI-IATI-EC_INTPA-2022-ACT-60636,2022,5127300,0,0
XI-IATI-EC_INTPA-2019-ACT-D-40807-00,2020,-2910267.9792179996,0,0
XI-IATI-EC_INTPA-2019-ACT-D-40807-00,2019,61527600,0,0
XI-IATI-EC_INTPA-2021-ACT-61065,2021,45576000,0,0
XI-IATI-EC_INTPA-2016-ACT-D-39310-00,2017,11394000,0,0
XI-IATI-EC_INTPA-2016-ACT-D-39310-00,2019,-10254600,0,0
XI-IATI-EC_INTPA-2016-ACT-D-39310-00,2016,100267200,0,0
XI-IATI-EC_INTPA-2022-PC-16482,2022,38739600,0,0
XI-IATI-EC_INTPA-2023-PC-27513,2023,383692.95,153477.18000000002,1
XI-IATI-EC_INTPA-2018-PCC-404429,2021,-1184576.98212,0,0
XI-IATI-EC_INTPA-2018-PCC-404429,2019,0,2833961.985216,1
XI-IATI-EC_INTPA-2018-PCC-404429,2018,5236279.086582,0,0
XI-IATI-EC_INTPA-2018-PCC-404429,2022,-171003.71565,1010122.59357,1
XI-IATI-EC_INTPA-2021-PCC-429309,2022,0,301941,1
XI-IATI-EC_INTPA-2021-PCC-429309,2021,630737.658,0,0
XI-IATI-EC_INTPA-2021-PCC-429309,2023,0,280026.91980000003,1
XI-IATI-EC_INTPA-2023-PC-26026,2023,2117734.416,423546.8832,1
XI-IATI-EC_INTPA-2023-ACT-61294,2022,30763800,0,0
XI-IATI-EC_INTPA-2020-ACT-D-41754-00,2020,45576000,0,0
XI-IATI-EC_INTPA-2022-PC-22890,2022,678284.8200000001,651129.8416200001,1
XI-IATI-EC_INTPA-2020-PCC-419898,2020,6835830.300000001,0,0
XI-IATI-EC_INTPA-2022-PC-15602,2022,31903200,0,0
XI-IATI-EC_INTPA-2018-ACT-D-39797-00,2018,113940000,0,0
XI-IATI-EC_INTPA-2021-ACT-60933,2021,39879000,0,0
XI-IATI-EC_INTPA-2020-ACT-D-40387-00,2020,39879000,0,0
XI-IATI-EC_INTPA-2021-ACT-60903,2021,79758000,0,0
XI-IATI-EC_INTPA-2016-ACT-D-38939-00,2020,-8773380,0,0
XI-IATI-EC_INTPA-2016-ACT-D-38939-00,2016,233577000,0,0
XI-IATI-EC_INTPA-2022-ACT-60961,2022,56970000,0,0
XI-IATI-EC_INTPA-2022-ACT-60961,2023,3076380,0,0
XI-IATI-EC_INTPA-2021-ACT-60930,2021,85455000,0,0
XI-IATI-EC_INTPA-2023-ACT-60983,2022,125334000,0,0
XI-IATI-EC_INTPA-2021-PCC-425462,2021,13672800,0,0
XI-IATI-EC_INTPA-2023-PC-23354,2023,36005040,0,0
XI-IATI-EC_INTPA-2022-PC-15588,2022,31903200,0,0
XI-IATI-EC_INTPA-2022-PC-16632,2022,5127300,1417551.4674,3
XI-IATI-EC_INTPA-2023-PC-26411,2023,34182000,0,0
XI-IATI-EC_INTPA-2023-PC-26579,2023,36460800,0,0
XI-IATI-EC_INTPA-2023-PC-18768,2023,2278800,890517.234708,3
XI-IATI-EC_INTPA-2021-PCC-427166,2023,0,485476.417944,3
XI-IATI-EC_INTPA-2021-PCC-427166,2021,2278800,1486881.6786,3
XI-IATI-EC_INTPA-2022-PC-15913,2022,31903200,0,0
XI-IATI-EC_INTPA-2021-ACT-61100,2021,15381900,0,0
XI-IATI-EC_INTPA-2022-PC-24576,2022,15154020,0,0
XI-IATI-EC_INTPA-2019-ACT-D-41736-00,2019,47057220,0,0
XI-IATI-EC_INTPA-2020-PCC-415467,2021,0,2278800,3
XI-IATI-EC_INTPA-2020-PCC-415467,2020,6836400,2278800,3
XI-IATI-EC_INTPA-2020-PCC-415467,2023,1253340,1253340,3
XI-IATI-EC_INTPA-2020-PCC-415467,2022,0,2278800,3
XI-IATI-EC_INTPA-2016-ACT-D-37972-00,2021,-569700,0,0
XI-IATI-EC_INTPA-2016-ACT-D-37972-00,2023,-2451802.747374,0,0
XI-IATI-EC_INTPA-2016-ACT-D-37972-00,2016,123055200,0,0
XI-IATI-EC_INTPA-2020-ACT-D-40898-00,2020,161794800,0,0
XI-IATI-EC_INTPA-2022-PCC-429583,2022,137867400,0,0
XI-IATI-EC_INTPA-2023-PC-30243,2023,3987888.606,761114.6424,3
XI-IATI-EC_INTPA-2022-PCC-428966,2022,2848500,898986.6000000002,3
XI-IATI-EC_INTPA-2022-PC-23770,2022,7406100,1310821.5906,3
XI-IATI-EC_INTPA-2017-ACT-D-40033-01,2017,34182000,0,0
XI-IATI-EC_INTPA-2019-PCC-413599,2019,9912780,0,0
XI-IATI-EC_INTPA-2016-ACT-D-39297-00,2016,59528864.52,0,0
XI-IATI-EC_INTPA-2016-ACT-D-39297-00,2020,4785480,0,0
XI-IATI-EC_INTPA-2017-ACT-D-40022-00,2020,1709100,0,0
XI-IATI-EC_INTPA-2017-ACT-D-40022-00,2017,17091000,0,0
XI-IATI-EC_INTPA-2019-ACT-D-41739-00,2019,11394000,0,0
XI-IATI-EC_INTPA-2018-ACT-D-41015-01,2018,11394000,0,0
XI-IATI-EC_INTPA-2021-PC-5303,2021,317550.78,63510.156,1
XI-IATI-EC_INTPA-2018-ACT-D-40854-00,2018,11394000,0,0
XI-IATI-EC_INTPA-2018-ACT-D-40854-00,2019,5697000,0,0
XI-IATI-EC_INTPA-2021-PC-1163,2021,1022242.3344,204448.46688,2
XI-IATI-EC_INTPA-2018-PCC-402235,2020,1709100,0,0
XI-IATI-EC_INTPA-2018-PCC-402235,2018,16749180,0,0
XI-IATI-EC_INTPA-2021-PCC-426286,2023,726418.773,0,0
XI-IATI-EC_INTPA-2021-PCC-426286,2021,1453583.8530000001,290716.77059999993,2
XI-IATI-EC_INTPA-2020-PCC-418122,2020,3543534,708706.8,1
XI-IATI-EC_INTPA-2018-PCC-402069,2018,27060750,0,0
XI-IATI-EC_INTPA-2023-ACT-61863,2023,68364000,0,0
XI-IATI-EC_NEAR-2016-ACT-D-39595-00,2016,22788000,0,0
XI-IATI-EC_NEAR-2016-ACT-D-39595-00,2020,2983545.0492300005,0,0
XI-IATI-EC_NEAR-2016-ACT-D-39595-00,2022,996759.117882,0,0
XI-IATI-EC_NEAR-2022-ACT-61467,2023,13672800,0,0
XI-IATI-EC_NEAR-2022-ACT-61467,2022,22788000,0,0
XI-IATI-EC_NEAR-2023-ACT-62364,2023,17091000,0,0
XI-IATI-EC_NEAR-2020-ACT-D-42019-00,2020,34182000,0,0
XI-IATI-EC_NEAR-2022-ACT-61442,2022,12533400,0,0
XI-IATI-EC_NEAR-2023-PC-26479,2023,33384420,5697000,3
XI-IATI-EC_NEAR-2016-ACT-D-38718-06,2023,5340937.5,0,0
XI-IATI-EC_NEAR-2016-ACT-D-38718-06,2016,41815980,0,0
XI-IATI-EC_NEAR-2014-ACT-D-32813-01,2020,8938518.152814,0,0
XI-IATI-EC_NEAR-2014-ACT-D-32813-01,2014,76050835.6266,0,0
XI-IATI-EC_NEAR-2016-ACT-D-38717-03,2016,32176656,0,0
XI-IATI-EC_NEAR-2016-ACT-D-38717-03,2022,2467602.8755380004,0,0
XI-IATI-EC_NEAR-2016-ACT-D-38717-03,2023,886262.06565,0,0
XI-IATI-EC_NEAR-2015-ACT-D-38716-05,2015,34182000,0,0
XI-IATI-EC_NEAR-2015-ACT-D-38716-05,2021,5362454.829726,0,0
XI-IATI-EC_NEAR-2015-ACT-D-38715-01,2022,6522112.074204001,0,0
XI-IATI-EC_NEAR-2015-ACT-D-38715-01,2015,68250060,0,0
XI-IATI-EC_NEAR-2015-ACT-D-38715-01,2020,1168198.8021540002,0,0
XI-IATI-EC_NEAR-2015-ACT-D-38715-01,2023,1037690.14869,0,0
XI-IATI-EC_NEAR-2015-ACT-D-38715-01,2021,589117.905468,0,0
XI-IATI-EC_NEAR-2020-ACT-D-42914-01,2020,88075620,0,0
XI-IATI-EC_NEAR-2023-ACT-61604,2023,91152000,0,0
XI-IATI-EC_NEAR-2019-ACT-D-41203-02,2019,80498610,0,0
XI-IATI-EC_NEAR-2019-PCC-408874,2020,0,6836400,1
XI-IATI-EC_NEAR-2019-PCC-408874,2019,38739600,7975800,1
XI-IATI-EC_NEAR-2019-PCC-408874,2023,0,7406100,1
XI-IATI-EC_NEAR-2021-PCC-423828,2022,17945.55,0,0
XI-IATI-EC_NEAR-2021-PCC-423828,2021,5846010.732,0,0
XI-IATI-EC_NEAR-2021-PCC-424514,2021,2848500,2411136.934704,1
XI-IATI-EC_NEAR-2021-PCC-424514,2023,0,437363.065296,1
XI-IATI-EC_NEAR-2021-PCC-424517,2021,2273103,0,0
XI-IATI-EC_NEAR-2016-PCC-383649,2017,2848500,569700,1
XI-IATI-EC_NEAR-2016-PCC-383649,2022,0,708854.922,1
XI-IATI-EC_NEAR-2016-PCC-383649,2021,0,1332562.482,1
XI-IATI-EC_NEAR-2021-PCC-427664,2021,256.262454,0,0
XI-IATI-EC_NEAR-2021-PCC-424417,2021,2848500,1229073.00183,1
XI-IATI-EC_NEAR-2021-PCC-424417,2022,0,757495.3838760001,1
XI-IATI-EC_NEAR-2021-PCC-424417,2023,0,569904.86412,1
XI-IATI-EC_NEAR-2021-PCC-426292,2021,750294.9,0,0
XI-IATI-EC_NEAR-2020-PCC-423478,2023,0,400013.45353800006,3
XI-IATI-EC_NEAR-2020-PCC-423478,2022,0,967266.546462,3
XI-IATI-EC_NEAR-2020-PCC-423478,2021,2278800,683640,3
XI-IATI-EC_NEAR-2020-PCC-424787,2023,0,18996013.506330002,4
XI-IATI-EC_NEAR-2020-PCC-424787,2022,0,10927388.570886001,2
XI-IATI-EC_NEAR-2020-PCC-424787,2021,41018400,0,0
XI-IATI-EC_NEAR-2020-PCC-419973,2021,57710610,17831610,3
XI-IATI-EC_NEAR-2020-PCC-419973,2023,0,9969750,3
XI-IATI-EC_NEAR-2020-PCC-419973,2022,0,7406100,3
XI-IATI-EC_NEAR-2023-PC-3384,2023,4083324.7500000005,0,0
XI-IATI-EC_NEAR-2023-PC-25960,2023,91152000,82036800,1
XI-IATI-EC_NEAR-2023-PC-3383,2023,181164.6,0,0
XI-IATI-EC_NEAR-2023-ACT-61596,2023,79758000,0,0
XI-IATI-EC_NEAR-2023-PC-25441,2023,79758000,71782200,1
XI-IATI-EC_NEAR-2012-ACT-D-24572-00,2020,157583.57760000002,0,0
XI-IATI-EC_NEAR-2012-ACT-D-24572-00,2017,689.337,0,0
XI-IATI-EC_NEAR-2017-ACT-D-40318-00,2023,12704310,0,0
XI-IATI-EC_NEAR-2017-ACT-D-40318-00,2017,54292410,0,0
XI-IATI-EC_NEAR-2016-ACT-D-39318-00,2016,88303500,0,0
XI-IATI-EC_NEAR-2019-ACT-D-41937-00,2019,62667000,0,0
XI-IATI-EC_NEAR-2018-ACT-D-41405-00,2018,21238416,0,0
XI-IATI-EC_NEAR-2019-ACT-D-41934-01,2019,61527600,0,0
XI-IATI-EC_NEAR-2023-ACT-61996,2023,56970000,0,0
XI-IATI-EC_NEAR-2022-ACT-61197,2022,27345600,0,0
XI-IATI-EC_NEAR-2018-PCC-401348,2022,0,1392521.1282000002,1
XI-IATI-EC_NEAR-2018-PCC-401348,2021,0,1054910.0718,1
XI-IATI-EC_NEAR-2018-PCC-401348,2018,3418200,970768.8,1
XI-IATI-EC_NEAR-2018-PCC-401352,2020,0,1230552,3
XI-IATI-EC_NEAR-2018-PCC-401352,2021,0,307638,3
XI-IATI-EC_NEAR-2018-PCC-401352,2018,3076380,1538190,3
XI-IATI-EC_NEAR-2018-PCC-403393,2023,0,4215780,3
XI-IATI-EC_NEAR-2018-PCC-403393,2018,34182000,4557600,3
XI-IATI-EC_NEAR-2018-PCC-403393,2020,0,5697000,3
XI-IATI-EC_NEAR-2018-PCC-403393,2022,0,7975800,3
XI-IATI-EC_NEAR-2018-PCC-403393,2021,0,4329720,3
XI-IATI-EC_NEAR-2021-PCC-427568,2023,0,434745.145674,3
XI-IATI-EC_NEAR-2021-PCC-427568,2021,1139400,590714.854326,3
XI-IATI-EC_NEAR-2021-PCC-428565,2021,7406100,1792938.8522520005,3
XI-IATI-EC_NEAR-2021-PCC-428565,2023,0,1506941.955,3
XI-IATI-EC_NEAR-2021-PC-7372,2021,170281.05120000002,0,0
XI-IATI-EC_NEAR-2020-PCC-421173,2023,0,5753970,3
XI-IATI-EC_NEAR-2020-PCC-421173,2020,35321400,12533400,3
XI-IATI-EC_NEAR-2020-PCC-421173,2022,0,3646080,3
XI-IATI-EC_NEAR-2020-PCC-421173,2021,0,3987900,3
XI-IATI-EC_NEAR-2020-PCC-417111,2022,0,1057951.1304000001,4
XI-IATI-EC_NEAR-2020-PCC-417111,2020,2107890,1049938.8696,2
XI-IATI-EC_NEAR-2021-PCC-416172,2022,0,1002672,3
XI-IATI-EC_NEAR-2021-PCC-416172,2020,2506680,1253340,3
XI-IATI-EC_NEAR-2021-PCC-427059,2023,0,1098055.822752,3
XI-IATI-EC_NEAR-2021-PCC-427059,2021,1993950,895894.1772480002,3
XI-IATI-EC_NEAR-2021-PCC-428582,2021,2278800,400602.7854,3
XI-IATI-EC_NEAR-2021-PCC-428582,2023,0,661709.9682,3
XI-IATI-EC_NEAR-2021-PCC-424843,2021,10254600,2343673.8582840003,3
XI-IATI-EC_NEAR-2021-PCC-424843,2023,0,1345632.8470380004,3
XI-IATI-EC_NEAR-2022-PC-23383,2022,820501.3098000002,261859.07286000001,3
XI-IATI-EC_NEAR-2020-PCC-419437,2022,0,5697000,3
XI-IATI-EC_NEAR-2020-PCC-419437,2023,0,9115200,3
XI-IATI-EC_NEAR-2020-PCC-419437,2020,46145700,17091000,3
XI-IATI-EC_NEAR-2022-PC-21806,2022,2563650,876547.5184620002,3
XI-IATI-EC_NEAR-2022-PC-23492,2022,2278800,400513.6387440001,3
XI-IATI-EC_NEAR-2022-PC-22447,2022,2278799.7721200003,418010.9943600001,3
XI-IATI-EC_NEAR-2022-PC-22453,2022,3391844.082840001,695363.525874,3
XI-IATI-EC_NEAR-2022-PC-23690,2022,2007926.8944660001,543805.9956,3
XI-IATI-EC_NEAR-2022-PC-22151,2022,876516.4926,165494.54574,3
XI-IATI-EC_NEAR-2022-PC-22257,2022,1107232.299684,528753.9291119999,3
XI-IATI-EC_NEAR-2023-PC-26221,2023,197102.5272,0,0
XI-IATI-EC_NEAR-2023-PC-23854,2023,13672800,0,0
XI-IATI-EC_NEAR-2023-PC-23151,2023,2054748.384,0,0
XI-IATI-EC_NEAR-2015-ACT-D-37735-00,2021,808060.2353820001,0,0
XI-IATI-EC_NEAR-2015-ACT-D-37735-00,2019,1559845.4364,0,0
XI-IATI-EC_NEAR-2015-ACT-D-37735-00,2015,51273000,0,0
XI-IATI-EC_NEAR-2016-ACT-D-39601-00,2022,199463.37539400003,0,0
XI-IATI-EC_NEAR-2016-ACT-D-39601-00,2016,79758000,0,0
XI-IATI-EC_NEAR-2017-ACT-D-40316-00,2017,34182000,0,0
XI-IATI-EC_NEAR-2017-ACT-D-40548-00,2017,20509200,0,0
XI-IATI-EC_NEAR-2019-ACT-D-42137-00,2019,50133600,0,0
XI-IATI-EC_NEAR-2020-ACT-D-42602-00,2020,22788000,0,0
XI-IATI-EC_NEAR-2019-ACT-D-42240-00,2019,51273000,0,0
XI-IATI-EC_NEAR-2019-ACT-D-42240-00,2023,535500.909,0,0
XI-IATI-EC_NEAR-2021-ACT-61727,2023,79758000,0,0
XI-IATI-EC_NEAR-2020-ACT-D-42575-00,2020,22788000,0,0
XI-IATI-EC_NEAR-2023-ACT-61816,2023,39879000,0,0
XI-IATI-EC_NEAR-2022-ACT-60900,2022,74061000,0,0
XI-IATI-EC_NEAR-2022-ACT-60901,2022,51273000,0,0
XI-IATI-EC_NEAR-2019-PCC-411975,2019,397080.9,0,0
XI-IATI-EC_NEAR-2018-PCC-399610,2020,1025460,428064.011712,1
XI-IATI-EC_NEAR-2018-PCC-399610,2018,3190320,1082430,1
XI-IATI-EC_NEAR-2018-PCC-399610,2023,0,1056493.165554,1
XI-IATI-EC_NEAR-2018-PCC-399610,2021,0,1648792.8227340002,2
XI-IATI-EC_NEAR-2017-PCC-394566,2017,63008820,11394000,1
XI-IATI-EC_NEAR-2016-PCC-380129,2016,34182000,23824854,1
XI-IATI-EC_NEAR-2016-PCC-380129,2022,0,7041068.65593,1
XI-IATI-EC_NEAR-2016-PCC-380130,2016,5697000,3985621.2,1
XI-IATI-EC_NEAR-2016-PCC-380130,2022,0,1711378.8,1
XI-IATI-EC_NEAR-2017-PCC-394816,2018,0,11394000,1
XI-IATI-EC_NEAR-2017-PCC-394816,2020,28826820,7777862.23563,2
XI-IATI-EC_NEAR-2017-PCC-394816,2022,0,2278800,1
XI-IATI-EC_NEAR-2017-PCC-394816,2017,16749180,0,0
XI-IATI-EC_NEAR-2017-PCC-394816,2021,0,8971317.76437,2
XI-IATI-EC_NEAR-2020-PCC-420528,2023,0,11963700,2
XI-IATI-EC_NEAR-2020-PCC-420528,2021,0,22788000,1
XI-IATI-EC_NEAR-2020-PCC-420528,2022,0,11394000,1
XI-IATI-EC_NEAR-2020-PCC-420528,2020,68364000,0,0
XI-IATI-EC_NEAR-2020-PCC-420275,2022,0,15381900,1
XI-IATI-EC_NEAR-2020-PCC-420275,2020,39879000,28485000,2
XI-IATI-EC_NEAR-2020-PCC-420275,2021,0,17091000,1
XI-IATI-EC_NEAR-2021-PCC-430372,2022,45034.785,0,0
XI-IATI-EC_NEAR-2021-PCC-430372,2021,2586210.12,0,0
XI-IATI-EC_NEAR-2022-PC-23142,2022,28485000,28485000,1
XI-IATI-EC_NEAR-2022-PC-24488,2023,0,725716.16199,1
XI-IATI-EC_NEAR-2022-PC-24488,2022,1139400,0,0
XI-IATI-EC_NEAR-2022-PCC-430729,2022,20509200,9115200,1
XI-IATI-EC_NEAR-2022-PCC-430729,2023,0,3418200,1
XI-IATI-EC_NEAR-2022-PC-19257,2022,99811.44,0,0
XI-IATI-EC_NEAR-2022-PC-19626,2022,27345600,11394000,1
XI-IATI-EC_NEAR-2023-PC-28407,2023,307438.60500000004,0,0
XI-IATI-EC_NEAR-2023-PC-24994,2023,56970000,17091000,3
XI-IATI-EC_NEAR-2023-PC-26322,2023,11394000,5981735.444724,3
XI-IATI-EC_NEAR-2023-PC-26324,2023,33726240,0,0
XI-IATI-EC_NEAR-2023-PC-25371,2023,35891100,9115200,1
XI-IATI-EC_NEAR-2016-ACT-D-39842-01,2016,113940000,0,0
XI-IATI-EC_NEAR-2016-ACT-D-39842-01,2022,3911186.59074,0,0
XI-IATI-EC_NEAR-2014-ACT-D-37371-00,2022,15860363.707188,0,0
XI-IATI-EC_NEAR-2014-ACT-D-37371-00,2014,79758000,0,0
XI-IATI-EC_NEAR-2017-ACT-D-40260-00,2017,39879000,0,0
XI-IATI-EC_NEAR-2017-ACT-D-40313-00,2017,56970000,0,0
XI-IATI-EC_NEAR-2016-ACT-D-39372-02,2023,13442943.323304,0,0
XI-IATI-EC_NEAR-2016-ACT-D-39372-02,2016,39879000,0,0
XI-IATI-EC_NEAR-2011-ACT-D-22775-00,2021,362054.023506,0,0
XI-IATI-EC_NEAR-2011-ACT-D-22775-00,2018,5960480.165604001,0,0
XI-IATI-EC_NEAR-2011-ACT-D-22775-00,2016,5127300,0,0
XI-IATI-EC_NEAR-2021-ACT-61066,2021,56970000,0,0
XI-IATI-EC_NEAR-2019-ACT-D-42126-00,2019,56970000,0,0
XI-IATI-EC_NEAR-2019-ACT-D-41950-00,2019,62667000,0,0
XI-IATI-EC_NEAR-2017-ACT-D-40759-00,2017,10824300,0,0
XI-IATI-EC_NEAR-2017-ACT-D-40761-01,2023,1622619.54,0,0
XI-IATI-EC_NEAR-2017-ACT-D-40761-01,2017,10482480,0,0
XI-IATI-EC_NEAR-2018-ACT-D-41398-00,2018,56970000,0,0
XI-IATI-EC_NEAR-2021-ACT-61137,2021,148122000,0,0
XI-IATI-EC_NEAR-2018-ACT-D-41290-00,2018,2506680,0,0
XI-IATI-EC_NEAR-2021-ACT-61068,2021,58109400,0,0
XI-IATI-EC_NEAR-2022-ACT-61027,2022,52412400,0,0
XI-IATI-EC_NEAR-2023-ACT-62340,2023,201673800,0,0
XI-IATI-EC_NEAR-2018-ACT-D-41151-00,2018,39879000,0,0
XI-IATI-EC_NEAR-2020-ACT-D-42278-00,2020,96849000,0,0
XI-IATI-EC_NEAR-2020-ACT-D-42291-00,2020,56970000,0,0
XI-IATI-EC_NEAR-2022-ACT-61400,2022,128752200,0,0
XI-IATI-EC_NEAR-2022-ACT-61400,2023,44436600,0,0
XI-IATI-EC_NEAR-2022-ACT-60561,2022,131031000,0,0
XI-IATI-EC_NEAR-2022-ACT-61199,2022,56970000,0,0
XI-IATI-EC_NEAR-2019-PCC-414058,2022,0,10254600,2
XI-IATI-EC_NEAR-2019-PCC-414058,2021,0,10254600,4
XI-IATI-EC_NEAR-2019-PCC-414058,2023,0,13672800,4
XI-IATI-EC_NEAR-2019-PCC-414058,2019,47854800,9115200,2
XI-IATI-EC_NEAR-2019-PCC-413828,2023,7292160,19825560,2
XI-IATI-EC_NEAR-2019-PCC-413828,2021,0,8830350,1
XI-IATI-EC_NEAR-2019-PCC-413828,2019,56970000,13672800,1
XI-IATI-EC_NEAR-2019-PCC-413828,2022,0,5981850,1
XI-IATI-EC_NEAR-2017-PCC-394764,2018,0,505470.8826,1
XI-IATI-EC_NEAR-2017-PCC-394764,2017,1253340,0,0
XI-IATI-EC_NEAR-2017-PCC-394764,2020,0,455256.3852,1
XI-IATI-EC_NEAR-2017-PCC-394764,2019,227880,520492.7322,1
XI-IATI-EC_NEAR-2018-PCC-404157,2019,0,499911.75,1
XI-IATI-EC_NEAR-2018-PCC-404157,2018,1025460,0,0
XI-IATI-EC_NEAR-2021-PCC-428889,2022,0,490792.33422,1
XI-IATI-EC_NEAR-2021-PCC-428889,2023,0,299454.464592,1
XI-IATI-EC_NEAR-2021-PCC-428889,2021,911520,0,0
XI-IATI-EC_NEAR-2021-PCC-428890,2021,911520,269883.137844,1
XI-IATI-EC_NEAR-2021-PCC-428890,2023,0,391554.81,1
XI-IATI-EC_NEAR-2021-PCC-423852,2021,5709442.248,0,0
XI-IATI-EC_NEAR-2021-PCC-423852,2023,569698.8606,0,0
XI-IATI-EC_NEAR-2021-PCC-428962,2021,227880,118656.705816,1
XI-IATI-EC_NEAR-2021-PCC-428962,2023,0,66989.405052,1
XI-IATI-EC_NEAR-2021-PCC-428965,2021,227880,124208.751348,1
XI-IATI-EC_NEAR-2021-PCC-428965,2023,0,71627.94802800001,1
XI-IATI-EC_NEAR-2021-PCC-430122,2021,1253340,433141.189506,1
XI-IATI-EC_NEAR-2021-PCC-430122,2023,0,692533.8943380001,1
XI-IATI-EC_NEAR-2021-PCC-428959,2021,282001.5,156677.7546,1
XI-IATI-EC_NEAR-2021-PCC-428959,2023,0,85874.53847400002,1
XI-IATI-EC_NEAR-2021-PCC-427905,2021,284850,0,0
XI-IATI-EC_NEAR-2021-PCC-427905,2022,0,227880,1
XI-IATI-EC_NEAR-2021-PCC-423450,2021,1145097,620921.966274,1
XI-IATI-EC_NEAR-2017-PCC-394871,2018,0,652333.8456,1
XI-IATI-EC_NEAR-2017-PCC-394871,2017,1709100,0,0
XI-IATI-EC_NEAR-2017-PCC-394871,2022,0,1056766.1544,1
XI-IATI-EC_NEAR-2021-PC-7220,2021,1020617.55,0,0
XI-IATI-EC_NEAR-2021-PC-7220,2023,101352.4785,0,0
XI-IATI-EC_NEAR-2020-PCC-416795,2020,797580,55549.715112000005,1
XI-IATI-EC_NEAR-2020-PCC-416795,2021,0,287149.3092,1
XI-IATI-EC_NEAR-2020-PCC-416795,2022,0,385473.05740800005,1
XI-IATI-EC_NEAR-2021-PCC-415259,2022,763731.8442,0,0
XI-IATI-EC_NEAR-2021-PCC-415259,2021,3189864.24,0,0
XI-IATI-EC_NEAR-2021-PCC-415264,2021,2610183.0960000004,0,0
XI-IATI-EC_NEAR-2021-PCC-415264,2022,763705.638,0,0
XI-IATI-EC_NEAR-2020-PCC-416748,2020,51273000,56970000,1
XI-IATI-EC_NEAR-2020-PCC-416748,2021,0,10254600,1
XI-IATI-EC_NEAR-2020-PCC-416748,2022,1139400,17091000,1
XI-IATI-EC_NEAR-2020-PCC-416748,2023,0,17091000,1
XI-IATI-EC_NEAR-2021-PCC-417640,2022,0,300051.66970800003,1
XI-IATI-EC_NEAR-2021-PCC-417640,2021,911520,556221.4790940001,1
XI-IATI-EC_NEAR-2020-PCC-421661,2020,455760,0,0
XI-IATI-EC_NEAR-2020-PCC-421661,2022,0,61170.705738,1
XI-IATI-EC_NEAR-2020-PCC-421661,2021,0,249747.3648,1
XI-IATI-EC_NEAR-2020-PCC-416324,2022,0,8430192.72,3
XI-IATI-EC_NEAR-2020-PCC-416324,2023,0,25387199.28,6
XI-IATI-EC_NEAR-2020-PCC-416324,2020,145843200,79758000,3
XI-IATI-EC_NEAR-2020-PCC-416324,2021,0,12943584,3
XI-IATI-EC_NEAR-2021-PC-4855,2021,272806.542,0,0
XI-IATI-EC_NEAR-2021-PCC-424895,2021,260694.72,0,0
XI-IATI-EC_NEAR-2021-PCC-425620,2021,3015536.04,0,0
XI-IATI-EC_NEAR-2021-PCC-429045,2021,649797.803262,204163.856154,1
XI-IATI-EC_NEAR-2021-PCC-429045,2023,0,218445.95030400003,1
XI-IATI-EC_NEAR-2023-PC-17755,2023,900126,0,0
XI-IATI-EC_NEAR-2022-PC-24235,2023,52070580,9115200,2
XI-IATI-EC_NEAR-2022-PC-23356,2023,50703300,11394000,3
XI-IATI-EC_NEAR-2020-PCC-415186,2020,1367280,175807.1412,1
XI-IATI-EC_NEAR-2020-PCC-415186,2021,0,292905.21618000005,1
XI-IATI-EC_NEAR-2020-PCC-415186,2023,0,599744.9867220001,1
XI-IATI-EC_NEAR-2023-PC-13415,2023,378874.82619,0,0
XI-IATI-EC_NEAR-2020-PCC-414985,2022,51273,0,0
XI-IATI-EC_NEAR-2020-PCC-414985,2020,338454.2124,0,0
XI-IATI-EC_NEAR-2021-PC-2265,2021,203701.932,0,0
XI-IATI-EC_NEAR-2022-PC-22869,2023,0,689317.6302,1
XI-IATI-EC_NEAR-2022-PC-22869,2022,1234757.98116,0,0
XI-IATI-EC_NEAR-2022-PC-23718,2022,136728000,34182000,6
XI-IATI-EC_NEAR-2022-PC-23718,2023,0,18230400,3
XI-IATI-EC_NEAR-2022-PC-10234,2022,342095.7348,0,0
XI-IATI-EC_NEAR-2022-PC-20176,2022,118497600,17091000,2
XI-IATI-EC_NEAR-2022-PC-20176,2023,0,17091000,2
XI-IATI-EC_NEAR-2023-PC-29638,2023,835592.6628,0,0
XI-IATI-EC_NEAR-2023-PC-29284,2023,1139041.0890000002,342989.377614,3
XI-IATI-EC_NEAR-2023-PC-29639,2023,1807840.404,0,0
XI-IATI-EC_NEAR-2023-PC-22338,2023,126473400,39879000,1
XI-IATI-EC_NEAR-2023-PC-26509,2023,940005,0,0
XI-IATI-EC_NEAR-2023-PC-25026,2023,429594.8184,0,0
XI-IATI-EC_NEAR-2023-PC-26205,2023,1139400,229155.55829999998,3
XI-IATI-EC_NEAR-2023-PC-26206,2023,510513.86699999997,0,0
XI-IATI-EC_NEAR-2023-PC-26487,2023,254077.0848,0,0
XI-IATI-EC_NEAR-2023-PC-21871,2023,3218520.15,0,0
XI-IATI-EC_NEAR-2023-PC-26474,2023,2278800,952009.7184,3
XI-IATI-EC_NEAR-2023-PC-25712,2023,49677840,9115200,2
XI-IATI-EC_NEAR-2015-ACT-D-37894-03,2021,84597.954714,0,0
XI-IATI-EC_NEAR-2015-ACT-D-37894-03,2015,28639086.759000003,0,0
XI-IATI-EC_NEAR-2015-ACT-D-37894-03,2022,156515.937012,0,0
XI-IATI-EC_NEAR-2023-ACT-60844,2022,42978168,0,0
XI-IATI-EC_NEAR-2023-ACT-60862,2022,42978168,0,0
XI-IATI-EC_NEAR-2023-ACT-61597,2023,34182000,0,0
XI-IATI-EC_NEAR-2020-ACT-D-42145-06,2020,20014671.915,0,0
XI-IATI-EC_NEAR-2023-PC-34044,2023,1458944.73,0,0
XI-IATI-EC_NEAR-2023-PC-25995,2023,13672800,4557600,1
XI-IATI-EC_NEAR-2023-PC-25842,2023,11963700,3987900,2
XI-IATI-EC_NEAR-2023-PC-25328,2023,34182000,30763800,1
XI-IATI-EC_NEAR-2023-PC-25094,2023,797580,273456,2
XI-IATI-EC_NEAR-2020-ACT-D-42747-06,2020,45576000,0,0
XI-IATI-EC_NEAR-2019-ACT-D-41263-03,2019,58109400,0,0
XI-IATI-EC_NEAR-2023-ACT-61594,2023,91152000,0,0
XI-IATI-EC_NEAR-2022-ACT-60915,2022,82606500,0,0
XI-IATI-EC_NEAR-2019-PCC-415500,2022,0,3490361.6202000002,2
XI-IATI-EC_NEAR-2019-PCC-415500,2023,0,3475170,2
XI-IATI-EC_NEAR-2019-PCC-415500,2020,17091000,3418200,2
XI-IATI-EC_NEAR-2019-PCC-415500,2021,0,2996622,2
XI-IATI-EC_NEAR-2020-PCC-421250,2020,1548900.36,0,0
XI-IATI-EC_NEAR-2020-PCC-421250,2022,160199.64,0,0
XI-IATI-EC_NEAR-2020-PCC-419152,2020,45576000,36460800,1
XI-IATI-EC_NEAR-2020-PCC-419152,2021,0,9115200,1
XI-IATI-EC_NEAR-2015-ACT-D-38144-00,2023,199358.23156200003,0,0
XI-IATI-EC_NEAR-2015-ACT-D-38144-00,2022,4133944.81683,0,0
XI-IATI-EC_NEAR-2015-ACT-D-38144-00,2015,64945800,0,0
XI-IATI-EC_NEAR-2020-ACT-D-42924-00,2020,17091000,0,0
XI-IATI-EC_NEAR-2023-ACT-60518,2021,68364000,0,0
XI-IATI-EC_NEAR-2023-ACT-60518,2022,85455000,0,0
XI-IATI-EC_NEAR-2023-ACT-60518,2023,119637000,0,0
XI-IATI-EC_NEAR-2023-PC-22941,2023,91152000,82036800,1
XI-IATI-EC_NEAR-2021-PCC-430625,2021,68364000,68364000,3
XI-IATI-EC_NEAR-2022-PC-18169,2022,85455000,85455000,3
XI-IATI-EC_NEAR-2023-PC-31959,2023,119637000,79758000,1
XI-IATI-EC_NEAR-2016-ACT-D-39803-06,2016,31903200,0,0
XI-IATI-EC_NEAR-2016-ACT-D-39806-09,2016,31219560,0,0
XI-IATI-EC_NEAR-2015-ACT-D-38444-04,2015,91152000,0,0
XI-IATI-EC_NEAR-2021-ACT-60872,2022,184810680,0,0
XI-IATI-EC_NEAR-2021-ACT-61585,2023,188001000,0,0
XI-IATI-EC_NEAR-2021-ACT-60875,2022,184810680,0,0
XI-IATI-EC_NEAR-2018-PCC-397293,2018,2494955.574,0,0
XI-IATI-EC_NEAR-2018-PCC-397293,2021,1823040,0,0
XI-IATI-EC_NEAR-2019-PCC-407821,2019,2110738.5,0,0
XI-IATI-EC_NEAR-2018-PCC-395584,2021,4101840,0,0
XI-IATI-EC_NEAR-2018-PCC-395584,2018,3286884.1500000004,0,0
XI-IATI-EC_NEAR-2022-PC-18779,2022,99218.952,0,0
XI-IATI-EC_NEAR-2023-PC-29296,2023,98415.675,0,0
XI-IATI-EC_NEAR-2023-PC-26113,2023,188001000,169200900,1
XI-IATI-EC_NEAR-2023-PC-25802,2023,29624400,0,0
XI-IATI-EC_NEAR-2023-PC-25764,2023,30763800,3418200,1
XI-IATI-EC_NEAR-2022-ACT-60730,2022,34751700,0,0
XI-IATI-EC_NEAR-2023-PC-23862,2022,6836400,0,0
XI-IATI-EC_NEAR-2023-PC-23862,2023,0,1475478.5634,3
XI-IATI-EC_NEAR-2023-PC-21815,2023,8545500,3703050,3
XI-IATI-EC_NEAR-2015-ACT-D-38422-00,2015,48994200,0,0
XI-IATI-EC_NEAR-2015-ACT-D-38422-00,2020,455760,0,0
XI-IATI-EC_NEAR-2015-ACT-D-38422-00,2022,227880,0,0
XI-IATI-EC_NEAR-2017-ACT-D-40562-01,2017,56970000,0,0
XI-IATI-EC_NEAR-2017-ACT-D-40695-00,2017,68364000,0,0
XI-IATI-EC_NEAR-2017-ACT-D-40704-00,2017,102546000,0,0
XI-IATI-EC_NEAR-2017-ACT-D-40445-00,2017,79758000,0,0
XI-IATI-EC_NEAR-2016-ACT-D-39506-00,2023,3418200,0,0
XI-IATI-EC_NEAR-2016-ACT-D-39506-00,2016,56970000,0,0
XI-IATI-EC_NEAR-2016-ACT-D-39506-00,2022,655155,0,0
XI-IATI-EC_NEAR-2015-ACT-D-38720-00,2020,5383665,0,0
XI-IATI-EC_NEAR-2015-ACT-D-38720-00,2023,166858.00875,0,0
XI-IATI-EC_NEAR-2015-ACT-D-38720-00,2019,3486564,0,0
XI-IATI-EC_NEAR-2015-ACT-D-38720-00,2015,79758000,0,0
XI-IATI-EC_NEAR-2015-ACT-D-38720-00,2021,227880,0,0
XI-IATI-EC_NEAR-2021-ACT-61082,2021,113940000,0,0
XI-IATI-EC_NEAR-2020-ACT-D-42859-00,2020,208510200,0,0
XI-IATI-EC_NEAR-2019-ACT-D-41859-00,2020,22788000,0,0
XI-IATI-EC_NEAR-2019-ACT-D-41859-00,2019,79758000,0,0
XI-IATI-EC_NEAR-2019-ACT-D-41860-00,2019,113940000,0,0
XI-IATI-EC_NEAR-2019-ACT-D-41891-00,2020,19369800,0,0
XI-IATI-EC_NEAR-2019-ACT-D-41891-00,2019,117358200,0,0
XI-IATI-EC_NEAR-2023-ACT-62422,2023,170910000,0,0
XI-IATI-EC_NEAR-2019-PCC-410052,2023,0,2080792.7892,1
XI-IATI-EC_NEAR-2019-PCC-410052,2022,0,2057817.9276,1
XI-IATI-EC_NEAR-2019-PCC-410052,2019,8260650,0,0
XI-IATI-EC_NEAR-2019-PCC-410052,2020,0,2044878.9012,1
XI-IATI-EC_NEAR-2019-PCC-404352,2019,6836400,2385238.2017940003,1
XI-IATI-EC_NEAR-2019-PCC-404352,2022,0,2861887.972788,1
XI-IATI-EC_NEAR-2019-PCC-404799,2021,16407.36,0,0
XI-IATI-EC_NEAR-2019-PCC-404799,2019,169047.081,0,0
XI-IATI-EC_NEAR-2018-PCC-403150,2022,0,7118401.5,1
XI-IATI-EC_NEAR-2018-PCC-403150,2020,0,27060750,1
XI-IATI-EC_NEAR-2018-PCC-403150,2021,5697000,0,0
XI-IATI-EC_NEAR-2018-PCC-403150,2018,54406350,5697000,1
XI-IATI-EC_NEAR-2018-PCC-403150,2019,0,12818250,1
XI-IATI-EC_NEAR-2019-PCC-407099,2021,0,968490,1
XI-IATI-EC_NEAR-2019-PCC-407099,2019,3418200,1481220,1
XI-IATI-EC_NEAR-2019-PCC-411467,2019,1936980,736052.4,1
XI-IATI-EC_NEAR-2019-PCC-411467,2023,0,455760,1
XI-IATI-EC_NEAR-2019-PCC-411467,2021,936586.8,522984.6,1
XI-IATI-EC_NEAR-2019-PCC-411467,2022,0,484245,1
XI-IATI-EC_NEAR-2018-PCC-404297,2023,0,683640,1
XI-IATI-EC_NEAR-2018-PCC-404297,2022,0,774792,1
XI-IATI-EC_NEAR-2018-PCC-404297,2019,0,1686312,1
XI-IATI-EC_NEAR-2018-PCC-404297,2018,6836400,0,0
XI-IATI-EC_NEAR-2018-PCC-404376,2021,0,3088254.8268000004,1
XI-IATI-EC_NEAR-2018-PCC-404376,2022,1014066,0,0
XI-IATI-EC_NEAR-2018-PCC-404376,2023,0,912659.4,1
XI-IATI-EC_NEAR-2018-PCC-404376,2019,0,1526315.1732,1
XI-IATI-EC_NEAR-2018-PCC-404376,2018,5127300,0,0
XI-IATI-EC_NEAR-2018-PCC-404417,2018,4557600,0,0
XI-IATI-EC_NEAR-2018-PCC-404417,2021,0,1173582,1
XI-IATI-EC_NEAR-2018-PCC-403140,2020,3418200,0,0
XI-IATI-EC_NEAR-2018-PCC-403140,2018,52868160,11963700,1
XI-IATI-EC_NEAR-2018-PCC-403140,2022,0,15837660,1
XI-IATI-EC_NEAR-2021-PCC-427970,2021,341136.36000000004,0,0
XI-IATI-EC_NEAR-2021-PCC-428148,2023,0,2289983.211,1
XI-IATI-EC_NEAR-2021-PCC-428148,2021,12025194.5574,2093423.0382,1
XI-IATI-EC_NEAR-2021-PCC-428768,2021,3646080,998114.4,1
XI-IATI-EC_NEAR-2021-PCC-414053,2021,2278800,759200.4504000001,1
XI-IATI-EC_NEAR-2020-PCC-416672,2022,0,11503443.9276,1
XI-IATI-EC_NEAR-2020-PCC-416672,2020,50589360,0,0
XI-IATI-EC_NEAR-2020-PCC-416672,2021,0,2276491.5756,1
XI-IATI-EC_NEAR-2020-PCC-420597,2020,45576000,11394000,1
XI-IATI-EC_NEAR-2020-PCC-420597,2022,0,17091000,1
XI-IATI-EC_NEAR-2021-PC-8877,2021,838675.8792000001,0,0
XI-IATI-EC_NEAR-2021-PCC-426850,2022,0,153819000,2
XI-IATI-EC_NEAR-2021-PCC-426850,2023,7975800,0,0
XI-IATI-EC_NEAR-2021-PCC-426850,2021,202813200,0,0
XI-IATI-EC_NEAR-2021-PCC-423254,2021,6036632.352,0,0
XI-IATI-EC_NEAR-2021-PCC-430183,2021,1709100,524356.4376000001,2
XI-IATI-EC_NEAR-2020-PCC-418579,2020,88873200,34182000,2
XI-IATI-EC_NEAR-2020-PCC-418579,2022,0,27345600,2
XI-IATI-EC_NEAR-2021-PCC-428588,2021,2278800,325169.9478,2
XI-IATI-EC_NEAR-2021-PCC-428588,2023,0,588067.128,2
XI-IATI-EC_NEAR-2022-PC-22976,2023,0,1476794.5704,1
XI-IATI-EC_NEAR-2022-PC-22976,2022,5127300,0,0
XI-IATI-EC_NEAR-2022-PCC-425501,2022,5924880,1251242.9343,1
XI-IATI-EC_NEAR-2021-PC-3558,2022,38136.8574,0,0
XI-IATI-EC_NEAR-2021-PC-3558,2021,303682.00320000004,0,0
XI-IATI-EC_NEAR-2020-PCC-417245,2020,2127619.371852,950106.897612,1
XI-IATI-EC_NEAR-2020-PCC-417245,2022,0,858369.565044,1
XI-IATI-EC_NEAR-2022-PC-15378,2022,34085.720700000005,0,0
XI-IATI-EC_NEAR-2022-PC-23457,2023,0,2221240.9302000003,2
XI-IATI-EC_NEAR-2022-PC-23457,2022,6836400,0,0
XI-IATI-EC_NEAR-2022-PC-20298,2022,113940000,45576000,1
XI-IATI-EC_NEAR-2022-PC-20298,2023,0,0,2
XI-IATI-EC_NEAR-2023-PC-31718,2023,8545500,1411594.6842,2
XI-IATI-EC_NEAR-2023-PC-31719,2023,1139400,558585.7226999999,2
XI-IATI-EC_NEAR-2023-PC-31722,2023,3418200,0,0
XI-IATI-EC_NEAR-2023-PC-30456,2023,1709100,420499.181898,1
XI-IATI-EC_NEAR-2023-PC-30872,2023,1708851.371526,473834.07432,1
XI-IATI-EC_NEAR-2023-PC-32512,2023,1139400,350997.718878,1
XI-IATI-EC_NEAR-2023-PC-30873,2023,978317.325,0,2
XI-IATI-EC_NEAR-2016-ACT-D-39747-07,2016,28485000,0,0
XI-IATI-EC_NEAR-2023-ACT-61599,2023,85455000,0,0
XI-IATI-EC_NEAR-2017-PCC-394632,2017,25066800,0,0
XI-IATI-EC_NEAR-2017-PCC-394632,2019,0,6266700,1
XI-IATI-EC_NEAR-2017-PCC-394632,2020,0,4022082,2
XI-IATI-EC_NEAR-2022-PC-24561,2022,2848500,0,0
XI-IATI-EC_NEAR-2023-PC-25711,2023,85455000,76909500,1
XI-IATI-EC_NEAR-2016-ACT-D-39569-00,2020,11793929.00121,0,0
XI-IATI-EC_NEAR-2016-ACT-D-39569-00,2018,5127300,0,0
XI-IATI-EC_NEAR-2016-ACT-D-39569-00,2016,118497600,0,0
XI-IATI-EC_NEAR-2022-ACT-60707,2022,68364000,0,0
XI-IATI-EC_NEAR-2022-ACT-61256,2022,644900400,0,0
XI-IATI-EC_NEAR-2023-ACT-61827,2023,284850000,0,0
XI-IATI-EC_NEAR-2017-PCC-385741,2017,5697000,1709100,1
XI-IATI-EC_NEAR-2017-PCC-385741,2019,341820,1709100,1
XI-IATI-EC_NEAR-2017-PCC-385741,2020,0,341820,1
XI-IATI-EC_NEAR-2017-PCC-385741,2018,0,2278800,1
XI-IATI-EC_NEAR-2022-PC-15302,2022,68364000,136728000,1
XI-IATI-EC_NEAR-2022-PC-19078,2022,644900400,644900400,2
XI-IATI-EC_NEAR-2023-PC-34368,2023,114039502.400538,0,0
XI-IATI-EC_NEAR-2023-PC-26460,2023,284850000,170910000,1
GB-1-103985-101,2014,5876562,5876562,8
GB-1-103986-101,2014,25676870,25676870,6
GB-1-202328-101,2020,6948637.5,6948637.5,5
GB-1-202328-101,2016,27529840,27529840,10
GB-1-202328-101,2017,26471000,26471000,5
GB-1-202328-101,2021,2533519.55675,2533519.344982,15
GB-1-202328-101,2018,25147450,25147450,5
GB-1-202328-101,2019,19847100.7867,19847100.7867,5
GB-1-202328-101,2014,66177500,54821441,15
GB-1-202328-101,2015,25412160,36768219,15
GB-1-202328-101,2022,1498267.86485,1498267.4677849999,5
GB-1-202377-101,2014,14629754.041000001,14629754.041000001,6
GB-1-202462-101,2014,9092788.5,9092788.5,10
GB-1-202462-101,2015,0,-51618.45,5
GB-1-202468-101,2015,13235500,13235500,6
GB-1-202697-101,2016,33750525,33750525,4
GB-1-202697-101,2017,32426975,32426975,4
GB-1-202697-101,2021,5294200,5294200,4
GB-1-202697-101,2018,9529438.2334,9529438.2334,2
GB-1-202697-101,2015,14029630,14029630,2
GB-1-202697-101,2019,6353040,6353040,4
GB-1-202697-101,2014,42485955,42485955,2
GB-1-202893-104,2015,4520043.69305,4520043.2033365,2
GB-1-202990-101,2014,73589380,73589380,4
GB-1-202990-103,2014,12441370,12441370,4
GB-1-202991-102,2014,0,108531100,3
GB-1-203001-101,2020,81292.441,80668.1357005,3
GB-1-203001-101,2014,19853250,27794550,15
GB-1-203001-101,2016,0,8953815.75,12
GB-1-203001-101,2015,13361237.25,4407421.5,3
GB-1-203100-104,2019,122109.39945000001,122109.39945000001,2
GB-1-203100-104,2017,681628.25,681628.25,2
GB-1-203100-104,2016,681310.5980000001,681310.598,4
GB-1-203100-104,2021,0,-29144.571,2
GB-1-203100-104,2014,860307.5,860307.5,2
GB-1-203100-104,2020,2382390,2382390,4
GB-1-203100-104,2018,860307.5,860307.5,2
GB-1-203213-101,2014,15551712.5,15551712.5,7
GB-1-203213-102,2014,15882600,15882600,1
GB-1-203213-102,2015,15882600,15882600,1
GB-1-203396-102,2014,39706500,39706500,3
GB-1-203413-102,2016,7941300,7941300,12
GB-1-203536-101,2014,7941300,7941300,6
GB-1-203536-113,2016,12435174.462450001,4997724.8,3
GB-1-203536-113,2018,0,2439724.86245,3
GB-1-203536-113,2017,0,4997724.8,3
GB-1-203585-101,2014,0,19833785.8737,35
GB-1-203585-101,2015,0,12846220.121100001,21
GB-1-203766-109,2014,6617750,6617750,1
GB-1-203766-111,2014,19853250,19853250,1
GB-1-203766-112,2018,0,117285.05969999998,2
GB-1-203766-112,2015,590581.2455,236648.09289999993,2
GB-1-203766-112,2016,0,236648.09289999993,2
GB-1-203811-101,2014,0,-1323550,5
GB-1-204024-107,2015,39706500,39706500,8
GB-1-204024-107,2016,79413000,79413000,16
GB-1-204179-101,2014,43015375,16544375,3
GB-1-204179-101,2015,0,26471000,3
GB-1-204288-102,2015,4798240.667550001,4849048.3505265005,2
GB-1-205145-102,2020,1323550,1323550,4
GB-1-205145-102,2022,9320584.6905,1056047.3095,8
GB-1-205145-102,2021,4784633.25,4784633.25,8
GB-1-205145-102,2018,1720615,1323550,4
GB-1-205145-102,2023,0,2086812.1669,4
GB-1-205145-102,2019,0,1720615,4
GB-1-205145-102,2017,1323550,0,0
GB-1-205145-104,2019,12375192.5,12375192.5,14
GB-1-205145-104,2017,11921258.52715,13500210,14
GB-1-205145-104,2021,1276203.9694,1305348.5404,14
GB-1-205145-104,2018,7742767.5,10134466.02715,14
GB-1-205145-104,2020,12026079.7165,12026079.7165,7
GB-1-205145-104,2022,3375052.5,2713277.5,7
GB-1-205145-104,2016,14559050,10588400,7
GB-1-205145-104,2023,1838969.4881,1838969.4881,7
GB-1-114506-106,2014,0,26471000,3
GB-1-113707-102,2014,6617750,6617750,3
GB-1-113963-102,2014,0,7279525,4
GB-1-114086-101,2014,2501502.88225,0,2
GB-1-114086-101,2015,2647100,2647100,4
GB-1-201375-102,2014,28588680,39177080,16
GB-1-201375-106,2014,4500070,4500070,4
GB-1-201564-101,2014,8603075,0,32
GB-1-201629-108,2016,0,11136027.3758685,4
GB-1-201629-108,2015,0,3295051.340851,2
GB-1-201629-108,2014,29708739.4817,7865780.61939,4
GB-1-201629-108,2017,0,8470720,2
FI-3-2014-2005050123,2014,2278800,7975800,1
FI-3-2014-2002023052,2014,0,6836400,1
FI-3-2014-2008080028,2014,0,127469.2356,1
FI-3-2014-2014140714,2014,13672800,0,0
FI-3-2014-2000003078,2014,0,12282732,1
FI-3-2014-2013130107,2014,0,1195549.632,1
FI-3-2014-2013130132,2014,0,2293188.3432,1
FI-3-2014-2012000151,2014,0,6307718.4,1
FI-3-2014-2009091300,2014,0,7975800,1
FI-3-2014-2008080130,2014,0,4074763.2984,1
FI-3-2014-2004043014,2014,0,533664.1962,1
FI-3-2014-2013130288,2014,0,1753739.4132,1
FI-3-2014-2014140891,2014,10254600,0,0
FI-3-2016-2005050123,2016,0,10254600,1
FI-3-2016-2008080028,2016,0,167765.25600000002,1
FI-3-2016-2013130107,2016,0,216226.2168,1
FI-3-2016-2009091300,2016,0,2278800,1
FI-3-2016-2013130288,2016,0,2568365.9766,1
FI-3-2016-2014140891,2016,0,3418200,1
FI-3-2015-2015150032,2015,2278800,0,0
FI-3-2015-2005050123,2015,20509200,10254600,1
FI-3-2015-2008080028,2015,0,244372.815,1
FI-3-2015-2014140714,2015,0,6836400,1
FI-3-2015-2013130107,2015,216486,918830.3904,1
FI-3-2015-2009091300,2015,0,5697000,1
FI-3-2015-2008080130,2015,0,297219.3264,1
FI-3-2015-2013130288,2015,0,2170611.6912,1
FI-3-2015-2014140891,2015,0,3418200,1
FI-3-2017-2015150032,2017,0,569700,1
FI-3-2017-2005050123,2017,19369800,10254600,1
FI-3-2017-2013130288,2017,0,2493655.97436,1
FI-3-2017-2014140891,2017,0,3418200,1
FI-3-2018-2015150032,2019,0,569700,1
FI-3-2018-2005050123,2019,0,9115200,1
FI-3-2018-2013130288,2018,26914.9068,0,0
FI-3-2018-2013130288,2019,0,1304218.7676,1
FI-3-2018-2018180551,2018,10254600,0,0
FI-3-2018-2018180551,2019,0,3418200,1
FI-3-2021-2021001001,2021,23927.4,1813.9248,1
FI-3-2021-2019190107,2021,0,11394000,1
FI-3-2021-2021005339,2021,21648600,0,0
FI-3-2021-2018180551,2021,6836400,3418200,1
FI-3-2019-2015150032,2019,0,1139400,1
FI-3-2019-2019190049,2019,4557600,0,0
FI-3-2019-2005050123,2019,0,10254600,1
FI-3-2019-2019190107,2019,31903200,0,0
FI-3-2019-2013130288,2019,0,14083.95249,1
FI-3-2019-2018180551,2019,0,3418200,1
FI-3-2020-2019190049,2020,0,2278800,1
FI-3-2020-2019190107,2020,0,11394000,1
FI-3-2020-2018180551,2020,0,3418200,1
FI-3-2022-2018180551,2022,0,3418200,1
FI-3-2022-2021210112,2022,0,3418200,1
FI-3-2022-2019190049,2022,0,1139400,1
FI-3-2022-2022220043,2022,23927400,0,0
FI-3-2022-2019190107,2022,0,9115200,1
FI-3-2023-2023230044,2023,0,1139400,1
FI-3-2023-2023230130,2023,0,5697000,1
FI-3-2023-2023230300,2023,0,3987900,1
FI-3-2023-2023230435,2023,5355180,1936980,1
FI-3-2023-2023230729,2023,9115200,0,0
XM-DAC-5-7-6617541,2023,32085.504,32085.504,4
XM-DAC-5-7-6619031,2023,13936.947102,13936.947102,1
XM-DAC-5-7-6618689,2023,0,524700.638946,4
XM-DAC-5-7-6618689,2022,524700.638946,0,0
XM-DAC-5-7-6618709,2023,0,1715148.869508,6
XM-DAC-5-7-6618709,2022,1715148.869508,0,0
XM-DAC-5-7-6618264,2023,0,54104.409,4
XM-DAC-5-7-6618264,2022,54104.409,0,0
XM-DAC-5-7-6618595,2023,0,74021.87300400001,3
XM-DAC-5-7-6618595,2022,74021.87300400001,0,0
XM-DAC-5-7-6619010,2023,12159.038736,12159.038736,3
XM-DAC-5-7-6619140,2023,11733.461442000002,11733.461442000002,1
XM-DAC-5-7-6619197,2023,33881.1984,33881.1984,1
CA-3-A033033001,2015,0,7037297.677691766,8
CA-3-A033033001,2016,0,8444757.21323012,8
CA-3-A033033001,2017,0,7037297.677691766,8
CA-3-A033033001,2014,0,4222378.60661506,8
CA-3-A033033002,2017,0,5544937.368050668,6
CA-3-A033033002,2015,0,3779382.1252638986,6
CA-3-A033033002,2016,0,7741027.4454609435,6
CA-3-A033033004,2015,0,7037297.677691766,16
CA-3-A033033004,2014,0,7037297.677691766,8
CA-3-A033640001,2017,0,492269.3947923997,19
CA-3-A033640001,2019,0,188320.61928219564,7
CA-3-A033640001,2018,0,326866.0802251935,12
CA-3-A033640001,2016,0,1847546.0802251934,29
CA-3-A033640001,2014,0,1649832.0971147083,8
CA-3-A033640001,2015,0,1926081.0133708655,14
CA-3-A034252001,2015,0,11778213.990147782,4
CA-3-A034252001,2017,0,6370606.326530612,4
CA-3-A034252001,2018,0,5926145.144264602,4
CA-3-A034252001,2016,0,11778213.990147782,4
CA-3-A034252001,2014,0,9185525.686136523,4
CA-3-A034769001,2021,0,63335.6790992259,1
CA-3-A034769001,2018,0,32730.69669247009,4
CA-3-A034769001,2015,0,1403524.4194229415,1
CA-3-A035261001,2020,0,844475.7213230119,4
CA-3-A035261001,2018,0,1190710.7670654468,8
CA-3-A035342001,2017,0,83467.11470795215,68
CA-3-A035342001,2014,0,351864.8838845883,4
CA-3-A035342001,2016,0,527797.3258268825,4
CA-3-A035342001,2018,0,11080.584095707247,12
CA-3-A035342001,2015,0,527797.3258268825,4
CA-3-A035369002,2018,0,2955665.024630542,5
CA-3-A035369002,2014,10907811.400422238,2814919.0710767065,5
CA-3-A035369002,2015,0,4574243.490499648,5
CA-3-A035369002,2017,0,562983.8142153414,5
CA-3-A035369003,2016,0,21111893.0330753,15
CA-3-A035369003,2014,84447572.1323012,21111893.0330753,10
CA-3-A035369003,2017,0,12315270.93596059,5
CA-3-A035369003,2018,0,17593244.194229417,10
CA-3-A035369003,2015,0,12315270.93596059,5
CA-3-A035435001,2015,0,3518648.8388458835,28
CA-3-A035435001,2016,0,3518648.838845883,7
CA-3-A035435001,2017,0,5629838.142153413,7
CA-3-A035435001,2018,0,1407459.5355383533,7
CA-3-D000301001,2015,4926108.381421533,4926108.3743842365,9
CA-3-D000327001,2018,0,8128.078817733989,18
CA-3-D000327001,2017,0,4785747.790288529,18
CA-3-D000327001,2015,13629223.891625615,4485028.149190711,3
CA-3-D000327001,2016,0,4348095.003518648,3
CA-3-D000954001,2017,0,5277973.258268825,1
CA-3-D000954001,2015,12315270.93596059,7037297.677691766,1
CA-3-A032220001,2018,0,695685.524278677,40
CA-3-A032220001,2016,0,53427.04433497537,14
CA-3-A032220001,2017,0,538842.9064039409,24
CA-3-A032220001,2015,0,182380.59817030258,14
CA-3-A032220001,2019,0,655334.3209007741,22
CA-3-A032220001,2021,0,23942.23082336383,4
CA-3-A032220001,2020,0,144490.76002814918,10
CA-3-A032230001,2016,0,264626.593947924,8
CA-3-A032230001,2017,0,1035154.06052076,5
CA-3-A032230001,2014,0,1094972.7797325826,8
CA-3-A032230001,2018,0,37553.406052075996,2
CA-3-A032230001,2015,0,917227.663617171,3
CA-3-A034768005,2018,0,422237.86066150595,2
CA-3-A034768005,2019,0,2814919.0710767065,4
CA-3-A034768005,2021,0,28149.190710767063,2
CA-3-A035209001,2019,0,1661801.4285714286,112
CA-3-A035209001,2015,0,544326.8191414496,72
CA-3-A035209001,2016,0,2548880.11963406,120
CA-3-A035209001,2018,0,4275785.749472203,112
CA-3-A035209001,2017,0,3679732.1885995776,104
CA-3-A035209001,2020,0,1320.7389162561576,8
CA-3-A035209001,2014,0,918749.9718508094,8
CA-3-D000259001,2015,0,4785362.420830401,1
CA-3-D000259001,2021,0,2162397.6073187897,2
CA-3-D000259001,2022,0,66854.32793807177,3
CA-3-D000259001,2014,13895881.477832513,2059980.2955665025,1
CA-3-D000259001,2018,0,4714989.444053483,1
CA-3-D001661001,2016,34632413.04011259,7037297.677691766,4
CA-3-D001661001,2018,0,9852216.748768473,12
CA-3-D001661001,2020,0,10555946.51653765,12
CA-3-D001661001,2019,0,3518648.838845883,4
CA-3-D001661001,2017,0,3518648.838845883,4
CA-3-P006740001,2020,0,3177339.8944405345,2
CA-3-P006740001,2022,0,118226.60098522168,2
CA-3-P006740001,2021,0,2316783.2512315274,6
CA-3-P006740001,2019,9148310.337790288,3518648.838845883,1
CA-3-P006740002,2021,1407459.5355383533,1407459.5355383533,1
CA-3-A033419002,2014,0,3019000.703729768,14
CA-3-A033985001,2014,0,12530.218156228006,21
CA-3-A033999002,2014,0,325241.3793103448,12
CA-3-A034052001,2014,13996717.811400423,7037297.677691766,8
CA-3-A034052001,2015,0,6509500.351864884,4
CA-3-A033033007,2014,0,23926812.104152005,18
CA-3-A033033007,2015,0,4926108.3743842365,12
CA-3-A034379001,2014,0,1964465.8691062634,2
CA-3-A034782006,2015,0,6280321.266713582,4
CA-3-A034782006,2016,0,5745555.214637579,4
CA-3-A034908002,2021,0,85144.26460239268,36
CA-3-A034908002,2018,0,2463054.1871921183,4
CA-3-A034908002,2022,0,14655.172413793103,4
CA-3-A034908002,2016,0,7916959.887403236,4
CA-3-A034908002,2017,0,10028149.190710766,4
CA-3-A034908002,2015,0,14074595.35538353,4
XI-IATI-IADB-BA-U0001,2022,100000000,0,0
XI-IATI-IADB-BA-L1056,2022,100000000,0,0
XI-IATI-IADB-BA-L1056,2023,0,100000000,1
XI-IATI-IADB-BA-L1052,2021,100000000,100000000,1
XI-IATI-IADB-BA-L1048,2020,80000000,80000000,1
XI-IATI-IADB-BA-L1050,2020,120000000,120000000,1
XI-IATI-IADB-BA-L1060,2023,100000000,100000000,1
XI-IATI-IADB-BO-L1100,2016,90000000,90000000,2
XI-IATI-IADB-BO-L1200,2019,100000000,100000000,1
XI-IATI-IADB-BO-L1112,2017,120000000,120000000,2
XI-IATI-IADB-BO-L1089,2014,106000000,106000000,2
XI-IATI-IADB-BO-L1107,2016,100000000,100000000,2
XI-IATI-IADB-BO-L1104,2015,142530000,142530000,2
XI-IATI-IADB-BO-L1189,2018,51600000,51600000,1
XI-IATI-IADB-BO-L1183,2017,140000000,140000000,2
XI-IATI-IADB-BO-L1199,2019,100000000,100000000,1
XI-IATI-IADB-BH-U0002,2023,400000000,0,0
XI-IATI-IADB-BH-L1052,2021,140000000,140000000,1
XI-IATI-IADB-BH-U0001,2022,200000000,0,0
XI-IATI-IADB-BH-L1050,2020,200000000,200000000,1
XI-IATI-IADB-BH-L1056,2023,160000000,160000000,1
XI-IATI-IADB-AR-L1268,2017,200000000,200000000,1
XI-IATI-IADB-AR-L1303,2019,200000000,200000000,1
XI-IATI-IADB-AR-L1304,2019,300000000,300000000,1
XI-IATI-IADB-AR-L1298,2018,200000000,200000000,1
XI-IATI-IADB-AR-L1370,2023,350000000,350000000,1
XI-IATI-IADB-AR-L1351,2022,500000000,500000000,1
XI-IATI-IADB-AR-L1283,2018,300000000,300000000,1
XI-IATI-IADB-CH-L1111,2017,0,100000000,1
XI-IATI-IADB-CH-L1111,2016,100000000,0,0
XI-IATI-IADB-CH-L1157,2022,0,50000000,1
XI-IATI-IADB-CH-L1157,2021,50000000,0,0
XI-IATI-IADB-CH-L1110,2015,130000000,0,0
XI-IATI-IADB-CH-L1110,2016,0,130000000,1
XI-IATI-IADB-CH-L1172,2023,100000000,0,0
XI-IATI-IADB-CH-L1148,2021,0,25000000,1
XI-IATI-IADB-CH-L1148,2020,0,25000000,1
XI-IATI-IADB-CH-L1148,2019,50000000,0,0
XI-IATI-IADB-CH-L1095,2015,90000000,0,0
XI-IATI-IADB-CH-L1095,2018,0,30000000,1
XI-IATI-IADB-CH-L1095,2020,0,30000000,1
XI-IATI-IADB-CH-L1095,2016,0,30000000,1
XI-IATI-IADB-CH-L1145,2019,100000000,0,0
XI-IATI-IADB-CH-L1145,2021,0,50000000,1
XI-IATI-IADB-CH-L1145,2020,0,50000000,1
XI-IATI-IADB-CH-L1160,2021,500000000,500000000,1
XI-IATI-IADB-CH-L1149,2020,300000000,300000000,1
XI-IATI-IADB-CH-L1159,2021,0,50000000,1
XI-IATI-IADB-CH-L1136,2016,100000000,0,0
XI-IATI-IADB-CH-L1136,2017,0,50000000,1
XI-IATI-IADB-CH-L1136,2018,0,50000000,1
XI-IATI-IADB-CH-L1165,2022,300000000,0,0
XI-IATI-IADB-CH-L1165,2023,0,300000000,1
XI-IATI-IADB-CH-L1135,2017,100000000,0,0
XI-IATI-IADB-CH-L1135,2019,0,50000000,1
XI-IATI-IADB-CH-L1135,2018,0,50000000,1
XI-IATI-IADB-CH-L1134,2017,35000000,0,0
XI-IATI-IADB-CH-L1134,2018,0,35000000,1
XI-IATI-IADB-CH-L1164,2022,0,100000000,1
XI-IATI-IADB-CH-L1164,2021,100000000,0,0
XI-IATI-IADB-CR-L1081,2019,350000000,350000000,1
XI-IATI-IADB-CR-L1145,2022,0,250000000,1
XI-IATI-IADB-CR-L1145,2021,250000000,0,0
XI-IATI-IADB-CR-L1142,2020,230000000,230000000,1
XI-IATI-IADB-CO-L1268,2022,200000000,200000000,1
XI-IATI-IADB-CO-L1142,2015,0,400000000,1
XI-IATI-IADB-CO-L1142,2014,400000000,0,0
XI-IATI-IADB-CO-L1283,2023,500000000,500000000,1
XI-IATI-IADB-CO-L1144,2015,500000000,500000000,1
XI-IATI-IADB-CO-J0014,2021,17589000,0,0
XI-IATI-IADB-CO-J0014,2022,0,35178000,2
XI-IATI-IADB-CO-L1217,2017,300000000,300000000,1
XI-IATI-IADB-CO-L1237,2019,600000000,600000000,1
XI-IATI-IADB-CO-L1274,2022,300000000,300000000,1
XI-IATI-IADB-CO-L1233,2018,350000000,0,0
XI-IATI-IADB-CO-L1233,2019,0,350000000,2
XI-IATI-IADB-CO-L1162,2016,400000000,400000000,1
XI-IATI-IADB-CO-L1252,2019,300000000,0,0
XI-IATI-IADB-CO-L1252,2020,0,300000000,1
XI-IATI-IADB-CO-L1163,2016,400000000,400000000,1
XI-IATI-IADB-CO-L1254,2020,850000000,850000000,1
XI-IATI-IADB-CO-L1141,2014,400000000,400000000,1
XI-IATI-IADB-CO-L1214,2017,450000000,450000000,2
XI-IATI-IADB-CO-L1227,2018,600000000,600000000,1
XI-IATI-IADB-CO-L1272,2021,300000000,300000000,1
XI-IATI-IADB-CO-L1291,2023,500000000,500000000,1
XI-IATI-IADB-DR-L1132,2020,0,250000000,1
XI-IATI-IADB-DR-L1132,2019,250000000,0,0
XI-IATI-IADB-DR-L1146,2023,0,250000000,2
XI-IATI-IADB-DR-L1146,2021,250000000,0,0
XI-IATI-IADB-DR-L1058,2018,400000000,0,0
XI-IATI-IADB-DR-L1058,2019,0,400000000,1
XI-IATI-IADB-DR-L1072,2014,250000000,0,0
XI-IATI-IADB-DR-L1072,2015,0,250000000,1
XI-IATI-IADB-DR-L1121,2017,300000000,0,0
XI-IATI-IADB-DR-L1121,2018,0,300000000,1
XI-IATI-IADB-DR-L1140,2022,200000000,0,0
XI-IATI-IADB-DR-L1144,2020,250000000,250000000,1
XI-IATI-IADB-DR-L1162,2023,300000000,0,0
XI-IATI-IADB-DR-L1079,2016,0,300000000,1
XI-IATI-IADB-DR-L1079,2015,300000000,0,0
XI-IATI-IADB-DR-L1073,2014,150000000,0,0
XI-IATI-IADB-DR-L1073,2015,0,150000000,1
XI-IATI-IADB-BR-L1385,2014,0,18400000,1
XI-IATI-IADB-BR-L1575,2023,0,52000000,2
XI-IATI-IADB-BR-L1575,2022,104000000,0,0
XI-IATI-IADB-BR-L1381,2014,0,200000000,3
XI-IATI-IADB-BR-L1375,2014,0,200000000,2
XI-IATI-IADB-BR-L1374,2014,0,162777375,1
XI-IATI-IADB-GU-L1183,2022,300000000,0,0
XI-IATI-IADB-GU-L1085,2015,0,250000000,6
XI-IATI-IADB-GU-L1085,2014,250000000,0,0
XI-IATI-IADB-GU-L1096,2020,0,250000000,2
XI-IATI-IADB-GU-L1096,2016,250000000,0,0
XI-IATI-IADB-GY-L1086,2023,30000000,30000000,1
XI-IATI-IADB-GY-L1067,2018,11640000,5820000,1
XI-IATI-IADB-GY-L1067,2019,0,5820000,1
XI-IATI-IADB-GY-L1043,2015,17160000,17160000,2
XI-IATI-IADB-GY-L1075,2020,34000000,0,0
XI-IATI-IADB-GY-L1075,2021,0,34000000,1
XI-IATI-IADB-GY-L1083,2022,130000000,130000000,1
XI-IATI-IADB-EC-L1280,2022,0,400000000,1
XI-IATI-IADB-EC-L1280,2021,400000000,0,0
XI-IATI-IADB-EC-L1265,2020,280000000,280000000,1
XI-IATI-IADB-EC-L1140,2015,500000000,500000000,1
XI-IATI-IADB-EC-L1287,2023,500000000,950000000,3
XI-IATI-IADB-EC-U0005,2022,85000000,0,0
XI-IATI-IADB-EC-L1277,2022,250000000,250000000,1
XI-IATI-IADB-EC-L1273,2021,200000000,200000000,1
XI-IATI-IADB-EC-L1238,2018,100000000,60000000,1
XI-IATI-IADB-EC-L1238,2019,0,40000000,1
XI-IATI-IADB-EC-L1252,2019,300000000,0,0
XI-IATI-IADB-EC-L1252,2021,0,150000000,1
XI-IATI-IADB-EC-L1252,2020,0,150000000,1
XI-IATI-IADB-HO-L1229,2023,56100000,0,0
XI-IATI-IADB-HO-L1207,2020,0,60000000,2
XI-IATI-IADB-HO-L1207,2019,60000000,0,0
XI-IATI-IADB-HO-L1193,2018,49780000,49780000,1
XI-IATI-IADB-HO-L1204,2019,59500000,59500000,1
XI-IATI-IADB-HO-L1103,2015,60000000,60000000,2
XI-IATI-IADB-HO-L1219,2021,118480000,0,0
XI-IATI-IADB-HO-L1219,2022,0,118480000,1
XI-IATI-IADB-HO-L1206,2020,111650000,111650000,1
XI-IATI-IADB-HO-L1198,2018,90000000,90000000,1
XI-IATI-IADB-HO-L1232,2022,195000000,195000000,2
XI-IATI-IADB-HO-L1182,2017,50000000,50000000,2
XI-IATI-IADB-HO-L1118,2015,40000000,40000000,2
XI-IATI-IADB-HO-L1070,2014,130000000,130000000,2
XI-IATI-IADB-HO-L1189,2018,0,50000000,1
XI-IATI-IADB-HO-L1189,2017,50000000,0,0
XI-IATI-IADB-JA-L1086,2020,100000000,100000000,1
XI-IATI-IADB-JA-L1033,2015,25000000,25000000,1
XI-IATI-IADB-JA-L1058,2016,100000000,100000000,1
XI-IATI-IADB-JA-L1080,2018,50000000,50000000,1
XI-IATI-IADB-JA-L1078,2018,0,55000000,1
XI-IATI-IADB-JA-L1078,2019,0,55000000,1
XI-IATI-IADB-JA-L1078,2017,110000000,0,0
XI-IATI-IADB-JA-L1014,2014,60000000,60000000,1
XI-IATI-IADB-JA-L1087,2021,75000000,75000000,1
XI-IATI-IADB-JA-L1051,2015,130000000,130000000,1
XI-IATI-IADB-JA-L1055,2016,50000000,50000000,1
XI-IATI-IADB-JA-L1038,2014,80000000,80000000,1
XI-IATI-IADB-JA-L1088,2022,100000000,100000000,1
XI-IATI-IADB-ME-L1144,2015,0,457000000,1
XI-IATI-IADB-ME-L1144,2014,800000000,343000000,1
XI-IATI-IADB-ME-L1189,2016,600000000,600000000,1
XI-IATI-IADB-ME-L1331,2023,600000000,0,0
XI-IATI-IADB-ME-L1264,2018,600000000,600000000,1
XI-IATI-IADB-ME-L1322,2022,500000000,0,0
XI-IATI-IADB-ME-L1299,2021,700000000,0,0
XI-IATI-IADB-ME-L1299,2022,0,700000000,1
XI-IATI-IADB-ME-L1315,2022,700000000,0,0
XI-IATI-IADB-ME-L1315,2023,0,700000000,1
XI-IATI-IADB-ME-L1289,2021,0,800000000,1
XI-IATI-IADB-ME-L1289,2020,800000000,0,0
XI-IATI-IADB-ME-L1294,2019,600000000,0,0
XI-IATI-IADB-ME-L1294,2020,0,600000000,1
XI-IATI-IADB-ME-L1266,2018,600000000,0,0
XI-IATI-IADB-ME-L1266,2019,0,600000000,1
XI-IATI-IADB-ME-L1276,2019,600000000,600000000,1
XI-IATI-IADB-ME-L1253,2017,650000000,650000000,2
XI-IATI-IADB-ME-L1186,2017,0,400000000,1
XI-IATI-IADB-ME-L1186,2016,600000000,200000000,1
XI-IATI-IADB-HA-L1099,2015,27000000,27000000,1
XI-IATI-IADB-HA-L1088,2014,12000000,12000000,1
XI-IATI-IADB-HA-L1090,2014,15000000,15000000,1
XI-IATI-IADB-NI-L1096,2017,65000000,65000000,2
XI-IATI-IADB-NI-L1079,2014,45000000,45000000,2
XI-IATI-IADB-NI-L1144,2017,65000000,65000000,2
XI-IATI-IADB-NI-L1089,2015,65000000,65000000,2
XI-IATI-IADB-PN-L1175,2022,150000000,150000000,1
XI-IATI-IADB-PN-L1159,2020,200000000,200000000,1
XI-IATI-IADB-PN-L1181,2023,200000000,200000000,1
XI-IATI-IADB-PN-L1145,2017,300000000,300000000,1
XI-IATI-IADB-PN-L1152,2018,200000000,200000000,1
XI-IATI-IADB-PN-L1167,2021,150000000,300000000,2
XI-IATI-IADB-PN-L1149,2019,200000000,200000000,1
XI-IATI-IADB-PN-L1100,2014,300000000,300000000,1
XI-IATI-IADB-PN-L1119,2016,200000000,200000000,1
XI-IATI-IADB-PN-L1110,2015,150000000,150000000,1
XI-IATI-IADB-PN-L1151,2018,200000000,200000000,1
XI-IATI-IADB-PN-L1118,2016,200000000,200000000,1
XI-IATI-IADB-PN-L1103,2015,150000000,150000000,1
XI-IATI-IADB-PN-L1162,2021,150000000,150000000,1
XI-IATI-IADB-PN-L1156,2019,150000000,150000000,1
XI-IATI-IADB-SU-L1065,2022,150000000,150000000,1
XI-IATI-IADB-SU-L1033,2014,0,15000000,1
XI-IATI-IADB-SU-L1043,2015,0,15000000,1
XI-IATI-IADB-SU-L1043,2014,15000000,0,0
XI-IATI-IADB-SU-L1075,2023,150000000,150000000,1
XI-IATI-IADB-SU-L1036,2016,70000000,70000000,1
XI-IATI-IADB-ES-L1093,2018,350000000,350000000,1
XI-IATI-IADB-ES-L1137,2019,200000000,200000000,1
XI-IATI-IADB-ES-L1143,2020,250000000,250000000,1
XI-IATI-IADB-PE-L1267,2021,500000000,0,0
XI-IATI-IADB-PE-L1267,2022,0,500000000,1
XI-IATI-IADB-PE-L1099,2014,25000000,25000000,1
XI-IATI-IADB-PE-L1261,2021,0,400000000,1
XI-IATI-IADB-PE-L1261,2020,400000000,0,0
XI-IATI-IADB-PE-L1276,2022,300000000,0,0
XI-IATI-IADB-PE-L1276,2023,0,300000000,1
XI-IATI-IADB-PE-L1154,2016,0,300000000,1
XI-IATI-IADB-PE-L1154,2015,300000000,0,0
XI-IATI-IADB-PE-L1283,2023,300000000,0,0
XI-IATI-IADB-PE-L1244,2019,50000000,0,0
XI-IATI-IADB-PE-L1244,2020,0,50000000,1
XI-IATI-IADB-PE-L1138,2014,25000000,25000000,1
XI-IATI-IADB-PE-L1169,2020,0,300000000,1
XI-IATI-IADB-PE-L1169,2015,300000000,0,0
XI-IATI-IADB-PE-L1140,2014,25000000,25000000,1
XI-IATI-IADB-PE-L1262,2021,600000000,600000000,1
XI-IATI-IADB-PE-L1223,2019,0,100000000,1
XI-IATI-IADB-PE-L1223,2018,100000000,0,0
XI-IATI-IADB-PR-L1163,2022,0,45000000,1
XI-IATI-IADB-PR-L1163,2023,0,45000000,1
XI-IATI-IADB-PR-L1163,2020,90000000,0,0
XI-IATI-IADB-PR-L1144,2018,0,100000000,1
XI-IATI-IADB-PR-L1144,2019,0,100000000,1
XI-IATI-IADB-PR-L1144,2017,200000000,0,0
XI-IATI-IADB-PR-L1161,2020,0,90000000,1
XI-IATI-IADB-PR-L1161,2019,90000000,0,0
XI-IATI-IADB-PR-L1179,2022,250000000,0,0
XI-IATI-IADB-PR-L1175,2020,210000000,210000000,2
XI-IATI-IADB-PR-L1151,2020,0,300000000,2
XI-IATI-IADB-PR-L1151,2018,300000000,0,0
XI-IATI-IADB-PR-L1177,2022,200000000,200000000,1
XI-IATI-IADB-PR-L1180,2021,250000000,0,0
XI-IATI-IADB-PR-L1180,2022,0,250000000,1
XI-IATI-IADB-PR-L1101,2015,200000000,0,0
XI-IATI-IADB-PR-L1101,2017,0,100000000,1
XI-IATI-IADB-PR-L1101,2016,0,100000000,1
XI-IATI-IADB-PR-L1185,2023,150000000,0,0
XI-IATI-IADB-TT-L1058,2020,100000000,200000000,2
XI-IATI-IADB-UR-L1170,2020,350000000,0,0
XI-IATI-IADB-UR-L1170,2022,0,350000000,1
XI-IATI-IADB-UR-L1108,2015,250000000,0,0
XI-IATI-IADB-UR-L1108,2020,0,250000000,2
XI-IATI-IADB-UR-L1076,2018,0,183750000,1
XI-IATI-IADB-UR-L1140,2017,250000000,0,0
XI-IATI-IADB-UR-L1140,2020,0,250000000,1
XI-IATI-IADB-UR-L1186,2023,0,155000000,1
XI-IATI-IADB-UR-L1186,2022,155000000,0,0
XI-IATI-IADB-UR-L1106,2020,0,247000000,1
XI-IATI-IADB-UR-L1106,2015,247000000,0,0
XI-IATI-IADB-UR-L1156,2020,0,250000000,1
XI-IATI-IADB-UR-L1156,2019,250000000,0,0
XI-IATI-IADB-UR-L1097,2020,0,53750000,1
XI-IATI-IADB-UR-L1097,2014,120000000,0,0
XI-IATI-IADB-UR-L1097,2018,0,66250000,1
XI-IATI-IADB-UR-L1175,2023,0,145000000,1
XI-IATI-IADB-UR-L1175,2021,145000000,0,0
XI-IATI-IADB-UR-L1195,2023,200000000,200000000,1
XM-DAC-46004-54192-001-GRNT0772,2021,0,0,12
XM-DAC-46004-54192-001-GRNT0772,2023,100000000,0,0
XM-DAC-46004-54192-001-GRNT0772,2020,0,0,1
XM-DAC-46004-38122-013-LN2215,2015,0,0,8
XM-DAC-46004-38122-013-LN2215,2023,48000000,0,0
XM-DAC-46004-38122-013-LN2215,2014,0,0,8
XM-DAC-46004-37393-032-GRNT0067,2023,56000000,0,0
XM-DAC-46004-45230-001-LN2922,2014,0,0,4
XM-DAC-46004-45230-001-LN2922,2015,0,9037947.59,4
XM-DAC-46004-46220-001-LN3155,2014,49000000,18996010.95,1
XM-DAC-46004-46220-001-LN3155,2015,0,26567694.72,4
XM-DAC-46004-46220-006-LN3453,2017,0,30000000,12
XM-DAC-46004-46220-006-LN3453,2016,90000000,60000000,2
XM-DAC-46004-51060-002-LN3584,2017,40000000,40000000,3
XM-DAC-46004-51060-003-LN3735,2018,50000000,50000000,2
XM-DAC-46004-53248-001-LN3859,2019,40000000,40704189.39,2
XM-DAC-46004-51129-002-LN3860,2019,10000000,10146499.85,2
XM-DAC-46004-55103-001-LN4250,2023,0,0,12
XM-DAC-46004-55103-001-LN4250,2022,100000000,100000000,4
XM-DAC-46004-50145-001-LN3486,2016,500000000,500000000,1
XM-DAC-46004-50145-001-LN3486,2017,0,0,2
XM-DAC-46004-48386-004-LN3614,2019,0,75000000,9
XM-DAC-46004-48386-004-LN3614,2018,0,175000000,12
XM-DAC-46004-48386-004-LN3614,2017,250000000,0,1
XM-DAC-46004-51059-001-LN3616,2018,250000000,250000000,7
XM-DAC-46004-51059-002-LN3868,2019,250000000,250000000,1
XM-DAC-46004-55073-001-LN4082,2022,0,0,9
XM-DAC-46004-55073-001-LN4082,2021,250000000,250000000,2
XM-DAC-46004-42503-023-LN2946,2014,0,0,1
XM-DAC-46004-50212-001-LN3479,2017,0,0,12
XM-DAC-46004-50212-001-LN3479,2016,10000000,0,1
XM-DAC-46004-50212-001-LN3479,2018,0,0,12
XM-DAC-46004-50212-001-LN3479,2019,0,0,12
XM-DAC-46004-50212-001-LN3479,2020,0,0,2
XM-DAC-46004-50212-003-LN3933,2020,9734796,10068693.98,3
XM-DAC-46004-54289-001-LN4010,2021,0,0,1
XM-DAC-46004-54289-001-LN4010,2020,21055190,21420098.5,2
XM-DAC-46004-55014-001-LN4161,2022,0,0,7
XM-DAC-46004-55014-001-LN4161,2021,37744979,37767206.04,1
XM-DAC-46004-55014-001-LN4162,2021,37744979,0,0
XM-DAC-46004-46371-002-GRNT0431,2015,16100000,16100000,1
XM-DAC-46004-45260-001-LN2955,2015,0,0,4
XM-DAC-46004-45260-001-LN2955,2014,0,4866863.65,4
XM-DAC-46004-46371-001-LN2994,2014,0,14215475.36,3
XM-DAC-46004-46371-002-LN3258,2015,20100000,0,3
XM-DAC-46004-46371-002-LN3258,2016,0,0,6
XM-DAC-46004-46371-002-LN3258,2017,0,19967303.06,5
XM-DAC-46004-51141-002-GRNT0615,2018,14000000,0,2
XM-DAC-46004-51141-002-GRNT0615,2021,0,7000000,12
XM-DAC-46004-51141-002-GRNT0615,2020,0,0,12
XM-DAC-46004-51141-002-GRNT0615,2019,0,7000000,12
XM-DAC-46004-51252-003-LN3863,2020,0,0,5
XM-DAC-46004-51252-003-LN3863,2019,30000000,30000000,2
XM-DAC-46004-54183-001-LN3914,2021,0,0,7
XM-DAC-46004-54183-001-LN3914,2020,20000000,20000000,8
XM-DAC-46004-51252-004-LN3992,2020,30000000,30000000,3
XM-DAC-46004-51252-005-LN4130,2021,30000000,30000000,2
XM-DAC-46004-56010-001-LN4229,2022,37350000,37350000,3
XM-DAC-46004-48490-002-LN3667,2018,15000000,15000000,7
XM-DAC-46004-48490-002-LN3667,2019,0,0,1
XM-DAC-46004-48490-003-LN3812,2019,65000000,0,1
XM-DAC-46004-48490-003-LN3812,2020,0,65000000,2
XM-DAC-46004-48490-004-LN3952,2020,200000000,200000000,3
XM-DAC-46004-55116-001-LN4194,2022,90000000,90000000,5
XM-DAC-46004-55116-001-LN4193,2022,60000000,60000000,5
XM-DAC-46004-50028-002-GRNT0669,2020,0,6000000,5
XM-DAC-46004-50028-002-GRNT0669,2019,6000000,0,4
XM-DAC-46004-54309-001-GRNT0751,2020,14000000,14000000,2
XM-DAC-46004-54309-001-GRNT0751,2021,0,0,2
XM-DAC-46004-50028-003-GRNT0756,2022,0,0,9
XM-DAC-46004-50028-003-GRNT0756,2021,0,0,12
XM-DAC-46004-50028-003-GRNT0756,2020,6000000,0,1
XM-DAC-46004-48044-001-LN3190,2014,16000000,16000000,1
XM-DAC-46004-48044-001-LN3190,2015,0,0,1
XM-DAC-46004-48044-001-LN3191,2015,0,0,1
XM-DAC-46004-48044-001-LN3191,2014,59000000,57496632.48,1
XM-DAC-46004-48044-004-LN3282,2015,22000000,21369431.23,1
XM-DAC-46004-48044-004-LN3283,2015,53000000,52387764.73,1
XM-DAC-46004-48044-005-LN3417,2016,50000000,50000000,4
XM-DAC-46004-48044-005-LN3418,2016,50000000,48704241.85,4
XM-DAC-46004-54191-001-LN3929,2020,102242870,103821282.8,7
XM-DAC-46004-51132-002-LN3985,2021,0,137490365.75,12
XM-DAC-46004-51132-002-LN3985,2020,136215705,0,3
XM-DAC-46004-51132-002-LN3985,2022,0,0,3
XM-DAC-46004-54271-001-LN3993,2020,201741975,0,3
XM-DAC-46004-54271-001-LN3993,2021,0,209223966.9,5
XM-DAC-46004-52339-001-LN4033,2021,0,50839798.78,5
XM-DAC-46004-52339-001-LN4033,2020,51412461,0,1
XM-DAC-46004-49006-003-LN4112,2022,0,0,6
XM-DAC-46004-49006-003-LN4112,2021,100892076,0,3
XM-DAC-46004-54271-002-LN4246,2022,100000000,0,8
XM-DAC-46004-54014-001-LN4378,2023,15000000,15270652.91,6
XM-DAC-46004-37017-013-LN2362,2018,0,40837575.63,11
XM-DAC-46004-37017-013-LN2362,2014,0,0,4
XM-DAC-46004-37017-013-LN2362,2016,0,0,6
XM-DAC-46004-37017-013-LN2362,2017,0,0,12
XM-DAC-46004-37017-013-LN2362,2015,0,0,4
XM-DAC-46004-39405-013-LN2383,2014,0,0,4
XM-DAC-46004-39305-013-LN2554,2014,0,0,4
XM-DAC-46004-43477-013-LN2952,2014,0,125005342.1,4
XM-DAC-46004-43477-013-LN2953,2014,0,19230915.61,4
XM-DAC-46004-45260-001-LN2954,2014,0,9472366.7,4
XM-DAC-46004-45260-001-LN2954,2015,0,0,4
XM-DAC-46004-45253-002-LN3318,2015,150000000,80000000,1
XM-DAC-46004-45253-002-LN3318,2016,0,0,6
XM-DAC-46004-45253-002-LN3318,2017,0,0,12
XM-DAC-46004-45253-002-LN3318,2019,0,0,12
XM-DAC-46004-45253-002-LN3318,2018,0,0,12
XM-DAC-46004-45253-002-LN3318,2020,0,70000000,3
XM-DAC-46004-45253-002-LN3319,2019,0,0,12
XM-DAC-46004-45253-002-LN3319,2018,0,0,12
XM-DAC-46004-45253-002-LN3319,2016,0,0,6
XM-DAC-46004-45253-002-LN3319,2017,0,0,12
XM-DAC-46004-45253-002-LN3319,2020,0,98094601.29,3
XM-DAC-46004-45253-002-LN3319,2015,100000000,0,1
XM-DAC-46004-54180-001-LN3920,2020,250000000,250000000,8
XM-DAC-46004-54180-001-LN3920,2021,0,0,12
XM-DAC-46004-54180-001-LN3919,2020,250000000,250000000,8
XM-DAC-46004-54180-001-LN3919,2021,0,0,12
XM-DAC-46004-53260-001-LN4177,2022,90000000,50000000,7
XM-DAC-46004-53260-001-LN4177,2023,0,0,12
XM-DAC-46004-55041-001-LN4076,2021,250000000,0,9
XM-DAC-46004-55041-003-LN4187,2022,250000000,0,21
XM-DAC-46004-55041-003-LN4187,2023,0,0,9
XM-DAC-46004-54307-001-LN4115,2021,250000000,0,3
XM-DAC-46004-54307-002-LN4319,2023,400000000,400000000,1
XM-DAC-46004-56253-001-LN4423,2023,400000000,0,1
XM-DAC-46004-46239-001-LN2871,2014,0,0,4
XM-DAC-46004-46239-001-LN2871,2015,0,500000000,4
XM-DAC-46004-46239-001-LN2871,2016,0,0,1
XM-DAC-46004-46093-004-LN3068,2014,0,0,1
XM-DAC-46004-48134-001-LN3164,2014,400000000,400000000,1
XM-DAC-46004-48207-001-LN3274,2015,400000000,400000000,2
XM-DAC-46004-48207-001-LN3274,2016,0,0,1
XM-DAC-46004-49043-001-LN3303,2015,400000000,400000000,1
XM-DAC-46004-48134-006-LN3402,2016,500000000,500000000,3
XM-DAC-46004-50168-001-LN3454,2016,500000000,500000000,2
XM-DAC-46004-50168-001-LN3454,2017,0,0,3
XM-DAC-46004-48207-002-LN3541,2017,400000000,400000000,5
XM-DAC-46004-49043-002-LN3561,2017,400000000,0,4
XM-DAC-46004-49043-002-LN3561,2018,0,400000000,1
XM-DAC-46004-50168-002-LN3671,2018,500000000,500000000,6
XM-DAC-46004-50168-002-LN3671,2019,0,0,1
XM-DAC-46004-48134-007-LN3670,2018,500000000,500000000,6
XM-DAC-46004-48207-004-LN3779,2019,500000000,500000000,3
XM-DAC-46004-50168-003-LN3842,2019,500000000,500000000,2
XM-DAC-46004-54139-001-LN3905,2021,0,0,12
XM-DAC-46004-54139-001-LN3905,2020,502638494,499722028.8,9
XM-DAC-46004-54139-001-LN3905,2022,0,0,1
XM-DAC-46004-54139-001-LN3906,2021,0,0,12
XM-DAC-46004-54139-001-LN3906,2020,1005276988,1040829840,9
XM-DAC-46004-54139-001-LN3906,2022,0,0,1
XM-DAC-46004-54117-001-LN3971,2023,0,0,12
XM-DAC-46004-54117-001-LN3971,2021,0,500000000,12
XM-DAC-46004-54117-001-LN3971,2020,500000000,0,4
XM-DAC-46004-54117-001-LN3971,2022,0,0,12
XM-DAC-46004-52218-001-LN4038,2021,0,500000000,10
XM-DAC-46004-52218-001-LN4038,2020,500000000,0,1
XM-DAC-46004-53211-001-LN4137,2022,0,500000000,12
XM-DAC-46004-53211-001-LN4137,2021,500000000,0,1
XM-DAC-46004-54461-001-LN4144,2022,0,500000000,12
XM-DAC-46004-54461-001-LN4144,2021,500000000,0,1
XM-DAC-46004-49043-003-LN4256,2023,0,500000000,6
XM-DAC-46004-49043-003-LN4256,2022,500000000,0,1
XM-DAC-46004-52218-002-LN4249,2023,0,500000000,11
XM-DAC-46004-52218-002-LN4249,2022,500000000,0,1
XM-DAC-46004-55235-001-LN4251,2023,0,500000000,24
XM-DAC-46004-55235-001-LN4251,2022,500000000,0,2
XM-DAC-46004-53211-002-LN4350,2023,500000000,483321003.4,6
XM-DAC-46004-54461-002-LN4377,2023,512657363,0,2
XM-DAC-46004-41544-084-GRNT0393,2014,22000000,22000000,2
XM-DAC-46004-46537-002-GRNT0407,2017,0,0,12
XM-DAC-46004-46537-002-GRNT0407,2018,0,0,12
XM-DAC-46004-46537-002-GRNT0407,2016,0,0,6
XM-DAC-46004-46537-002-GRNT0407,2015,10000000,3000000,4
XM-DAC-46004-46537-002-GRNT0407,2019,0,0,1
XM-DAC-46004-41544-088-GRNT0432,2015,20000000,20000000,3
XM-DAC-46004-41544-089-GRNT0487,2016,12500000,0,4
XM-DAC-46004-50024-002-GRNT0552,2019,0,0,12
XM-DAC-46004-50024-002-GRNT0552,2018,0,0,12
XM-DAC-46004-50024-002-GRNT0552,2021,0,8000000,12
XM-DAC-46004-50024-002-GRNT0552,2020,0,0,12
XM-DAC-46004-50024-002-GRNT0552,2022,0,8000000,2
XM-DAC-46004-50024-002-GRNT0552,2017,12000000,4000000,1
XM-DAC-46004-41544-091-GRNT0563,2018,0,0,11
XM-DAC-46004-41544-091-GRNT0563,2017,25000000,24592040,1
XM-DAC-46004-41544-089-LN3410,2016,12500000,12017857.6,4
XM-DAC-46004-54169-001-GRNT0699,2020,25000000,25000000,8
XM-DAC-46004-54169-001-LN3913,2020,25000000,25000000,8
XM-DAC-46004-52225-003-GRNT0800,2022,0,0,12
XM-DAC-46004-52225-003-GRNT0800,2021,10700000,10700000,3
XM-DAC-46004-52225-003-GRNT0800,2023,0,0,12
XM-DAC-46004-52225-003-LN4114,2021,69300000,69300000,3
XM-DAC-46004-52225-001-GRNT0657,2020,0,0,3
XM-DAC-46004-52225-001-GRNT0657,2019,50000000,0,3
XM-DAC-46004-52225-004-LN4221,2023,0,0,50
XM-DAC-46004-52225-004-LN4221,2022,25000000,25000000,15
XM-DAC-46004-52225-004-GRNT0853,2023,0,0,60
XM-DAC-46004-52225-004-GRNT0853,2022,25000000,-25000000,15
XM-DAC-46004-56150-001-GRNT0860,2023,0,0,24
XM-DAC-46004-56150-001-GRNT0860,2022,25000000,-25000000,4
XM-DAC-46004-56150-001-LN4241,2022,25000000,25000000,4
XM-DAC-46004-56150-001-LN4241,2023,0,0,6
XM-DAC-46004-52337-001-GRNT0852,2023,15000000,0,12
XM-DAC-46004-49232-001-LN3356,2016,300000000,300000000,2
XM-DAC-46004-52230-001-LN3988,2022,0,0,12
XM-DAC-46004-52230-001-LN3988,2023,0,25000000,5
XM-DAC-46004-52230-001-LN3988,2021,0,25000000,12
XM-DAC-46004-52230-001-LN3988,2020,50000000,0,1
XM-DAC-46004-53059-001-LN4220,2023,0,13410640.909999998,96
XM-DAC-46004-53059-001-LN4220,2022,28000000,0,8
XM-DAC-46004-47314-001-GRNT0416,2014,3000000,3000000,1
XM-DAC-46004-47322-001-GRNT0560,2018,0,0,2
XM-DAC-46004-47322-001-GRNT0560,2017,5000000,5000000,1
XM-DAC-46004-47322-002-GRNT0633,2019,0,0,12
XM-DAC-46004-47322-002-GRNT0633,2021,0,0,12
XM-DAC-46004-47322-002-GRNT0633,2022,0,0,12
XM-DAC-46004-47322-002-GRNT0633,2020,0,0,12
XM-DAC-46004-47322-002-GRNT0633,2018,2500000,0,2
XM-DAC-46004-47322-002-GRNT0633,2023,0,0,12
XM-DAC-46004-50028-003-GRNT0758,2020,8000000,0,1
XM-DAC-46004-50028-003-GRNT0758,2021,0,0,12
XM-DAC-46004-50028-003-GRNT0758,2022,0,8000000,5
XM-DAC-46004-56138-001-GRNT0882,2023,8000000,0,20
XM-DAC-46004-56284-001-GRNT0914,2023,5000000,0,8
XM-DAC-46004-49083-001-LN3272,2016,0,0,1
XM-DAC-46004-49083-001-LN3272,2015,1000000000,1000000000,1
XM-DAC-46004-54188-001-LN3940,2020,538797633,557332643.1,5
XM-DAC-46004-54188-001-LN3940,2021,0,0,12
XM-DAC-46004-54188-001-LN3941,2021,0,0,12
XM-DAC-46004-54188-001-LN3941,2020,538797633,557332643.1,5
XM-DAC-46004-40368-022-LN2777,2017,0,0,12
XM-DAC-46004-40368-022-LN2777,2014,0,4869798.78,4
XM-DAC-46004-40368-022-LN2777,2016,0,0,6
XM-DAC-46004-40368-022-LN2777,2015,0,0,4
XM-DAC-46004-40368-022-LN2777,2018,0,4369698.41,12
XM-DAC-46004-44057-013-LN3036,2014,0,0,2
XM-DAC-46004-46059-002-LN3205,2015,0,0,2
XM-DAC-46004-46059-002-LN3205,2014,15000000,14642647.89,1
XM-DAC-46004-47137-003-LN3279,2015,17000000,17003711.16,3
XM-DAC-46004-47137-003-LN3279,2016,0,0,3
XM-DAC-46004-47137-006-GRNT0572,2018,30000000,30000000,3
XM-DAC-46004-52146-001-LN3825,2019,45000000,45000000,3
XM-DAC-46004-50399-003-LN3821,2019,10000000,10000000,3
XM-DAC-21-1-2014B1MOZBSUP-MOZBUDSUP,2014,0,0,1
XM-DAC-21-1-2015000211B1TANGBIPTANGBS,2015,0,0,1
XM-DAC-21-1-2015000108B1MOZBSUPMOZBUDSUP,2015,0,0,1
XM-DAC-701-8-201903815,2023,92478421.70160297,0,0
XM-DAC-701-8-202210984,2023,308261405.6720099,0,0
XM-DAC-701-8-202210509,2023,83230579.53144267,0,0
XM-DAC-701-8-202208006,2023,184956843.40320593,0,0
XM-DAC-701-8-202311927,2023,184956843.40320593,0,0
XM-DAC-701-8-202209514,2023,40382244.143033296,0,0
XM-DAC-701-8-202207950,2023,92478421.70160297,0,0
XM-DAC-701-8-201905005,2023,184956843.40320593,0,0
XM-DAC-701-8-202004739,2023,271270036.9913687,0,0
XM-DAC-701-8-202108578,2023,92478421.70160297,0,0
XM-DAC-701-8-202109599,2023,184956843.40320593,0,0
XM-DAC-701-8-202311965,2023,94334155.36374846,0,0
XM-OCHAS-HPC6770-3209,2018,0,1000000,1
XM-OCHAS-HPC6770-3812,2019,0,68471,1
XM-OCHAS-HPC6770-2370,2018,0,1650000,1
XM-OCHAS-HPC6770-2371,2018,0,1950000,1
XM-OCHAS-HPC6770-2372,2018,0,25000000,1
XM-OCHAS-HPC6770-2385,2018,0,700000,1
XM-OCHAS-HPC6770-2398,2018,0,14654327,1
XM-OCHAS-HPC6770-2399,2018,0,505050,1
XM-OCHAS-HPC6770-2397,2018,0,197340909,1
XM-OCHAS-HPC6770-2401,2018,0,9000000,1
XM-OCHAS-HPC6770-2402,2018,0,10386364,1
XM-OCHAS-HPC6770-2403,2018,0,51500000,1
XM-OCHAS-HPC6770-2405,2018,0,1664626,1
XM-OCHAS-HPC6770-2404,2018,0,1000000,1
XM-OCHAS-HPC6770-2406,2018,0,20000000,1
XM-OCHAS-HPC6770-2407,2018,0,29500000,1
XM-OCHAS-HPC6770-2408,2018,0,3330000,1
XM-OCHAS-HPC6770-2409,2018,0,18681046,1
XM-OCHAS-HPC6770-2373,2018,0,4494949,1
XM-OCHAS-HPC6770-2374,2018,0,500000,1
XM-OCHAS-HPC6770-2378,2018,0,4000000,1
XM-OCHAS-HPC6770-2379,2018,0,6021353,1
XM-OCHAS-HPC6770-2377,2018,0,5000000,1
XM-OCHAS-HPC6770-2375,2018,0,2272727,1
XM-OCHAS-HPC6770-2380,2018,0,2280000,1
XM-OCHAS-HPC6770-2400,2018,0,2134375,1
XM-OCHAS-HPC6770-2386,2018,0,35000000,1
XM-OCHAS-HPC6770-2381,2018,0,2500000,1
XM-OCHAS-HPC6770-2382,2018,0,1200000,1
XM-OCHAS-HPC6770-2383,2018,0,3500000,1
XM-OCHAS-HPC6770-2384,2018,0,2076808,1
XM-OCHAS-HPC6770-2387,2018,0,4000000,1
XM-OCHAS-HPC6770-2389,2018,0,1500000,1
XM-OCHAS-HPC6770-2390,2018,0,5435625,1
XM-OCHAS-HPC6770-2391,2018,0,150000,1
XM-OCHAS-HPC6770-2392,2018,0,4593192,1
XM-OCHAS-HPC6770-2393,2018,0,18978647,1
XM-OCHAS-HPC6770-2394,2018,0,7500000,1
XM-OCHAS-HPC6770-3206,2018,0,8000000,1
XM-OCHAS-HPC6770-2376,2018,0,4775784,1
XM-OCHAS-HPC6770-2778,2018,0,360019,1
XM-OCHAS-HPC6770-2690,2018,0,67487436,1
XM-OCHAS-HPC6770-2691,2018,0,55295300,1
XM-OCHAS-HPC6770-2695,2018,0,53839352,1
XM-OCHAS-HPC6770-2733,2018,0,67492960,1
XM-OCHAS-HPC6770-1258,2017,0,200000,1
XM-OCHAS-HPC6770-1518,2017,0,2550000,1
XM-OCHAS-HPC6770-1605,2017,0,13333333,1
XM-OCHAS-HPC6770-1311,2017,0,16000000,1
XM-OCHAS-HPC6770-1606,2017,0,5333333,1
XM-OCHAS-HPC6770-1609,2017,0,18666667,1
XM-OCHAS-HPC6770-1610,2017,0,18666667,1
XM-OCHAS-HPC6770-3662,2019,0,710000,1
XM-OCHAS-HPC6770-1612,2017,0,13333333,1
XM-OCHAS-HPC6770-1613,2017,0,5333333,1
XM-OCHAS-HPC6770-1614,2017,0,16000000,1
XM-OCHAS-HPC6770-1641,2017,0,3802085,1
XM-OCHAS-HPC6770-1642,2017,0,165883,1
XM-OCHAS-HPC6770-1789,2017,0,2640000,1
XM-OCHAS-HPC6770-2174,2017,0,13333333,1
XM-OCHAS-HPC6770-2176,2017,0,8666667,1
XM-OCHAS-HPC6770-2186,2017,0,8000000,1
XM-OCHAS-HPC6770-2188,2017,0,9333333,1
XM-OCHAS-HPC6770-3198,2017,0,2649000,1
NZ-1-ACT-0100448,2019,2823423.118188492,0,0
NL-1-PPR-26891,2015,0,5697000,1
NL-1-PPR-26891,2014,22788000,5697000,1
NL-1-PPR-26891,2017,0,5697000,1
NL-1-PPR-26891,2016,0,5697000,1
XM-DAC-46004-38558-013-LN2673,2016,0,0,6
XM-DAC-46004-38558-013-LN2673,2017,0,9096019.4,6
XM-DAC-46004-38558-013-LN2673,2015,0,0,4
XM-DAC-46004-38558-013-LN2673,2014,0,0,4
XM-DAC-46004-43260-013-LN2888,2014,0,0,4
XM-DAC-46004-43260-013-LN2888,2015,0,5510574,4
XM-DAC-46004-44321-013-LN3006,2017,0,0,12
XM-DAC-46004-44321-013-LN3006,2020,0,0,12
XM-DAC-46004-44321-013-LN3006,2022,0,10389427.74,8
XM-DAC-46004-44321-013-LN3006,2015,0,0,4
XM-DAC-46004-44321-013-LN3006,2019,0,0,12
XM-DAC-46004-44321-013-LN3006,2021,0,0,12
XM-DAC-46004-44321-013-LN3006,2014,0,0,4
XM-DAC-46004-44321-013-LN3006,2016,0,0,6
XM-DAC-46004-44321-013-LN3006,2018,0,0,12
XM-DAC-46004-46064-002-LN3166,2015,0,3143340.86,4
XM-DAC-46004-46064-002-LN3166,2017,0,0,12
XM-DAC-46004-46064-002-LN3166,2016,0,0,6
XM-DAC-46004-46064-002-LN3166,2018,0,3246489.27,7
XM-DAC-46004-46064-002-LN3166,2014,7000000,0,1
XM-DAC-46004-42305-033-LN3185,2015,0,13798154.64,3
XM-DAC-46004-42305-033-LN3185,2014,15000000,0,1
XM-DAC-46004-41392-023-LN3415,2016,15000000,14382439.09,3
XM-DAC-46004-41392-023-LN3415,2017,0,0,2
XM-DAC-46004-47136-003-LN3426,2016,15000000,14633794.56,3
XM-DAC-46004-47136-003-LN3426,2017,0,0,5
XM-DAC-46004-49041-002-LN3428,2017,0,0,4
XM-DAC-46004-49041-002-LN3428,2016,26500000,25776547.17,3
XM-DAC-46004-44263-013-LN3460,2016,40000000,0,1
XM-DAC-46004-44263-013-LN3460,2017,0,38632260.05,4
XM-DAC-46004-47136-006-LN3719,2019,0,15000000,3
XM-DAC-46004-47136-006-LN3719,2018,15000000,0,3
XM-DAC-46004-50101-002-LN3832,2021,0,0,12
XM-DAC-46004-50101-002-LN3832,2020,0,0,12
XM-DAC-46004-50101-002-LN3832,2023,0,0,12
XM-DAC-46004-50101-002-LN3832,2022,0,0,12
XM-DAC-46004-50101-002-LN3832,2019,15000000,5000000,3
XM-DAC-46004-44263-015-LN3831,2020,0,0,3
XM-DAC-46004-44263-015-LN3831,2019,40000000,40000000,3
XM-DAC-46004-54195-001-LN3951,2020,250000000,250000000,6
XM-DAC-46004-54195-001-LN3951,2021,0,0,12
XM-DAC-46004-54195-001-LN3951,2022,0,0,1
XM-DAC-46004-52145-001-LN3969,2021,0,0,6
XM-DAC-46004-52145-001-LN3969,2020,20000000,20000000,3
XM-DAC-46004-44263-016-LN4128,2022,0,0,3
XM-DAC-46004-44263-016-LN4128,2021,40000000,0,1
XM-DAC-46004-54430-001-LN4285,2023,0,40000000,6
XM-DAC-46004-54430-001-LN4285,2022,40000000,0,1
XM-DAC-46004-55255-001-LN4267,2023,0,50000000,12
XM-DAC-46004-55255-001-LN4267,2022,50000000,0,1
XM-DAC-46004-55360-001-LN4331,2023,20000000,20000000,4
XM-DAC-46004-52145-002-LN4330,2023,40000000,40000000,4
XM-DAC-46004-49041-004-LN4391,2023,50000000,0,1
XM-DAC-46004-43321-023-LN2950,2014,0,0,1
XM-DAC-46004-50028-002-GRNT0666,2021,0,0,12
XM-DAC-46004-50028-002-GRNT0666,2019,6000000,0,4
XM-DAC-46004-50028-002-GRNT0666,2022,0,0,12
XM-DAC-46004-50028-002-GRNT0666,2020,0,6000000,12
XM-DAC-46004-50028-002-GRNT0666,2023,0,0,12
XM-DAC-46004-50028-003-GRNT0761,2021,0,0,12
XM-DAC-46004-50028-003-GRNT0761,2022,0,0,9
XM-DAC-46004-50028-003-GRNT0761,2020,6000000,0,1
XM-DAC-46004-54358-001-GRNT0766,2021,0,0,2
XM-DAC-46004-54358-001-GRNT0766,2020,16000000,0,1
XM-DAC-46004-54255-001-LN3960,2023,0,0,12
XM-DAC-46004-54255-001-LN3960,2021,0,125000000,12
XM-DAC-46004-54255-001-LN3960,2022,0,0,12
XM-DAC-46004-54255-001-LN3960,2020,250000000,125000000,4
XM-DAC-46004-54189-001-LN3942,2020,25000000,25000000,7
XM-DAC-46004-54189-001-LN3942,2021,0,0,6
XM-DAC-46004-54189-001-GRNT0710,2021,0,0,12
XM-DAC-46004-54189-001-GRNT0710,2020,25000000,0,14
XM-DAC-46004-55003-001-GRNT0898,2023,18700000,18700000,4
XM-DAC-46004-42151-013-LN2452,2017,0,40000000,12
XM-DAC-46004-42151-013-LN2452,2016,0,0,6
XM-DAC-46004-42151-013-LN2452,2018,0,45000000,1
XM-DAC-46004-42151-013-LN2452,2014,0,0,4
XM-DAC-46004-42151-013-LN2452,2015,0,0,4
XM-DAC-46004-41607-013-LN2536,2014,0,7000000,4
XM-DAC-46004-41607-013-LN2536,2015,0,0,1
XM-DAC-46004-44453-014-LN2926,2014,0,200000000,3
XM-DAC-46004-42267-026-LN3182,2019,0,125000000,11
XM-DAC-46004-42267-026-LN3182,2017,0,0,12
XM-DAC-46004-42267-026-LN3182,2018,0,0,12
XM-DAC-46004-42267-026-LN3182,2015,250000000,125000000,2
XM-DAC-46004-42267-026-LN3182,2016,0,0,6
XM-DAC-46004-45288-002-LN3187,2018,0,150000000,12
XM-DAC-46004-45288-002-LN3187,2017,0,0,12
XM-DAC-46004-45288-002-LN3187,2015,0,0,4
XM-DAC-46004-45288-002-LN3187,2016,0,0,6
XM-DAC-46004-45288-002-LN3187,2014,200000000,50000000,1
XM-DAC-46004-48434-005-LN3424,2019,0,62500000,10
XM-DAC-46004-48434-005-LN3424,2017,125000000,0,11
XM-DAC-46004-48434-005-LN3424,2018,0,62500000,12
XM-DAC-46004-49209-001-LN3563,2018,0,0,12
XM-DAC-46004-49209-001-LN3563,2019,0,150000000,11
XM-DAC-46004-49209-001-LN3563,2017,300000000,150000000,3
XM-DAC-46004-54182-001-LN3915,2020,500000000,500000000,9
XM-DAC-46004-54182-001-LN3915,2021,0,0,6
XM-DAC-46004-54182-001-LN3916,2020,1000000000,1000000000,9
XM-DAC-46004-54182-001-LN3916,2021,0,0,6
XM-DAC-46004-54001-001-LN4004,2021,0,25000000,12
XM-DAC-46004-54001-001-LN4004,2022,0,0,12
XM-DAC-46004-54001-001-LN4004,2023,0,25000000,9
XM-DAC-46004-54001-001-LN4004,2020,50000000,0,1
XM-DAC-46004-54465-001-LN4138,2021,250000000,0,2
XM-DAC-46004-54465-001-LN4138,2022,0,0,1
XM-DAC-46004-55054-001-LN4158,2021,350000000,0,1
XM-DAC-46004-55054-001-LN4158,2022,0,0,5
XM-DAC-46004-55154-001-LN4275,2023,0,250000000,5
XM-DAC-46004-55154-001-LN4275,2022,250000000,0,1
XM-DAC-46004-55054-002-LN4362,2023,400000000,400000000,2
XM-DAC-46004-55080-001-LN4401,2023,250000000,0,3
XM-DAC-46004-54465-002-LN4421,2023,250000000,0,2
XM-DAC-46004-45032-001-GRNT0300,2014,0,2000000,4
XM-DAC-46004-48478-001-GRNT0473,2016,2000000,2000000,5
XM-DAC-46004-52073-001-GRNT0703,2020,5000000,5000000,4
XM-DAC-46004-49210-001-LN3297,2016,0,50000000,2
XM-DAC-46004-49210-001-LN3297,2015,150000000,100000000,1
XM-DAC-46004-50302-001-LN3532,2018,0,50000000,10
XM-DAC-46004-50302-001-LN3532,2017,150000000,100000000,8
XM-DAC-46004-51054-001-LN3533,2017,100000000,100000000,4
XM-DAC-46004-51199-001-LN3648,2019,0,30000000,10
XM-DAC-46004-51199-001-LN3648,2018,130000000,100000000,9
XM-DAC-46004-53028-001-LN3880,2019,160000000,100000000,1
XM-DAC-46004-53028-001-LN3880,2020,0,60000000,12
XM-DAC-46004-54174-001-LN3922,2020,100000000,100000000,8
XM-DAC-46004-54174-001-LN3922,2021,0,0,6
XM-DAC-46004-54228-001-LN4056,2021,100000000,100000000,7
XM-DAC-46004-56144-001-LN4202,2022,100000000,100000000,3
XM-DAC-46004-55209-003-LN4356,2023,100000000,100000000,6
XM-DAC-46004-49365-002-LN3446,2021,0,0,12
XM-DAC-46004-49365-002-LN3446,2016,250000000,0,2
XM-DAC-46004-49365-002-LN3446,2017,0,0,12
XM-DAC-46004-49365-002-LN3446,2018,0,125000000,12
XM-DAC-46004-49365-002-LN3446,2019,0,0,12
XM-DAC-46004-49365-002-LN3446,2020,0,0,12
XM-DAC-46004-49365-002-LN3446,2022,0,0,3
XM-DAC-46004-57035-001-LN4315,2023,350000000.00000006,350000000.00000006,7
XM-DAC-46004-56285-001-LN4422,2023,200000000,0,4
XM-DAC-46004-35174-082-GRNT0272,2014,0,20000000,4
XM-DAC-46004-35174-082-GRNT0272,2015,0,0,1
XM-DAC-46004-36172-063-GRNT0305,2017,0,0,4
XM-DAC-46004-36172-063-GRNT0305,2014,0,0,4
XM-DAC-46004-36172-063-GRNT0305,2015,0,0,4
XM-DAC-46004-36172-063-GRNT0305,2016,0,10000000,6
XM-DAC-46004-45260-001-GRNT0322,2015,0,0,4
XM-DAC-46004-45260-001-GRNT0322,2014,0,7000000,4
XM-DAC-46004-36169-023-LN2641,2014,0,0,4
XM-DAC-46004-36169-023-LN2641,2015,0,27699633.49,3
XM-DAC-46004-50254-001-LN3546,2019,0,11258703.04,12
XM-DAC-46004-50254-001-LN3546,2018,0,0,12
XM-DAC-46004-50254-001-LN3546,2017,21000000,10000000,4
XM-DAC-46004-50254-001-LN3546,2020,0,0,3
XM-DAC-46004-48218-010-LN3847,2020,0,0,12
XM-DAC-46004-48218-010-LN3847,2021,0,0,12
XM-DAC-46004-48218-010-LN3847,2023,0,0,1
XM-DAC-46004-48218-010-LN3847,2022,0,25000000,12
XM-DAC-46004-48218-010-LN3847,2019,50000000,25000000,1
XM-DAC-46004-54184-001-LN3926,2021,0,0,11
XM-DAC-46004-54184-001-LN3926,2020,250000000,250000000,7
XM-DAC-46004-38349-029-LN3948,2020,50000000,25000000,6
XM-DAC-46004-38349-029-LN3948,2023,0,0,12
XM-DAC-46004-38349-029-LN3948,2022,0,0,12
XM-DAC-46004-38349-029-LN3948,2021,0,0,12
XM-DAC-46004-54402-001-LN4323,2023,50000000,0,18
XM-DAC-46004-55002-001-LN4349,2023,100000000,100000000,4
XM-DAC-46004-44031-013-LN2691,2014,0,0,2
XM-DAC-46004-44031-013-LN2692,2014,0,0,2
XM-DAC-46004-52018-001-LN3725,2018,15000000,0,3
XM-DAC-46004-52018-001-LN3725,2019,0,0,12
XM-DAC-46004-52018-001-LN3725,2020,0,15000000,10
XM-DAC-46004-54245-001-LN3955,2020,20000000,20000000,3
XM-DAC-46004-54151-001-LN4030,2021,0,5000000,5
XM-DAC-46004-54151-001-LN4030,2020,5000000,0,1
XM-DAC-46004-50028-003-LN4011,2021,0,50000,12
XM-DAC-46004-50028-003-LN4011,2023,0,0,12
XM-DAC-46004-50028-003-LN4011,2022,0,0,12
XM-DAC-46004-50028-003-LN4011,2020,20000000,0,1
XM-DAC-46004-54284-001-LN4063,2021,5000000,5000000,5
XM-DAC-46004-54284-001-LN4064,2021,20000000,20000000,5
XM-DAC-46004-54284-002-LN4206,2022,30000000,30000000,8
XM-DAC-46004-54284-002-LN4206,2023,0,0,2
XM-DAC-46004-54151-003-LN4198,2022,5000000,5000000,2
XM-DAC-46004-51035-001-LN3664,2019,0,0,4
XM-DAC-46004-51035-001-LN3664,2018,100000000,100000000,7
XM-DAC-46004-51035-003-LN3857,2019,100000000,100000000,2
XM-DAC-46004-51035-003-LN3857,2020,0,0,2
XM-DAC-46004-53424-001-LN4022,2021,0,0,3
XM-DAC-46004-53424-001-LN4022,2020,100000000,100000000,1
XM-DAC-46004-51035-005-LN4017,2020,100000000,100000000,1
XM-DAC-46004-51035-005-LN4017,2021,0,0,2
XM-DAC-46004-54346-001-LN4015,2021,0,0,6
XM-DAC-46004-54346-001-LN4015,2020,250000000,250000000,1
XM-DAC-46004-51035-005-LN4016,2020,50000000,50000000,1
XM-DAC-46004-51035-005-LN4016,2021,0,0,2
XM-DAC-46004-53424-002-LN4155,2022,0,0,3
XM-DAC-46004-53424-002-LN4155,2021,150000000,150000000,1
XM-DAC-46004-53424-003-LN4266,2023,0,0,3
XM-DAC-46004-53424-003-LN4266,2022,250000000,250000000,1
XM-DAC-46004-46497-001-GRNT0339,2014,0,0,1
XM-DAC-46004-48479-001-GRNT0478,2017,0,0,3
XM-DAC-46004-48479-001-GRNT0478,2016,5000000,5000000,4
XM-DAC-46004-52074-001-GRNT0629,2018,5000000,5000000,2
XM-DAC-46004-52074-001-GRNT0629,2019,0,0,2
XM-DAC-46004-50028-002-GRNT0667,2020,0,3000000,5
XM-DAC-46004-50028-002-GRNT0667,2019,3000000,0,4
XM-DAC-46004-50028-002-LN3830,2020,0,3000000,5
XM-DAC-46004-50028-002-LN3830,2019,3000000,0,4
XM-DAC-46004-54178-001-LN3938,2020,10000000,10000000,7
XM-DAC-46004-54178-001-LN3938,2021,0,0,6
XM-DAC-46004-50028-003-GRNT0754,2021,0,0,12
XM-DAC-46004-50028-003-GRNT0754,2020,5000000,0,1
XM-DAC-46004-50028-003-GRNT0754,2022,0,5000000,5
XM-DAC-46004-54178-001-GRNT0708,2020,10000000,0,35
XM-DAC-46004-54178-001-GRNT0708,2021,0,0,30
XM-DAC-46004-55011-001-GRNT0871,2023,0,0,36
XM-DAC-46004-55011-001-GRNT0871,2022,5000000,-5000000,3
XM-DAC-46004-55011-001-LN4274,2022,5000000,5000000,3
XM-DAC-46004-55011-001-LN4274,2023,0,0,18
XM-DAC-46004-56138-001-LN4300,2023,5000000,0,20
XM-DAC-46004-56138-001-GRNT0884,2023,5000000,0,20
XM-DAC-46004-44253-013-LN3111,2014,250000000,250000000,3
XM-DAC-46004-43396-014-LN3233,2015,350000000,350000000,4
XM-DAC-46004-48458-001-LN3333,2016,0,300000000,3
XM-DAC-46004-48458-001-LN3333,2015,300000000,0,1
XM-DAC-46004-48427-001-LN3334,2015,300000000,0,1
XM-DAC-46004-48427-001-LN3334,2016,0,300000000,3
XM-DAC-46004-44253-016-LN3505,2017,0,250000000,10
XM-DAC-46004-44253-016-LN3505,2016,250000000,0,1
XM-DAC-46004-49117-002-LN3530,2017,300000000,0,2
XM-DAC-46004-49117-002-LN3530,2018,0,300000000,2
XM-DAC-46004-48427-002-LN3595,2018,0,200000000,12
XM-DAC-46004-48427-002-LN3595,2019,0,100000000,2
XM-DAC-46004-48427-002-LN3595,2017,300000000,0,1
XM-DAC-46004-48458-003-LN3691,2018,300000000,0,5
XM-DAC-46004-48458-003-LN3691,2019,0,300000000,3
XM-DAC-46004-51309-001-LN3707,2018,300000000,0,3
XM-DAC-46004-51309-001-LN3707,2019,0,300000000,2
XM-DAC-46004-52173-001-LN3858,2019,300000000,0,2
XM-DAC-46004-52173-001-LN3858,2020,0,400000000,1
XM-DAC-46004-49117-003-LN3875,2020,0,300000000,1
XM-DAC-46004-49117-003-LN3875,2019,400000000,0,1
XM-DAC-46004-54138-001-LN3910,2021,0,0,12
XM-DAC-46004-54138-001-LN3910,2020,503196143,513527108.9,9
XM-DAC-46004-54138-001-LN3910,2022,0,0,1
XM-DAC-46004-54138-001-LN3907,2020,250000000,250000000,9
XM-DAC-46004-54138-001-LN3907,2021,0,0,12
XM-DAC-46004-54138-001-LN3907,2022,0,0,1
XM-DAC-46004-54138-001-LN3909,2021,0,0,12
XM-DAC-46004-54138-001-LN3909,2020,251598614,250857465.3,9
XM-DAC-46004-54138-001-LN3909,2022,0,0,1
XM-DAC-46004-54138-001-LN3908,2022,0,0,1
XM-DAC-46004-54138-001-LN3908,2020,500000000,500000000,9
XM-DAC-46004-54138-001-LN3908,2021,0,0,12
XM-DAC-46004-53047-001-LN3925,2020,400000000,400000000,2
XM-DAC-46004-53353-001-LN3957,2020,400000000,400000000,4
XM-DAC-46004-51309-002-LN3959,2020,300000000,300000000,5
XM-DAC-46004-51309-002-LN3959,2021,0,0,2
XM-DAC-46004-54022-001-LN3968,2022,0,0,12
XM-DAC-46004-54022-001-LN3968,2020,500000000,0,4
XM-DAC-46004-54022-001-LN3968,2023,0,0,12
XM-DAC-46004-54022-001-LN3968,2021,0,500000000,12
XM-DAC-46004-49117-004-LN4089,2022,0,0,8
XM-DAC-46004-49117-004-LN4089,2021,400000000,400000000,5
XM-DAC-46004-52173-003-LN4102,2022,0,400000000,8
XM-DAC-46004-52173-003-LN4102,2021,400000000,0,2
XM-DAC-46004-55105-001-LN4145,2022,0,600000000,12
XM-DAC-46004-55105-001-LN4145,2021,600000000,0,1
XM-DAC-46004-55268-001-LN4186,2023,0,0,7
XM-DAC-46004-55268-001-LN4186,2022,250000000,250000000,7
XM-DAC-46004-53047-003-LN4185,2022,400000000,400000000,7
XM-DAC-46004-53047-003-LN4185,2023,0,0,6
XM-DAC-46004-53353-002-LN4288,2023,500000000,0,14
XM-DAC-46004-55300-001-LN4289,2023,500000000,500000000,22
XM-DAC-46004-51309-003-LN4355,2023,300000000,300000000,2
XM-DAC-46004-55105-003-LN4414,2023,463115924,0,1
XM-DAC-46004-56288-001-LN4376,2023,400000000,0,2
XM-DAC-46004-52313-001-GRNT0635,2023,0,0,84
XM-DAC-46004-52313-001-GRNT0635,2020,0,0,84
XM-DAC-46004-52313-001-GRNT0635,2019,0,0,84
XM-DAC-46004-52313-001-GRNT0635,2021,0,0,84
XM-DAC-46004-52313-001-GRNT0635,2022,0,0,84
XM-DAC-46004-52313-001-GRNT0635,2018,5000000.000000001,0,7
XM-DAC-46004-54177-001-LN3949,2021,0,1000000000,12
XM-DAC-46004-54177-001-LN3949,2020,1000000000,0,2
XM-DAC-46004-54177-001-LN3949,2022,0,0,1
XM-DAC-46004-54177-001-LN3945,2021,0,500000000,12
XM-DAC-46004-54177-001-LN3945,2020,500000000,0,2
XM-DAC-46004-54177-001-LN3945,2022,0,0,1
XM-DAC-46004-44061-012-GRNT0251,2014,0,0,3
XM-DAC-46004-47099-002-GRNT0463,2015,53400000,53400000,1
XM-DAC-46004-47099-002-GRNT0463,2016,0,0,1
XM-DAC-46004-47099-004-GRNT0530,2022,0,0,12
XM-DAC-46004-47099-004-GRNT0530,2021,0,0,12
XM-DAC-46004-47099-004-GRNT0530,2018,0,0,12
XM-DAC-46004-47099-004-GRNT0530,2019,0,0,12
XM-DAC-46004-47099-004-GRNT0530,2023,0,0,12
XM-DAC-46004-47099-004-GRNT0530,2017,19240000,0,12
XM-DAC-46004-47099-004-GRNT0530,2020,0,0,12
XM-DAC-46004-47099-002-LN3343,2016,0,0,1
XM-DAC-46004-47099-002-LN3343,2015,6600000,6552162.4,1
XM-DAC-46004-47099-004-LN3513,2017,30760000,31613705.23,12
XM-DAC-46004-51066-001-GRNT0782,2023,0,0,12
XM-DAC-46004-51066-001-GRNT0782,2020,50000000,0,1
XM-DAC-46004-51066-001-GRNT0782,2022,0,0,12
XM-DAC-46004-51066-001-GRNT0782,2021,0,0,12
XM-DAC-46004-53315-001-GRNT0777,2021,0,20000000,12
XM-DAC-46004-53315-001-GRNT0777,2020,20000000,0,1
XM-DAC-46004-54156-001-GRNT0706,2020,50000000,0,14
XM-DAC-46004-56147-001-GRNT0857,2022,50000000,-50000000,4
XM-DAC-46004-56147-001-GRNT0857,2023,0,0,8
NO-BRC-971277882-NPL-20/0002,2022,19643990.449998487,6245781.578973878,1
NO-BRC-971277882-NPL-20/0002,2023,0,4533228.565384267,1
XM-DAC-46004-51066-003-GRNT0870,2022,50000000,50000000,2
XM-DAC-46004-51066-003-GRNT0870,2023,0,0,12
NO-BRC-971277882-NPL-07/010,2014,12793778.395640042,4229534.185580304,2
NO-BRC-971277882-NPL-07/010,2015,0,3386960.319139291,1
NO-BRC-971277882-NPL-07/010,2019,0,-6062.739883344918,1
NO-BRC-971277882-NPL-07/010,2016,0,2616247.091178337,1
XM-DAC-46004-45395-001-GRNT0318,2014,0,0,1
XM-DAC-46004-47318-001-GRNT0442,2015,2000000,2000000,1
XM-DAC-46004-50028-001-GRNT0559,2018,0,0,12
XM-DAC-46004-50028-001-GRNT0559,2020,0,3000000,3
XM-DAC-46004-50028-001-GRNT0559,2019,0,0,12
XM-DAC-46004-50028-001-GRNT0559,2017,3000000,0,1
XM-DAC-46004-50377-001-GRNT0673,2021,0,0,12
XM-DAC-46004-50377-001-GRNT0673,2022,0,0,12
XM-DAC-46004-50377-001-GRNT0673,2020,0,0,12
XM-DAC-46004-50377-001-GRNT0673,2023,0,0,12
XM-DAC-46004-50377-001-GRNT0673,2019,4000000,4000000,3
XM-DAC-46004-50028-003-GRNT0760,2021,0,0,12
XM-DAC-46004-50028-003-GRNT0760,2022,0,-4000000,12
XM-DAC-46004-50028-003-GRNT0760,2023,0,0,12
XM-DAC-46004-50028-003-GRNT0760,2020,4000000,0,1
XM-DAC-46004-46385-001-GRNT0359,2014,0,0,1
XM-DAC-46004-48361-001-GRNT0479,2016,3000000,3000000,1
XM-DAC-46004-48361-002-GRNT0532,2017,2250000,0,5
XM-DAC-46004-50028-001-GRNT0558,2018,0,0,12
XM-DAC-46004-50028-001-GRNT0558,2021,0,0,12
XM-DAC-46004-50028-001-GRNT0558,2022,0,0,12
XM-DAC-46004-50028-001-GRNT0558,2020,0,0,12
XM-DAC-46004-50028-001-GRNT0558,2019,0,0,12
XM-DAC-46004-50028-001-GRNT0558,2023,0,0,12
XM-DAC-46004-50028-001-GRNT0558,2017,2900000,0,1
XM-DAC-46004-48361-001-LN3393,2016,3000000,2997695,1
XM-DAC-46004-48361-002-LN3531,2017,2750000,2807266.12,5
XM-DAC-46004-50028-001-LN3628,2018,0,3100000,8
XM-DAC-46004-50028-001-LN3628,2017,3100000,0,1
XM-DAC-46004-48361-003-GRNT0647,2019,5000000,5000000,5
XM-DAC-46004-50028-002-GRNT0668,2019,6000000,0,4
XM-DAC-46004-50028-002-GRNT0668,2020,0,6000000,5
XM-DAC-46004-50028-003-GRNT0755,2021,0,0,12
XM-DAC-46004-50028-003-GRNT0755,2022,0,10000000,5
XM-DAC-46004-50028-003-GRNT0755,2020,10000000,0,1
XM-DAC-46004-55016-001-GRNT0807,2021,5000000,5000000,2
XM-DAC-46004-55016-001-GRNT0807,2022,0,0,1
XM-DAC-46004-52030-001-GRNT0709,2020,12200000,0,8
XM-DAC-46004-56138-001-GRNT0883,2023,10000000,0,20
XM-DAC-46004-50028-003-GRNT0757,2020,5000000,0,1
XM-DAC-46004-50028-003-GRNT0757,2021,0,0,12
XM-DAC-46004-50028-003-GRNT0757,2022,0,5000000,5
XM-DAC-46004-54179-001-GRNT0776,2022,0,0,6
XM-DAC-46004-54179-001-GRNT0776,2021,0,0,12
XM-DAC-46004-54179-001-GRNT0776,2020,16925000,0,1
XM-DAC-46004-46384-001-GRNT0360,2014,0,0,4
XM-DAC-46004-46384-001-GRNT0360,2015,0,4000000,4
XM-DAC-46004-50210-001-GRNT0525,2017,5000000,5000000,6
XM-DAC-46004-50028-001-GRNT0557,2020,0,2900000,5
XM-DAC-46004-50028-001-GRNT0557,2018,0,0,12
XM-DAC-46004-50028-001-GRNT0557,2019,0,0,12
XM-DAC-46004-50028-001-GRNT0557,2017,2900000,0,1
XM-DAC-46004-50028-001-LN3627,2018,0,0,12
XM-DAC-46004-50028-001-LN3627,2020,0,0,12
XM-DAC-46004-50028-001-LN3627,2021,0,0,12
XM-DAC-46004-50028-001-LN3627,2017,3100000,0,1
XM-DAC-46004-50028-001-LN3627,2022,0,3100000,12
XM-DAC-46004-50028-001-LN3627,2019,0,0,12
XM-DAC-46004-50028-001-LN3627,2023,0,0,1
XM-DAC-46004-54243-001-GRNT0718,2020,20000000,20000000,4
XM-DAC-46004-50028-003-GRNT0759,2021,0,0,12
XM-DAC-46004-50028-003-GRNT0759,2022,0,10000000,9
XM-DAC-46004-50028-003-GRNT0759,2020,10000000,0,1
XM-DAC-46004-54054-001-GRNT0862,2022,7500000,-7500000,6
XM-DAC-46004-54054-001-GRNT0862,2023,0,0,36
XM-DAC-46004-56138-001-GRNT0881,2023,10000000,0,20
XM-DAC-46004-47015-001-LN3126,2015,0,0,2
XM-DAC-46004-47015-001-LN3126,2014,400000000,399157648.3,3
XM-DAC-46004-47015-002-LN3321,2015,100000000,100000000,1
XM-DAC-46004-47015-002-LN3321,2016,0,0,2
XM-DAC-46004-47015-002-LN3322,2016,0,0,2
XM-DAC-46004-47015-002-LN3322,2015,300000000,293988918.9,1
XM-DAC-46004-48065-002-LN3398,2017,0,0,6
XM-DAC-46004-48065-002-LN3398,2016,200000000,200000000,5
XM-DAC-46004-48065-002-LN3399,2016,100000000,98630410.44,5
XM-DAC-46004-48065-002-LN3399,2017,0,0,6
XM-DAC-46004-47015-003-LN3537,2017,300000000,300000000,1
XM-DAC-46004-48065-003-LN3538,2017,300000000,300000000,7
XM-DAC-46004-48065-003-LN3538,2018,0,0,6
XM-DAC-46004-52049-001-LN3804,2020,0,0,12
XM-DAC-46004-52049-001-LN3804,2019,500000000,500000000,5
XM-DAC-46004-53247-001-LN3882,2020,0,0,6
XM-DAC-46004-53247-001-LN3882,2019,1000000000,1000000000,1
XM-DAC-46004-53165-001-LN3881,2020,0,0,6
XM-DAC-46004-53165-001-LN3881,2019,300000000,300000000,1
XM-DAC-46004-54193-001-LN3931,2020,500000000,500000000,7
XM-DAC-46004-54193-001-LN3931,2021,0,0,6
XM-DAC-46004-53221-001-LN3976,2020,290204000,290204000,4
XM-DAC-46004-53221-001-LN3976,2021,0,0,9
XM-DAC-46004-53221-001-LN3975,2021,0,0,9
XM-DAC-46004-53221-001-LN3975,2020,9796000,9796000,4
XM-DAC-46004-52049-003-LN4018,2021,0,0,12
XM-DAC-46004-52049-003-LN4018,2020,300000000,300000000,2
XM-DAC-46004-53165-002-LN4159,2022,0,0,6
XM-DAC-46004-53165-002-LN4159,2021,300000000,300000000,1
XM-DAC-46004-53221-003-LN4176,2022,300000000,300000000,4
XM-DAC-46004-56148-001-LN4234,2023,0,0,24
XM-DAC-46004-56148-001-LN4234,2022,1250000000,1250000000,6
XM-DAC-46004-56148-001-LN4235,2023,0,0,24
XM-DAC-46004-56148-001-LN4235,2022,250000000,250000000,6
XM-DAC-46004-54424-001-LN4427,2023,100000000,100000000,1
XM-DAC-46004-56006-001-LN4406,2023,300000000,0,3
XM-DAC-46004-51350-001-LN3675,2018,300000000,300000000,6
XM-DAC-46004-51348-001-LN3869,2020,0,25000000,12
XM-DAC-46004-51348-001-LN3869,2021,0,0,12
XM-DAC-46004-51348-001-LN3869,2022,0,25000000,12
XM-DAC-46004-51348-001-LN3869,2019,50000000,0,1
XM-DAC-46004-51348-001-LN3869,2023,0,0,1
XM-DAC-46004-51350-003-LN3866,2019,300000000,300000000,1
XM-DAC-46004-54160-001-LN3939,2020,500000000,500000000,6
XM-DAC-46004-54160-001-LN3939,2021,0,0,1
XM-DAC-46004-54269-001-LN3980,2021,0,0,2
XM-DAC-46004-54269-001-LN3980,2020,200000000,200000000,2
XM-DAC-46004-53161-001-LN4123,2022,0,0,3
XM-DAC-46004-53161-001-LN4123,2021,100000000,0,1
XM-DAC-46004-42007-020-LN4156,2022,0,0,6
XM-DAC-46004-42007-020-LN4156,2021,19717136,0,1
XM-DAC-46004-42007-020-LN4157,2022,0,80000000,6
XM-DAC-46004-42007-020-LN4157,2021,80000000,0,1
XM-DAC-46004-56149-001-LN4225,2022,500000000,500000000,4
XM-DAC-46004-56149-001-LN4225,2023,0,0,2
XM-DAC-46004-51350-004-LN4292,2023,150000000,0,8
XM-DAC-46004-42007-021-LN4415,2023,100000000,0,2
XM-DAC-46004-40354-013-LN2642,2014,0,0,4
XM-DAC-46004-41360-014-LN3050,2014,0,50992920,3
XM-DAC-46004-44251-013-LN3081,2014,45000000,45179727.12,3
XM-DAC-46004-42235-023-LN3213,2015,50000000,47380477.77,3
XM-DAC-46004-47293-001-LN3227,2015,140000000,140000000,3
XM-DAC-46004-47293-001-LN3228,2015,90000000,85533314.41,3
XM-DAC-46004-44251-034-LN3335,2016,0,100416675.8,1
XM-DAC-46004-44251-034-LN3335,2015,100000000,0,1
XM-DAC-46004-47140-002-LN3493,2019,0,49318771.16,6
XM-DAC-46004-47140-002-LN3493,2017,50000000,0,10
XM-DAC-46004-47140-002-LN3493,2018,0,0,12
XM-DAC-46004-50051-001-LN3502,2017,82700000,0,7
XM-DAC-46004-50051-001-LN3503,2018,0,117880202.2,12
XM-DAC-46004-50051-001-LN3503,2017,117300000,0,8
XM-DAC-46004-49331-001-LN3743,2019,100000000,0,7
XM-DAC-46004-49331-001-LN3743,2020,0,100000000,8
XM-DAC-46004-50285-002-LN3758,2022,0,0,12
XM-DAC-46004-50285-002-LN3758,2021,0,0,12
XM-DAC-46004-50285-002-LN3758,2020,0,0,12
XM-DAC-46004-50285-002-LN3758,2019,88600000,0,5
XM-DAC-46004-50285-002-LN3758,2023,0,88600000,3
CH-4-2024-2018011172,2023,0,2872.1432983323034,2
CH-4-2024-2020010895,2023,0,3688849.907350216,3
AU-5-INL354-VN,2014,2500340.7284000064,50881.43060000013,1
AU-5-INL354-VN,2015,0,1009830.2363000026,1
AU-5-INL354-VN,2016,0,962255.5423000024,1
AU-5-INL354-VN,2018,0,22708.91400000006,1
AU-5-INL354-VN,2017,0,454664.6052000011,1
AU-5-INJ438-VU,2019,0,3657560.4715000093,3
AU-5-INJ438-VU,2017,0,3286113.114400008,3
AU-5-INJ438-VU,2016,0,2514829.5101000066,3
AU-5-INJ438-VU,2015,0,2729404.019000007,3
AU-5-INJ438-VU,2018,0,3330221.0241000084,3
AU-5-INJ438-VU,2020,0,1044828.4782000027,3
AU-5-INJ438-VU,2014,0,3130941.030600008,3
CH-4-2023-2004006120,2023,0,1053215.5651636813,3
CH-4-2023-2018011172,2023,0,13079.678814082767,2
CH-4-2023-2020010894,2023,0,1235330.4508956147,3
CH-4-2023-2020010895,2023,21000617.665225446,5339148.857319333,3
AU-5-INJ402-WS,2015,0,1374583.0660000036,2
AU-5-INJ402-WS,2016,0,33030.960300000086,2
CH-4-2023-2023000533,2023,6423718.344657196,1169781.3465101914,3
CH-4-2023-2023001248,2023,0,157381.0994441013,2
AU-5-INJ648-ID,2017,0,2732038.280500007,4
AU-5-INJ648-ID,2014,0,64601008.62890016,4
AU-5-INJ648-ID,2016,0,14177015.649400037,4
AU-5-INJ648-ID,2015,0,63761431.36590016,4
46002-P-DZ-K00-007,2016,1025460547.7029648,959506988.4202348,1
46002-P-AO-FA0-002,2016,0,388740905.0768436,1
46002-P-AO-FA0-002,2014,988399010.4379264,558569034.0341223,1
46002-P-AO-K00-007,2020,0,164721621.65534097,2
46002-P-AO-K00-007,2019,164965113.05154416,0,0
46002-P-AO-AA0-011,2023,103769609.11681068,0,0
46002-P-BW-K00-004,2022,135139797.79145032,134585701.42404398,1
46002-P-BW-K00-005,2023,177220555.2700205,0,0
46002-P-BJ-FZ0-001,2017,27013575.94923835,27013575.94923835,1
46002-P-BJ-K00-005,2018,9492722.47212191,2942743.966357792,1
46002-P-BJ-K00-005,2019,0,6549978.5057641175,1
46002-P-BJ-K00-006,2019,6837848.026937635,2094234.2559807545,1
46002-P-BJ-K00-006,2020,0,4743613.77095688,1
46002-P-BJ-KZ0-001,2020,6916126.372545962,6916126.372545962,1
46002-P-BJ-KF0-001,2023,42446030.48248797,42446030.48248797,1
AU-5-INI950-NR,2019,0,2057578.039500005,2
AU-5-INI950-NR,2018,0,1815901.2042000047,2
AU-5-INI950-NR,2015,0,3228430.000000008,2
AU-5-INI950-NR,2020,0,190117.43440000046,2
AU-5-INI950-NR,2017,0,1634822.0000000042,2
AU-5-INI950-NR,2016,0,2248539.6740000057,2
AU-5-INI950-NR,2014,0,2198080.0000000056,2
46002-P-BI-I00-004,2020,1356103.21030313,659768.743719547,1
46002-P-BI-I00-004,2022,0,696334.4665835828,1
46002-P-BF-FA0-008,2015,27122064.206062596,27122064.206062596,1
46002-P-BF-KA0-009,2014,27122064.206062596,0,0
46002-P-BF-KA0-009,2015,0,27122064.206062596,2
46002-P-BF-KZ0-003,2020,54244128.41212519,54244128.41212519,2
46002-P-BF-KZ0-001,2019,0,13561032.103031298,1
46002-P-BF-KZ0-001,2018,13561032.103031298,0,0
AU-5-INK561-SB,2014,0,13314951.341100032,3
AU-5-INK561-SB,2017,0,-13806.003100000036,3
AU-5-INK561-SB,2016,0,13130456.183200033,3
AU-5-INK561-SB,2015,0,14003949.133700036,3
AU-5-INL121-SB,2017,0,12901596.215000032,1
AU-5-INL121-SB,2016,57012700.00000015,0,0
AU-5-INL121-SB,2020,0,12890311.134900032,1
AU-5-INL121-SB,2018,0,11636322.29360003,1
AU-5-INL121-SB,2019,0,13127159.063200034,1
AU-5-INL126-SB,2016,19748375.000000052,4396160.000000011,2
AU-5-INL126-SB,2019,0,3298076.8517000084,2
AU-5-INL126-SB,2020,0,684231.3935000019,2
AU-5-INL126-SB,2017,0,2425248.820400006,2
AU-5-INL126-SB,2018,0,2956958.1903000074,2
AU-5-INL129-SB,2015,39507572.10950011,486.32520000000125,5
AU-5-INL129-SB,2020,0,2088175.3131000053,5
AU-5-INL129-SB,2018,0,9628010.095900025,5
AU-5-INL129-SB,2017,0,9674509.104500026,5
AU-5-INL129-SB,2019,0,9142271.508500023,5
AU-5-INL129-SB,2016,0,8123094.623900021,5
AU-5-INL683-TO,2020,0,2172908.5495000063,2
AU-5-INL683-TO,2015,11800214.57290003,38697.198400000096,2
AU-5-INL683-TO,2018,0,2443478.459500007,2
AU-5-INL683-TO,2016,0,2193330.7734000054,2
AU-5-INL683-TO,2017,0,2055387.5154000055,2
AU-5-INL683-TO,2019,0,2194708.0079000057,2
AU-5-INJ899-TV,2017,0,1370615.5316000036,8
AU-5-INJ899-TV,2019,0,1985323.7154000052,8
AU-5-INJ899-TV,2020,0,1946792.746800005,8
AU-5-INJ899-TV,2016,0,2384653.717300006,8
AU-5-INJ899-TV,2018,0,2542471.739900007,8
AU-5-INJ899-TV,2014,0,2038262.4115000055,8
AU-5-INJ899-TV,2015,0,733995.2378000019,8
AU-5-INJ128-VN,2014,0,11795710.56960003,2
AU-5-INJ128-VN,2016,0,171312.86000000045,2
AU-5-INJ128-VN,2015,0,10681743.545700029,2
BJ-IFU-3200700033415-RSG0123375-29295,2022,0,1650286.3403717012,9
BJ-IFU-3200700033415-RSG0123375-29295,2021,0,4190100.369319635,10
BJ-IFU-3200700033415-RSG0123375-29295,2019,0,512429.5990365222,13
BJ-IFU-3200700033415-RSG0123375-29295,2020,0,1870334.4233695196,8
XM-DAC-69-1-2019000246,2019,25919.0712,25919.0712,1
XM-DAC-69-3-2018000217,2018,1139400,0,0
XM-DAC-69-3-2018000330,2018,1139400,0,0
46002-P-CV-K00-013,2021,23048672.34783505,22240862.18329905,1
46002-P-CV-KA0-005,2014,17091009.130642917,17330540.1087866,1
46002-P-CV-KA0-008,2018,22788012.169670213,22419692.40866984,1
46002-P-CV-KA0-006,2015,17243276.277550936,16020751.48459399,1
46002-P-CV-KA0-007,2017,22788012.169670213,22656800.789794512,1
46002-P-CV-K00-016,2020,34573008.51497206,33251789.622284576,2
46002-P-CV-KA0-009,2019,22788012.169670213,21911042.789124597,1
46002-P-CV-K00-015,2022,23048672.34783505,21557945.15104956,1
46002-P-CV-A00-003,2023,11394006.09161562,0,0
46002-P-CF-KZ0-002,2014,20341548.154546946,20341548.154546946,2
46002-P-CF-K00-006,2017,16652947.422522437,16652947.422522437,3
46002-P-CF-KZ0-003,2015,9980919.627831036,9980919.627831036,2
46002-P-CF-K00-007,2018,9492722.47212191,9492722.47212191,1
46002-P-CF-K00-010,2020,14239083.708182864,14239083.708182864,2
46002-P-CF-I00-006,2023,1356103.21030313,1356103.21030313,1
46002-P-CF-K00-020,2023,10170774.077273477,10170774.077273477,1
46002-P-CM-K00-010,2020,100267253.55197334,99969911.5413876,1
46002-P-CM-KA0-011,2018,0,207165545.03822175,1
46002-P-CM-KA0-011,2017,207200341.11420155,0,0
46002-P-CM-K00-009,2018,171906702.11972493,166844078.3990388,1
46002-P-CM-KA0-015,2020,0,87513001.34118609,1
46002-P-CM-KA0-015,2019,92141992.33259246,0,0
46002-P-CM-AA0-015,2022,72512637.15966895,0,0
46002-P-CM-AA0-015,2023,0,38790286.92431724,1
46002-P-CM-KF0-006,2022,93687085.30024804,87274342.36452869,1
46002-P-CM-KF0-007,2023,16842801.871964876,0,0
46002-P-KM-K00-006,2014,5424412.841212519,2712206.4206062597,1
46002-P-KM-K00-006,2015,0,2712206.4206062597,1
46002-P-KM-K00-009,2020,20341548.15454695,10170774.077273473,2
46002-P-KM-K00-009,2021,0,10170774.077273475,2
46002-P-TD-KA0-009,2020,61024644.46364084,61024644.46364084,2
46002-P-TD-KA0-007,2017,62380747.673943974,62380747.673943974,1
46002-P-TD-KA0-006,2016,42238139.86034849,36433068.84800389,2
46002-P-TD-KA0-006,2017,0,5805071.012344608,1
46002-P-TD-KA0-005,2015,18124319.40570133,18124319.40570133,2
46002-P-TD-K00-009,2018,20341548.15454695,20341548.15454695,1
46002-P-CG-K00-009,2019,214966177.55188113,204925574.81824827,1
46002-P-CG-K00-012,2023,105902396.5733984,102127908.31928636,1
46002-P-DJ-KF0-010,2022,6373685.088424711,0,0
46002-P-DJ-K00-003,2023,1356103.21030313,0,0
46002-P-CI-I00-003,2014,145414947.2408046,24409857.785456337,1
46002-P-CI-I00-003,2016,0,16204364.116424175,2
46002-P-CI-IZ0-004,2014,0,11195986.015863696,1
46002-P-CI-IZ0-004,2015,0,7661984.657048279,1
46002-P-CI-KA0-009,2017,49134331.515703,49134331.515703,1
46002-P-CI-KA0-012,2020,87213696.54749684,85230966.19641529,1
46002-P-CI-KA0-011,2022,0,32470318.996158164,1
46002-P-CI-KA0-011,2021,35141305.46631643,0,0
46002-P-CI-KA0-010,2019,86632772.10549942,81971299.35029095,1
46002-P-CI-AA0-037,2022,175804206.6457194,107987746.35987996,1
46002-P-CI-KA0-013,2023,37398941.91403119,0,0
46002-P-CD-K00-012,2020,135610321.030313,67805160.5151565,2
46002-P-CD-K00-012,2021,0,67805160.5151565,2
46002-P-EG-FA0-005,2021,0,254640702.94966012,1
46002-P-EG-FA0-005,2020,260241903.61632043,0,0
46002-P-EG-FA0-008,2023,0,90725330.23147328,1
46002-P-EG-FA0-008,2022,96000346.67422467,0,0
46002-P-EG-K00-011,2018,500001183.64756507,483228407.9348312,1
46002-P-EG-K00-009,2016,0,491498452.50994366,1
46002-P-EG-K00-009,2015,495869244.664073,0,0
46002-P-EG-K00-010,2017,0,497658911.08980525,2
46002-P-EG-K00-010,2016,493210940.8508463,0,0
46002-P-EG-K00-017,2023,0,271965285.01899225,1
46002-P-EG-K00-017,2022,268584352.84720653,0,0
46002-P-GA-K00-015,2021,58175388.46254511,0,0
46002-P-GA-K00-015,2022,0,53532929.80674174,1
46002-P-GA-K00-013,2020,116932530.8140552,113030157.18592311,1
46002-P-GA-KA0-007,2019,0,110411177.89768744,1
46002-P-GA-KA0-007,2018,116350776.92509022,0,0
46002-P-GA-KA0-005,2017,232701553.85018045,211854714.0859797,1
46002-P-GA-KA0-006,2017,349052330.7752707,340621044.4706926,1
46002-P-ET-IZ0-002,2016,7567055913.491466,81366192.6181878,1
46002-P-ET-IZ0-002,2017,0,81366192.6181878,1
46002-P-ET-IZ0-002,2018,0,81366192.6181878,1
46002-P-ET-K00-011,2014,0,74585676.56667215,1
46002-P-ET-K00-015,2018,120232110.6254755,0,0
46002-P-ET-K00-015,2019,0,81366192.6181878,1
46002-P-ET-K00-015,2020,0,38865918.0072877,1
46002-P-ET-K00-016,2020,162732385.2363756,162732385.2363756,1
46002-P-ET-KF0-007,2023,0,111815.59166105016,1
46002-P-ET-KF0-007,2022,4325018.6125165615,0,0
46002-P-GM-KA0-009,2018,6780516.051515649,6780516.051515649,1
46002-P-GM-K00-010,2014,0,827140.3444773376,1
46002-P-GM-K00-011,2018,0,137059.81906870968,1
46002-P-GM-K00-011,2015,2712206.4206062597,0,0
46002-P-GM-K00-011,2016,0,1022883.780598774,2
46002-P-GM-K00-011,2020,0,478137.52785096975,1
46002-P-GM-K00-011,2021,0,417231.70515061566,1
46002-P-GM-K00-011,2022,0,495336.7407686665,1
46002-P-GM-J00-002,2019,2910197.489310517,350745.2465192221,1
46002-P-GM-J00-002,2020,0,2289126.6288494687,1
46002-P-GM-J00-002,2021,0,264610.99501360854,1
46002-P-GM-K00-013,2020,13561032.103031298,13561032.103031298,2
46002-P-GM-KA0-011,2023,13561032.103031298,6780516.051515649,1
46002-P-GN-KA0-006,2016,14266205.772388926,7030423.660203932,2
46002-P-GN-KA0-006,2017,0,7214469.078812651,2
DE-1-201165281,2014,0,4557600,1
DE-1-201165281,2015,0,4557600,1
DE-1-201166974,2015,0,2535165,1
DE-1-201166974,2014,0,2506680,1
DE-1-201170307,2014,0,376002,1
DE-1-201170307,2015,0,376002,1
DE-1-201170323,2016,0,485989.4214000001,1
DE-1-201170323,2015,0,83710.57860000001,1
DE-1-201767508,2018,7975800,2620620,1
DE-1-201767508,2019,0,2278800,1
DE-1-201767508,2021,0,56970,1
DE-1-201767508,2020,0,3019410,1
DE-1-201868785,2019,0,12533400,1
DE-1-201868785,2018,20509200,0,0
DE-1-201868785,2020,0,7975800,1
46002-P-GN-KA0-005,2014,8665499.513837,8665499.513837,1
46002-P-GN-KZ0-002,2020,32546477.04727512,32546477.04727512,3
46002-P-GW-KA0-008,2015,6780516.05151565,6780516.05151565,2
46002-P-GW-IB0-005,2022,0,8027025.279119944,1
46002-P-GW-IB0-005,2021,8078306.823775745,0,0
46002-P-GW-A00-010,2023,6780516.051515649,5316971.916458619,1
46002-P-GH-K00-013,2015,54244128.41212519,54244128.41212519,1
46002-P-GH-KA0-006,2017,47463612.36060955,47463612.36060955,1
46002-P-GH-KA0-008,2020,67127108.91000493,67127108.91000493,1
46002-P-GH-K00-018,2023,105801816.3646399,61024644.46364085,1
46002-P-LR-KA0-004,2018,9492722.47212191,5424412.841212519,1
46002-P-LR-KA0-004,2020,0,4068309.63090939,1
DE-1-201965052,2019,68591880,68591880,1
46002-P-LR-K00-020,2020,13764447.584576767,13764447.584576767,2
46002-P-LR-AA0-013,2023,0,5395115.506090937,2
46002-P-LR-AA0-013,2022,5424412.841212519,0,0
46002-P-KE-K00-004,2021,102546054.77029648,98658186.29332244,1
46002-P-KE-K00-004,2022,0,32727.652436171615,1
46002-P-KE-HB0-009,2023,0,20291142.38134436,1
46002-P-KE-HB0-009,2020,103719025.54491618,0,0
46002-P-KE-HB0-009,2022,0,28505331.20786757,1
46002-P-KE-K00-007,2020,219415291.27062804,207296221.1777214,1
46002-P-KE-K00-010,2022,103493586.56752647,92674486.68103234,2
46002-P-KE-A00-002,2023,71782238.34327585,69810836.94621831,1
46002-P-KE-IA0-005,2023,22884241.67386532,0,0
46002-P-MG-KA0-009,2016,16951290.128789123,16951290.128789123,1
46002-P-MG-K00-010,2015,0,33902580.25757825,1
46002-P-MG-K00-010,2014,33902580.25757825,0,0
46002-P-MG-K00-018,2021,0,40683096.3090939,1
46002-P-MG-K00-018,2020,40683096.3090939,0,0
46002-P-MG-KA0-012,2020,0,13520349.006722204,2
46002-P-MG-KA0-012,2019,13520349.006722204,0,0
46002-P-MU-K00-004,2014,0,82521567.27560222,2
46002-P-MU-K00-005,2014,0,48191023.166311145,2
46002-P-MU-K00-008,2020,218615666.00262815,207898626.85057235,1
46002-P-MU-K00-009,2023,247771543.20477027,253274615.87698516,1
46002-P-MR-K00-018,2020,10170774.077273477,10170774.077273477,1
46002-P-MR-K00-017,2018,5424412.841212519,5424412.841212519,1
46002-P-MR-K00-016,2017,0,9086759.415085565,2
46002-P-MR-K00-016,2016,9086759.415085565,0,0
46002-P-MW-IE0-005,2015,25765960.99575947,25765960.99575947,1
46002-P-MW-KA0-004,2020,44615795.61897297,44615795.61897297,2
44000-P146280,2014,100000000,96279915,2
44000-P147226,2014,120000000,115511270,3
44000-P152064,2017,100000000,100000000,4
44000-P155605,2017,70000000,77716470,10
44000-P160594,2019,10000000,0,0
44000-P160594,2020,0,10196123,14
44000-P169524,2021,0,80000000,6
44000-P169524,2020,80000000,0,0
44000-P178202,2023,120000000,122531227,6
44000-P168446,2019,100000000,99738524,4
46002-P-ML-KA0-009,2020,48819715.570912674,48819715.570912674,3
44000-P176137,2021,132000000,131072400,8
44000-P174234,2020,100000000,101249352,7
44000-P164882,2018,90000000,87578652,3
44000-P160544,2017,100000000,102811740,5
44000-P172211,2020,160000000,159847056,3
44000-P153234,2015,50000000,50000000,8
44000-P153234,2016,0,0,8
44000-P169624,2019,50000000,51055550,7
44000-P169624,2020,0,0,7
44000-P143040,2014,75000000,75000000,9
44000-P176278,2023,100000000,103412920,18
44000-P168336,2021,700000000,700000000,7
44000-P168336,2022,0,0,7
44000-P179512,2023,500000000,500000000,16
46002-P-ML-KA0-008,2020,0,16869923.936170936,1
46002-P-ML-KA0-008,2019,16869923.936170936,0,0
44000-P153243,2022,0,0,1
44000-P153243,2015,450000000,450000000,1
44000-P166564,2022,0,0,6
44000-P166564,2019,500000000,500000000,6
44000-P169983,2022,500000000,500000000,18
44000-P175492,2021,100000000,100000000,6
44000-P179112,2023,100000000,100000000,6
44000-P167889,2018,500000000,500000000,6
44000-P168713,2020,-500000000,0,0
44000-P168713,2019,500000000,0,0
44000-P149768,2019,0,0,4
44000-P149768,2018,0,91811444,4
44000-P149768,2017,80000000,0,0
44000-P175191,2023,100000000,0,0
44000-P146740,2019,0,0,1
44000-P146740,2014,50000000,0,0
44000-P146740,2015,0,42492510,2
44000-P150941,2015,25000000,23802516,7
44000-P166298,2019,100000000,98155800,7
44000-P173529,2021,200000000,0,0
44000-P173529,2022,0,179408037,10
44000-P173529,2023,-548009,0,0
44000-P170934,2020,147950000,150469970,16
44000-P146640,2014,0,100234568,14
44000-P174315,2020,100000000,0,0
44000-P174315,2021,0,102001894,10
44000-P174315,2023,-256574,0,0
44000-P151275,2015,99999999.99999999,99019092,36
44000-P151275,2016,-344,0,0
44000-P157060,2016,100000000,97208309,8
44000-P163283,2017,75000000,0,0
44000-P163283,2018,0,78663306,12
44000-P163283,2019,-114041,0,0
44000-P150751,2015,200000000,197180858,12
46002-P-ML-KA0-004,2017,31394602.98044364,31394602.98044364,3
44000-P132786,2014,20000000,20030555,4
44000-P146665,2016,0,19973720,7
44000-P146665,2015,19999999.999999996,0,0
44000-P166115,2018,15000000,14647950,8
44000-P168668,2019,100000000,100249004,12
44000-P168668,2020,50000000,51156110,12
44000-P172749,2020,100000000,103677795,14
44000-P176513,2021,100000000,98279536,16
44000-P178042,2022,150000000,143262350,12
44000-P180286,2023,230000000,143520800,18
44000-P175490,2021,100000000,100000000,5
44000-P157469,2017,0,23832725,4
44000-P157469,2016,24000000,0,0
44000-P178635,2023,50000000,50154552,10
44000-P177712,2022,52500000,52297423,6
44000-P147806,2015,20000000,20068048,4
44000-P173008,2020,14800000,15040474,5
44000-P171780,2020,40000000,39820916,8
44000-P168166,2019,30000000,30154971,7
44000-P175758,2021,35000000,34865892,7
44000-P176810,2023,150000000,0,0
44000-P175934,2021,250000000,250000000,7
44000-P175934,2022,0,0,7
44000-P172455,2021,0,200000000,4
44000-P172455,2020,200000000,0,0
44000-P147984,2014,400000000,400000000,12
44000-P179182,2023,135238245,0,0
44000-P147913,2014,0,119375000,6
44000-P148083,2014,280000000,280000000,2
44000-P146981,2015,200000000,0,0
44000-P146981,2016,0,200000000,7
44000-P153203,2015,150000000,0,0
44000-P153203,2016,0,150000000,12
44000-P129652,2014,0,0,5
44000-P178729,2023,0,135238245,6
44000-P178729,2022,135238245,0,0
44000-P164588,2019,248883034,248883034,14
44000-P177632,2023,-29830399,0,0
44000-P177632,2022,500000000,470169601.00000006,8
44000-P147979,2014,216000000,216000000,3
44000-P168035,2019,100000000,98401000,10
44000-P168035,2020,25000000,25872357,10
44000-P168035,2021,-510355,0,0
44000-P168474,2020,50000000,51348187,10
44000-P168474,2022,-78446,0,0
44000-P164442,2018,25000000,24620149,6
44000-P178614,2022,50000000,53807040,20
46002-P-ML-KA0-007,2017,12204928.892728169,0,0
46002-P-ML-KA0-007,2018,0,12204928.892728169,1
44000-P180093,2023,80000000,90310.99999999999,9
44000-P167190,2019,0,251384067,5
44000-P167190,2018,250000000,0,0
44000-P168724,2020,250000000,252073350,7
44000-P168725,2021,250000000,248695888,8
44000-P174892,2022,250000000,242652069,7
44000-P179079,2023,500000000.00000006,507698759,10
44000-P154213,2016,0,100000000,8
44000-P154213,2015,100000000,0,0
44000-P155259,2015,100000000,97998025,8
44000-P166388,2018,100000000,99066240,8
44000-P178064,2022,400000000,429183400,24
44000-P169828,2020,200000000,196733483,21
44000-P143781,2014,70000000,68349261,5
44000-P143781,2015,-155,169038,5
44000-P158463,2016,75000000,72332575,4
44000-P163284,2017,125000000,126942330,5
44000-P179006,2023,300000000,310271640,11
44000-P174110,2021,300000000,300345840,9
44000-P177460,2022,250000000,243003420,7
44000-P179141,2023,500000000,500000000,9
44000-P163657,2017,200000000,206170574,7
44000-P166694,2019,200000000,200402775,10
44000-P168332,2021,100000000,98310520,9
44000-P175249,2022,100000000,107124660,10
44000-P111926,2017,0,31017000,1
44000-P171912,2020,300000000,0,0
44000-P171912,2021,0,300000000,8
44000-P174786,2021,300000000,0,0
44000-P174786,2022,0,300000000,6
44000-P177029,2023,500000000,0,0
44000-P179861,2023,160000000,0,0
44000-P145605,2020,0,0,4
44000-P154821,2020,0,0,5
44000-P154821,2015,700000000,0,0
44000-P154821,2016,0,696107840,5
44000-P176505,2021,500000000,500000000,4
44000-P158739,2018,0,699690960,6
44000-P158739,2017,600000000,0,0
44000-P158739,2019,0,0,6
44000-P170728,2020,400000000,400000000,10
44000-P149609,2014,700000000,500000000,5
44000-P149609,2015,0,200000000,5
44000-P149609,2020,0,0,5
44000-P150475,2019,0,0,5
44000-P150475,2015,700000000,700704760,5
44000-P174118,2020,700000000,700000000,18
44000-P180566,2023,750000000,750000000,5
44000-P161642,2017,500000000,0,0
44000-P161642,2018,0,500000000,16
44000-P161642,2020,0,0,8
44000-P173424,2021,0,500000000,16
44000-P173424,2020,500000000,0,0
44000-P180033,2022,1000000000,1000000000,7
44000-P126583,2020,0,250000000,2
44000-P145766,2020,0,0,5
44000-P145766,2014,700000000,700000000,5
44000-P175801,2021,500000000,500000000,4
44000-P158520,2016,800000000,749029100,4
44000-P158520,2019,0,0,4
44000-P176650,2021,300000000,0,0
44000-P176650,2022,0,300000000,3
44000-P162858,2019,718500000,718500000,7
44000-P162858,2020,0,0,7
44000-P176788,2022,750000000,750000000,5
44000-P175126,2021,750000000,750000000,10
44000-P130972,2020,0,0,7
44000-P174754,2021,30000000,29648200.000000004,6
44000-P165631,2019,40000000,39642419,10
44000-P147015,2015,10000000,10138680,4
44000-P160628,2019,10000000,25000,2
44000-P160628,2020,0,10017656,4
44000-P127411,2014,15499999.999999998,15565513.999999998,6
44000-P176148,2022,52500000,44985756,14
44000-P171080,2020,25000000,25758531,9
44000-P179265,2023,25000000,25706112,14
44000-P174927,2021,25000000,25000000,5
44000-P175847,2022,30000000,30000000,6
44000-P177807,2022,20000000,0,0
44000-P169822,2019,500000000,500000000,8
44000-P171190,2020,500000000,500000000,8
44000-P174115,2020,500000000,500000000,5
44000-P176983,2022,700000000,700000000,12
44000-P178636,2022,500000000,500000000,6
44000-P178636,2023,0,0,6
44000-P180319,2023,500000000,500000000,6
44000-P155425,2015,60000000,60000000,4
44000-P159351,2020,0,150000000,2
44000-P159351,2017,150000000,0,0
44000-P174145,2020,100000000,100000000,6
44000-P175874,2023,0,400000000,8
44000-P175874,2022,400000000,0,0
44000-P178122,2022,230000000,0,0
44000-P178570,2023,400000000,0,0
44000-P112346,2015,0,100000000,1
44000-P164079,2017,1150000000,0,0
44000-P164079,2018,0,1150000000,6
44000-P171311,2022,0,360000000,9
44000-P171311,2021,360000000,0,0
44000-P173558,2021,145000000,134537736,15
44000-P159774,2016,50000000,50000000,4
44000-P168402,2019,64000000,0,0
44000-P168402,2020,0,63730093,20
44000-P175543,2022,100000000,98721956,14
44000-P157406,2017,200000000,200000000,6
44000-P157404,2017,200000000,200000000,4
44000-P159508,2017,200000000,199231706,8
44000-P159508,2018,0,0,8
44000-P164201,2020,0,0,6
44000-P164201,2019,200000000,198906862,6
44000-P164289,2018,30000000,30000000,9
44000-P171465,2020,20000000,0,0
44000-P151821,2015,14999999.999999998,14993960,18
44000-P174527,2020,25000000,0,0
44000-P174527,2021,0,25000000,8
44000-P178930,2023,30000000,30000000,6
44000-P167748,2019,20000000,0,0
44000-P167748,2020,0,20000000,6
44000-P176663,2022,25000000,25000000,7
44000-P147152,2014,15000000,14991447,6
44000-P156761,2016,9340000,0,0
44000-P156761,2017,0,9088880,9
44000-P177797,2023,50000000,50257249,18
44000-P149998,2015,60000000,60000000,5
44000-P169913,2020,98500000,101091505,32
44000-P155553,2017,50000000,52685456,6
44000-P149991,2015,60000000,60000000,6
44000-P156444,2017,50000000,53612191,5
44000-P163285,2017,56000000,57224482,10
44000-P173150,2022,40000000,40113687,10
44000-P164545,2020,30000000,30871992.000000004,5
44000-P177748,2023,60000000,40545785,8
44000-P133664,2015,150000000,151757276,2
44000-P157343,2017,200000000,201598528,5
44000-P168566,2019,0,397722768,16
44000-P168566,2018,1200000000,794480104,16
44000-P169079,2020,750000000,747401494,28
44000-P174063,2020,80000000.00000001,82453208,14
44000-P151794,2014,49999999.99999999,49236122,6
44000-P156629,2016,40000000,39391619,5
44000-P166322,2019,90000000,91488349,8
44000-P161796,2018,60000000,59166510,8
44000-P175979,2022,250000000,0,0
44000-P133738,2015,0,340000000,4
44000-P133738,2014,340000000,0,0
44000-P159710,2020,0,200000000,2
44000-P159710,2019,200000000,0,0
44000-P160667,2018,0,250000000,2
44000-P160667,2016,250000000,0,0
44000-P173698,2022,0,500000000,8
44000-P173698,2020,500000000,0,0
44000-P165425,2018,35000000,34214168,1
44000-P180216,2023,35000000,35747562,6
44000-P127665,2014,206800000,202102500,5
44000-P173996,2020,300000000,806801,7
44000-P173996,2021,0,334724467,7
44000-P172567,2020,119000000,119000000,4
44000-P151803,2014,55000000,55000000,4
44000-P155920,2015,50000000,50000000,8
44000-P177001,2022,110000000,0,0
44000-P171474,2021,-20860042,0,0
44000-P171474,2020,20000000,0,0
44000-P162452,2018,20000000,19952075,5
44000-P161167,2016,1443820000,1443820000,6
44000-P155962,2015,1200000000,1200000000,6
44000-P170223,2020,70000000,70000000,6
44000-P163586,2017,70000000,70000000,14
44000-P174531,2021,150000000,150000000,12
44000-P151448,2015,75000000,75000000,5
44000-P154299,2015,250000000,250000000,4
44000-P160236,2016,225000000,225000000,7
44000-P166360,2018,389000000,389000000,12
44000-P168130,2020,-496375000,225000000,14
44000-P168130,2019,1450000000,728625000,14
44000-P130048,2015,0,2000000000,4
44000-P154291,2015,500000000,0,0
44000-P154291,2016,0,500000000,5
44000-P158140,2017,0,400000000,4
44000-P158140,2016,400000000,0,0
44000-P161475,2018,0,300000000,4
44000-P161475,2017,300000000,0,0
44000-P163973,2018,300000000,300000000,3
44000-P167297,2019,1000000000,1020070896.0000001,4
44000-P170940,2020,600000000,601870192,6
44000-P172439,2021,800000000,800000000,4
44000-P173232,2022,0,400000000,2
44000-P173232,2021,400000000,0,0
44000-P173233,2023,1000000000,1000000000,3
44000-P175742,2022,350000000,351376780,10
44000-P177726,2022,750000000,752919940,3
44000-P500689,2023,1000000000,1025656260,1
44000-P152440,2015,24000000,23313675,2
44000-P163983,2018,24000000,22929082,10
44000-P148099,2016,24000000,23174775,14
44000-P126274,2014,25000000,24942602,12
44000-P179019,2022,274000000,0,0
44000-P179019,2023,0,274000000,6
44000-P176756,2021,200000000,0,0
44000-P176756,2022,0,182822400,7
44000-P144602,2014,0,5279344,9
44000-P149888,2015,0,2878470,3
44000-P149888,2014,3000000,0,0
44000-P155540,2017,0,2074815,6
44000-P155540,2016,2000000,0,0
44000-P161794,2017,5000000,5086944,4
44000-P161794,2018,0,9731,4
44000-P167263,2019,0,-188.9999999999991,10
44000-P167263,2020,-54,16841,5
44000-P167263,2018,5000000,4972572,5
44000-P169179,2022,0,5019264,6
44000-P169179,2020,5000000,0,0
44000-P177794,2023,10000000,8167046,6
44000-P179763,2023,20000000.000000004,19541211,8
44000-P131688,2014,3800000,3851950,5
44000-P174260,2020,10000000,10369944,4
44000-P150924,2015,3000000,3091824,6
44000-P150924,2017,-2702,0,0
44000-P154702,2016,0,1000000000,4
44000-P154702,2015,1000000000,0,0
44000-P174367,2021,400000000,0,0
44000-P174367,2022,0,364851780,8
44000-P159956,2017,38590000,39654615,7
44000-P166839,2019,40000000,40160307,10
44000-P161562,2020,0,112181913,2
44000-P161562,2018,200000000,0,0
44000-P161562,2019,0,69955818,2
44000-P168204,2019,750000000,751130460,10
44000-P168204,2020,-3,0,0
44000-P172321,2020,1000000000,1000000000,14
44000-P175251,2021,750000000,750000000,8
44000-P176903,2022,750000000,750000000,24
44000-P180339,2023,1000000000,1000000000,27
44000-P174346,2021,30000000,30000000,3
44000-P147454,2014,102000000,510000,2
44000-P147454,2016,0,101490000,2
44000-P157804,2016,100000000,100000000,3
DE-1-201468453,2015,85487047.869618,85487047.869618,1
DE-1-201468461,2017,85455000,85455000,1
44000-P179808,2023,500000000,495624384,14
DE-1-201468479,2015,85487047.869618,85487047.869618,1
DE-1-201468487,2016,85455000,85455000,1
44000-P157224,2016,250000000,250000000,4
44000-P159669,2019,0,249375000,2
44000-P159669,2018,250000000,625000,2
44000-P167246,2019,40000000,39999999.99999999,8
44000-P169907,2019,250000000,248435968,16
44000-P172732,2020,200000000,200000000,2
44000-P173943,2020,749960000,748478832,6
44000-P174027,2021,0,402601860,15
44000-P174027,2020,400000000,0,0
44000-P174292,2020,750000000,750000000,2
44000-P176447,2021,500000000,499879904,21
44000-P177985,2023,0,750000000,8
44000-P177985,2022,750000000,0,0
44000-P178329,2022,190000000,190000000,6
44000-P181032,2023,1500000000,1500000000,16
44000-P162111,2018,20000000,20697494,6
44000-P168218,2020,40000000.00000001,39852160,18
44000-P175570,2021,40000000,39935020,16
44000-P176993,2022,55000000.00000001,54441088,14
44000-P180050,2023,65000000.00000001,65000000.00000001,14
44000-P176937,2022,500000000,487108528,8
44000-P174004,2022,0,0,6
44000-P174004,2021,450000000,431158468,6
44000-P168587,2019,700000000,685246669,16
44000-P144185,2014,100000000,93020495,4
44000-P174005,2023,450000000,468131849,6
44000-P171587,2020,500000000,544564935,14
44000-P148642,2015,129999999.99999999,116040061,6
44000-P147257,2014,300000000,291073945,8
44000-P178382,2023,500000000,0,0
44000-P168580,2019,275000000,0,0
44000-P168580,2020,0,271981770,1
44000-P149747,2016,0,300000000,10
44000-P149747,2017,0,0,10
44000-P149747,2015,300000000,0,0
44000-P180587,2023,100000000,103421195,7
44000-P171851,2019,139250000,139020031,7
44000-P130847,2014,50000000,48563597,10
44000-P149555,2016,45000000,44615970,15
44000-P149555,2019,0,0,5
44000-P175640,2022,150000000,142432875,16
44000-P179086,2023,100000000,101254740,7
44000-P143283,2014,30000000,30230753,12
44000-P143283,2019,0,-10340,6
44000-P156963,2018,30000000,29160390,8
44000-P145275,2015,0,56874232,12
44000-P145275,2014,63000000,0,0
44000-P161619,2018,60000000,57318757,12
44000-P161619,2019,-65205,0,0
44000-P167547,2019,250000000,249932065,20
44000-P150503,2014,45000000,44175590,4
44000-P153084,2015,55000000,54642283.99999999,3
44000-P160866,2016,65000000,62329830,5
44000-P162279,2017,45000000,45320330,6
44000-P164137,2017,45000000,45161468,6
44000-P166425,2018,60000000,59123274,7
44000-P166752,2019,100000000,98720648,3
44000-P167941,2019,50000000,0,0
44000-P167941,2020,0,15019407,4
44000-P168697,2020,100000000,99378719,14
44000-P174388,2021,0,78016302,5
44000-P174388,2020,75000000,0,0
44000-P180288,2023,100000000,99107284,7
44000-P132510,2014,0,16103959,10
44000-P167485,2020,0,100201787,16
44000-P167485,2019,100000000,50000,8
44000-P163939,2020,0,10024188,8
44000-P163939,2019,10000000,0,0
44000-P163966,2019,20000000,20078212,16
44000-P160592,2016,26000000,25413450,5
44000-P163057,2017,26000000,26332392,3
44000-P167348,2019,50000000,49718364,8
44000-P171238,2021,30000000,29432208.000000004,7
44000-P171585,2022,30000000,0,0
44000-P171585,2023,0,30070881,10
44000-P174155,2020,70000000,71886458,9
44000-P147244,2014,0,300751880,2
44000-P167674,2019,500000000,500000000,6
44000-P172863,2020,1000000000,1000000000,21
44000-P172863,2021,0,0,7
44000-P174000,2022,0,0,5
44000-P174000,2021,0,750000000,10
44000-P174000,2020,750000000,0,0
44000-P174150,2021,750000000,750000000,8
44000-P174150,2022,0,0,4
44000-P178224,2023,0,0,5
44000-P178224,2022,700000000,700000000,5
44000-P180496,2023,700000000,1750000,5
DE-1-201667484,2017,113940000,0,0
DE-1-201667484,2018,0,113940000,1
44000-P153753,2017,80000000,84267052,7
DE-1-201667492,2018,113940000,113940000,1
44000-P165056,2019,70000000,40177069,4
44000-P165056,2020,0,29568420,4
44000-P175072,2023,137000000,81393459,8
44000-P132757,2014,-1545.9999999999998,0,0
44000-P145251,2015,0,101544,18
44000-P145251,2014,70000000,69869002,6
44000-P151487,2015,80000000,0,0
44000-P151487,2016,0,77240520,5
44000-P159969,2018,-28418,0,0
44000-P159969,2017,50000000,50634944,4
44000-P163318,2017,120000000,121419485,12
44000-P166124,2018,110000000,108905340,16
44000-P169830,2019,350000000,351083607,20
44000-P173113,2020,250000000,262303230,12
44000-P173113,2022,-310689,0,0
44000-P175256,2021,250000000,245267831,10
44000-P178423,2022,350000000,375306750,18
44000-P146398,2014,50000000,0,0
44000-P146398,2015,0,47351800,10
44000-P176762,2022,300000000,284883552,11
44000-P133687,2014,25000000,23759082,8
44000-P178668,2023,300000000,305014402,10
44000-P154422,2015,70000000,69620372,12
44000-P146537,2014,110000000,108073020,8
44000-P146930,2015,50000000,47826648,5
44000-P174152,2020,100000000,101539035,6
44000-P166159,2018,100000000,100000000,8
44000-P151804,2015,300000000,300000000,6
44000-P122738,2020,0,41000000,2
44000-P122738,2016,0,25000000,2
44000-P127332,2014,0,0,4
44000-P175930,2022,250000000,250000000,10
44000-P179817,2023,150000000,150000000,6
44000-P146942,2014,0,200000000,6
44000-P174107,2020,300000000,300000000,10
44000-P174107,2021,0,0,10
44000-P174191,2022,100000000,0,0
44000-P130012,2014,0,101760555,6
44000-P123352,2014,200000000,197996752,2
44000-P151480,2015,75000000,0,0
44000-P151480,2016,0,74396673,3
44000-P177776,2022,100000000,95593446,6
44000-P159547,2018,100000000,0,0
44000-P159547,2019,0,99330255,4
44000-P170248,2020,100000000,101213373,5
44000-P173044,2021,0,210705786,3
44000-P173044,2020,200000000,0,0
44000-P176881,2022,150000000,144929554,4
44000-P173982,2021,150000000,149060890,6
44000-P168869,2019,100000000,99140708,5
44000-P166788,2020,50000000,25522448,2
44000-P170477,2020,50000000,0,0
44000-P170477,2021,0,50000000,4
44000-P174440,2021,750000000,750000000,6
44000-P101177,2015,0,310000000,5
44000-P101471,2015,0,310000000,5
44000-P120860,2020,-100000000,0,0
44000-P149831,2015,400000000,0,0
44000-P149831,2018,-330000000,70000000,4
44000-P154981,2020,0,1250000000,2
44000-P154981,2016,1250000000,0,0
44000-P156858,2020,0,584319757,6
44000-P156858,2016,1250000000,0,0
44000-P156858,2019,0,420000000,18
44000-P156858,2018,0,245680243,6
44000-P176387,2021,350000000,350000000,10
44000-P177765,2022,500000000,500000000,5
44000-P178591,2022,750000000,0,0
44000-P178591,2023,0,750000000,8
44000-P179214,2023,750000000,0,0
44000-P146243,2014,965800000,899010000,3
44000-P151007,2016,0,63750000,15
44000-P151007,2015,100000000,0,0
44000-P151007,2017,0,36250000,5
44000-P169505,2020,200000000,200000000,8
44000-P178285,2023,0,239400000,7
44000-P178285,2022,240000000,600000,7
44000-P165717,2018,150000000,147989556,4
44000-P174347,2021,100000000,98337639,5
44000-P130051,2014,0,408105000,4
44000-P148957,2014,1034800000,0,0
44000-P148957,2015,0,843900000,4
44000-P149776,2016,558270000,0,0
44000-P149776,2017,0,593050000,14
44000-P166303,2020,0,437050000,2
44000-P166303,2018,493060000,0,0
44000-P178912,2022,641700000,633240000,6
44000-P179297,2023,650000000,638304960,10
44000-P127408,2015,100000000,101458112.99999999,6
44000-P149750,2017,0,96944859,4
44000-P149750,2016,100000000,0,0
44000-P155694,2017,200000000,207516660,8
44000-P157489,2018,0,35550089,2
44000-P157489,2020,0,22655371,1
44000-P157489,2017,70000000,0,0
44000-P157489,2019,0,16698000,1
44000-P161184,2018,200000000,469875,5
44000-P161184,2019,0,182089625,5
44000-P164575,2021,100000000,93083303,12
44000-P177410,2023,160000000,405180,10
44000-P126580,2015,0,298750000,7
44000-P126580,2014,0,201249999.99999997,21
44000-P126580,2023,0,0,14
44000-P147803,2023,0,0,7
44000-P147803,2014,300000000,0,0
44000-P147803,2015,0,300000000,14
44000-P155656,2018,0,497500000,3
44000-P155656,2016,0,2500000,1
44000-P155656,2015,500000000,0,0
44000-P167651,2019,450000000,450000000,8
44000-P167651,2023,0,0,4
44000-P170052,2019,400000000,0,0
44000-P170052,2020,0,400000000,7
44000-P170052,2023,0,0,7
44000-P170914,2021,0,600000000,18
44000-P170914,2023,0,0,9
44000-P170914,2020,600000000,0,0
44000-P171440,2020,500000000,500000000,2
44000-P171440,2023,0,0,2
44000-P174120,2020,500000000,500000000,5
44000-P174120,2023,0,0,5
44000-P175008,2023,0,0,2
44000-P175008,2021,400000000,400000000,4
44000-P175360,2023,600000000,600000000,2
44000-P176891,2021,600000000,0,0
44000-P176891,2023,0,0,9
44000-P176891,2022,0,600000000,9
44000-P177125,2022,0,120000000,2
44000-P177125,2021,500000000,82500000,2
44000-P177125,2023,0,297500000,2
44000-P178634,2023,750000000,750000000,24
44000-P179361,2023,600000000,0,0
44000-P180585,2023,500000000,0,0
44000-P148861,2015,0,35000,1
44000-P148861,2020,0,6965000,1
44000-P148861,2014,7000000,0,0
44000-P125202,2022,0,0,7
44000-P178209,2022,24999999.999999996,24999999.999999996,12
44000-P174198,2022,0,0,8
44000-P174198,2020,15000000,15000000,8
44000-P153269,2016,0,5000000,10
44000-P153269,2022,0,0,5
44000-P153269,2015,5000000,0,0
44000-P176420,2021,35000000,35000000,5
44000-P175139,2023,-787281,0,0
44000-P175139,2021,1318372481,1309186588,10
44000-P149886,2015,0,4580994,5
44000-P149886,2014,5000000,0,0
44000-P167465,2020,15000000,15330543,8
44000-P172454,2022,15000000.000000002,14289898.000000002,12
44000-P172454,2021,15000000,14975613,6
44000-P178676,2023,20000000,15269240,8
44000-P133107,2014,-37614.99999999767,25128243.000000004,3
44000-P146726,2014,30000000.000000004,29930152,8
44000-P168259,2019,40000000,39670774,9
44000-P169498,2020,100000000,101555484,8
44000-P175342,2021,75000000,74178270,12
44000-P178321,2022,100000000,103957516,10
44000-P178322,2023,65000000,66178530,11
44000-P178113,2023,0,200000000,12
44000-P178113,2022,200000000,0,0
44000-P180196,2023,125000000,125000000,1
44000-P146452,2014,70000000,70829850,2
44000-P151279,2015,70000000,66240910,1
44000-P155024,2015,95000000,93962861,1
44000-P158698,2016,95000000,91399594,1
44000-P162671,2017,125000000,125308920,3
44000-P166458,2018,125000000,124018048,3
44000-P169040,2019,125000000,123365700,2
44000-P169040,2020,100000000,103428240,2
44000-P171554,2020,150000000,0,0
44000-P171554,2021,0,152247806,16
44000-P173680,2021,175000000,0,0
44000-P173680,2022,0,168468988,14
44000-P171570,2020,458701095.00000006,459407425,18
44000-P174889,2022,100000000.00000001,97661207,7
44000-P179307,2023,75000000.00000001,71750842,8
44000-P174275,2023,15000000,14859274,6
44000-P159010,2016,5000000,4839588,6
44000-P168335,2020,10000000,10225917,8
44000-P174274,2021,12000000,11871827,7
44000-P174274,2023,-241,23215,7
44000-P164321,2019,5000000,5116471,6
44000-P174447,2021,0,39900000,8
44000-P174447,2020,40000000,100000,8
44000-P175317,2022,75000000,75000000,9
44000-P159023,2017,60000000,64683180,3
44000-P164525,2019,0,180063320,5
44000-P164525,2018,180000000,0,0
44000-P170366,2020,100000000,101740942,16
44000-P170366,2019,180000000,180638880,8
44000-P170366,2021,-175355,0,0
44000-P172723,2022,300000000,280826175,7
44000-P175293,2023,300000000,301881310,18
44000-P152021,2015,500000000,489390303.99999994,3
44000-P172648,2023,350000000,350000000,12
44000-P147557,2014,400000000,402406950,4
44000-P161136,2017,301600000,301376429,9
44000-P128258,2014,600000000,603789088,1
44000-P157207,2016,500000000,492462936,6
44000-P174553,2021,400000000,397156862,8
44000-P172628,2021,400000000,397400612,5
44000-P171850,2020,500000000,506105978,10
44000-P170568,2020,500000000,506185262,6
44000-P170568,2021,-2,0,0
44000-P155480,2015,49999999.99999999,49509610,3
44000-P155480,2016,80000000,78374439,3
44000-P168606,2020,100000000,100391319,7
44000-P163968,2017,65000000,66311830,5
44000-P172023,2022,100000000,94090307,10
44000-P172023,2023,0,466747,5
44000-P174376,2020,70000000,73333770,8
44000-P166739,2020,-81950,0,0
44000-P166739,2018,40000000,39714679,4
44000-P179294,2023,150000000,145270320,24
44000-P132208,2014,0,13450216,6
44000-P169867,2019,150000000,150596825,10
44000-P144601,2014,0,5246370,4
44000-P149963,2014,5000000,4968726,6
44000-P159263,2019,5500000,5565640,6
44000-P171071,2020,5500000,5647340.000000001,7
44000-P172742,2022,20000000,26758176,18
44000-P172742,2021,19000000,11056761,9
44000-P174683,2020,30000000,30677751,7
44000-P173324,2020,175000000,192713137,14
44000-P173324,2021,0,0,7
44000-P158111,2017,500000000,537364076,5
44000-P158111,2021,0,0,5
44000-P132709,2021,0,0,4
44000-P132709,2014,250000000,242507719,4
44000-P150950,2021,0,0,6
44000-P150950,2015,500000000,497634432.99999994,6
44000-P161483,2018,500000000,484523506,6
44000-P161483,2021,0,0,6
44000-P170558,2023,-4298,0,0
44000-P170558,2019,13500000,0,0
44000-P170558,2020,0,13896691,12
44000-P179820,2023,11500000,7466872,5
44000-P172614,2022,0,7564536,5
44000-P172614,2021,17500000,0,0
44000-P155066,2016,3300000,0,0
44000-P155066,2017,0,3448844,10
44000-P145488,2014,0,3083420,4
44000-P150194,2015,4500000,1547480,4
44000-P150194,2016,0,3057054,4
44000-P177930,2023,50000000,52749840,8
44000-P150313,2014,750000000,750000000,3
44000-P177931,2022,489250000,479279159,20
44000-P177931,2021,349500000,339716025,4
44000-P150677,2014,500000000,500000000,1
44000-P181023,2023,1500000000,1500000000,8
44000-P172597,2020,350000000,0,0
44000-P172597,2021,0,350000000,4
44000-P131440,2019,0,260000000,7
44000-P172796,2020,400000000,0,0
44000-P172796,2021,0,400000000,21
44000-P179367,2023,350000000,0,0
44000-P133798,2015,100000000,99994329,2
44000-P180504,2023,750000000,500000000,8
44000-P178156,2022,500000000,500000000,18
44000-P178156,2023,0,0,9
44000-P120536,2014,85000000,85488870,3
44000-P145254,2014,100000000,100430168,1
44000-P150009,2015,80000000,79496064,6
44000-P169956,2020,40000000,20000000,8
44000-P169956,2021,50000000,70000000,16
44000-P146322,2014,500000000,462464750,6
44000-P162071,2017,400000000,408605505,10
44000-P162071,2018,0,0,10
44000-P168749,2020,10000000,9925810,4
44000-P176930,2022,10000000,0,0
44000-P176930,2023,0,9555552,4
44000-P155118,2016,5000000.000000001,0,0
44000-P155118,2017,0,5082912,6
44000-P165928,2019,0,8530744,12
44000-P165928,2018,13700000,0,0
44000-P165928,2020,0,5096608,6
44000-P149770,2014,7500000,0,0
44000-P149770,2015,0,6926542,5
44000-P171764,2020,25000000,15410889,5
44000-P171764,2022,0,9679896,5
44000-P174498,2022,14000000,13827501.000000002,5
44000-P180120,2023,10000000,10000425,6
44000-P173906,2020,300000000,304108911,4
44000-P170113,2022,56400000,53828280,7
44000-P174246,2022,750000000,750000000,12
44000-P179077,2023,1000000000,0,0
44000-P179007,2022,950000000,950000000,20
44000-P168280,2020,200000000,200000000,8
44000-P168280,2019,500000000,500000000,16
44000-P166019,2018,500000000,500000000,5
44000-P171751,2020,500000000,500000000,27
44000-P176353,2021,400000000,400000000,12
44000-P180470,2023,800000000,800000000,32
44000-P174911,2022,275000000,275000000,16
44000-P181011,2023,125000000,127766016,12
44000-P131775,2014,70000000,66054828,3
44000-P144675,2015,0,199500000,1
44000-P144675,2014,200000000,500000,1
44000-P146095,2014,250000000,236452902,8
44000-P155824,2016,90000000,0,0
44000-P155824,2017,0,87600444,7
44000-P157405,2016,150000000,0,0
44000-P157405,2017,0,150000000,4
44000-P160480,2020,0,125000000,6
44000-P160480,2019,125000000,0,0
44000-P171006,2020,84400000,0,0
44000-P171006,2021,0,86008980,9
44000-P171216,2021,100000000,0,0
44000-P171216,2022,-100000000,0,0
44000-P176717,2021,221500000,0,0
44000-P176717,2022,0,204965948,6
44000-P181146,2023,263824069,0,0
46002-P-ML-KA0-003,2014,19803175.18005661,0,0
46002-P-ML-KA0-003,2015,0,19803175.18005661,2
46002-P-ML-KA0-006,2015,20341548.15454695,20341548.15454695,1
46002-P-NA-KA0-002,2018,178396215.15662315,202713080.727468,1
46002-P-NA-K00-007,2017,178396215.15662315,227452680.8533144,1
46002-P-NA-KA0-004,2020,119584929.55721876,113486870.99525772,1
46002-P-NA-K00-004,2021,89198107.57153106,103345246.19375733,1
46002-P-NA-K00-005,2022,136770431.6205298,135836518.36773995,1
46002-P-MZ-K00-010,2014,26220255.571211018,26220255.571211018,1
46002-P-MZ-K00-011,2016,0,20341548.15454695,1
46002-P-MZ-K00-011,2015,20341548.15454695,0,0
46002-P-MZ-K00-012,2020,40683096.3090939,40683096.3090939,2
46002-P-MZ-AA0-041,2023,0,499045.9813915518,1
46002-P-MZ-AA0-041,2022,1356103.21030313,453223.25391540903,1
46002-P-MZ-KA0-007,2023,20341548.15454695,20341548.15454695,1
46002-P-NE-KA0-015,2020,108488256.8242504,88146708.66970344,2
46002-P-NE-KA0-015,2021,0,20341548.15454695,1
46002-P-NE-KA0-013,2018,27122064.206062596,0,0
46002-P-NE-KA0-013,2019,0,27122064.206062596,2
46002-P-NE-KA0-012,2018,40683096.3090939,40683096.3090939,2
46002-P-NE-KA0-011,2016,13561032.103031298,0,0
46002-P-NE-KA0-011,2017,0,13561032.103031298,1
46002-P-NE-KA0-008,2014,0,13561032.103031298,1
46002-P-NE-KA0-010,2015,27122064.206062596,27122064.206062596,1
46002-P-NE-A00-012,2022,5424412.841212519,4339530.272970016,1
46002-P-MA-K00-014,2019,307139974.45101553,292761896.72731614,2
46002-P-MA-AA0-011,2021,129862567.1440602,0,0
46002-P-MA-AA0-011,2022,0,30802126.53256614,2
46002-P-MA-AA0-011,2023,0,9387532.922795689,1
46002-P-MA-AA0-003,2018,229910350.32214233,158021449.34886706,1
46002-P-MA-AA0-003,2019,0,65608649.10422603,1
46002-P-MA-I00-006,2020,0,13377683.626545452,1
46002-P-MA-I00-006,2019,95288353.7720689,23791111.55711839,1
46002-P-MA-I00-006,2021,0,14097159.37060538,1
46002-P-MA-I00-006,2022,0,3262939.4079524605,1
46002-P-MA-HAZ-002,2016,156966804.54620042,151377707.31766856,1
46002-P-MA-IBD-011,2016,134621530.14549634,75190111.8107097,1
46002-P-MA-IBD-011,2017,0,57322417.32177753,1
46002-P-MA-H00-004,2015,111497194.4394344,108032694.95678778,1
46002-P-MA-HZ0-011,2014,115243361.71205318,114820856.71820313,1
46002-P-MA-IAZ-004,2015,0,51389127.252656944,1
46002-P-MA-IBD-010,2014,0,51551098.99960267,1
46002-P-MA-A00-003,2015,131251190.57725246,75173641.84229334,1
46002-P-MA-A00-003,2017,0,193414226.98726755,2
46002-P-MA-A00-003,2016,139708329.47069937,0,0
46002-P-MA-K00-013,2017,198217234.5665284,192430126.68716192,1
46002-P-MA-K00-019,2019,218308592.9886752,0,0
46002-P-MA-K00-021,2020,303481662.4198035,292619555.4558067,1
46002-P-MA-I00-010,2022,0,11303590.703641277,1
46002-P-MA-I00-010,2020,203685064.72002575,49955407.67852761,1
46002-P-MA-I00-010,2023,0,40502135.821873136,1
46002-P-MA-I00-016,2021,137198667.50654662,33282062.822837327,1
46002-P-MA-I00-016,2022,0,23298250.396321166,1
46002-P-MA-I00-016,2023,0,73914366.50316583,1
46002-P-MA-H00-020,2022,0,131074066.0584996,1
46002-P-MA-H00-020,2021,138612435.35795024,0,0
46002-P-MA-I00-012,2022,100494015.63858224,93069891.99994034,1
46002-P-MA-AA0-023,2022,230169505.86311227,212884005.84751704,1
46002-P-MA-IBD-012,2023,136661475.5487811,33231663.53180808,1
46002-P-MA-IA0-008,2023,172337971.7306725,164938811.56539065,1
46002-P-NG-KA0-002,2016,592283953.0544192,0,0
46002-P-NG-KA0-002,2017,0,608754994.9078325,1
DE-1-200570218,2018,0,80424.959184,1
DE-1-200570218,2014,0,54749.662614,1
DE-1-201265420,2015,19723014,19723014,1
46002-P-NG-FA0-002,2015,0,44751405.94000328,1
46002-P-NG-K00-005,2015,0,146383144.5863682,1
46002-P-NG-KA0-006,2020,288500682.97425985,271312803.77050936,1
46002-P-NG-AAG-016,2023,134000317.21966296,101864758.44411568,1
46002-P-RW-FA0-008,2019,22240092.64897133,12588412.369288605,1
46002-P-RW-FA0-008,2020,0,4702454.4247613605,1
46002-P-RW-FA0-008,2023,0,4899731.084733398,1
46002-P-RW-FA0-016,2019,0,115667390.22005488,4
46002-P-RW-FA0-016,2018,262486272.83169273,63416187.89894862,2
46002-P-RW-FA0-016,2023,0,7829120.5128239915,2
46002-P-RW-FA0-016,2020,0,26242135.34723701,1
46002-P-RW-IZ0-004,2016,55857891.23238592,48684105.24988236,1
46002-P-RW-IZ0-006,2020,0,20341548.15454695,1
46002-P-RW-IZ0-006,2018,0,61024644.463640854,2
46002-P-RW-IZ0-006,2017,81366192.6181878,0,0
46002-P-RW-IZ0-003,2014,66449057.304853365,46107509.15030642,2
46002-P-RW-IZ0-003,2016,0,20341548.15454695,1
46002-P-RW-K00-013,2021,0,20504280.539783325,1
46002-P-RW-K00-013,2020,96283327.93152222,75779047.39173889,1
46002-P-RW-E00-013,2023,101707740.77273476,40683096.3090939,1
46002-P-ST-K00-012,2020,6780516.051515649,6780516.051515649,1
46002-P-ST-K00-015,2020,10170774.077273477,10170774.077273477,1
46002-P-ST-K00-013,2023,5424412.841212519,0,0
DE-1-201767805,2019,0,85455000,2
DE-1-201767805,2017,170910000,85455000,2
DE-1-201770114,2022,0,529707.7778220001,2
DE-1-201770114,2023,0,316081.671822,4
DE-1-201770114,2018,4557600,241324.327512,2
DE-1-201770114,2020,0,286633.309122,2
DE-1-201770114,2019,0,582188.952006,2
DE-1-201770114,2021,0,251465.20399800004,2
