donor_ref,donor,country,year,commit_year,disb_year,cum_commit,total_commit,s1_share,s2_hhi,s2_hhi_net,s3_n_donors,n_activities
44000,EN: World Bank,AF,2017,100000000,102811740,100000000,100000000,1,1,NA,1,1
44000,EN: World Bank,AF,2018,90000000,87578652,190000000,190000000,1,1,NA,1,1
44000,EN: World Bank,AF,2019,100000000,99738524,290000000,290000000,1,1,NA,1,1
44000,EN: World Bank,AF,2020,260000000,261096408,550000000,550000000,1,1,0,2,2
44000,EN: World Bank,AF,2021,132000000,131072400,682000000,682000000,1,1,0,2,1
44000,EN: World Bank,AL,2014,220000000,211791185,220000000,296050835.6266,0.7431156190941456,0.6182104084950593,0.06598958515338404,2,2
44000,EN: World Bank,AL,2017,170000000,177716470,390000000,390000000,1,1,NA,1,2
44000,EN: World Bank,AL,2019,10000000,0,400000000,771713741.6266,0.5183269111638331,0.500671751345614,0.2320089645089739,2,1
44000,EN: World Bank,AL,2020,80000000,10196123,480000000,949896078.581568,0.5053184351668867,0.5000565715052487,0.2447098505857377,2,2
44000,EN: World Bank,AL,2021,0,80000000,480000000,955847651.316762,0.502172076626185,0.5000094358337401,0.2478326412906851,2,1
44000,EN: World Bank,AL,2023,120000000,122531227,600000000,1183308360.389844,0.5070529543138937,0.5000544144740555,0.2429517159956079,3,1
44000,EN: World Bank,AM,2014,75000000,75000000,75000000,124000000,0.6048387096774194,0.5219823100936525,0.15615244536940687,2,1
44000,EN: World Bank,AM,2015,50000000,50000000,125000000,174000000,0.7183908045977011,0.5953890870656625,0.0793037389351301,2,1
44000,EN: World Bank,AM,2016,0,0,125000000,286788000,0.43586203048942074,0.43120282841608343,0.2412271187937227,3,1
44000,EN: World Bank,AM,2019,50000000,51055550,175000000,454000000,0.3854625550660793,0.5262376525839818,0.3776562712259116,2,1
44000,EN: World Bank,AM,2020,0,0,175000000,234953545.04923,0.7448280891583573,0.6198815864818652,0.0651127040825753,2,1
44000,EN: World Bank,AM,2023,100000000,103412920,275000000,781035504.167112,0.35209666978360615,0.3858978162553363,0.2619257513826305,3,1
44000,EN: World Bank,AO,2015,450000000,450000000,450000000,450000000,1,1,NA,1,1
44000,EN: World Bank,AO,2019,500000000,500000000,950000000,2103364123.4894705,0.4516574136597684,0.5046740113081255,0.30067959199429434,2,1
44000,EN: World Bank,AO,2021,700000000,700000000,1650000000,1650000000,1,1,NA,1,1
44000,EN: World Bank,AO,2022,500000000,500000000,2150000000,2218364000,0.9691826949950504,0.940264802565637,9.497062877681373e-4,2,4
44000,EN: World Bank,AO,2023,500000000,500000000,2650000000,3907133732.6062813,0.6782465565191439,0.5635436698218648,0.10352527839178849,2,1
44000,EN: World Bank,AR,2018,500000000,500000000,500000000,1200000000,0.4166666666666667,0.513888888888889,0.3402777777777778,2,1
44000,EN: World Bank,AR,2019,500000000,0,1000000000,2200000000,0.45454545454545453,0.5041322314049586,0.2975206611570247,2,1
44000,EN: World Bank,AR,2020,0,0,1000000000,1000000000,1,1,NA,1,1
44000,EN: World Bank,BA,2014,50000000,0,50000000,50000000,1,1,NA,1,1
44000,EN: World Bank,BA,2015,0,42492510,50000000,50000000,1,1,NA,1,1
44000,EN: World Bank,BA,2017,80000000,0,130000000,130000000,1,1,NA,1,1
44000,EN: World Bank,BA,2018,0,91811444,130000000,130000000,1,1,NA,1,1
44000,EN: World Bank,BA,2019,0,0,130000000,130000000,1,1,NA,1,2
44000,EN: World Bank,BA,2023,100000000,0,230000000,309832021.873004,0.7423377306503003,0.6173321495221924,0.06626684317515463,3,1
44000,EN: World Bank,BB,2021,100000000,100000000,100000000,404044870,0.2474972643508628,0.6126491775832801,0.5513942817221192,3,1
44000,EN: World Bank,BB,2023,100000000,100000000,200000000,800000000,0.25,0.625,0.5625,2,1
44000,EN: World Bank,BD,2018,250000000,0,250000000,884547500,0.28263038446211197,0.3487580674787595,0.26887813325755827,5,1
44000,EN: World Bank,BD,2019,0,251384067,250000000,500000000,0.5,0.5,0.25,2,1
44000,EN: World Bank,BD,2020,250000000,252073350,500000000,1678266278,0.29792650102929613,0.3535893950013317,0.2648291949857725,3,1
44000,EN: World Bank,BD,2021,250000000,248695888,750000000,2542206278,0.295019332809625,0.3742933205354172,0.2872569138039809,3,1
44000,EN: World Bank,BD,2022,250000000,242652069,1000000000,2590000000,0.3861003861003861,0.5259462440929622,0.37687273594609494,2,1
44000,EN: World Bank,BD,2023,500000000.00000006,507698759,1500000000,4651345121.403206,0.32248735814028007,0.3849562319229757,0.2809581357626784,4,1
44000,EN: World Bank,BF,2014,0,100234568,0,27122064.206062596,0,1,1,3,1
44000,EN: World Bank,BF,2015,100000000,99019092,100000000,166559399.3480858,0.6003864110425495,0.47199464884696374,0.11153080628241052,4,1
44000,EN: World Bank,BF,2016,100000000,97208309,200000000,645505400,0.30983474344288986,0.572325649602863,0.47632808135854166,3,2
44000,EN: World Bank,BF,2017,75000000,0,275000000,736778490.7759606,0.37324650955862654,0.5052429925753132,0.36593003567761534,4,1
44000,EN: World Bank,BF,2018,0,78663306,275000000,827019252.0113565,0.3325194659388942,0.4161612971709082,0.30559210194262076,5,1
44000,EN: World Bank,BF,2019,100000000,98155800,375000000,955504252.0113565,0.3924629317039847,0.4120035235060815,0.25797637074439494,5,2
44000,EN: World Bank,BF,2020,247950000,150469970,622950000,1313214515.1044996,0.4743703277985992,0.40024615139752673,0.17521894350177625,5,2
44000,EN: World Bank,BF,2021,200000000,102001894,822950000,1557548534.6810179,0.5283623474170185,0.4850268200127987,0.20586004984477652,3,2
44000,EN: World Bank,BF,2022,0,179408037,822950000,1533590226.177218,0.5366166176289271,0.4999634450211567,0.21200605070564654,3,1
44000,EN: World Bank,BF,2023,0,0,822950000,1533896181.283418,0.5365095826181887,0.4997652338309784,0.21192270158983534,3,2
44000,EN: World Bank,BI,2015,25000000,23802516,25000000,25000000,1,1,NA,1,1
44000,EN: World Bank,BJ,2014,20000000,20030555,20000000,20000000,1,1,NA,1,1
44000,EN: World Bank,BJ,2015,19999999.999999996,0,40000000,40000000,1,1,NA,1,1
44000,EN: World Bank,BJ,2016,0,19973720,40000000,40000000,1,1,NA,1,1
44000,EN: World Bank,BJ,2018,15000000,14647950,55000000,91506298.42136025,0.6010515226694099,0.5204228204676125,0.15915988756439636,2,1
44000,EN: World Bank,BJ,2019,100000000,100249004,155000000,198344146.4482979,0.7814699993700276,0.6584507210907267,0.04775536117533574,3,1
44000,EN: World Bank,BJ,2020,150000000,154833905,305000000,355260272.8208439,0.8585254905600157,0.7570810547625998,0.020015036821284138,3,2
44000,EN: World Bank,BJ,2021,100000000,98279536,405000000,405000000,1,1,0,2,1
44000,EN: World Bank,BJ,2022,150000000,143262350,555000000,577788000,0.9605599285551102,0.9242308955813765,0.0015555192355780623,3,1
44000,EN: World Bank,BJ,2023,230000000,143520800,785000000,972730530.686725,0.8070066428837268,0.6686804964534593,0.017420774794996263,5,1
44000,EN: World Bank,BO,2015,200000000,197180858,200000000,448530000,0.44590105455599405,0.5058533917963071,0.3070256413421595,2,1
44000,EN: World Bank,BR,2014,896000000,1015375000,896000000,896000000,1,1,0,2,5
44000,EN: World Bank,BR,2015,350000000,0,1246000000,1246000000,1,1,NA,1,2
44000,EN: World Bank,BR,2016,0,350000000,1246000000,1246000000,1,1,NA,1,2
44000,EN: World Bank,BR,2019,248883034,248883034,1494883034,1494883034,1,1,NA,1,1
44000,EN: World Bank,BR,2020,200000000,0,1694883034,1694883034,1,1,NA,1,1
44000,EN: World Bank,BR,2021,0,200000000,1694883034,1694883034,1,1,NA,1,1
44000,EN: World Bank,BR,2022,635238245,470169601.00000006,2330121279,2434121279,0.9572741091837766,0.9181992218596329,0.0018255017460397926,2,2
44000,EN: World Bank,BR,2023,135238245,135238245,2465359524,2569359524,0.9595229865542164,0.922322750343413,0.0016383886174901052,2,3
44000,EN: World Bank,BS,2021,100000000,100000000,100000000,440000000,0.22727272727272727,0.6487603305785123,0.5971074380165289,2,1
44000,EN: World Bank,BT,2015,20000000,20068048,20000000,56200000,0.35587188612099646,0.5415458264206381,0.41490102708932264,2,1
44000,EN: World Bank,BT,2016,24000000,0,44000000,80200000,0.5486284289276808,0.504729448199949,0.2037362951722937,2,1
44000,EN: World Bank,BT,2017,0,23832725,44000000,80200000,0.5486284289276808,0.504729448199949,0.2037362951722937,2,1
44000,EN: World Bank,BT,2019,30000000,30154971,74000000,154200000,0.4798962386511025,0.5008083224407469,0.27050792256927103,2,1
44000,EN: World Bank,BT,2020,54800000,54861390,128800000,259000000,0.4972972972972973,0.5000146092037984,0.25271000730460186,2,2
44000,EN: World Bank,BT,2021,35000000,34865892,163800000,341091000,0.4802237526056096,0.4537148809422522,0.22310002837563844,3,1
44000,EN: World Bank,BT,2022,52500000,52297423,216300000,441537420,0.4898792043492033,0.4440930239871884,0.20411138913337995,3,1
44000,EN: World Bank,BT,2023,50000000,50154552,266300000,306682244.14303327,0.8683254576544724,0.7713272855127532,0.017338185101904213,2,1
44000,EN: World Bank,BW,2021,250000000,250000000,250000000,250000000,1,1,NA,1,1
44000,EN: World Bank,BW,2022,0,0,250000000,385139797.7914503,0.6491149484774168,0.5444705357188453,0.12312031938200585,2,1
44000,EN: World Bank,BW,2023,150000000,0,400000000,804838774.7630738,0.4969939477850715,0.4108296409816938,0.1638266568467034,3,1
44000,EN: World Bank,CD,2022,250000000,243003420,250000000,250000000,1,1,NA,1,1
44000,EN: World Bank,CD,2023,500000000,500000000,750000000,750000000,1,1,0,2,1
44000,EN: World Bank,CF,2018,25000000,24620149,25000000,81468137.67702232,0.3068684360886173,0.574599601957713,0.4804313648902392,2,1
44000,EN: World Bank,CF,2019,100000000,98401000,125000000,125000000,1,1,NA,1,1
44000,EN: World Bank,CF,2020,75000000,77220544,200000000,321980221.3852052,0.6211561664861626,0.4594178784326452,0.07358289526885992,3,2
44000,EN: World Bank,CF,2021,0,0,200000000,200000000,1,1,NA,1,1
44000,EN: World Bank,CF,2022,0,0,200000000,200000000,1,1,NA,1,1
44000,EN: World Bank,CG,2022,50000000,53807040,50000000,50000000,1,1,NA,1,1
44000,EN: World Bank,CG,2023,80000000,90311,130000000,450868574.12527955,0.2883323599392799,0.5896063796977492,0.5064708299095947,2,1
44000,EN: World Bank,CI,2014,70000000,68349261,70000000,215414947.2408046,0.3249542378400953,0.5612820377002838,0.4556867810100466,2,1
44000,EN: World Bank,CI,2015,100000000,98167063,170000000,315414947.2408046,0.5389725550013739,0.5030377200866702,0.21254630504196126,2,2
44000,EN: World Bank,CI,2016,75000000,72332575,245000000,390414947.2408046,0.6275374488899527,0.5325316017387146,0.13872835197940464,2,1
44000,EN: World Bank,CI,2017,125000000,126942330,370000000,564549278.7565076,0.6553900853703553,0.5482921572628126,0.11875599326105102,2,1
44000,EN: World Bank,CI,2018,100000000,99066240,470000000,470000000,1,1,NA,1,1
44000,EN: World Bank,CI,2020,200000000,196733483,670000000,1038395747.4095039,0.645226063060693,0.5421812187842168,0.12586454633141542,2,1
44000,EN: World Bank,CI,2021,300000000,300345840,970000000,1373537052.8758202,0.7062059213976636,0.5850417640389188,0.08631496062179583,2,1
44000,EN: World Bank,CI,2022,400000000,429183400,1370000000,1949341259.5215397,0.702801519902299,0.5822569129493651,0.08832693657238355,2,1
44000,EN: World Bank,CI,2023,300000000,310271640,1670000000,2286740201.4355707,0.7302972147651957,0.6060736142572134,0.07273959236341099,2,1
44000,EN: World Bank,CL,2015,100000000,0,100000000,320000000,0.3125,0.5703125,0.47265625,2,1
44000,EN: World Bank,CL,2016,0,100000000,100000000,520000000,0.19230769230769232,0.6893491124260356,0.6523668639053255,2,1
44000,EN: World Bank,CM,2017,200000000,206170574,200000000,516582741.11420155,0.3871596630747402,0.35560705455489466,0.2057144498427483,3,1
44000,EN: World Bank,CM,2019,200000000,200402775,400000000,1042159035.5665189,0.3838185788818302,0.37868299657510496,0.23136629508023726,3,1
44000,EN: World Bank,CM,2021,100000000,98310520,500000000,500000000,1,1,NA,1,1
44000,EN: World Bank,CM,2022,100000000,107124660,600000000,1533692811.5784092,0.39121263102387915,0.4007424341618341,0.24769511148920828,3,1
44000,EN: World Bank,CN,2017,400000000,400000000,400000000,400000000,1,1,NA,1,2
44000,EN: World Bank,CO,2014,1400000000,1200000000,1400000000,2200000000,0.6363636363636364,0.5371900826446281,0.1322314049586777,2,2
44000,EN: World Bank,CO,2015,1400000000,900704760,2800000000,4343439935.739236,0.6446503327836284,0.5069835630055185,0.09140951144747567,4,3
44000,EN: World Bank,CO,2016,800000000,1445136940,3600000000,5956429095.739236,0.6043889622685442,0.49143810429179374,0.12615208657974597,3,2
44000,EN: World Bank,CO,2017,1100000000,0,4700000000,8005824095.739236,0.5870726041184664,0.47462548872392,0.12997124621748246,3,2
44000,EN: World Bank,CO,2018,0,1199690960,4700000000,9069764095.739237,0.5182053193872981,0.4480227694335258,0.17948601639223422,3,2
44000,EN: World Bank,CO,2019,718500000,718500000,5418500000,10211475040,0.5306285310177872,0.4934948003255837,0.21192816239548895,3,4
44000,EN: World Bank,CO,2020,1600000000,1350000000,7018500000,12672869040,0.5538209207281448,0.4985799039847504,0.19186229174858033,3,11
44000,EN: World Bank,CO,2021,2050000000,2250000000,9068500000,14936089000,0.6071535861897984,0.5229637820666692,0.15432830484353616,2,5
44000,EN: World Bank,CO,2022,1750000000,2050000000,10818500000,17302421740,0.6252592939050623,0.5264310579147126,0.1354818733000555,3,3
44000,EN: World Bank,CO,2023,750000000,750000000,11568500000,19063815740,0.6068302462516353,0.5176467412159984,0.14940379345017807,3,1
44000,EN: World Bank,CR,2017,0,31017000,0,0,NA,0,NA,1,1
44000,EN: World Bank,CR,2020,300000000,0,300000000,880000000,0.3409090909090909,0.5506198347107438,0.43440082644628103,2,1
44000,EN: World Bank,CR,2021,300000000,300000000,600000000,1430000000,0.4195804195804196,0.5129346178297227,0.3368868893344418,2,2
44000,EN: World Bank,CR,2022,0,300000000,600000000,1430000000,0.4195804195804196,0.5129346178297227,0.3368868893344418,2,1
44000,EN: World Bank,CR,2023,660000000,0,1260000000,1260000000,1,1,NA,1,2
44000,EN: World Bank,CV,2014,15499999.999999998,15565513.999999998,15499999.999999998,32591009.130642913,0.475591287703531,0.5011915704719437,0.27500449753244094,2,1
44000,EN: World Bank,CV,2015,10000000,10138680,25500000,59834285.40819386,0.42617706263285576,0.5108996521630267,0.32927276344865763,2,1
44000,EN: World Bank,CV,2019,50000000,39667419,75500000,178198321.9172045,0.423685246795305,0.5116478831133869,0.33213869476138846,2,2
44000,EN: World Bank,CV,2020,25000000,35776187,100500000,237771330.43217656,0.42267501223688225,0.5119583074651326,0.33330414149568405,2,2
44000,EN: World Bank,CV,2021,30000000,29648200.000000004,130500000,311215262.7800116,0.4193239072990016,0.4454983918903721,0.2696658526578704,3,1
44000,EN: World Bank,CV,2022,52500000,44985756,183000000,366368675.12784666,0.49949685227903556,0.5000005063152582,0.25050340087859346,2,1
44000,EN: World Bank,CV,2023,25000000,25706112,208000000,402762681.2194623,0.5164331495912909,0.5005400968109794,0.23383689881419878,2,1
44000,EN: World Bank,DM,2021,25000000,25000000,25000000,25000000,1,1,NA,1,1
44000,EN: World Bank,DM,2022,50000000,30000000,75000000,75000000,1,1,NA,1,2
44000,EN: World Bank,DO,2015,60000000,60000000,60000000,760000000,0.07894736842105263,0.8545706371191135,0.8483379501385041,2,1
44000,EN: World Bank,DO,2017,150000000,0,210000000,1210000000,0.17355371900826447,0.7131343487466704,0.6830134553650707,2,1
44000,EN: World Bank,DO,2020,100000000,250000000,310000000,2210000000,0.14027149321266968,0.7588091971908848,0.7391331053827728,2,2
44000,EN: World Bank,DO,2022,630000000,0,940000000,3345602720,0.2809658165270741,0.5726041904166278,0.49366240035990233,3,2
44000,EN: World Bank,DO,2023,400000000,400000000,1340000000,3990000000,0.3358395989974937,0.5538972745146074,0.44110903825980996,2,2
44000,EN: World Bank,EC,2019,500000000,500000000,500000000,1401156739.3892,0.3568480141757465,0.539924423687599,0.41258391846642517,3,1
44000,EN: World Bank,EC,2020,1000000000,1000000000,1500000000,2680000000,0.5597014925373134,0.5071285364223657,0.1938627756738694,2,2
44000,EN: World Bank,EC,2022,1200000000,1200000000,2700000000,4815000000,0.5607476635514018,0.5073805572539085,0.19294261507555238,2,2
44000,EN: World Bank,EC,2023,500000000,500000000,3200000000,5815000000,0.5503009458297506,0.505060370302735,0.20222923932161685,2,2
44000,EN: World Bank,EG,2015,0,100000000,0,497487192.664073,0,0.9935166731214158,0.9935166731214158,3,1
44000,EN: World Bank,EG,2017,1150000000,0,1150000000,2139080874.8519192,0.5376140815992337,0.5028293402537278,0.21380043951994027,3,1
44000,EN: World Bank,EG,2018,0,1150000000,1150000000,2639081369.162484,0.4357576895648935,0.5082541489000812,0.3183693848851471,2,1
44000,EN: World Bank,EG,2021,360000000,0,1510000000,3259323272.778805,0.4632863553643814,0.5026957834048609,0.288061536338049,2,1
44000,EN: World Bank,EG,2022,0,360000000,1510000000,3623907972.3002357,0.4166772477507325,0.5138853620847856,0.3402654332916603,2,1
44000,EN: World Bank,ET,2018,1200000000,794480104,1200000000,9044606899.055492,0.13267574958125744,0.740287391841869,0.7226845373149204,3,1
44000,EN: World Bank,ET,2019,0,397722768,1200000000,9134423884.116941,0.13137117515277302,0.7261348437108974,0.7088764580498769,5,1
44000,EN: World Bank,ET,2020,750000000,747401494,1950000000,10044089095.705317,0.19414403649941608,0.6490441971585135,0.6113522902502269,4,1
44000,EN: World Bank,FJ,2016,50000000,50000000,50000000,50000000,1,1,NA,1,1
44000,EN: World Bank,FJ,2019,64000000,0,114000000,194000000,0.5876288659793815,0.5153576363056648,0.17004995217345092,2,1
44000,EN: World Bank,FJ,2020,0,63730093,114000000,416788000,0.27352035087382554,0.529123880740946,0.45431049839880533,3,1
44000,EN: World Bank,FJ,2021,145000000,134537736,259000000,259000000,1,1,NA,1,1
44000,EN: World Bank,FJ,2022,100000000,98721956,359000000,789000000,0.4550063371356147,0.504048859395908,0.29701809256233935,2,1
44000,EN: World Bank,GA,2017,200000000,199231706,200000000,781753884.6254511,0.2558349935105506,0.6192331007879857,0.5537815568834422,2,1
44000,EN: World Bank,GA,2018,0,0,200000000,898104661.5505413,0.2226911946484145,0.6538003470510472,0.6042089788771091,2,1
44000,EN: World Bank,GA,2019,200000000,198906862,400000000,1098104661.5505414,0.3642640032464607,0.5368485216293535,0.40416025756821594,2,1
44000,EN: World Bank,GA,2020,0,0,400000000,1215037192.3645964,0.32920802960899975,0.5583397943000807,0.44996186754104067,2,1
44000,EN: World Bank,GD,2014,15000000,14991447,15000000,15000000,1,1,NA,1,1
44000,EN: World Bank,GD,2015,14999999.999999998,14993960,30000000,30000000,1,1,NA,1,1
44000,EN: World Bank,GD,2016,9340000,0,39340000,39340000,1,1,NA,1,1
44000,EN: World Bank,GD,2017,0,9088880,39340000,39340000,1,1,NA,1,1
44000,EN: World Bank,GD,2018,30000000,30000000,69340000,69340000,1,1,NA,1,1
44000,EN: World Bank,GD,2019,20000000,0,89340000,89340000,1,1,NA,1,1
44000,EN: World Bank,GD,2020,45000000,20000000,134340000,134340000,1,1,NA,1,3
44000,EN: World Bank,GD,2021,0,25000000,134340000,134340000,1,1,NA,1,1
44000,EN: World Bank,GD,2022,25000000,25000000,159340000,159340000,1,1,NA,1,1
44000,EN: World Bank,GD,2023,30000000,30000000,189340000,189340000,1,1,NA,1,1
44000,EN: World Bank,GE,2015,120000000,120000000,120000000,270000000,0.4444444444444444,0.5061728395061729,0.308641975308642,2,2
44000,EN: World Bank,GE,2017,100000000,106297647,220000000,362595910,0.6067360219258954,0.5227851567531304,0.15465655645066984,2,2
44000,EN: World Bank,GE,2020,98500000,101091505,318500000,1382323937,0.23040908970384125,0.39525031120904774,0.342161962590895,3,1
44000,EN: World Bank,GE,2023,50000000,50257249,368500000,1745235923,0.21114623824987586,0.4032908284679076,0.35870809454083424,3,1
44000,EN: World Bank,GH,2015,150000000,151757276,150000000,274852681.8938252,0.5457469032736038,0.37621468417939363,0.0783750017466654,4,1
44000,EN: World Bank,GH,2017,200000000,201598528,350000000,515028454.71688473,0.6795741027403968,0.5159349824578402,0.05411402134242488,3,1
44000,EN: World Bank,GM,2017,56000000,57224482,56000000,56000000,1,1,NA,1,1
44000,EN: World Bank,GM,2020,30000000,30871992.000000004,86000000,111963952.06446372,0.7681043622905088,0.6437598981584008,0.053775586788691654,2,1
44000,EN: World Bank,GM,2022,40000000,40113687,126000000,151963952.06446373,0.829144006116334,0.7166715535246186,0.029191770645975335,2,1
44000,EN: World Bank,GM,2023,60000000,40545785,186000000,328070984.167495,0.5669504740627676,0.4336491594017277,0.11221631936173088,3,1
44000,EN: World Bank,GN,2014,49999999.99999999,49236122,49999999.99999999,58665499.513836995,0.8522896832781056,0.7482160418883759,0.02181833766608232,2,1
44000,EN: World Bank,GN,2016,40000000,39391619,90000000,112931705.28622593,0.7969418310995533,0.6763489021135112,0.04123261995720229,2,1
44000,EN: World Bank,GN,2018,60000000,59166510,150000000,248102340,0.6045892191101463,0.5218778095081404,0.15634968564392399,2,1
44000,EN: World Bank,GN,2019,90000000,91488349,240000000,348356940,0.6889485250387146,0.5714030902286116,0.09675302007559117,2,1
44000,EN: World Bank,GN,2020,80000000.00000001,82453208,320000000,375478182.33350104,0.8522465886334106,0.7481553184077505,0.021831070570464628,2,1
44000,EN: World Bank,GT,2014,340000000,0,340000000,590000000,0.576271186440678,0.5116345877621373,0.17954610744039068,2,1
44000,EN: World Bank,GT,2015,0,340000000,340000000,590000000,0.576271186440678,0.5116345877621373,0.17954610744039068,2,1
44000,EN: World Bank,GT,2016,250000000,0,590000000,1090000000,0.5412844036697247,0.5034088039727296,0.21041999831664004,2,1
44000,EN: World Bank,GT,2018,0,250000000,590000000,590000000,1,1,NA,1,1
44000,EN: World Bank,GT,2019,200000000,0,790000000,790000000,1,1,NA,1,1
44000,EN: World Bank,GT,2020,500000000,200000000,1290000000,1790000000,0.7206703910614525,0.5973908429824287,0.07802503042976183,2,2
44000,EN: World Bank,GT,2022,250000000,500000000,1540000000,2340000000,0.6581196581196581,0.5500036525677551,0.11688216816421942,2,2
44000,EN: World Bank,GY,2018,35000000,34214168,35000000,63800000,0.54858934169279,0.5047218482522774,0.20377158243334875,2,1
44000,EN: World Bank,GY,2023,35000000,35747562,70000000,292800000,0.2390710382513661,0.6361678461584401,0.579012884827854,2,1
44000,EN: World Bank,HN,2014,55000000,55000000,55000000,185000000,0.2972972972972973,0.5821767713659606,0.493791088385683,3,1
44000,EN: World Bank,HN,2015,50000000,50000000,105000000,369182000,0.2844125661597803,0.4775908315461208,0.3967003237565294,4,1
44000,EN: World Bank,HN,2020,119000000,119000000,224000000,1092421800,0.20504900213452348,0.47724094258392397,0.43519584930756017,3,1
44000,EN: World Bank,HN,2022,110000000,0,334000000,1348410000,0.24769914195237352,0.627311445943137,0.565956581019195,2,1
44000,EN: World Bank,HR,2014,206800000,202102500,206800000,206800000,1,1,NA,1,1
44000,EN: World Bank,HR,2020,300000000,806801,506800000,506800000,1,1,NA,1,1
44000,EN: World Bank,HR,2021,0,334724467,506800000,506800000,1,1,NA,1,1
44000,EN: World Bank,HT,2018,20000000,19952075,20000000,20000000,1,1,NA,1,1
44000,EN: World Bank,HT,2020,20000000,0,40000000,218885800,0.18274369557093242,0.7013031253999784,0.6679078671290568,2,1
44000,EN: World Bank,HT,2021,0,0,40000000,218885800,0.18274369557093242,0.7013031253999784,0.6679078671290568,2,1
44000,EN: World Bank,ID,2015,500000000,2000000000,500000000,1700000000,0.29411764705882354,0.5847750865051904,0.4982698961937717,3,2
44000,EN: World Bank,ID,2016,400000000,500000000,900000000,3100000000,0.2903225806451613,0.5879292403746099,0.5036420395421437,3,2
44000,EN: World Bank,ID,2017,300000000,400000000,1200000000,4200000000,0.2857142857142857,0.5918367346938775,0.5102040816326531,3,2
44000,EN: World Bank,ID,2018,300000000,600000000,1500000000,5500000000,0.2727272727272727,0.6033057851239669,0.5289256198347108,2,2
44000,EN: World Bank,ID,2019,1000000000,1020070896,2500000000,7500000000,0.3333333333333333,0.5555555555555556,0.4444444444444445,2,1
44000,EN: World Bank,ID,2020,600000000,601870192,3100000000,10607915482,0.2922346058714573,0.5863329179947774,0.5009318531259315,2,1
44000,EN: World Bank,ID,2021,1200000000,800000000,4300000000,12807915482,0.33572988563542117,0.5539693409467036,0.4412547848379306,2,2
44000,EN: World Bank,ID,2022,1100000000,1504296720,5400000000,15407915482,0.350469212159714,0.5447189130242732,0.4218902443524226,2,3
44000,EN: World Bank,ID,2023,2000000000,2025656260,7400000000,18790486531.80641,0.3938163063246988,0.49945811489902675,0.3443668317717978,3,2
44000,EN: World Bank,IN,2016,250000000,250000000,250000000,700000000,0.35714285714285715,0.5408163265306123,0.41326530612244905,2,1
44000,EN: World Bank,IN,2018,250000000,625000,500000000,1375000000,0.36363636363636365,0.5371900826446281,0.4049586776859504,2,1
44000,EN: World Bank,IN,2019,290000000,537810968,790000000,1665000000,0.4744744744744745,0.5013031049067085,0.27617707797887975,2,3
44000,EN: World Bank,IN,2020,2099960000,1698478832,2889960000,5314960000,0.5437406866655629,0.5038264953399499,0.20817256100441212,2,4
44000,EN: World Bank,IN,2021,500000000,902481764,3389960000,6414960000,0.528446007457568,0.501618350680552,0.22236316788270805,2,2
44000,EN: World Bank,IN,2022,940000000,190000000,4329960000,7604960000,0.5693599966337759,0.5096216182660749,0.1854508124992616,2,2
44000,EN: World Bank,IN,2023,1500000000,2250000000,5829960000,10099294155.363749,0.5772641048289202,0.5042167085204904,0.1709828617965558,3,2
44000,EN: World Bank,IQ,2015,1200000000,1200000000,1200000000,1200000000,1,1,NA,1,1
44000,EN: World Bank,IQ,2016,1443820000,1443820000,2643820000,2643820000,1,1,NA,1,1
44000,EN: World Bank,JM,2015,75000000,75000000,75000000,397345600,0.18875256200144155,0.5915612876190035,0.5559337579568955,3,1
44000,EN: World Bank,JM,2017,70000000,70000000,145000000,746202670,0.19431718195272607,0.5947804023987976,0.5570212351967487,3,1
44000,EN: World Bank,JM,2020,70000000,70000000,215000000,920000000,0.23369565217391305,0.641836011342155,0.5872223534971645,2,1
44000,EN: World Bank,JM,2021,150000000,150000000,365000000,1145000000,0.31877729257641924,0.5656833393718655,0.46406437710951354,2,1
44000,EN: World Bank,JO,2015,250000000,250000000,250000000,314902223.89162564,0.7938972196209008,0.6586570174408222,0.02838422211902547,3,1
44000,EN: World Bank,JO,2016,225000000,225000000,475000000,619660223.8916256,0.7665491210923266,0.6327950477682461,0.045197492720827626,3,1
44000,EN: World Bank,JO,2018,389000000,389000000,864000000,1053096823.8916256,0.8204373808736455,0.7010474089424436,0.027929913007636364,3,1
44000,EN: World Bank,JO,2019,1450000000,728625000,2314000000,2800933779.665816,0.8261530553842966,0.6971426971773803,0.014613826256571594,4,1
44000,EN: World Bank,JO,2020,0,225000000,2314000000,2846509779.665816,0.8129253644340778,0.6785012693791338,0.01765362123885561,4,1
44000,EN: World Bank,KE,2018,200000000,0,200000000,200000000,1,1,NA,1,1
44000,EN: World Bank,KE,2019,750000000,821086278,950000000,950000000,1,1,NA,1,2
44000,EN: World Bank,KE,2020,1000000000,1112181913,1950000000,2334092216.815544,0.8354425699000145,0.7178122906644235,0.019848003063282826,3,3
44000,EN: World Bank,KE,2021,750000000,750000000,2700000000,3125680371.5858407,0.8638119318099476,0.7647182434545721,0.01854718991733839,2,1
44000,EN: World Bank,KE,2022,750000000,750000000,3450000000,3979173958.153367,0.867014118076169,0.7693987257344563,0.01768524479105915,2,1
44000,EN: World Bank,KE,2023,1000000000,1000000000,4450000000,5073840438.170508,0.8770476829587789,0.7843299104491677,0.015117272265804949,2,1
44000,EN: World Bank,KG,2014,25000000,24942602,25000000,47000000,0.5319148936170213,0.5020371208691715,0.2191036668175645,2,1
44000,EN: World Bank,KG,2015,24000000,23313675,49000000,156978722,0.3121442153160095,0.33432800147619873,0.23689399032095143,3,1
44000,EN: World Bank,KG,2016,24000000,23174775,73000000,150000000,0.4866666666666667,0.5003555555555556,0.2635111111111111,2,1
44000,EN: World Bank,KG,2018,24000000,22929082,97000000,211000000,0.4597156398104265,0.5032456593517666,0.2919071898654568,2,1
44000,EN: World Bank,KH,2021,200000000,0,200000000,698500000,0.2863278453829635,0.5913115793173735,0.5093279442757233,2,1
44000,EN: World Bank,KH,2022,274000000,182822400,474000000,1290145542.2438,0.3674004090853401,0.37419038931812104,0.23920732872204578,3,2
44000,EN: World Bank,KH,2023,0,274000000,474000000,1455976142.2438,0.32555478503206803,0.3740504240258446,0.26806450596856857,3,1
44000,EN: World Bank,KI,2014,3000000,5279344,3000000,6000000,0.5,0.5,0.25,2,2
44000,EN: World Bank,KI,2015,0,2878470,3000000,3000000,1,1,NA,1,1
44000,EN: World Bank,KI,2016,2000000,0,5000000,5000000,1,1,NA,1,1
44000,EN: World Bank,KI,2017,5000000,7161759,10000000,18000000,0.5555555555555556,0.5061728395061729,0.19753086419753085,2,2
44000,EN: World Bank,KI,2018,5000000,4982303,15000000,25500000,0.5882352941176471,0.5155709342560554,0.1695501730103806,2,2
44000,EN: World Bank,KI,2019,0,0,15000000,25500000,0.5882352941176471,0.5155709342560554,0.1695501730103806,2,1
44000,EN: World Bank,KI,2020,5000000,16841,20000000,52685530,0.3796108722831487,0.33989881604480804,0.19579440168923498,3,2
44000,EN: World Bank,KI,2022,0,5019264,20000000,58382530,0.3425682305991193,0.3337416423780717,0.21638864976226033,3,1
44000,EN: World Bank,KI,2023,10000000,8167046,30000000,81382530,0.3686294835021718,0.3453910415962221,0.20950334548914415,3,1
44000,EN: World Bank,KM,2014,3800000,3851950,3800000,9224412.841212519,0.41195033932376585,0.5155054854904,0.3458024034214342,2,1
44000,EN: World Bank,KM,2015,3000000,3091824,6800000,12224412.841212519,0.556263935808431,0.5063312609453106,0.1969016946642243,2,1
44000,EN: World Bank,KM,2017,0,0,6800000,6800000,1,1,NA,1,1
44000,EN: World Bank,KM,2020,10000000,10369944,16800000,42565960.99575947,0.3946815626146361,0.5221839465065896,0.3664104106386587,2,1
44000,EN: World Bank,KM,2023,20000000.000000004,19541211,36800000,36800000,1,1,NA,1,1
44000,EN: World Bank,KZ,2015,1000000000,0,1000000000,2000000000,0.5,0.5,0.25,2,1
44000,EN: World Bank,KZ,2016,0,1000000000,1000000000,2000000000,0.5,0.5,0.25,2,1
44000,EN: World Bank,KZ,2021,400000000,0,1400000000,3477595266,0.4025770375545479,0.518982467223296,0.3569141960571002,2,1
44000,EN: World Bank,KZ,2022,0,364851780,1400000000,1400000000,1,1,NA,1,1
44000,EN: World Bank,LA,2017,38590000,39654615,38590000,70590000,0.5466779997166737,0.5043576713150996,0.20550083594087604,2,1
44000,EN: World Bank,LA,2019,40000000,40160307,78590000,323202800,0.24316002212852117,0.34606928532785847,0.2869424889663156,3,1
44000,EN: World Bank,LC,2021,30000000,30000000,30000000,30000000,1,1,NA,1,1
44000,EN: World Bank,LK,2014,102000000,510000,102000000,102000000,1,1,NA,1,1
44000,EN: World Bank,LK,2016,100000000,201490000,202000000,452000000,0.4469026548672566,0.5056386561202912,0.30591667319288895,2,2
44000,EN: World Bank,LK,2023,500000000,495624384,702000000,1502000000,0.4673768308921438,0.5021285423252796,0.28368744027049597,2,1
44000,EN: World Bank,LR,2018,20000000,20697494,20000000,29492722.47212191,0.6781333943960265,0.5634630123981006,0.1035981118030238,2,1
44000,EN: World Bank,LR,2020,40000000.00000001,39852160,60000000.00000001,83257170.05669868,0.7206586526918897,0.5973804820156,0.0780315883159104,2,1
44000,EN: World Bank,LR,2021,40000000,39935020,100000000,100000000,1,1,NA,1,1
44000,EN: World Bank,LR,2022,55000000.00000001,54441088,155000000,183681582.8979112,0.8438516129630035,0.7364678634745183,0.024382318774255674,2,1
44000,EN: World Bank,LR,2023,65000000.00000001,65000000.00000001,220000000.00000003,248681582.89791122,0.8846654321414483,0.7959349893691343,0.013302062543118831,2,1
44000,EN: World Bank,MA,2014,400000000,384094440,400000000,595001361.7120532,0.6722673690175137,0.5074261668793008,0.05548275143357079,3,2
44000,EN: World Bank,MA,2015,430000000,116040061,830000000,1187991746.72874,0.698658052369044,0.5789300435421237,0.09080696940201793,2,2
44000,EN: World Bank,MA,2016,0,300000000,830000000,1857992710.8911362,0.44671865241167324,0.39652423198031667,0.19696667756781533,3,1
44000,EN: World Bank,MA,2017,0,0,830000000,2174365725.4576645,0.3817205129212107,0.3789059164934621,0.23319536650862996,3,1
44000,EN: World Bank,MA,2019,975000000,685246669,1805000000,4281936157.157171,0.4215382793559354,0.3842314651705229,0.2065369442081603,3,2
44000,EN: World Bank,MA,2020,500000000,816546705,2305000000,5442921884.297,0.4234857763896993,0.3862148045283015,0.20687460172391509,3,2
44000,EN: World Bank,MA,2021,450000000,431158468,2755000000,6562159008.329063,0.41983133851270565,0.37790862756448146,0.20165027476711142,3,1
44000,EN: World Bank,MA,2022,500000000,487108528,3255000000,7781759680.128685,0.41828585484487396,0.3662731240771797,0.19131006771387274,3,2
44000,EN: World Bank,MA,2023,950000000,468131849,4205000000,9309227250.271442,0.4517023687307009,0.37057772976025766,0.16654269984333156,3,2
44000,EN: World Bank,MD,2014,30000000,30230753,30000000,30000000,1,1,NA,1,1
44000,EN: World Bank,MD,2016,45000000,44615970,75000000,75000000,1,1,NA,1,1
44000,EN: World Bank,MD,2018,30000000,29160390,105000000,105000000,1,1,NA,1,1
44000,EN: World Bank,MD,2019,0,0,105000000,105000000,1,1,NA,1,2
44000,EN: World Bank,MD,2022,150000000,142432875,255000000,494989744.81683,0.5151621880456579,0.5004597838926638,0.23506770390067394,2,1
44000,EN: World Bank,MD,2023,100000000,101254740,355000000,798056682.5798347,0.4448305587172213,0.4120418165614369,0.2141675905927616,3,1
44000,EN: World Bank,MG,2014,45000000,44175590,45000000,78902580.25757825,0.5703235540979402,0.5098908045219318,0.18462184816302568,2,1
44000,EN: World Bank,MG,2015,55000000,54642283.99999999,100000000,133902580.25757825,0.7468115984593992,0.6218319302681674,0.06410436667468455,2,1
44000,EN: World Bank,MG,2016,65000000,62329830,165000000,215853870.38636738,0.7644060294339797,0.6398210968020851,0.055504518967062766,2,1
44000,EN: World Bank,MG,2017,90000000,90481798,255000000,255000000,1,1,NA,1,2
44000,EN: World Bank,MG,2018,60000000,59123274,315000000,315000000,1,1,NA,1,1
44000,EN: World Bank,MG,2019,150000000,98720648,465000000,529374219.3930896,0.8783956282062761,0.7863665028912448,0.014787623239346237,2,2
44000,EN: World Bank,MG,2020,175000000,114398126,640000000,745057315.7021835,0.8589943169631565,0.7577538392236867,0.019882602648686798,2,3
44000,EN: World Bank,MG,2021,0,78016302,640000000,745057315.7021835,0.8589943169631565,0.7577538392236867,0.019882602648686798,2,1
44000,EN: World Bank,MG,2023,100000000,99107284,740000000,740000000,1,1,NA,1,1
44000,EN: World Bank,MK,2014,50000000,48563597,50000000,50000000,1,1,NA,1,1
44000,EN: World Bank,MK,2019,139250000,139020031,189250000,247359400,0.7650810925317575,0.6405359712356604,0.05518689308607272,2,1
44000,EN: World Bank,MK,2023,100000000,103421195,289250000,566693900,0.5104166464470502,0.5002170130464058,0.23969186007615273,2,1
44000,EN: World Bank,ML,2014,63000000,0,63000000,82803175.1800566,0.7608403888257385,0.6360754168855249,0.05719731961702401,3,1
44000,EN: World Bank,ML,2015,0,56874232,63000000,355744006.33460355,0.17709363721716181,0.54062996091507165,0.509267804572268,5,1
44000,EN: World Bank,ML,2018,60000000,57318757,123000000,550495538.2077754,0.22343505344374961,0.45863349570452355,0.4087102725971123,5,1
44000,EN: World Bank,ML,2019,250000000,249932065,373000000,473614179.1439463,0.7875608806184697,0.6653825201241397,0.0451303794436001,3,2
44000,EN: World Bank,MN,2019,100000000,50000,100000000,847881520,0.11794100666328947,0.6808292931963413,0.6669192121435913,3,1
44000,EN: World Bank,MN,2020,0,100201787,100000000,890000000,0.11235955056179775,0.8005302360813027,0.7879055674788535,2,1
44000,EN: World Bank,MR,2016,26000000,25413450,26000000,35086759.41508556,0.7410202718470859,0.6161815428824864,0.06707049959415734,2,1
44000,EN: World Bank,MR,2017,26000000,26332392,52000000,61086759.41508556,0.8512482982876718,0.7467507340999705,0.022127068762313407,2,1
44000,EN: World Bank,MR,2019,50000000,49718364,102000000,102000000,1,1,NA,1,1
44000,EN: World Bank,MR,2020,70000000,71886458,172000000,196681946.33357155,0.87450832781718,0.7805129752088407,0.015748159787240312,2,1
44000,EN: World Bank,MR,2021,30000000,29432208.000000004,202000000,247234180,0.8170391326959727,0.7010276233212291,0.033474678964641846,2,1
44000,EN: World Bank,MR,2022,30000000,0,232000000,232000000,1,1,NA,1,1
44000,EN: World Bank,MR,2023,0,30070881,232000000,232000000,1,1,NA,1,1
44000,EN: World Bank,MU,2014,0,16103959,0,0,NA,0,NA,2,1
44000,EN: World Bank,MV,2019,30000000,20078212,30000000,30000000,1,1,NA,1,2
44000,EN: World Bank,MV,2020,0,10024188,30000000,80000000,0.375,0.53125,0.390625,2,1
44000,EN: World Bank,MW,2017,80000000,84267052,80000000,80000000,1,1,0,2,1
44000,EN: World Bank,MW,2019,70000000,40177069,150000000,150000000,1,1,NA,1,1
44000,EN: World Bank,MW,2020,0,29568420,150000000,220381756.61473244,0.6806371012924967,0.5652595247267114,0.10199266107085903,2,1
44000,EN: World Bank,MW,2023,137000000,81393459,287000000,287000000,1,1,NA,1,1
44000,EN: World Bank,MX,2014,0,300751880,0,800000000,0,1,1,2,1
44000,EN: World Bank,MX,2019,500000000,500000000,500000000,5550000000,0.09009009009009009,0.8360522684847009,0.8279360441522604,2,1
44000,EN: World Bank,MX,2020,1750000000,1000000000,2250000000,8100000000,0.2777777777777778,0.5987654320987654,0.5216049382716049,2,2
44000,EN: World Bank,MX,2021,750000000,1500000000,3000000000,9550000000,0.31413612565445026,0.5690907595734767,0.47040925413228807,2,3
44000,EN: World Bank,MX,2022,700000000,700000000,3700000000,11450000000,0.3231441048034934,0.5625560153315154,0.4581339028622643,2,3
44000,EN: World Bank,MX,2023,700000000,1750000,4400000000,12750000000,0.34509803921568627,0.5479892349096501,0.4288965782391388,2,2
44000,EN: World Bank,MZ,2014,185000000,131832102,185000000,314201467.65346104,0.5887941943162408,0.4314290951515634,0.08475049189105227,8,3
44000,EN: World Bank,MZ,2015,120000000,164798820,305000000,441576461.848008,0.6907071059077011,0.5286518505537117,0.05157554440231943,6,3
44000,EN: World Bank,MZ,2020,100000000,101539035,405000000,497893019.77485186,0.813427752377693,0.6924983194014027,0.03083361106317717,4,1
44000,EN: World Bank,MZ,2022,300000000,284883552,705000000,865383203.245155,0.8146679960464637,0.6810467810517409,0.017362837269379927,3,1
44000,EN: World Bank,MZ,2023,300000000,305014402,1005000000,1185724751.399702,0.8475828802710211,0.7305033189886659,0.012106580060145755,4,1
44000,EN: World Bank,NE,2014,70000000,69869002,70000000,70000000,1,1,0,2,2
44000,EN: World Bank,NE,2015,80000000,101544,150000000,177122064.2060626,0.8468735991326921,0.7406425875505351,0.023447694642575456,2,2
44000,EN: World Bank,NE,2016,0,77240520,150000000,509715096.3090939,0.2942820432162347,0.4847264681701329,0.3981245472106111,3,1
44000,EN: World Bank,NE,2017,170000000,172054429,320000000,725291096.309094,0.4412021623158422,0.450518735826787,0.2558593877946122,3,2
44000,EN: World Bank,NE,2018,110000000,108905340,430000000,1020454456.8242503,0.42138088292367326,0.41193688137119505,0.23437503287766062,3,2
44000,EN: World Bank,NE,2019,350000000,351083607,780000000,1370454456.8242505,0.5691542656641735,0.45388451370013144,0.12994793557640688,3,1
44000,EN: World Bank,NE,2020,250000000,262303230,1030000000,1770012221.4355009,0.5819168859549783,0.4409735646848982,0.10234630252535898,3,1
44000,EN: World Bank,NE,2021,250000000,245267831,1280000000,2242195221.4355006,0.5708691142337361,0.4457198877415208,0.11982834215551041,3,1
44000,EN: World Bank,NE,2022,350000000,375306750,1630000000,2626104634.2767134,0.620691185996455,0.4792308095699724,0.09397326119628646,3,2
44000,EN: World Bank,NG,2014,200000000,299757307,200000000,200000000,1,1,NA,1,2
44000,EN: World Bank,NG,2015,75000000,0,275000000,275000000,1,1,0,2,1
44000,EN: World Bank,NG,2016,0,74396673,275000000,867283953.0544192,0.31708184964278324,0.5669180994602108,0.4663772000873222,2,1
44000,EN: World Bank,NP,2018,100000000,0,100000000,202380844.87515,0.49411790953679746,0.41661798080339224,0.17246547227837747,3,1
44000,EN: World Bank,NP,2019,100000000,198470963,200000000,377671925.17024004,0.5295601464415118,0.37871053416453904,0.09827658546538359,5,2
44000,EN: World Bank,NP,2020,350000000,126735821,550000000,1155260526.4911,0.4760830889552921,0.35042985154069023,0.12377474395147764,4,3
44000,EN: World Bank,NP,2021,150000000,359766676,700000000,1208319603.7105,0.579316927285169,0.4393654174804263,0.10375731524129644,4,2
44000,EN: World Bank,NP,2022,250000000,240523000,950000000,1685073369.7466385,0.5637736712573166,0.3842706390247124,0.06642988662175953,6,2
44000,EN: World Bank,PA,2014,0,200000000,0,300000000,0,1,1,2,2
44000,EN: World Bank,PA,2015,300000000,300000000,300000000,900000000,0.3333333333333333,0.5555555555555556,0.4444444444444445,2,1
44000,EN: World Bank,PA,2016,0,25000000,300000000,1300000000,0.23076923076923078,0.6449704142011835,0.591715976331361,2,1
44000,EN: World Bank,PA,2018,100000000,100000000,400000000,2100000000,0.19047619047619047,0.691609977324263,0.655328798185941,2,1
44000,EN: World Bank,PA,2020,300000000,341000000,700000000,2950000000,0.23728813559322035,0.6380350474001724,0.5817293881068658,2,2
44000,EN: World Bank,PA,2021,0,0,700000000,3250000000,0.2153846153846154,0.6620118343195267,0.615621301775148,2,1
44000,EN: World Bank,PA,2022,350000000,250000000,1050000000,3750000000,0.28,0.5968,0.5184,2,2
44000,EN: World Bank,PA,2023,150000000,150000000,1200000000,4100000000,0.2926829268292683,0.585960737656157,0.5002974419988102,2,1
44000,EN: World Bank,PE,2015,400000000,620000000,400000000,1171849000,0.3413409065502467,0.4517313608850062,0.335217746400462,4,3
44000,EN: World Bank,PE,2016,2500000000,0,2900000000,3575000000,0.8111888111888111,0.6936769524182111,0.03564966502029443,2,2
44000,EN: World Bank,PE,2018,0,315680243,2900000000,3743364000,0.7747042499740875,0.6433628782577832,0.04319620332986973,3,2
44000,EN: World Bank,PE,2019,0,420000000,2900000000,3725000000,0.7785234899328859,0.6551506688887887,0.04905184451150846,2,1
44000,EN: World Bank,PE,2020,50000000,1834319757,2950000000,4236527600,0.6963249808640454,0.5686882205975826,0.08381974162226946,3,4
44000,EN: World Bank,PE,2021,1100000000,1150000000,4050000000,6436527600,0.6292212589906396,0.5264903775553696,0.13057098478960405,3,3
44000,EN: World Bank,PE,2022,1250000000,500000000,5300000000,7925000000,0.668769716088328,0.5569664341370697,0.10971350098020682,2,2
44000,EN: World Bank,PE,2023,750000000,750000000,6050000000,8975000000,0.6740947075208914,0.5606179343735694,0.10621425966589332,2,2
44000,EN: World Bank,PG,2018,150000000,147989556,150000000,250000000,0.6,0.52,0.16000000000000003,2,1
44000,EN: World Bank,PG,2021,100000000,98337639,250000000,1106152760,0.22600856684568593,0.641594135179461,0.5905142628918201,3,1
44000,EN: World Bank,PH,2014,300000000,201249999.99999997,300000000,550000000,0.5454545454545454,0.5041322314049586,0.2066115702479338,2,2
44000,EN: World Bank,PH,2015,500000000,598750000,800000000,2000000000,0.4,0.52,0.36,2,3
44000,EN: World Bank,PH,2016,0,2500000,800000000,2250000000,0.35555555555555557,0.5417283950617284,0.4153086419753087,2,1
44000,EN: World Bank,PH,2018,0,497500000,800000000,3455000000,0.23154848046309695,0.6441324366833445,0.5905177378785753,2,1
44000,EN: World Bank,PH,2019,850000000,450000000,1650000000,5005000000,0.32967032967032966,0.5580243931892284,0.4493418669242845,2,2
44000,EN: World Bank,PH,2020,1600000000,1400000000,3250000000,9709794757,0.33471356309122857,0.5546392124519945,0.4426060431347687,2,4
44000,EN: World Bank,PH,2021,1500000000,1082500000,4750000000,12609794757,0.37669130160609166,0.5304100701991997,0.3885137334935082,2,4
44000,EN: World Bank,PH,2022,0,720000000,4750000000,13259794757,0.3582257559071508,0.5401998725761976,0.41187418038094803,2,2
44000,EN: World Bank,PH,2023,2450000000,1647500000,7200000000,18057867524.403206,0.39871817590144565,0.5084086308551518,0.3494324470609756,3,14
44000,EN: World Bank,PK,2014,1000000000,1006196038,1000000000,1508663455,0.6628383531700249,0.5148392203153603,0.07548453788220966,3,2
44000,EN: World Bank,PK,2015,500000000,489390303.99999994,1500000000,2487811745,0.6029395122097553,0.4726410216851833,0.10910496630144567,3,1
44000,EN: World Bank,PK,2016,500000000,492462936,2000000000,3428505110,0.5833446169196463,0.4524096279893191,0.11211868590019014,3,1
44000,EN: World Bank,PK,2017,301600000,301376429,2301600000,4445973085,0.5176819463359392,0.4219570861273102,0.15396248856514394,4,1
44000,EN: World Bank,PK,2020,1000000000,1012291240,3301600000,8356828751.5201,0.39507809698738194,0.4620471483927067,0.30596044567353553,3,2
44000,EN: World Bank,PK,2021,800000000,794557474,4101600000,9464656471.07685,0.4333596272124747,0.45822361228674874,0.2704230457890137,3,3
44000,EN: World Bank,PK,2023,350000000,350000000,4451600000,11551613936.947102,0.38536606436974497,0.5262803952953807,0.3777733917275543,3,1
44000,EN: World Bank,PL,2014,965800000,899010000,965800000,965800000,1,1,NA,1,1
44000,EN: World Bank,PY,2015,100000000,0,100000000,300000000,0.3333333333333333,0.5555555555555556,0.4444444444444445,2,1
44000,EN: World Bank,PY,2016,0,63750000,100000000,300000000,0.3333333333333333,0.5555555555555556,0.4444444444444445,2,1
44000,EN: World Bank,PY,2017,0,36250000,100000000,500000000,0.2,0.6800000000000002,0.6400000000000001,2,1
44000,EN: World Bank,PY,2020,200000000,200000000,300000000,1487988400,0.20161447495155205,0.5815890040752835,0.5409406075652935,3,1
44000,EN: World Bank,PY,2022,240000000,600000,540000000,2330000000,0.2317596566523605,0.643905763598519,0.590193225146899,2,1
44000,EN: World Bank,PY,2023,0,239400000,540000000,2480000000,0.21774193548387097,0.6593392299687825,0.6119276795005203,2,1
44000,EN: World Bank,RO,2014,1034800000,408105000,1034800000,1034800000,1,1,NA,1,2
44000,EN: World Bank,RO,2015,0,843900000,1034800000,1034800000,1,1,NA,1,1
44000,EN: World Bank,RO,2016,558270000,0,1593070000,1593070000,1,1,NA,1,1
44000,EN: World Bank,RO,2017,0,593050000,1593070000,1593070000,1,1,NA,1,1
44000,EN: World Bank,RO,2018,493060000,0,2086130000,2086130000,1,1,NA,1,1
44000,EN: World Bank,RO,2020,0,437050000,2086130000,2086130000,1,1,NA,1,1
44000,EN: World Bank,RO,2022,641700000,633240000,2727830000,2727830000,1,1,NA,1,1
44000,EN: World Bank,RO,2023,650000000,638304960,3377830000,3377830000,1,1,NA,1,1
44000,EN: World Bank,RS,2015,100000000,101458113,100000000,191152000,0.5231438854942664,0.5010712788715435,0.22739175394150535,2,1
44000,EN: World Bank,RS,2016,100000000,0,200000000,354274760,0.5645335840464616,0.5083291669397635,0.18963099942342015,2,1
44000,EN: World Bank,RS,2017,270000000,304461519,470000000,470000000,1,1,NA,1,3
44000,EN: World Bank,RS,2018,200000000,36019964,670000000,670000000,1,1,NA,1,2
44000,EN: World Bank,RS,2019,0,198787625,670000000,670000000,1,1,NA,1,2
44000,EN: World Bank,RS,2020,0,22655371,670000000,670000000,1,1,NA,1,1
44000,EN: World Bank,RS,2021,100000000,93083303,770000000,770000000,1,1,NA,1,1
44000,EN: World Bank,RS,2023,160000000,405180,930000000,1642094754.627,0.566349778159573,0.508804586123649,0.18805251490225144,2,1
44000,EN: World Bank,RW,2014,70000000,70829850,70000000,173866811.34585336,0.40260702694292244,0.3324151570203394,0.17032273887652033,5,1
44000,EN: World Bank,RW,2015,165000000,160203771,235000000,257788000,0.9116017813086722,0.838832052752944,0.007814245067799819,2,2
44000,EN: World Bank,RW,2016,95000000,91399594,330000000,904648748.5372393,0.364782464501929,0.37744228537747154,0.24437603896937043,4,1
44000,EN: World Bank,RW,2017,125000000,125308920,455000000,1115207933.155427,0.40799566293668615,0.3515054120299444,0.18504495105479837,4,1
44000,EN: World Bank,RW,2018,125000000,124018048,580000000,1046159413.9871198,0.554408814034857,0.5059206380893593,0.19855150500982266,2,1
44000,EN: World Bank,RW,2019,125000000,123365700,705000000,1193399506.6360912,0.5907493643827849,0.5164708942717589,0.16748608275309446,2,1
44000,EN: World Bank,RW,2020,250000000,103428240,955000000,2008751026.5676134,0.47541979437433046,0.3652724939625077,0.13924851307957706,3,2
44000,EN: World Bank,RW,2021,175000000,152247806,1130000000,2262369626.5676136,0.4994762954426663,0.3748722658986248,0.12539569618949514,3,2
44000,EN: World Bank,RW,2022,200000000,168468988,1330000000,1934656792,0.6874604351012973,0.5702828294567354,0.0976809796270704,2,2
44000,EN: World Bank,RW,2023,125000000,325000000,1455000000,2141424456.538748,0.67945427425993,0.5643975303775739,0.10273941956748572,3,2
44000,EN: World Bank,SB,2014,5000000,0,5000000,5000000,1,1,0,3,1
44000,EN: World Bank,SB,2015,0,4580994,5000000,44507572.10950011,0.11234043473992943,0.800559877075254,0.7879395037976976,2,1
44000,EN: World Bank,SB,2020,15000000,15330543,20000000,177268647.10950032,0.11282310959165742,0.4964139606011809,0.4836849065432498,3,1
44000,EN: World Bank,SB,2021,15000000,14975613,35000000,85115200,0.4112073989134726,0.4125953119559537,0.24350378703476996,3,1
44000,EN: World Bank,SB,2022,15000000.000000002,14289898.000000002,50000000,101000000,0.49504950495049505,0.5000490148024703,0.2549750024507401,2,1
44000,EN: World Bank,SB,2023,20000000,15269240,70000000,131000000,0.5343511450381679,0.5023600023308665,0.21682885612726532,2,1
44000,EN: World Bank,SC,2014,7000000,0,7000000,7000000,1,1,0,2,1
44000,EN: World Bank,SC,2015,5000000,35000,12000000,21910861.722223956,0.5476735763353627,0.5045455397612073,0.20459919354524092,2,2
44000,EN: World Bank,SC,2016,0,5000000,12000000,21910861.722223956,0.5476735763353627,0.5045455397612073,0.20459919354524092,2,1
44000,EN: World Bank,SC,2020,15000000,21965000,27000000,46821723.44444791,0.5766554072285359,0.5117521029147454,0.17922064422883677,2,2
44000,EN: World Bank,SC,2021,35000000,35000000,62000000,101643446.90245685,0.6099753785357055,0.5241891677681434,0.1521192053483662,2,1
44000,EN: World Bank,SC,2022,24999999.999999996,24999999.999999996,87000000,151420601.2283583,0.5745585428550425,0.5111179526253344,0.18100043345762473,2,4
44000,EN: World Bank,SD,2021,1318372481,1309186588,1318372481,1737008411.5783646,0.75899026867811,0.6341519185399193,0.05808569059184965,2,1
44000,EN: World Bank,SD,2023,0,0,1318372481,1814007951.8593762,0.726773264499009,0.6028522269830751,0.07465284899252855,2,1
44000,EN: World Bank,SL,2014,30000000.000000004,55058395,30000000.000000004,35424412.841212526,0.846873599132692,0.7406425875505349,0.023447694642575456,3,2
44000,EN: World Bank,SL,2019,40000000,39670774,70000000,95765960.99575947,0.7309486509836163,0.6066745587823044,0.0723886284075359,2,1
44000,EN: World Bank,SL,2020,100000000,101555484,170000000,220175818.78121582,0.772110220554808,0.6480879442607725,0.051933751575578224,2,1
44000,EN: World Bank,SL,2021,75000000,74178270,245000000,245000000,1,1,NA,1,1
44000,EN: World Bank,SL,2022,100000000,103957516,345000000,397209973.5966705,0.868558251133732,0.7716703689575101,0.017276933345023004,2,1
44000,EN: World Bank,SL,2023,65000000,66178530,410000000,554362122.5499736,0.739588769366255,0.583153665010489,0.03616211723779761,3,1
44000,EN: World Bank,SN,2017,60000000,64683180,60000000,208656054.38423645,0.2875545604323134,0.5593671688872276,0.4766795436618066,3,1
44000,EN: World Bank,SN,2018,180000000,0,240000000,488923254.38423645,0.49087458583303156,0.3698321412821054,0.12887428226535513,4,1
44000,EN: World Bank,SN,2019,180000000,360702200,420000000,683176885.1103077,0.6147748982054415,0.4528058286870408,0.07485765322352983,3,2
44000,EN: World Bank,SN,2020,100000000,101740942,520000000,990327363.4245087,0.5250788973475021,0.35675025736467303,0.08104240892500436,5,1
44000,EN: World Bank,SN,2021,0,0,520000000,1001009034.1537849,0.5194758311443096,0.3893817348024727,0.11952659565940138,4,1
44000,EN: World Bank,SN,2022,300000000,280826175,820000000,1379208005.5654478,0.5945441127742123,0.5178771785205258,0.1643944764860506,2,1
44000,EN: World Bank,SN,2023,300000000,301881310,1120000000,1843936300.0351233,0.6073962533188735,0.5230679104538632,0.15413770190805814,2,1
44000,EN: World Bank,SO,2020,458701095.00000006,459407425,458701095.00000006,579394280.7169787,0.7916907540619398,0.670166992010446,0.04339274194328324,2,1
44000,EN: World Bank,SO,2022,100000000,97661207,558701095,684818693.5581911,0.8158379732555089,0.6995072507002951,0.03391565209463865,2,1
44000,EN: World Bank,SO,2023,75000000.00000001,71750842,633701095.0000001,796167725.6612225,0.7959391904183346,0.6651171574175473,0.03159796257375336,3,1
44000,EN: World Bank,ST,2016,5000000,4839588,5000000,5000000,1,1,NA,1,1
44000,EN: World Bank,ST,2019,5000000,5116471,10000000,10000000,1,1,NA,1,1
44000,EN: World Bank,ST,2020,10000000,10225917,20000000,36951290.12878913,0.5412530910366725,0.50340363504016,0.21044872648340746,2,1
44000,EN: World Bank,ST,2021,12000000,11871827,32000000,32000000,1,1,NA,1,1
44000,EN: World Bank,ST,2023,15000000,14882489,47000000,69375702.97000164,0.6774706127348794,0.5629916367689872,0.10402520564961426,2,2
44000,EN: World Bank,SZ,2020,40000000,100000,40000000,40000000,1,1,NA,1,1
44000,EN: World Bank,SZ,2021,0,39900000,40000000,40000000,1,1,NA,1,1
44000,EN: World Bank,SZ,2022,75000000,75000000,115000000,190322549.1350096,0.6042373881742313,0.5217308661867708,0.15662804491915405,2,1
44000,EN: World Bank,TD,2015,49999999.99999999,49509610,49999999.99999999,68124319.40570132,0.7339522865870348,0.6094673447986041,0.07078138581226723,2,1
44000,EN: World Bank,TD,2016,80000000,78374439,130000000,290629659.2660498,0.4473046568209843,0.36224378093378595,0.16216232492004742,3,1
44000,EN: World Bank,TD,2017,65000000,66311830,195000000,429404406.9399938,0.4541173701257562,0.35554953135518075,0.1493269455052477,3,1
44000,EN: World Bank,TD,2020,100000000,100391319,295000000,672298199.5581815,0.4387933809637852,0.35107371567363765,0.15853408449600814,3,1
44000,EN: World Bank,TG,2014,0,13450216,0,0,NA,0,NA,1,1
44000,EN: World Bank,TG,2018,40000000,39714679,40000000,52923663.594188824,0.7558055751150251,0.6308729845198575,0.05963091714490365,2,1
44000,EN: World Bank,TG,2019,150000000,150596825,190000000,253806400,0.7486020841082022,0.6236059924458832,0.06320091211473944,2,1
44000,EN: World Bank,TG,2020,70000000,73333770,260000000,300045727.8002514,0.8665345842653992,0.7686952029252181,0.017813017197209846,2,2
44000,EN: World Bank,TG,2022,100000000,94090307,360000000,480670540.64146394,0.7489537418281828,0.5943566317129246,0.0334249243144884,3,1
44000,EN: World Bank,TG,2023,150000000,145737067,510000000,647761540.641464,0.7873267676481043,0.6451107078798727,0.025227268824660753,3,2
44000,EN: World Bank,TJ,2023,50000000,52749840,50000000,417828080,0.119666442714908,0.6462983553653678,0.6319782978533275,3,1
44000,EN: World Bank,TN,2014,250000000,242507719,250000000,250000000,1,1,NA,1,1
44000,EN: World Bank,TN,2015,500000000,497634432.99999994,750000000,1093532646.9528058,0.6858505798522979,0.5216296413143278,0.05123862343059449,4,1
44000,EN: World Bank,TN,2017,500000000,537364076,1250000000,2615508410.670807,0.477918554916598,0.3743149708604301,0.14590882572686079,4,1
44000,EN: World Bank,TN,2018,500000000,484523506,1750000000,2627689124.2648067,0.6659844133919864,0.552852654674913,0.10931741579384469,3,1
44000,EN: World Bank,TN,2020,175000000,192713137,1925000000,4206532621.064518,0.4576215551878577,0.3571636484067545,0.14774616063420104,3,1
44000,EN: World Bank,TN,2021,0,0,1925000000,4398400578.534271,0.43765909121480917,0.3488202656807613,0.15727478555778865,4,5
44000,EN: World Bank,TO,2014,5000000,10215096,5000000,5000000,1,1,0,2,2
44000,EN: World Bank,TO,2019,5500000,5565640,10500000,50300214.57290003,0.20874662442607209,0.40847805671994264,0.36490290351066307,3,1
44000,EN: World Bank,TO,2020,35500000,36325091,46000000,108000214.57290003,0.4259250797038931,0.40940209954414825,0.22798992602338056,3,2
44000,EN: World Bank,TO,2021,19000000,11056761,65000000,145255406,0.44748764806729463,0.3744141230933162,0.17416892792051725,3,1
44000,EN: World Bank,TO,2022,20000000,26758176,85000000,140200000,0.6062767475035663,0.5225894941198735,0.15501799955637047,2,1
44000,EN: World Bank,TR,2014,500000000,462464750,500000000,500000000,1,1,NA,1,1
44000,EN: World Bank,TR,2017,400000000,408605505,900000000,900000000,1,1,NA,1,1
44000,EN: World Bank,TR,2018,0,0,900000000,900000000,1,1,NA,1,1
44000,EN: World Bank,TV,2014,0,3083420,0,0,NA,0,NA,3,1
44000,EN: World Bank,TV,2015,4500000,1547480,4500000,6500000,0.6923076923076923,0.57396449704142,0.09467455621301774,3,1
44000,EN: World Bank,TV,2016,3300000,3057054,7800000,7800000,1,1,0,2,2
44000,EN: World Bank,TV,2017,0,3448844,7800000,12800000,0.609375,0.52392578125,0.152587890625,3,1
44000,EN: World Bank,TV,2019,13500000,0,21300000,30300000,0.7029702970297029,0.5823938829526516,0.08822664444662282,3,1
44000,EN: World Bank,TV,2020,0,13896691,21300000,34300000,0.6209912536443148,0.5292777669168459,0.1436476298141081,3,1
44000,EN: World Bank,TV,2021,17500000,0,38800000,51800000,0.749034749034749,0.6240366124536008,0.0629835571920514,2,1
44000,EN: World Bank,TV,2022,0,7564536,38800000,56927300,0.6815710564175712,0.5248002064387935,0.06026110149262953,3,1
44000,EN: World Bank,TV,2023,11500000,7466872,50300000,63300000,0.7946287519747235,0.6736122029803662,0.042177349515459595,2,2
44000,EN: World Bank,TZ,2014,185000000,185919038,185000000,230330193.97783253,0.8031947388443774,0.6673869540652785,0.02226516555799085,6,2
44000,EN: World Bank,TZ,2015,180000000,179490393,365000000,503742303.54196054,0.7245768271466928,0.5552287436128743,0.030217165174906024,6,2
44000,EN: World Bank,TZ,2022,500000000,500000000,865000000,1658613989.8592541,0.5215197781331881,0.490324147743488,0.2183412687593983,3,1
44000,EN: World Bank,TZ,2023,750000000,500000000,1615000000,2914927809.239295,0.5540445958493444,0.40672196184124654,0.09975654765138314,5,2
44000,EN: World Bank,UA,2014,1250000000,1250000000,1250000000,1250000000,1,1,NA,1,2
44000,EN: World Bank,UA,2020,350000000,0,1600000000,1735418829.00121,0.9219676387404717,0.8561133762884185,0.0060890494037375564,2,1
44000,EN: World Bank,UA,2021,349500000,689716025,1949500000,1949500000,1,1,NA,1,2
44000,EN: World Bank,UA,2022,489250000,479279159,2438750000,3412767229.00121,0.7145960554461053,0.5738374502064931,0.06318992774735999,3,1
44000,EN: World Bank,UA,2023,1500000000,1500000000,3938750000,5072283229.00121,0.7765240666136036,0.6529311188330493,0.04994149280292104,2,1
44000,EN: World Bank,UG,2020,300000000,304108911,300000000,389231590.13950235,0.7707493625902221,0.6466104346860231,0.052555854752789455,2,1
44000,EN: World Bank,UY,2019,0,260000000,0,1117000000,0,1,1,2,1
44000,EN: World Bank,UY,2020,400000000,0,400000000,1867000000,0.21424745581146223,0.6633090330204445,0.6174070606987601,2,1
44000,EN: World Bank,UY,2021,0,400000000,400000000,2012000000,0.1988071570576541,0.6814342572793854,0.6419099715820387,2,1
44000,EN: World Bank,UY,2023,350000000,0,750000000,2717000000,0.2760397497239602,0.6003163874074127,0.524118443979746,2,1
44000,EN: World Bank,UZ,2018,500000000,500000000,500000000,800000000,0.625,0.53125,0.140625,2,1
44000,EN: World Bank,UZ,2019,500000000,500000000,1000000000,1650000000,0.6060606060606061,0.5224977043158862,0.155188246097337,2,1
44000,EN: World Bank,UZ,2020,700000000,700000000,1700000000,3095576000,0.5491708166751519,0.4919940007938186,0.1904054149061653,3,2
44000,EN: World Bank,UZ,2021,400000000,400000000,2100000000,3649717136,0.5753870565162614,0.511366416580372,0.18029615177392455,2,1
44000,EN: World Bank,UZ,2022,950000000,950000000,3050000000,5176056936,0.5892516326060754,0.5042507930611323,0.15703330653220704,3,1
44000,EN: World Bank,UZ,2023,800000000,800000000,3850000000,6149717136,0.6260450545704579,0.5317747115633394,0.13984230121121183,2,1
44000,EN: World Bank,VC,2020,40000000,20000000,40000000,40000000,1,1,NA,1,1
44000,EN: World Bank,VC,2021,50000000,70000000,90000000,90000000,1,1,NA,1,1
44000,EN: World Bank,VN,2014,520000000,303007730,520000000,567606646.7484,0.9161273973426489,0.8455942067012356,0.006304798539419898,6,3
44000,EN: World Bank,VN,2015,0,199500000,520000000,947612483.55278,0.5487475197144098,0.5022790918532063,0.20115525146048968,5,1
44000,EN: World Bank,VN,2016,240000000,0,760000000,1310667703.173248,0.5798571202753906,0.45019875070682674,0.11396447077275795,6,2
44000,EN: World Bank,VN,2017,0,237600444,760000000,1437612627.652698,0.5286542322885067,0.4999352749140974,0.22045997759754699,5,2
44000,EN: World Bank,VN,2019,125000000,0,885000000,1748600000,0.506119181059133,0.5000748887536689,0.24391826331770144,2,1
44000,EN: World Bank,VN,2020,84400000,125000000,969400000,2117962286.924298,0.45770408943766483,0.39384166378510177,0.18434863029713988,4,2
44000,EN: World Bank,VN,2021,321500000,86008980,1290900000,2439350000,0.5291983520200053,0.4190231552188711,0.13897225943818164,3,3
44000,EN: World Bank,VN,2022,0,204965948,1290900000,2154500000,0.5991645393362729,0.5196672117235505,0.16066906652550234,2,2
44000,EN: World Bank,VN,2023,263824069,0,1554724069,3011435474.67201,0.5162734124892158,0.3682027685494968,0.10166453210623688,4,1
44000,EN: World Bank,VU,2020,10000000,9925810,10000000,31925000,0.31323414252153486,0.5697629710393328,0.4716473429981316,3,1
44000,EN: World Bank,VU,2022,10000000,0,20000000,41925000,0.4770423375074538,0.5010541085342433,0.2734847167596678,2,1
44000,EN: World Bank,VU,2023,0,9555552,20000000,20000000,1,1,NA,1,1
44000,EN: World Bank,WS,2014,7500000,0,7500000,7500000,1,1,0,2,1
44000,EN: World Bank,WS,2015,0,6926542,7500000,7500000,1,1,0,3,1
44000,EN: World Bank,WS,2016,5000000.000000001,0,12500000,12500000,1,1,0,2,1
44000,EN: World Bank,WS,2017,0,5082912,12500000,23500000,0.5319148936170213,0.5020371208691715,0.2191036668175645,2,1
44000,EN: World Bank,WS,2018,13700000,0,26200000,37200000,0.7043010752688172,0.5834778587119899,0.08743785408717769,2,1
44000,EN: World Bank,WS,2019,0,8530744,26200000,37200000,0.7043010752688172,0.5834778587119899,0.08743785408717769,2,1
44000,EN: World Bank,WS,2020,25000000,20507497,51200000,92200000,0.5553145336225597,0.5061193952597626,0.19774516400732162,2,2
44000,EN: World Bank,WS,2022,14000000,23507397,65200000,113700000,0.5734388742304309,0.5107865364964661,0.1819543940178021,2,2
44000,EN: World Bank,WS,2023,10000000,10000425,75200000,133700000,0.56245325355273,0.5078008177586432,0.19144715532659157,2,1
44000,EN: World Bank,XK,2022,56400000,53828280,56400000,87733500,0.6428559216262887,0.5408156286873926,0.12755189271740763,2,1
44000,EN: World Bank,ZA,2022,750000000,750000000,750000000,750000000,1,1,NA,1,1
44000,EN: World Bank,ZA,2023,1000000000,0,1750000000,2355179190.62336,0.7430432499434646,0.6181400426861627,0.06602677139961677,2,1
44000,EN: World Bank,ZM,2022,275000000,275000000,275000000,275000000,1,1,NA,1,1
44000,EN: World Bank,ZM,2023,125000000,127766016,400000000,468364000,0.8540366040088478,0.7506838339562354,0.021305312969269852,2,1
AU-5,Australian Aid,ID,2014,0,64601008.62890016,0,400000000,0,1,1,2,1
AU-5,Australian Aid,ID,2015,0,63761431.36590016,0,1700000000,0,0.5847750865051904,0.5847750865051904,3,1
AU-5,Australian Aid,ID,2016,0,14177015.649400037,0,3100000000,0,0.5879292403746099,0.5879292403746099,3,1
AU-5,Australian Aid,ID,2017,0,2732038.280500007,0,4200000000,0,0.5918367346938775,0.5918367346938775,3,1
AU-5,Australian Aid,NR,2014,0,2198080.0000000056,0,0,NA,0,NA,2,1
AU-5,Australian Aid,NR,2015,0,3228430.000000008,0,0,NA,0,NA,1,1
AU-5,Australian Aid,NR,2016,0,2248539.6740000057,0,2000000,0,1,1,2,1
AU-5,Australian Aid,NR,2017,0,1634822.0000000042,0,0,NA,0,NA,1,1
AU-5,Australian Aid,NR,2018,0,1815901.2042000047,0,0,NA,0,NA,1,1
AU-5,Australian Aid,NR,2019,0,2057578.039500005,0,2823423.118188492,0,1,1,2,1
AU-5,Australian Aid,NR,2020,0,190117.4344000005,0,7000000,0,1,1,2,1
AU-5,Australian Aid,SB,2014,0,13314951.341100032,0,5000000,0,1,1,3,1
AU-5,Australian Aid,SB,2015,39507572.10950011,14004435.458900036,39507572.10950011,44507572.10950011,0.8876595652600706,0.800559877075254,0.012620373277556385,2,2
AU-5,Australian Aid,SB,2016,76761075.00000021,25649710.807100065,116268647.10950032,121268647.10950032,0.958769227502924,0.9209384082072594,0.0016999766007056438,2,4
AU-5,Australian Aid,SB,2017,0,25001354.139900062,116268647.10950032,121268647.10950032,0.958769227502924,0.9209384082072594,0.0016999766007056438,2,4
AU-5,Australian Aid,SB,2018,0,24221290.579800062,116268647.10950032,126268647.10950032,0.9208037764804118,0.8541516366003528,0.0062720418197645955,2,3
AU-5,Australian Aid,SB,2019,0,25567507.423400067,116268647.10950032,132268647.10950032,0.8790340693002311,0.7873336513805848,0.01463275639006123,2,3
AU-5,Australian Aid,SB,2020,0,15662717.841500038,116268647.10950032,177268647.10950032,0.6558895157454449,0.4964139606011809,0.06622290373638678,3,3
AU-5,Australian Aid,TO,2015,11800214.57290003,38697.198400000096,11800214.57290003,23194214.57290003,0.5087568081174572,0.5001533633768118,0.2413198735709487,2,1
AU-5,Australian Aid,TO,2016,0,2193330.7734000054,11800214.57290003,17800214.57290003,0.6629254116332558,0.5530893795117318,0.11361927812261013,2,1
AU-5,Australian Aid,TO,2017,0,2055387.5154000055,11800214.57290003,28800214.57290003,0.40972662002329696,0.5162985662648364,0.3484226631091212,2,1
AU-5,Australian Aid,TO,2018,0,2443478.459500007,11800214.57290003,42461620.57290003,0.27790306666795467,0.34103314122501,0.2638030267615563,3,1
AU-5,Australian Aid,TO,2019,0,2194708.0079000057,11800214.57290003,50300214.57290003,0.23459571043773575,0.40847805671994264,0.3534429093641567,3,1
AU-5,Australian Aid,TO,2020,0,2172908.5495000063,11800214.57290003,108000214.57290003,0.10926102896707579,0.40940209954414825,0.39746412709320406,3,1
AU-5,Australian Aid,TV,2014,0,2038262.4115000055,0,0,NA,0,NA,3,1
AU-5,Australian Aid,TV,2015,0,733995.2378000019,0,6500000,0,0.57396449704142,0.57396449704142,3,1
AU-5,Australian Aid,TV,2016,0,2384653.717300006,0,7800000,0,1,1,2,1
AU-5,Australian Aid,TV,2017,0,1370615.5316000036,0,12800000,0,0.52392578125,0.52392578125,3,1
AU-5,Australian Aid,TV,2018,0,2542471.739900007,0,5000000,0,1,1,2,1
AU-5,Australian Aid,TV,2019,0,1985323.7154000052,0,30300000,0,0.5823938829526516,0.5823938829526516,3,1
AU-5,Australian Aid,TV,2020,0,1946792.746800005,0,34300000,0,0.5292777669168459,0.5292777669168459,3,1
AU-5,Australian Aid,VN,2014,2500340.7284000064,11846592.000200031,2500340.7284000064,567606646.7484,0.0044050589307286945,0.8455942067012356,0.8455748021570525,6,2
AU-5,Australian Aid,VN,2015,0,11691573.782000031,2500340.7284000064,947612483.55278,0.0026385687945200465,0.5022790918532063,0.5022721298079229,5,2
AU-5,Australian Aid,VN,2016,0,1133568.402300003,2500340.7284000064,1310667703.173248,0.0019076847032596055,0.45019875070682674,0.4501951114458997,6,2
AU-5,Australian Aid,VN,2017,0,454664.6052000011,2500340.7284000064,1437612627.652698,0.0017392311950420937,0.4999352749140974,0.4999322499889476,5,1
AU-5,Australian Aid,VN,2018,0,22708.91400000006,2500340.7284000064,677612627.652698,0.0036899264068637238,0.9923172369118164,0.9923036213549283,4,1
AU-5,Australian Aid,VU,2014,0,3130941.030600008,0,0,NA,0,NA,1,1
AU-5,Australian Aid,VU,2015,0,2729404.019000007,0,0,NA,0,NA,1,1
AU-5,Australian Aid,VU,2016,0,2514829.5101000066,0,0,NA,0,NA,1,1
AU-5,Australian Aid,VU,2017,0,3286113.114400008,0,0,NA,0,NA,1,1
AU-5,Australian Aid,VU,2018,0,3330221.0241000084,0,0,NA,0,NA,1,1
AU-5,Australian Aid,VU,2019,0,3657560.4715000098,0,0,NA,0,NA,1,1
AU-5,Australian Aid,VU,2020,0,1044828.4782000028,0,31925000,0,0.5697629710393328,0.5697629710393328,3,1
AU-5,Australian Aid,WS,2015,0,1374583.0660000036,0,7500000,0,1,1,3,1
AU-5,Australian Aid,WS,2016,0,33030.960300000086,0,12500000,0,1,1,2,1
BJ-IFU-32000700033415,Société Nationale des Eaux du Benin,BJ,2019,0,512429.5990365222,0,198344146.4482979,0,0.6584507210907267,0.6584507210907267,3,1
BJ-IFU-32000700033415,Société Nationale des Eaux du Benin,BJ,2020,0,1870334.4233695196,0,355260272.8208439,0,0.7570810547625998,0.7570810547625998,3,1
BJ-IFU-32000700033415,Société Nationale des Eaux du Benin,BJ,2021,0,4190100.369319635,0,405000000,0,1,1,2,1
BJ-IFU-32000700033415,Société Nationale des Eaux du Benin,BJ,2022,0,1650286.3403717012,0,577788000,0,0.9242308955813765,0.9242308955813765,3,1
CA-3,"EN: Foreign Affairs, Trade and Development Canada (DFATD), FR: Affaires étrangères, Commerce et Développement Canada (MAECD)",BD,2014,0,9185525.686136523,0,0,NA,0,NA,2,1
CA-3,"EN: Foreign Affairs, Trade and Development Canada (DFATD), FR: Affaires étrangères, Commerce et Développement Canada (MAECD)",BD,2015,0,11778213.990147782,0,250000000,0,1,1,2,1
CA-3,"EN: Foreign Affairs, Trade and Development Canada (DFATD), FR: Affaires étrangères, Commerce et Développement Canada (MAECD)",BD,2016,0,11778213.990147782,0,250000000,0,1,1,2,1
CA-3,"EN: Foreign Affairs, Trade and Development Canada (DFATD), FR: Affaires étrangères, Commerce et Développement Canada (MAECD)",BD,2017,0,6370606.326530612,0,436857614.37880003,0,0.5104455703205266,0.5104455703205266,3,1
CA-3,"EN: Foreign Affairs, Trade and Development Canada (DFATD), FR: Affaires étrangères, Commerce et Développement Canada (MAECD)",BD,2018,0,5926145.144264602,0,884547500,0,0.3487580674787595,0.3487580674787595,5,1
CA-3,"EN: Foreign Affairs, Trade and Development Canada (DFATD), FR: Affaires étrangères, Commerce et Développement Canada (MAECD)",BF,2015,12315270.93596059,7037297.677691766,12315270.93596059,166559399.3480858,0.07393921318258,0.47199464884696374,0.4665276416009047,4,1
CA-3,"EN: Foreign Affairs, Trade and Development Canada (DFATD), FR: Affaires étrangères, Commerce et Développement Canada (MAECD)",BF,2017,0,5277973.258268825,12315270.93596059,736778490.7759606,0.016715025058603963,0.5052429925753132,0.5049636005126035,4,1
CA-3,"EN: Foreign Affairs, Trade and Development Canada (DFATD), FR: Affaires étrangères, Commerce et Développement Canada (MAECD)",GH,2014,0,3019000.703729768,0,37650039.4817,0,1,1,3,1
CA-3,"EN: Foreign Affairs, Trade and Development Canada (DFATD), FR: Affaires étrangères, Commerce et Développement Canada (MAECD)",HN,2014,0,1649832.0971147085,0,185000000,0,0.5821767713659606,0.5821767713659606,3,1
CA-3,"EN: Foreign Affairs, Trade and Development Canada (DFATD), FR: Affaires étrangères, Commerce et Développement Canada (MAECD)",HN,2015,0,1926081.0133708655,0,369182000,0,0.4775908315461208,0.4775908315461208,4,1
CA-3,"EN: Foreign Affairs, Trade and Development Canada (DFATD), FR: Affaires étrangères, Commerce et Développement Canada (MAECD)",HN,2016,0,1847546.0802251936,0,0,NA,0,NA,1,1
CA-3,"EN: Foreign Affairs, Trade and Development Canada (DFATD), FR: Affaires étrangères, Commerce et Développement Canada (MAECD)",HN,2017,0,492269.3947923997,0,368169900,0,0.8141475037689385,0.8141475037689385,3,1
CA-3,"EN: Foreign Affairs, Trade and Development Canada (DFATD), FR: Affaires étrangères, Commerce et Développement Canada (MAECD)",HN,2018,0,326866.0802251935,0,576769660,0,0.6978229252527903,0.6978229252527903,3,1
CA-3,"EN: Foreign Affairs, Trade and Development Canada (DFATD), FR: Affaires étrangères, Commerce et Développement Canada (MAECD)",HN,2019,0,188320.61928219564,0,732730460,0,0.6851054451694691,0.6851054451694691,3,1
CA-3,"EN: Foreign Affairs, Trade and Development Canada (DFATD), FR: Affaires étrangères, Commerce et Développement Canada (MAECD)",JO,2015,13629223.891625617,4485028.149190711,13629223.891625617,314902223.89162564,0.04328081181260932,0.6586570174408222,0.6567837887696637,3,1
CA-3,"EN: Foreign Affairs, Trade and Development Canada (DFATD), FR: Affaires étrangères, Commerce et Développement Canada (MAECD)",JO,2016,0,4348095.003518648,13629223.891625617,619660223.8916256,0.021994672832202435,0.6327950477682461,0.6323112821352506,3,1
CA-3,"EN: Foreign Affairs, Trade and Development Canada (DFATD), FR: Affaires étrangères, Commerce et Développement Canada (MAECD)",JO,2017,0,4785747.790288529,13629223.891625617,370261423.89162564,0.03680973229232448,0.466022890610084,0.46466793421865143,3,1
CA-3,"EN: Foreign Affairs, Trade and Development Canada (DFATD), FR: Affaires étrangères, Commerce et Développement Canada (MAECD)",JO,2018,0,8128.078817733989,13629223.891625617,1053096823.8916256,0.01294204253817805,0.7010474089424436,0.7008799124773836,3,1
CA-3,"EN: Foreign Affairs, Trade and Development Canada (DFATD), FR: Affaires étrangères, Commerce et Développement Canada (MAECD)",JO,2019,9148310.337790288,3518648.838845883,22777534.229415905,2800933779.665816,0.008132121649849762,0.6971426971773803,0.6970765657748523,4,1
CA-3,"EN: Foreign Affairs, Trade and Development Canada (DFATD), FR: Affaires étrangères, Commerce et Développement Canada (MAECD)",JO,2020,0,3177339.8944405345,22777534.229415905,2846509779.665816,0.00800191673049162,0.6785012693791338,0.6784372387077721,4,1
CA-3,"EN: Foreign Affairs, Trade and Development Canada (DFATD), FR: Affaires étrangères, Commerce et Développement Canada (MAECD)",JO,2021,1407459.5355383533,3724242.786769881,24184993.764954258,534725299.4367363,0.04522881896635527,0.5023849718381685,0.5003393257730772,3,2
CA-3,"EN: Foreign Affairs, Trade and Development Canada (DFATD), FR: Affaires étrangères, Commerce et Développement Canada (MAECD)",JO,2022,0,118226.60098522168,24184993.764954258,736598562.8121302,0.032833343677216284,0.5891965663677653,0.5881185379107391,3,1
CA-3,"EN: Foreign Affairs, Trade and Development Canada (DFATD), FR: Affaires étrangères, Commerce et Développement Canada (MAECD)",ML,2014,0,918749.9718508094,0,82803175.1800566,0,0.6360754168855249,0.6360754168855249,3,1
CA-3,"EN: Foreign Affairs, Trade and Development Canada (DFATD), FR: Affaires étrangères, Commerce et Développement Canada (MAECD)",ML,2015,0,19723476.030964106,0,355744006.33460355,0,0.54062996091507165,0.54062996091507165,5,5
CA-3,"EN: Foreign Affairs, Trade and Development Canada (DFATD), FR: Affaires étrangères, Commerce et Développement Canada (MAECD)",ML,2016,0,14037915.890218154,0,307638000,0,1,1,2,4
CA-3,"EN: Foreign Affairs, Trade and Development Canada (DFATD), FR: Affaires étrangères, Commerce et Développement Canada (MAECD)",ML,2017,0,19876562.4278677,0,393313538.20777535,0,0.6571486780658286,0.6571486780658286,4,4
CA-3,"EN: Foreign Affairs, Trade and Development Canada (DFATD), FR: Affaires étrangères, Commerce et Développement Canada (MAECD)",ML,2018,0,9296953.553835327,0,550495538.2077754,0,0.45863349570452355,0.45863349570452355,5,6
CA-3,"EN: Foreign Affairs, Trade and Development Canada (DFATD), FR: Affaires étrangères, Commerce et Développement Canada (MAECD)",ML,2019,0,5132054.820548909,0,473614179.1439463,0,0.6653825201241397,0.6653825201241397,3,3
CA-3,"EN: Foreign Affairs, Trade and Development Canada (DFATD), FR: Affaires étrangères, Commerce et Développement Canada (MAECD)",ML,2020,0,145811.49894440532,0,491253894.714859,0,0.5766841126992578,0.5766841126992578,3,2
CA-3,"EN: Foreign Affairs, Trade and Development Canada (DFATD), FR: Affaires étrangères, Commerce et Développement Canada (MAECD)",ML,2021,0,200571.36523574946,0,0,NA,0,NA,1,4
CA-3,"EN: Foreign Affairs, Trade and Development Canada (DFATD), FR: Affaires étrangères, Commerce et Développement Canada (MAECD)",ML,2022,0,14655.172413793103,0,0,NA,0,NA,1,1
CA-3,"EN: Foreign Affairs, Trade and Development Canada (DFATD), FR: Affaires étrangères, Commerce et Développement Canada (MAECD)",MZ,2014,0,35186488.38845883,0,314201467.65346104,0,0.4314290951515634,0.4314290951515634,8,3
CA-3,"EN: Foreign Affairs, Trade and Development Canada (DFATD), FR: Affaires étrangères, Commerce et Développement Canada (MAECD)",MZ,2015,0,22780085.855031665,0,441576461.848008,0,0.5286518505537117,0.5286518505537117,6,4
CA-3,"EN: Foreign Affairs, Trade and Development Canada (DFATD), FR: Affaires étrangères, Commerce et Développement Canada (MAECD)",MZ,2016,0,16185784.658691064,0,47766263.46575797,0,0.9508402642327682,0.9508402642327682,4,2
CA-3,"EN: Foreign Affairs, Trade and Development Canada (DFATD), FR: Affaires étrangères, Commerce et Développement Canada (MAECD)",MZ,2017,0,12582235.045742434,0,5648119.74,0,1,1,2,2
CA-3,"EN: Foreign Affairs, Trade and Development Canada (DFATD), FR: Affaires étrangères, Commerce et Développement Canada (MAECD)",MZ,2018,0,1190710.7670654468,0,5648119.74,0,1,1,2,1
CA-3,"EN: Foreign Affairs, Trade and Development Canada (DFATD), FR: Affaires étrangères, Commerce et Développement Canada (MAECD)",MZ,2020,0,844475.7213230119,0,497893019.77485186,0,0.6924983194014027,0.6924983194014027,4,1
CA-3,"EN: Foreign Affairs, Trade and Development Canada (DFATD), FR: Affaires étrangères, Commerce et Développement Canada (MAECD)",SN,2014,109352101.34412386,32928575.650950033,109352101.34412386,109352101.34412386,1,1,NA,1,4
CA-3,"EN: Foreign Affairs, Trade and Development Canada (DFATD), FR: Affaires étrangères, Commerce et Développement Canada (MAECD)",SN,2015,0,23399014.77832512,109352101.34412386,112770301.34412386,0.9696888280047314,0.9412151903049164,9.187671477267623e-4,2,3
CA-3,"EN: Foreign Affairs, Trade and Development Canada (DFATD), FR: Affaires étrangères, Commerce et Développement Canada (MAECD)",SN,2016,34632413.04011259,28149190.710767064,143984514.38423645,191149784.03857931,0.7532549152929013,0.6282761042400292,0.060883136827113216,2,2
CA-3,"EN: Foreign Affairs, Trade and Development Canada (DFATD), FR: Affaires étrangères, Commerce et Développement Canada (MAECD)",SN,2017,0,16396903.589021815,143984514.38423645,208656054.38423645,0.6900567290469871,0.5593671688872276,0.08318887958420063,3,3
CA-3,"EN: Foreign Affairs, Trade and Development Canada (DFATD), FR: Affaires étrangères, Commerce et Développement Canada (MAECD)",SN,2018,0,30401125.96762843,143984514.38423645,488923254.38423645,0.294493078603051,0.3698321412821054,0.2831059679370026,4,3
CA-3,"EN: Foreign Affairs, Trade and Development Canada (DFATD), FR: Affaires étrangères, Commerce et Développement Canada (MAECD)",SN,2019,0,3518648.838845883,143984514.38423645,683176885.1103077,0.21075729803268783,0.4528058286870408,0.40838719001300156,3,1
CA-3,"EN: Foreign Affairs, Trade and Development Canada (DFATD), FR: Affaires étrangères, Commerce et Développement Canada (MAECD)",SN,2020,0,10555946.51653765,143984514.38423645,990327363.4245087,0.1453908270153662,0.35675025736467303,0.33561176478446086,5,1
CA-3,"EN: Foreign Affairs, Trade and Development Canada (DFATD), FR: Affaires étrangères, Commerce et Développement Canada (MAECD)",TZ,2014,13895881.477832513,2749616.7769176634,13895881.477832513,230330193.97783253,0.060330264295135716,0.6673869540652785,0.6637472132753576,6,4
CA-3,"EN: Foreign Affairs, Trade and Development Canada (DFATD), FR: Affaires étrangères, Commerce et Développement Canada (MAECD)",TZ,2015,4926108.381421533,16519589.387755102,18821989.859254047,503742303.54196054,0.037364322446042535,0.5552287436128743,0.5538326510210225,6,4
CA-3,"EN: Foreign Affairs, Trade and Development Canada (DFATD), FR: Affaires étrangères, Commerce et Développement Canada (MAECD)",TZ,2016,0,6273352.540464462,18821989.859254047,479234373.8466586,0.03927512483751124,0.4631376251896188,0.46159508975861674,3,2
CA-3,"EN: Foreign Affairs, Trade and Development Canada (DFATD), FR: Affaires étrangères, Commerce et Développement Canada (MAECD)",TZ,2017,0,83467.11470795215,18821989.859254047,245657373.8466586,0.07661886783420103,0.8585031661479873,0.8526327152397926,2,1
CA-3,"EN: Foreign Affairs, Trade and Development Canada (DFATD), FR: Affaires étrangères, Commerce et Développement Canada (MAECD)",TZ,2018,0,4726070.02814919,18821989.859254047,647418502.2587838,0.029072369408019466,0.4774607718254867,0.4766155691624903,3,2
CA-3,"EN: Foreign Affairs, Trade and Development Canada (DFATD), FR: Affaires étrangères, Commerce et Développement Canada (MAECD)",TZ,2021,0,2162397.6073187897,18821989.859254047,995453346.2418216,0.01890795779662957,0.503530766787045,0.5031732559190059,3,1
CA-3,"EN: Foreign Affairs, Trade and Development Canada (DFATD), FR: Affaires étrangères, Commerce et Développement Canada (MAECD)",TZ,2022,0,66854.32793807177,18821989.859254047,1658613989.8592541,0.011348023092974897,0.490324147743488,0.4901953701153693,3,1
CA-3,"EN: Foreign Affairs, Trade and Development Canada (DFATD), FR: Affaires étrangères, Commerce et Développement Canada (MAECD)",VN,2014,0,1094972.7797325826,0,567606646.7484,0,0.8455942067012356,0.8455942067012356,6,1
CA-3,"EN: Foreign Affairs, Trade and Development Canada (DFATD), FR: Affaires étrangères, Commerce et Développement Canada (MAECD)",VN,2015,0,917227.663617171,0,947612483.55278,0,0.5022790918532063,0.5022790918532063,5,1
CA-3,"EN: Foreign Affairs, Trade and Development Canada (DFATD), FR: Affaires étrangères, Commerce et Développement Canada (MAECD)",VN,2016,0,264626.593947924,0,1310667703.173248,0,0.45019875070682674,0.45019875070682674,6,1
CA-3,"EN: Foreign Affairs, Trade and Development Canada (DFATD), FR: Affaires étrangères, Commerce et Développement Canada (MAECD)",VN,2017,0,1035154.06052076,0,1437612627.652698,0,0.4999352749140974,0.4999352749140974,5,1
CA-3,"EN: Foreign Affairs, Trade and Development Canada (DFATD), FR: Affaires étrangères, Commerce et Développement Canada (MAECD)",VN,2018,0,37553.406052076,0,677612627.652698,0,0.9923172369118164,0.9923172369118164,4,1
CH-4,Swiss Agency for Development and Cooperation (SDC),BJ,2023,6423718.344657196,1169781.3465101914,6423718.344657196,972730530.686725,0.00660380047917505,0.6686804964534593,0.6686368862726906,5,1
CH-4,Swiss Agency for Development and Cooperation (SDC),CD,2023,0,15951.822112415071,0,750000000,0,1,1,2,2
CH-4,Swiss Agency for Development and Cooperation (SDC),MZ,2023,0,1210596.6646077826,0,1185724751.399702,0,0.7305033189886659,0.7305033189886659,4,2
CH-4,Swiss Agency for Development and Cooperation (SDC),TZ,2023,21000617.665225446,10263329.215565164,21000617.665225446,2914927809.239295,0.007204506951651043,0.40672196184124654,0.40667005692083014,5,3
DE-1,"DE: Bundesministerium für wirtschaftliche Zusammenarbeit und Entwicklung (BMZ), EN: Federal Ministry for Economic Cooperation and Development (BMZ)",BF,2014,0,7440282,0,27122064.206062596,0,1,1,3,3
DE-1,"DE: Bundesministerium für wirtschaftliche Zusammenarbeit und Entwicklung (BMZ), EN: Federal Ministry for Economic Cooperation and Development (BMZ)",BF,2015,0,7552477.5786,0,166559399.3480858,0,0.47199464884696374,0.47199464884696374,4,4
DE-1,"DE: Bundesministerium für wirtschaftliche Zusammenarbeit und Entwicklung (BMZ), EN: Federal Ministry for Economic Cooperation and Development (BMZ)",BF,2016,0,485989.4214000001,0,645505400,0,0.572325649602863,0.572325649602863,3,1
DE-1,"DE: Bundesministerium für wirtschaftliche Zusammenarbeit und Entwicklung (BMZ), EN: Federal Ministry for Economic Cooperation and Development (BMZ)",BF,2018,28485000,2620620,28485000,827019252.0113565,0.03444297086279782,0.4161612971709082,0.41497497892905266,5,2
DE-1,"DE: Bundesministerium für wirtschaftliche Zusammenarbeit und Entwicklung (BMZ), EN: Federal Ministry for Economic Cooperation and Development (BMZ)",BF,2019,0,14812200,28485000,955504252.0113565,0.02981148429223468,0.4120035235060815,0.41111479891037533,5,2
DE-1,"DE: Bundesministerium für wirtschaftliche Zusammenarbeit und Entwicklung (BMZ), EN: Federal Ministry for Economic Cooperation and Development (BMZ)",BF,2020,0,10995210,28485000,1313214515.1044996,0.021691048699483264,0.40024615139752673,0.3997756498038434,5,2
DE-1,"DE: Bundesministerium für wirtschaftliche Zusammenarbeit und Entwicklung (BMZ), EN: Federal Ministry for Economic Cooperation and Development (BMZ)",BF,2021,0,56970,28485000,1557548534.6810179,0.018288354658452848,0.4850268200127987,0.4846923560966853,3,1
DE-1,"DE: Bundesministerium für wirtschaftliche Zusammenarbeit und Entwicklung (BMZ), EN: Federal Ministry for Economic Cooperation and Development (BMZ)",CI,2019,68591880,68591880,68591880,349773930.862007,0.19610346554689606,0.6847062073052133,0.6462496381057106,2,1
DE-1,"DE: Bundesministerium für wirtschaftliche Zusammenarbeit und Entwicklung (BMZ), EN: Federal Ministry for Economic Cooperation and Development (BMZ)",CO,2015,170974095.739236,170974095.739236,170974095.739236,4343439935.739236,0.03936375275559944,0.5069835630055185,0.5054340579745146,4,2
DE-1,"DE: Bundesministerium für wirtschaftliche Zusammenarbeit und Entwicklung (BMZ), EN: Federal Ministry for Economic Cooperation and Development (BMZ)",CO,2016,85455000,85455000,256429095.739236,5956429095.739236,0.04305080974147167,0.49143810429179374,0.48958473207239733,3,1
DE-1,"DE: Bundesministerium für wirtschaftliche Zusammenarbeit und Entwicklung (BMZ), EN: Federal Ministry for Economic Cooperation and Development (BMZ)",CO,2017,199395000,85455000,455824095.739236,8005824095.739236,0.05693656146927201,0.47462548872392,0.4713837166919758,3,2
DE-1,"DE: Bundesministerium für wirtschaftliche Zusammenarbeit und Entwicklung (BMZ), EN: Federal Ministry for Economic Cooperation and Development (BMZ)",CO,2018,113940000,227880000,569764095.739236,9069764095.739237,0.06282016706552465,0.4480227694335258,0.4440763960433854,3,2
DE-1,"DE: Bundesministerium für wirtschaftliche Zusammenarbeit und Entwicklung (BMZ), EN: Federal Ministry for Economic Cooperation and Development (BMZ)",GH,2014,0,54749.662614,0,37650039.4817,0,1,1,3,1
DE-1,"DE: Bundesministerium für wirtschaftliche Zusammenarbeit und Entwicklung (BMZ), EN: Federal Ministry for Economic Cooperation and Development (BMZ)",GH,2015,19723014,19723014,19723014,274852681.8938252,0.07175849209147955,0.37621468417939363,0.3710654029921507,4,1
DE-1,"DE: Bundesministerium für wirtschaftliche Zusammenarbeit und Entwicklung (BMZ), EN: Federal Ministry for Economic Cooperation and Development (BMZ)",GH,2018,0,80424.959184,19723014,83043727.94415,0.23750154874145898,0.6378108738262652,0.5814038881716737,2,1
DE-1,"DE: Bundesministerium für wirtschaftliche Zusammenarbeit und Entwicklung (BMZ), EN: Federal Ministry for Economic Cooperation and Development (BMZ)",JO,2017,170910000,85455000,170910000,370261423.89162564,0.46159278005160165,0.466022890610084,0.2529549960143177,3,1
DE-1,"DE: Bundesministerium für wirtschaftliche Zusammenarbeit und Entwicklung (BMZ), EN: Federal Ministry for Economic Cooperation and Development (BMZ)",JO,2018,4557600,241324.327512,175467600,1053096823.8916256,0.16662057658817647,0.7010474089424436,0.6732849923998672,3,1
DE-1,"DE: Bundesministerium für wirtschaftliche Zusammenarbeit und Entwicklung (BMZ), EN: Federal Ministry for Economic Cooperation and Development (BMZ)",JO,2019,0,86037188.952006,175467600,2800933779.665816,0.06264610797793846,0.6971426971773803,0.6932181623325968,4,2
DE-1,"DE: Bundesministerium für wirtschaftliche Zusammenarbeit und Entwicklung (BMZ), EN: Federal Ministry for Economic Cooperation and Development (BMZ)",JO,2020,0,286633.309122,175467600,2846509779.665816,0.061643069436634834,0.6785012693791338,0.674701401369564,4,1
DE-1,"DE: Bundesministerium für wirtschaftliche Zusammenarbeit und Entwicklung (BMZ), EN: Federal Ministry for Economic Cooperation and Development (BMZ)",JO,2021,0,251465.20399800004,175467600,534725299.4367363,0.3281453115923865,0.5023849718381685,0.39470562631810413,3,1
DE-1,"DE: Bundesministerium für wirtschaftliche Zusammenarbeit und Entwicklung (BMZ), EN: Federal Ministry for Economic Cooperation and Development (BMZ)",JO,2022,0,529707.7778220001,175467600,736598562.8121302,0.2382133347234796,0.5891965663677653,0.5324509735276848,3,1
DE-1,"DE: Bundesministerium für wirtschaftliche Zusammenarbeit und Entwicklung (BMZ), EN: Federal Ministry for Economic Cooperation and Development (BMZ)",JO,2023,0,316081.671822,175467600,960955591.657779,0.1825969914981134,0.5626850140189628,0.5293433527148007,3,1
DE-1,"DE: Bundesministerium für wirtschaftliche Zusammenarbeit und Entwicklung (BMZ), EN: Federal Ministry for Economic Cooperation and Development (BMZ)",MW,2015,0,366106.3110000001,0,25765960.99575947,0,1,1,2,1
DE-1,"DE: Bundesministerium für wirtschaftliche Zusammenarbeit und Entwicklung (BMZ), EN: Federal Ministry for Economic Cooperation and Development (BMZ)",MW,2016,0,675972.077274,0,0,NA,0,NA,1,2
DE-1,"DE: Bundesministerium für wirtschaftliche Zusammenarbeit und Entwicklung (BMZ), EN: Federal Ministry for Economic Cooperation and Development (BMZ)",MW,2017,0,2172076.0252920003,0,80000000,0,1,1,2,1
DE-1,"DE: Bundesministerium für wirtschaftliche Zusammenarbeit und Entwicklung (BMZ), EN: Federal Ministry for Economic Cooperation and Development (BMZ)",MW,2018,0,1026021.78117,0,0,NA,0,NA,1,1
DE-1,"DE: Bundesministerium für wirtschaftliche Zusammenarbeit und Entwicklung (BMZ), EN: Federal Ministry for Economic Cooperation and Development (BMZ)",MZ,2014,0,21305530.727658,0,314201467.65346104,0,0.4314290951515634,0.4314290951515634,8,4
DE-1,"DE: Bundesministerium für wirtschaftliche Zusammenarbeit und Entwicklung (BMZ), EN: Federal Ministry for Economic Cooperation and Development (BMZ)",MZ,2016,0,2278800,0,47766263.46575797,0,0.9508402642327682,0.9508402642327682,4,1
DE-1,"DE: Bundesministerium für wirtschaftliche Zusammenarbeit und Entwicklung (BMZ), EN: Federal Ministry for Economic Cooperation and Development (BMZ)",PE,2014,34182000,17091000,34182000,109182000,0.3130735835577293,0.5698829703278985,0.47186790160621994,2,1
DE-1,"DE: Bundesministerium für wirtschaftliche Zusammenarbeit und Entwicklung (BMZ), EN: Federal Ministry for Economic Cooperation and Development (BMZ)",PE,2015,17091000,34182000,51273000,1171849000,0.04375393075387699,0.4517313608850062,0.44981695442859115,4,2
DE-1,"DE: Bundesministerium für wirtschaftliche Zusammenarbeit und Entwicklung (BMZ), EN: Federal Ministry for Economic Cooperation and Development (BMZ)",PE,2017,17091000,0,68364000,68364000,1,1,NA,1,1
DE-1,"DE: Bundesministerium für wirtschaftliche Zusammenarbeit und Entwicklung (BMZ), EN: Federal Ministry for Economic Cooperation and Development (BMZ)",PE,2018,0,17091000,68364000,3743364000,0.018262717705251213,0.6433628782577832,0.6430293513998014,3,1
DE-1,"DE: Bundesministerium für wirtschaftliche Zusammenarbeit und Entwicklung (BMZ), EN: Federal Ministry for Economic Cooperation and Development (BMZ)",RW,2014,0,1139400,0,173866811.34585336,0,0.3324151570203394,0.3324151570203394,5,1
DE-1,"DE: Bundesministerium für wirtschaftliche Zusammenarbeit und Entwicklung (BMZ), EN: Federal Ministry for Economic Cooperation and Development (BMZ)",TZ,2014,0,683640,0,230330193.97783253,0,0.6673869540652785,0.6673869540652785,6,1
DE-1,"DE: Bundesministerium für wirtschaftliche Zusammenarbeit und Entwicklung (BMZ), EN: Federal Ministry for Economic Cooperation and Development (BMZ)",TZ,2015,0,6836400,0,503742303.54196054,0,0.5552287436128743,0.5552287436128743,6,1
DE-1,"DE: Bundesministerium für wirtschaftliche Zusammenarbeit und Entwicklung (BMZ), EN: Federal Ministry for Economic Cooperation and Development (BMZ)",UG,2014,0,229481.14185000001,0,0,NA,0,NA,1,1
DE-1,"DE: Bundesministerium für wirtschaftliche Zusammenarbeit und Entwicklung (BMZ), EN: Federal Ministry for Economic Cooperation and Development (BMZ)",UG,2015,0,946090.387278,0,0,NA,0,NA,1,1
DE-1,"DE: Bundesministerium für wirtschaftliche Zusammenarbeit und Entwicklung (BMZ), EN: Federal Ministry for Economic Cooperation and Development (BMZ)",UG,2016,0,379974.905496,0,89231590.13950235,0,1,1,2,1
DE-1,"DE: Bundesministerium für wirtschaftliche Zusammenarbeit und Entwicklung (BMZ), EN: Federal Ministry for Economic Cooperation and Development (BMZ)",UG,2017,0,723253.5653760001,0,89231590.13950235,0,1,1,2,1
DE-1,"DE: Bundesministerium für wirtschaftliche Zusammenarbeit und Entwicklung (BMZ), EN: Federal Ministry for Economic Cooperation and Development (BMZ)",ZM,2014,0,5127300,0,28456325,0,1,1,3,1
FI-3,Ministry for Foreign Affairs of Finland,ET,2015,2278800,0,2278800,165180734.93855,0.013795797680932658,0.9084070718577789,0.9082167478241256,3,1
FI-3,Ministry for Foreign Affairs of Finland,ET,2017,0,569700,2278800,7574917773.491466,3.0083494872705995e-4,0.997925949787786,0.9979258592861197,3,1
FI-3,Ministry for Foreign Affairs of Finland,ET,2019,4557600,0,6836400,9134423884.116941,7.484215848453479e-4,0.7261348437108974,0.7261342835760287,5,1
FI-3,Ministry for Foreign Affairs of Finland,ET,2022,0,1139400,6836400,7883229217.965834,8.672080705733995e-4,0.9926940902014687,0.9926933381516311,3,1
FI-3,Ministry for Foreign Affairs of Finland,ET,2023,0,1139400,6836400,7883229217.965834,8.672080705733995e-4,0.9926940902014687,0.9926933381516311,3,1
FI-3,Ministry for Foreign Affairs of Finland,MZ,2014,15951600,14939669.2356,15951600,314201467.65346104,0.050768699838134854,0.4314290951515634,0.4288516342683088,8,4
FI-3,Ministry for Foreign Affairs of Finland,MZ,2019,31903200,0,47854800,53502919.74,0.8944334296623939,0.8111554608704773,0.011144300772844673,2,1
FI-3,Ministry for Foreign Affairs of Finland,MZ,2022,23927400,9115200,71782200,865383203.245155,0.08294845535575385,0.6810467810517409,0.6741663348058354,3,2
FI-3,Ministry for Foreign Affairs of Finland,MZ,2023,0,5697000,71782200,1185724751.399702,0.060538670475811435,0.7305033189886659,0.726838388365687,4,1
FI-3,Ministry for Foreign Affairs of Finland,NP,2014,0,7975800,0,46742835.895640045,0,0.6024182634766057,0.6024182634766057,4,1
FI-3,Ministry for Foreign Affairs of Finland,NP,2021,21648600,0,21648600,1208319603.7105,0.0179162863314653,0.4393654174804263,0.4390444241645152,4,1
FI-3,Ministry for Foreign Affairs of Finland,NP,2022,0,3418200,21648600,1685073369.7466385,0.01284727442061173,0.3842706390247124,0.3841055865646739,6,1
FI-3,Ministry for Foreign Affairs of Finland,NP,2023,0,3987900,21648600,705291979.2347386,0.03069452175464881,0.5828185323440216,0.581876378678275,4,1
FI-3,Ministry for Foreign Affairs of Finland,PS,2014,10254600,0,10254600,10254600,1,1,NA,1,1
FI-3,Ministry for Foreign Affairs of Finland,PS,2018,10254600,0,20509200,20509200,1,1,NA,1,1
FI-3,Ministry for Foreign Affairs of Finland,PS,2019,0,3418200,20509200,20535119.0712,0.9987378173406187,0.9974788208913687,1.5931050656448065e-6,2,1
FI-3,Ministry for Foreign Affairs of Finland,PS,2022,0,3418200,20509200,55260900,0.3711340206185567,0.5332128812838771,0.39547242002338184,2,1
FI-3,Ministry for Foreign Affairs of Finland,PS,2023,5355180,1936980,25864380,25864380,1,1,NA,1,1
FI-3,Ministry for Foreign Affairs of Finland,TZ,2014,0,13478281.632,0,230330193.97783253,0,0.6673869540652785,0.6673869540652785,6,2
FI-3,Ministry for Foreign Affairs of Finland,TZ,2023,9115200,0,9115200,2914927809.239295,0.0031270757276073958,0.40672196184124654,0.40671218323864033,5,1
FI-3,Ministry for Foreign Affairs of Finland,VN,2014,0,6362166.9078,0,567606646.7484,0,0.8455942067012356,0.8455942067012356,6,3
FI-3,Ministry for Foreign Affairs of Finland,ZA,2021,23927.4,1813.9248,23927.4,23927.4,1,1,NA,1,1
FI-3,Ministry for Foreign Affairs of Finland,ZM,2014,0,8600906.7432,0,28456325,0,1,1,3,2
GB-GOV-1,"UK - Foreign, Commonwealth Development Office (FCDO)",ET,2014,152208250,260739350,152208250,156196150,0.9744686408723903,0.9502409823425866,6.518502989030228e-4,3,6
GB-GOV-1,"UK - Foreign, Commonwealth Development Office (FCDO)",ET,2015,5110624.93855,4756691.296236499,157318874.93855,165180734.93855,0.9524044980007823,0.9084070718577789,0.001332744045656753,3,2
GB-GOV-1,"UK - Foreign, Commonwealth Development Office (FCDO)",ET,2016,0,236648.09289999993,157318874.93855,7860988848.430016,0.020012606298248276,0.9272942735838487,0.926893769173,4,1
GB-GOV-1,"UK - Foreign, Commonwealth Development Office (FCDO)",ET,2018,0,117285.05969999998,157318874.93855,9044606899.055492,0.017393666379793515,0.740287391841869,0.7399848522117374,3,1
GB-GOV-1,"UK - Foreign, Commonwealth Development Office (FCDO)",GH,2014,37650039.4817,15807080.61939,37650039.4817,37650039.4817,1,1,0,3,2
GB-GOV-1,"UK - Foreign, Commonwealth Development Office (FCDO)",GH,2015,13235500,16530551.340851,50885539.4817,274852681.8938252,0.18513750395696318,0.37621468417939363,0.34193878880797907,4,2
GB-GOV-1,"UK - Foreign, Commonwealth Development Office (FCDO)",GH,2016,12435174.46245,16133752.1758685,63320713.94415,63320713.94415,1,1,NA,1,2
GB-GOV-1,"UK - Foreign, Commonwealth Development Office (FCDO)",GH,2017,0,13468444.8,63320713.94415,515028454.71688473,0.12294604960993448,0.5159349824578402,0.50081925134315175,3,2
GB-GOV-1,"UK - Foreign, Commonwealth Development Office (FCDO)",GH,2018,0,2439724.86245,63320713.94415,83043727.94415,0.762498451258541,0.6378108738262652,0.05640698565459157,2,1
GB-GOV-1,"UK - Foreign, Commonwealth Development Office (FCDO)",IN,2014,6617750,40368275,6617750,206617750,0.03202895201404526,0.9379938035061457,0.9369679497390276,2,3
GB-GOV-1,"UK - Foreign, Commonwealth Development Office (FCDO)",MW,2014,0,0,0,0,NA,0,NA,1,1
GB-GOV-1,"UK - Foreign, Commonwealth Development Office (FCDO)",MZ,2014,86163098.38225,57190595.5,86163098.38225,314201467.65346104,0.2742288221176642,0.4314290951515634,0.35622764827152187,8,5
GB-GOV-1,"UK - Foreign, Commonwealth Development Office (FCDO)",MZ,2015,2647100,29118100,88810198.38225,441576461.848008,0.20112077081866458,0.5286518505537117,0.48820228609901783,6,3
GB-GOV-1,"UK - Foreign, Commonwealth Development Office (FCDO)",NP,2014,33949057.5,44537457.5,33949057.5,46742835.895640045,0.7262943475615395,0.6024182634766057,0.07491478417676323,4,3
GB-GOV-1,"UK - Foreign, Commonwealth Development Office (FCDO)",NP,2016,23181660.598,19211010.598,57130718.098000005,139883656.49364004,0.4084159617360125,0.425292471025659,0.25848887322490693,4,3
GB-GOV-1,"UK - Foreign, Commonwealth Development Office (FCDO)",NP,2017,13926436.77715,14181838.25,71057154.87515,92057154.87515,0.7718808491476771,0.6478383922665238,0.05203834698558485,2,3
GB-GOV-1,"UK - Foreign, Commonwealth Development Office (FCDO)",NP,2018,10323690,12318323.52715,81380844.87515,202380844.87515,0.4021173294604751,0.41661798080339224,0.25491963415096797,3,3
GB-GOV-1,"UK - Foreign, Commonwealth Development Office (FCDO)",NP,2019,12497301.89945,14217916.89945,93878146.7746,377671925.17024004,0.24857062576807457,0.37871053416453904,0.31692317816980686,5,3
GB-GOV-1,"UK - Foreign, Commonwealth Development Office (FCDO)",NP,2020,15732019.7165,15732019.7165,109610166.4911,1155260526.4911,0.09487917571633953,0.35042985154069023,0.3414277935560782,4,3
GB-GOV-1,"UK - Foreign, Commonwealth Development Office (FCDO)",NP,2021,6060837.2194,6089981.7904,115671003.7105,1208319603.7105,0.09572881492222607,0.4393654174804263,0.4302014114740125,4,3
GB-GOV-1,"UK - Foreign, Commonwealth Development Office (FCDO)",NP,2022,12695637.1905,3769324.8095,128366640.901,1685073369.7466385,0.07617866569234355,0.3842706390247124,0.3784674499180466,6,2
GB-GOV-1,"UK - Foreign, Commonwealth Development Office (FCDO)",NP,2023,1838969.4881,3925781.6550000003,130205610.3891,705291979.2347386,0.18461235094489054,0.5828185323440216,0.5487368122226222,4,2
GB-GOV-1,"UK - Foreign, Commonwealth Development Office (FCDO)",PK,2014,108663455,97307396,108663455,1508663455,0.07202630556196511,0.5148392203153603,0.5096514316224547,3,2
GB-GOV-1,"UK - Foreign, Commonwealth Development Office (FCDO)",PK,2015,79148290,90504349,187811745,2487811745,0.07549274794504196,0.4726410216851833,0.4669418666928897,3,3
GB-GOV-1,"UK - Foreign, Commonwealth Development Office (FCDO)",PK,2016,140693365,140693365,328505110,3428505110,0.09581584377454815,0.4524096279893191,0.4432289520710905,3,3
GB-GOV-1,"UK - Foreign, Commonwealth Development Office (FCDO)",PK,2017,58897975,58897975,387403085,4445973085,0.08713572430454783,0.4219570861273102,0.414364451677232,4,2
GB-GOV-1,"UK - Foreign, Commonwealth Development Office (FCDO)",PK,2018,34676888.2334,34676888.2334,422079973.2334,2122079973.2333999,0.19889918313977553,0.6813234038277889,0.6417625187741189,2,2
GB-GOV-1,"UK - Foreign, Commonwealth Development Office (FCDO)",PK,2019,26200140.7867,26200140.7867,448280114.0201,3948280114.0201,0.11353807254664755,0.7987056427419204,0.7858147488243126,2,2
GB-GOV-1,"UK - Foreign, Commonwealth Development Office (FCDO)",PK,2020,6948637.5,6948637.5,455228751.5201,8356828751.5201,0.05447386383707986,0.4620471483927067,0.459079746551366,3,1
GB-GOV-1,"UK - Foreign, Commonwealth Development Office (FCDO)",PK,2021,7827719.5567499995,7827719.344982,463056471.07685,9464656471.07685,0.048924804877166904,0.45822361228674874,0.45582997575447987,3,2
GB-GOV-1,"UK - Foreign, Commonwealth Development Office (FCDO)",PK,2022,1498267.86485,1498267.467785,464554738.9417,7164554738.9417,0.06484069922959664,0.8787272340939727,0.8745229178173897,2,1
GB-GOV-1,"UK - Foreign, Commonwealth Development Office (FCDO)",RW,2014,14629754.041,14629754.041,14629754.041,173866811.34585336,0.08414345399076022,0.3324151570203394,0.32533503617084425,5,1
GB-GOV-1,"UK - Foreign, Commonwealth Development Office (FCDO)",SL,2014,0,19833785.8737,0,35424412.841212526,0,0.7406425875505349,0.7406425875505349,3,1
GB-GOV-1,"UK - Foreign, Commonwealth Development Office (FCDO)",SL,2015,0,12846220.1211,0,2278800,0,1,1,2,1
GB-GOV-1,"UK - Foreign, Commonwealth Development Office (FCDO)",TZ,2014,31434312.5,31434312.5,31434312.5,230330193.97783253,0.13647499686048675,0.6673869540652785,0.64876152929720865,6,2
GB-GOV-1,"UK - Foreign, Commonwealth Development Office (FCDO)",TZ,2015,20680840.66755,20731648.3505265,52115153.16755,503742303.54196054,0.1034559789819378,0.5552287436128743,0.5445256040257632,6,2
GB-GOV-1,"UK - Foreign, Commonwealth Development Office (FCDO)",ZM,2014,28456325,27794550,28456325,28456325,1,1,0,3,2
GB-GOV-1,"UK - Foreign, Commonwealth Development Office (FCDO)",ZM,2015,13361237.25,4407421.5,41817562.25,41817562.25,1,1,NA,1,1
GB-GOV-1,"UK - Foreign, Commonwealth Development Office (FCDO)",ZM,2016,0,8953815.75,41817562.25,41817562.25,1,1,NA,1,1
GB-GOV-1,"UK - Foreign, Commonwealth Development Office (FCDO)",ZM,2020,81292.441,80668.1357005,41898854.691,41898854.691,1,1,NA,1,1
NO-BRC-971277882,Norad - Norwegian Agency for Development Cooperation,NP,2014,12793778.395640042,4229534.185580304,12793778.395640042,46742835.895640045,0.27370565243846035,0.6024182634766057,0.5275034792998424,4,1
NO-BRC-971277882,Norad - Norwegian Agency for Development Cooperation,NP,2015,0,3386960.319139291,12793778.395640042,12793778.395640042,1,1,0,2,1
NO-BRC-971277882,Norad - Norwegian Agency for Development Cooperation,NP,2016,0,2616247.091178337,12793778.395640042,139883656.49364004,0.09146013706198569,0.425292471025659,0.4169275143542618,4,1
NO-BRC-971277882,Norad - Norwegian Agency for Development Cooperation,NP,2019,0,0,12793778.395640042,377671925.17024004,0.03387537580367695,0.37871053416453904,0.37756299307869867,5,1
NO-BRC-971277882,Norad - Norwegian Agency for Development Cooperation,NP,2022,19643990.449998487,6245781.578973878,32437768.84563853,1685073369.7466385,0.019250063188949305,0.3842706390247124,0.3839000740919339,6,1
NO-BRC-971277882,Norad - Norwegian Agency for Development Cooperation,NP,2023,0,4533228.565384267,32437768.84563853,705291979.2347386,0.04599197183673407,0.5828185323440216,0.5807032708705907,4,1
NZ-1,New Zealand Ministry of Foreign Affairs and Trade,NR,2019,2823423.118188492,0,2823423.118188492,2823423.118188492,1,1,0,2,1
XI-IATI-EC_INTPA,European Commission - Directorate-General for International Partnerships,AO,2022,68364000,0,68364000,2218364000,0.030817305004949593,0.940264802565637,0.9393150962778689,2,1
XI-IATI-EC_INTPA,European Commission - Directorate-General for International Partnerships,AW,2023,7579137.2598,0,7579137.2598,7579137.2598,1,1,NA,1,1
XI-IATI-EC_INTPA,European Commission - Directorate-General for International Partnerships,BB,2021,4044870,0,4044870,404044870,0.010010942596548745,0.6126491775832801,0.6125489586116087,3,1
XI-IATI-EC_INTPA,European Commission - Directorate-General for International Partnerships,BD,2017,186857614.3788,0,186857614.3788,436857614.37880003,0.4277311605166974,0.5104455703205266,0.32749162464356585,3,1
XI-IATI-EC_INTPA,European Commission - Directorate-General for International Partnerships,BD,2018,197689885.6212,0,384547500,884547500,0.43473923107577606,0.3487580674787595,0.15975986844240248,5,2
XI-IATI-EC_INTPA,European Commission - Directorate-General for International Partnerships,BD,2020,43718778,0,428266278,1678266278,0.25518374742675964,0.3535893950013317,0.28847065005056743,3,2
XI-IATI-EC_INTPA,European Commission - Directorate-General for International Partnerships,BD,2021,113940000,0,542206278,2542206278,0.21328177917433339,0.3742933205354172,0.3288042032076481,3,1
XI-IATI-EC_INTPA,European Commission - Directorate-General for International Partnerships,BD,2023,34182000,0,576388278,4651345121.403206,0.12391862202349686,0.3849562319229757,0.3696004070387734,4,3
XI-IATI-EC_INTPA,European Commission - Directorate-General for International Partnerships,BF,2016,445505400,0,445505400,645505400,0.6901652565571101,0.572325649602863,0.09599756824432137,3,4
XI-IATI-EC_INTPA,European Commission - Directorate-General for International Partnerships,BF,2017,0,0,445505400,736778490.7759606,0.6046666746891627,0.5052429925753132,0.13962120509566356,4,1
XI-IATI-EC_INTPA,European Commission - Directorate-General for International Partnerships,BF,2018,5697000,0,451202400,827019252.0113565,0.5455766584667175,0.4161612971709082,0.11850740690719885,5,1
XI-IATI-EC_INTPA,European Commission - Directorate-General for International Partnerships,BF,2019,28485000,0,479687400,955504252.0113565,0.502025395481232,0.4120035235060815,0.15997402579799408,5,5
XI-IATI-EC_INTPA,European Commission - Directorate-General for International Partnerships,BF,2020,55516134.681018,0,535203534.681018,1313214515.1044996,0.40755225328774936,0.40024615139752673,0.23414731223760493,5,4
XI-IATI-EC_INTPA,European Commission - Directorate-General for International Partnerships,BF,2021,170910000,0,706113534.681018,1557548534.6810179,0.45334929792452877,0.4850268200127987,0.2795012340841355,3,1
XI-IATI-EC_INTPA,European Commission - Directorate-General for International Partnerships,BF,2022,0,0,706113534.681018,1533590226.177218,0.46043168678842455,0.4999634450211567,0.2879661068223228,3,1
XI-IATI-EC_INTPA,European Commission - Directorate-General for International Partnerships,BF,2023,0,0,706113534.681018,1533896181.283418,0.46033984783129817,0.4997652338309784,0.28785245832963563,3,1
XI-IATI-EC_INTPA,European Commission - Directorate-General for International Partnerships,BJ,2022,22788000,0,22788000,577788000,0.03944007144488982,0.9242308955813765,0.9226753763457984,3,1
XI-IATI-EC_INTPA,European Commission - Directorate-General for International Partnerships,BJ,2023,65800350,0,88588350,972730530.686725,0.09107183048676255,0.6686804964534593,0.6603864181452497,5,2
XI-IATI-EC_INTPA,European Commission - Directorate-General for International Partnerships,BL,2022,2848500,0,2848500,2848500,1,1,NA,1,1
XI-IATI-EC_INTPA,European Commission - Directorate-General for International Partnerships,BO,2014,68364000,0,68364000,174364000,0.39207634603473196,0.5232950301704299,0.36957116905048304,2,1
XI-IATI-EC_INTPA,European Commission - Directorate-General for International Partnerships,BO,2019,39879000,0,108243000,1058373000,0.10227301716880532,0.8163735057440109,0.8059137357032001,2,1
XI-IATI-EC_INTPA,European Commission - Directorate-General for International Partnerships,BO,2020,60388200,0,168631200,168631200,1,1,NA,1,3
XI-IATI-EC_INTPA,European Commission - Directorate-General for International Partnerships,BO,2021,0,0,168631200,168631200,1,1,NA,1,1
XI-IATI-EC_INTPA,European Commission - Directorate-General for International Partnerships,BO,2022,0,0,168631200,169029990,0.9976407145264578,0.99529256150880685,5.56622794567474e-6,2,1
XI-IATI-EC_INTPA,European Commission - Directorate-General for International Partnerships,BO,2023,35321400,0,203952600,296431021.70160294,0.688027180250066,0.5707084410255817,0.09732704026272487,2,1
XI-IATI-EC_INTPA,European Commission - Directorate-General for International Partnerships,BT,2021,17091000,0,17091000,341091000,0.05010686297791499,0.4537148809422522,0.45120418322476463,3,1
XI-IATI-EC_INTPA,European Commission - Directorate-General for International Partnerships,BT,2022,10596420,0,27687420,441537420,0.06270684826667693,0.4440930239871884,0.44016087516764835,3,1
XI-IATI-EC_INTPA,European Commission - Directorate-General for International Partnerships,CF,2020,51273000,0,51273000,321980221.3852052,0.15924270062122506,0.4594178784326452,0.4340596407315041,3,1
XI-IATI-EC_INTPA,European Commission - Directorate-General for International Partnerships,CM,2017,109382400,0,109382400,516582741.11420155,0.21174226565153229,0.35560705455489466,0.3107722674916506,3,1
XI-IATI-EC_INTPA,European Commission - Directorate-General for International Partnerships,CM,2018,4557600,0,113940000,493047043.2339265,0.23109356716280133,0.6446213392424536,0.5912171024584254,2,1
XI-IATI-EC_INTPA,European Commission - Directorate-General for International Partnerships,CM,2019,56970000,0,170910000,1042159035.5665189,0.16399608329173399,0.37868299657510496,0.3517882812400756,3,1
XI-IATI-EC_INTPA,European Commission - Directorate-General for International Partnerships,CM,2020,2278800,0,173188800,744705089.1184922,0.23256024771497621,0.6430480422045498,0.5889637733872987,2,1
XI-IATI-EC_INTPA,European Commission - Directorate-General for International Partnerships,CM,2022,22788000,0,195976800,1533692811.5784092,0.1277809992460676,0.4007424341618341,0.3844144503935106,3,1
XI-IATI-EC_INTPA,European Commission - Directorate-General for International Partnerships,CO,2015,72465840,0,72465840,4343439935.739236,0.016683974239801846,0.5069835630055185,0.5067052080090841,4,2
XI-IATI-EC_INTPA,European Commission - Directorate-General for International Partnerships,CO,2019,20509200,0,92975040,10211475040,0.009104956887795517,0.4934948003255837,0.49341190008565505,3,1
XI-IATI-EC_INTPA,European Commission - Directorate-General for International Partnerships,CO,2020,11394000,0,104369040,12672869040,0.008235628386166927,0.4985799039847504,0.49851207840983536,3,1
XI-IATI-EC_INTPA,European Commission - Directorate-General for International Partnerships,CO,2022,11963700,0,116332740,17302421740,0.006723494649946037,0.5264310579147126,0.5263858525344047,3,1
XI-IATI-EC_INTPA,European Commission - Directorate-General for International Partnerships,CO,2023,11394000,0,127726740,19063815740,0.006699956700273898,0.5176467412159984,0.5176018517962129,3,1
XI-IATI-EC_INTPA,European Commission - Directorate-General for International Partnerships,CV,2021,20395260,0,20395260,311215262.7800116,0.06553425374390065,0.4454983918903721,0.4412036534766021,3,1
XI-IATI-EC_INTPA,European Commission - Directorate-General for International Partnerships,DM,2018,15518628,0,15518628,15518628,1,1,NA,1,2
XI-IATI-EC_INTPA,European Commission - Directorate-General for International Partnerships,DM,2019,9798840,0,25317468,25317468,1,1,NA,1,1
XI-IATI-EC_INTPA,European Commission - Directorate-General for International Partnerships,DO,2016,18230400,0,18230400,718230400,0.025382384259981197,0.9505237623414804,0.949879496910759,2,1
XI-IATI-EC_INTPA,European Commission - Directorate-General for International Partnerships,DO,2018,16863120,0,35093520,1435093520,0.02445382096074129,0.9522883367976773,0.9516903474380973,2,1
XI-IATI-EC_INTPA,European Commission - Directorate-General for International Partnerships,DO,2019,5697000,0,40790520,1690790520,0.02412511752195062,0.9529138075469947,0.9523317862515468,2,1
XI-IATI-EC_INTPA,European Commission - Directorate-General for International Partnerships,DO,2022,14812200,0,55602720,3345602720,0.016619642155240717,0.5726041904166278,0.5723279779112596,3,1
XI-IATI-EC_INTPA,European Commission - Directorate-General for International Partnerships,ET,2016,131031000,0,131031000,7860988848.430016,0.016668513659852006,0.9272942735838487,0.92701643423622,4,1
XI-IATI-EC_INTPA,European Commission - Directorate-General for International Partnerships,ET,2019,97988400,0,229019400,9134423884.116941,0.025072123092319154,0.7261348437108974,0.725506232354541,5,2
XI-IATI-EC_INTPA,European Commission - Directorate-General for International Partnerships,ET,2020,0,0,229019400,10044089095.705317,0.022801410642397112,0.6490441971585135,0.6485242928312303,4,1
XI-IATI-EC_INTPA,European Commission - Directorate-General for International Partnerships,FJ,2020,22788000,0,22788000,416788000,0.054675278558883655,0.529123880740946,0.5261344946554545,3,1
XI-IATI-EC_INTPA,European Commission - Directorate-General for International Partnerships,FJ,2023,14584320,0,37372320,37372320,1,1,NA,1,1
XI-IATI-EC_INTPA,European Commission - Directorate-General for International Partnerships,GL,2021,68364000,0,68364000,68364000,1,1,NA,1,1
XI-IATI-EC_INTPA,European Commission - Directorate-General for International Partnerships,GL,2023,25636500,0,94000500,94000500,1,1,NA,1,1
XI-IATI-EC_INTPA,European Commission - Directorate-General for International Partnerships,GM,2019,56970000,0,56970000,69372919.96143243,0.8212138112634184,0.706356625092742,0.031964501282952584,2,1
XI-IATI-EC_INTPA,European Commission - Directorate-General for International Partnerships,GM,2023,45576000,0,102546000,328070984.167495,0.31257259845828256,0.4336491594017277,0.33594753009476497,3,2
XI-IATI-EC_INTPA,European Commission - Directorate-General for International Partnerships,GN,2017,68364000,0,68364000,91295705.28622593,0.7488194519738739,0.6238222393611579,0.06309166770670505,2,1
XI-IATI-EC_INTPA,European Commission - Directorate-General for International Partnerships,GN,2018,29738340,0,98102340,248102340,0.39541078088985376,0.5218778095081404,0.3655281238642165,2,1
XI-IATI-EC_INTPA,European Commission - Directorate-General for International Partnerships,GN,2019,10254600,0,108356940,348356940,0.3110514749612854,0.5714030902286116,0.4746500701530204,2,1
XI-IATI-EC_INTPA,European Commission - Directorate-General for International Partnerships,GY,2022,5264028,0,5264028,198064028,0.026577405565032738,0.9482579058430709,0.9475515473565027,2,1
XI-IATI-EC_INTPA,European Commission - Directorate-General for International Partnerships,HN,2015,34182000,0,34182000,369182000,0.09258847939498675,0.4775908315461208,0.4690182050294449,4,1
XI-IATI-EC_INTPA,European Commission - Directorate-General for International Partnerships,HN,2017,3987900,0,38169900,368169900,0.1036746893214247,0.8141475037689385,0.8033990625630446,3,1
XI-IATI-EC_INTPA,European Commission - Directorate-General for International Partnerships,HN,2018,68819760,0,106989660,576769660,0.18549807214200553,0.6978229252527903,0.6634133904843896,3,1
XI-IATI-EC_INTPA,European Commission - Directorate-General for International Partnerships,HN,2019,36460800,0,143450460,732730460,0.19577521043686377,0.6851054451694691,0.6467775121478708,3,1
XI-IATI-EC_INTPA,European Commission - Directorate-General for International Partnerships,HN,2020,24041340,0,167491800,1092421800,0.1533215466772999,0.47724094258392397,0.45373344590840453,3,2
XI-IATI-EC_INTPA,European Commission - Directorate-General for International Partnerships,HT,2017,136728000,0,136728000,136728000,1,1,NA,1,1
XI-IATI-EC_INTPA,European Commission - Directorate-General for International Partnerships,HT,2020,42157800,0,178885800,218885800,0.8172563044290676,0.7013031253999784,0.0333952582709216,2,1
XI-IATI-EC_INTPA,European Commission - Directorate-General for International Partnerships,HT,2021,0,0,178885800,218885800,0.8172563044290676,0.7013031253999784,0.0333952582709216,2,1
XI-IATI-EC_INTPA,European Commission - Directorate-General for International Partnerships,JM,2015,27345600,0,27345600,397345600,0.0688206941262216,0.5915612876190035,0.5868249996789886,3,1
XI-IATI-EC_INTPA,European Commission - Directorate-General for International Partnerships,JM,2017,18857070,0,46202670,746202670,0.061917052642012124,0.5947804023987976,0.5909466809909238,3,1
XI-IATI-EC_INTPA,European Commission - Directorate-General for International Partnerships,JM,2019,22788000,0,68990670,673990670,0.10236146147245628,0.8162328146446418,0.8057549458498646,2,1
XI-IATI-EC_INTPA,European Commission - Directorate-General for International Partnerships,JM,2022,10824300,0,79814970,959814970,0.08315662132254512,0.8475168046944721,0.840601781024691,2,1
XI-IATI-EC_INTPA,European Commission - Directorate-General for International Partnerships,KE,2020,60957900,0,60957900,2334092216.815544,0.02611632032395287,0.7178122906644235,0.7171302284771602,3,2
XI-IATI-EC_INTPA,European Commission - Directorate-General for International Partnerships,KG,2015,55978722,0,55978722,156978722,0.356600699042511,0.33432800147619873,0.20716394291859122,3,2
XI-IATI-EC_INTPA,European Commission - Directorate-General for International Partnerships,KG,2020,24793344,0,80772066,294772066,0.27401533359677305,0.6021381388987557,0.5270537358526048,2,1
XI-IATI-EC_INTPA,European Commission - Directorate-General for International Partnerships,KG,2021,36460800,0,117232866,411232866,0.2850765969663524,0.5923841383431275,0.5111154722052114,2,3
XI-IATI-EC_INTPA,European Commission - Directorate-General for International Partnerships,KH,2017,159516000,0,159516000,278016000,0.5737655386740331,0.5108827093917405,0.18167581602183713,2,2
XI-IATI-EC_INTPA,European Commission - Directorate-General for International Partnerships,KH,2018,25066800,0,184582800,318082800,0.5802979601537713,0.5128955248097133,0.17614980225108534,2,1
XI-IATI-EC_INTPA,European Commission - Directorate-General for International Partnerships,KH,2019,2044342.2438,0,186627142.2438,375127142.24380004,0.49750370268464494,0.5000124630005732,0.2525025288156416,2,1
XI-IATI-EC_INTPA,European Commission - Directorate-General for International Partnerships,KH,2020,5697000,0,192324142.2438,650824142.2438,0.29550861709084386,0.583633451368198,0.496308108593255,2,1
XI-IATI-EC_INTPA,European Commission - Directorate-General for International Partnerships,KH,2022,35321400,0,227645542.2438,1290145542.2438,0.17644950495111011,0.37419038931812104,0.3430559615206292,3,1
XI-IATI-EC_INTPA,European Commission - Directorate-General for International Partnerships,KH,2023,55830600,0,283476142.2438,1455976142.2438,0.194698342932279,0.3740504240258446,0.33614297928526926,3,2
XI-IATI-EC_INTPA,European Commission - Directorate-General for International Partnerships,KI,2020,14185530,3107124.509958,14185530,52685530,0.2692490708549387,0.33989881604480804,0.26740375388856025,3,2
XI-IATI-EC_INTPA,European Commission - Directorate-General for International Partnerships,KI,2022,5697000,1406710.668888,19882530,58382530,0.3405561560966954,0.3337416423780717,0.21776314692271495,3,2
XI-IATI-EC_INTPA,European Commission - Directorate-General for International Partnerships,KI,2023,0,4859767.865934,19882530,81382530,0.24430955882054786,0.3453910415962221,0.28570388106513134,3,2
XI-IATI-EC_INTPA,European Commission - Directorate-General for International Partnerships,LA,2018,70642800,0,70642800,132642800,0.5325792278208844,0.5021228121708102,0.2184821782645207,2,1
XI-IATI-EC_INTPA,European Commission - Directorate-General for International Partnerships,LA,2019,56970000,0,127612800,323202800,0.3948381635307615,0.34606928532785847,0.1901721099475141,3,1
XI-IATI-EC_INTPA,European Commission - Directorate-General for International Partnerships,LA,2020,5127300,0,132740100,132740100,1,1,NA,1,1
XI-IATI-EC_INTPA,European Commission - Directorate-General for International Partnerships,LA,2022,42157800,0,174897900,174897900,1,1,NA,1,1
XI-IATI-EC_INTPA,European Commission - Directorate-General for International Partnerships,LA,2023,0,0,174897900,174897900,1,1,NA,1,1
XI-IATI-EC_INTPA,European Commission - Directorate-General for International Partnerships,LC,2020,6897927.600000001,0,6897927.600000001,6897927.600000001,1,1,NA,1,1
XI-IATI-EC_INTPA,European Commission - Directorate-General for International Partnerships,MH,2016,10368540,0,10368540,10368540,1,1,NA,1,1
XI-IATI-EC_INTPA,European Commission - Directorate-General for International Partnerships,MH,2021,0,0,10368540,38368540,0.27023545852930553,0.6055834890344769,0.5325562859879329,2,1
XI-IATI-EC_INTPA,European Commission - Directorate-General for International Partnerships,ML,2015,250668000,0,250668000,355744006.33460355,0.7046302833960559,0.54062996091507165,0.04412612463626553,5,1
XI-IATI-EC_INTPA,European Commission - Directorate-General for International Partnerships,ML,2016,56970000,0,307638000,307638000,1,1,0,2,1
XI-IATI-EC_INTPA,European Commission - Directorate-General for International Partnerships,ML,2017,0,0,307638000,393313538.20777535,0.7821698724173699,0.6571486780658286,0.04535896874842382,4,1
XI-IATI-EC_INTPA,European Commission - Directorate-General for International Partnerships,ML,2018,34182000,0,341820000,550495538.2077754,0.6209314631556301,0.45863349570452355,0.07307761376793198,5,1
XI-IATI-EC_INTPA,European Commission - Directorate-General for International Partnerships,ML,2020,0,0,341820000,491253894.714859,0.6958112773811276,0.5766841126992578,0.09253077896850131,3,2
XI-IATI-EC_INTPA,European Commission - Directorate-General for International Partnerships,MM,2018,251807400,0,251807400,251807400,1,1,NA,1,1
XI-IATI-EC_INTPA,European Commission - Directorate-General for International Partnerships,MM,2019,127612800,0,379420200,379420200,1,1,NA,1,1
XI-IATI-EC_INTPA,European Commission - Directorate-General for International Partnerships,MM,2023,0,0,379420200,629420200,0.602809061418747,0.5211394062196074,0.1577606416910567,2,1
XI-IATI-EC_INTPA,European Commission - Directorate-General for International Partnerships,MN,2019,57881519.99999999,0,57881519.99999999,847881520,0.06826604736001321,0.6808292931963413,0.6761690399741818,3,1
XI-IATI-EC_INTPA,European Commission - Directorate-General for International Partnerships,MN,2023,0,0,57881519.99999999,1147881520,0.05042464661335431,0.9042359967454547,0.901693351759373,2,1
XI-IATI-EC_INTPA,European Commission - Directorate-General for International Partnerships,MR,2021,45234180,0,45234180,247234180,0.1829608673040273,0.7010276233212291,0.6675529443565873,2,1
XI-IATI-EC_INTPA,European Commission - Directorate-General for International Partnerships,MU,2020,9001260,0,9001260,227616926.00262815,0.03954565312026079,0.9240364111208943,0.9224725524401863,2,1
XI-IATI-EC_INTPA,European Commission - Directorate-General for International Partnerships,NC,2022,35207460,0,35207460,35207460,1,1,NA,1,1
XI-IATI-EC_INTPA,European Commission - Directorate-General for International Partnerships,NE,2016,319032000,0,319032000,509715096.3090939,0.6259025920757453,0.4847264681701329,0.09297241340299606,3,2
XI-IATI-EC_INTPA,European Commission - Directorate-General for International Partnerships,NE,2017,45576000,0,364608000,725291096.309094,0.5027057437426706,0.450518735826787,0.19780567103491536,3,1
XI-IATI-EC_INTPA,European Commission - Directorate-General for International Partnerships,NE,2018,117358200,0,481966200,1020454456.8242503,0.47230544859387835,0.41193688137119505,0.1888644445997304,3,2
XI-IATI-EC_INTPA,European Commission - Directorate-General for International Partnerships,NE,2019,0,0,481966200,1370454456.8242505,0.3516834854307079,0.45388451370013144,0.3302032397754405,3,3
XI-IATI-EC_INTPA,European Commission - Directorate-General for International Partnerships,NE,2020,41069507.787,0,523035707.787,1770012221.4355009,0.2954983595326883,0.4409735646848982,0.35365428419838824,3,3
XI-IATI-EC_INTPA,European Commission - Directorate-General for International Partnerships,NE,2021,222183000,0,745218707.787,2242195221.4355006,0.33236120595685475,0.4457198877415208,0.335255916516426,3,1
XI-IATI-EC_INTPA,European Commission - Directorate-General for International Partnerships,NE,2022,28485000,0,773703707.787,2626104634.2767134,0.294620289568201,0.4792308095699724,0.39242969454472176,3,2
XI-IATI-EC_INTPA,European Commission - Directorate-General for International Partnerships,NP,2016,69959160,0,69959160,139883656.49364004,0.5001239012020019,0.425292471025659,0.17516855447214924,4,1
XI-IATI-EC_INTPA,European Commission - Directorate-General for International Partnerships,NP,2020,54691200,0,124650360,1155260526.4911,0.10789805168761671,0.35042985154069023,0.3387878619827066,4,2
XI-IATI-EC_INTPA,European Commission - Directorate-General for International Partnerships,NP,2022,56970000,0,181620360,1685073369.7466385,0.10778187066555314,0.3842706390247124,0.3726537073805464,6,1
XI-IATI-EC_INTPA,European Commission - Directorate-General for International Partnerships,PE,2015,45576000,0,45576000,1171849000,0.038892382892335105,0.4517313608850062,0.4502187434379622,4,1
XI-IATI-EC_INTPA,European Commission - Directorate-General for International Partnerships,PE,2020,15951600,0,61527600,4236527600,0.014523120302579877,0.5686882205975826,0.5684772995742594,3,1
XI-IATI-EC_INTPA,European Commission - Directorate-General for International Partnerships,PE,2021,0,0,61527600,6436527600,0.009559129366585798,0.5264903775553696,0.5263990006011225,3,1
XI-IATI-EC_INTPA,European Commission - Directorate-General for International Partnerships,PF,2022,2720949.867,0,2720949.867,2720949.867,1,1,NA,1,1
XI-IATI-EC_INTPA,European Commission - Directorate-General for International Partnerships,PF,2023,32714390.133,0,35435340,35435340,1,1,NA,1,1
XI-IATI-EC_INTPA,European Commission - Directorate-General for International Partnerships,PG,2021,6152760,2103789.47031,6152760,1106152760,0.005562305878981851,0.641594135179461,0.6415631959327696,3,1
XI-IATI-EC_INTPA,European Commission - Directorate-General for International Partnerships,PG,2022,6233942.25,0,12386702.25,1112386702.25,0.011135248403226765,0.9779774907075496,0.977853496950548,2,1
XI-IATI-EC_INTPA,European Commission - Directorate-General for International Partnerships,PG,2023,4272750,2124583.736796,16659452.25,1116659452.25,0.014919008849503965,0.9706071359510953,0.9703845591260437,2,1
XI-IATI-EC_INTPA,European Commission - Directorate-General for International Partnerships,PK,2017,56970000,0,56970000,4445973085,0.012813842754066065,0.4219570861273102,0.42179289156118427,4,1
XI-IATI-EC_INTPA,European Commission - Directorate-General for International Partnerships,PM,2022,30763800,0,30763800,30763800,1,1,NA,1,1
XI-IATI-EC_INTPA,European Commission - Directorate-General for International Partnerships,PY,2019,54691200,0,54691200,844691200,0.06474697498920315,0.8788903915620987,0.8746982207918462,2,1
XI-IATI-EC_INTPA,European Commission - Directorate-General for International Partnerships,PY,2020,43297200,0,97988400,1487988400,0.06585293272447554,0.5815890040752835,0.5772523953268691,3,1
XI-IATI-EC_INTPA,European Commission - Directorate-General for International Partnerships,RW,2016,429553800,0,429553800,904648748.5372393,0.4748293751520264,0.37744228537747154,0.15197934987020773,4,2
XI-IATI-EC_INTPA,European Commission - Directorate-General for International Partnerships,RW,2017,4192992,0,433746792,1115207933.155427,0.3889380438432987,0.3515054120299444,0.20023261008129264,4,1
XI-IATI-EC_INTPA,European Commission - Directorate-General for International Partnerships,RW,2020,35321400,0,469068192,2008751026.5676134,0.23351235956877378,0.3652724939625077,0.3107444718911314,3,2
XI-IATI-EC_INTPA,European Commission - Directorate-General for International Partnerships,RW,2021,78618600,0,547686792,2262369626.5676136,0.24208546011596294,0.3748722658986248,0.3162668958990673,3,1
XI-IATI-EC_INTPA,European Commission - Directorate-General for International Partnerships,RW,2022,56970000,0,604656792,1934656792,0.3125395648987027,0.5702828294567354,0.47260184982966497,2,1
XI-IATI-EC_INTPA,European Commission - Directorate-General for International Partnerships,SB,2021,9115200,0,9115200,85115200,0.10709250521645958,0.4125953119559537,0.4011265072824163,3,1
XI-IATI-EC_INTPA,European Commission - Directorate-General for International Partnerships,SH,2018,24497100,0,24497100,24497100,1,1,NA,1,1
XI-IATI-EC_INTPA,European Commission - Directorate-General for International Partnerships,SH,2020,695034,0,25192134,25192134,1,1,NA,1,1
XI-IATI-EC_INTPA,European Commission - Directorate-General for International Partnerships,SL,2023,90796045.743,0,90796045.743,554362122.5499736,0.1637847213033843,0.583153665010489,0.5563282300780618,3,1
XI-IATI-EC_INTPA,European Commission - Directorate-General for International Partnerships,SN,2018,100267200,0,100267200,488923254.38423645,0.20507758446932392,0.3698321412821054,0.32777532563033274,4,1
XI-IATI-EC_INTPA,European Commission - Directorate-General for International Partnerships,SN,2020,0,0,100267200,990327363.4245087,0.10124652080023358,0.35675025736467303,0.3464993993905209,5,1
XI-IATI-EC_INTPA,European Commission - Directorate-General for International Partnerships,SN,2021,79758000,0,180025200,1001009034.1537849,0.17984373153253955,0.3893817348024727,0.3570379670309245,4,1
XI-IATI-EC_INTPA,European Commission - Directorate-General for International Partnerships,SO,2023,22788000,0,22788000,796167725.6612225,0.02862210972075566,0.6651171574175473,0.6642979322526803,3,1
XI-IATI-EC_INTPA,European Commission - Directorate-General for International Partnerships,ST,2022,7178220,0,7178220,7178220,1,1,NA,1,1
XI-IATI-EC_INTPA,European Commission - Directorate-General for International Partnerships,SV,2017,22788000,0,22788000,24912981,0.914703864623828,0.8439585906678766,0.0072754307101102755,2,1
XI-IATI-EC_INTPA,European Commission - Directorate-General for International Partnerships,SV,2018,38739600,0,61527600,411527600,0.14951026371013754,0.7456861104890746,0.7233327915343998,2,1
XI-IATI-EC_INTPA,European Commission - Directorate-General for International Partnerships,SV,2023,6836400,1334826.4698,68364000,74476881,0.9179224355541957,0.8493183242791018,0.006736726585355179,2,1
XI-IATI-EC_INTPA,European Commission - Directorate-General for International Partnerships,TD,2016,100267200,0,100267200,290629659.2660498,0.34499988835693074,0.36224378093378595,0.24321885796749126,3,1
XI-IATI-EC_INTPA,European Commission - Directorate-General for International Partnerships,TD,2017,11394000,0,111661200,429404406.9399938,0.2600373871235184,0.35554953135518075,0.28793008865315417,3,1
XI-IATI-EC_INTPA,European Commission - Directorate-General for International Partnerships,TD,2019,61527600,0,173188800,173188800,1,1,NA,1,2
XI-IATI-EC_INTPA,European Commission - Directorate-General for International Partnerships,TD,2020,0,0,173188800,672298199.5581815,0.25760711558325694,0.35107371567363765,0.2847122896745121,3,1
XI-IATI-EC_INTPA,European Commission - Directorate-General for International Partnerships,TD,2021,45576000,0,218764800,218764800,1,1,NA,1,1
XI-IATI-EC_INTPA,European Commission - Directorate-General for International Partnerships,TG,2016,63806400,0,63806400,63806400,1,1,NA,1,1
XI-IATI-EC_INTPA,European Commission - Directorate-General for International Partnerships,TG,2019,0,0,63806400,253806400,0.25139791589179783,0.6236059924458832,0.5604050803311438,2,1
XI-IATI-EC_INTPA,European Commission - Directorate-General for International Partnerships,TG,2022,11394000,0,75200400,480670540.64146394,0.1564489471304891,0.5943566317129246,0.5698803586546861,3,1
XI-IATI-EC_INTPA,European Commission - Directorate-General for International Partnerships,TG,2023,17091000,0,92291400,647761540.641464,0.14247743067395735,0.6451107078798727,0.6248108896284204,3,1
XI-IATI-EC_INTPA,European Commission - Directorate-General for International Partnerships,TJ,2021,3646080,1212833.691936,3646080,233646080,0.015605140903712145,0.9692767590378251,0.9690332386152004,2,1
XI-IATI-EC_INTPA,European Commission - Directorate-General for International Partnerships,TJ,2022,34182000,978552.086976,37828080,367828080,0.1028417406305685,0.8154693659707133,0.8048929423547881,2,2
XI-IATI-EC_INTPA,European Commission - Directorate-General for International Partnerships,TJ,2023,0,1150219.7424,37828080,417828080,0.09053503536669914,0.6462983553653678,0.6381017627365184,3,1
XI-IATI-EC_INTPA,European Commission - Directorate-General for International Partnerships,TL,2016,34182000,0,34182000,34182000,1,1,NA,1,1
XI-IATI-EC_INTPA,European Commission - Directorate-General for International Partnerships,TL,2018,17091000,0,51273000,51273000,1,1,NA,1,1
XI-IATI-EC_INTPA,European Commission - Directorate-General for International Partnerships,TL,2019,17091000,0,68364000,68364000,1,1,NA,1,1
XI-IATI-EC_INTPA,European Commission - Directorate-General for International Partnerships,TL,2023,0,0,68364000,68364000,1,1,NA,1,1
XI-IATI-EC_INTPA,European Commission - Directorate-General for International Partnerships,TO,2015,11394000,0,11394000,23194214.57290003,0.4912431918825428,0.5001533633768118,0.25883348980586307,2,1
XI-IATI-EC_INTPA,European Commission - Directorate-General for International Partnerships,TO,2018,2267406,0,13661406,42461620.57290003,0.3217353887034406,0.34103314122501,0.237519480880856,3,1
XI-IATI-EC_INTPA,European Commission - Directorate-General for International Partnerships,TO,2021,11394000,0,25055406,145255406,0.17249207234324895,0.3744141230933162,0.34466060807204757,3,1
XI-IATI-EC_INTPA,European Commission - Directorate-General for International Partnerships,TO,2023,0,0,25055406,90255406,0.2776055984945655,0.5989185396419208,0.5218536713263948,2,1
XI-IATI-EC_INTPA,European Commission - Directorate-General for International Partnerships,TV,2022,5127300,0,5127300,56927300,0.09006750715386115,0.5248002064387935,0.5166880505938827,3,1
XI-IATI-EC_INTPA,European Commission - Directorate-General for International Partnerships,TZ,2016,233577000,0,233577000,479234373.8466586,0.4873961734529878,0.4631376251896188,0.22558259529300384,3,1
XI-IATI-EC_INTPA,European Commission - Directorate-General for International Partnerships,TZ,2018,113940000,0,347517000,647418502.2587838,0.5367733526112477,0.4774607718254867,0.1893351397519678,3,1
XI-IATI-EC_INTPA,European Commission - Directorate-General for International Partnerships,TZ,2020,39879000,0,387396000,771539356.3825676,0.5021078922225579,0.5000088864192437,0.24789655098706387,2,2
XI-IATI-EC_INTPA,European Commission - Directorate-General for International Partnerships,TZ,2021,205092000,0,592488000,995453346.2418216,0.5951941416811202,0.503530766787045,0.14927470049551966,3,3
XI-IATI-EC_INTPA,European Commission - Directorate-General for International Partnerships,TZ,2022,182304000,0,774792000,1658613989.8592541,0.46713219877383705,0.490324147743488,0.2721116566122084,3,2
XI-IATI-EC_INTPA,European Commission - Directorate-General for International Partnerships,TZ,2023,3076380,0,777868380,2914927809.239295,0.26685682490469614,0.40672196184124654,0.3355093968430309,5,1
XI-IATI-EC_INTPA,European Commission - Directorate-General for International Partnerships,UG,2019,47057220,0,47057220,136288810.13950235,0.3452757416535754,0.5478791922417022,0.42866385446727573,2,1
XI-IATI-EC_INTPA,European Commission - Directorate-General for International Partnerships,UZ,2020,45576000,0,45576000,3095576000,0.014722946553403955,0.4919940007938186,0.4917772356386042,3,1
XI-IATI-EC_INTPA,European Commission - Directorate-General for International Partnerships,UZ,2022,30763800,0,76339800,5176056936,0.014748639928793859,0.5042507930611323,0.504033270681383,3,1
XI-IATI-EC_INTPA,European Commission - Directorate-General for International Partnerships,VN,2016,123055200,0,123055200,1310667703.173248,0.09388741303541084,0.45019875070682674,0.4413839043803449,6,1
XI-IATI-EC_INTPA,European Commission - Directorate-General for International Partnerships,VN,2020,161794800,0,284850000,2117962286.924298,0.13449247975687934,0.39384166378510177,0.37575343667394717,4,1
XI-IATI-EC_INTPA,European Commission - Directorate-General for International Partnerships,VN,2021,0,0,284850000,2439350000,0.116772910816406,0.4190231552188711,0.4053872425183348,3,1
XI-IATI-EC_INTPA,European Commission - Directorate-General for International Partnerships,VN,2023,0,0,284850000,3011435474.67201,0.09458944161206854,0.3682027685494968,0.3592556060850139,4,1
XI-IATI-EC_INTPA,European Commission - Directorate-General for International Partnerships,WS,2021,15381900,0,15381900,56381900,0.2728162761453587,0.6032248887689238,0.5287961682391031,2,1
XI-IATI-EC_INTPA,European Commission - Directorate-General for International Partnerships,ZA,2016,59528864.52,0,59528864.52,59528864.52,1,1,NA,1,1
XI-IATI-EC_INTPA,European Commission - Directorate-General for International Partnerships,ZA,2017,51273000,0,110801864.52000001,110801864.52000001,1,1,NA,1,2
XI-IATI-EC_INTPA,European Commission - Directorate-General for International Partnerships,ZA,2018,22788000,0,133589864.52000001,133589864.52000001,1,1,NA,1,2
XI-IATI-EC_INTPA,European Commission - Directorate-General for International Partnerships,ZA,2019,17091000,0,150680864.52,150680864.52,1,1,NA,1,2
XI-IATI-EC_INTPA,European Commission - Directorate-General for International Partnerships,ZA,2020,6494580,0,157175444.52,462418065.94887173,0.33989901367170733,0.5512646516465843,0.43573331215158484,2,2
XI-IATI-EC_INTPA,European Commission - Directorate-General for International Partnerships,ZM,2023,68364000,0,68364000,468364000,0.14596339599115218,0.7506838339562354,0.7293785209869655,2,1
XI-IATI-EC_NEAR,European Commission - Directorate-General for Neighbourhood and Enlargement Negotiations,AL,2014,76050835.6266,0,76050835.6266,296050835.6266,0.25688438090585436,0.6182104084950593,0.5522208233416752,2,1
XI-IATI-EC_NEAR,European Commission - Directorate-General for Neighbourhood and Enlargement Negotiations,AL,2015,102432060,0,178482895.6266,178482895.6266,1,1,NA,1,2
XI-IATI-EC_NEAR,European Commission - Directorate-General for Neighbourhood and Enlargement Negotiations,AL,2016,73992636,0,252475531.6266,252475531.6266,1,1,NA,1,2
XI-IATI-EC_NEAR,European Commission - Directorate-General for Neighbourhood and Enlargement Negotiations,AL,2019,119238210,7975800,371713741.6266,771713741.6266,0.48167308883616683,0.500671751345614,0.26866278683664013,2,2
XI-IATI-EC_NEAR,European Commission - Directorate-General for Neighbourhood and Enlargement Negotiations,AL,2020,98182336.954968,6836400,469896078.581568,949896078.581568,0.49468156483311326,0.5000565715052487,0.2553467209195111,2,4
XI-IATI-EC_NEAR,European Commission - Directorate-General for Neighbourhood and Enlargement Negotiations,AL,2021,5951572.735194,0,475847651.31676203,955847651.316762,0.49782792337381504,0.5000094358337401,0.2521767945430551,2,2
XI-IATI-EC_NEAR,European Commission - Directorate-General for Neighbourhood and Enlargement Negotiations,AL,2022,8989714.949742,0,484837366.266504,484891470.67550397,0.9998884195489671,0.9997768639983284,1.2450197095503768e-8,2,2
XI-IATI-EC_NEAR,European Commission - Directorate-General for Neighbourhood and Enlargement Negotiations,AL,2023,98416889.71434,7406100,583254255.980844,1183308360.389844,0.49290132268539827,0.5000544144740555,0.2571027005690404,3,5
XI-IATI-EC_NEAR,European Commission - Directorate-General for Neighbourhood and Enlargement Negotiations,AM,2016,22788000,0,22788000,286788000,0.07945939160634335,0.43120282841608343,0.4248890335016332,3,1
XI-IATI-EC_NEAR,European Commission - Directorate-General for Neighbourhood and Enlargement Negotiations,AM,2020,37165545.04923,0,59953545.04923,234953545.04923,0.2551719108416427,0.6198815864818652,0.55476888239929,2,2
XI-IATI-EC_NEAR,European Commission - Directorate-General for Neighbourhood and Enlargement Negotiations,AM,2022,36318159.117882,0,96271704.167112,475271704.167112,0.20256140503004058,0.676939435555407,0.6359083127476629,2,3
XI-IATI-EC_NEAR,European Commission - Directorate-General for Neighbourhood and Enlargement Negotiations,AM,2023,30763800,0,127035504.167112,781035504.167112,0.16265010167826022,0.3858978162553363,0.3594427606793879,3,2
XI-IATI-EC_NEAR,European Commission - Directorate-General for Neighbourhood and Enlargement Negotiations,BA,2023,79758000,0,79758000,309832021.873004,0.2574233596574202,0.6173321495221924,0.5510653634248789,3,1
XI-IATI-EC_NEAR,European Commission - Directorate-General for Neighbourhood and Enlargement Negotiations,EG,2017,689.337,0,689.337,2139080874.8519192,3.2225850275423566e-7,0.5028293402537278,0.502829340253624,3,1
XI-IATI-EC_NEAR,European Commission - Directorate-General for Neighbourhood and Enlargement Negotiations,EG,2020,157583.57760000002,0,158272.91460000002,1749481545.6934047,9.046846763809032e-5,0.9998190794338111,0.9998190712492675,2,1
XI-IATI-EC_NEAR,European Commission - Directorate-General for Neighbourhood and Enlargement Negotiations,GE,2016,88303500,0,88303500,338303500,0.2610185824267263,0.6142242358906629,0.5460935355186052,2,1
XI-IATI-EC_NEAR,European Commission - Directorate-General for Neighbourhood and Enlargement Negotiations,GE,2017,54292410,0,142595910,362595910,0.39326397807410457,0.5227851567531304,0.36812860030246064,2,1
XI-IATI-EC_NEAR,European Commission - Directorate-General for Neighbourhood and Enlargement Negotiations,GE,2018,55420416,4557600,198016326,198016326,1,1,NA,1,2
XI-IATI-EC_NEAR,European Commission - Directorate-General for Neighbourhood and Enlargement Negotiations,GE,2019,124194600,0,322210926,322210926,1,1,NA,1,2
XI-IATI-EC_NEAR,European Commission - Directorate-General for Neighbourhood and Enlargement Negotiations,GE,2020,0,5697000,322210926,1382323937,0.233093645690084,0.39525031120904774,0.34091766354795333,3,1
XI-IATI-EC_NEAR,European Commission - Directorate-General for Neighbourhood and Enlargement Negotiations,GE,2021,0,4329720,322210926,1164716013,0.27664333829331494,0.5997763966575091,0.5232448600354397,2,1
XI-IATI-EC_NEAR,European Commission - Directorate-General for Neighbourhood and Enlargement Negotiations,GE,2022,27345600,7975800,349556526,1292061613,0.27054168507365134,0.6053022365776788,0.532109433215188,2,2
XI-IATI-EC_NEAR,European Commission - Directorate-General for Neighbourhood and Enlargement Negotiations,GE,2023,69674310,4215780,419230836,1745235923,0.24021442056920117,0.4032908284679076,0.34558786061851055,3,3
XI-IATI-EC_NEAR,European Commission - Directorate-General for Neighbourhood and Enlargement Negotiations,JO,2015,51273000,0,51273000,314902223.89162564,0.16282196856648978,0.6586570174408222,0.6321460239929552,3,1
XI-IATI-EC_NEAR,European Commission - Directorate-General for Neighbourhood and Enlargement Negotiations,JO,2016,79758000,0,131031000,619660223.8916256,0.21145620607547086,0.6327950477682461,0.5880813206804141,3,1
XI-IATI-EC_NEAR,European Commission - Directorate-General for Neighbourhood and Enlargement Negotiations,JO,2017,54691200,0,185722200,370261423.89162564,0.5015974876560738,0.466022890610084,0.21442285098719888,3,2
XI-IATI-EC_NEAR,European Commission - Directorate-General for Neighbourhood and Enlargement Negotiations,JO,2019,102966445.4364,0,288688645.4364,2800933779.665816,0.10306871498791519,0.6971426971773803,0.6865195371681202,4,3
XI-IATI-EC_NEAR,European Commission - Directorate-General for Neighbourhood and Enlargement Negotiations,JO,2020,45576000,0,334264645.4364,2846509779.665816,0.11742964939879572,0.6785012693791338,0.6647115468212097,4,2
XI-IATI-EC_NEAR,European Commission - Directorate-General for Neighbourhood and Enlargement Negotiations,JO,2021,808060.2353820001,0,335072705.671782,534725299.4367363,0.6266258694412582,0.5023849718381685,0.1097249915851558,3,1
XI-IATI-EC_NEAR,European Commission - Directorate-General for Neighbourhood and Enlargement Negotiations,JO,2022,201873263.375394,48994200,536945969.047176,736598562.8121302,0.7289533215993041,0.5891965663677653,0.05782362129710672,3,6
XI-IATI-EC_NEAR,European Commission - Directorate-General for Neighbourhood and Enlargement Negotiations,JO,2023,156063600.909,12533400,693009569.956176,960955591.657779,0.7211671132072195,0.5626850140189628,0.04260300884732826,3,5
XI-IATI-EC_NEAR,European Commission - Directorate-General for Neighbourhood and Enlargement Negotiations,MA,2014,79758000,0,79758000,595001361.7120532,0.13404675204524713,0.5074261668793008,0.4894576351454208,3,1
XI-IATI-EC_NEAR,European Commission - Directorate-General for Neighbourhood and Enlargement Negotiations,MA,2016,158946300,0,238704300,1857992710.8911362,0.1284742930371949,0.39652423198031667,0.38001858800890964,3,3
XI-IATI-EC_NEAR,European Commission - Directorate-General for Neighbourhood and Enlargement Negotiations,MA,2017,118155780,0,356860080,2174365725.4576645,0.16412146117916177,0.3789059164934621,0.351970062473879,3,4
XI-IATI-EC_NEAR,European Commission - Directorate-General for Neighbourhood and Enlargement Negotiations,MA,2018,105316160.165604,0,462176240.165604,1679592235.9454107,0.27517169362565774,0.6010955346943103,0.5253760737214974,2,4
XI-IATI-EC_NEAR,European Commission - Directorate-General for Neighbourhood and Enlargement Negotiations,MA,2019,176607000,13672800,638783240.165604,4281936157.157171,0.14918093514726757,0.3842314651705229,0.36197651375910966,3,3
XI-IATI-EC_NEAR,European Commission - Directorate-General for Neighbourhood and Enlargement Negotiations,MA,2020,153819000,0,792602240.165604,5442921884.297,0.14562072670054044,0.3862148045283015,0.365009408483508,3,2
XI-IATI-EC_NEAR,European Commission - Directorate-General for Neighbourhood and Enlargement Negotiations,MA,2021,263563454.023506,8830350,1056165694.18911,6562159008.329063,0.16094789730766426,0.37790862756448146,0.352004401916723,3,5
XI-IATI-EC_NEAR,European Commission - Directorate-General for Neighbourhood and Enlargement Negotiations,MA,2022,388937150.297928,5981850,1445102844.487038,7781759680.128685,0.18570386440707207,0.3662731240771797,0.3317871988214595,3,7
XI-IATI-EC_NEAR,European Commission - Directorate-General for Neighbourhood and Enlargement Negotiations,MA,2023,268468122.863304,19825560,1713570967.350342,9309227250.271442,0.18407231033063212,0.37057772976025766,0.33669511432980115,3,5
XI-IATI-EC_NEAR,European Commission - Directorate-General for Neighbourhood and Enlargement Negotiations,MD,2015,64945800,0,64945800,64945800,1,1,NA,1,1
XI-IATI-EC_NEAR,European Commission - Directorate-General for Neighbourhood and Enlargement Negotiations,MD,2020,17091000,0,82036800,82036800,1,1,NA,1,1
XI-IATI-EC_NEAR,European Commission - Directorate-General for Neighbourhood and Enlargement Negotiations,MD,2021,68364000,0,150400800,150400800,1,1,NA,1,1
XI-IATI-EC_NEAR,European Commission - Directorate-General for Neighbourhood and Enlargement Negotiations,MD,2022,89588944.81683,0,239989744.81682998,494989744.81683,0.48483781195434206,0.5004597838926638,0.2653920799919898,2,2
XI-IATI-EC_NEAR,European Commission - Directorate-General for Neighbourhood and Enlargement Negotiations,MD,2023,119836358.231562,0,359826103.048392,798056682.5798347,0.4508778773522723,0.4120418165614369,0.2087509562757462,3,2
XI-IATI-EC_NEAR,European Commission - Directorate-General for Neighbourhood and Enlargement Negotiations,ME,2015,28639086.759000003,0,28639086.759000003,28639086.759000003,1,1,NA,1,1
XI-IATI-EC_NEAR,European Commission - Directorate-General for Neighbourhood and Enlargement Negotiations,ME,2020,20014671.915,0,48653758.674,48653758.674,1,1,NA,1,1
XI-IATI-EC_NEAR,European Commission - Directorate-General for Neighbourhood and Enlargement Negotiations,ME,2021,84597.954714,0,48738356.628714,48738356.628714,1,1,NA,1,1
XI-IATI-EC_NEAR,European Commission - Directorate-General for Neighbourhood and Enlargement Negotiations,ME,2022,86112851.937012,0,134851208.565726,134851208.565726,1,1,NA,1,3
XI-IATI-EC_NEAR,European Commission - Directorate-General for Neighbourhood and Enlargement Negotiations,ME,2023,34182000,0,169033208.565726,169033208.565726,1,1,NA,1,1
XI-IATI-EC_NEAR,European Commission - Directorate-General for Neighbourhood and Enlargement Negotiations,MK,2019,58109400,0,58109400,247359400,0.23491890746824257,0.6405359712356604,0.5853490781495877,2,1
XI-IATI-EC_NEAR,European Commission - Directorate-General for Neighbourhood and Enlargement Negotiations,MK,2020,45576000,0,103685400,103685400,1,1,NA,1,1
XI-IATI-EC_NEAR,European Commission - Directorate-General for Neighbourhood and Enlargement Negotiations,MK,2022,82606500,0,186291900,186291900,1,1,NA,1,1
XI-IATI-EC_NEAR,European Commission - Directorate-General for Neighbourhood and Enlargement Negotiations,MK,2023,91152000,0,277443900,566693900,0.48958335355294985,0.5002170130464058,0.260525152970253,2,1
XI-IATI-EC_NEAR,European Commission - Directorate-General for Neighbourhood and Enlargement Negotiations,PS,2022,34751700,0,34751700,55260900,0.6288659793814433,0.5332128812838771,0.13774046126049527,2,1
XI-IATI-EC_NEAR,European Commission - Directorate-General for Neighbourhood and Enlargement Negotiations,RS,2015,91152000,0,91152000,191152000,0.4768561145057337,0.5010712788715435,0.2736795249300381,2,1
XI-IATI-EC_NEAR,European Commission - Directorate-General for Neighbourhood and Enlargement Negotiations,RS,2016,63122760,0,154274760,354274760,0.4354664159535384,0.5083291669397635,0.3186981675163434,2,2
XI-IATI-EC_NEAR,European Commission - Directorate-General for Neighbourhood and Enlargement Negotiations,RS,2022,369720578.952,0,523995338.952,523995338.952,1,1,NA,1,3
XI-IATI-EC_NEAR,European Commission - Directorate-General for Neighbourhood and Enlargement Negotiations,RS,2023,188099415.675,0,712094754.6270001,1642094754.627,0.43365022184042695,0.508804586123649,0.3207520712213975,2,2
XI-IATI-EC_NEAR,European Commission - Directorate-General for Neighbourhood and Enlargement Negotiations,TN,2015,128752200,0,128752200,1093532646.9528058,0.11773969470301204,0.5216296413143278,0.5077670056055693,4,2
XI-IATI-EC_NEAR,European Commission - Directorate-General for Neighbourhood and Enlargement Negotiations,TN,2016,56970000,0,185722200,913877026.3442035,0.20322449809570925,0.6761513970610875,0.6348512004348346,2,1
XI-IATI-EC_NEAR,European Commission - Directorate-General for Neighbourhood and Enlargement Negotiations,TN,2017,307638000,0,493360200,2615508410.670807,0.18862879506989103,0.3743149708604301,0.33873414853091116,4,4
XI-IATI-EC_NEAR,European Commission - Directorate-General for Neighbourhood and Enlargement Negotiations,TN,2019,314542764,0,807902964,1823884122.324695,0.4429573974087011,0.5010965008261804,0.30488524490709046,3,4
XI-IATI-EC_NEAR,European Commission - Directorate-General for Neighbourhood and Enlargement Negotiations,TN,2020,256507425,0,1064410389,4206532621.064518,0.2530374740635286,0.3571636484067545,0.2931356851263036,3,5
XI-IATI-EC_NEAR,European Commission - Directorate-General for Neighbourhood and Enlargement Negotiations,TN,2021,114167880,0,1178578269,4398400578.534271,0.2679561008499028,0.3488202656807613,0.27701979369807805,4,2
XI-IATI-EC_NEAR,European Commission - Directorate-General for Neighbourhood and Enlargement Negotiations,TN,2022,883035,0,1179461304,1179461304,1,1,NA,1,2
XI-IATI-EC_NEAR,European Commission - Directorate-General for Neighbourhood and Enlargement Negotiations,TN,2023,174495058.00875,0,1353956362.00875,1353956362.00875,1,1,NA,1,3
XI-IATI-EC_NEAR,European Commission - Directorate-General for Neighbourhood and Enlargement Negotiations,UA,2016,118497600,0,118497600,118497600,1,1,NA,1,1
XI-IATI-EC_NEAR,European Commission - Directorate-General for Neighbourhood and Enlargement Negotiations,UA,2018,5127300,0,123624900,123624900,1,1,NA,1,1
XI-IATI-EC_NEAR,European Commission - Directorate-General for Neighbourhood and Enlargement Negotiations,UA,2020,11793929.00121,0,135418829.00121,1735418829.00121,0.07803236125952831,0.8561133762884185,0.850024326884681,2,1
XI-IATI-EC_NEAR,European Commission - Directorate-General for Neighbourhood and Enlargement Negotiations,UA,2022,713264400,0,848683229.00121,3412767229.00121,0.24867890836187734,0.5738374502064931,0.5119962507424382,3,2
XI-IATI-EC_NEAR,European Commission - Directorate-General for Neighbourhood and Enlargement Negotiations,UA,2023,284850000,0,1133533229.00121,5072283229.00121,0.22347593338639637,0.6529311188330493,0.6029896260301283,2,1
XI-IATI-EC_NEAR,European Commission - Directorate-General for Neighbourhood and Enlargement Negotiations,XK,2016,28485000,0,28485000,28485000,1,1,NA,1,1
XI-IATI-EC_NEAR,European Commission - Directorate-General for Neighbourhood and Enlargement Negotiations,XK,2022,2848500,0,31333500,87733500,0.3571440783737113,0.5408156286873926,0.413263735969985,2,1
XI-IATI-EC_NEAR,European Commission - Directorate-General for Neighbourhood and Enlargement Negotiations,XK,2023,85455000,0,116788500,116788500,1,1,NA,1,1
XI-IATI-IADB,Inter-American Development Bank,AR,2017,200000000,200000000,200000000,200000000,1,1,NA,1,1
XI-IATI-IADB,Inter-American Development Bank,AR,2018,500000000,500000000,700000000,1200000000,0.5833333333333334,0.513888888888889,0.1736111111111111,2,2
XI-IATI-IADB,Inter-American Development Bank,AR,2019,500000000,500000000,1200000000,2200000000,0.5454545454545454,0.5041322314049586,0.2066115702479338,2,2
XI-IATI-IADB,Inter-American Development Bank,AR,2022,500000000,500000000,1700000000,1700000000,1,1,NA,1,1
XI-IATI-IADB,Inter-American Development Bank,AR,2023,350000000,350000000,2050000000,2050032085.504,0.9999843487795987,0.9999686980491189,2.4496071837631916e-10,2,1
XI-IATI-IADB,Inter-American Development Bank,BB,2020,200000000,200000000,200000000,200000000,1,1,NA,1,2
XI-IATI-IADB,Inter-American Development Bank,BB,2021,100000000,100000000,300000000,404044870,0.7424917930525884,0.6126491775832801,0.06135511483283229,3,1
XI-IATI-IADB,Inter-American Development Bank,BB,2022,200000000,0,500000000,500000000,1,1,NA,1,2
XI-IATI-IADB,Inter-American Development Bank,BB,2023,100000000,200000000,600000000,800000000,0.75,0.625,0.0625,2,2
XI-IATI-IADB,Inter-American Development Bank,BO,2014,106000000,106000000,106000000,174364000,0.607923653965268,0.5232950301704299,0.1537238611199469,2,1
XI-IATI-IADB,Inter-American Development Bank,BO,2015,142530000,142530000,248530000,448530000,0.554098945444006,0.5058533917963071,0.19882775045414758,2,1
XI-IATI-IADB,Inter-American Development Bank,BO,2016,190000000,190000000,438530000,438530000,1,1,NA,1,2
XI-IATI-IADB,Inter-American Development Bank,BO,2017,260000000,260000000,698530000,698928790,0.9994294268519115,0.9988595048112576,3.2555371731746163e-7,2,2
XI-IATI-IADB,Inter-American Development Bank,BO,2018,51600000,51600000,750130000,750130000,1,1,NA,1,1
XI-IATI-IADB,Inter-American Development Bank,BO,2019,200000000,200000000,950130000,1058373000,0.8977269828311947,0.8163735057440109,0.010459770040810779,2,2
XI-IATI-IADB,Inter-American Development Bank,BR,2014,0,581177375,0,896000000,0,1,1,2,4
XI-IATI-IADB,Inter-American Development Bank,BR,2022,104000000,0,104000000,2434121279,0.042725890816223376,0.9181992218596329,0.9163737201135931,2,1
XI-IATI-IADB,Inter-American Development Bank,BR,2023,0,52000000,104000000,2569359524,0.04047701344578354,0.922322750343413,0.9206843617259229,2,1
XI-IATI-IADB,Inter-American Development Bank,BS,2020,200000000,200000000,200000000,200000000,1,1,NA,1,1
XI-IATI-IADB,Inter-American Development Bank,BS,2021,140000000,140000000,340000000,440000000,0.7727272727272727,0.6487603305785123,0.051652892561983466,2,1
XI-IATI-IADB,Inter-American Development Bank,BS,2022,200000000,0,540000000,540000000,1,1,NA,1,1
XI-IATI-IADB,Inter-American Development Bank,BS,2023,560000000,160000000,1100000000,1100000000,1,1,NA,1,2
XI-IATI-IADB,Inter-American Development Bank,CL,2015,220000000,0,220000000,320000000,0.6875,0.5703125,0.09765625,2,2
XI-IATI-IADB,Inter-American Development Bank,CL,2016,200000000,160000000,420000000,520000000,0.8076923076923077,0.6893491124260356,0.03698224852071008,2,4
XI-IATI-IADB,Inter-American Development Bank,CL,2017,135000000,150000000,555000000,555000000,1,1,NA,1,4
XI-IATI-IADB,Inter-American Development Bank,CL,2018,0,165000000,555000000,555000000,1,1,NA,1,4
XI-IATI-IADB,Inter-American Development Bank,CL,2019,150000000,50000000,705000000,705000000,1,1,NA,1,3
XI-IATI-IADB,Inter-American Development Bank,CL,2020,300000000,405000000,1005000000,1005000000,1,1,NA,1,4
XI-IATI-IADB,Inter-American Development Bank,CL,2021,650000000,625000000,1655000000,1655000000,1,1,NA,1,6
XI-IATI-IADB,Inter-American Development Bank,CL,2022,300000000,150000000,1955000000,1955000000,1,1,NA,1,3
XI-IATI-IADB,Inter-American Development Bank,CL,2023,100000000,300000000,2055000000,2055000000,1,1,NA,1,2
XI-IATI-IADB,Inter-American Development Bank,CO,2014,800000000,400000000,800000000,2200000000,0.36363636363636365,0.5371900826446281,0.4049586776859504,2,2
XI-IATI-IADB,Inter-American Development Bank,CO,2015,500000000,900000000,1300000000,4343439935.739236,0.29930194022097034,0.5069835630055185,0.4174019115854812,4,2
XI-IATI-IADB,Inter-American Development Bank,CO,2016,800000000,800000000,2100000000,5956429095.739236,0.35256022798998415,0.49143810429179374,0.3671393899314441,3,2
XI-IATI-IADB,Inter-American Development Bank,CO,2017,750000000,750000000,2850000000,8005824095.739236,0.3559908344122616,0.47462548872392,0.34789601453838176,3,2
XI-IATI-IADB,Inter-American Development Bank,CO,2018,950000000,600000000,3800000000,9069764095.739237,0.4189745135471772,0.4480227694335258,0.272483126431432,3,2
XI-IATI-IADB,Inter-American Development Bank,CO,2019,900000000,950000000,4700000000,10211475040,0.46026651209441727,0.4934948003255837,0.28164953817002336,3,3
XI-IATI-IADB,Inter-American Development Bank,CO,2020,850000000,1150000000,5550000000,12672869040,0.4379434508856883,0.4985799039847504,0.3067854378110851,3,2
XI-IATI-IADB,Inter-American Development Bank,CO,2021,317589000,300000000,5867589000,14936089000,0.3928464138102016,0.5229637820666692,0.36863547722313306,2,2
XI-IATI-IADB,Inter-American Development Bank,CO,2022,500000000,535178000,6367589000,17302421740,0.3680172114449916,0.5264310579147126,0.39099438999496494,3,3
XI-IATI-IADB,Inter-American Development Bank,CO,2023,1000000000,1000000000,7367589000,19063815740,0.38646979704809087,0.5176467412159984,0.36828783718560587,3,2
XI-IATI-IADB,Inter-American Development Bank,CR,2019,350000000,350000000,350000000,350000000,1,1,NA,1,1
XI-IATI-IADB,Inter-American Development Bank,CR,2020,230000000,230000000,580000000,880000000,0.6590909090909091,0.5506198347107438,0.11621900826446285,2,1
XI-IATI-IADB,Inter-American Development Bank,CR,2021,250000000,0,830000000,1430000000,0.5804195804195804,0.5129346178297227,0.17604772849528094,2,1
XI-IATI-IADB,Inter-American Development Bank,CR,2022,0,250000000,830000000,1430000000,0.5804195804195804,0.5129346178297227,0.17604772849528094,2,1
XI-IATI-IADB,Inter-American Development Bank,DO,2014,400000000,0,400000000,400000000,1,1,NA,1,2
XI-IATI-IADB,Inter-American Development Bank,DO,2015,300000000,400000000,700000000,760000000,0.9210526315789473,0.8545706371191135,0.006232686980609414,2,3
XI-IATI-IADB,Inter-American Development Bank,DO,2016,0,300000000,700000000,718230400,0.9746176157400188,0.9505237623414804,6.442654307213802e-4,2,1
XI-IATI-IADB,Inter-American Development Bank,DO,2017,300000000,0,1000000000,1210000000,0.8264462809917356,0.7131343487466704,0.030120893381599623,2,1
XI-IATI-IADB,Inter-American Development Bank,DO,2018,400000000,300000000,1400000000,1435093520,0.9755461790392587,0.9522883367976773,5.979893595799979e-4,2,2
XI-IATI-IADB,Inter-American Development Bank,DO,2019,250000000,400000000,1650000000,1690790520,0.9758748824780494,0.9529138075469947,5.82021295447932e-4,2,2
XI-IATI-IADB,Inter-American Development Bank,DO,2020,250000000,500000000,1900000000,2210000000,0.8597285067873304,0.7588091971908848,0.01967609180811203,2,2
XI-IATI-IADB,Inter-American Development Bank,DO,2021,250000000,0,2150000000,2150000000,1,1,NA,1,1
XI-IATI-IADB,Inter-American Development Bank,DO,2022,200000000,0,2350000000,3345602720,0.7024145413176852,0.5726041904166278,0.07921800256209371,3,1
XI-IATI-IADB,Inter-American Development Bank,DO,2023,300000000,250000000,2650000000,3990000000,0.6641604010025063,0.5538972745146074,0.11278823625479739,2,2
XI-IATI-IADB,Inter-American Development Bank,EC,2015,500000000,500000000,500000000,500000000,1,1,NA,1,1
XI-IATI-IADB,Inter-American Development Bank,EC,2018,100000000,60000000,600000000,600000000,1,1,NA,1,1
XI-IATI-IADB,Inter-American Development Bank,EC,2019,300000000,40000000,900000000,1401156739.3892,0.6423264255163438,0.539924423687599,0.12734118677099582,3,2
XI-IATI-IADB,Inter-American Development Bank,EC,2020,280000000,430000000,1180000000,2680000000,0.44029850746268656,0.5071285364223657,0.3132657607484962,2,2
XI-IATI-IADB,Inter-American Development Bank,EC,2021,600000000,350000000,1780000000,1780000000,1,1,NA,1,3
XI-IATI-IADB,Inter-American Development Bank,EC,2022,335000000,650000000,2115000000,4815000000,0.4392523364485981,0.5073805572539085,0.3144379421783561,2,3
XI-IATI-IADB,Inter-American Development Bank,EC,2023,500000000,950000000,2615000000,5815000000,0.44969905417024936,0.505060370302735,0.30283113098111814,2,1
XI-IATI-IADB,Inter-American Development Bank,GT,2014,250000000,0,250000000,590000000,0.423728813559322,0.5116345877621373,0.33208848032174665,2,1
XI-IATI-IADB,Inter-American Development Bank,GT,2015,0,250000000,250000000,590000000,0.423728813559322,0.5116345877621373,0.33208848032174665,2,1
XI-IATI-IADB,Inter-American Development Bank,GT,2016,250000000,0,500000000,1090000000,0.45871559633027525,0.5034088039727296,0.29298880565608953,2,1
XI-IATI-IADB,Inter-American Development Bank,GT,2020,0,250000000,500000000,1790000000,0.27932960893854747,0.5973908429824287,0.5193658125526669,2,1
XI-IATI-IADB,Inter-American Development Bank,GT,2022,300000000,0,800000000,2340000000,0.3418803418803419,0.5500036525677551,0.4331214844035356,2,1
XI-IATI-IADB,Inter-American Development Bank,GY,2015,17160000,17160000,17160000,17160000,1,1,NA,1,1
XI-IATI-IADB,Inter-American Development Bank,GY,2018,11640000,5820000,28800000,63800000,0.45141065830721006,0.5047218482522774,0.30095026581892864,2,1
XI-IATI-IADB,Inter-American Development Bank,GY,2019,0,5820000,28800000,28800000,1,1,NA,1,1
XI-IATI-IADB,Inter-American Development Bank,GY,2020,34000000,0,62800000,62800000,1,1,NA,1,1
XI-IATI-IADB,Inter-American Development Bank,GY,2021,0,34000000,62800000,62800000,1,1,NA,1,1
XI-IATI-IADB,Inter-American Development Bank,GY,2022,130000000,130000000,192800000,198064028,0.9734225944349673,0.9482579058430709,7.063584865681927e-4,2,1
XI-IATI-IADB,Inter-American Development Bank,GY,2023,30000000,30000000,222800000,292800000,0.7609289617486339,0.6361678461584401,0.057154961330586174,2,1
XI-IATI-IADB,Inter-American Development Bank,HN,2014,130000000,130000000,130000000,185000000,0.7027027027027027,0.5821767713659606,0.08838568298027755,3,1
XI-IATI-IADB,Inter-American Development Bank,HN,2015,100000000,100000000,230000000,369182000,0.622998954445233,0.4775908315461208,0.08946313430626729,4,2
XI-IATI-IADB,Inter-American Development Bank,HN,2017,100000000,50000000,330000000,368169900,0.8963253106785753,0.8141475037689385,0.01074844120589391,3,2
XI-IATI-IADB,Inter-American Development Bank,HN,2018,139780000,189780000,469780000,576769660,0.8145019278579945,0.6978229252527903,0.034409534768400696,3,3
XI-IATI-IADB,Inter-American Development Bank,HN,2019,119500000,59500000,589280000,732730460,0.8042247895631363,0.6851054451694691,0.038327933021598315,3,2
XI-IATI-IADB,Inter-American Development Bank,HN,2020,111650000,171650000,700930000,1092421800,0.6416294511881766,0.47724094258392397,0.06555258995188329,3,2
XI-IATI-IADB,Inter-American Development Bank,HN,2021,118480000,0,819410000,819410000,1,1,NA,1,1
XI-IATI-IADB,Inter-American Development Bank,HN,2022,195000000,313480000,1014410000,1348410000,0.7523008580476265,0.627311445943137,0.06135486492394204,2,2
XI-IATI-IADB,Inter-American Development Bank,HN,2023,56100000,0,1070510000,1070510000,1,1,NA,1,1
XI-IATI-IADB,Inter-American Development Bank,HT,2014,27000000,27000000,27000000,27000000,1,1,NA,1,2
XI-IATI-IADB,Inter-American Development Bank,HT,2015,27000000,27000000,54000000,54000000,1,1,NA,1,1
XI-IATI-IADB,Inter-American Development Bank,JM,2014,140000000,140000000,140000000,140000000,1,1,NA,1,2
XI-IATI-IADB,Inter-American Development Bank,JM,2015,155000000,155000000,295000000,397345600,0.7424267438723369,0.5915612876190035,0.04036381760212304,3,2
XI-IATI-IADB,Inter-American Development Bank,JM,2016,150000000,150000000,445000000,445000000,1,1,NA,1,2
XI-IATI-IADB,Inter-American Development Bank,JM,2017,110000000,0,555000000,746202670,0.7437657654052618,0.5947804023987976,0.04159288860992261,3,1
XI-IATI-IADB,Inter-American Development Bank,JM,2018,50000000,105000000,605000000,605000000,1,1,NA,1,2
XI-IATI-IADB,Inter-American Development Bank,JM,2019,0,55000000,605000000,673990670,0.8976385385275437,0.8162328146446418,0.01047786879477719,2,1
XI-IATI-IADB,Inter-American Development Bank,JM,2020,100000000,100000000,705000000,920000000,0.7663043478260869,0.641836011342155,0.054613657844990504,2,1
XI-IATI-IADB,Inter-American Development Bank,JM,2021,75000000,75000000,780000000,1145000000,0.6812227074235808,0.5656833393718655,0.10161896226235195,2,1
XI-IATI-IADB,Inter-American Development Bank,JM,2022,100000000,100000000,880000000,959814970,0.9168433786774549,0.8475168046944721,0.00691502366978114,2,1
XI-IATI-IADB,Inter-American Development Bank,MX,2014,800000000,343000000,800000000,800000000,1,1,0,2,1
XI-IATI-IADB,Inter-American Development Bank,MX,2015,0,457000000,800000000,800000000,1,1,NA,1,1
XI-IATI-IADB,Inter-American Development Bank,MX,2016,1200000000,800000000,2000000000,2000000000,1,1,NA,1,2
XI-IATI-IADB,Inter-American Development Bank,MX,2017,650000000,1050000000,2650000000,2650000000,1,1,NA,1,2
XI-IATI-IADB,Inter-American Development Bank,MX,2018,1200000000,600000000,3850000000,3850000000,1,1,NA,1,2
XI-IATI-IADB,Inter-American Development Bank,MX,2019,1200000000,1200000000,5050000000,5550000000,0.9099099099099099,0.8360522684847009,0.008116224332440525,2,3
XI-IATI-IADB,Inter-American Development Bank,MX,2020,800000000,600000000,5850000000,8100000000,0.7222222222222222,0.5987654320987654,0.0771604938271605,2,2
XI-IATI-IADB,Inter-American Development Bank,MX,2021,700000000,800000000,6550000000,9550000000,0.6858638743455497,0.5690907595734767,0.09868150544118859,2,2
XI-IATI-IADB,Inter-American Development Bank,MX,2022,1200000000,700000000,7750000000,11450000000,0.6768558951965066,0.5625560153315154,0.10442211246925115,2,3
XI-IATI-IADB,Inter-American Development Bank,MX,2023,600000000,700000000,8350000000,12750000000,0.6549019607843137,0.5479892349096501,0.11909265667051133,2,2
XI-IATI-IADB,Inter-American Development Bank,NI,2014,45000000,45000000,45000000,45000000,1,1,NA,1,1
XI-IATI-IADB,Inter-American Development Bank,NI,2015,65000000,65000000,110000000,110000000,1,1,NA,1,1
XI-IATI-IADB,Inter-American Development Bank,NI,2017,130000000,130000000,240000000,240000000,1,1,NA,1,2
XI-IATI-IADB,Inter-American Development Bank,PA,2014,300000000,300000000,300000000,300000000,1,1,0,2,1
XI-IATI-IADB,Inter-American Development Bank,PA,2015,300000000,300000000,600000000,900000000,0.6666666666666666,0.5555555555555556,0.11111111111111116,2,2
XI-IATI-IADB,Inter-American Development Bank,PA,2016,400000000,400000000,1000000000,1300000000,0.7692307692307693,0.6449704142011835,0.053254437869822535,2,2
XI-IATI-IADB,Inter-American Development Bank,PA,2017,300000000,300000000,1300000000,1300000000,1,1,NA,1,1
XI-IATI-IADB,Inter-American Development Bank,PA,2018,400000000,400000000,1700000000,2100000000,0.8095238095238095,0.691609977324263,0.03628117913832196,2,2
XI-IATI-IADB,Inter-American Development Bank,PA,2019,350000000,350000000,2050000000,2050000000,1,1,NA,1,2
XI-IATI-IADB,Inter-American Development Bank,PA,2020,200000000,200000000,2250000000,2950000000,0.7627118644067796,0.6380350474001724,0.056305659293306554,2,1
XI-IATI-IADB,Inter-American Development Bank,PA,2021,300000000,450000000,2550000000,3250000000,0.7846153846153846,0.6620118343195267,0.04639053254437875,2,2
XI-IATI-IADB,Inter-American Development Bank,PA,2022,150000000,150000000,2700000000,3750000000,0.72,0.5968,0.07840000000000003,2,1
XI-IATI-IADB,Inter-American Development Bank,PA,2023,200000000,200000000,2900000000,4100000000,0.7073170731707317,0.585960737656157,0.08566329565734676,2,1
XI-IATI-IADB,Inter-American Development Bank,PE,2014,75000000,75000000,75000000,109182000,0.6869264164422707,0.5698829703278985,0.09801506872167853,2,3
XI-IATI-IADB,Inter-American Development Bank,PE,2015,600000000,0,675000000,1171849000,0.5760127798035413,0.4517313608850062,0.11994063838800328,4,2
XI-IATI-IADB,Inter-American Development Bank,PE,2016,0,300000000,675000000,3575000000,0.1888111888111888,0.6936769524182111,0.6580272873979167,2,1
XI-IATI-IADB,Inter-American Development Bank,PE,2018,100000000,0,775000000,3743364000,0.2070330323206613,0.6433628782577832,0.6005002017858951,3,1
XI-IATI-IADB,Inter-American Development Bank,PE,2019,50000000,100000000,825000000,3725000000,0.2214765100671141,0.6551506688887887,0.6060988243772802,2,2
XI-IATI-IADB,Inter-American Development Bank,PE,2020,400000000,350000000,1225000000,4236527600,0.2891518988333748,0.5686882205975826,0.4850793999986364,3,3
XI-IATI-IADB,Inter-American Development Bank,PE,2021,1100000000,1000000000,2325000000,6436527600,0.3612196116427746,0.5264903775553696,0.3960107697200127,3,3
XI-IATI-IADB,Inter-American Development Bank,PE,2022,300000000,500000000,2625000000,7925000000,0.3312302839116719,0.5569664341370697,0.44725293315686293,2,2
XI-IATI-IADB,Inter-American Development Bank,PE,2023,300000000,300000000,2925000000,8975000000,0.32590529247910865,0.5606179343735694,0.45440367470767606,2,2
XI-IATI-IADB,Inter-American Development Bank,PY,2015,200000000,0,200000000,300000000,0.6666666666666666,0.5555555555555556,0.11111111111111116,2,1
XI-IATI-IADB,Inter-American Development Bank,PY,2016,0,100000000,200000000,300000000,0.6666666666666666,0.5555555555555556,0.11111111111111116,2,1
XI-IATI-IADB,Inter-American Development Bank,PY,2017,200000000,100000000,400000000,500000000,0.8,0.6800000000000002,0.040000000000000036,2,2
XI-IATI-IADB,Inter-American Development Bank,PY,2018,300000000,100000000,700000000,700000000,1,1,NA,1,2
XI-IATI-IADB,Inter-American Development Bank,PY,2019,90000000,100000000,790000000,844691200,0.9352530250107969,0.8788903915620987,0.004192170770252468,2,2
XI-IATI-IADB,Inter-American Development Bank,PY,2020,300000000,600000000,1090000000,1487988400,0.7325325923239724,0.5815890040752835,0.04498500525840432,3,4
XI-IATI-IADB,Inter-American Development Bank,PY,2021,250000000,0,1340000000,1340000000,1,1,NA,1,1
XI-IATI-IADB,Inter-American Development Bank,PY,2022,450000000,495000000,1790000000,2330000000,0.7682403433476395,0.643905763598519,0.05371253845162005,2,4
XI-IATI-IADB,Inter-American Development Bank,PY,2023,150000000,45000000,1940000000,2480000000,0.782258064516129,0.6593392299687825,0.047411550468262176,2,2
XI-IATI-IADB,Inter-American Development Bank,SR,2014,15000000,15000000,15000000,15000000,1,1,NA,1,2
XI-IATI-IADB,Inter-American Development Bank,SR,2015,0,15000000,15000000,15000000,1,1,NA,1,1
XI-IATI-IADB,Inter-American Development Bank,SR,2016,70000000,70000000,85000000,85000000,1,1,NA,1,1
XI-IATI-IADB,Inter-American Development Bank,SR,2022,150000000,150000000,235000000,235000000,1,1,NA,1,1
XI-IATI-IADB,Inter-American Development Bank,SR,2023,150000000,150000000,385000000,385000000,1,1,NA,1,1
XI-IATI-IADB,Inter-American Development Bank,SV,2018,350000000,350000000,350000000,411527600,0.8504897362898625,0.7456861104890746,0.02235331895467485,2,1
XI-IATI-IADB,Inter-American Development Bank,SV,2019,200000000,200000000,550000000,552124981,0.9961512681491946,0.9923321617721081,1.4812736859437514e-5,2,1
XI-IATI-IADB,Inter-American Development Bank,SV,2020,250000000,250000000,800000000,802124981,0.9973508105964349,0.9947156576018619,7.01820449600099e-6,2,1
XI-IATI-IADB,Inter-American Development Bank,TT,2020,100000000,200000000,100000000,100000000,1,1,NA,1,1
XI-IATI-IADB,Inter-American Development Bank,UY,2014,120000000,0,120000000,120000000,1,1,NA,1,1
XI-IATI-IADB,Inter-American Development Bank,UY,2015,497000000,0,617000000,617000000,1,1,NA,1,2
XI-IATI-IADB,Inter-American Development Bank,UY,2017,250000000,0,867000000,867000000,1,1,NA,1,1
XI-IATI-IADB,Inter-American Development Bank,UY,2018,0,250000000,867000000,867000000,1,1,NA,1,2
XI-IATI-IADB,Inter-American Development Bank,UY,2019,250000000,0,1117000000,1117000000,1,1,0,2,1
XI-IATI-IADB,Inter-American Development Bank,UY,2020,350000000,1050750000,1467000000,1867000000,0.7857525441885378,0.6633090330204445,0.04590197232168447,2,6
XI-IATI-IADB,Inter-American Development Bank,UY,2021,145000000,0,1612000000,2012000000,0.8011928429423459,0.6814342572793854,0.039524285697346784,2,1
XI-IATI-IADB,Inter-American Development Bank,UY,2022,155000000,350000000,1767000000,1767000000,1,1,NA,1,2
XI-IATI-IADB,Inter-American Development Bank,UY,2023,200000000,500000000,1967000000,2717000000,0.7239602502760397,0.6003163874074127,0.07619794342766661,2,3
XM-DAC-21-1,DFAT / Irish Aid,MZ,2014,0,0,0,314201467.65346104,0,0.4314290951515634,0.4314290951515634,8,1
XM-DAC-21-1,DFAT / Irish Aid,MZ,2015,0,0,0,441576461.848008,0,0.5286518505537117,0.5286518505537117,6,1
XM-DAC-21-1,DFAT / Irish Aid,TZ,2015,0,0,0,503742303.54196054,0,0.5552287436128743,0.5552287436128743,6,1
XM-DAC-3-1,"Ministry of Foreign Affairs, Denmark",NP,2019,0,0,0,377671925.17024004,0,0.37871053416453904,0.37871053416453904,5,1
XM-DAC-46002,African Development Bank,AO,2014,988399010.4379264,558569034.0341223,988399010.4379264,988399010.4379264,1,1,NA,1,1
XM-DAC-46002,African Development Bank,AO,2016,0,388740905.0768436,988399010.4379264,988399010.4379264,1,1,NA,1,1
XM-DAC-46002,African Development Bank,AO,2019,164965113.05154416,0,1153364123.4894705,2103364123.4894705,0.5483425863402316,0.5046740113081255,0.20399441931383117,2,1
XM-DAC-46002,African Development Bank,AO,2020,0,164721621.65534097,1153364123.4894705,1153364123.4894705,1,1,NA,1,1
XM-DAC-46002,African Development Bank,AO,2023,103769609.11681068,0,1257133732.6062813,3907133732.6062813,0.32175344348085605,0.5635436698218648,0.46001839143007633,2,1
XM-DAC-46002,African Development Bank,BF,2014,27122064.206062596,0,27122064.206062596,27122064.206062596,1,1,0,3,1
XM-DAC-46002,African Development Bank,BF,2015,27122064.206062596,54244128.41212519,54244128.41212519,166559399.3480858,0.3256743757748704,0.47199464884696374,0.36593084981061225,4,2
XM-DAC-46002,African Development Bank,BF,2018,13561032.103031298,0,67805160.5151565,827019252.0113565,0.08198740277236666,0.4161612971709082,0.40943936295754996,5,1
XM-DAC-46002,African Development Bank,BF,2019,0,13561032.103031298,67805160.5151565,955504252.0113565,0.0709626988811669,0.4120035235060815,0.40696781887358235,5,1
XM-DAC-46002,African Development Bank,BF,2020,54244128.41212519,54244128.41212519,122049288.92728168,1313214515.1044996,0.09293933894537372,0.40024615139752673,0.39160843067392365,5,1
XM-DAC-46002,African Development Bank,BI,2020,1356103.21030313,659768.743719547,1356103.21030313,1356103.21030313,1,1,NA,1,1
XM-DAC-46002,African Development Bank,BI,2022,0,696334.4665835828,1356103.21030313,1356103.21030313,1,1,NA,1,1
XM-DAC-46002,African Development Bank,BJ,2017,27013575.94923835,27013575.94923835,27013575.94923835,27013575.94923835,1,1,NA,1,1
XM-DAC-46002,African Development Bank,BJ,2018,9492722.47212191,2942743.966357792,36506298.421360254,91506298.42136025,0.3989484773305901,0.5204228204676125,0.3612629329032161,2,1
XM-DAC-46002,African Development Bank,BJ,2019,6837848.026937635,8644212.761744872,43344146.448297895,198344146.4482979,0.2185300006299725,0.6584507210907267,0.6106953599153909,3,2
XM-DAC-46002,African Development Bank,BJ,2020,6916126.372545962,11659740.143502843,50260272.82084385,355260272.8208439,0.14147450943998424,0.7570810547625998,0.7370660179413157,3,2
XM-DAC-46002,African Development Bank,BJ,2023,42446030.48248797,42446030.48248797,92706303.30333182,972730530.686725,0.09530522624583741,0.6686804964534593,0.659597410303689,5,1
XM-DAC-46002,African Development Bank,BW,2022,135139797.79145032,134585701.42404398,135139797.79145032,385139797.7914503,0.3508850515225832,0.5444705357188453,0.42135021633683944,2,1
XM-DAC-46002,African Development Bank,BW,2023,177220555.2700205,0,312360353.06147087,804838774.7630738,0.38810301249889784,0.4108296409816938,0.26020569267097415,3,1
XM-DAC-46002,African Development Bank,CD,2020,135610321.030313,67805160.5151565,135610321.030313,135610321.030313,1,1,NA,1,1
XM-DAC-46002,African Development Bank,CD,2021,0,67805160.5151565,135610321.030313,135610321.030313,1,1,NA,1,1
XM-DAC-46002,African Development Bank,CF,2014,20341548.154546943,20341548.154546943,20341548.154546943,20341548.154546943,1,1,NA,1,1
XM-DAC-46002,African Development Bank,CF,2015,9980919.627831036,9980919.627831036,30322467.78237798,30322467.78237798,1,1,NA,1,1
XM-DAC-46002,African Development Bank,CF,2017,16652947.422522437,16652947.422522437,46975415.204900414,46975415.204900414,1,1,NA,1,1
XM-DAC-46002,African Development Bank,CF,2018,9492722.47212191,9492722.47212191,56468137.67702232,81468137.67702232,0.6931315639113826,0.574599601957713,0.09416823706747385,2,1
XM-DAC-46002,African Development Bank,CF,2020,14239083.708182864,14239083.708182864,70707221.3852052,321980221.3852052,0.21960113289261235,0.4594178784326452,0.4111932208649264,3,1
XM-DAC-46002,African Development Bank,CF,2023,11526877.287576606,11526877.287576606,82234098.6727818,82234098.6727818,1,1,NA,1,2
XM-DAC-46002,African Development Bank,CG,2019,214966177.55188113,204925574.81824827,214966177.55188113,214966177.55188113,1,1,NA,1,1
XM-DAC-46002,African Development Bank,CG,2023,105902396.5733984,102127908.31928636,320868574.12527955,450868574.12527955,0.7116676400607201,0.5896063796977492,0.08313554978815452,2,1
XM-DAC-46002,African Development Bank,CI,2014,145414947.2408046,35605843.80132003,145414947.2408046,215414947.2408046,0.6750457621599047,0.5612820377002838,0.10559525669023717,2,2
XM-DAC-46002,African Development Bank,CI,2015,0,7661984.657048279,145414947.2408046,315414947.2408046,0.46102744499862613,0.5030377200866702,0.290491415044709,2,1
XM-DAC-46002,African Development Bank,CI,2016,0,16204364.116424177,145414947.2408046,390414947.2408046,0.37246255111004734,0.5325316017387146,0.39380324975931,2,1
XM-DAC-46002,African Development Bank,CI,2017,49134331.515703,49134331.515703,194549278.7565076,564549278.7565076,0.34460991462964474,0.5482921572628126,0.42953616400176153,2,1
XM-DAC-46002,African Development Bank,CI,2019,86632772.10549942,81971299.35029095,281182050.862007,349773930.862007,0.8038965344531039,0.6847062073052133,0.03845656919950269,2,1
XM-DAC-46002,African Development Bank,CI,2020,87213696.54749684,85230966.19641529,368395747.4095039,1038395747.4095039,0.354773936939307,0.5421812187842168,0.4163166724528014,2,1
XM-DAC-46002,African Development Bank,CI,2021,35141305.46631643,0,403537052.8758203,1373537052.8758202,0.2937940786023365,0.5850417640389188,0.49872680341712294,2,1
XM-DAC-46002,African Development Bank,CI,2022,175804206.6457194,140458065.35603812,579341259.5215397,1949341259.5215397,0.297198480097701,0.5822569129493651,0.49392997637698155,2,2
XM-DAC-46002,African Development Bank,CI,2023,37398941.91403119,0,616740201.435571,2286740201.4355707,0.26970278523480434,0.6060736142572134,0.5333340218938024,2,1
XM-DAC-46002,African Development Bank,CM,2017,207200341.11420155,0,207200341.11420155,516582741.11420155,0.40109807127372754,0.35560705455489466,0.19472739177539045,3,1
XM-DAC-46002,African Development Bank,CM,2018,171906702.11972493,374009623.4372605,379107043.2339265,493047043.2339265,0.7689064328371986,0.6446213392424536,0.05340423678402817,2,2
XM-DAC-46002,African Development Bank,CM,2019,92141992.33259246,0,471249035.5665189,1042159035.5665189,0.45218533782643583,0.37868299657510496,0.17421141682989705,3,1
XM-DAC-46002,African Development Bank,CM,2020,100267253.55197334,187482912.8825737,571516289.1184922,744705089.1184922,0.7674397522850238,0.6430480422045498,0.05408426881725115,2,2
XM-DAC-46002,African Development Bank,CM,2022,166199722.459917,87274342.36452869,737716011.5784093,1533692811.5784092,0.48100636973005334,0.4007424341618341,0.1693753064409493,3,2
XM-DAC-46002,African Development Bank,CM,2023,16842801.871964876,38790286.92431724,754558813.4503741,754558813.4503741,1,1,NA,1,2
XM-DAC-46002,African Development Bank,CV,2014,17091009.130642917,17330540.1087866,17091009.130642917,32591009.130642913,0.5244087122964691,0.5011915704719437,0.2261870729395028,2,1
XM-DAC-46002,African Development Bank,CV,2015,17243276.277550936,16020751.48459399,34334285.40819386,59834285.40819386,0.5738229373671443,0.5108996521630267,0.1816268887143691,2,1
XM-DAC-46002,African Development Bank,CV,2017,22788012.169670213,22656800.789794512,57122297.577864066,57122297.577864066,1,1,NA,1,1
XM-DAC-46002,African Development Bank,CV,2018,22788012.169670213,22419692.40866984,79910309.74753428,79910309.74753428,1,1,NA,1,1
XM-DAC-46002,African Development Bank,CV,2019,22788012.169670213,21911042.789124597,102698321.9172045,178198321.9172045,0.5763147532046949,0.5116478831133869,0.17950918835199847,2,1
XM-DAC-46002,African Development Bank,CV,2020,34573008.51497206,33251789.622284576,137271330.43217656,237771330.43217656,0.5773249877631178,0.5119583074651326,0.1786541659694485,2,1
XM-DAC-46002,African Development Bank,CV,2021,23048672.34783505,22240862.18329905,160320002.7800116,311215262.7800116,0.5151418389570978,0.4454983918903721,0.18012727764627168,3,1
XM-DAC-46002,African Development Bank,CV,2022,23048672.34783505,21557945.15104956,183368675.12784666,366368675.12784666,0.5005031477209644,0.5000005063152582,0.24949710543666465,2,1
XM-DAC-46002,African Development Bank,CV,2023,11394006.09161562,0,194762681.21946228,402762681.2194623,0.483566850408709,0.5005400968109794,0.26670319799678066,2,1
XM-DAC-46002,African Development Bank,DJ,2022,6373685.088424711,0,6373685.088424711,6373685.088424711,1,1,NA,1,1
XM-DAC-46002,African Development Bank,DJ,2023,1356103.21030313,0,7729788.29872784,7729788.29872784,1,1,NA,1,1
XM-DAC-46002,African Development Bank,DZ,2016,1025460547.7029648,959506988.4202348,1025460547.7029648,1025460547.7029648,1,1,NA,1,1
XM-DAC-46002,African Development Bank,EG,2015,495869244.664073,0,495869244.664073,497487192.664073,0.9967477594923886,0.9935166731214158,1.0577068319306271e-5,3,1
XM-DAC-46002,African Development Bank,EG,2016,493210940.8508463,491498452.50994366,989080185.5149193,989080185.5149193,1,1,NA,1,2
XM-DAC-46002,African Development Bank,EG,2017,0,497658911.0898053,989080185.5149193,2139080874.8519192,0.46238559614226354,0.5028293402537278,0.2890289007338914,3,1
XM-DAC-46002,African Development Bank,EG,2018,500001183.64756507,483228407.9348312,1489081369.1624844,2639081369.162484,0.5642423104351065,0.5082541489000812,0.1898847640149341,2,1
XM-DAC-46002,African Development Bank,EG,2020,260241903.61632043,0,1749323272.7788048,1749481545.6934047,0.999909531532362,0.9998190794338111,8.184543598410698e-9,2,1
XM-DAC-46002,African Development Bank,EG,2021,0,254640702.94966012,1749323272.7788048,3259323272.778805,0.5367136446356185,0.5026957834048609,0.21463424706681183,2,1
XM-DAC-46002,African Development Bank,EG,2022,364584699.5214312,0,2113907972.300236,3623907972.3002357,0.5833227522492676,0.5138853620847856,0.17361992879312527,2,2
XM-DAC-46002,African Development Bank,EG,2023,0,362690615.2504655,2113907972.300236,2385178009.2916045,0.8862684311465979,0.7984066018009082,0.01293486975385616,2,2
XM-DAC-46002,African Development Bank,ET,2014,0,74585676.56667215,0,156196150,0,0.9502409823425866,0.9502409823425866,3,1
XM-DAC-46002,African Development Bank,ET,2016,7567055913.491466,81366192.6181878,7567055913.491466,7860988848.430016,0.9626086564163929,0.9272942735838487,6.788481760755527e-4,4,1
XM-DAC-46002,African Development Bank,ET,2017,0,81366192.6181878,7567055913.491466,7574917773.491466,0.9989621194268916,0.997925949787786,6.33737918809274e-7,3,1
XM-DAC-46002,African Development Bank,ET,2018,120232110.6254755,81366192.6181878,7687288024.116941,9044606899.055492,0.8499305840389489,0.740287391841869,0.017905394157080146,3,2
XM-DAC-46002,African Development Bank,ET,2019,0,81366192.6181878,7687288024.116941,9134423884.116941,0.8415733845550677,0.7261348437108974,0.017889082119425526,5,1
XM-DAC-46002,African Development Bank,ET,2020,162732385.2363756,201598303.2436633,7850020409.353316,10044089095.705317,0.7815562301921289,0.6490441971585135,0.03821405620638141,4,2
XM-DAC-46002,African Development Bank,ET,2022,4325018.6125165615,0,7854345427.965834,7883229217.965834,0.9963360459018273,0.9926940902014687,8.573838180536697e-6,3,1
XM-DAC-46002,African Development Bank,ET,2023,0,111815.59166105016,7854345427.965834,7883229217.965834,0.9963360459018273,0.9926940902014687,8.573838180536697e-6,3,1
XM-DAC-46002,African Development Bank,GA,2017,581753884.6254511,552475758.5566723,581753884.6254511,781753884.6254511,0.7441650064894494,0.6192331007879857,0.06545154390454344,2,2
XM-DAC-46002,African Development Bank,GA,2018,116350776.92509022,0,698104661.5505413,898104661.5505413,0.7773088053515855,0.6538003470510472,0.049591368173938055,2,1
XM-DAC-46002,African Development Bank,GA,2019,0,110411177.89768744,698104661.5505413,1098104661.5505414,0.6357359967535392,0.5368485216293535,0.13268826406113748,2,1
XM-DAC-46002,African Development Bank,GA,2020,116932530.8140552,113030157.18592311,815037192.3645965,1215037192.3645964,0.6707919703910004,0.5583397943000807,0.10837792675904001,2,1
XM-DAC-46002,African Development Bank,GA,2021,58175388.46254511,0,873212580.8271416,873212580.8271416,1,1,NA,1,1
XM-DAC-46002,African Development Bank,GA,2022,0,53532929.80674174,873212580.8271416,873212580.8271416,1,1,NA,1,1
XM-DAC-46002,African Development Bank,GH,2015,54244128.41212519,54244128.41212519,54244128.41212519,274852681.8938252,0.19735710067795353,0.37621468417939363,0.33726485899138575,4,1
XM-DAC-46002,African Development Bank,GH,2017,47463612.36060955,47463612.36060955,101707740.77273473,515028454.71688473,0.19747984764966878,0.5159349824578402,0.4769366922301038,3,1
XM-DAC-46002,African Development Bank,GH,2020,67127108.91000493,67127108.91000493,168834849.68273968,168834849.68273968,1,1,NA,1,1
XM-DAC-46002,African Development Bank,GH,2023,105801816.3646399,61024644.46364085,274636666.04737955,274636666.04737955,1,1,NA,1,1
XM-DAC-46002,African Development Bank,GM,2014,0,827140.3444773376,0,0,NA,0,NA,1,1
XM-DAC-46002,African Development Bank,GM,2015,2712206.4206062597,0,2712206.4206062597,2712206.4206062597,1,1,NA,1,1
XM-DAC-46002,African Development Bank,GM,2016,0,1022883.780598774,2712206.4206062597,2712206.4206062597,1,1,NA,1,1
XM-DAC-46002,African Development Bank,GM,2018,6780516.051515649,6917575.870584358,9492722.47212191,9492722.47212191,1,1,NA,1,2
XM-DAC-46002,African Development Bank,GM,2019,2910197.489310517,350745.2465192221,12402919.961432425,69372919.96143243,0.17878618873658159,0.706356625092742,0.6743921238097894,2,1
XM-DAC-46002,African Development Bank,GM,2020,13561032.103031298,16328296.259731736,25963952.064463723,111963952.06446372,0.23189563770949126,0.6437598981584008,0.5899843113697092,2,3
XM-DAC-46002,African Development Bank,GM,2021,0,681842.7001642243,25963952.064463723,25963952.064463723,1,1,NA,1,2
XM-DAC-46002,African Development Bank,GM,2022,0,495336.7407686665,25963952.064463723,151963952.06446373,0.17085599388366596,0.7166715535246186,0.6874797828786433,2,1
XM-DAC-46002,African Development Bank,GM,2023,13561032.103031298,6780516.051515649,39524984.16749502,328070984.167495,0.1204769274789499,0.4336491594017277,0.4191344693469596,3,1
XM-DAC-46002,African Development Bank,GN,2014,8665499.513837,8665499.513837,8665499.513837,58665499.513836995,0.14771031672189433,0.7482160418883759,0.7263977042222935,2,1
XM-DAC-46002,African Development Bank,GN,2016,14266205.772388926,7030423.660203932,22931705.286225926,112931705.28622593,0.20305816890044662,0.6763489021135112,0.6351162821563089,2,1
XM-DAC-46002,African Development Bank,GN,2017,0,7214469.078812651,22931705.286225926,91295705.28622593,0.2511805480261261,0.6238222393611579,0.5607305716544528,2,1
XM-DAC-46002,African Development Bank,GN,2020,32546477.04727512,32546477.04727512,55478182.33350104,375478182.33350104,0.1477534113665894,0.7481553184077505,0.7263242478372859,2,1
XM-DAC-46002,African Development Bank,GW,2015,6780516.05151565,6780516.05151565,6780516.05151565,6780516.05151565,1,1,NA,1,1
XM-DAC-46002,African Development Bank,GW,2021,8078306.823775745,0,14858822.875291396,14858822.875291396,1,1,NA,1,1
XM-DAC-46002,African Development Bank,GW,2022,0,8027025.279119944,14858822.875291396,14858822.875291396,1,1,NA,1,1
XM-DAC-46002,African Development Bank,GW,2023,6780516.051515649,5316971.916458619,21639338.926807046,21639338.926807046,1,1,NA,1,1
XM-DAC-46002,African Development Bank,KE,2020,323134316.81554425,207296221.1777214,323134316.81554425,2334092216.815544,0.1384411097760327,0.7178122906644235,0.698646349788404,3,2
XM-DAC-46002,African Development Bank,KE,2021,102546054.77029648,98658186.29332244,425680371.5858407,3125680371.5858407,0.13618806819005236,0.7647182434545721,0.7461710535372337,2,1
XM-DAC-46002,African Development Bank,KE,2022,103493586.56752647,121212545.54133609,529173958.1533672,3979173958.153367,0.13298588192383107,0.7693987257344563,0.7517134809433972,2,3
XM-DAC-46002,African Development Bank,KE,2023,94666480.01714116,90101979.32756267,623840438.1705084,5073840438.170508,0.12295231704122107,0.7843299104491677,0.7692126381833627,2,3
XM-DAC-46002,African Development Bank,KM,2014,5424412.841212519,2712206.4206062597,5424412.841212519,9224412.841212519,0.5880496606762342,0.5155054854904,0.16970308206896578,2,1
XM-DAC-46002,African Development Bank,KM,2015,0,2712206.4206062597,5424412.841212519,12224412.841212519,0.4437360641915691,0.5063312609453106,0.30942956628108625,2,1
XM-DAC-46002,African Development Bank,KM,2020,20341548.15454695,10170774.077273471,25765960.99575947,42565960.99575947,0.6053184373853638,0.5221839465065896,0.15577353586793097,2,1
XM-DAC-46002,African Development Bank,KM,2021,0,10170774.077273477,25765960.99575947,25765960.99575947,1,1,NA,1,1
XM-DAC-46002,African Development Bank,LR,2018,9492722.47212191,5424412.841212519,9492722.47212191,29492722.47212191,0.3218666056039735,0.5634630123981006,0.4598649005950768,2,1
XM-DAC-46002,African Development Bank,LR,2020,13764447.584576769,17832757.215486158,23257170.05669868,83257170.05669868,0.27934134730811044,0.5973804820156,0.5193488936996896,2,2
XM-DAC-46002,African Development Bank,LR,2022,5424412.841212519,0,28681582.8979112,183681582.8979112,0.15614838703699652,0.7364678634745183,0.7120855447002626,2,1
XM-DAC-46002,African Development Bank,LR,2023,0,5395115.506090937,28681582.8979112,248681582.89791122,0.11533456785855173,0.7959349893691343,0.7826329268260155,2,1
XM-DAC-46002,African Development Bank,MA,2014,115243361.71205318,166371955.7178058,115243361.71205318,595001361.7120532,0.19368587893723915,0.5074261668793008,0.4699119471796099,3,2
XM-DAC-46002,African Development Bank,MA,2015,242748385.01668686,234595464.05173805,357991746.72874004,1187991746.72874,0.3013419476309561,0.5789300435421237,0.4881230741401058,2,3
XM-DAC-46002,African Development Bank,MA,2016,431296664.16239613,226567819.12837827,789288410.8911362,1857992710.8911362,0.4248070545511318,0.39652423198031667,0.2160631983839084,3,3
XM-DAC-46002,African Development Bank,MA,2017,198217234.5665284,443166770.996207,987505645.4576646,2174365725.4576645,0.4541580258996276,0.3789059164934621,0.17264640400441528,3,3
XM-DAC-46002,African Development Bank,MA,2018,229910350.32214233,158021449.34886706,1217415995.7798069,1679592235.9454107,0.7248283063743424,0.6010955346943103,0.07571946097281279,2,1
XM-DAC-46002,African Development Bank,MA,2019,620736921.2117597,382161657.38866055,1838152916.9915667,4281936157.157171,0.429280785496797,0.3842314651705229,0.1999494723737759,3,4
XM-DAC-46002,African Development Bank,MA,2020,507166727.1398293,355952646.76087976,2345319644.131396,5442921884.297,0.43089349690976025,0.3862148045283015,0.2005455988491799,3,3
XM-DAC-46002,African Development Bank,MA,2021,405673670.0085571,47379222.1934427,2750993314.139953,6562159008.329063,0.41922076417963,0.37790862756448146,0.2021625784451285,3,4
XM-DAC-46002,African Development Bank,MA,2022,330663521.5016945,505694870.946438,3081656835.6416473,7781759680.128685,0.396010280748054,0.3662731240771797,0.20944898161902717,3,7
XM-DAC-46002,African Development Bank,MA,2023,308999447.27945364,321974510.34503335,3390656282.921101,9309227250.271442,0.36422532093866705,0.37057772976025766,0.23791764534738263,3,5
XM-DAC-46002,African Development Bank,MG,2014,33902580.25757825,0,33902580.25757825,78902580.25757825,0.4296764459020597,0.5098908045219318,0.3252689563589062,2,1
XM-DAC-46002,African Development Bank,MG,2015,0,33902580.25757825,33902580.25757825,133902580.25757825,0.2531884015406008,0.6218319302681674,0.5577275635934829,2,1
XM-DAC-46002,African Development Bank,MG,2016,16951290.128789123,16951290.128789123,50853870.386367366,215853870.38636738,0.23559397056602016,0.6398210968020851,0.5843165778350223,2,1
XM-DAC-46002,African Development Bank,MG,2019,13520349.006722204,0,64374219.39308958,529374219.3930896,0.1216043717937238,0.7863665028912448,0.7715788796518985,2,1
XM-DAC-46002,African Development Bank,MG,2020,40683096.3090939,13520349.006722204,105057315.70218347,745057315.7021835,0.14100568303684344,0.7577538392236867,0.7378712365749999,2,2
XM-DAC-46002,African Development Bank,MG,2021,0,40683096.3090939,105057315.70218347,745057315.7021835,0.14100568303684344,0.7577538392236867,0.7378712365749999,2,1
XM-DAC-46002,African Development Bank,ML,2014,19803175.18005661,0,19803175.18005661,82803175.1800566,0.23915961117426165,0.6360754168855249,0.5788780972685009,3,1
XM-DAC-46002,African Development Bank,ML,2015,20341548.15454695,40144723.33460356,40144723.33460356,355744006.33460355,0.11284722333970816,0.54062996091507165,0.5278954650995896,5,2
XM-DAC-46002,African Development Bank,ML,2017,43599531.87317181,31394602.98044364,83744255.20777537,393313538.20777535,0.21291983893912106,0.6571486780658286,0.6118138202519673,4,2
XM-DAC-46002,African Development Bank,ML,2018,0,12204928.892728169,83744255.20777537,550495538.2077754,0.15212522063379103,0.45863349570452355,0.43549141295164395,5,1
XM-DAC-46002,African Development Bank,ML,2019,16869923.936170936,0,100614179.1439463,473614179.1439463,0.21243911938153034,0.6653825201241397,0.6202521406805396,3,1
XM-DAC-46002,African Development Bank,ML,2020,48819715.570912674,65689639.50708361,149433894.71485898,491253894.714859,0.30418872261887236,0.5766841126992578,0.48415333373075653,3,2
XM-DAC-46002,African Development Bank,MR,2016,9086759.415085563,0,9086759.415085563,35086759.41508556,0.25897972815291426,0.6161815428824864,0.549111043288329,2,1
XM-DAC-46002,African Development Bank,MR,2017,0,9086759.415085563,9086759.415085563,61086759.41508556,0.14875170171232818,0.7467507340999705,0.7246236653376571,2,1
XM-DAC-46002,African Development Bank,MR,2018,5424412.841212519,5424412.841212519,14511172.256298084,14511172.256298084,1,1,NA,1,1
XM-DAC-46002,African Development Bank,MR,2020,10170774.077273477,10170774.077273477,24681946.33357156,196681946.33357155,0.12549167218282,0.7805129752088407,0.7647648154216004,2,1
XM-DAC-46002,African Development Bank,MU,2014,0,130712590.44191337,0,0,NA,0,NA,2,2
XM-DAC-46002,African Development Bank,MU,2020,218615666.00262815,207898626.85057235,218615666.00262815,227616926.00262815,0.9604543468797392,0.9240364111208943,0.0015638586807079635,2,1
XM-DAC-46002,African Development Bank,MU,2023,247771543.20477027,253274615.87698516,466387209.2073984,466387209.2073984,1,1,NA,1,1
XM-DAC-46002,African Development Bank,MW,2015,25765960.99575947,25765960.99575947,25765960.99575947,25765960.99575947,1,1,0,2,1
XM-DAC-46002,African Development Bank,MW,2020,44615795.61897297,44615795.61897297,70381756.61473244,220381756.61473244,0.3193628987075033,0.5652595247267114,0.46326686365585235,2,1
XM-DAC-46002,African Development Bank,MZ,2014,26220255.571211018,26220255.571211018,26220255.571211018,314201467.65346104,0.08345045542603846,0.4314290951515634,0.4244651166407502,8,1
XM-DAC-46002,African Development Bank,MZ,2015,20341548.15454695,0,46561803.72575797,441576461.848008,0.1054444875320023,0.5286518505537117,0.517533310602825,6,1
XM-DAC-46002,African Development Bank,MZ,2016,0,20341548.15454695,46561803.72575797,47766263.46575797,0.9747843006212232,0.9508402642327682,6.358314951608879e-4,4,1
XM-DAC-46002,African Development Bank,MZ,2020,40683096.3090939,40683096.3090939,87244900.03485186,497893019.77485186,0.1752282047944841,0.6924983194014027,0.6617933956459051,4,1
XM-DAC-46002,African Development Bank,MZ,2022,1356103.21030313,453223.25391540903,88601003.24515499,865383203.245155,0.10238354859778247,0.6810467810517409,0.6705643900282664,3,1
XM-DAC-46002,African Development Bank,MZ,2023,20341548.15454695,20840594.135938503,108942551.39970195,1185724751.399702,0.09187844925316731,0.7305033189886659,0.7220616695514991,4,2
XM-DAC-46002,African Development Bank,NE,2014,0,13561032.103031298,0,70000000,0,1,1,2,1
XM-DAC-46002,African Development Bank,NE,2015,27122064.206062596,27122064.206062596,27122064.206062596,177122064.2060626,0.15312640086730794,0.7406425875505351,0.7171948929079597,2,1
XM-DAC-46002,African Development Bank,NE,2016,13561032.103031298,0,40683096.30909389,509715096.3090939,0.07981536470802005,0.4847264681701329,0.4783559757266586,3,1
XM-DAC-46002,African Development Bank,NE,2017,0,13561032.103031298,40683096.30909389,725291096.309094,0.056092093941487134,0.450518735826787,0.4473724128240464,3,1
XM-DAC-46002,African Development Bank,NE,2018,67805160.5151565,40683096.3090939,108488256.82425039,1020454456.8242503,0.10631366848244848,0.41193688137119505,0.4006342852649991,3,2
XM-DAC-46002,African Development Bank,NE,2019,0,27122064.206062596,108488256.82425039,1370454456.8242505,0.07916224890511857,0.45388451370013144,0.4476178520484155,3,1
XM-DAC-46002,African Development Bank,NE,2020,108488256.8242504,88146708.66970344,216976513.6485008,1770012221.4355009,0.12258475451233342,0.4409735646848982,0.42594654264604914,3,1
XM-DAC-46002,African Development Bank,NE,2021,0,20341548.15454695,216976513.6485008,2242195221.4355006,0.09676967980940922,0.4457198877415208,0.43635551681110524,3,1
XM-DAC-46002,African Development Bank,NE,2022,5424412.841212519,4339530.272970016,222400926.4897133,2626104634.2767134,0.0846885244353439,0.4792308095699724,0.47205866339893654,3,1
XM-DAC-46002,African Development Bank,NG,2015,0,191134550.52637148,0,275000000,0,1,1,2,2
XM-DAC-46002,African Development Bank,NG,2016,592283953.0544192,0,592283953.0544192,867283953.0544192,0.6829181503572168,0.5669180994602108,0.10054089937288857,2,1
XM-DAC-46002,African Development Bank,NG,2017,0,608754994.9078325,592283953.0544192,592283953.0544192,1,1,NA,1,1
XM-DAC-46002,African Development Bank,NG,2020,288500682.97425985,271312803.77050936,880784636.028679,880784636.028679,1,1,NA,1,1
XM-DAC-46002,African Development Bank,NG,2023,134000317.21966296,101864758.44411568,1014784953.248342,1014784953.248342,1,1,NA,1,1
XM-DAC-46002,African Development Bank,RW,2014,66449057.304853365,46107509.15030642,66449057.304853365,173866811.34585336,0.3821836772095271,0.3324151570203394,0.18635079389494338,5,1
XM-DAC-46002,African Development Bank,RW,2016,55857891.23238592,69025653.40442932,122306948.53723928,904648748.5372393,0.13519827307007498,0.37744228537747154,0.359163712336341,4,2
XM-DAC-46002,African Development Bank,RW,2017,81366192.6181878,0,203673141.1554271,1115207933.155427,0.1826324357101225,0.3515054120299444,0.31815080545653235,4,1
XM-DAC-46002,African Development Bank,RW,2018,262486272.83169273,124440832.36258948,466159413.9871198,1046159413.9871198,0.4455911859651431,0.5059206380893593,0.30736913307953656,2,2
XM-DAC-46002,African Development Bank,RW,2019,22240092.64897133,128255802.58934349,488399506.6360911,1193399506.6360912,0.409250635617215,0.5164708942717589,0.3489848115186644,2,2
XM-DAC-46002,African Development Bank,RW,2020,96283327.93152222,127065185.31828421,584682834.5676134,2008751026.5676134,0.29106784605689573,0.3652724939625077,0.28055200295430693,3,4
XM-DAC-46002,African Development Bank,RW,2021,0,20504280.539783325,584682834.5676134,2262369626.5676136,0.25843824444137065,0.3748722658986248,0.3080819397086872,3,1
XM-DAC-46002,African Development Bank,RW,2023,101707740.77273476,53411947.90665129,686390575.3403481,2141424456.538748,0.3205299039358983,0.5643975303775739,0.4616581110604177,3,3
XM-DAC-46002,African Development Bank,SC,2014,0,9309483.894240225,0,7000000,0,1,1,2,1
XM-DAC-46002,African Development Bank,SC,2015,9910861.722223956,0,9910861.722223956,21910861.722223956,0.4523264236646372,0.5045455397612073,0.29994634621596644,2,1
XM-DAC-46002,African Development Bank,SC,2016,0,9651087.160821635,9910861.722223956,21910861.722223956,0.4523264236646372,0.5045455397612073,0.29994634621596644,2,1
XM-DAC-46002,African Development Bank,SC,2020,9910861.722223956,9617207.60719657,19821723.444447912,46821723.44444791,0.423344592771464,0.5117521029147454,0.33253145868590867,2,1
XM-DAC-46002,African Development Bank,SC,2021,19821723.458008945,19174835.525022134,39643446.90245686,101643446.90245685,0.39002462146429456,0.5241891677681434,0.37206996241977713,2,1
XM-DAC-46002,African Development Bank,SC,2022,24777154.32590144,0,64420601.2283583,151420601.2283583,0.4254414571449575,0.5111179526253344,0.3301175191677097,2,1
XM-DAC-46002,African Development Bank,SC,2023,32705843.70639281,25802817.73837244,97126444.93475111,97126444.93475111,1,1,NA,1,2
XM-DAC-46002,African Development Bank,SD,2021,418635930.57836455,196284089.03088796,418635930.57836455,1737008411.5783646,0.24100973132189,0.6341519185399193,0.5760662279480696,2,2
XM-DAC-46002,African Development Bank,SD,2023,76999540.28101172,46199724.168607034,495635470.85937625,1814007951.8593762,0.273226735500991,0.6028522269830751,0.5281993779905465,2,1
XM-DAC-46002,African Development Bank,SL,2014,5424412.841212519,5424412.841212519,5424412.841212519,35424412.841212526,0.15312640086730792,0.7406425875505349,0.7171948929079595,3,1
XM-DAC-46002,African Development Bank,SL,2019,20341548.15454695,20341548.15454695,25765960.99575947,95765960.99575947,0.26905134901638367,0.6066745587823044,0.5342859303747685,2,1
XM-DAC-46002,African Development Bank,SL,2020,24409857.785456337,24409857.785456337,50175818.78121581,220175818.78121582,0.22788977944519187,0.6480879442607725,0.5961541926851943,2,1
XM-DAC-46002,African Development Bank,SL,2022,2034154.815454695,2034154.815454695,52209973.5966705,397209973.5966705,0.13144174886626797,0.7716703689575101,0.7543934356124871,2,1
XM-DAC-46002,African Development Bank,SL,2023,1356103.21030313,251473.16203941652,53566076.80697363,554362122.5499736,0.09662650933036078,0.583153665010489,0.5738169827051187,3,1
XM-DAC-46002,African Development Bank,SN,2016,47165269.65434286,47165269.65434286,47165269.65434286,191149784.03857931,0.2467450847070986,0.6282761042400292,0.567392967412916,2,1
XM-DAC-46002,African Development Bank,SN,2019,72027101.07172838,68472355.14444534,119192370.72607124,683176885.1103077,0.17446780376187068,0.4528058286870408,0.4223668141375502,3,1
XM-DAC-46002,African Development Bank,SN,2020,101414158.31420098,97539847.83165877,220606529.04027224,990327363.4245087,0.22276121733870355,0.35675025736467303,0.3071276974144519,5,1
XM-DAC-46002,African Development Bank,SN,2021,74908185.11351264,72060577.41518593,295514714.1537849,1001009034.1537849,0.2952168302892509,0.3893817348024727,0.3022287579164403,4,1
XM-DAC-46002,African Development Bank,SN,2022,263693291.4116628,29123081.975082956,559208005.5654477,1379208005.5654478,0.4054558872257876,0.5178771785205258,0.35348270203447524,2,2
XM-DAC-46002,African Development Bank,SN,2023,164728294.46967554,201091342.94900915,723936300.0351232,1843936300.0351233,0.3926037466811265,0.5230679104538632,0.36893020854580505,2,3
XM-DAC-46002,African Development Bank,SO,2020,120693185.71697856,116830724.28116362,120693185.71697856,579394280.7169787,0.20830924593806013,0.670166992010446,0.6267742500671628,2,1
XM-DAC-46002,African Development Bank,SO,2022,5424412.841212519,0,126117598.55819109,684818693.5581911,0.18416202674449117,0.6995072507002951,0.6655915986056564,2,1
XM-DAC-46002,African Development Bank,SO,2023,13561032.1030313,102060.84292663349,139678630.6612224,796167725.6612225,0.17543869986090982,0.6651171574175473,0.6343384200086609,3,2
XM-DAC-46002,African Development Bank,SS,2019,17425926.25239522,0,17425926.25239522,17425926.25239522,1,1,NA,1,1
XM-DAC-46002,African Development Bank,SS,2020,1356103.21030313,7648422.106109652,18782029.46269835,18782029.46269835,1,1,NA,1,2
XM-DAC-46002,African Development Bank,SS,2021,13561032.1030313,4068309.63090939,32343061.56572965,32343061.56572965,1,1,NA,1,1
XM-DAC-46002,African Development Bank,SS,2022,17493731.412910376,14727280.86389199,49836792.97864003,49836792.97864003,1,1,NA,1,5
XM-DAC-46002,African Development Bank,SS,2023,5831243.804303459,16151189.234710276,55668036.78294349,55668036.78294349,1,1,NA,1,6
XM-DAC-46002,African Development Bank,ST,2020,16951290.128789127,16951290.128789127,16951290.128789127,36951290.12878913,0.4587469089633275,0.50340363504016,0.29295490855675244,2,2
XM-DAC-46002,African Development Bank,ST,2023,5424412.841212519,0,22375702.970001645,69375702.97000164,0.32252938726512076,0.5629916367689872,0.45896643111937296,2,1
XM-DAC-46002,African Development Bank,SZ,2022,75322549.13500959,77652602.52479297,75322549.13500959,190322549.1350096,0.39576261182576866,0.5217308661867708,0.36510282126761673,2,2
XM-DAC-46002,African Development Bank,TD,2015,18124319.40570133,18124319.40570133,18124319.40570133,68124319.40570132,0.26604771341296524,0.6094673447986041,0.5386859589863369,2,1
XM-DAC-46002,African Development Bank,TD,2016,42238139.86034849,36433068.84800389,60362459.266049825,290629659.2660498,0.20769545482208507,0.36224378093378595,0.3191063789800332,3,1
XM-DAC-46002,African Development Bank,TD,2017,62380747.673943974,68185818.68628858,122743206.9399938,429404406.9399938,0.28584524275072537,0.35554953135518075,0.2738420285519596,3,2
XM-DAC-46002,African Development Bank,TD,2018,20341548.15454695,20341548.15454695,143084755.09454075,143084755.09454075,1,1,NA,1,1
XM-DAC-46002,African Development Bank,TD,2020,61024644.46364084,61024644.46364084,204109399.55818158,672298199.5581815,0.303599503452958,0.35107371567363765,0.258901057176755,3,1
XM-DAC-46002,African Development Bank,TG,2017,12923663.594188828,0,12923663.594188828,12923663.594188828,1,1,NA,1,1
XM-DAC-46002,African Development Bank,TG,2018,0,12923663.594188828,12923663.594188828,52923663.594188824,0.24419442488497498,0.6308729845198575,0.5712420673749539,2,1
XM-DAC-46002,African Development Bank,TG,2020,27122064.206062596,27122064.206062596,40045727.800251424,300045727.8002514,0.1334654157346008,0.7686952029252181,0.7508821857280082,2,1
XM-DAC-46002,African Development Bank,TG,2022,5424412.841212519,0,45470140.64146394,480670540.64146394,0.09459731104132818,0.5943566317129246,0.5854079804566749,3,1
XM-DAC-46002,African Development Bank,TG,2023,0,5424412.841212519,45470140.64146394,647761540.641464,0.07019580167793825,0.6451107078798727,0.6401832573066643,3,1
XM-DAC-46002,African Development Bank,TN,2015,211383963.9168058,195453168.0605148,211383963.9168058,1093532646.9528058,0.19330375229842464,0.5216296413143278,0.48426330066167705,4,1
XM-DAC-46002,African Development Bank,TN,2016,516770862.4273976,480379906.10341376,728154826.3442035,913877026.3442035,0.7967755019042908,0.6761513970610875,0.04130019662625295,2,2
XM-DAC-46002,African Development Bank,TN,2017,140596901.29060343,345323.70861681545,868751727.6348069,2615508410.670807,0.3321540562020199,0.3743149708604301,0.2639886538089755,4,1
XM-DAC-46002,African Development Bank,TN,2018,0,138445324.50871772,868751727.6348069,2627689124.2648067,0.3306143484069381,0.552852654674913,0.44354680730236873,3,1
XM-DAC-46002,African Development Bank,TN,2019,138292034.05988824,131088848.1801773,1007043761.6946951,1823884122.324695,0.552142402781122,0.5010965008261804,0.19623526787726958,3,1
XM-DAC-46002,African Development Bank,TN,2020,210078470.36982292,203134478.85631683,1217122232.064518,4206532621.064518,0.2893409707486137,0.3571636484067545,0.2734454510530044,3,1
XM-DAC-46002,African Development Bank,TN,2021,68762680.83975336,65595150.57491997,1285884912.9042714,4398400578.534271,0.29235284279922985,0.3488202656807613,0.2633500809879701,4,1
XM-DAC-46002,African Development Bank,TZ,2014,0,52074945.04391741,0,230330193.97783253,0,0.6673869540652785,0.6673869540652785,6,1
XM-DAC-46002,African Development Bank,TZ,2015,67805160.5151565,67805160.5151565,67805160.5151565,503742303.54196054,0.13460287142532687,0.5552287436128743,0.5371108106169312,6,1
XM-DAC-46002,African Development Bank,TZ,2016,159030223.47224805,0,226835383.98740453,479234373.8466586,0.473328701709501,0.4631376251896188,0.23909756532761706,3,2
XM-DAC-46002,African Development Bank,TZ,2017,0,113417691.99370226,226835383.98740453,245657373.8466586,0.9233811321657989,0.8585031661479873,0.005870450908194713,2,2
XM-DAC-46002,African Development Bank,TZ,2018,54244128.41212519,54244128.41212519,281079512.39952976,647418502.2587838,0.43415427798073286,0.4774607718254867,0.2889708347365152,3,1
XM-DAC-46002,African Development Bank,TZ,2019,0,45612531.47854578,281079512.39952976,281079512.39952976,1,1,NA,1,1
XM-DAC-46002,African Development Bank,TZ,2020,103063843.98303786,78653986.19758153,384143356.3825676,771539356.3825676,0.497892107777442,0.5000088864192437,0.2521123354321798,2,2
XM-DAC-46002,African Development Bank,TZ,2021,0,24409857.785456337,384143356.3825676,995453346.2418216,0.3858979005222502,0.503530766787045,0.3546135771595645,3,1
XM-DAC-46002,African Development Bank,TZ,2023,107800255.19150212,109498322.98852602,491943611.57406974,2914927809.239295,0.16876699656670113,0.40672196184124654,0.37823966271110165,5,1
XM-DAC-46002,African Development Bank,UG,2016,89231590.13950235,19271582.72161778,89231590.13950235,89231590.13950235,1,1,0,2,1
XM-DAC-46002,African Development Bank,UG,2017,0,15797835.103274042,89231590.13950235,89231590.13950235,1,1,0,2,1
XM-DAC-46002,African Development Bank,UG,2018,0,12013491.870839307,89231590.13950235,89231590.13950235,1,1,NA,1,1
XM-DAC-46002,African Development Bank,UG,2019,0,22167676.737541143,89231590.13950235,136288810.13950235,0.6547242583464246,0.5478791922417022,0.11921533777442656,2,1
XM-DAC-46002,African Development Bank,UG,2020,0,19250713.649314422,89231590.13950235,389231590.13950235,0.22925063740977794,0.6466104346860231,0.5940545799332336,2,1
XM-DAC-46002,African Development Bank,UG,2021,31190373.836971987,31920663.89388764,120421963.97647433,120421963.97647433,1,1,NA,1,2
XM-DAC-46002,African Development Bank,ZA,2020,305242621.42887175,291483181.5401807,305242621.42887175,462418065.94887173,0.6601009863282927,0.5512646516465843,0.11553133949499944,2,1
XM-DAC-46002,African Development Bank,ZA,2023,299936569.1944883,304300090.57413346,605179190.62336,2355179190.62336,0.2569567500565354,0.6181400426861627,0.552113271286546,2,1
XM-DAC-46002,African Development Bank,ZW,2022,20748379.117637888,0,20748379.117637888,20748379.117637888,1,1,NA,1,1
XM-DAC-46002,African Development Bank,ZW,2023,5017581.878121581,15391771.436940525,25765960.99575947,25765960.99575947,1,1,NA,1,1
XM-DAC-46004,Asian Development Bank,AF,2014,0,0,0,0,NA,0,NA,1,1
XM-DAC-46004,Asian Development Bank,AF,2015,0,0,0,0,NA,0,NA,1,1
XM-DAC-46004,Asian Development Bank,AF,2020,0,0,0,550000000,0,1,1,2,1
XM-DAC-46004,Asian Development Bank,AF,2021,0,0,0,682000000,0,1,1,2,1
XM-DAC-46004,Asian Development Bank,AF,2023,204000000,0,204000000,204000000,1,1,NA,1,3
XM-DAC-46004,Asian Development Bank,AM,2014,49000000,18996010.95,49000000,124000000,0.3951612903225806,0.5219823100936525,0.3658298647242456,2,2
XM-DAC-46004,Asian Development Bank,AM,2015,0,35605642.31,49000000,174000000,0.28160919540229884,0.5953890870656625,0.5160853481305324,2,2
XM-DAC-46004,Asian Development Bank,AM,2016,90000000,60000000,139000000,286788000,0.4846785779042359,0.43120282841608343,0.19628950453681096,3,1
XM-DAC-46004,Asian Development Bank,AM,2017,40000000,70000000,179000000,179000000,1,1,NA,1,2
XM-DAC-46004,Asian Development Bank,AM,2018,50000000,50000000,229000000,229000000,1,1,NA,1,1
XM-DAC-46004,Asian Development Bank,AM,2019,50000000,50850689.24,279000000,454000000,0.6145374449339207,0.5262376525839818,0.1485813813580702,2,2
XM-DAC-46004,Asian Development Bank,AM,2022,100000000,100000000,379000000,475271704.167112,0.7974385949699594,0.676939435555407,0.041031122807744125,2,1
XM-DAC-46004,Asian Development Bank,AM,2023,0,0,379000000,781035504.167112,0.48525322853813363,0.3858978162553363,0.15042712044865417,3,1
XM-DAC-46004,Asian Development Bank,AZ,2016,500000000,500000000,500000000,500000000,1,1,NA,1,1
XM-DAC-46004,Asian Development Bank,AZ,2017,250000000,0,750000000,750000000,1,1,NA,1,2
XM-DAC-46004,Asian Development Bank,AZ,2018,250000000,425000000,1000000000,1000000000,1,1,NA,1,2
XM-DAC-46004,Asian Development Bank,AZ,2019,250000000,325000000,1250000000,1250000000,1,1,NA,1,2
XM-DAC-46004,Asian Development Bank,AZ,2021,250000000,250000000,1500000000,1500000000,1,1,NA,1,1
XM-DAC-46004,Asian Development Bank,AZ,2022,0,0,1500000000,1500000000,1,1,NA,1,1
XM-DAC-46004,Asian Development Bank,BD,2014,0,153708624.41,0,0,NA,0,NA,2,6
XM-DAC-46004,Asian Development Bank,BD,2015,250000000,80000000,250000000,250000000,1,1,0,2,4
XM-DAC-46004,Asian Development Bank,BD,2016,0,0,250000000,250000000,1,1,0,2,3
XM-DAC-46004,Asian Development Bank,BD,2017,0,0,250000000,436857614.37880003,0.5722688394833025,0.5104455703205266,0.18295394567696072,3,3
XM-DAC-46004,Asian Development Bank,BD,2018,0,40837575.63,250000000,884547500,0.28263038446211197,0.3487580674787595,0.26887813325755827,5,3
XM-DAC-46004,Asian Development Bank,BD,2019,0,0,250000000,500000000,0.5,0.5,0.25,2,2
XM-DAC-46004,Asian Development Bank,BD,2020,500000000,668094601.29,750000000,1678266278,0.4468897515439442,0.3535893950013317,0.15387894496632348,3,4
XM-DAC-46004,Asian Development Bank,BD,2021,500000000,0,1250000000,2542206278,0.4916988880160416,0.3742933205354172,0.13252552405920537,3,4
XM-DAC-46004,Asian Development Bank,BD,2022,340000000,50000000,1590000000,2590000000,0.6138996138996139,0.5259462440929622,0.1490735081468672,2,2
XM-DAC-46004,Asian Development Bank,BD,2023,800000000,400000000,2390000000,4651345121.403206,0.5138298573035128,0.3849562319229757,0.12093510966642734,4,4
XM-DAC-46004,Asian Development Bank,BT,2014,0,19082339.009999998,0,0,NA,0,NA,1,2
XM-DAC-46004,Asian Development Bank,BT,2015,36200000,16100000,36200000,56200000,0.6441281138790036,0.5415458264206381,0.12664479933131545,2,3
XM-DAC-46004,Asian Development Bank,BT,2016,0,0,36200000,80200000,0.4513715710723192,0.504729448199949,0.30099315302765534,2,1
XM-DAC-46004,Asian Development Bank,BT,2017,0,19967303.06,36200000,80200000,0.4513715710723192,0.504729448199949,0.30099315302765534,2,1
XM-DAC-46004,Asian Development Bank,BT,2018,14000000,0,50200000,50200000,1,1,NA,1,1
XM-DAC-46004,Asian Development Bank,BT,2019,30000000,37000000,80200000,154200000,0.5201037613488976,0.5008083224407469,0.23030039987147588,2,2
XM-DAC-46004,Asian Development Bank,BT,2020,50000000,50000000,130200000,259000000,0.5027027027027027,0.5000146092037984,0.2473046018991965,2,4
XM-DAC-46004,Asian Development Bank,BT,2021,30000000,37000000,160200000,341091000,0.4696693844164754,0.4537148809422522,0.23312555028410128,3,3
XM-DAC-46004,Asian Development Bank,BT,2022,37350000,37350000,197550000,441537420,0.44741394738411977,0.4440930239871884,0.2439137836733485,3,1
XM-DAC-46004,Asian Development Bank,CK,2014,0,0,0,0,NA,0,NA,1,1
XM-DAC-46004,Asian Development Bank,CK,2016,10000000,0,10000000,10000000,1,1,NA,1,1
XM-DAC-46004,Asian Development Bank,CK,2017,0,0,10000000,10000000,1,1,NA,1,1
XM-DAC-46004,Asian Development Bank,CK,2018,0,0,10000000,10000000,1,1,NA,1,1
XM-DAC-46004,Asian Development Bank,CK,2019,0,0,10000000,10000000,1,1,NA,1,1
XM-DAC-46004,Asian Development Bank,CK,2020,30789986,31488792.48,40789986,40789986,1,1,NA,1,3
XM-DAC-46004,Asian Development Bank,CK,2021,75489958,37767206.04,116279944,116279944,1,1,NA,1,3
XM-DAC-46004,Asian Development Bank,CK,2022,0,0,116279944,116279944,1,1,NA,1,1
XM-DAC-46004,Asian Development Bank,CN,2016,300000000,300000000,300000000,300000000,1,1,NA,1,1
XM-DAC-46004,Asian Development Bank,CN,2020,50000000,0,350000000,350000000,1,1,NA,1,1
XM-DAC-46004,Asian Development Bank,CN,2021,0,25000000,350000000,350000000,1,1,NA,1,1
XM-DAC-46004,Asian Development Bank,CN,2022,28000000,0,378000000,378000000,1,1,NA,1,2
XM-DAC-46004,Asian Development Bank,CN,2023,0,38410640.91,378000000,378000000,1,1,NA,1,2
XM-DAC-46004,Asian Development Bank,FJ,2018,15000000,15000000,15000000,15000000,1,1,NA,1,1
XM-DAC-46004,Asian Development Bank,FJ,2019,65000000,0,80000000,194000000,0.41237113402061853,0.5153576363056648,0.34530768413221385,2,2
XM-DAC-46004,Asian Development Bank,FJ,2020,200000000,265000000,280000000,416788000,0.6718043705672908,0.529123880740946,0.07780276842763217,3,2
XM-DAC-46004,Asian Development Bank,FJ,2022,150000000,150000000,430000000,789000000,0.5449936628643853,0.504048859395908,0.20703076683356875,2,2
XM-DAC-46004,Asian Development Bank,FM,2019,6000000,0,6000000,6000000,1,1,NA,1,1
XM-DAC-46004,Asian Development Bank,FM,2020,20000000,20000000,26000000,26000000,1,1,NA,1,3
XM-DAC-46004,Asian Development Bank,FM,2021,0,0,26000000,26000000,1,1,NA,1,2
XM-DAC-46004,Asian Development Bank,FM,2022,0,0,26000000,26000000,1,1,NA,1,1
XM-DAC-46004,Asian Development Bank,GE,2014,75000000,73496632.47999999,75000000,75000000,1,1,NA,1,2
XM-DAC-46004,Asian Development Bank,GE,2015,75000000,73757195.96,150000000,270000000,0.5555555555555556,0.5061728395061729,0.19753086419753085,2,4
XM-DAC-46004,Asian Development Bank,GE,2016,100000000,98704241.85,250000000,338303500,0.7389814175732737,0.6142242358906629,0.0681307003720577,2,2
XM-DAC-46004,Asian Development Bank,GE,2020,491613011,103821282.8,741613011,1382323937,0.5364972646060747,0.39525031120904774,0.10742099627924717,3,4
XM-DAC-46004,Asian Development Bank,GE,2021,100892076,397554131.43,842505087,1164716013,0.7233566617066851,0.5997763966575091,0.07653153662206946,2,4
XM-DAC-46004,Asian Development Bank,GE,2022,100000000,0,942505087,1292061613,0.7294583149263486,0.6053022365776788,0.07319280336249079,2,3
XM-DAC-46004,Asian Development Bank,GE,2023,15000000,15270652.91,957505087,1745235923,0.548639341180923,0.4032908284679076,0.1022857017764704,3,1
XM-DAC-46004,Asian Development Bank,ID,2014,400000000,400000000,400000000,400000000,1,1,0,2,3
XM-DAC-46004,Asian Development Bank,ID,2015,800000000,1300000000,1200000000,1700000000,0.7058823529411765,0.5847750865051904,0.08650519031141868,3,3
XM-DAC-46004,Asian Development Bank,ID,2016,1000000000,1000000000,2200000000,3100000000,0.7096774193548387,0.5879292403746099,0.08428720083246621,3,4
XM-DAC-46004,Asian Development Bank,ID,2017,800000000,400000000,3000000000,4200000000,0.7142857142857143,0.5918367346938775,0.08163265306122447,3,3
XM-DAC-46004,Asian Development Bank,ID,2018,1000000000,1400000000,4000000000,5500000000,0.7272727272727273,0.6033057851239669,0.07438016528925617,2,3
XM-DAC-46004,Asian Development Bank,ID,2019,1000000000,1000000000,5000000000,7500000000,0.6666666666666666,0.5555555555555556,0.11111111111111116,2,3
XM-DAC-46004,Asian Development Bank,ID,2020,2507915482,1540551868.8,7507915482,10607915482,0.7077653941285427,0.5863329179947774,0.08540106486884602,2,4
XM-DAC-46004,Asian Development Bank,ID,2021,1000000000,1000000000,8507915482,12807915482,0.6642701143645788,0.5539693409467036,0.11271455610877296,2,6
XM-DAC-46004,Asian Development Bank,ID,2022,1500000000,1000000000,10007915482,15407915482,0.649530787840286,0.5447189130242732,0.12282866867185066,2,8
XM-DAC-46004,Asian Development Bank,ID,2023,1012657363,1983321003.4,11020572845,18790486531.80641,0.5864974718108347,0.49945811489902675,0.15547883045852595,3,6
XM-DAC-46004,Asian Development Bank,IN,2014,200000000,257000000,200000000,206617750,0.9679710479859548,0.9379938035061457,0.0010258537671180568,2,4
XM-DAC-46004,Asian Development Bank,IN,2015,250000000,125000000,450000000,450000000,1,1,NA,1,4
XM-DAC-46004,Asian Development Bank,IN,2016,0,0,450000000,700000000,0.6428571428571429,0.5408163265306123,0.12755102040816324,2,3
XM-DAC-46004,Asian Development Bank,IN,2017,425000000,190000000,875000000,875000000,1,1,NA,1,5
XM-DAC-46004,Asian Development Bank,IN,2018,0,257500000,875000000,1375000000,0.6363636363636364,0.5371900826446281,0.1322314049586777,2,5
XM-DAC-46004,Asian Development Bank,IN,2019,0,337500000,875000000,1665000000,0.5255255255255256,0.5013031049067085,0.22512602692782868,2,3
XM-DAC-46004,Asian Development Bank,IN,2020,1550000000,1500000000,2425000000,5314960000,0.45625931333443714,0.5038264953399499,0.2956539343355379,2,3
XM-DAC-46004,Asian Development Bank,IN,2021,600000000,25000000,3025000000,6414960000,0.4715539925424321,0.501618350680552,0.279255182797844,2,5
XM-DAC-46004,Asian Development Bank,IN,2022,250000000,0,3275000000,7604960000,0.43064000336622416,0.5096216182660749,0.32417080576681334,2,4
XM-DAC-46004,Asian Development Bank,IN,2023,900000000,675000000,4175000000,10099294155.363749,0.4133952270102611,0.5042167085204904,0.3333210948056251,3,5
XM-DAC-46004,Asian Development Bank,KG,2014,22000000,22000000,22000000,47000000,0.46808510638297873,0.5020371208691715,0.28293345405160697,2,1
XM-DAC-46004,Asian Development Bank,KG,2015,30000000,23000000,52000000,156978722,0.3312550856414795,0.33432800147619873,0.22459806971285484,3,2
XM-DAC-46004,Asian Development Bank,KG,2016,25000000,12017857.6,77000000,150000000,0.5133333333333333,0.5003555555555556,0.23684444444444447,2,3
XM-DAC-46004,Asian Development Bank,KG,2017,37000000,28592040,114000000,114000000,1,1,NA,1,3
XM-DAC-46004,Asian Development Bank,KG,2018,0,0,114000000,211000000,0.5402843601895735,0.5032456593517666,0.2113384694863098,2,3
XM-DAC-46004,Asian Development Bank,KG,2019,50000000,0,164000000,164000000,1,1,NA,1,3
XM-DAC-46004,Asian Development Bank,KG,2020,50000000,50000000,214000000,294772066,0.725984666403227,0.6021381388987557,0.07508440304615083,2,4
XM-DAC-46004,Asian Development Bank,KG,2021,80000000,88000000,294000000,411232866,0.7149234030336477,0.5923841383431275,0.08126866613791617,2,3
XM-DAC-46004,Asian Development Bank,KG,2022,100000000,58000000,394000000,394000000,1,1,NA,1,6
XM-DAC-46004,Asian Development Bank,KG,2023,15000000,0,409000000,409000000,1,1,NA,1,6
XM-DAC-46004,Asian Development Bank,KH,2014,22000000,0,22000000,22000000,1,1,NA,1,5
XM-DAC-46004,Asian Development Bank,KH,2015,0,22452069.5,22000000,22000000,1,1,NA,1,5
XM-DAC-46004,Asian Development Bank,KH,2016,96500000,54792780.82,118500000,118500000,1,1,NA,1,7
XM-DAC-46004,Asian Development Bank,KH,2017,0,47728279.449999996,118500000,278016000,0.4262344613259669,0.5108827093917405,0.3292068933699034,2,7
XM-DAC-46004,Asian Development Bank,KH,2018,15000000,3246489.27,133500000,318082800,0.4197020398462287,0.5128955248097133,0.336745722558628,2,3
XM-DAC-46004,Asian Development Bank,KH,2019,55000000,60000000,188500000,375127142.24380004,0.502496297315355,0.5000124630005732,0.2475099341849316,2,4
XM-DAC-46004,Asian Development Bank,KH,2020,270000000,270000000,458500000,650824142.2438,0.704491382909156,0.583633451368198,0.08732534277494292,2,5
XM-DAC-46004,Asian Development Bank,KH,2021,40000000,0,498500000,698500000,0.7136721546170365,0.5913115793173735,0.0819836350416503,2,5
XM-DAC-46004,Asian Development Bank,KH,2022,90000000,10389427.74,588500000,1290145542.2438,0.4561500859635499,0.37419038931812104,0.16611748839356708,3,6
XM-DAC-46004,Asian Development Bank,KH,2023,110000000,150000000,698500000,1455976142.2438,0.479746872035653,0.3740504240258446,0.14389336279785137,3,6
XM-DAC-46004,Asian Development Bank,KI,2014,3000000,3000000,3000000,6000000,0.5,0.5,0.25,2,1
XM-DAC-46004,Asian Development Bank,KI,2017,5000000,5000000,8000000,18000000,0.4444444444444444,0.5061728395061729,0.308641975308642,2,1
XM-DAC-46004,Asian Development Bank,KI,2018,2500000,0,10500000,25500000,0.4117647058823529,0.5155709342560554,0.34602076124567477,2,2
XM-DAC-46004,Asian Development Bank,KI,2019,0,0,10500000,25500000,0.4117647058823529,0.5155709342560554,0.34602076124567477,2,1
XM-DAC-46004,Asian Development Bank,KI,2020,8000000,0,18500000,52685530,0.3511400568619126,0.33989881604480804,0.21659947651182085,3,2
XM-DAC-46004,Asian Development Bank,KI,2021,0,0,18500000,18500000,1,1,NA,1,2
XM-DAC-46004,Asian Development Bank,KI,2022,0,8000000,18500000,58382530,0.31687561330418534,0.3337416423780717,0.2333314880711681,3,2
XM-DAC-46004,Asian Development Bank,KI,2023,13000000,0,31500000,81382530,0.3870609576772804,0.3453910415962221,0.19557485663816865,3,3
XM-DAC-46004,Asian Development Bank,KZ,2015,1000000000,1000000000,1000000000,2000000000,0.5,0.5,0.25,2,1
XM-DAC-46004,Asian Development Bank,KZ,2016,0,0,1000000000,2000000000,0.5,0.5,0.25,2,1
XM-DAC-46004,Asian Development Bank,KZ,2020,1077595266,1114665286.2,2077595266,2077595266,1,1,NA,1,2
XM-DAC-46004,Asian Development Bank,KZ,2021,0,0,2077595266,3477595266,0.5974229624454521,0.518982467223296,0.16206827116619588,2,2
XM-DAC-46004,Asian Development Bank,LA,2014,15000000,19512446.67,15000000,15000000,1,1,NA,1,3
XM-DAC-46004,Asian Development Bank,LA,2015,17000000,17003711.16,32000000,32000000,1,1,NA,1,3
XM-DAC-46004,Asian Development Bank,LA,2016,0,0,32000000,32000000,1,1,NA,1,2
XM-DAC-46004,Asian Development Bank,LA,2017,0,0,32000000,70590000,0.45332200028332625,0.5043576713150996,0.29885683537422353,2,1
XM-DAC-46004,Asian Development Bank,LA,2018,30000000,34369698.41,62000000,132642800,0.46742077217911565,0.5021228121708102,0.28364063390628946,2,2
XM-DAC-46004,Asian Development Bank,LA,2019,55000000,55000000,117000000,323202800,0.3620018143407173,0.34606928532785847,0.21502397174188728,3,2
XM-DAC-46004,Asian Development Bank,LK,2016,250000000,0,250000000,452000000,0.5530973451327433,0.5056386561202912,0.19972198292740223,2,1
XM-DAC-46004,Asian Development Bank,LK,2017,0,0,250000000,250000000,1,1,NA,1,1
XM-DAC-46004,Asian Development Bank,LK,2018,0,125000000,250000000,250000000,1,1,NA,1,1
XM-DAC-46004,Asian Development Bank,LK,2019,0,0,250000000,250000000,1,1,NA,1,1
XM-DAC-46004,Asian Development Bank,LK,2020,0,0,250000000,250000000,1,1,NA,1,1
XM-DAC-46004,Asian Development Bank,LK,2021,0,0,250000000,250000000,1,1,NA,1,1
XM-DAC-46004,Asian Development Bank,LK,2022,0,0,250000000,250000000,1,1,NA,1,1
XM-DAC-46004,Asian Development Bank,LK,2023,550000000,350000000.00000006,800000000,1502000000,0.5326231691078562,0.5021285423252796,0.21844110205478356,2,2
XM-DAC-46004,Asian Development Bank,MH,2014,0,0,0,0,NA,0,NA,1,1
XM-DAC-46004,Asian Development Bank,MH,2019,6000000,0,6000000,6000000,1,1,NA,1,1
XM-DAC-46004,Asian Development Bank,MH,2020,22000000,6000000,28000000,28000000,1,1,NA,1,3
XM-DAC-46004,Asian Development Bank,MH,2021,0,0,28000000,38368540,0.7297645414706945,0.6055834890344769,0.07302720304654398,2,3
XM-DAC-46004,Asian Development Bank,MH,2022,0,0,28000000,28000000,1,1,NA,1,2
XM-DAC-46004,Asian Development Bank,MH,2023,0,0,28000000,28000000,1,1,NA,1,1
XM-DAC-46004,Asian Development Bank,MM,2020,250000000,125000000,250000000,250000000,1,1,NA,1,1
XM-DAC-46004,Asian Development Bank,MM,2021,0,125000000,250000000,250000000,1,1,NA,1,1
XM-DAC-46004,Asian Development Bank,MM,2022,0,0,250000000,250000000,1,1,NA,1,1
XM-DAC-46004,Asian Development Bank,MM,2023,0,0,250000000,629420200,0.39719093858125304,0.5211394062196074,0.36337876452855067,2,1
XM-DAC-46004,Asian Development Bank,MN,2015,150000000,100000000,150000000,150000000,1,1,NA,1,1
XM-DAC-46004,Asian Development Bank,MN,2016,0,50000000,150000000,150000000,1,1,NA,1,1
XM-DAC-46004,Asian Development Bank,MN,2017,250000000,200000000,400000000,400000000,1,1,NA,1,2
XM-DAC-46004,Asian Development Bank,MN,2018,130000000,150000000,530000000,530000000,1,1,NA,1,2
XM-DAC-46004,Asian Development Bank,MN,2019,160000000,130000000,690000000,847881520,0.8137929459766973,0.6808292931963413,0.018570334274909617,3,2
XM-DAC-46004,Asian Development Bank,MN,2020,100000000,160000000,790000000,890000000,0.8876404494382022,0.8005302360813027,0.012624668602449152,2,2
XM-DAC-46004,Asian Development Bank,MN,2021,100000000,100000000,890000000,890000000,1,1,NA,1,2
XM-DAC-46004,Asian Development Bank,MN,2022,100000000,100000000,990000000,990000000,1,1,NA,1,1
XM-DAC-46004,Asian Development Bank,MN,2023,100000000,100000000,1090000000,1147881520,0.9495753533866457,0.9042359967454547,0.002542644986081699,2,1
XM-DAC-46004,Asian Development Bank,MV,2020,50000000,25000000,50000000,80000000,0.625,0.53125,0.140625,2,2
XM-DAC-46004,Asian Development Bank,MV,2021,0,0,50000000,50000000,1,1,NA,1,2
XM-DAC-46004,Asian Development Bank,MV,2023,18700000,18700000,68700000,68700000,1,1,NA,1,1
XM-DAC-46004,Asian Development Bank,NP,2014,0,27000000,0,46742835.895640045,0,0.6024182634766057,0.6024182634766057,4,4
XM-DAC-46004,Asian Development Bank,NP,2015,0,27699633.49,0,12793778.395640042,0,1,1,2,4
XM-DAC-46004,Asian Development Bank,NP,2016,0,10000000,0,139883656.49364004,0,0.425292471025659,0.425292471025659,4,1
XM-DAC-46004,Asian Development Bank,NP,2017,21000000,10000000,21000000,92057154.87515,0.22811915085232295,0.6478383922665238,0.595800045280939,2,2
XM-DAC-46004,Asian Development Bank,NP,2018,0,0,21000000,202380844.87515,0.10376476100272747,0.41661798080339224,0.4058508551774391,3,1
XM-DAC-46004,Asian Development Bank,NP,2019,50000000,36258703.04,71000000,377671925.17024004,0.18799385198673668,0.37871053416453904,0.343368845779728,5,2
XM-DAC-46004,Asian Development Bank,NP,2020,300000000,275000000,371000000,1155260526.4911,0.32113968364075157,0.35042985154069023,0.24729915513180822,4,4
XM-DAC-46004,Asian Development Bank,NP,2021,0,0,371000000,1208319603.7105,0.3070379714611396,0.4393654174804263,0.34509310156145473,4,3
XM-DAC-46004,Asian Development Bank,NP,2022,0,25000000,371000000,1685073369.7466385,0.22016845477522573,0.3842706390247124,0.3357964905466018,6,2
XM-DAC-46004,Asian Development Bank,NP,2023,150000000,100000000,521000000,705291979.2347386,0.7387011554637265,0.5828185323440216,0.037139135260576994,4,4
XM-DAC-46004,Asian Development Bank,NR,2014,0,2000000,0,0,NA,0,NA,2,1
XM-DAC-46004,Asian Development Bank,NR,2016,2000000,2000000,2000000,2000000,1,1,0,2,1
XM-DAC-46004,Asian Development Bank,NR,2020,5000000,5000000,7000000,7000000,1,1,0,2,1
XM-DAC-46004,Asian Development Bank,PG,2018,100000000,100000000,100000000,250000000,0.4,0.52,0.36,2,1
XM-DAC-46004,Asian Development Bank,PG,2019,100000000,100000000,200000000,200000000,1,1,NA,1,2
XM-DAC-46004,Asian Development Bank,PG,2020,500000000,500000000,700000000,700000000,1,1,NA,1,5
XM-DAC-46004,Asian Development Bank,PG,2021,150000000,150000000,850000000,1106152760,0.7684291272753322,0.641594135179461,0.05111081153433228,3,5
XM-DAC-46004,Asian Development Bank,PG,2022,250000000,250000000,1100000000,1112386702.25,0.9888647515967732,0.9779774907075496,1.2399375700156146e-4,2,2
XM-DAC-46004,Asian Development Bank,PG,2023,0,0,1100000000,1116659452.25,0.9850809911504961,0.9706071359510953,2.2257682505155696e-4,2,1
XM-DAC-46004,Asian Development Bank,PH,2014,250000000,250000000,250000000,550000000,0.45454545454545453,0.5041322314049586,0.2975206611570247,2,1
XM-DAC-46004,Asian Development Bank,PH,2015,950000000,350000000,1200000000,2000000000,0.6,0.52,0.16000000000000003,2,3
XM-DAC-46004,Asian Development Bank,PH,2016,250000000,600000000,1450000000,2250000000,0.6444444444444445,0.5417283950617284,0.12641975308641973,2,3
XM-DAC-46004,Asian Development Bank,PH,2017,600000000,250000000,2050000000,2050000000,1,1,NA,1,3
XM-DAC-46004,Asian Development Bank,PH,2018,605000000,500000000,2655000000,3455000000,0.768451519536903,0.6441324366833445,0.05361469880476921,2,5
XM-DAC-46004,Asian Development Bank,PH,2019,700000000,700000000,3355000000,5005000000,0.6703296703296703,0.5580243931892284,0.1086825262649439,2,6
XM-DAC-46004,Asian Development Bank,PH,2020,3104794757,3314384574.2,6459794757,9709794757,0.6652864369087714,0.5546392124519945,0.11203316931722584,2,11
XM-DAC-46004,Asian Development Bank,PH,2021,1400000000,900000000,7859794757,12609794757,0.6233086983939083,0.5304100701991997,0.14189633670569152,2,10
XM-DAC-46004,Asian Development Bank,PH,2022,650000000,1650000000,8509794757,13259794757,0.6417742440928492,0.5401998725761976,0.12832569219524959,2,11
XM-DAC-46004,Asian Development Bank,PH,2023,2163115924,800000000,10672910681,18057867524.403206,0.5910393719843577,0.5084086308551518,0.15908109161948775,3,9
XM-DAC-46004,Asian Development Bank,PK,2014,400000000,399157648.3,400000000,1508663455,0.26513534126800997,0.5148392203153603,0.4445424711260562,3,1
XM-DAC-46004,Asian Development Bank,PK,2015,400000000,393988918.9,800000000,2487811745,0.3215677398452028,0.4726410216851833,0.36923521037603124,3,3
XM-DAC-46004,Asian Development Bank,PK,2016,300000000,298630410.44,1100000000,3428505110,0.3208395393058055,0.4524096279893191,0.3494716180073576,3,4
XM-DAC-46004,Asian Development Bank,PK,2017,600000000,600000000,1700000000,4445973085,0.3823684866054469,0.4219570861273102,0.2757514265783704,4,4
XM-DAC-46004,Asian Development Bank,PK,2018,0,0,1700000000,2122079973.2333999,0.8011008168602245,0.6813234038277889,0.03956088505366995,2,1
XM-DAC-46004,Asian Development Bank,PK,2019,1800000000,1800000000,3500000000,3948280114.0201,0.8864619274533524,0.7987056427419204,0.012890893917607782,2,3
XM-DAC-46004,Asian Development Bank,PK,2020,1100000000,1100000000,4600000000,8356828751.5201,0.5504480391755382,0.4620471483927067,0.1590541045605119,3,7
XM-DAC-46004,Asian Development Bank,PK,2021,300000000,300000000,4900000000,9464656471.07685,0.5177155679103583,0.45822361228674874,0.1901942030300039,3,5
XM-DAC-46004,Asian Development Bank,PK,2022,1800000000,1800000000,6700000000,7164554738.9417,0.9351593007704033,0.8787272340939727,0.00420431627658302,2,4
XM-DAC-46004,Asian Development Bank,PK,2023,400000000,100000000,7100000000,11551613936.947102,0.6146327291367575,0.5262803952953807,0.14850700356928204,3,4
XM-DAC-46004,Asian Development Bank,PW,2014,0,0,0,0,NA,0,NA,1,2
XM-DAC-46004,Asian Development Bank,PW,2018,15000000,0,15000000,15000000,1,1,NA,1,1
XM-DAC-46004,Asian Development Bank,PW,2019,0,0,15000000,15000000,1,1,NA,1,1
XM-DAC-46004,Asian Development Bank,PW,2020,45000000,35000000,60000000,60000000,1,1,NA,1,4
XM-DAC-46004,Asian Development Bank,PW,2021,25000000,30050000,85000000,85000000,1,1,NA,1,4
XM-DAC-46004,Asian Development Bank,PW,2022,35000000,35000000,120000000,120000000,1,1,NA,1,3
XM-DAC-46004,Asian Development Bank,PW,2023,0,0,120000000,120000000,1,1,NA,1,2
XM-DAC-46004,Asian Development Bank,SB,2014,0,0,0,5000000,0,1,1,3,1
XM-DAC-46004,Asian Development Bank,SB,2016,5000000,5000000,5000000,121268647.10950032,0.041230772497076,0.9209384082072594,0.9192384316065537,2,1
XM-DAC-46004,Asian Development Bank,SB,2017,0,0,5000000,121268647.10950032,0.041230772497076,0.9209384082072594,0.9192384316065537,2,1
XM-DAC-46004,Asian Development Bank,SB,2018,5000000,5000000,10000000,126268647.10950032,0.07919622351958827,0.8541516366003528,0.8478795947805882,2,1
XM-DAC-46004,Asian Development Bank,SB,2019,6000000,0,16000000,132268647.10950032,0.12096593069976887,0.7873336513805848,0.7727008949905235,2,3
XM-DAC-46004,Asian Development Bank,SB,2020,25000000,16000000,41000000,177268647.10950032,0.23128737466289773,0.4964139606011809,0.4429201109227253,3,5
XM-DAC-46004,Asian Development Bank,SB,2021,0,0,41000000,85115200,0.48170009587006785,0.4125953119559537,0.18056032959472118,3,3
XM-DAC-46004,Asian Development Bank,SB,2022,10000000,10000000,51000000,101000000,0.504950495049505,0.5000490148024703,0.2450740123517302,2,3
XM-DAC-46004,Asian Development Bank,SB,2023,10000000,0,61000000,131000000,0.46564885496183206,0.5023600023308665,0.2855311462036012,2,4
XM-DAC-46004,Asian Development Bank,TH,2020,1500000000,0,1500000000,1500000000,1,1,NA,1,2
XM-DAC-46004,Asian Development Bank,TH,2021,0,1500000000,1500000000,1500000000,1,1,NA,1,2
XM-DAC-46004,Asian Development Bank,TH,2022,0,0,1500000000,1500000000,1,1,NA,1,2
XM-DAC-46004,Asian Development Bank,TJ,2014,0,0,0,0,NA,0,NA,1,1
XM-DAC-46004,Asian Development Bank,TJ,2015,60000000,59952162.4,60000000,60000000,1,1,NA,1,2
XM-DAC-46004,Asian Development Bank,TJ,2016,0,0,60000000,60000000,1,1,NA,1,2
XM-DAC-46004,Asian Development Bank,TJ,2017,50000000,31613705.23,110000000,110000000,1,1,NA,1,2
XM-DAC-46004,Asian Development Bank,TJ,2018,0,0,110000000,110000000,1,1,NA,1,1
XM-DAC-46004,Asian Development Bank,TJ,2019,0,0,110000000,110000000,1,1,0,2,1
XM-DAC-46004,Asian Development Bank,TJ,2020,120000000,0,230000000,230000000,1,1,NA,1,4
XM-DAC-46004,Asian Development Bank,TJ,2021,0,20000000,230000000,233646080,0.9843948590962879,0.9692767590378251,2.4352042262465456e-4,2,3
XM-DAC-46004,Asian Development Bank,TJ,2022,100000000,50000000,330000000,367828080,0.8971582593694315,0.8154693659707133,0.010576423615925146,2,4
XM-DAC-46004,Asian Development Bank,TJ,2023,0,0,330000000,417828080,0.7897985219183928,0.6462983553653678,0.02251665014088977,3,4
XM-DAC-46004,Asian Development Bank,TO,2014,0,0,0,5000000,0,1,1,2,1
XM-DAC-46004,Asian Development Bank,TO,2016,6000000,5997695,6000000,17800214.57290003,0.33707458836674425,0.5530893795117318,0.4394701013891217,2,2
XM-DAC-46004,Asian Development Bank,TO,2017,11000000,2807266.12,17000000,28800214.57290003,0.590273379976703,0.5162985662648364,0.16787590315571516,2,4
XM-DAC-46004,Asian Development Bank,TO,2018,0,3100000,17000000,42461620.57290003,0.40036154462860485,0.34103314122501,0.18074377480760764,3,2
XM-DAC-46004,Asian Development Bank,TO,2019,11000000,5000000,28000000,50300214.57290003,0.5566576651361922,0.40847805671994264,0.09861030056506553,3,3
XM-DAC-46004,Asian Development Bank,TO,2020,22200000,6000000,50200000,108000214.57290003,0.46481389132903117,0.40940209954414825,0.19335014597171185,3,4
XM-DAC-46004,Asian Development Bank,TO,2021,5000000,5000000,55200000,145255406,0.3800202795894564,0.3744141230933162,0.22999871019406756,3,3
XM-DAC-46004,Asian Development Bank,TO,2022,0,10000000,55200000,140200000,0.39372325249643364,0.5225894941198735,0.36757149456350313,2,3
XM-DAC-46004,Asian Development Bank,TO,2023,10000000,0,65200000,90255406,0.7223944015054344,0.5989185396419208,0.07706486831552595,2,2
XM-DAC-46004,Asian Development Bank,TV,2014,0,0,0,0,NA,0,NA,3,1
XM-DAC-46004,Asian Development Bank,TV,2015,2000000,2000000,2000000,6500000,0.3076923076923077,0.57396449704142,0.47928994082840226,3,1
XM-DAC-46004,Asian Development Bank,TV,2017,3000000,0,5000000,12800000,0.390625,0.52392578125,0.371337890625,3,1
XM-DAC-46004,Asian Development Bank,TV,2018,0,0,5000000,5000000,1,1,0,2,1
XM-DAC-46004,Asian Development Bank,TV,2019,4000000,4000000,9000000,30300000,0.297029702970297,0.5823938829526516,0.4941672385060287,3,2
XM-DAC-46004,Asian Development Bank,TV,2020,4000000,3000000,13000000,34300000,0.37900874635568516,0.5292777669168459,0.38563013710273786,3,3
XM-DAC-46004,Asian Development Bank,TV,2021,0,0,13000000,51800000,0.25096525096525096,0.6240366124536008,0.5610530552615494,2,2
XM-DAC-46004,Asian Development Bank,TV,2022,0,0,13000000,56927300,0.22836143642856765,0.5248002064387935,0.4726512607910748,3,2
XM-DAC-46004,Asian Development Bank,TV,2023,0,0,13000000,63300000,0.20537124802527645,0.6736122029803662,0.6314348534649066,2,2
XM-DAC-46004,Asian Development Bank,UZ,2018,300000000,300000000,300000000,800000000,0.375,0.53125,0.390625,2,1
XM-DAC-46004,Asian Development Bank,UZ,2019,350000000,300000000,650000000,1650000000,0.3939393939393939,0.5224977043158862,0.36730945821854916,2,2
XM-DAC-46004,Asian Development Bank,UZ,2020,700000000,725000000,1350000000,3095576000,0.43610623677144417,0.4919940007938186,0.30180535104286765,3,3
XM-DAC-46004,Asian Development Bank,UZ,2021,199717136,0,1549717136,3649717136,0.4246129434837385,0.511366416580372,0.3310702648064474,2,6
XM-DAC-46004,Asian Development Bank,UZ,2022,500000000,605000000,2049717136,5176056936,0.3959997274651308,0.5042507930611323,0.3474350089086744,3,5
XM-DAC-46004,Asian Development Bank,UZ,2023,250000000,0,2299717136,6149717136,0.3739549454295421,0.5317747115633394,0.3919324103521276,2,4
XM-DAC-46004,Asian Development Bank,VN,2014,45000000,96172647.12,45000000,567606646.7484,0.0792802555392677,0.8455942067012356,0.8393088477828641,6,3
XM-DAC-46004,Asian Development Bank,VN,2015,380000000,272913792.18,425000000,947612483.55278,0.44849556899735415,0.5022790918532063,0.3011308164429458,5,4
XM-DAC-46004,Asian Development Bank,VN,2016,0,100416675.8,425000000,1310667703.173248,0.3242622054171592,0.45019875070682674,0.34505277284482677,6,1
XM-DAC-46004,Asian Development Bank,VN,2017,250000000,0,675000000,1437612627.652698,0.46952842999308164,0.4999352749140974,0.2794783283423292,5,3
XM-DAC-46004,Asian Development Bank,VN,2018,0,117880202.2,675000000,677612627.652698,0.9961443639830793,0.9923172369118164,1.3643016562925325e-5,4,2
XM-DAC-46004,Asian Development Bank,VN,2019,188600000,49318771.16,863600000,1748600000,0.493880818940867,0.5000748887536689,0.25615662543596746,2,3
XM-DAC-46004,Asian Development Bank,VN,2020,0,100000000,863600000,2117962286.924298,0.4077504143164507,0.39384166378510177,0.22758126340986456,4,2
XM-DAC-46004,Asian Development Bank,VN,2021,0,0,863600000,2439350000,0.3540287371635887,0.4190231552188711,0.29368680848122575,3,1
XM-DAC-46004,Asian Development Bank,VN,2022,0,0,863600000,2154500000,0.4008354606637271,0.5196672117235505,0.3589981451980482,2,1
XM-DAC-46004,Asian Development Bank,VN,2023,0,88600000,863600000,3011435474.67201,0.28677353616353307,0.3682027685494968,0.2859637075057596,4,1
XM-DAC-46004,Asian Development Bank,VU,2020,21925000,0,21925000,31925000,0.6867658574784652,0.5697629710393328,0.09811562804120127,3,2
XM-DAC-46004,Asian Development Bank,VU,2021,0,0,21925000,21925000,1,1,NA,1,2
XM-DAC-46004,Asian Development Bank,VU,2022,0,5000000,21925000,41925000,0.5229576624925462,0.5010541085342433,0.2275693917745754,2,2
XM-DAC-46004,Asian Development Bank,WS,2014,0,0,0,7500000,0,1,1,2,1
XM-DAC-46004,Asian Development Bank,WS,2015,0,4000000,0,7500000,0,1,1,3,1
XM-DAC-46004,Asian Development Bank,WS,2017,11000000,5000000,11000000,23500000,0.46808510638297873,0.5020371208691715,0.28293345405160697,2,3
XM-DAC-46004,Asian Development Bank,WS,2018,0,0,11000000,37200000,0.2956989247311828,0.5834778587119899,0.4960400046248121,2,2
XM-DAC-46004,Asian Development Bank,WS,2019,0,0,11000000,37200000,0.2956989247311828,0.5834778587119899,0.4960400046248121,2,2
XM-DAC-46004,Asian Development Bank,WS,2020,30000000,22900000,41000000,92200000,0.44468546637744033,0.5061193952597626,0.30837423125244096,2,4
XM-DAC-46004,Asian Development Bank,WS,2021,0,0,41000000,56381900,0.7271837238546413,0.6032248887689238,0.07442872052982064,2,2
XM-DAC-46004,Asian Development Bank,WS,2022,7500000,13100000,48500000,113700000,0.42656112576956906,0.5107865364964661,0.328832142478664,2,3
XM-DAC-46004,Asian Development Bank,WS,2023,10000000,0,58500000,133700000,0.43754674644727,0.5078008177586432,0.3163536624320516,2,3
XM-DAC-5-7,"EN: Germany - Federal Foreign Office, DE: Deutschland - Auswärtiges Amt",AL,2022,54104.409,0,54104.409,484891470.67550397,1.1158045103294344e-4,0.9997768639983284,0.9997768515481313,2,1
XM-DAC-5-7,"EN: Germany - Federal Foreign Office, DE: Deutschland - Auswärtiges Amt",AL,2023,0,54104.409,54104.409,1183308360.389844,4.572300070809536e-5,0.5000544144740555,0.5000544123834627,3,1
XM-DAC-5-7,"EN: Germany - Federal Foreign Office, DE: Deutschland - Auswärtiges Amt",AR,2023,32085.504,32085.504,32085.504,2050032085.504,1.5651220401319614e-5,0.9999686980491189,0.9999686978041582,2,1
XM-DAC-5-7,"EN: Germany - Federal Foreign Office, DE: Deutschland - Auswärtiges Amt",BA,2022,74021.87300400001,0,74021.87300400001,74021.87300400001,1,1,NA,1,1
XM-DAC-5-7,"EN: Germany - Federal Foreign Office, DE: Deutschland - Auswärtiges Amt",BA,2023,0,74021.87300400001,74021.87300400001,309832021.873004,2.3890969227945258e-4,0.6173321495221924,0.6173320924443513,3,1
XM-DAC-5-7,"EN: Germany - Federal Foreign Office, DE: Deutschland - Auswärtiges Amt",BJ,2023,12159.038736,12159.038736,12159.038736,972730530.686725,1.2499904498130642e-5,0.6686804964534593,0.6686804962972117,5,1
XM-DAC-5-7,"EN: Germany - Federal Foreign Office, DE: Deutschland - Auswärtiges Amt",ML,2023,11733.461442000002,11733.461442000002,11733.461442000002,11733.461442000002,1,1,NA,1,1
XM-DAC-5-7,"EN: Germany - Federal Foreign Office, DE: Deutschland - Auswärtiges Amt",PK,2023,13936.947102,13936.947102,13936.947102,11551613936.947102,1.206493497624913e-6,0.5262803952953807,0.5262803952939251,3,1
XM-DAC-5-7,"EN: Germany - Federal Foreign Office, DE: Deutschland - Auswärtiges Amt",RW,2023,33881.1984,33881.1984,33881.1984,2141424456.538748,1.5821804171772304e-5,0.5643975303775739,0.5643975301272444,3,1
XM-DAC-5-7,"EN: Germany - Federal Foreign Office, DE: Deutschland - Auswärtiges Amt",SY,2022,2239849.508454,0,2239849.508454,2239849.508454,1,1,NA,1,2
XM-DAC-5-7,"EN: Germany - Federal Foreign Office, DE: Deutschland - Auswärtiges Amt",SY,2023,0,2239849.508454,2239849.508454,2239849.508454,1,1,NA,1,2
XM-DAC-6-4,AICS - Italian Agency for Cooperation and Development,BF,2017,3957819.84,938409.84,3957819.84,736778490.7759606,0.0053717906936068425,0.5052429925753132,0.5052141364400573,4,1
XM-DAC-6-4,AICS - Italian Agency for Cooperation and Development,BF,2018,568871.6562000001,0,4526691.4962,827019252.0113565,0.005473501959223847,0.4161612971709082,0.4161313379472106,5,1
XM-DAC-6-4,AICS - Italian Agency for Cooperation and Development,BF,2019,0,568871.6562000001,4526691.4962,955504252.0113565,0.004737489641381731,0.4120035235060815,0.4119810796979793,5,1
XM-DAC-6-4,AICS - Italian Agency for Cooperation and Development,BF,2020,0,1834855.578,4526691.4962,1313214515.1044996,0.003447031268794487,0.40024615139752673,0.4002342693729587,5,1
XM-DAC-6-4,AICS - Italian Agency for Cooperation and Development,BF,2022,0,1184554.422,4526691.4962,1533590226.177218,0.0029516955826483643,0.4999634450211567,0.4999547325143441,3,1
XM-DAC-6-4,AICS - Italian Agency for Cooperation and Development,BF,2023,305955.10620000004,0,4832646.6024,1533896181.283418,0.0031505695505131925,0.4997652338309784,0.4997553077424858,3,1
XM-DAC-6-4,AICS - Italian Agency for Cooperation and Development,BO,2017,398790,0,398790,698928790,5.705731480885199e-4,0.9988595048112576,0.9988591792575403,2,1
XM-DAC-6-4,AICS - Italian Agency for Cooperation and Development,BO,2022,0,251330.082552,398790,169029990,0.0023592854735422987,0.99529256150880685,0.9952869952808612,2,1
XM-DAC-6-4,AICS - Italian Agency for Cooperation and Development,EC,2017,1156739.3892,418615.56,1156739.3892,1156739.3892,1,1,NA,1,1
XM-DAC-6-4,AICS - Italian Agency for Cooperation and Development,EC,2019,0,506717.3862,1156739.3892,1401156739.3892,8.25560307909772e-4,0.539924423687599,0.5399237421377769,3,1
XM-DAC-6-4,AICS - Italian Agency for Cooperation and Development,EG,2015,1617948,744711.8400000001,1617948,497487192.664073,0.0032522405076114503,0.9935166731214158,0.9935060960530965,3,1
XM-DAC-6-4,AICS - Italian Agency for Cooperation and Development,EG,2019,0,873236.16,1617948,1617948,1,1,NA,1,1
XM-DAC-6-4,AICS - Italian Agency for Cooperation and Development,ET,2014,3987900,3418200,3987900,156196150,0.02553135912760974,0.9502409823425866,0.9495891320436836,3,2
XM-DAC-6-4,AICS - Italian Agency for Cooperation and Development,ET,2015,1595160,6836400,5583060,165180734.93855,0.03379970431828501,0.9084070718577789,0.9072646518457754,3,3
XM-DAC-6-4,AICS - Italian Agency for Cooperation and Development,ET,2016,0,1709100,5583060,7860988848.430016,7.102236255067376e-4,0.9272942735838487,0.9272937691662505,4,1
XM-DAC-6-4,AICS - Italian Agency for Cooperation and Development,ET,2017,0,1595160,5583060,7574917773.491466,7.370456243812969e-4,0.997925949787786,0.9979254065515336,3,1
XM-DAC-6-4,AICS - Italian Agency for Cooperation and Development,ET,2019,5697000,1553494.8537720002,11280060,9134423884.116941,0.0012348956149948241,0.7261348437108974,0.7261333187437174,5,2
XM-DAC-6-4,AICS - Italian Agency for Cooperation and Development,ET,2020,3769226.352,3769226.352,15049286.352,10044089095.705317,0.001498322666057873,0.6490441971585135,0.6490419521877019,4,2
XM-DAC-6-4,AICS - Italian Agency for Cooperation and Development,ET,2021,3361230,3361230,18410516.351999998,18410516.351999998,1,1,NA,1,1
XM-DAC-6-4,AICS - Italian Agency for Cooperation and Development,ET,2022,3636873.648,1302522.201,22047390,7883229217.965834,0.0027967460275992134,0.9926940902014687,0.9926862684131258,3,3
XM-DAC-6-4,AICS - Italian Agency for Cooperation and Development,ET,2023,0,3.87396,22047390,7883229217.965834,0.0027967460275992134,0.9926940902014687,0.9926862684131258,3,1
XM-DAC-6-4,AICS - Italian Agency for Cooperation and Development,GN,2022,4610468.16,0,4610468.16,4610468.16,1,1,NA,1,1
XM-DAC-6-4,AICS - Italian Agency for Cooperation and Development,LB,2016,62667,62667,62667,62667,1,1,NA,1,1
XM-DAC-6-4,AICS - Italian Agency for Cooperation and Development,LB,2020,0,0,62667,62667,1,1,NA,1,1
XM-DAC-6-4,AICS - Italian Agency for Cooperation and Development,ML,2015,1931283,1931283,1931283,355744006.33460355,0.005428856047074158,0.54062996091507165,0.5406004884370917,5,2
XM-DAC-6-4,AICS - Italian Agency for Cooperation and Development,ML,2017,0,0,1931283,393313538.20777535,0.004910288643509044,0.6571486780658286,0.657124567131266,4,1
XM-DAC-6-4,AICS - Italian Agency for Cooperation and Development,ML,2018,0,0,1931283,550495538.2077754,0.00350826276682931,0.45863349570452355,0.45862118779688243,5,1
XM-DAC-6-4,AICS - Italian Agency for Cooperation and Development,MZ,2014,866513.7000000001,2653095.475044,866513.7000000001,314201467.65346104,0.0027578283019215398,0.4314290951515634,0.43142148953462056,8,3
XM-DAC-6-4,AICS - Italian Agency for Cooperation and Development,MZ,2015,337946.04000000004,2047046.04,1204459.7400000002,441576461.848008,0.002727635741631942,0.5286518505537117,0.5286444105569726,6,3
XM-DAC-6-4,AICS - Italian Agency for Cooperation and Development,MZ,2016,0,1139400,1204459.7400000002,47766263.46575797,0.025215699378776758,0.9508402642327682,0.9502044327376074,4,1
XM-DAC-6-4,AICS - Italian Agency for Cooperation and Development,MZ,2017,4443660,2050920,5648119.74,5648119.74,1,1,0,2,5
XM-DAC-6-4,AICS - Italian Agency for Cooperation and Development,MZ,2018,0,1481220,5648119.74,5648119.74,1,1,0,2,2
XM-DAC-6-4,AICS - Italian Agency for Cooperation and Development,MZ,2019,0,1139400,5648119.74,53502919.74,0.10556657033760602,0.8111554608704773,0.8000111600976326,2,1
XM-DAC-6-4,AICS - Italian Agency for Cooperation and Development,MZ,2020,0,341820,5648119.74,497893019.77485186,0.011344042827822913,0.6924983194014027,0.6923696320937233,4,1
XM-DAC-6-4,AICS - Italian Agency for Cooperation and Development,MZ,2021,15564204,3190320,21212323.74,21212323.74,1,1,NA,1,1
XM-DAC-6-4,AICS - Italian Agency for Cooperation and Development,SL,2015,2278800,2278800,2278800,2278800,1,1,0,2,1
XM-DAC-6-4,AICS - Italian Agency for Cooperation and Development,SL,2017,0,0,2278800,2278800,1,1,NA,1,1
XM-DAC-6-4,AICS - Italian Agency for Cooperation and Development,SN,2015,3418200,3418200,3418200,112770301.34412386,0.03031117199526853,0.9412151903049164,0.9402964231571896,2,1
XM-DAC-6-4,AICS - Italian Agency for Cooperation and Development,SN,2017,1253340,797580,4671540,208656054.38423645,0.022388710520699493,0.5593671688872276,0.5588659145284479,3,1
XM-DAC-6-4,AICS - Italian Agency for Cooperation and Development,SN,2018,0,0,4671540,488923254.38423645,0.009554751094593502,0.3698321412821054,0.3697408480136258,4,1
XM-DAC-6-4,AICS - Italian Agency for Cooperation and Development,SN,2020,797580,1253340,5469120,990327363.4245087,0.005522537498194559,0.35675025736467303,0.35671975894425406,5,1
XM-DAC-6-4,AICS - Italian Agency for Cooperation and Development,SN,2021,0,797580,5469120,1001009034.1537849,0.0054636070338999355,0.3893817348024727,0.3893518838006518,4,1
XM-DAC-6-4,AICS - Italian Agency for Cooperation and Development,SV,2015,415881,335553.3,415881,415881,1,1,NA,1,2
XM-DAC-6-4,AICS - Italian Agency for Cooperation and Development,SV,2017,1709100,0,2124981,24912981,0.08529613537617196,0.8439585906678766,0.8366831599577663,2,1
XM-DAC-6-4,AICS - Italian Agency for Cooperation and Development,SV,2019,0,9.354474000000002,2124981,552124981,0.003848731850805352,0.9923321617721081,0.9923173490352487,2,1
XM-DAC-6-4,AICS - Italian Agency for Cooperation and Development,SV,2020,0,0,2124981,802124981,0.0026491894035650288,0.9947156576018619,0.9947086393973659,2,1
XM-DAC-6-4,AICS - Italian Agency for Cooperation and Development,SV,2022,3987900,0,6112881,6112881,1,1,NA,1,1
XM-DAC-6-4,AICS - Italian Agency for Cooperation and Development,SV,2023,0,1922338.71,6112881,74476881,0.08207756444580433,0.8493183242791018,0.8425815976937466,2,1
XM-DAC-6-4,AICS - Italian Agency for Cooperation and Development,TN,2015,3396483.0360000003,0,3396483.0360000003,1093532646.9528058,0.003105973146265458,0.5216296413143278,0.5216199942451425,4,2
XM-DAC-6-4,AICS - Italian Agency for Cooperation and Development,TN,2017,0,3038711.4359999998,3396483.0360000003,2615508410.670807,0.0012985938114910877,0.3743149708604301,0.3743132845145428,4,2
XM-DAC-6-4,AICS - Italian Agency for Cooperation and Development,TN,2018,5540913.5940000005,0,8937396.63,2627689124.2648067,0.003401238201075467,0.552852654674913,0.5528410862536125,3,1
XM-DAC-6-4,AICS - Italian Agency for Cooperation and Development,TN,2019,0,5540913.5940000005,8937396.63,1823884122.324695,0.004900199810176828,0.5010965008261804,0.5010724888680007,3,1
XM-DAC-6-4,AICS - Italian Agency for Cooperation and Development,TN,2021,0,0,8937396.63,4398400578.534271,0.002031965136058233,0.3488202656807613,0.34881613679844714,4,1
XM-DAC-6-4,AICS - Italian Agency for Cooperation and Development,UA,2022,125334000,125334000,125334000,3412767229.00121,0.03672503619201729,0.5738374502064931,0.5724887219231881,3,1
XM-DAC-6-4,AICS - Italian Agency for Cooperation and Development,VN,2014,106306.02,0,106306.02,567606646.7484,1.8728818735472229e-4,0.8455942067012356,0.8455941716243706,6,1
XM-DAC-6-4,AICS - Italian Agency for Cooperation and Development,VN,2015,5836.8043800000005,565286.340402,112142.82438,947612483.55278,1.1834249371594932e-4,0.5022790918532063,0.5022790778482604,5,3
XM-DAC-6-4,AICS - Italian Agency for Cooperation and Development,VN,2016,19.620468,305.51871600000004,112162.444848,1310667703.173248,8.557656877974815e-5,0.45019875070682674,0.4501987433834776,6,2
XM-DAC-6-4,AICS - Italian Agency for Cooperation and Development,VN,2017,124.47945,124.47945,112286.924298,1437612627.652698,7.810652336946956e-5,0.4999352749140974,0.4999352688134684,5,1
XM-DAC-6-4,AICS - Italian Agency for Cooperation and Development,VN,2018,0,7425.652104,112286.924298,677612627.652698,1.6570961005695907e-4,0.9923172369118164,0.9923172094521415,4,1
XM-DAC-6-4,AICS - Italian Agency for Cooperation and Development,VN,2020,0,18.788706,112286.924298,2117962286.924298,5.3016489005129035e-5,0.39384166378510177,0.3938416609743537,4,1
XM-DAC-69-1,"Ministry of Foreign and European Affairs of the Slovak Republic, SK: Ministerstvo zahraničných vecí a európskych záležitostí SR",ME,2018,2278800,0,2278800,2278800,1,1,NA,1,2
XM-DAC-69-1,"Ministry of Foreign and European Affairs of the Slovak Republic, SK: Ministerstvo zahraničných vecí a európskych záležitostí SR",PS,2019,25919.0712,25919.0712,25919.0712,20535119.0712,0.0012621826593813552,0.9974788208913687,0.9974772277863031,2,1
XM-DAC-7,EN: Ministry of Foreign Affairs of the Netherlands,RW,2014,22788000,5697000,22788000,173866811.34585336,0.13106584185679024,0.3324151570203394,0.31523690211871025,5,1
XM-DAC-7,EN: Ministry of Foreign Affairs of the Netherlands,RW,2015,0,5697000,22788000,257788000,0.08839821869132776,0.838832052752944,0.8310178076851442,2,1
XM-DAC-7,EN: Ministry of Foreign Affairs of the Netherlands,RW,2016,0,5697000,22788000,904648748.5372393,0.02518988727596957,0.37744228537747154,0.3768077549564955,4,1
XM-DAC-7,EN: Ministry of Foreign Affairs of the Netherlands,RW,2017,0,5697000,22788000,1115207933.155427,0.020433857509892756,0.3515054120299444,0.35108786949720977,4,1
XM-DAC-701-8,EN: Japan International Cooperation Agency,BD,2023,184956843.40320593,0,184956843.40320593,4651345121.403206,0.03976416253271024,0.3849562319229757,0.3833750433010479,4,1
XM-DAC-701-8,EN: Japan International Cooperation Agency,BO,2023,92478421.70160297,0,92478421.70160297,296431021.70160294,0.31197281974993407,0.5707084410255817,0.47338140076285684,2,1
XM-DAC-701-8,EN: Japan International Cooperation Agency,BT,2023,40382244.143033296,0,40382244.143033296,306682244.14303327,0.1316745423455277,0.7713272855127532,0.753989100410849,2,1
XM-DAC-701-8,EN: Japan International Cooperation Agency,BW,2023,92478421.70160297,0,92478421.70160297,804838774.7630738,0.1149030397160307,0.4108296409816938,0.39762693244571007,3,1
XM-DAC-701-8,EN: Japan International Cooperation Agency,EG,2023,271270036.9913687,0,271270036.9913687,2385178009.2916045,0.11373156885340212,0.7984066018009082,0.785471732047052,2,1
XM-DAC-701-8,EN: Japan International Cooperation Agency,ID,2023,369913686.80641186,0,369913686.80641186,18790486531.80641,0.019686221864466565,0.49945811489902675,0.4990705675677298,3,2
XM-DAC-701-8,EN: Japan International Cooperation Agency,IN,2023,94334155.36374846,0,94334155.36374846,10099294155.363749,0.009340668160818692,0.5042167085204904,0.5041294604387998,3,1
XM-DAC-701-8,EN: Japan International Cooperation Agency,JO,2023,92478421.70160297,0,92478421.70160297,960955591.657779,0.09623589529466718,0.5626850140189628,0.5534236664757967,3,1
XM-DAC-701-8,EN: Japan International Cooperation Agency,MD,2023,83230579.53144267,0,83230579.53144267,798056682.5798347,0.10429156393050638,0.4120418165614369,0.401165086254366,3,1
XM-DAC-701-8,EN: Japan International Cooperation Agency,PH,2023,184956843.40320593,0,184956843.40320593,18057867524.403206,0.010242452114196611,0.5084086308551518,0.5083037230298402,3,1
XM-DAC-701-8,EN: Japan International Cooperation Agency,VN,2023,308261405.6720099,0,308261405.6720099,3011435474.67201,0.10236360973518256,0.3682027685494968,0.35772445995148006,4,1
XM-OCHA-HPC6770,EN: King Salman Humanitarian Aid and Relief Centre,BD,2018,0,1000000,0,884547500,0,0.3487580674787595,0.3487580674787595,5,1
XM-OCHA-HPC6770,EN: King Salman Humanitarian Aid and Relief Centre,TJ,2019,0,68471,0,110000000,0,1,1,2,1
XM-OCHA-HPC6770,EN: King Salman Humanitarian Aid and Relief Centre,YE,2017,0,158006967,0,0,NA,0,NA,1,18
XM-OCHA-HPC6770,EN: King Salman Humanitarian Aid and Relief Centre,YE,2018,0,757250849,0,0,NA,0,NA,1,43
XM-OCHA-HPC6770,EN: King Salman Humanitarian Aid and Relief Centre,YE,2019,0,710000,0,0,NA,0,NA,1,1
