iso2,iso3,country_name,year,voice_account,corruption_ctrl,pol_stability,aid_dependence,gdp_pc,population,region,income_group
AF,AFG,Afghanistan,2024,-2.1483748,-1.3087183,-2.2052112,NA,416.871146273728,42647492,"Middle East, North Africa, Afghanistan & Pakistan",Low income
AF,AFG,Afghanistan,2023,-2.0370816,-1.1987543,-2.3922828,17.7569368063585,413.757894705303,41454761,"Middle East, North Africa, Afghanistan & Pakistan",Low income
AF,AFG,Afghanistan,2022,-1.8416443,-1.1719937,-2.4492487,26.9249447726712,357.261152798144,40578842,"Middle East, North Africa, Afghanistan & Pakistan",Low income
AF,AFG,Afghanistan,2021,-1.42797209999999,-1.22202489999999,-2.4506389,32.7037592896055,356.496214115892,40000412,"Middle East, North Africa, Afghanistan & Pakistan",Low income
AF,AFG,Afghanistan,2020,-1.081484,-1.40089,-2.5896897,20.9414654233233,510.787063366811,39068979,"Middle East, North Africa, Afghanistan & Pakistan",Low income
AF,AFG,Afghanistan,2019,-1.1404758,-1.5013636,-2.5893714,21.6848338959654,496.6025042585,37856121,"Middle East, North Africa, Afghanistan & Pakistan",Low income
AF,AFG,Afghanistan,2018,-1.1858104,-1.5398439,-2.5824048,20.73019959214,491.337221382603,36743039,"Middle East, North Africa, Afghanistan & Pakistan",Low income
AF,AFG,Afghanistan,2017,-1.2397194,-1.54351939999999,-2.61393089999999,20.1022220144701,525.469770891619,35688935,"Middle East, North Africa, Afghanistan & Pakistan",Low income
AF,AFG,Afghanistan,2016,-1.2164992,-1.56501159999999,-2.4834928,22.1760696250833,522.082215583898,34700612,"Middle East, North Africa, Afghanistan & Pakistan",Low income
AF,AFG,Afghanistan,2015,-1.20990209999999,-1.5195275,-2.48125299999999,22.2043491978579,565.569730408751,33831764,"Middle East, North Africa, Afghanistan & Pakistan",Low income
AF,AFG,Afghanistan,2014,-1.2039387,-1.5607981,-2.3186705,24.0420670948875,625.054941813938,32792523,"Middle East, North Africa, Afghanistan & Pakistan",Low income
AL,ALB,Albania,2024,-0.0124167999999999,-0.420760099999999,0.0204668,NA,11374.0085781236,2377128,Europe & Central Asia,Upper middle income
AL,ALB,Albania,2023,-0.0363936,-0.464044399999999,0.0246567,1.55490014914216,9740.7023414631,2411658,Europe & Central Asia,Upper middle income
AL,ALB,Albania,2022,0.024176,-0.500456,0.0115425,1.6951784085579,7756.96188744253,2451636,Europe & Central Asia,Upper middle income
AL,ALB,Albania,2021,-4.04299999999999e-4,-0.60203,0.0239536,3.56780804907142,7242.45513146613,2489762,Europe & Central Asia,Upper middle income
AL,ALB,Albania,2020,0.0554688,-0.6594306,-0.0049854,2.07177284176107,6027.91350716348,2528480,Europe & Central Asia,Upper middle income
AL,ALB,Albania,2019,0.0967645999999999,-0.5384935,0.00437499999999999,0.18286310529158,6069.43903131027,2567801,Europe & Central Asia,Upper middle income
AL,ALB,Albania,2018,0.1354782,-0.587108899999999,0.1502032,2.24263943411111,5897.65452588774,2607733,Europe & Central Asia,Upper middle income
AL,ALB,Albania,2017,0.1067553,-0.5663593,0.1638298,1.26676775313842,5006.36012951959,2648285,Europe & Central Asia,Upper middle income
AL,ALB,Albania,2016,0.0737892,-0.5061985,0.1659701,1.40410376830326,4457.63412207495,2689469,Europe & Central Asia,Upper middle income
AL,ALB,Albania,2015,0.0763576,-0.5865235,0.1252711,2.88797335011263,4199.53912925398,2731293,Europe & Central Asia,Upper middle income
AL,ALB,Albania,2014,0.0984136999999999,-0.6758626,0.2608816,2.09555504580747,4793.59751131525,2773767,Europe & Central Asia,Upper middle income
DZ,DZA,Algeria,2024,-1.0484061,-0.5933952,-0.6935882,NA,5752.99076651465,46814308,"Middle East, North Africa, Afghanistan & Pakistan",Upper middle income
DZ,DZA,Algeria,2023,-1.04937369999999,-0.6397452,-0.7317401,0.0828009927442537,5370.477235078,46164219,"Middle East, North Africa, Afghanistan & Pakistan",Upper middle income
DZ,DZA,Algeria,2022,-1.073884,-0.6430769,-0.8074555,0.0982000789628361,4960.30334332888,45477389,"Middle East, North Africa, Afghanistan & Pakistan",Upper middle income
DZ,DZA,Algeria,2021,-1.0429601,-0.6509952,-0.9009933,0.118767078693403,4160.55926736925,44761099,"Middle East, North Africa, Afghanistan & Pakistan",Upper middle income
DZ,DZA,Algeria,2020,-1.067081,-0.635634599999999,-0.883733299999999,0.130189039989712,3743.5419522929,44042091,"Middle East, North Africa, Afghanistan & Pakistan",Upper middle income
DZ,DZA,Algeria,2019,-1.0557838,-0.620545999999999,-1.06252749999999,0.0912661070176374,4468.45341883656,43294546,"Middle East, North Africa, Afghanistan & Pakistan",Upper middle income
DZ,DZA,Algeria,2018,-0.8950813,-0.538513599999999,-0.6370211,0.0759518740097888,4577.21029180491,42505035,"Middle East, North Africa, Afghanistan & Pakistan",Upper middle income
DZ,DZA,Algeria,2017,-0.789930999999999,-0.5404682,-0.929504599999999,0.0930571577500736,4554.66753957828,41689299,"Middle East, North Africa, Afghanistan & Pakistan",Upper middle income
DZ,DZA,Algeria,2016,-0.776438,-0.6412808,-1.12458449999999,0.0804790301517097,4424.98529027556,40850721,"Middle East, North Africa, Afghanistan & Pakistan",Upper middle income
DZ,DZA,Algeria,2015,-0.725713899999999,-0.6299526,-1.049624,0.0387323217912093,4685.05902729002,40019529,"Middle East, North Africa, Afghanistan & Pakistan",Upper middle income
DZ,DZA,Algeria,2014,-0.7248832,-0.6220502,-1.1769102,0.0685055033231793,6094.69392314956,39205031,"Middle East, North Africa, Afghanistan & Pakistan",Upper middle income
AS,ASM,American Samoa,2024,0.9305775,1.1762344,1.2530285,NA,NA,46765,East Asia & Pacific,High income
AS,ASM,American Samoa,2023,0.9329508,1.1733125,1.2488142,NA,NA,47521,East Asia & Pacific,High income
AS,ASM,American Samoa,2022,0.937291,1.1763452,1.2481785,NA,18017.4589383973,48342,East Asia & Pacific,High income
AS,ASM,American Samoa,2021,0.941677,1.1772281,1.2442687,NA,15236.1604875571,49225,East Asia & Pacific,High income
AS,ASM,American Samoa,2020,0.9550312,1.1797991,1.2465402,NA,14489.2586563775,49761,East Asia & Pacific,High income
AS,ASM,American Samoa,2019,1.3288373,1.8025255,1.2471192,NA,12886.1359517218,50209,East Asia & Pacific,High income
AS,ASM,American Samoa,2018,NA,1.7972711,1.2606571,NA,12552.0546868861,50908,East Asia & Pacific,High income
AS,ASM,American Samoa,2017,1.0557605,1.7934572,1.2555945,NA,11863.6839452565,51586,East Asia & Pacific,High income
AS,ASM,American Samoa,2016,1.0576599,1.1716528,1.2548748,NA,12843.3342903627,52245,East Asia & Pacific,High income
AS,ASM,American Samoa,2015,1.0598446,1.1685187,1.2607488,NA,12727.4102651386,52878,East Asia & Pacific,High income
AS,ASM,American Samoa,2014,1.0580907,1.1646295,1.2631079,NA,12026.3344929488,53466,East Asia & Pacific,High income
AD,AND,Andorra,2024,0.7892366,1.1762344,1.5437957,NA,49357.437070178,81938,Europe & Central Asia,High income
AD,AND,Andorra,2023,0.7696602,1.1733125,1.5502246,NA,46812.448450114,80856,Europe & Central Asia,High income
AD,AND,Andorra,2022,0.9489464,1.1763452,1.5497163,NA,42414.0590111349,79705,Europe & Central Asia,High income
AD,AND,Andorra,2021,0.8695156,1.1772281,1.5465903,NA,42425.6996761083,78364,Europe & Central Asia,High income
AD,AND,Andorra,2020,0.9786021,1.1797991,1.5484064,NA,37361.090067211,77380,Europe & Central Asia,High income
AD,AND,Andorra,2019,1.0039275,1.1784788,1.5488694,NA,41257.8045861543,76474,Europe & Central Asia,High income
AD,AND,Andorra,2018,0.9863455,1.1732244,1.3290002,NA,42819.774579353,75162,Europe & Central Asia,High income
AD,AND,Andorra,2017,1.3522661,1.1694105,1.3250909,NA,40672.9943362327,73763,Europe & Central Asia,High income
AD,AND,Andorra,2016,1.3368503,1.1716528,1.3245352,NA,40129.8192026671,72181,Europe & Central Asia,High income
AD,AND,Andorra,2015,1.3792269,1.1685187,1.3290711,NA,38654.9347217207,72174,Europe & Central Asia,High income
AD,AND,Andorra,2014,1.3785606,1.1646295,1.3308928,NA,44369.6596894579,73737,Europe & Central Asia,High income
AO,AGO,Angola,2024,-1.0588932,-0.6225793,-0.5735964,NA,2720.81900669715,37885849,Sub-Saharan Africa,Lower middle income
AO,AGO,Angola,2023,-1.02093599999999,-0.6242518,-0.3131654,0.150204706881675,2885.51349130806,36749906,Sub-Saharan Africa,Lower middle income
AO,AGO,Angola,2022,-1.0480912,-0.6031537,-0.5414068,0.0797961262029847,3598.53669077341,35635029,Sub-Saharan Africa,Lower middle income
AO,AGO,Angola,2021,-0.998508499999999,-0.6416506,-0.7936068,0.341929007503151,2266.96834861584,34532429,Sub-Saharan Africa,Lower middle income
AO,AGO,Angola,2020,-0.937689799999999,-0.891832299999999,-0.6427634,0.208435515803862,1749.1794838482,33451132,Sub-Saharan Africa,Lower middle income
AO,AGO,Angola,2019,-0.9382176,-0.9647988,-0.420703899999999,0.0303601999165228,2507.86807213642,32375632,Sub-Saharan Africa,Lower middle income
AO,AGO,Angola,2018,-1.005668,-1.18178199999999,-0.4058117,0.192775261372543,2891.83032378747,31297155,Sub-Saharan Africa,Lower middle income
AO,AGO,Angola,2017,-1.131561,-1.4208093,-0.537214499999999,0.275138427968858,2832.14997950512,30234839,Sub-Saharan Africa,Lower middle income
AO,AGO,Angola,2016,-1.19498,-1.4881942,-0.434627999999999,0.355944110815679,2082.37343594705,29183070,Sub-Saharan Africa,Lower middle income
AO,AGO,Angola,2015,-1.1542998,-1.4857649,-0.5591026,0.388047166160652,3641.72893920253,28157798,Sub-Saharan Africa,Lower middle income
AO,AGO,Angola,2014,-1.1303739,-1.48643939999999,-0.5090269,0.16212510755181,5649.68762467535,27160769,Sub-Saharan Africa,Lower middle income
AG,ATG,Antigua and Barbuda,2024,0.5117735,0.2843876,1.0731489,NA,23059.8330702839,93772,Latin America & Caribbean,High income
AG,ATG,Antigua and Barbuda,2023,0.5184164,0.2686527,1.0791994,NA,22012.2625947994,93316,Latin America & Caribbean,High income
AG,ATG,Antigua and Barbuda,2022,0.5083016,0.2369304,1.0787211,NA,20003.3909394099,92840,Latin America & Caribbean,High income
AG,ATG,Antigua and Barbuda,2021,0.5304723,0.181489,0.9147636,0.396401756074544,17348.6006987182,92349,Latin America & Caribbean,High income
AG,ATG,Antigua and Barbuda,2020,0.5086709,0.2199155,0.9164728,1.83663530345881,15369.6082250401,91846,Latin America & Caribbean,High income
AG,ATG,Antigua and Barbuda,2019,0.5090714,0.2193663,0.9169085,1.65904957770595,18896.3721832248,91364,Latin America & Caribbean,High income
AG,ATG,Antigua and Barbuda,2018,0.5037134,0.2262187,0.7900001,1.1106876858296,18273.4270684912,90926,Latin America & Caribbean,High income
AG,ATG,Antigua and Barbuda,2017,0.5341477,0.1957295,0.614623,0.706241993155292,16965.7288273816,90468,Latin America & Caribbean,High income
AG,ATG,Antigua and Barbuda,2016,0.612667,0.6379406,0.7403626,0.0131633381548326,16556.8551801588,89969,Latin America & Caribbean,High income
AG,ATG,Antigua and Barbuda,2015,0.5959673,0.6366369,0.9161633,0.110324257949268,16077.6340769406,89409,Latin America & Caribbean,High income
AG,ATG,Antigua and Barbuda,2014,0.6982468,0.5405831,0.93921,0.193755863513855,15532.1062063584,88765,Latin America & Caribbean,High income
AR,ARG,Argentina,2024,0.385552,-0.3257079,-0.169745999999999,NA,13969.7836603737,45696159,Latin America & Caribbean,Upper middle income
AR,ARG,Argentina,2023,0.49616,-0.354078399999999,-0.0207671,0.0407582002003107,14261.8465667948,45538401,Latin America & Caribbean,Upper middle income
AR,ARG,Argentina,2022,0.4969087,-0.3402325,0.0576438,0.0619211619062744,13962.1894087223,45407904,Latin America & Caribbean,Upper middle income
AR,ARG,Argentina,2021,0.5235454,-0.3273298,0.0921998,0.0328356375784381,10738.0179223384,45312281,Latin America & Caribbean,Upper middle income
AR,ARG,Argentina,2020,0.5903064,-0.1344697,0.0552501,0.027462315909924,8535.59938004389,45191965,Latin America & Caribbean,Upper middle income
AR,ARG,Argentina,2019,0.5979723,-0.0847054,0.0571577,0.00220738841356853,9955.97478680428,44973465,Latin America & Caribbean,Upper middle income
AR,ARG,Argentina,2018,0.6297742,-0.0057354,0.1204378,0.0144682760468869,11752.7998922979,44654882,Latin America & Caribbean,Upper middle income
AR,ARG,Argentina,2017,0.5819915,-0.178141599999999,0.2394066,-1.85863547609448e-4,14532.5009308511,44288894,Latin America & Caribbean,Upper middle income
AR,ARG,Argentina,2016,0.4495506,-0.2193628,0.1932708,4.80450273324938e-4,12699.9623137756,43900313,Latin America & Caribbean,Upper middle income
AR,ARG,Argentina,2015,0.3678175,-0.645135999999999,-0.0308863,-0.00323320205353614,13679.6264980954,43477012,Latin America & Caribbean,Upper middle income
AR,ARG,Argentina,2014,0.3052787,-0.6660539,-0.0132091,0.00946475087588721,12233.1444119186,43024071,Latin America & Caribbean,Upper middle income
AM,ARM,Armenia,2024,0.1201848,0.1446809,-0.723297299999999,NA,8556.21406956719,3033500,Europe & Central Asia,Upper middle income
AM,ARM,Armenia,2023,0.0614401,0.1046118,-0.5022441,0.870714878854284,8159.08720967996,2964300,Europe & Central Asia,Upper middle income
AM,ARM,Armenia,2022,0.0567692,0.0574942,-0.3556235,1.58388485668086,6571.97445545099,2969200,Europe & Central Asia,Upper middle income
AM,ARM,Armenia,2021,0.1047104,0.0558398,-0.5019,1.20768322298368,4685.17997128509,2962300,Europe & Central Asia,Upper middle income
AM,ARM,Armenia,2020,0.2108734,0.1056079,-0.2935835,1.0256828433517,4268.68093304583,2961500,Europe & Central Asia,Upper middle income
AM,ARM,Armenia,2019,0.2006866,-0.0523489,0.0683699,3.02896228940636,4597.22887399548,2962500,Europe & Central Asia,Upper middle income
AM,ARM,Armenia,2018,0.2320021,-0.1642391,-0.00389009999999999,1.12034368334217,4196.00562301769,2969000,Europe & Central Asia,Upper middle income
AM,ARM,Armenia,2017,-0.3415409,-0.5641041,-0.3015882,2.15824828245592,3869.05373867752,2979400,Europe & Central Asia,Upper middle income
AM,ARM,Armenia,2016,-0.3894293,-0.580676299999999,-0.3896011,3.02500971938042,3524.42476874707,2992300,Europe & Central Asia,Upper middle income
AM,ARM,Armenia,2015,-0.3535547,-0.6231951,-0.139264399999999,3.16412745673603,3512.39350276709,3004600,Europe & Central Asia,Upper middle income
AM,ARM,Armenia,2014,-0.3735727,-0.6390245,-0.2358315,2.20437521362723,3852.11800610384,3013800,Europe & Central Asia,Upper middle income
AW,ABW,Aruba,2024,0.9576687,0.8687982,1.3302095,NA,38590.5650288641,107995,Latin America & Caribbean,High income
AW,ABW,Aruba,2023,0.9587989,0.8675607,1.3362003,NA,34897.6183932009,107359,Latin America & Caribbean,High income
AW,ABW,Aruba,2022,0.9608656,0.8688452,1.3357267,NA,31000.5713798732,107310,Latin America & Caribbean,High income
AW,ABW,Aruba,2021,0.9629543,0.8692192,1.3328137,NA,26827.3447869986,107700,Latin America & Caribbean,High income
AW,ABW,Aruba,2020,1.4163396,1.165722,1.3345061,NA,22664.3709949437,108587,Latin America & Caribbean,High income
AW,ABW,Aruba,2019,1.4172559,1.1651628,1.3349374,NA,30654.4851235397,109203,Latin America & Caribbean,High income
AW,ABW,Aruba,2018,1.4179056,1.1629372,1.3341522,NA,30082.1584226798,108908,Latin America & Caribbean,High income
AW,ABW,Aruba,2017,1.3881098,1.1613218,1.2066651,NA,28440.0416881491,108735,Latin America & Caribbean,High income
AW,ABW,Aruba,2016,1.3889356,1.1622716,1.2062931,NA,27441.5502144601,108727,Latin America & Caribbean,High income
AW,ABW,Aruba,2015,1.3898855,1.1609441,1.209329,NA,27458.2201537506,107906,Latin America & Caribbean,High income
AW,ABW,Aruba,2014,1.3891229,0.8949794,1.2105482,NA,26129.8390617693,106807,Latin America & Caribbean,High income
AU,AUS,Australia,2024,1.5123302,1.8520196,0.7932693,NA,64609.9865116088,27194286,East Asia & Pacific,High income
AU,AUS,Australia,2023,1.5142943,1.8057703,0.9254365,NA,65058.3773146674,26659922,East Asia & Pacific,High income
AU,AUS,Australia,2022,1.4808101,1.7288156,0.9015353,NA,65169.5191118657,26018721,East Asia & Pacific,High income
AU,AUS,Australia,2021,1.4353311,1.6770561,0.8536507,NA,60758.9044397144,25685412,East Asia & Pacific,High income
AU,AUS,Australia,2020,1.4705869,1.6038237,0.8859397,NA,51983.4523666382,25649248,East Asia & Pacific,High income
AU,AUS,Australia,2019,1.4944488,1.7864413,0.8454141,NA,55194.7585097428,25334826,East Asia & Pacific,High income
AU,AUS,Australia,2018,1.5700131,1.7686469,0.8840942,NA,57410.1737346009,24963258,East Asia & Pacific,High income
AU,AUS,Australia,2017,1.6211893,1.7942938,0.7831479,NA,54117.547718609,24592588,East Asia & Pacific,High income
AU,AUS,Australia,2016,1.5880705,1.7943998,0.9540785,NA,50084.4440606385,24190907,East Asia & Pacific,High income
AU,AUS,Australia,2015,1.5545445,1.8544442,0.8032474,NA,56970.3613028094,23815995,East Asia & Pacific,High income
AU,AUS,Australia,2014,1.5339542,1.8631086,1.0196126,NA,62817.2061751737,23475686,East Asia & Pacific,High income
AT,AUT,Austria,2024,1.4054571,1.2944469,0.4915979,NA,58268.8787651601,9177982,Europe & Central Asia,High income
AT,AUT,Austria,2023,1.4328609,1.3200882,0.7016405,NA,56579.504175468,9131761,Europe & Central Asia,High income
AT,AUT,Austria,2022,1.4754309,1.3678343,0.6005165,NA,52336.7725223758,9041851,Europe & Central Asia,High income
AT,AUT,Austria,2021,1.4910037,1.3601171,0.7543747,NA,53648.6437976214,8955797,Europe & Central Asia,High income
AT,AUT,Austria,2020,1.5300268,1.6059221,0.8186312,NA,48716.4098900349,8916864,Europe & Central Asia,High income
AT,AUT,Austria,2019,1.4551242,1.607711,0.7878108,NA,49885.9947355204,8879920,Europe & Central Asia,High income
AT,AUT,Austria,2018,1.4643983,1.6348091,0.8440814,NA,51194.0749841299,8840521,Europe & Central Asia,High income
AT,AUT,Austria,2017,1.4702463,1.5672466,0.9266955,NA,47163.7425775142,8797566,Europe & Central Asia,High income
AT,AUT,Austria,2016,1.5055302,1.5179793,0.8951862,NA,45061.4993920192,8736668,Europe & Central Asia,High income
AT,AUT,Austria,2015,1.5465377,1.4914799,1.1389655,NA,43915.228020857,8642699,Europe & Central Asia,High income
AT,AUT,Austria,2014,1.5285745,1.4211309,1.3377971,NA,51314.9722616322,8546356,Europe & Central Asia,High income
AZ,AZE,Azerbaijan,2024,-1.5042391,-0.775077799999999,-0.1404058,NA,7294.64276088105,10202830,Europe & Central Asia,Upper middle income
AZ,AZE,Azerbaijan,2023,-1.5174941,-0.881959199999999,-0.4004143,0.177593277770775,7133.02838048328,10153958,Europe & Central Asia,Upper middle income
AZ,AZE,Azerbaijan,2022,-1.4304325,-0.8302212,-0.542048099999999,0.0659622190368467,7770.594223351,10141756,Europe & Central Asia,Upper middle income
AZ,AZE,Azerbaijan,2021,-1.433342,-0.775813299999999,-0.4888287,0.0201258472349902,5408.04535175023,10137750,Europe & Central Asia,Upper middle income
AZ,AZE,Azerbaijan,2020,-1.4537297,-0.7598072,-0.5087721,0.292363118959344,4229.91064904503,10093121,Europe & Central Asia,Upper middle income
AZ,AZE,Azerbaijan,2019,-1.45978869999999,-0.7550887,-0.3373117,0.259777881601023,4805.75371765917,10024283,Europe & Central Asia,Upper middle income
AZ,AZE,Azerbaijan,2018,-1.2691213,-0.9065044,-0.3567438,0.194911109054397,4739.7943123408,9939771,Europe & Central Asia,Upper middle income
AZ,AZE,Azerbaijan,2017,-1.23463909999999,-0.8585937,-0.455635299999999,0.314144795057024,4147.1981423222,9854033,Europe & Central Asia,Upper middle income
AZ,AZE,Azerbaijan,2016,-1.2208691,-0.752306599999999,-0.5043466,0.223179507613401,3880.6852276838,9757812,Europe & Central Asia,Upper middle income
AZ,AZE,Azerbaijan,2015,-1.18726549999999,-0.9367808,-0.4941808,0.13543104302583,5500.50364628486,9649341,Europe & Central Asia,Upper middle income
AZ,AZE,Azerbaijan,2014,-1.1592198,-1.1217641,-0.433564,0.296565189147127,7890.84028062087,9535079,Europe & Central Asia,Upper middle income
BS,BHS,"Bahamas, The",2024,0.5530661,1.2320893,1.0493095,NA,39455.4466548546,401283,Latin America & Caribbean,High income
BS,BHS,"Bahamas, The",2023,0.5702299,1.2199692,1.0539708,NA,38231.774484278,399440,Latin America & Caribbean,High income
BS,BHS,"Bahamas, The",2022,0.608717,1.2330855,0.8592816,NA,34957.1613279737,397538,Latin America & Caribbean,High income
BS,BHS,"Bahamas, The",2021,0.6714212,1.2282597,0.7434332,NA,30367.8605757708,396373,Latin America & Caribbean,High income
BS,BHS,"Bahamas, The",2020,0.6238987,1.2128533,0.7133519,NA,26178.7537607708,395863,Latin America & Caribbean,High income
BS,BHS,"Bahamas, The",2019,0.6241479,1.2125503,0.6927555,NA,33640.3369861278,394675,Latin America & Caribbean,High income
BS,BHS,"Bahamas, The",2018,0.5155607,1.1027809,0.7130765,NA,32642.3353203452,392717,Latin America & Caribbean,High income
BS,BHS,"Bahamas, The",2017,0.5292198,1.0769219,0.8186672,NA,31875.4881749619,390485,Latin America & Caribbean,High income
BS,BHS,"Bahamas, The",2016,0.5087193,1.0895206,0.7974457,NA,30616.5363157284,388055,Latin America & Caribbean,High income
BS,BHS,"Bahamas, The",2015,0.6214276,1.0887958,0.7437356,NA,30719.405417469,385346,Latin America & Caribbean,High income
BS,BHS,"Bahamas, The",2014,0.9374454,1.3095259,0.8227482,NA,29137.2175632622,382298,Latin America & Caribbean,High income
BH,BHR,Bahrain,2024,-1.3214713,0.2540662,-0.2758672,NA,29717.1424605273,1588670,"Middle East, North Africa, Afghanistan & Pakistan",High income
BH,BHR,Bahrain,2023,-1.3369989,0.2380412,-0.5007436,NA,29290.1284215098,1577059,"Middle East, North Africa, Afghanistan & Pakistan",High income
BH,BHR,Bahrain,2022,-1.31704889999999,0.144834,-0.482549599999999,NA,30470.5219276023,1524693,"Middle East, North Africa, Afghanistan & Pakistan",High income
BH,BHR,Bahrain,2021,-1.31637239999999,0.210097,-0.5041164,NA,27147.8083882286,1504365,"Middle East, North Africa, Afghanistan & Pakistan",High income
BH,BHR,Bahrain,2020,-1.26990729999999,-0.0925165999999999,-0.5964745,NA,24342.8444554718,1472204,"Middle East, North Africa, Afghanistan & Pakistan",High income
BH,BHR,Bahrain,2019,-1.2689416,-0.0835445,-0.603362,NA,27259.7438599327,1483756,"Middle East, North Africa, Afghanistan & Pakistan",High income
BH,BHR,Bahrain,2018,-1.28231949999999,-0.140961,-0.8677102,NA,26324.4066549559,1503091,"Middle East, North Africa, Afghanistan & Pakistan",High income
BH,BHR,Bahrain,2017,-1.19495709999999,-0.143222,-1.0066263,NA,24784.7693514607,1501116,"Middle East, North Africa, Afghanistan & Pakistan",High income
BH,BHR,Bahrain,2016,-1.178604,-0.0877355,-0.909807199999999,NA,23800.001440631,1423726,"Middle East, North Africa, Afghanistan & Pakistan",High income
BH,BHR,Bahrain,2015,-1.0813101,0.0385922,-0.9584379,NA,23734.0551143019,1370322,"Middle East, North Africa, Afghanistan & Pakistan",High income
BH,BHR,Bahrain,2014,-1.1899239,-0.0204446,-1.0441426,NA,26451.7965647453,1314562,"Middle East, North Africa, Afghanistan & Pakistan",High income
BD,BGD,Bangladesh,2024,-1.1608036,-1.1021569,-1.46295089999999,NA,2593.41611680774,173562364,South Asia,Lower middle income
BD,BGD,Bangladesh,2023,-1.1354298,-1.1987203,-1.0359445,1.24954695482709,2551.01773827307,171466990,South Asia,Lower middle income
BD,BGD,Bangladesh,2022,-1.07223619999999,-1.17834859999999,-1.0954422,1.08804790683243,2716.48592780431,169384897,South Asia,Lower middle income
BD,BGD,Bangladesh,2021,-1.05678039999999,-1.0928915,-1.0535518,1.16176375396577,2482.84917843357,167658854,South Asia,Lower middle income
BD,BGD,Bangladesh,2020,-1.0048373,-1.07605779999999,-1.01518479999999,1.38043344611613,2248.85078828233,166298024,South Asia,Lower middle income
BD,BGD,Bangladesh,2019,-0.989835399999999,-1.1006451,-0.996755,1.19872986153458,2129.79896954606,164913055,South Asia,Lower middle income
BD,BGD,Bangladesh,2018,-0.962351699999999,-1.0964787,-1.02517179999999,0.911021785754119,1965.24372731467,163523103,South Asia,Lower middle income
BD,BGD,Bangladesh,2017,-0.9168972,-1.062185,-1.3289506,1.24451822350917,1811.08221668646,162186147,South Asia,Lower middle income
BD,BGD,Bangladesh,2016,-0.933366799999999,-1.0667924,-1.3416192,0.91223255541772,1649.28380858601,160811932,South Asia,Lower middle income
BD,BGD,Bangladesh,2015,-0.8770251,-1.0798121,-1.331635,1.24770017322217,1224.38647668165,159383179,South Asia,Lower middle income
BD,BGD,Bangladesh,2014,-0.788675999999999,-1.1845563,-1.0510112,1.31373692992305,1094.46199702838,157964929,South Asia,Lower middle income
BB,BRB,Barbados,2024,0.99396,1.2257724,1.2722219,NA,26897.2002039176,282467,Latin America & Caribbean,High income
BB,BRB,Barbados,2023,0.9846694,1.2089543,1.2767666,NA,25583.8722302505,282336,Latin America & Caribbean,High income
BB,BRB,Barbados,2022,0.9892759,1.1926841,1.2066625,NA,24393.2193483944,282318,Latin America & Caribbean,High income
BB,BRB,Barbados,2021,0.9713716,1.1946829,1.0845669,NA,21084.4013935998,282147,Latin America & Caribbean,High income
BB,BRB,Barbados,2020,0.9404741,1.1695313,1.0680614,NA,19180.9915228365,281698,Latin America & Caribbean,High income
BB,BRB,Barbados,2019,0.91871100000000006,1.1451261,0.9758945,NA,21929.435611489,281207,Latin America & Caribbean,High income
BB,BRB,Barbados,2018,0.9455467,1.1350977,0.80028030000000006,NA,21378.2201267496,280711,Latin America & Caribbean,High income
BB,BRB,Barbados,2017,0.9132342,1.1097987,0.8399905,NA,20870.7596432179,280171,Latin America & Caribbean,High income
BB,BRB,Barbados,2016,0.963913,1.1460171,0.839715,NA,20311.4094163764,279598,Latin America & Caribbean,High income
BB,BRB,Barbados,2015,0.9763248,1.207238,1.1290517,NA,20429.4747123553,278990,Latin America & Caribbean,High income
BB,BRB,Barbados,2014,1.1254913,0.9707469,1.3382083,NA,20423.7177921163,278348,Latin America & Caribbean,High income
BY,BLR,Belarus,2024,-1.6904177,-0.5781294,-0.3773003,NA,8605.60954569694,9132629,Europe & Central Asia,Upper middle income
BY,BLR,Belarus,2023,-1.72586319999999,-0.534353699999999,-0.392606499999999,0.163628490419037,7896.75388295584,9178298,Europe & Central Asia,Upper middle income
BY,BLR,Belarus,2022,-1.64264869999999,-0.415013199999999,-0.6168791,0.0248286664473665,7994.64806074889,9228071,Europe & Central Asia,Upper middle income
BY,BLR,Belarus,2021,-1.55548589999999,-0.2062736,-0.616372399999999,0.210149521166487,7489.71894713888,9302585,Europe & Central Asia,Upper middle income
BY,BLR,Belarus,2020,-1.3757237,-0.1014181,-0.818298499999999,0.555459602350462,6542.85579976768,9379952,Europe & Central Asia,Upper middle income
BY,BLR,Belarus,2019,-1.2640856,0.0170374,0.4258145,0.340887371925231,6837.77339645635,9419758,Europe & Central Asia,Upper middle income
BY,BLR,Belarus,2018,-1.10105529999999,-0.1272022,0.2676565,0.205960428555063,6360.037502312,9438785,Europe & Central Asia,Upper middle income
BY,BLR,Belarus,2017,-1.17853079999999,-0.1120128,0.0265511,-0.474971251810671,5785.54491935194,9458989,Europe & Central Asia,Upper middle income
BY,BLR,Belarus,2016,-1.1130495,-0.1462308,0.2027723,-0.0490628145165317,5039.77560949445,9469379,Europe & Central Asia,Upper middle income
BY,BLR,Belarus,2015,-1.19594929999999,-0.2405698,0.1165415,0.193435999064551,5967.05595058777,9461076,Europe & Central Asia,Upper middle income
BY,BLR,Belarus,2014,-1.18783519999999,-0.1522547,0.1349975,0.157768201702233,8341.31809294883,9448515,Europe & Central Asia,Upper middle income
BE,BEL,Belgium,2024,1.4972136,1.4687812,0.1214526,NA,56581.9375642531,11858610,Europe & Central Asia,High income
BE,BEL,Belgium,2023,1.5152567,1.467016,0.1994126,NA,55244.68145811,11779946,Europe & Central Asia,High income
BE,BEL,Belgium,2022,1.5409176,1.5774306,0.2465264,NA,50639.0264882739,11680210,Europe & Central Asia,High income
BE,BEL,Belgium,2021,1.541916,1.5502151,0.461917,NA,51658.238294958,11586195,Europe & Central Asia,High income
BE,BEL,Belgium,2020,1.5200949,1.5662608,0.3686413,NA,45906.2875805246,11538604,Europe & Central Asia,High income
BE,BEL,Belgium,2019,1.4474148,1.4973857,0.3774033,NA,46716.6227467964,11488980,Europe & Central Asia,High income
BE,BEL,Belgium,2018,1.4858461,1.4543603,0.4247021,NA,47487.2100392561,11427054,Europe & Central Asia,High income
BE,BEL,Belgium,2017,1.4607612,1.4425342,0.3647602,NA,44035.3239358548,11375158,Europe & Central Asia,High income
BE,BEL,Belgium,2016,1.5164105,1.5450402,0.4864269,NA,41854.5498296444,11331422,Europe & Central Asia,High income
BE,BEL,Belgium,2015,1.5225951,1.5244457,0.6581707,NA,40893.804537772,11274196,Europe & Central Asia,High income
BE,BEL,Belgium,2014,1.4666488,1.5150458,0.786586,NA,47995.7786961339,11209057,Europe & Central Asia,High income
BZ,BLZ,Belize,2024,0.1039608,-0.1604129,0.7847219,NA,7681.24400583113,417072,Latin America & Caribbean,Upper middle income
BZ,BLZ,Belize,2023,0.1210883,-0.115986499999999,0.78967,1.08319954119534,7424.75821321022,411106,Latin America & Caribbean,Upper middle income
BZ,BLZ,Belize,2022,0.1097777,-0.0459141999999999,0.7353533,0.77462056027795,7068.21728043145,402733,Latin America & Caribbean,Upper middle income
BZ,BLZ,Belize,2021,0.0776529,-0.0899104999999999,0.3568757,3.31288391908814,6142.98930557031,395346,Latin America & Caribbean,Upper middle income
BZ,BLZ,Belize,2020,0.0837771,-0.0753264999999999,0.6026689,3.51493278993874,5238.54078175696,390812,Latin America & Caribbean,Upper middle income
BZ,BLZ,Belize,2019,0.0770993,-0.075652,0.1334022,1.61422134080681,6171.61449761423,385829,Latin America & Caribbean,Upper middle income
BZ,BLZ,Belize,2018,0.0799134,-0.1082321,0.0296183,1.58862154792986,6011.99036888587,380226,Latin America & Caribbean,Upper middle income
BZ,BLZ,Belize,2017,0.2557342,-0.1991297,0.0274572,1.59770126211093,6071.85451846453,373202,Latin America & Caribbean,Upper middle income
BZ,BLZ,Belize,2016,0.2287226,-0.1234777,0.02715,1.64225611006125,6140.86713919469,364705,Latin America & Caribbean,Upper middle income
BZ,BLZ,Belize,2015,0.229675,-0.2669244,0.0315234,1.34760930994632,6154.62264230369,356333,Latin America & Caribbean,Upper middle income
BZ,BLZ,Belize,2014,0.3191867,-0.287196399999999,0.032488,1.87779327675357,6128.12053089077,348923,Latin America & Caribbean,Upper middle income
BJ,BEN,Benin,2024,-0.380475299999999,-0.2407154,-0.4030099,NA,1485.38018885134,14462724,Sub-Saharan Africa,Lower middle income
BJ,BEN,Benin,2023,-0.3371743,-0.1047671,-0.3096247,5.30930183562331,1394.17784721831,14111034,Sub-Saharan Africa,Lower middle income
BJ,BEN,Benin,2022,-0.437646999999999,-0.1108108,-0.4373008,4.90434445810732,1266.42711031904,13759501,Sub-Saharan Africa,Lower middle income
BJ,BEN,Benin,2021,-0.3316053,-0.1642663,-0.4106645,4.86619485925915,1318.65158075198,13413417,Sub-Saharan Africa,Lower middle income
BJ,BEN,Benin,2020,-0.0674593,-0.0352655,-0.283192699999999,6.74972249628457,1200.19426557789,13070169,Sub-Saharan Africa,Lower middle income
BJ,BEN,Benin,2019,-0.0206192,-0.2398967,-0.197976799999999,4.14914501333335,1130.82135339795,12726755,Sub-Saharan Africa,Lower middle income
BJ,BEN,Benin,2018,0.2256013,-0.292142199999999,0.1649971,4.04494507868339,1151.7409703472,12383347,Sub-Saharan Africa,Lower middle income
BJ,BEN,Benin,2017,0.2055497,-0.402134,0.3155886,5.36703488982652,1054.97408066814,12039780,Sub-Saharan Africa,Lower middle income
BJ,BEN,Benin,2016,0.2156686,-0.433568399999999,0.2420032,4.24972462163382,1010.5338961993,11697842,Sub-Saharan Africa,Lower middle income
BJ,BEN,Benin,2015,0.1082878,-0.5072447,0.117506,3.85632227778055,1002.41886879614,11360681,Sub-Saharan Africa,Lower middle income
BJ,BEN,Benin,2014,0.0640877,-0.6075837,0.1371161,4.53217639304836,1204.39918670094,11030004,Sub-Saharan Africa,Lower middle income
BM,BMU,Bermuda,2024,NA,1.1762344,0.9711697,NA,142250.433195123,64636,North America,High income
BM,BMU,Bermuda,2023,NA,1.1733125,0.9788563,NA,132961.760796315,64698,North America,High income
BM,BMU,Bermuda,2022,NA,1.1763452,0.9782486,NA,119969.173269085,64749,North America,High income
BM,BMU,Bermuda,2021,NA,1.1772281,0.974511,NA,112765.08167306,64648,North America,High income
BM,BMU,Bermuda,2020,NA,1.1797991,0.9766825,NA,106976.546239632,64382,North America,High income
BM,BMU,Bermuda,2019,NA,1.1784788,0.977236,NA,115798.040775578,64107,North America,High income
BM,BMU,Bermuda,2018,NA,1.1732244,0.9762284,NA,113204.82210838,63831,North America,High income
BM,BMU,Bermuda,2017,1.0557605,1.1694105,0.8126545,NA,112339.425587467,63578,North America,High income
BM,BMU,Bermuda,2016,1.0576599,1.1716528,0.8121773,NA,108747.356144305,63449,North America,High income
BM,BMU,Bermuda,2015,1.0598446,1.1685187,0.8160725,NA,104855.366822135,63464,North America,High income
BM,BMU,Bermuda,2014,1.0580907,1.1646295,0.8176369,NA,100961.576602811,63529,North America,High income
BT,BTN,Bhutan,2024,0.4010656,1.4722389,1.3541153,NA,4228.05102403654,791524,South Asia,Lower middle income
BT,BTN,Bhutan,2023,0.3084163,1.3563935,1.3322654,5.5095302677905,3831.32535564326,786385,South Asia,Lower middle income
BT,BTN,Bhutan,2022,0.2660367,1.357056,1.3224382,7.10424932642109,3711.32767981591,780914,South Asia,Lower middle income
BT,BTN,Bhutan,2021,0.3423094,1.3198694,0.9391838,4.91299964955855,3570.61257980872,775442,South Asia,Lower middle income
BT,BTN,Bhutan,2020,0.337151,1.3421241,1.1154419,8.80005363209277,3191.66906999331,770006,South Asia,Lower middle income
BT,BTN,Bhutan,2019,0.4302343,1.4640293,1.1641113,7.16990216872845,3576.87987100503,764824,South Asia,Lower middle income
BT,BTN,Bhutan,2018,0.4090063,1.4519306,1.1151798,4.56683231329935,3400.20417245342,759759,South Asia,Lower middle income
BT,BTN,Bhutan,2017,0.2185623,1.4511886,1.1177867,4.98383741257847,3435.28804735662,754335,South Asia,Lower middle income
BT,BTN,Bhutan,2016,0.2162486,1.169102,1.1113941,2.37548462151728,3152.30905106786,747866,South Asia,Lower middle income
BT,BTN,Bhutan,2015,0.2205872,1.0788548,0.9981818,4.75669668140881,2954.04081911097,740618,South Asia,Lower middle income
BT,BTN,Bhutan,2014,0.2050489,1.0904024,1.1573285,6.68547786051762,2849.49998647303,733139,South Asia,Lower middle income
BO,BOL,Bolivia,2024,-0.4397641,-0.997582699999999,-0.5460357,NA,4421.16609889999,12413315,Latin America & Caribbean,Lower middle income
BO,BOL,Bolivia,2023,-0.4295062,-0.9556498,-0.289823899999999,1.49664321074936,4274.70820547613,12244159,Latin America & Caribbean,Lower middle income
BO,BOL,Bolivia,2022,-0.395731899999999,-0.9824356,-0.170608899999999,0.675597921724774,4219.46113742445,12077154,Latin America & Caribbean,Lower middle income
BO,BOL,Bolivia,2021,-0.3237121,-0.9489015,-0.2859636,1.08382116309586,4010.76053686204,11937360,Latin America & Caribbean,Lower middle income
BO,BOL,Bolivia,2020,-0.3793012,-0.8045643,-0.3855901,0.812523200589327,3580.96761778303,11816299,Latin America & Caribbean,Lower middle income
BO,BOL,Bolivia,2019,-0.4802862,-0.8232153,-0.7539613,1.47100374059039,4203.15492855788,11671386,Latin America & Caribbean,Lower middle income
BO,BOL,Bolivia,2018,-0.322517799999999,-0.8237458,-0.1913596,1.53678460487703,4206.8552936661,11508368,Latin America & Caribbean,Lower middle income
BO,BOL,Bolivia,2017,-0.227986599999999,-0.8143488,-0.2207409,2.11752102886712,4048.40119739839,11344587,Latin America & Caribbean,Lower middle income
BO,BOL,Bolivia,2016,-0.1911694,-0.7783732,-0.2594315,2.09033707693636,3035.87347732132,11180020,Latin America & Caribbean,Lower middle income
BO,BOL,Bolivia,2015,-0.1594334,-0.754699,-0.175327899999999,2.48270213871267,2996.01289811344,11014705,Latin America & Caribbean,Lower middle income
BO,BOL,Bolivia,2014,-0.0995359,-0.6409494,-0.2978539,2.15525678647729,3041.43503162408,10848888,Latin America & Caribbean,Lower middle income
BA,BIH,Bosnia and Herzegovina,2024,-0.3952516,-0.5128682,-0.5010614,NA,9397.90942855997,3164253,Europe & Central Asia,Upper middle income
BA,BIH,Bosnia and Herzegovina,2023,-0.443716799999999,-0.5984163,-0.1999229,1.12054899426767,8663.02326458629,3185073,Europe & Central Asia,Upper middle income
BA,BIH,Bosnia and Herzegovina,2022,-0.4739062,-0.680061199999999,-0.248056399999999,1.17733764216121,7655.59421024383,3204802,Europe & Central Asia,Upper middle income
BA,BIH,Bosnia and Herzegovina,2021,-0.4759813,-0.6690056,-0.310701599999999,2.41974575106038,7295.34378682258,3244907,Europe & Central Asia,Upper middle income
BA,BIH,Bosnia and Herzegovina,2020,-0.4512199,-0.624659499999999,-0.2690285,2.1872629141794,6130.31187968266,3299349,Europe & Central Asia,Upper middle income
BA,BIH,Bosnia and Herzegovina,2019,-0.4515923,-0.6387532,-0.309193899999999,2.25666477470915,6122.37541352353,3345533,Europe & Central Asia,Upper middle income
BA,BIH,Bosnia and Herzegovina,2018,-0.4378719,-0.6404386,-0.2895156,1.74829663060733,6047.84707207392,3387000,Europe & Central Asia,Upper middle income
BA,BIH,Bosnia and Herzegovina,2017,-0.383017999999999,-0.5769795,-0.3110983,2.42391677065165,5345.01978766473,3428682,Europe & Central Asia,Upper middle income
BA,BIH,Bosnia and Herzegovina,2016,-0.256938599999999,-0.468403399999999,-0.3709896,2.60279432517829,4928.5665903114,3473003,Europe & Central Asia,Upper middle income
BA,BIH,Bosnia and Herzegovina,2015,-0.212129799999999,-0.4923931,-0.2551002,2.15801298587653,4662.25869219448,3518541,Europe & Central Asia,Upper middle income
BA,BIH,Bosnia and Herzegovina,2014,-0.1598354,-0.3542824,-0.0605189,3.36816733032182,5206.06573475132,3564829,Europe & Central Asia,Upper middle income
BW,BWA,Botswana,2024,0.295265,0.6311414,1.0322942,NA,7649.81663744354,2521139,Sub-Saharan Africa,Upper middle income
BW,BWA,Botswana,2023,0.1593032,0.6066871,1.0127245,1.50291031181092,7827.30027960734,2480244,Sub-Saharan Africa,Upper middle income
BW,BWA,Botswana,2022,0.1383421,0.6506622,1.0798421,0.477952786281694,8328.7090572666,2439892,Sub-Saharan Africa,Upper middle income
BW,BWA,Botswana,2021,0.1662642,0.7018975,1.0572186,0.525850551755489,7807.88794570471,2401441,Sub-Saharan Africa,Upper middle income
BW,BWA,Botswana,2020,0.2262539,0.7218389,1.0835182,0.535380089896238,6323.2974967659,2365894,Sub-Saharan Africa,Upper middle income
BW,BWA,Botswana,2019,0.2359357,0.8223154,1.1539103,0.428909286689768,7172.08956480028,2332083,Sub-Saharan Africa,Upper middle income
BW,BWA,Botswana,2018,0.2110871,0.851239,0.9948159,0.555766082604182,7407.95940141786,2299141,Sub-Saharan Africa,Upper middle income
BW,BWA,Botswana,2017,0.2119983,0.7790808,1.0166207,0.692684903145749,7104.96401088027,2266747,Sub-Saharan Africa,Upper middle income
BW,BWA,Botswana,2016,0.2224214,0.8579361,0.9837653,0.656683894203992,6749.05994339013,2234776,Sub-Saharan Africa,Upper middle income
BW,BWA,Botswana,2015,0.2702248,0.7957375,1.1318799,0.501184030053783,6141.20394726616,2203273,Sub-Saharan Africa,Upper middle income
BW,BWA,Botswana,2014,0.3462974,0.8215662,1.1504977,0.662552892652598,7122.36423421503,2172044,Sub-Saharan Africa,Upper middle income
BR,BRA,Brazil,2024,0.3164771,-0.4088904,-0.5205702,NA,10310.5486973693,211998573,Latin America & Caribbean,Upper middle income
BR,BRA,Brazil,2023,0.2490433,-0.451506099999999,-0.521574099999999,0.0329925477514535,10377.5892792557,211140729,Latin America & Caribbean,Upper middle income
BR,BRA,Brazil,2022,0.0304374,-0.4562788,-0.415796899999999,0.0305176056694367,9281.33334441234,210306415,Latin America & Caribbean,Upper middle income
BR,BRA,Brazil,2021,0.0763533,-0.404589,-0.3922756,0.0689288714709019,7972.5366498646,209550294,Latin America & Caribbean,Upper middle income
BR,BRA,Brazil,2020,0.166765,-0.337231599999999,-0.427421599999999,0.0424601792942894,7074.19378337644,208660842,Latin America & Caribbean,Upper middle income
BR,BRA,Brazil,2019,0.2046798,-0.372764,-0.722116299999999,0.015006259128077,9029.83326681073,207455459,Latin America & Caribbean,Upper middle income
BR,BRA,Brazil,2018,0.2933228,-0.407628,-0.645190399999999,0.02387651287444,9300.66164923219,206107261,Latin America & Caribbean,Upper middle income
BR,BRA,Brazil,2017,0.4292352,-0.4693688,-0.602133799999999,0.0135250398679085,10080.5092819305,204703445,Latin America & Caribbean,Upper middle income
BR,BRA,Brazil,2016,0.4599637,-0.366817699999999,-0.5263958,0.0383834912534555,8836.28652735657,203218114,Latin America & Caribbean,Upper middle income
BR,BRA,Brazil,2015,0.461258,-0.3512683,-0.4959054,0.0567316650201827,8936.19661712113,201675532,Latin America & Caribbean,Upper middle income
BR,BRA,Brazil,2014,0.4250488,-0.2351787,-0.2414052,0.0379272383486773,12274.9939689363,200085127,Latin America & Caribbean,Upper middle income
BN,BRN,Brunei Darussalam,2024,-0.7999315,1.1861774,1.2027245,NA,33153.4738913513,462721,East Asia & Pacific,High income
BN,BRN,Brunei Darussalam,2023,-0.7935612,1.1816499,1.3348873,NA,32890.5491812019,458949,East Asia & Pacific,High income
BN,BRN,Brunei Darussalam,2022,-0.809513599999999,1.1825406,1.175984,NA,36632.9280952155,455370,East Asia & Pacific,High income
BN,BRN,Brunei Darussalam,2021,-0.817422,1.1827999,1.1632013,NA,31006.9636289785,451721,East Asia & Pacific,High income
BN,BRN,Brunei Darussalam,2020,-0.775273099999999,1.183555,1.1645233,NA,26834.3592233943,447404,East Asia & Pacific,High income
BN,BRN,Brunei Darussalam,2019,-0.773543499999999,1.1831673,1.0980607,NA,30426.5730656528,442680,East Asia & Pacific,High income
BN,BRN,Brunei Darussalam,2018,-0.782867499999999,1.2159731,1.1449838,NA,30988.1190267227,437810,East Asia & Pacific,High income
BN,BRN,Brunei Darussalam,2017,-0.7580815,1.2166994,1.0788022,NA,28024.3824580252,432772,East Asia & Pacific,High income
BN,BRN,Brunei Darussalam,2016,-0.6163268,1.0855421,1.0333017,NA,26663.2972950602,427564,East Asia & Pacific,High income
BN,BRN,Brunei Darussalam,2015,-0.563829999999999,1.2048251,1.2031979,NA,30625.1287744656,422212,East Asia & Pacific,High income
BN,BRN,Brunei Darussalam,2014,-0.4797516,1.2036828,1.2566861,NA,41026.5084247957,416750,East Asia & Pacific,High income
BG,BGR,Bulgaria,2024,0.2133864,-0.240017999999999,0.0399268,NA,17596.9167621233,6441421,Europe & Central Asia,High income
BG,BGR,Bulgaria,2023,0.2596074,-0.1501295,0.3144686,NA,15854.0192893772,6446596,Europe & Central Asia,High income
BG,BGR,Bulgaria,2022,0.1982152,-0.1369351,0.3269733,NA,13999.9113358453,6465097,Europe & Central Asia,High income
BG,BGR,Bulgaria,2021,0.1902884,-0.2260611,0.4063981,NA,12966.8085197381,6507301,Europe & Central Asia,High income
BG,BGR,Bulgaria,2020,0.193102,-0.258415699999999,0.4210468,NA,10760.7616180234,6550696,Europe & Central Asia,High income
BG,BGR,Bulgaria,2019,0.1389293,-0.1252922,0.5788167,NA,10354.2500414088,6616726,Europe & Central Asia,High income
BG,BGR,Bulgaria,2018,0.0730547,-0.1893944,0.592909,NA,9849.88769989118,6710798,Europe & Central Asia,High income
BG,BGR,Bulgaria,2017,0.1264569,-0.308377299999999,0.4061393,NA,8697.13373333715,6803468,Europe & Central Asia,High income
BG,BGR,Bulgaria,2016,0.2331893,-0.3444028,0.2073039,NA,7822.89886431732,6894139,Europe & Central Asia,High income
BG,BGR,Bulgaria,2015,0.2421524,-0.4387083,0.18239060000000001,NA,7269.02586513711,6984225,Europe & Central Asia,High income
BG,BGR,Bulgaria,2014,0.2195941,-0.3904198,0.242071,NA,8070.01289303544,7073572,Europe & Central Asia,High income
BF,BFA,Burkina Faso,2024,-0.964477599999999,-0.2525569,-1.9063314,NA,982.493100418428,23548781,Sub-Saharan Africa,Low income
BF,BFA,Burkina Faso,2023,-0.695584299999999,-0.2479719,-2.0423169,7.54222240820453,873.198061670247,23025776,Sub-Saharan Africa,Low income
BF,BFA,Burkina Faso,2022,-0.593244099999999,-0.2342071,-1.82102069999999,7.99509496743708,827.330843486661,22509038,Sub-Saharan Africa,Low income
BF,BFA,Burkina Faso,2021,-0.172692999999999,-0.2024751,-1.5801637,8.69088024398117,895.535288442991,21995243,Sub-Saharan Africa,Low income
BF,BFA,Burkina Faso,2020,-0.2152963,-0.2018274,-1.4159765,10.12720647571,825.237038782475,21478690,Sub-Saharan Africa,Low income
BF,BFA,Burkina Faso,2019,-0.1034561,-0.2008751,-1.19570659999999,7.23371107432041,764.853077774946,20961952,Sub-Saharan Africa,Low income
BF,BFA,Burkina Faso,2018,-0.0592664,-0.1575363,-0.961889999999999,7.71744567393734,777.465618514048,20438288,Sub-Saharan Africa,Low income
BF,BFA,Burkina Faso,2017,-0.0466125,-0.1525315,-0.855665599999999,6.5708855776918,709.091535894695,19894407,Sub-Saharan Africa,Low income
BF,BFA,Burkina Faso,2016,-0.1019967,-0.2212838,-0.9073878,8.39588391828273,663.742364842886,19334856,Sub-Saharan Africa,Low income
BF,BFA,Burkina Faso,2015,-0.209465799999999,-0.3288238,-0.6795154,8.840644303771,630.124750752312,18777487,Sub-Saharan Africa,Low income
BF,BFA,Burkina Faso,2014,-0.391469399999999,-0.4450109,-0.699829399999999,8.4225883244397,764.861675106225,18229461,Sub-Saharan Africa,Low income
BI,BDI,Burundi,2024,-1.4920981,-1.46248849999999,-1.3763566,NA,216.231928531758,14047786,Sub-Saharan Africa,Low income
BI,BDI,Burundi,2023,-1.3170799,-1.29205449999999,-1.2840156,18.2750066014636,249.795164039029,13689450,Sub-Saharan Africa,Low income
BI,BDI,Burundi,2022,-1.3992831,-1.3235206,-1.28089529999999,14.3731809981423,301.832255755105,13321097,Sub-Saharan Africa,Low income
BI,BDI,Burundi,2021,-1.43815269999999,-1.390618,-1.37835589999999,17.9498587124145,264.172844085398,12965481,Sub-Saharan Africa,Low income
BI,BDI,Burundi,2020,-1.4624906,-1.3529714,-1.49526809999999,15.2344107396714,252.702452750006,12617036,Sub-Saharan Africa,Low income
BI,BDI,Burundi,2019,-1.6236321,-1.4706435,-1.66929629999999,19.5502208771663,234.31061590725,12255336,Sub-Saharan Africa,Low income
BI,BDI,Burundi,2018,-1.56641829999999,-1.46464249999999,-1.62367939999999,15.6667040094948,245.661678332009,11859446,Sub-Saharan Africa,Low income
BI,BDI,Burundi,2017,-1.4779632,-1.31264049999999,-2.0904201,15.3929569343479,246.060725714184,11506762,Sub-Saharan Africa,Low income
BI,BDI,Burundi,2016,-1.4549059,-1.2905502,-2.106715,28.3795315874025,232.937812100153,11239451,Sub-Saharan Africa,Low income
BI,BDI,Burundi,2015,-1.2657593,-1.2586575,-2.03645089999999,13.0534730074652,254.402585226788,11047580,Sub-Saharan Africa,Low income
BI,BDI,Burundi,2014,-1.0633176,-1.2665737,-1.06174299999999,19.1481107478561,250.544492155185,10799785,Sub-Saharan Africa,Low income
CV,CPV,Cabo Verde,2024,0.7910795,0.9407675,0.7695825,NA,5170.20531932535,524877,Sub-Saharan Africa,Upper middle income
CV,CPV,Cabo Verde,2023,0.7369363,0.8619303,0.8691911,4.11309655811872,4794.90119772843,522331,Sub-Saharan Africa,Upper middle income
CV,CPV,Cabo Verde,2022,0.7456206,0.856269,0.8359641,3.78185333901984,4323.31362032709,519741,Sub-Saharan Africa,Upper middle income
CV,CPV,Cabo Verde,2021,0.7321187,0.8975963,0.8339009,7.23782098240142,3971.44409203423,516649,Sub-Saharan Africa,Upper middle income
CV,CPV,Cabo Verde,2020,0.7194835,0.8002643,0.839032,8.93238314889847,3539.22661248299,514679,Sub-Saharan Africa,Upper middle income
CV,CPV,Cabo Verde,2019,0.8082604,0.8894292,0.8393375,6.92038295746737,4380.78117331128,514104,Sub-Saharan Africa,Upper middle income
CV,CPV,Cabo Verde,2018,0.8471925,0.8724586,0.8387813,3.9046765369386,4294.96510035729,513415,Sub-Saharan Africa,Upper middle income
CV,CPV,Cabo Verde,2017,0.7340745,0.8080692,0.7203252,6.35461410183928,3893.09571382506,512893,Sub-Saharan Africa,Upper middle income
CV,CPV,Cabo Verde,2016,0.7230402,0.8563504,0.827822,6.4369059581311,3608.96605234906,512554,Sub-Saharan Africa,Upper middle income
CV,CPV,Cabo Verde,2015,0.7695004,0.888954,0.8435225,9.06346693324837,3415.06266730931,512394,Sub-Saharan Africa,Upper middle income
CV,CPV,Cabo Verde,2014,0.7736703,0.8877993,0.6455106,11.8704810467601,3985.60706548134,512326,Sub-Saharan Africa,Upper middle income
KH,KHM,Cambodia,2024,-1.67065629999999,-1.2328592,0.1284232,NA,2627.87969756224,17638801,East Asia & Pacific,Lower middle income
KH,KHM,Cambodia,2023,-1.5290134,-1.1216382,0.1346422,3.82098934230465,2429.74853452838,17423880,East Asia & Pacific,Lower middle income
KH,KHM,Cambodia,2022,-1.50494479999999,-1.1129555,-0.0739156,4.02910141105494,2325.03050040841,17201724,East Asia & Pacific,Lower middle income
KH,KHM,Cambodia,2021,-1.4431473,-1.0917539,-0.1486895,3.8762284164753,2167.40324198499,16974305,East Asia & Pacific,Lower middle income
KH,KHM,Cambodia,2020,-1.3831133,-1.1175106,-0.2401873,4.07846110586196,2081.73914242939,16725474,East Asia & Pacific,Lower middle income
KH,KHM,Cambodia,2019,-1.4922674,-1.33890439999999,-0.1935314,2.76116393974876,2225.87705485686,16481304,East Asia & Pacific,Lower middle income
KH,KHM,Cambodia,2018,-1.5176701,-1.4286146,-0.1054427,2.46194699258322,2036.67377566578,16274522,East Asia & Pacific,Lower middle income
KH,KHM,Cambodia,2017,-1.2106905,-1.33048529999999,-0.153852799999999,3.03472986695866,1826.35391688754,16073372,East Asia & Pacific,Lower middle income
KH,KHM,Cambodia,2016,-1.21921259999999,-1.3323199,-0.0778582999999999,2.85581007702151,1675.19555711109,15852803,East Asia & Pacific,Lower middle income
KH,KHM,Cambodia,2015,-1.2074577,-1.27990079999999,-0.1585169,2.92965715934032,1547.32010444393,15623251,East Asia & Pacific,Lower middle income
KH,KHM,Cambodia,2014,-1.0752484,-1.2606479,-0.2628078,3.80232245183667,1431.56396469993,15396772,East Asia & Pacific,Lower middle income
CM,CMR,Cameroon,2024,-1.2417667,-1.22428539999999,-1.55680399999999,NA,1830.00833684727,29123744,Sub-Saharan Africa,Lower middle income
CM,CMR,Cameroon,2023,-1.2426857,-1.1264261,-1.6104201,1.96523478281563,1720.47510154506,28372687,Sub-Saharan Africa,Lower middle income
CM,CMR,Cameroon,2022,-1.243908,-1.1102965,-1.6950827,2.74507150229257,1604.87726954895,27632771,Sub-Saharan Africa,Lower middle income
CM,CMR,Cameroon,2021,-1.24492729999999,-1.115647,-1.57868299999999,2.57967822765894,1672.32657340872,26915758,Sub-Saharan Africa,Lower middle income
CM,CMR,Cameroon,2020,-1.2003042,-1.057706,-1.6215792,3.51110219788564,1555.60370660749,26210558,Sub-Saharan Africa,Lower middle income
CM,CMR,Cameroon,2019,-1.25256069999999,-1.1336941,-1.6172731,3.34554283308398,1555.22660476477,25506095,Sub-Saharan Africa,Lower middle income
CM,CMR,Cameroon,2018,-1.22088669999999,-1.1162626,-1.4691248,2.97159552702231,1610.69641591017,24806383,Sub-Saharan Africa,Lower middle income
CM,CMR,Cameroon,2017,-1.1012762,-1.1579943,-1.1934513,3.43376207434439,1496.08951771242,24128601,Sub-Saharan Africa,Lower middle income
CM,CMR,Cameroon,2016,-1.0603877,-1.1306679,-1.1424059,2.27502609422565,1441.7201725688,23454161,Sub-Saharan Africa,Lower middle income
CM,CMR,Cameroon,2015,-0.9796946,-1.0952851,-1.0831153,2.09029489548215,1415.00009710569,22763414,Sub-Saharan Africa,Lower middle income
CM,CMR,Cameroon,2014,-0.9633286,-1.1800614,-0.9216987,2.39790275648729,1649.4433905949,22059893,Sub-Saharan Africa,Lower middle income
CA,CAN,Canada,2024,1.5036042,1.6319089,0.5984769,NA,55015.7066917734,41262329,North America,High income
CA,CAN,Canada,2023,1.5113422,1.6263584,0.6267803,NA,54847.5370112652,40049088,North America,High income
CA,CAN,Canada,2022,1.4766713,1.651994,0.5074459,NA,56496.9275340663,38950132,North America,High income
CA,CAN,Canada,2021,1.4726848,1.6156132,0.7604154,NA,52886.6407813788,38239864,North America,High income
CA,CAN,Canada,2020,1.5974088,1.6422133,0.9455077,NA,43537.8981198851,38028638,North America,High income
CA,CAN,Canada,2019,1.5957418,1.7955073,0.9041813,NA,46352.9695208927,37618495,North America,High income
CA,CAN,Canada,2018,1.6209737,1.8073526,0.9371514,NA,46539.2177903178,37072620,North America,High income
CA,CAN,Canada,2017,1.6335494,1.8841224,1.0192144,NA,45129.7335281051,36545075,North America,High income
CA,CAN,Canada,2016,1.5977174,1.9407326,1.1623092,NA,42314.1033623905,36110803,North America,High income
CA,CAN,Canada,2015,1.5823156,1.8679741,1.1827978,NA,43594.2379080706,35704498,North America,High income
CA,CAN,Canada,2014,1.4204969,1.8178559,1.1626133,NA,50960.8942086685,35434066,North America,High income
KY,CYM,Cayman Islands,2024,0.9576687,0.6044808,1.4607897,NA,104292.900672109,74457,Latin America & Caribbean,High income
KY,CYM,Cayman Islands,2023,0.9587989,0.6032433,1.4667806,NA,100065.233841107,73038,Latin America & Caribbean,High income
KY,CYM,Cayman Islands,2022,0.9608656,0.6045278,1.4663069,NA,92937.8838323153,71591,Latin America & Caribbean,High income
KY,CYM,Cayman Islands,2021,0.9629543,0.6049017,1.4633939,NA,86449.6749037302,70108,Latin America & Caribbean,High income
KY,CYM,Cayman Islands,2020,0.5222875,0.6059907,1.2749256,NA,82338.7977439023,68684,Latin America & Caribbean,High income
KY,CYM,Cayman Islands,2019,0.5232038,0.6054315,1.275357,NA,88254.2903677044,67327,Latin America & Caribbean,High income
KY,CYM,Cayman Islands,2018,0.5238535,0.6032059,0.978425,NA,83865.5531568184,65941,Latin America & Caribbean,High income
KY,CYM,Cayman Islands,2017,0.707139,0.6015906,0.974877,NA,80053.9444506891,64535,Latin America & Caribbean,High income
KY,CYM,Cayman Islands,2016,0.7079649,0.6025403,0.9743726,NA,77802.2541567187,63100,Latin America & Caribbean,High income
KY,CYM,Cayman Islands,2015,0.7089148,0.8966267,1.2746191,NA,76379.2095108681,61642,Latin America & Caribbean,High income
KY,CYM,Cayman Islands,2014,0.7081522,0.8949794,1.2758384,NA,75845.3060407986,60160,Latin America & Caribbean,High income
CF,CAF,Central African Republic,2024,-1.311266,-1.30997079999999,-1.83294689999999,NA,516.160999996036,5330690,Sub-Saharan Africa,Low income
CF,CAF,Central African Republic,2023,-1.32093669999999,-1.3816342,-1.87417179999999,27.2523724328105,495.978897288721,5152421,Sub-Saharan Africa,Low income
CF,CAF,Central African Republic,2022,-1.2634566,-1.3173981,-1.9022515,27.250920880235,467.359825026238,5098039,Sub-Saharan Africa,Low income
CF,CAF,Central African Republic,2021,-1.2527095,-1.316273,-2.1689304,24.5614011900616,492.263142830507,5112100,Sub-Saharan Africa,Low income
CF,CAF,Central African Republic,2020,-1.2261003,-1.25240479999999,-2.3306101,33.9426044260817,462.879071294011,5026628,Sub-Saharan Africa,Low income
CF,CAF,Central African Republic,2019,-1.0322464,-1.20142479999999,-1.85285369999999,28.3914592108344,449.228467602439,4944703,Sub-Saharan Africa,Low income
CF,CAF,Central African Republic,2018,-0.991607999999999,-1.22089,-1.89363629999999,26.8587345478905,455.243962859534,4878657,Sub-Saharan Africa,Low income
CF,CAF,Central African Republic,2017,-1.0753709,-1.18078179999999,-1.82651039999999,23.5074748789554,432.324025684263,4793511,Sub-Saharan Africa,Low income
CF,CAF,Central African Republic,2016,-1.08091,-1.30818529999999,-1.698431,27.425348533984,387.176203444318,4713663,Sub-Saharan Africa,Low income
CF,CAF,Central African Republic,2015,-1.1507213,-1.3662253,-1.8904664,28.360529537577,366.322853938121,4629320,Sub-Saharan Africa,Low income
CF,CAF,Central African Republic,2014,-1.183112,-1.25103109999999,-2.4862537,31.9140147785208,409.8504859647,4623182,Sub-Saharan Africa,Low income
TD,TCD,Chad,2024,-1.5187583,-1.3909131,-1.77893219999999,NA,980.668312111718,20299123,Sub-Saharan Africa,Low income
TD,TCD,Chad,2023,-1.378485,-1.48878199999999,-1.6839155,6.60438148232283,949.991054236266,19319064,Sub-Saharan Africa,Low income
TD,TCD,Chad,2022,-1.4100369,-1.4663578,-1.6491593,4.11264080915221,966.036468278568,18455316,Sub-Saharan Africa,Low income
TD,TCD,Chad,2021,-1.4563133,-1.4920803,-1.689273,4.35909031354751,946.358500208374,17828273,Sub-Saharan Africa,Low income
TD,TCD,Chad,2020,-1.3268961,-1.48219979999999,-1.4524146,6.98188710718764,866.947814890409,17224679,Sub-Saharan Africa,Low income
TD,TCD,Chad,2019,-1.3019227,-1.4780052,-1.4521212,4.32350743168364,893.336441643325,16685223,Sub-Saharan Africa,Low income
TD,TCD,Chad,2018,-1.3206115,-1.46041809999999,-1.3603311,5.77264254457821,948.656629871231,16156531,Sub-Saharan Africa,Low income
TD,TCD,Chad,2017,-1.2692214,-1.4572612,-1.36771589999999,4.9097667891971,854.46120040098,15622759,Sub-Saharan Africa,Low income
TD,TCD,Chad,2016,-1.268907,-1.50292809999999,-1.34170719999999,4.86328239276989,861.831767630746,15114655,Sub-Saharan Africa,Low income
TD,TCD,Chad,2015,-1.1956684,-1.5175650999999999,-1.1227573,4.2626310110577,993.990730610869,14647621,Sub-Saharan Africa,Low income
TD,TCD,Chad,2014,-1.1722919,-1.47772829999999,-1.3290695,2.23447112498487,1278.78981422494,14188678,Sub-Saharan Africa,Low income
CL,CHL,Chile,2024,0.994188,1.1057968,0.1213566,NA,16658.9652720351,19764771,Latin America & Caribbean,High income
CL,CHL,Chile,2023,1.0282277,1.0318341,0.0876667,NA,17081.5180740049,19658835,Latin America & Caribbean,High income
CL,CHL,Chile,2022,1.0098662,1.1452971,-0.004406,NA,15399.1044717559,19553036,Latin America & Caribbean,High income
CL,CHL,Chile,2021,0.9953359,1.1463006,0.146317,NA,16216.1840860289,19456334,Latin America & Caribbean,High income
CL,CHL,Chile,2020,1.0554867000000001,1.2156268,0.1362588,NA,13117.9930230086,19370624,Latin America & Caribbean,High income
CL,CHL,Chile,2019,1.0810036,1.1570367,0.1657239,NA,14496.9345640362,19197744,Latin America & Caribbean,High income
CL,CHL,Chile,2018,1.117223,1.1121229,0.6742085,NA,15659.4808675628,18893191,Latin America & Caribbean,High income
CL,CHL,Chile,2017,1.1097074,1.1123641,0.5894191,0.0264884442017967,14879.9086227187,18558868,Latin America & Caribbean,High income
CL,CHL,Chile,2016,1.1140561,1.1036472,0.5937207,0.073611154466086,13649.8520452803,18267221,Latin America & Caribbean,High income
CL,CHL,Chile,2015,1.126836,1.1438485,0.6780588,0.0229723773178231,13433.9202987032,18047625,Latin America & Caribbean,High income
CL,CHL,Chile,2014,1.1535631,1.3860663,0.7184817,0.0990059996517965,14529.6767206336,17864195,Latin America & Caribbean,High income
CN,CHN,China,2024,-1.6531931,0.0886811,-0.153336399999999,NA,13293.1162269366,1408975000,East Asia & Pacific,Upper middle income
CN,CHN,China,2023,-1.64670189999999,0.1138225,-0.174451499999999,-0.0014730637020795,12951.1782397043,1410710000,East Asia & Pacific,Upper middle income
CN,CHN,China,2022,-1.6167147,0.0432332,-0.249058199999999,-0.00154418150046106,12970.6056414327,1412175000,East Asia & Pacific,Upper middle income
CN,CHN,China,2021,-1.61369489999999,0.0556852,-0.259168,-0.00310837290907349,12887.4357242941,1412360000,East Asia & Pacific,Upper middle income
CN,CHN,China,2020,-1.54226819999999,0.0531167,-0.302661299999999,-0.00383509922382811,10627.4637989619,1411100000,East Asia & Pacific,Upper middle income
CN,CHN,China,2019,-1.5025339,-0.0496157999999999,-0.138588699999999,-0.00418045336207073,10342.9009524335,1407745000,East Asia & Pacific,Upper middle income
CN,CHN,China,2018,-1.4520217,-0.0701512,-0.237003599999999,-0.00500663161982718,10085.6638148819,1402760000,East Asia & Pacific,Upper middle income
CN,CHN,China,2017,-1.3804523,-0.0492492,-0.203288,-0.00790600135182456,8979.67652709856,1396215000,East Asia & Pacific,Upper middle income
CN,CHN,China,2016,-1.3897969,-0.092968,-0.501441799999999,-0.00694219532942694,8254.86859320357,1387790000,East Asia & Pacific,Upper middle income
CN,CHN,China,2015,-1.3924056,-0.1750814,-0.5462433,-0.00272790884728656,8175.33285077393,1379860000,East Asia & Pacific,Upper middle income
CN,CHN,China,2014,-1.3647981,-0.3014404,-0.523856099999999,-0.00886123774889293,7781.06597484974,1371860000,East Asia & Pacific,Upper middle income
CO,COL,Colombia,2024,0.034564,-0.2937197,-0.9708732,NA,7951.08624019412,52886363,Latin America & Caribbean,Upper middle income
CO,COL,Colombia,2023,0.0303931,-0.309004899999999,-0.7993485,0.287336263301899,7012.49169137756,52321152,Latin America & Caribbean,Upper middle income
CO,COL,Colombia,2022,0.0288542,-0.256400299999999,-0.809182,0.564767859064295,6680.44506854481,51737944,Latin America & Caribbean,Upper middle income
CO,COL,Colombia,2021,-0.0098546,-0.269745299999999,-1.0147831,0.607662444010856,6222.62164397614,51188173,Latin America & Caribbean,Upper middle income
CO,COL,Colombia,2020,0.0627933,-0.256463899999999,-0.6819314,0.698331914308264,5339.68711357943,50629997,Latin America & Caribbean,Upper middle income
CO,COL,Colombia,2019,0.0805217999999999,-0.272275,-0.9052968,0.27680217234925,6472.54544924705,49907985,Latin America & Caribbean,Upper middle income
CO,COL,Colombia,2018,0.0817099999999999,-0.3185939,-0.665561899999999,0.5464304780895,6816.96818309544,49024465,Latin America & Caribbean,Upper middle income
CO,COL,Colombia,2017,0.020767,-0.410863,-0.779948499999999,0.277420468655709,6479.53231292429,48131078,Latin America & Caribbean,Upper middle income
CO,COL,Colombia,2016,0.0341417,-0.3694889,-0.873548099999999,0.395751096807464,5959.84250367574,47437512,Latin America & Caribbean,Upper middle income
CO,COL,Colombia,2015,0.0168067,-0.3173369,-0.9555119,0.468096872627634,6248.51490534512,46969940,Latin America & Caribbean,Upper middle income
CO,COL,Colombia,2014,-0.0568228999999999,-0.3713217,-0.995331299999999,0.330493094137937,8187.20824890084,46565429,Latin America & Caribbean,Upper middle income
KM,COM,Comoros,2024,-1.2379665,-1.14078259999999,-0.221274299999999,NA,1857.87060684189,866628,Sub-Saharan Africa,Lower middle income
KM,COM,Comoros,2023,-1.2811985,-1.15283659999999,-0.3743498,11.2905767555958,1723.89474946474,850387,Sub-Saharan Africa,Lower middle income
KM,COM,Comoros,2022,-1.288717,-1.33720709999999,-0.374766,10.8064461621735,1533.87755393614,834188,Sub-Saharan Africa,Lower middle income
KM,COM,Comoros,2021,-1.28283139999999,-1.4088014,-0.3981267,11.9716282824871,1587.72988658008,818174,Sub-Saharan Africa,Lower middle income
KM,COM,Comoros,2020,-1.2150822,-1.32241109999999,-0.4562829,10.8458599396935,1527.16991011916,802163,Sub-Saharan Africa,Lower middle income
KM,COM,Comoros,2019,-1.1947881,-1.2697513,-0.4550338,6.20166470448126,1519.26386436068,786578,Sub-Saharan Africa,Lower middle income
KM,COM,Comoros,2018,-0.8163125,-1.02353499999999,-0.407626,7.60862947607759,1540.71132257526,771590,Sub-Saharan Africa,Lower middle income
KM,COM,Comoros,2017,-0.706106999999999,-0.9443349,-0.1999982,6.20976301613207,1423.9248027797,756669,Sub-Saharan Africa,Lower middle income
KM,COM,Comoros,2016,-0.708650799999999,-0.8635472,-0.2599683,5.27749077390694,1365.48403444497,741741,Sub-Saharan Africa,Lower middle income
KM,COM,Comoros,2015,-0.677090699999999,-0.8467167,-0.0966781999999999,6.77917327514846,1329.37048235986,726682,Sub-Saharan Africa,Lower middle income
KM,COM,Comoros,2014,-0.596658599999999,-0.8060681,-0.0153216999999999,6.49419205980213,1615.71709756316,711503,Sub-Saharan Africa,Lower middle income
CD,COD,"Congo, Dem. Rep.",2024,-1.213613,-1.5153396,-2.1191762,NA,692.887665085098,109276265,Sub-Saharan Africa,Low income
CD,COD,"Congo, Dem. Rep.",2023,-1.12555959999999,-1.4890974,-1.9812287,6.41679298729654,660.21205238997,105789731,Sub-Saharan Africa,Low income
CD,COD,"Congo, Dem. Rep.",2022,-1.14413529999999,-1.5102589,-1.8455557,4.91697655311862,687.738587554685,102396968,Sub-Saharan Africa,Low income
CD,COD,"Congo, Dem. Rep.",2021,-1.1423478,-1.50417239999999,-1.6314631,6.32747165009459,595.743074403567,99148932,Sub-Saharan Africa,Low income
CD,COD,"Congo, Dem. Rep.",2020,-1.1257361,-1.4573026,-1.80629289999999,7.44911508134989,486.425572682256,95989998,Sub-Saharan Africa,Low income
CD,COD,"Congo, Dem. Rep.",2019,-1.17874029999999,-1.5570273,-1.6467983,6.38263970312112,504.00419142286,92947442,Sub-Saharan Africa,Low income
CD,COD,"Congo, Dem. Rep.",2018,-1.3529201,-1.5315596,-1.8967124,5.59190086514283,518.169626875371,90047644,Sub-Saharan Africa,Low income
CD,COD,"Congo, Dem. Rep.",2017,-1.471641,-1.4338617,-2.26337839999999,6.28677166828181,431.052559128788,87083398,Sub-Saharan Africa,Low income
CD,COD,"Congo, Dem. Rep.",2016,-1.40943209999999,-1.4189706,-2.2189353,5.55995772647306,459.765036590388,83956415,Sub-Saharan Africa,Low income
CD,COD,"Congo, Dem. Rep.",2015,-1.3123683,-1.3932852,-2.01074219999999,6.95171956383518,495.826633014883,81035531,Sub-Saharan Africa,Low income
CD,COD,"Congo, Dem. Rep.",2014,-1.34815289999999,-1.4371692,-2.2481931,6.79641467403402,489.175952097319,78403242,Sub-Saharan Africa,Low income
CG,COG,"Congo, Rep.",2024,-1.31478079999999,-1.42356899999999,-0.2584147,NA,2482.2489948456,6332961,Sub-Saharan Africa,Lower middle income
CG,COG,"Congo, Rep.",2023,-1.2822094,-1.4043963,-0.199460399999999,2.74608828732032,2477.97845544866,6182885,Sub-Saharan Africa,Lower middle income
CG,COG,"Congo, Rep.",2022,-1.26993509999999,-1.36385159999999,-0.1445911,4.99611812875133,2620.83804267402,6035104,Sub-Saharan Africa,Lower middle income
CG,COG,"Congo, Rep.",2021,-1.2723726,-1.34316449999999,-0.517419899999999,1.5602114164385,2516.16255145432,5892183,Sub-Saharan Africa,Lower middle income
CG,COG,"Congo, Rep.",2020,-1.2242845,-1.3702576,-0.5758284,1.90274527934402,1993.586671931,5752791,Sub-Saharan Africa,Lower middle income
CG,COG,"Congo, Rep.",2019,-1.28469679999999,-1.4947169,-0.5963817,1.41262639046593,2488.42466724916,5616661,Sub-Saharan Africa,Lower middle income
CG,COG,"Congo, Rep.",2018,-1.2112094,-1.36936939999999,-0.6896411,1.05051511783037,2694.43413191427,5483118,Sub-Saharan Africa,Lower middle income
CG,COG,"Congo, Rep.",2017,-1.1395448,-1.3044744,-0.7695685,1.04071804372953,2211.63309874797,5351011,Sub-Saharan Africa,Lower middle income
CG,COG,"Congo, Rep.",2016,-1.13554169999999,-1.2697622,-0.760806,0.824999560322657,2093.10728558843,5222536,Sub-Saharan Africa,Lower middle income
CG,COG,"Congo, Rep.",2015,-1.0367267,-1.2818737,-0.7582165,0.717890299835203,2439.35189403696,5097581,Sub-Saharan Africa,Lower middle income
CG,COG,"Congo, Rep.",2014,-1.1230949,-1.2753339,-0.474273699999999,0.584002262706359,3601.2365808718,4975880,Sub-Saharan Africa,Lower middle income
CR,CRI,Costa Rica,2024,1.0114744,0.6792372,1.1756544,NA,18853.2828705886,5129910,Latin America & Caribbean,High income
CR,CRI,Costa Rica,2023,1.0983992,0.6775627,1.1842629,0.179584185982425,17140.771430122,5105525,Latin America & Caribbean,High income
CR,CRI,Costa Rica,2022,1.1110038,0.5669805,1.1460641,0.971904508993216,13971.7649991294,5081765,Latin America & Caribbean,High income
CR,CRI,Costa Rica,2021,1.126743,0.590956,1.0171458,0.131312694801835,12962.2716075659,5059988,Latin America & Caribbean,High income
CR,CRI,Costa Rica,2020,1.2021175,0.756375,0.9250217,0.354734007266892,12475.6852076814,5034320,Latin America & Caribbean,High income
CR,CRI,Costa Rica,2019,1.1972153,0.7249661,0.6261254,0.0939506294290975,12951.8588421841,4999553,Latin America & Caribbean,High income
CR,CRI,Costa Rica,2018,1.2067174,0.6496945,0.6346654,0.167978108335413,12620.0207321581,4957818,Latin America & Caribbean,High income
CR,CRI,Costa Rica,2017,1.1764736,0.5853521,0.7405908,0.173080123667091,12317.0902779911,4913177,Latin America & Caribbean,High income
CR,CRI,Costa Rica,2016,1.1385772,0.8034365,0.7331119,0.178696408519449,12091.0301560892,4866998,Latin America & Caribbean,High income
CR,CRI,Costa Rica,2015,1.1586172,0.7699694,0.7458992,0.206002216795777,11714.7106121672,4818038,Latin America & Caribbean,High income
CR,CRI,Costa Rica,2014,1.1415848,0.7809898,0.6803966,0.109387138913348,10911.4978703456,4767119,Latin America & Caribbean,High income
CI,CIV,Cote d'Ivoire,2024,-0.6166747,-0.2850472,-0.8438331,NA,2727.8935220697,31934230,Sub-Saharan Africa,Lower middle income
CI,CIV,Cote d'Ivoire,2023,-0.6434413,-0.3616761,-0.7874489,3.05721422148846,2591.9659048119,31165654,Sub-Saharan Africa,Lower middle income
CI,CIV,Cote d'Ivoire,2022,-0.6597367,-0.370305999999999,-0.716317499999999,2.86701014126948,2333.37128301259,30395002,Sub-Saharan Africa,Lower middle income
CI,CIV,Cote d'Ivoire,2021,-0.7085168,-0.446876999999999,-0.895587799999999,2.23614576581598,2455.98127641148,29639736,Sub-Saharan Africa,Lower middle income
CI,CIV,Cote d'Ivoire,2020,-0.666806999999999,-0.4863208,-1.16712789999999,2.5575881724243,2179.72934832935,28915449,Sub-Saharan Africa,Lower middle income
CI,CIV,Cote d'Ivoire,2019,-0.464221999999999,-0.5301004,-1.0134615,2.0014336200397,2141.76836170115,28193009,Sub-Saharan Africa,Lower middle income
CI,CIV,Cote d'Ivoire,2018,-0.480761799999999,-0.483168999999999,-0.9182691,1.68748542255382,2130.86619381144,27464173,Sub-Saharan Africa,Lower middle income
CI,CIV,Cote d'Ivoire,2017,-0.5960906,-0.4649251,-1.0411412,1.62664063671652,1964.29930338343,26733372,Sub-Saharan Africa,Lower middle income
CI,CIV,Cote d'Ivoire,2016,-0.628304099999999,-0.471418699999999,-0.8652379,1.30099651416889,1862.59597081287,25989405,Sub-Saharan Africa,Lower middle income
CI,CIV,Cote d'Ivoire,2015,-0.602650599999999,-0.4307488,-0.7838544,1.45458720310932,1814.71855088017,25246342,Sub-Saharan Africa,Lower middle income
CI,CIV,Cote d'Ivoire,2014,-0.6838095,-0.4250952,-1.0370019,1.92983591577288,1991.36539423404,24527395,Sub-Saharan Africa,Lower middle income
HR,HRV,Croatia,2024,0.6486643,0.1486813,0.5814089,NA,24049.9441746337,3866200,Europe & Central Asia,High income
HR,HRV,Croatia,2023,0.6291782,0.113708,0.6832484,NA,22183.4982258492,3859686,Europe & Central Asia,High income
HR,HRV,Croatia,2022,0.5940068,0.1067785,0.7321186,NA,18465.531473659,3855641,Europe & Central Asia,High income
HR,HRV,Croatia,2021,0.5908861,0.0954983,0.6364386,NA,17788.7601163765,3878981,Europe & Central Asia,High income
HR,HRV,Croatia,2020,0.5711056,0.1356925,0.6477441,NA,14807.5559227544,3914206,Europe & Central Asia,High income
HR,HRV,Croatia,2019,0.4375104,0.0249751,0.7476171,NA,15563.7354996625,3949390,Europe & Central Asia,High income
HR,HRV,Croatia,2018,0.3876269,0.0249186,0.7689202,NA,15460.4560798984,3988775,Europe & Central Asia,High income
HR,HRV,Croatia,2017,0.4559302,0.0456235,0.6251591,NA,13901.6498657787,4041407,Europe & Central Asia,High income
HR,HRV,Croatia,2016,0.5260745,0.1085585,0.6354526,NA,12820.1872746645,4106867,Europe & Central Asia,High income
HR,HRV,Croatia,2015,0.5836676,0.1722605,0.611397,NA,12283.8750299177,4151725,Europe & Central Asia,High income
HR,HRV,Croatia,2014,0.5360017,0.1153811,0.6331008,NA,14186.7712230471,4201598,Europe & Central Asia,High income
CU,CUB,Cuba,2024,-1.26857129999999,-0.226276999999999,0.3155266,NA,NA,10979783,Latin America & Caribbean,Upper middle income
CU,CUB,Cuba,2023,-1.2493934,-0.1628482,0.4305507,NA,NA,11019931,Latin America & Caribbean,Upper middle income
CU,CUB,Cuba,2022,-1.2297456,-0.2238752,0.4974928,NA,NA,11059820,Latin America & Caribbean,Upper middle income
CU,CUB,Cuba,2021,-1.2291961,-0.2211207,0.4994388,NA,NA,11122168,Latin America & Caribbean,Upper middle income
CU,CUB,Cuba,2020,-1.1899555,-0.1430736,0.6687382,NA,9605.27914559614,11176354,Latin America & Caribbean,Upper middle income
CU,CUB,Cuba,2019,-1.1895935,-0.1433557,0.6592457,0.48883523216247,9232.26115935183,11202846,Latin America & Caribbean,Upper middle income
CU,CUB,Cuba,2018,-1.2856792,-0.0111422,0.5676311,0.760617950151897,8911.46205998726,11227118,Latin America & Caribbean,Upper middle income
CU,CUB,Cuba,2017,-1.4159595,0.0402953,0.5729674,0.769370278081566,8610.60829605429,11247829,Latin America & Caribbean,Upper middle income
CU,CUB,Cuba,2016,-1.41036119999999,0.00530579999999999,0.6142617,2.99502869792109,8110.55874283616,11265612,Latin America & Caribbean,Upper middle income
CU,CUB,Cuba,2015,-1.39812809999999,0.2903657,0.5847166,0.648681877346644,7727.91997207998,11275065,Latin America & Caribbean,Upper middle income
CU,CUB,Cuba,2014,-1.4282708,0.2926138,0.5757986,0.328564395833209,7146.70459051328,11285775,Latin America & Caribbean,Upper middle income
CY,CYP,Cyprus,2024,0.8873328,0.5324784,0.3858613,NA,38674.3125,1358282,Europe & Central Asia,High income
CY,CYP,Cyprus,2023,0.8987685,0.4826822,0.3935929,NA,36623.70703125,1344976,Europe & Central Asia,High income
CY,CYP,Cyprus,2022,0.8916138,0.5652889,0.3811357,NA,33231.05078125,1331370,Europe & Central Asia,High income
CY,CYP,Cyprus,2021,0.9075915,0.4905518,0.4791734,NA,32937.8359375,1317309,Europe & Central Asia,High income
CY,CYP,Cyprus,2020,1.0583368,0.4663521,0.4538116,NA,28130.330078125,1302247,Europe & Central Asia,High income
CY,CYP,Cyprus,2019,1.0941113,0.6807343,0.7399069,NA,29227.16796875,1286671,Europe & Central Asia,High income
CY,CYP,Cyprus,2018,1.0535864,0.6608595,0.6561041,NA,29120.38671875,1270737,Europe & Central Asia,High income
CY,CYP,Cyprus,2017,1.0417544,0.8179827,0.6738103,NA,26247.46484375,1254275,Europe & Central Asia,High income
CY,CYP,Cyprus,2016,1.0198642,0.7247771,0.7672285,NA,24280.044921875,1237112,Europe & Central Asia,High income
CY,CYP,Cyprus,2015,1.0108417,0.6824205,0.6831374,NA,23088.4296875,1219502,Europe & Central Asia,High income
CY,CYP,Cyprus,2014,1.0347024,0.7530793,0.7031147,NA,26993.095703125,1201801,Europe & Central Asia,High income
CZ,CZE,Czechia,2024,1.2546961,0.9310659,0.9719006,NA,31827.7552539413,10905028,Europe & Central Asia,High income
CZ,CZE,Czechia,2023,1.139348,0.8499213,1.0704669,NA,31761.5944102491,10864042,Europe & Central Asia,High income
CZ,CZE,Czechia,2022,1.0848262,0.8031753,0.9957469,NA,28282.2236715857,10672118,Europe & Central Asia,High income
CZ,CZE,Czechia,2021,1.0405404,0.7300087,0.9968819,NA,27696.4619527544,10505772,Europe & Central Asia,High income
CZ,CZE,Czechia,2020,1.0021327,0.6341668,0.9082209,NA,23472.8915454417,10697858,Europe & Central Asia,High income
CZ,CZE,Czechia,2019,0.888522,0.6034081,1.0363667,NA,24062.7190013343,10671870,Europe & Central Asia,High income
CZ,CZE,Czechia,2018,0.7634218,0.6140583,1.0436452,NA,23705.9329811299,10629928,Europe & Central Asia,High income
CZ,CZE,Czechia,2017,0.8284651,0.7473855,1.0199948,NA,20913.197632212,10594438,Europe & Central Asia,High income
CZ,CZE,Czechia,2016,0.9821893,0.6247694,1.0617374,NA,18753.9686718096,10566332,Europe & Central Asia,High income
CZ,CZE,Czechia,2015,0.9870659,0.5929256,1.100576,NA,17931.5987670768,10546059,Europe & Central Asia,High income
CZ,CZE,Czechia,2014,0.9617226,0.5091331,1.1241036,NA,20038.4163180257,10525347,Europe & Central Asia,High income
DK,DNK,Denmark,2024,1.8949405,2.2874751,0.7688761,NA,71026.4832271897,5976992,Europe & Central Asia,High income
DK,DNK,Denmark,2023,1.9213047,2.3171626,0.9005936,NA,68043.5466971243,5946952,Europe & Central Asia,High income
DK,DNK,Denmark,2022,1.9129484,2.3022376,0.8416401,NA,67781.0940939514,5903037,Europe & Central Asia,High income
DK,DNK,Denmark,2021,1.9120246,2.2948313,0.8409469,NA,69340.7334922138,5856733,Europe & Central Asia,High income
DK,DNK,Denmark,2020,1.8719672,2.2645808,0.8682976,NA,60985.4885601514,5831404,Europe & Central Asia,High income
DK,DNK,Denmark,2019,1.7878967,2.1562325,0.8984987,NA,59404.2663247723,5814422,Europe & Central Asia,High income
DK,DNK,Denmark,2018,1.7815998,2.1580954,1.0018359,NA,61324.7665045565,5793636,Europe & Central Asia,High income
DK,DNK,Denmark,2017,1.6950847,2.1877812,0.9149035,NA,57521.5514992225,5764980,Europe & Central Asia,High income
DK,DNK,Denmark,2016,1.8008604,2.1677475,0.9320841,NA,54500.9260410217,5728010,Europe & Central Asia,High income
DK,DNK,Denmark,2015,1.8029116,2.1589365,1.0198991,NA,53094.0133607574,5683483,Europe & Central Asia,High income
DK,DNK,Denmark,2014,1.6861879,2.1516341,1.1307994,NA,62520.4509747011,5643475,Europe & Central Asia,High income
DJ,DJI,Djibouti,2024,-1.2450001,-0.8908098,-0.5563593,NA,3552.72335079222,1168722,"Middle East, North Africa, Afghanistan & Pakistan",Lower middle income
DJ,DJI,Djibouti,2023,-1.22451509999999,-0.905052699999999,-0.4640183,5.55737773688242,3381.29779710722,1152944,"Middle East, North Africa, Afghanistan & Pakistan",Lower middle income
DJ,DJI,Djibouti,2022,-1.2068256,-0.9087909,-0.4774121,1.6762070856579,3133.25779772463,1137096,"Middle East, North Africa, Afghanistan & Pakistan",Lower middle income
DJ,DJI,Djibouti,2021,-1.1996692,-0.9086172,-0.5273642,5.34889403623268,3025.91126413549,1121248,"Middle East, North Africa, Afghanistan & Pakistan",Lower middle income
DJ,DJI,Djibouti,2020,-1.1935356,-0.814078299999999,-0.4591955,8.56094953319485,2844.88810647853,1105188,"Middle East, North Africa, Afghanistan & Pakistan",Lower middle income
DJ,DJI,Djibouti,2019,-1.26267139999999,-0.9286163,-0.3842768,8.80481139704985,2837.16902340932,1088709,"Middle East, North Africa, Afghanistan & Pakistan",Lower middle income
DJ,DJI,Djibouti,2018,-1.2354091,-0.821555599999999,-0.296717499999999,6.46692058370355,2718.08338799203,1071882,"Middle East, North Africa, Afghanistan & Pakistan",Lower middle income
DJ,DJI,Djibouti,2017,-1.2859353,-0.7643067,-0.7552217,5.41020686012741,2618.95521147369,1054841,"Middle East, North Africa, Afghanistan & Pakistan",Lower middle income
DJ,DJI,Djibouti,2016,-1.2586587,-0.7112911,-0.7074408,7.34079725312288,2510.4300076241,1037653,"Middle East, North Africa, Afghanistan & Pakistan",Lower middle income
DJ,DJI,Djibouti,2015,-1.3363074,-0.729731599999999,-0.493180099999999,7.23256448940297,2376.12554719873,1020313,"Middle East, North Africa, Afghanistan & Pakistan",Lower middle income
DJ,DJI,Djibouti,2014,-1.3474302,-0.7346191,-0.3843552,7.56066465651097,2214.62084142432,1002717,"Middle East, North Africa, Afghanistan & Pakistan",Lower middle income
DM,DMA,Dominica,2024,0.379823,0.5329662,1.2341643,NA,10405.2787777582,66205,Latin America & Caribbean,Upper middle income
DM,DMA,Dominica,2023,0.3029358,0.4140289,1.2402149,7.98882793042529,9912.96212766668,66510,Latin America & Caribbean,Upper middle income
DM,DMA,Dominica,2022,0.3185418,0.3990364,1.2397365,9.50830696186532,9323.66089490562,66826,Latin America & Caribbean,Upper middle income
DM,DMA,Dominica,2021,0.3267128,0.3994373,1.2367945,14.0346578205649,8376.40414141113,67202,Latin America & Caribbean,Upper middle income
DM,DMA,Dominica,2020,0.3358446,0.4019084,1.2385037,11.9630703262883,7827.74842680426,67573,Latin America & Caribbean,Upper middle income
DM,DMA,Dominica,2019,0.4072504,0.4981335,0.9867091,8.09584585084785,9491.14995962374,67880,Latin America & Caribbean,Upper middle income
DM,DMA,Dominica,2018,0.43307060000000003,0.5097888,1.112031,4.27905689969789,9215.3085405645,68174,Latin America & Caribbean,Upper middle income
DM,DMA,Dominica,2017,0.528835,0.62126,1.1093885000000001,3.39263811676226,8224.64896571414,68496,Latin America & Caribbean,Upper middle income
DM,DMA,Dominica,2016,0.5435555,0.6205238,0.9362782,1.44630700292777,8802.56172041363,69606,Latin America & Caribbean,Upper middle income
DM,DMA,Dominica,2015,0.5437182,0.6194167,1.1120789,2.08649121597524,8282.59874702141,70410,Latin America & Caribbean,Upper middle income
DM,DMA,Dominica,2014,0.9141033,0.6052154,1.1473784,2.92960338085222,8131.74876096735,70373,Latin America & Caribbean,Upper middle income
DO,DOM,Dominican Republic,2024,0.2011502,-0.2654917,0.5893402,NA,10875.6618443092,11427557,Latin America & Caribbean,Upper middle income
DO,DOM,Dominican Republic,2023,0.1485631,-0.429853,0.4655668,0.576772865819527,10630.431743829,11331265,Latin America & Caribbean,Upper middle income
DO,DOM,Dominican Republic,2022,0.1170494,-0.422172599999999,0.4914554,0.337294384506612,10104.2464008585,11230734,Latin America & Caribbean,Upper middle income
DO,DOM,Dominican Republic,2021,0.0897951999999999,-0.545258,0.3502987,0.49856504199572,8527.0754858205,11123476,Latin America & Caribbean,Upper middle income
DO,DOM,Dominican Republic,2020,0.0633816,-0.706555199999999,0.2361204,0.502478443716313,7135.22273255899,11008300,Latin America & Caribbean,Upper middle income
DO,DOM,Dominican Republic,2019,0.00338979999999999,-0.802128499999999,0.0515231,0.154765745197846,8183.01623600375,10894043,Latin America & Caribbean,Upper middle income
DO,DOM,Dominican Republic,2018,-0.0353179,-0.8443735,0.0030759,0.109832083398286,7882.98221584944,10782053,Latin America & Caribbean,Upper middle income
DO,DOM,Dominican Republic,2017,-0.0263768,-0.801055499999999,0.0918722,0.156369848043145,7412.71571571512,10666843,Latin America & Caribbean,Upper middle income
DO,DOM,Dominican Republic,2016,-0.0169925,-0.794053,0.1555826,0.244405123605484,7160.44200982307,10551430,Latin America & Caribbean,Upper middle income
DO,DOM,Dominican Republic,2015,-0.0123257,-0.7903907,0.1170524,0.41152545484191,6800.95309395474,10434829,Latin America & Caribbean,Upper middle income
DO,DOM,Dominican Republic,2014,0.0457756,-0.755538199999999,0.0549569,0.260654706792746,6496.45166971142,10315528,Latin America & Caribbean,Upper middle income
EC,ECU,Ecuador,2024,-0.1051406,-0.775680199999999,-0.7210909,NA,6826.5294137822,18135478,Latin America & Caribbean,Upper middle income
EC,ECU,Ecuador,2023,-0.1241577,-0.719996,-0.3543579,0.470125181783251,6718.1447938811,17980083,Latin America & Caribbean,Upper middle income
EC,ECU,Ecuador,2022,-0.0898423,-0.655353,-0.2336288,0.330463029825029,6515.58528418336,17823897,Latin America & Caribbean,Upper middle income
EC,ECU,Ecuador,2021,-0.0753616999999999,-0.6326965,-0.1983083,0.286309750828479,6061.32350181711,17682454,Latin America & Caribbean,Upper middle income
EC,ECU,Ecuador,2020,-0.1590886,-0.5183859,-0.1513823,0.373046759663522,5463.64515348598,17546065,Latin America & Caribbean,Upper middle income
EC,ECU,Ecuador,2019,-0.1418141,-0.5273627,-0.209832,0.486250011418791,6205.05765246766,17340021,Latin America & Caribbean,Upper middle income
EC,ECU,Ecuador,2018,-0.1611409,-0.618424299999999,-0.0672488,0.386370960178933,6303.91886658338,17049547,Latin America & Caribbean,Upper middle income
EC,ECU,Ecuador,2017,-0.326162599999999,-0.775722799999999,-0.1273984,0.206768999067418,6233.32244797718,16759519,Latin America & Caribbean,Upper middle income
EC,ECU,Ecuador,2016,-0.3716661,-0.766105399999999,-0.1672879,0.254406801502726,5917.63771271481,16505139,Latin America & Caribbean,Upper middle income
EC,ECU,Ecuador,2015,-0.4061724,-0.7228483,-0.1822625,0.333156623123443,5976.1596805651,16266225,Latin America & Caribbean,Upper middle income
EC,ECU,Ecuador,2014,-0.317060499999999,-0.7552215,-0.0167487,0.163108906502578,6405.79979300441,16035124,Latin America & Caribbean,Upper middle income
EG,EGY,"Egypt, Arab Rep.",2024,-1.6006344,-0.8269898,-0.9779235,NA,3338.47371043679,116538258,"Middle East, North Africa, Afghanistan & Pakistan",Lower middle income
EG,EGY,"Egypt, Arab Rep.",2023,-1.6026342,-0.816904499999999,-0.899323299999999,0.126798709352918,3456.78965212363,114535772,"Middle East, North Africa, Afghanistan & Pakistan",Lower middle income
EG,EGY,"Egypt, Arab Rep.",2022,-1.6315045,-0.7776624,-0.9542974,1.26227769655957,4233.30783744856,112618250,"Middle East, North Africa, Afghanistan & Pakistan",Lower middle income
EG,EGY,"Egypt, Arab Rep.",2021,-1.65797359999999,-0.7873199,-1.066781,1.9629864245859,3827.35415374308,110957008,"Middle East, North Africa, Afghanistan & Pakistan",Lower middle income
EG,EGY,"Egypt, Arab Rep.",2020,-1.587094,-0.7914606,-1.1172787,0.419690389219,3511.11381026379,109315124,"Middle East, North Africa, Afghanistan & Pakistan",Lower middle income
EG,EGY,"Egypt, Arab Rep.",2019,-1.5713115,-0.652109199999999,-1.19692089999999,0.555010375873251,2962.98892023003,107553158,"Middle East, North Africa, Afghanistan & Pakistan",Lower middle income
EG,EGY,"Egypt, Arab Rep.",2018,-1.5263923,-0.4749757,-1.26200959999999,0.81187032393766,2484.70315630508,105682094,"Middle East, North Africa, Afghanistan & Pakistan",Lower middle income
EG,EGY,"Egypt, Arab Rep.",2017,-1.33211219999999,-0.4059653,-1.4711477,0.0135802533023002,2395.10333299491,103696057,"Middle East, North Africa, Afghanistan & Pakistan",Lower middle income
EG,EGY,"Egypt, Arab Rep.",2016,-1.341413,-0.4472655,-1.5399732,0.743161059476641,3270.6287768197,101644589,"Middle East, North Africa, Afghanistan & Pakistan",Lower middle income
EG,EGY,"Egypt, Arab Rep.",2015,-1.27674619999999,-0.5639736,-1.5178167,0.779979711205745,3306.98159414141,99597342,"Middle East, North Africa, Afghanistan & Pakistan",Lower middle income
EG,EGY,"Egypt, Arab Rep.",2014,-1.2061889,-0.576257999999999,-1.5091298,1.18578916033979,3133.39102265541,97528654,"Middle East, North Africa, Afghanistan & Pakistan",Lower middle income
SV,SLV,El Salvador,2024,-0.7884205,-0.5765882,0.00613259999999999,NA,5503.10317151907,6338193,Latin America & Caribbean,Upper middle income
SV,SLV,El Salvador,2023,-0.6318902,-0.6099566,0.0822243,1.5872306148612,5319.7195268688,6309624,Latin America & Caribbean,Upper middle income
SV,SLV,El Salvador,2022,-0.577896899999999,-0.680151,-0.0998814,2.37020969795951,5074.60050994225,6280319,Latin America & Caribbean,Upper middle income
SV,SLV,El Salvador,2021,-0.334136999999999,-0.5616664,-0.222007099999999,0.783925298554637,4642.60743101342,6255782,Latin America & Caribbean,Upper middle income
SV,SLV,El Salvador,2020,-0.093384,-0.5107438,-0.1497936,1.46137941178528,3997.19279583709,6234673,Latin America & Caribbean,Upper middle income
SV,SLV,El Salvador,2019,-0.0355093,-0.5208324,-0.2138062,1.18911006041148,4320.11671534627,6222318,Latin America & Caribbean,Upper middle income
SV,SLV,El Salvador,2018,-0.129725199999999,-0.579658,-0.420064599999999,1.0323962297113,4183.54620971358,6219807,Latin America & Caribbean,Upper middle income
SV,SLV,El Salvador,2017,-0.0652348,-0.5282498,-0.3360373,0.642679544346044,4020.12671373919,6213533,Latin America & Caribbean,Upper middle income
SV,SLV,El Salvador,2016,-0.0424607,-0.5627985,-0.2511021,0.562082222514529,3901.34014965811,6200800,Latin America & Caribbean,Upper middle income
SV,SLV,El Salvador,2015,-0.0514586999999999,-0.523622599999999,-0.1411131,0.401422331115688,3790.34089108162,6183676,Latin America & Caribbean,Upper middle income
SV,SLV,El Salvador,2014,0.0477758,-0.4848632,-0.1004167,0.454932185892022,3666.01248913873,6162955,Latin America & Caribbean,Upper middle income
GQ,GNQ,Equatorial Guinea,2024,-1.7254261,-1.47309619999999,-0.1409375,NA,7003.58055684906,1892516,Sub-Saharan Africa,Upper middle income
GQ,GNQ,Equatorial Guinea,2023,-1.72688659999999,-1.52463899999999,-0.2874757,0.101676733652018,6788.35271638376,1847549,Sub-Saharan Africa,Upper middle income
GQ,GNQ,Equatorial Guinea,2022,-1.73885699999999,-1.5183607,-0.3481526,0.121974396837717,7589.29964909381,1803545,Sub-Saharan Africa,Upper middle income
GQ,GNQ,Equatorial Guinea,2021,-1.7265335,-1.51813589999999,-0.3214725,0.125661937649634,6945.63069794539,1758786,Sub-Saharan Africa,Upper middle income
GQ,GNQ,Equatorial Guinea,2020,-1.7200521,-1.51748099999999,-0.380621,0.0774431598088028,5764.05502912947,1716468,Sub-Saharan Africa,Upper middle income
GQ,GNQ,Equatorial Guinea,2019,-1.707428,-1.5178173,-0.3400881,0.697319610671458,6804.14923073888,1670177,Sub-Saharan Africa,Upper middle income
GQ,GNQ,Equatorial Guinea,2018,-1.7287651,-1.5191557,-0.3808707,0.0582531003745514,8102.47084834031,1616422,Sub-Saharan Africa,Upper middle income
GQ,GNQ,Equatorial Guinea,2017,-1.69954079999999,-1.63363519999999,-0.3950453,0.0611414791078857,7809.10465655488,1562396,Sub-Saharan Africa,Upper middle income
GQ,GNQ,Equatorial Guinea,2016,-1.70734529999999,-1.6329041,-0.404997699999999,0.0759357569281053,7453.19797948517,1508186,Sub-Saharan Africa,Upper middle income
GQ,GNQ,Equatorial Guinea,2015,-1.7571359,-1.5888102,-0.5106021,0.0661683438600046,9068.91003238645,1453923,Sub-Saharan Africa,Upper middle income
GQ,GNQ,Equatorial Guinea,2014,-1.75267969999999,-1.58996809999999,-0.5596512,0.00293635879865331,15548.6624656619,1399828,Sub-Saharan Africa,Upper middle income
ER,ERI,Eritrea,2024,-2.28978119999999,-1.6331361,-0.7086146,NA,NA,3535603,Sub-Saharan Africa,Low income
ER,ERI,Eritrea,2023,-2.1972027,-1.4131414,-0.7897784,NA,NA,3470390,Sub-Saharan Africa,Low income
ER,ERI,Eritrea,2022,-2.1228333,-1.3644356,-1.0696541,NA,NA,3409447,Sub-Saharan Africa,Low income
ER,ERI,Eritrea,2021,-2.1460385,-1.36851339999999,-1.02707899999999,NA,NA,3350183,Sub-Saharan Africa,Low income
ER,ERI,Eritrea,2020,-2.13194839999999,-1.3612091,-1.0705711,NA,NA,3291271,Sub-Saharan Africa,Low income
ER,ERI,Eritrea,2019,-2.1503856,-1.4238042,-0.9764301,NA,NA,3240194,Sub-Saharan Africa,Low income
ER,ERI,Eritrea,2018,-2.1458016,-1.4338129,-0.9260353,NA,NA,3192760,Sub-Saharan Africa,Low income
ER,ERI,Eritrea,2017,-2.256531,-1.320663,-0.834184199999999,NA,NA,3150347,Sub-Saharan Africa,Low income
ER,ERI,Eritrea,2016,-2.2514852,-1.35281649999999,-0.7487988,NA,NA,3124698,Sub-Saharan Africa,Low income
ER,ERI,Eritrea,2015,-2.31266839999999,-1.3519275,-0.7893504,NA,NA,3105546,Sub-Saharan Africa,Low income
ER,ERI,Eritrea,2014,-2.31982369999999,-1.124763,-0.651784799999999,NA,NA,3095173,Sub-Saharan Africa,Low income
EE,EST,Estonia,2024,1.4144994,1.669321,0.6995763,NA,31428.3547816104,1372341,Europe & Central Asia,High income
EE,EST,Estonia,2023,1.3973248,1.6727855,0.8473511,NA,30264.0064885057,1370286,Europe & Central Asia,High income
EE,EST,Estonia,2022,1.4173259,1.5957125,0.8742633,NA,28340.3826549406,1348840,Europe & Central Asia,High income
EE,EST,Estonia,2021,1.4062889,1.5368104,0.8879044,NA,27951.1659277744,1330932,Europe & Central Asia,High income
EE,EST,Estonia,2020,1.4142436,1.5899428,0.9178902,NA,23933.9939421065,1329522,Europe & Central Asia,High income
EE,EST,Estonia,2019,1.4094654,1.52358,0.8235862,NA,24021.2501413306,1326898,Europe & Central Asia,High income
EE,EST,Estonia,2018,1.2712932,1.4976464,0.7988248,NA,23618.1361254581,1321977,Europe & Central Asia,High income
EE,EST,Estonia,2017,1.29647,1.280741,0.8425161,NA,20851.5223496861,1317384,Europe & Central Asia,High income
EE,EST,Estonia,2016,1.2674888,1.2763152,0.8731492,NA,18666.3736521706,1315790,Europe & Central Asia,High income
EE,EST,Estonia,2015,1.2588335,1.2999987,0.8918499,NA,17722.1557669523,1315407,Europe & Central Asia,High income
EE,EST,Estonia,2014,1.2176114,1.2696404,1.024732,NA,20581.7898991695,1314545,Europe & Central Asia,High income
SZ,SWZ,Eswatini,2024,-1.3474097,-0.785159899999999,-0.7327829,NA,3909.55892378182,1242822,Sub-Saharan Africa,Lower middle income
SZ,SWZ,Eswatini,2023,-1.2823788,-0.6292553,-0.7261847,2.5601381303383,3755.52111232464,1230506,Sub-Saharan Africa,Lower middle income
SZ,SWZ,Eswatini,2022,-1.31343679999999,-0.6085804,-0.400835,2.23409193929015,3894.1620089869,1218917,Sub-Saharan Africa,Lower middle income
SZ,SWZ,Eswatini,2021,-1.30526869999999,-0.5806756,-0.428643699999999,2.83658692951377,3984.00229174306,1206593,Sub-Saharan Africa,Lower middle income
SZ,SWZ,Eswatini,2020,-1.26470629999999,-0.3014253,-0.1948628,2.84060517779019,3466.56936278145,1192729,Sub-Saharan Africa,Lower middle income
SZ,SWZ,Eswatini,2019,-1.2554067,-0.2969784,-0.3182636,1.73091861357093,3913.14577547336,1179874,Sub-Saharan Africa,Lower middle income
SZ,SWZ,Eswatini,2018,-1.32322949999999,-0.272451599999999,-0.5468116,2.80575012282922,3972.65450620357,1168929,Sub-Saharan Africa,Lower middle income
SZ,SWZ,Eswatini,2017,-1.3337719,-0.0881199,-0.380332699999999,3.54192794324578,3853.09956569679,1158195,Sub-Saharan Africa,Lower middle income
SZ,SWZ,Eswatini,2016,-1.32648949999999,-0.2738615,-0.4484062,4.19767596613852,3238.17611961364,1149507,Sub-Saharan Africa,Lower middle income
SZ,SWZ,Eswatini,2015,-1.2650606,-0.2787246,-0.4462561,2.47086745157571,3419.82276559528,1142813,Sub-Saharan Africa,Lower middle income
SZ,SWZ,Eswatini,2014,-1.2606556,-0.2843032,-0.3976089,2.10772434126083,3771.07228381938,1136299,Sub-Saharan Africa,Lower middle income
ET,ETH,Ethiopia,2024,-1.2423966,-0.437863299999999,-1.88497389999999,NA,1133.88279681256,132059767,Sub-Saharan Africa,Low income
ET,ETH,Ethiopia,2023,-1.1791506,-0.4629488,-1.86375129999999,3.9865591580612,1055.81091593061,128691692,Sub-Saharan Africa,Low income
ET,ETH,Ethiopia,2022,-1.1043087,-0.406565399999999,-1.8659545,4.0219836509139,982.103161502198,125384287,Sub-Saharan Africa,Low income
ET,ETH,Ethiopia,2021,-1.0719325,-0.4003096,-2.0139565,3.75287603365377,893.009835441784,122138588,Sub-Saharan Africa,Low income
ET,ETH,Ethiopia,2020,-1.0380249,-0.368558799999999,-1.5934093,5.40826686628567,829.790982552951,118917671,Sub-Saharan Africa,Low income
ET,ETH,Ethiopia,2019,-1.01667779999999,-0.4268519,-1.1789771,5.1248606157298,793.473247218996,115737383,Sub-Saharan Africa,Low income
ET,ETH,Ethiopia,2018,-1.1704682,-0.4565279,-1.2054246,5.95548979856702,739.702022272086,112664152,Sub-Saharan Africa,Low income
ET,ETH,Ethiopia,2017,-1.369723,-0.5649481,-1.5195725,5.43354958123975,696.348429076216,109666481,Sub-Saharan Africa,Low income
ET,ETH,Ethiopia,2016,-1.3385295,-0.435890499999999,-1.43965759999999,5.98423881543787,641.651523286233,106718162,Sub-Saharan Africa,Low income
ET,ETH,Ethiopia,2015,-1.3145088,-0.5196265,-1.26354339999999,5.23659101279756,597.912113218663,103867135,Sub-Saharan Africa,Low income
ET,ETH,Ethiopia,2014,-1.3018621,-0.5429668,-1.1765231,6.46231213930173,549.986577082588,101115610,Sub-Saharan Africa,Low income
FJ,FJI,Fiji,2024,0.33163,0.5626875,0.6984398,NA,6425.74151715712,928784,East Asia & Pacific,Upper middle income
FJ,FJI,Fiji,2023,0.1761541,0.5323283,0.782933,3.68225335784346,5926.20586394763,924145,East Asia & Pacific,Upper middle income
FJ,FJI,Fiji,2022,0.0180241,0.4582725,0.782553,7.66054314198629,5414.12092119088,919422,East Asia & Pacific,Upper middle income
FJ,FJI,Fiji,2021,0.00329959999999999,0.4839702,0.6663534,15.6757592213939,4536.73312110335,916711,East Asia & Pacific,Upper middle income
FJ,FJI,Fiji,2020,0.0852339999999999,0.5418111,0.6004415,4.97584139368935,4620.6457238014,914963,East Asia & Pacific,Upper middle income
FJ,FJI,Fiji,2019,0.0019276,0.6824056,0.6881602,2.6602681117556,5842.07344577597,914899,East Asia & Pacific,Upper middle income
FJ,FJI,Fiji,2018,-0.018233,0.340503,0.6984111,2.31681657732311,6085.41979485376,917180,East Asia & Pacific,Upper middle income
FJ,FJI,Fiji,2017,-0.2429692,0.344813,0.3819841,2.95916510358913,5826.84814459328,918759,East Asia & Pacific,Upper middle income
FJ,FJI,Fiji,2016,-0.2015064,0.3150779,0.7205988,2.52064512089142,5363.79026679243,919166,East Asia & Pacific,Upper middle income
FJ,FJI,Fiji,2015,-0.2660296,0.3146995,0.3263655,2.33012896975084,5097.53106864695,918578,East Asia & Pacific,Upper middle income
FJ,FJI,Fiji,2014,-0.308363899999999,0.3474414,0.3275632,2.0346612974256,5293.35676680464,917585,East Asia & Pacific,Upper middle income
FI,FIN,Finland,2024,1.8535581,2.1920863,0.8325695,NA,53155.5451165897,5619911,Europe & Central Asia,High income
FI,FIN,Finland,2023,1.8446784,2.193956,0.7648776,NA,52864.6931581216,5583911,Europe & Central Asia,High income
FI,FIN,Finland,2022,1.9074802,2.1894699,1.0892287,NA,50440.560224974,5556106,Europe & Central Asia,High income
FI,FIN,Finland,2021,1.913997,2.2264683,1.1287431,NA,53099.1351400148,5541017,Europe & Central Asia,High income
FI,FIN,Finland,2020,1.9151339,2.2354321,1.1572607,NA,48828.6846862799,5529543,Europe & Central Asia,High income
FI,FIN,Finland,2019,1.8337714,2.1845876,0.9978349,NA,48358.1807773701,5521606,Europe & Central Asia,High income
FI,FIN,Finland,2018,1.8561275,2.1834702,1.041505,NA,49654.2497035329,5515525,Europe & Central Asia,High income
FI,FIN,Finland,2017,1.7957995,2.1795948,1.1388152,NA,46085.0174739036,5508214,Europe & Central Asia,High income
FI,FIN,Finland,2016,1.8122181,2.1900901,1.0609919,NA,43451.2562442158,5495303,Europe & Central Asia,High income
FI,FIN,Finland,2015,1.8318798,2.1750212,1.1347824,NA,42560.3456767103,5479531,Europe & Central Asia,High income
FI,FIN,Finland,2014,1.7486535,2.0450303,1.3181701,NA,50073.7760815871,5461512,Europe & Central Asia,High income
FR,FRA,France,2024,1.1486677,1.2182239,-0.241365399999999,NA,46103.0840855884,68551653,Europe & Central Asia,High income
FR,FRA,France,2023,1.1742965,1.2672713,-0.0187716,NA,44700.1384177544,68372286,Europe & Central Asia,High income
FR,FRA,France,2022,1.1796995,1.3856444,0.0198376,NA,40988.6396406579,68184457,Europe & Central Asia,High income
FR,FRA,France,2021,1.1650934,1.422803,0.1241525,NA,43725.0999521245,67842811,Europe & Central Asia,High income
FR,FRA,France,2020,1.1823864,1.2939757,0.1270887,NA,39169.8606000707,67601110,Europe & Central Asia,High income
FR,FRA,France,2019,1.1253167,1.3620502,0.2040672,NA,40408.2848574751,67382061,Europe & Central Asia,High income
FR,FRA,France,2018,1.152628,1.4123369,0.1043516,NA,41418.1766484844,67158348,Europe & Central Asia,High income
FR,FRA,France,2017,1.162837,1.3564923,0.229972,NA,38687.1626407164,66918020,Europe & Central Asia,High income
FR,FRA,France,2016,1.1836318,1.3423858,-0.0415329,NA,37024.2157133669,66724104,Europe & Central Asia,High income
FR,FRA,France,2015,1.2297173,1.2963551,0.1735665,NA,36702.4323733379,66548272,Europe & Central Asia,High income
FR,FRA,France,2014,1.2106791,1.311456,0.3877863,NA,43148.0459288416,66312067,Europe & Central Asia,High income
PF,PYF,French Polynesia,2024,0.8765563,-0.2085367,1.0303397,NA,22439.8838746025,281807,East Asia & Pacific,High income
PF,PYF,French Polynesia,2023,0.8789296,-0.2230586,1.049441,NA,21832.2831795569,281118,East Asia & Pacific,High income
PF,PYF,French Polynesia,2022,0.8832697,-0.2079857,1.0479309,NA,20053.9569369322,280378,East Asia & Pacific,High income
PF,PYF,French Polynesia,2021,0.8876558,-0.2035976,1.0386429,NA,21426.3854449835,279792,East Asia & Pacific,High income
PF,PYF,French Polynesia,2020,0.4862757,NA,0.9517964,NA,19966.4838503859,279209,East Asia & Pacific,High income
PF,PYF,French Polynesia,2019,0.4985194,NA,0.9033343,NA,21582.5892046801,279034,East Asia & Pacific,High income
PF,PYF,French Polynesia,2018,NA,NA,NA,NA,21925.616043938,279815,East Asia & Pacific,High income
PF,PYF,French Polynesia,2017,NA,NA,NA,NA,20826.9312492172,280087,East Asia & Pacific,High income
PF,PYF,French Polynesia,2016,NA,NA,NA,NA,19690.0775734589,279178,East Asia & Pacific,High income
PF,PYF,French Polynesia,2015,NA,NA,NA,NA,19166.9594761931,277866,East Asia & Pacific,High income
PF,PYF,French Polynesia,2014,NA,NA,NA,NA,22258.6321384251,276387,East Asia & Pacific,High income
GA,GAB,Gabon,2024,-1.0208367,-0.936776899999999,-0.276887,NA,8230.04311451151,2538952,Sub-Saharan Africa,Upper middle income
GA,GAB,Gabon,2023,-1.1549558,-0.9748427,-0.2702052,0.298429221017218,7802.82433276138,2484789,Sub-Saharan Africa,Upper middle income
GA,GAB,Gabon,2022,-1.06249099999999,-1.0035399,-0.1324826,0.740800261784544,8409.20741452279,2430747,Sub-Saharan Africa,Upper middle income
GA,GAB,Gabon,2021,-0.952399799999999,-0.8653289,-0.28203,0.546178081680501,8181.40914134398,2376722,Sub-Saharan Africa,Upper middle income
GA,GAB,Gabon,2020,-0.9268989,-0.8043948,-0.2194997,0.371170973134475,6605.80346077904,2322539,Sub-Saharan Africa,Upper middle income
GA,GAB,Gabon,2019,-0.918410699999999,-0.8194499,-0.2805716,0.735788901234204,7441.1786472281,2267706,Sub-Saharan Africa,Upper middle income
GA,GAB,Gabon,2018,-0.920816099999999,-0.820118999999999,-0.393451,0.725945880756955,7624.2775233771,2212318,Sub-Saharan Africa,Upper middle income
GA,GAB,Gabon,2017,-0.984201799999999,-0.870111499999999,-0.4524644,0.759825509411794,6921.73373135624,2156900,Sub-Saharan Africa,Upper middle income
GA,GAB,Gabon,2016,-0.922775399999999,-0.689372299999999,-0.534579199999999,0.303368783162414,6677.07003901644,2100306,Sub-Saharan Africa,Upper middle income
GA,GAB,Gabon,2015,-0.888459999999999,-0.741064899999999,-0.1148078,0.749006160463248,7047.12654634355,2040989,Sub-Saharan Africa,Upper middle income
GA,GAB,Gabon,2014,-0.8845052,-0.830800499999999,-0.0865664999999999,0.644795843901953,9201.36276648105,1978399,Sub-Saharan Africa,Upper middle income
GM,GMB,"Gambia, The",2024,-0.1820029,-0.3342284,-0.0180453,NA,871.340287547821,2759988,Sub-Saharan Africa,Low income
GM,GMB,"Gambia, The",2023,-0.1684255,-0.296167199999999,0.1359932,14.608211979012,883.024111978927,2697845,Sub-Saharan Africa,Low income
GM,GMB,"Gambia, The",2022,-0.210048799999999,-0.3002052,0.1344853,12.5329494002404,836.244875868476,2636470,Sub-Saharan Africa,Low income
GM,GMB,"Gambia, The",2021,-0.201333999999999,-0.3139401,0.0231959,12.6818053945362,781.890925169531,2576010,Sub-Saharan Africa,Low income
GM,GMB,"Gambia, The",2020,-0.2585693,-0.222816799999999,0.1363877,16.9191806500435,720.335143352133,2515733,Sub-Saharan Africa,Low income
GM,GMB,"Gambia, The",2019,-0.3337986,-0.3416671,0.0678807,10.6913168152279,738.186751987483,2456844,Sub-Saharan Africa,Low income
GM,GMB,"Gambia, The",2018,-0.291369999999999,-0.417942,-0.115459499999999,14.2633450361374,696.219806960615,2399632,Sub-Saharan Africa,Low income
GM,GMB,"Gambia, The",2017,-0.654595399999999,-0.503196099999999,-0.196953699999999,19.2648295536394,642.522641296331,2342189,Sub-Saharan Africa,Low income
GM,GMB,"Gambia, The",2016,-1.2057754,-0.9137354,-0.446274,6.31149193278897,650.056501323611,2283769,Sub-Saharan Africa,Low income
GM,GMB,"Gambia, The",2015,-1.3095822,-0.9231417,-0.210501599999999,8.47043758172417,619.536364296461,2224529,Sub-Saharan Africa,Low income
GM,GMB,"Gambia, The",2014,-1.2094307,-0.891646899999999,-0.3503537,8.35783042190058,568.00453558864,2164528,Sub-Saharan Africa,Low income
GE,GEO,Georgia,2024,-0.253538,0.3810861,-0.6127592,NA,8967.67525638987,3812518,Europe & Central Asia,Upper middle income
GE,GEO,Georgia,2023,-0.105257599999999,0.6584135,-0.120908599999999,1.28651160735121,8283.66960652261,3715483,Europe & Central Asia,Upper middle income
GE,GEO,Georgia,2022,-0.020937,0.6512819,-0.100034699999999,1.62086951340553,6729.84659930283,3712502,Europe & Central Asia,Upper middle income
GE,GEO,Georgia,2021,0.0300981,0.7226795,-0.2017684,4.35550203742122,5083.60695484577,3708610,Europe & Central Asia,Upper middle income
GE,GEO,Georgia,2020,0.0930661,0.8203237,-0.1271941,6.83015304633267,4300.85701291207,3722716,Europe & Central Asia,Upper middle income
GE,GEO,Georgia,2019,0.1539206,0.8436252,-0.134771,2.92792164313843,4741.2832715876,3720161,Europe & Central Asia,Upper middle income
GE,GEO,Georgia,2018,0.1902669,0.8416678,-0.0948569,3.41934694821672,4804.0546040444,3726549,Europe & Central Asia,Upper middle income
GE,GEO,Georgia,2017,0.1845367,0.8616872,-0.1125587,2.85319231483645,4418.75206546679,3728004,Europe & Central Asia,Upper middle income
GE,GEO,Georgia,2016,0.2793397,0.799381,-0.0614684,3.13828997607769,4143.40125686315,3727505,Europe & Central Asia,Upper middle income
GE,GEO,Georgia,2015,0.257919,0.7754032,-0.090598,3.01693744725333,4086.6223465965,3725276,Europe & Central Asia,Upper middle income
GE,GEO,Georgia,2014,0.2364329,0.8080156,-0.0248029,3.17830327940966,4830.33486170249,3719414,Europe & Central Asia,Upper middle income
DE,DEU,Germany,2024,1.5981515,1.7734211,0.1242671,NA,56103.7323182554,83516593,Europe & Central Asia,High income
DE,DEU,Germany,2023,1.5915479,1.699403,0.50602,NA,54776.7668235491,83287273,Europe & Central Asia,High income
DE,DEU,Germany,2022,1.5586754,1.8224098,0.5284799,NA,50506.5179638543,83177813,Europe & Central Asia,High income
DE,DEU,Germany,2021,1.5769284,1.8243293,0.6603045,NA,52349.2459994422,83196078,Europe & Central Asia,High income
DE,DEU,Germany,2020,1.6004463,1.8713077,0.6840532,NA,47394.8734504469,83160871,Europe & Central Asia,High income
DE,DEU,Germany,2019,1.5336755,1.8768449,0.7271723,NA,47656.199739747,83092962,Europe & Central Asia,High income
DE,DEU,Germany,2018,1.5425213,1.9178103,0.8239013,NA,48916.1686612154,82905782,Europe & Central Asia,High income
DE,DEU,Germany,2017,1.5233606,1.8222612,0.7022243,NA,45553.9341495339,82657002,Europe & Central Asia,High income
DE,DEU,Germany,2016,1.5145689,1.763112,0.7945337,NA,42948.9381932694,82348669,Europe & Central Asia,High income
DE,DEU,Germany,2015,1.5917252,1.7233648,0.8311441,NA,41929.7549110722,81686611,Europe & Central Asia,High income
DE,DEU,Germany,2014,1.5532686,1.7082916,1.067265,NA,48959.5991203133,80982500,Europe & Central Asia,High income
GH,GHA,Ghana,2024,0.2043162,-0.1934794,0.0114605,NA,2419.2518672482,34427414,Sub-Saharan Africa,Lower middle income
GH,GHA,Ghana,2023,0.17051,-0.1303327,-0.0688107,2.05648172682006,2383.90410476221,33787914,Sub-Saharan Africa,Lower middle income
GH,GHA,Ghana,2022,0.1697154,-0.0967234999999999,-0.1877453,1.52566888349213,2229.89122654479,33149152,Sub-Saharan Africa,Lower middle income
GH,GHA,Ghana,2021,0.2068363,-0.1554389,-0.1622488,1.65006798238671,2445.18662529344,32518665,Sub-Saharan Africa,Lower middle income
GH,GHA,Ghana,2020,0.2829497,-0.0922532,0.0588855,3.31061014592348,2195.45481659987,31887809,Sub-Saharan Africa,Lower middle income
GH,GHA,Ghana,2019,0.3201061,-0.0994456,0.0133997,1.39059810703371,2186.65822682613,31258945,Sub-Saharan Africa,Lower middle income
GH,GHA,Ghana,2018,0.37686,-0.140224799999999,-0.032042,1.66212732274913,2195.32166016377,30637585,Sub-Saharan Africa,Lower middle income
GH,GHA,Ghana,2017,0.4517344,-0.2759026,0.0663948999999999,2.2008397380138,2012.28662641265,30008354,Sub-Saharan Africa,Lower middle income
GH,GHA,Ghana,2016,0.37094,-0.246555599999999,-0.128208,2.44460544497604,1912.47991339951,29356742,Sub-Saharan Africa,Lower middle income
GH,GHA,Ghana,2015,0.3876992,-0.2762732,-0.0228697,3.69231777516219,1722.77282833606,28696068,Sub-Saharan Africa,Lower middle income
GH,GHA,Ghana,2014,0.4460775,-0.1952286,-0.0929878,2.16730934056598,1949.90832923846,28041592,Sub-Saharan Africa,Lower middle income
GR,GRC,Greece,2024,0.7818531,0.2996813,0.1394204,NA,24626.1481858973,10405134,Europe & Central Asia,High income
GR,GRC,Greece,2023,0.830097,0.3292978,0.3853039,NA,23343.7103964562,10407351,Europe & Central Asia,High income
GR,GRC,Greece,2022,0.7920598,0.3224993,0.236947,NA,20884.6773436263,10437805,Europe & Central Asia,High income
GR,GRC,Greece,2021,0.7984164,0.3910516,0.2270172,NA,20652.89659591,10570130,Europe & Central Asia,High income
GR,GRC,Greece,2020,0.855378,0.2809798,0.2996221,NA,17886.733165236,10698599,Europe & Central Asia,High income
GR,GRC,Greece,2019,0.7342913,0.3040548,0.2789347,NA,19335.3602002969,10721582,Europe & Central Asia,High income
GR,GRC,Greece,2018,0.6995366,0.2408155,0.351321,NA,19873.4015238771,10732882,Europe & Central Asia,High income
GR,GRC,Greece,2017,0.6628897,0.1466842,0.00694,NA,18631.9930129293,10754679,Europe & Central Asia,High income
GR,GRC,Greece,2016,0.678085,0.0885981,-0.1537754,NA,17919.2426377048,10775971,Europe & Central Asia,High income
GR,GRC,Greece,2015,0.6672394,0.0220321,-0.1201405,NA,17980.7298238137,10820883,Europe & Central Asia,High income
GR,GRC,Greece,2014,0.6896289,0.0019795,-0.0700276,NA,21474.7257123892,10892413,Europe & Central Asia,High income
GL,GRL,Greenland,2024,1.4046947,1.482751,1.2405187,NA,NA,56836,Europe & Central Asia,High income
GL,GRL,Greenland,2023,1.4058249,1.0245164,1.2510555,NA,58498.9707973609,56865,Europe & Central Asia,High income
GL,GRL,Greenland,2022,1.4078917,1.0265006,1.2502225,NA,55635.0006491223,56661,Europe & Central Asia,High income
GL,GRL,Greenland,2021,1.4099803,1.0270782,1.7551692,NA,58135.9939910203,56653,Europe & Central Asia,High income
GL,GRL,Greenland,2020,1.4163396,1.1145942,1.7581458,NA,54812.6661771023,56367,Europe & Central Asia,High income
GL,GRL,Greenland,2019,1.4172559,1.1137491,1.7589045,NA,53309.2035905065,56225,Europe & Central Asia,High income
GL,GRL,Greenland,2018,1.4179056,1.1103855,1.7575234,NA,54545.135857765,56023,Europe & Central Asia,High income
GL,GRL,Greenland,2017,1.4186607,1.1079441,1.7529215,NA,50765.7494665372,56172,Europe & Central Asia,High income
GL,GRL,Greenland,2016,1.4199247,1.1093795,1.7522673,NA,48181.7453541266,56186,Europe & Central Asia,High income
GL,GRL,Greenland,2015,1.4213785,1.02138,1.7576068,NA,44536.3549705377,56114,Europe & Central Asia,High income
GL,GRL,Greenland,2014,1.4202113,1.0188354,1.7597512,NA,50485.2244135291,56295,Europe & Central Asia,High income
GD,GRD,Grenada,2024,0.3787385,0.4790005,1.1992639,NA,11528.9220811928,117207,Latin America & Caribbean,Upper middle income
GD,GRD,Grenada,2023,0.2943878,0.3935799,1.2053145,3.21883343183272,11414.4781691181,117081,Latin America & Caribbean,Upper middle income
GD,GRD,Grenada,2022,0.2406624,0.2886861,1.2048361,-8.22394934283269,10469.3867012856,116913,Latin America & Caribbean,Upper middle income
GD,GRD,Grenada,2021,0.2559813,0.3144044,1.0408786,6.65832413838939,9617.28902905373,116688,Latin America & Caribbean,Upper middle income
GD,GRD,Grenada,2020,0.3626019,0.3784368,1.0425879,7.16091384175973,8968.55890108484,116341,Latin America & Caribbean,Upper middle income
GD,GRD,Grenada,2019,0.3676888,0.3780139,0.9169085,1.34401998058267,10462.7929159533,115981,Latin America & Caribbean,Upper middle income
GD,GRD,Grenada,2018,0.4067725,0.4166836,0.9161154,3.01362314224612,10083.021279225,115691,Latin America & Caribbean,Upper middle income
GD,GRD,Grenada,2017,0.461201,0.4508706,0.9134729,0.581392998151068,9751.42661155932,115438,Latin America & Caribbean,Upper middle income
GD,GRD,Grenada,2016,0.5979174,0.5371119,0.9130972,0.888978342363133,9221.23461079424,115130,Latin America & Caribbean,Upper middle income
GD,GRD,Grenada,2015,0.604135,0.5361081,0.5941324,2.7364762297341,8694.12438005692,114676,Latin America & Caribbean,Upper middle income
GD,GRD,Grenada,2014,0.7869506,0.2414206,0.5970391,4.79114125473062,7986.33421210788,114132,Latin America & Caribbean,Upper middle income
GU,GUM,Guam,2024,1.1757976,1.1762344,0.9927487,NA,NA,167777,East Asia & Pacific,High income
GU,GUM,Guam,2023,1.1781709,1.1733125,0.9986942,NA,NA,166506,East Asia & Pacific,High income
GU,GUM,Guam,2022,1.182511,1.1763452,0.9982241,NA,41833.1517132825,165180,East Asia & Pacific,High income
GU,GUM,Guam,2021,1.186897,1.1772281,0.9953332,NA,38074.8793745801,163730,East Asia & Pacific,High income
GU,GUM,Guam,2020,1.2002513,1.1797991,0.9970127,NA,36482.9363953675,162158,East Asia & Pacific,High income
GU,GUM,Guam,2019,1.1536426,1.1784788,0.9450797,NA,39274.9431424899,161808,East Asia & Pacific,High income
GU,GUM,Guam,2018,1.0667354,1.1732244,0.9368685,NA,37195.9503070464,162679,East Asia & Pacific,High income
GU,GUM,Guam,2017,0.833146,1.1694105,0.8126545,NA,36779.0078903909,163490,East Asia & Pacific,High income
GU,GUM,Guam,2016,0.8350454,1.1716528,0.6519602,NA,35930.6594898711,164233,East Asia & Pacific,High income
GU,GUM,Guam,2015,0.8372302,1.1685187,0.8160725,NA,35165.7014644795,164905,East Asia & Pacific,High income
GU,GUM,Guam,2014,0.8354763,1.1646295,0.8176369,NA,33900.1486530583,165486,East Asia & Pacific,High income
GT,GTM,Guatemala,2024,-0.4707611,-0.9482653,-0.209766899999999,NA,6150.89465281457,18406359,Latin America & Caribbean,Upper middle income
GT,GTM,Guatemala,2023,-0.489678799999999,-1.0869128,-0.2021326,0.436684467522986,5754.42833909847,18124838,Latin America & Caribbean,Upper middle income
GT,GTM,Guatemala,2022,-0.4749828,-1.2166625,-0.3005447,0.469719960990687,5356.92435887895,17847877,Latin America & Caribbean,Upper middle income
GT,GTM,Guatemala,2021,-0.435668599999999,-1.21790929999999,-0.5740791,0.609929318741282,4912.62240414681,17598650,Latin America & Caribbean,Upper middle income
GT,GTM,Guatemala,2020,-0.357609399999999,-1.0998808,-0.563868399999999,0.6219289601486,4477.61785000665,17357325,Latin America & Caribbean,Upper middle income
GT,GTM,Guatemala,2019,-0.339720199999999,-1.0038569,-0.6944184,0.513947141800793,4511.99839552697,17103803,Latin America & Caribbean,Upper middle income
GT,GTM,Guatemala,2018,-0.307068299999999,-0.972041399999999,-0.6836211,0.556086925359661,4352.94593289707,16845685,Latin America & Caribbean,Upper middle income
GT,GTM,Guatemala,2017,-0.2370381,-0.8839206,-0.700759599999999,0.523162403861467,4324.99768915601,16567357,Latin America & Caribbean,Upper middle income
GT,GTM,Guatemala,2016,-0.2657024,-0.873697899999999,-0.6431273,0.410729327622283,4060.13784737643,16268760,Latin America & Caribbean,Upper middle income
GT,GTM,Guatemala,2015,-0.293462799999999,-0.9067476,-0.690917999999999,0.677588928159307,3893.50533299068,15971743,Latin America & Caribbean,Upper middle income
GT,GTM,Guatemala,2014,-0.3165549,-0.8707969,-0.730266499999999,0.496733506250192,3689.14510410202,15681725,Latin America & Caribbean,Upper middle income
GN,GIN,Guinea,2024,-1.209414,-1.17445279999999,-1.0377627,NA,1694.95375862185,14754785,Sub-Saharan Africa,Lower middle income
GN,GIN,Guinea,2023,-1.073023,-1.0078531,-0.8765719,2.59696445733549,1555.49375806861,14405468,Sub-Saharan Africa,Lower middle income
GN,GIN,Guinea,2022,-1.0215934,-0.9739553,-0.813667399999999,2.56755887810027,1416.59612011764,14055137,Sub-Saharan Africa,Lower middle income
GN,GIN,Guinea,2021,-1.0322931,-1.0113603,-1.0159308,3.62711477857346,1244.96550477914,13710513,Sub-Saharan Africa,Lower middle income
GN,GIN,Guinea,2020,-0.855399599999999,-0.8663898,-1.0877324,5.2157127604623,1053.66097696415,13371183,Sub-Saharan Africa,Lower middle income
GN,GIN,Guinea,2019,-0.8204037,-0.9231457,-0.857881799999999,4.22224698513303,1031.34146480732,13034346,Sub-Saharan Africa,Lower middle income
GN,GIN,Guinea,2018,-0.7865896,-1.1175524,-0.930512799999999,5.60156014926226,933.273615633705,12704774,Sub-Saharan Africa,Lower middle income
GN,GIN,Guinea,2017,-0.865076699999999,-1.09129299999999,-0.800407099999999,4.5964301581396,833.598621691121,12385659,Sub-Saharan Africa,Lower middle income
GN,GIN,Guinea,2016,-0.884008399999999,-1.0088286,-0.577628599999999,6.67542208453164,711.996509782316,12073030,Sub-Saharan Africa,Lower middle income
GN,GIN,Guinea,2015,-0.869675499999999,-1.097256,-0.7463171,6.2351473875576104,747.356966759448,11767070,Sub-Saharan Africa,Lower middle income
GN,GIN,Guinea,2014,-0.930808,-1.1775585,-1.168846,6.5737397786801,765.146999389279,11472924,Sub-Saharan Africa,Lower middle income
GW,GNB,Guinea-Bissau,2024,-0.778828,-1.3460193,-0.618439499999999,NA,998.376093392688,2201352,Sub-Saharan Africa,Low income
GW,GNB,Guinea-Bissau,2023,-0.6325175,-1.1549527,-0.3193937,9.04491743880806,964.431832665395,2153339,Sub-Saharan Africa,Low income
GW,GNB,Guinea-Bissau,2022,-0.5873721,-1.1609749,-0.360252199999999,8.02281993407072,881.602654162231,2105529,Sub-Saharan Africa,Low income
GW,GNB,Guinea-Bissau,2021,-0.5278763,-1.21682239999999,-0.3001867,8.86522803349705,926.54619187706,2058841,Sub-Saharan Africa,Low income
GW,GNB,Guinea-Bissau,2020,-0.5137328,-1.2993067,-0.2838803,8.5946500730485,846.918134967613,2013255,Sub-Saharan Africa,Low income
GW,GNB,Guinea-Bissau,2019,-0.6333624,-1.52807229999999,-0.4638332,6.99339754418454,811.210004050041,1967696,Sub-Saharan Africa,Low income
GW,GNB,Guinea-Bissau,2018,-0.808816699999999,-1.59620689999999,-0.649365499999999,10.219563125006,808.531613218504,1922168,Sub-Saharan Africa,Low income
GW,GNB,Guinea-Bissau,2017,-0.940245799999999,-1.664347,-0.582037399999999,7.63652595118787,783.123186602022,1877072,Sub-Saharan Africa,Low income
GW,GNB,Guinea-Bissau,2016,-0.900523099999999,-1.57810309999999,-0.5084519,15.5870369377009,679.665386626818,1831893,Sub-Saharan Africa,Low income
GW,GNB,Guinea-Bissau,2015,-0.874814,-1.5509685,-0.5875693,8.07222523892138,645.066837207039,1786457,Sub-Saharan Africa,Low income
GW,GNB,Guinea-Bissau,2014,-0.9246413,-1.58751319999999,-0.881487399999999,9.40270893008434,652.022501029449,1741122,Sub-Saharan Africa,Low income
GY,GUY,Guyana,2024,-0.1074386,-0.346885599999999,0.2164983,NA,29675.2501582835,831087,Latin America & Caribbean,High income
GY,GUY,Guyana,2023,-0.0639646,-0.309865699999999,0.2012498,1.03606001670447,20473.7002190617,826353,Latin America & Caribbean,High income
GY,GUY,Guyana,2022,-0.0386204,-0.2293385,0.210713,1.49879254332367,17913.4928066879,821637,Latin America & Caribbean,High income
GY,GUY,Guyana,2021,-0.012718,-0.1042454,-0.0281476999999999,2.17236002117283,9860.87014834386,815482,Latin America & Caribbean,High income
GY,GUY,Guyana,2020,0.0164415,-0.1158874,-0.00729659999999999,0.991588886563332,6775.70939096303,807481,Latin America & Caribbean,High income
GY,GUY,Guyana,2019,0.0413674,-0.2410317,-0.0594026999999999,2.21009039022524,6405.82443444562,807665,Latin America & Caribbean,High income
GY,GUY,Guyana,2018,0.061393,-0.36789,-0.0410701,2.22195097477101,6048.38697180418,791556,Latin America & Caribbean,High income
GY,GUY,Guyana,2017,-0.0364931,-0.479041499999999,-0.0051392,1.09589766335715,6178.6650437298,768479,Latin America & Caribbean,High income
GY,GUY,Guyana,2016,-0.067868,-0.4101323,-0.00540029999999999,1.5782126371403,5870.87823759835,763548,Latin America & Caribbean,High income
GY,GUY,Guyana,2015,-0.0799546999999999,-0.5095919,-0.150202,0.746626190409227,5640.41560569466,758781,Latin America & Caribbean,High income
GY,GUY,Guyana,2014,-0.0122943999999999,-0.600799099999999,-0.218368099999999,3.86610494374567,5472.68820452237,754229,Latin America & Caribbean,High income
HT,HTI,Haiti,2024,-1.2648667,-1.5403494,-1.2013046,NA,2060.35591768638,11772557,Latin America & Caribbean,Lower middle income
HT,HTI,Haiti,2023,-1.2231222,-1.50126609999999,-0.971741099999999,5.50483295300606,1681.84407667059,11637398,Latin America & Caribbean,Lower middle income
HT,HTI,Haiti,2022,-1.2193892,-1.508626,-0.947002399999999,4.46487349726546,1748.40890116803,11503606,Latin America & Caribbean,Lower middle income
HT,HTI,Haiti,2021,-1.0935313,-1.4853353,-1.2132391,4.58459207315349,1824.6798742577,11374586,Latin America & Caribbean,Lower middle income
HT,HTI,Haiti,2020,-0.8710311,-1.44666959999999,-1.0389171,6.11553096179816,1290.32538667383,11243848,Latin America & Caribbean,Lower middle income
HT,HTI,Haiti,2019,-0.8359679,-1.46242959999999,-0.9509746,4.62637237565588,1352.17204191532,11105163,Latin America & Caribbean,Lower middle income
HT,HTI,Haiti,2018,-0.7805673,-1.4376012,-0.7667849,6.18150331039339,1496.38048970156,10962362,Latin America & Caribbean,Lower middle income
HT,HTI,Haiti,2017,-0.7824757,-1.4223857,-0.834199999999999,6.47609738607413,1395.23945184461,10817754,Latin America & Caribbean,Lower middle income
HT,HTI,Haiti,2016,-0.8411095,-1.4729127,-0.894686099999999,7.59133783368646,1318.40268167953,10671457,Latin America & Caribbean,Lower middle income
HT,HTI,Haiti,2015,-0.8820112,-1.4465713,-0.925938199999999,7.02377092978679,1411.12684746796,10523242,Latin America & Caribbean,Lower middle income
HT,HTI,Haiti,2014,-0.7323394,-1.4306803,-0.9222469,7.122698563898,1460.18898613914,10373235,Latin America & Caribbean,Lower middle income
HN,HND,Honduras,2024,-0.653545199999999,-1.2446903,-0.5671583,NA,3415.96027916712,10825703,Latin America & Caribbean,Lower middle income
HN,HND,Honduras,2023,-0.6088292,-1.09932339999999,-0.3507671,1.73819390074911,3227.45762509776,10644851,Latin America & Caribbean,Lower middle income
HN,HND,Honduras,2022,-0.6394536,-1.03140529999999,-0.4781621,2.72304855324865,3003.28996826399,10463872,Latin America & Caribbean,Lower middle income
HN,HND,Honduras,2021,-0.745449199999999,-1.1204199,-0.806377,2.40013663871335,2735.14751503977,10289877,Latin America & Caribbean,Lower middle income
HN,HND,Honduras,2020,-0.7831642,-0.972603599999999,-0.666353099999999,5.45838363077564,2307.61494319511,10119640,Latin America & Caribbean,Lower middle income
HN,HND,Honduras,2019,-0.8093716,-1.0582406,-0.827137599999999,1.97593951065972,2502.32744328073,9943633,Latin America & Caribbean,Lower middle income
HN,HND,Honduras,2018,-0.768458299999999,-0.969578899999999,-0.864353599999999,2.99904399429131,2464.64241531918,9765210,Latin America & Caribbean,Lower middle income
HN,HND,Honduras,2017,-0.710326399999999,-0.946983999999999,-0.9065696,2.0360589549255,2413.0076562942,9588137,Latin America & Caribbean,Lower middle income
HN,HND,Honduras,2016,-0.6577893,-0.924298699999999,-0.7047922,2.04171440031698,2307.34468351082,9412380,Latin America & Caribbean,Lower middle income
HN,HND,Honduras,2015,-0.603179399999999,-0.8111784,-0.6604916,2.76526571378543,2271.20265980349,9237305,Latin America & Caribbean,Lower middle income
HN,HND,Honduras,2014,-0.5608808,-0.9656425,-0.6895701,3.33690385877224,2179.88171977271,9063122,Latin America & Caribbean,Lower middle income
HK,HKG,"Hong Kong SAR, China",2024,-0.3206346,1.5721573,0.6310985,NA,54274.7547767073,7524100,East Asia & Pacific,High income
HK,HKG,"Hong Kong SAR, China",2023,-0.3083725,1.5534193,0.4084368,NA,50525.1119312663,7536100,East Asia & Pacific,High income
HK,HKG,"Hong Kong SAR, China",2022,-0.204058,1.5284267,0.3891702,NA,48825.0272275805,7346100,East Asia & Pacific,High income
HK,HKG,"Hong Kong SAR, China",2021,-0.0977455,1.6345393,0.2186871,NA,49770.564237473904,7413100,East Asia & Pacific,High income
HK,HKG,"Hong Kong SAR, China",2020,0.2406441,1.6888523,0.0079016,NA,46109.2299946609,7481000,East Asia & Pacific,High income
HK,HKG,"Hong Kong SAR, China",2019,0.3649501,1.7391529,-0.1843167,NA,48359.0011950597,7507900,East Asia & Pacific,High income
HK,HKG,"Hong Kong SAR, China",2018,0.5803236,1.7152609,0.7617643,NA,48537.5668888343,7452600,East Asia & Pacific,High income
HK,HKG,"Hong Kong SAR, China",2017,0.6137688,1.7019137,0.6833963,NA,46160.429791493,7393200,East Asia & Pacific,High income
HK,HKG,"Hong Kong SAR, China",2016,0.6029023,1.6981569,0.6672047,NA,43734.1980702999,7336600,East Asia & Pacific,High income
HK,HKG,"Hong Kong SAR, China",2015,0.6365834,1.6386086,0.8753195,NA,42432.1619740441,7291300,East Asia & Pacific,High income
HK,HKG,"Hong Kong SAR, China",2014,0.6159868,1.5773889,1.025742,NA,40315.3739510191,7229500,East Asia & Pacific,High income
HU,HUN,Hungary,2024,-0.027728,0.0394373,0.4363288,NA,23305.4482514359,9562065,Europe & Central Asia,High income
HU,HUN,Hungary,2023,-0.0468028,0.083173,0.5841522,NA,22208.6509820466,9592186,Europe & Central Asia,High income
HU,HUN,Hungary,2022,0.0447248,0.0402617,0.6701403,NA,18428.028825614,9605074,Europe & Central Asia,High income
HU,HUN,Hungary,2021,0.080264,0.1312695,0.7337253,NA,19030.628130329,9630932,Europe & Central Asia,High income
HU,HUN,Hungary,2020,0.1668036,0.1418393,0.7938892,NA,16386.9308821258,9670419,Europe & Central Asia,High income
HU,HUN,Hungary,2019,0.1344536,0.084756,0.7326156,NA,17012.8598553199,9694824,Europe & Central Asia,High income
HU,HUN,Hungary,2018,0.1357955,0.1391573,0.6616322,NA,16605.0570511887,9706964,Europe & Central Asia,High income
HU,HUN,Hungary,2017,0.3339126,0.160723,0.7324048,NA,14736.1668157258,9726756,Europe & Central Asia,High income
HU,HUN,Hungary,2016,0.3729857,0.1568851,0.6277681,NA,13215.8605277789,9759755,Europe & Central Asia,High income
HU,HUN,Hungary,2015,0.4598701,0.1723755,0.843542,NA,12782.9412577973,9797755,Europe & Central Asia,High income
HU,HUN,Hungary,2014,0.5132176,0.172662,0.805848,NA,14352.501883174,9833038,Europe & Central Asia,High income
IS,ISL,Iceland,2024,1.4247807,1.828818,1.2056034,NA,85863.1479330343,386506,Europe & Central Asia,High income
IS,ISL,Iceland,2023,1.4096588,1.6623764,1.2058266,NA,82201.2908518078,385663,Europe & Central Asia,High income
IS,ISL,Iceland,2022,1.4313945,1.6495728,1.2672872,NA,76376.9599334915,382003,Europe & Central Asia,High income
IS,ISL,Iceland,2021,1.4547451,1.8584301,1.3382488,NA,70425.4064277273,372520,Europe & Central Asia,High income
IS,ISL,Iceland,2020,1.4534576,1.8422993,1.3289196,NA,60127.9393575616,366463,Europe & Central Asia,High income
IS,ISL,Iceland,2019,1.4945189,1.8260874,1.556416,NA,69296.3144361601,360563,Europe & Central Asia,High income
IS,ISL,Iceland,2018,1.4963063,1.8868085000000001,1.2958486,NA,75633.8651351915,352721,Europe & Central Asia,High income
IS,ISL,Iceland,2017,1.5010156,1.8691325,1.2503574,NA,72976.3729990975,343400,Europe & Central Asia,High income
IS,ISL,Iceland,2016,1.5312554,1.9714103,1.2205951,NA,62854.0906407932,335439,Europe & Central Asia,High income
IS,ISL,Iceland,2015,1.5172337,1.9854027,1.2622879,NA,53505.6964079339,330815,Europe & Central Asia,High income
IS,ISL,Iceland,2014,1.4889413,1.842095,1.2726864,NA,55140.364935793,327386,Europe & Central Asia,High income
IN,IND,India,2024,-0.0789293,-0.2953362,-0.785762499999999,NA,2591.9916607122,1450935791,South Asia,Lower middle income
IN,IND,India,2023,-0.142948,-0.3353176,-0.837974,0.0688630625943616,2434.44826340989,1438069596,South Asia,Lower middle income
IN,IND,India,2022,-0.0982654999999999,-0.2924866,-0.7535037,0.0879584739769014,2279.98145719369,1425423212,South Asia,Lower middle income
IN,IND,India,2021,-0.0956843999999999,-0.300757,-0.6015988,0.10021711669804,2239.61384367482,1414203896,South Asia,Lower middle income
IN,IND,India,2020,0.056762,-0.254487099999999,-0.720631199999999,0.0680475973856743,1907.04251637669,1402617695,South Asia,Lower middle income
IN,IND,India,2019,0.1106301,-0.2183329,-0.590466199999999,0.0908498823485309,2041.42863698585,1389030312,South Asia,Lower middle income
IN,IND,India,2018,0.2032286,-0.2079644,-0.6785888,0.0920717165660618,1966.25455171679,1374659064,South Asia,Lower middle income
IN,IND,India,2017,0.2554492,-0.2244224,-0.572111399999999,0.121935867816169,1950.10468280866,1359657400,South Asia,Lower middle income
IN,IND,India,2016,0.304626,-0.2852229,-0.7362183,0.118097798410492,1707.50892912243,1343944296,South Asia,Lower middle income
IN,IND,India,2015,0.2973847,-0.3449931,-0.7619187,0.152672881309943,1583.99815907985,1328024498,South Asia,Lower middle income
IN,IND,India,2014,0.2647595,-0.4139641,-0.817516599999999,0.148476420712042,1553.88396075118,1312277191,South Asia,Lower middle income
ID,IDN,Indonesia,2024,-0.1754316,-0.5446152,-0.609127499999999,NA,4925.43644992666,283487931,East Asia & Pacific,Upper middle income
ID,IDN,Indonesia,2023,-0.0200561,-0.4431661,-0.613745,0.0865296538634396,4876.2992959843,281190067,East Asia & Pacific,Upper middle income
ID,IDN,Indonesia,2022,0.0259014,-0.3702139,-0.7624666,0.0520217147137062,4730.83484836107,278830529,East Asia & Pacific,Upper middle income
ID,IDN,Indonesia,2021,0.0239606,-0.416213499999999,-0.6496757,0.0543174310216664,4287.17313995098,276758053,East Asia & Pacific,Upper middle income
ID,IDN,Indonesia,2020,0.1051795,-0.3456603,-0.539945999999999,0.117593215290661,3853.70288774146,274814866,East Asia & Pacific,Upper middle income
ID,IDN,Indonesia,2019,0.1137857,-0.427850399999999,-0.5802685,-0.0638812442819552,4106.94856160358,272489381,East Asia & Pacific,Upper middle income
ID,IDN,Indonesia,2018,0.1218045,-0.338129499999999,-0.5428012,0.0952018789066375,3860.95353090726,269951846,East Asia & Pacific,Upper middle income
ID,IDN,Indonesia,2017,0.0621222,-0.3767695,-0.5816146,0.0284903831435162,3798.88326174526,267346658,East Asia & Pacific,Upper middle income
ID,IDN,Indonesia,2016,0.102893,-0.482257599999999,-0.463383,-0.0120036284950268,3521.46943457574,264627418,East Asia & Pacific,Upper middle income
ID,IDN,Indonesia,2015,0.0861197,-0.5229666,-0.5390218,-0.0034191550405382,3288.22269725538,261799249,East Asia & Pacific,Upper middle income
ID,IDN,Indonesia,2014,-6.737e-4,-0.7150247,-0.385008199999999,-0.0443629875166983,3441.06808464008,258877399,East Asia & Pacific,Upper middle income
IR,IRN,"Iran, Islamic Rep.",2024,-1.5484136,-1.14723819999999,-1.58118839999999,NA,5190.16959024821,91567738,"Middle East, North Africa, Afghanistan & Pakistan",Upper middle income
IR,IRN,"Iran, Islamic Rep.",2023,-1.5488133,-1.17112979999999,-1.2694112,0.0527234599960228,5049.29931642754,90608707,"Middle East, North Africa, Afghanistan & Pakistan",Upper middle income
IR,IRN,"Iran, Islamic Rep.",2022,-1.5314025,-1.13191439999999,-1.1448403,0.0689678791055119,4721.20437099984,89524246,"Middle East, North Africa, Afghanistan & Pakistan",Upper middle income
IR,IRN,"Iran, Islamic Rep.",2021,-1.4876262,-1.1267612,-1.1577773,0.0748644589123844,4605.14881318992,88455488,"Middle East, North Africa, Afghanistan & Pakistan",Upper middle income
IR,IRN,"Iran, Islamic Rep.",2020,-1.4381547,-1.1044169,-1.2213247,0.0841697177382486,3202.50003502169,87723443,"Middle East, North Africa, Afghanistan & Pakistan",Upper middle income
IR,IRN,"Iran, Islamic Rep.",2019,-1.38442779999999,-0.9919553,-1.2556127,0.0590043887435019,3997.4935449585,87051648,"Middle East, North Africa, Afghanistan & Pakistan",Upper middle income
IR,IRN,"Iran, Islamic Rep.",2018,-1.3384928,-0.9420795,-0.9686014,0.0402166094506368,4783.01067340237,86117998,"Middle East, North Africa, Afghanistan & Pakistan",Upper middle income
IR,IRN,"Iran, Islamic Rep.",2017,-1.2639669,-0.7011486,-0.699442999999999,0.027438840986759,6000.93346404409,85026754,"Middle East, North Africa, Afghanistan & Pakistan",Upper middle income
IR,IRN,"Iran, Islamic Rep.",2016,-1.29808979999999,-0.656176099999999,-0.6448832,0.0242581118515413,5710.59947089104,83812228,"Middle East, North Africa, Afghanistan & Pakistan",Upper middle income
IR,IRN,"Iran, Islamic Rep.",2015,-1.3080192,-0.7596233,-0.7896962,0.0270825634547446,4952.73355532178,82619362,"Middle East, North Africa, Afghanistan & Pakistan",Upper middle income
IR,IRN,"Iran, Islamic Rep.",2014,-1.385483,-0.816847099999999,-0.726596199999999,0.0174688254109505,5672.06372896319,81502045,"Middle East, North Africa, Afghanistan & Pakistan",Upper middle income
IQ,IRQ,Iraq,2024,-1.0216043,-1.2050155,-2.0642762,NA,6073.61032342708,46042015,"Middle East, North Africa, Afghanistan & Pakistan",Upper middle income
IQ,IRQ,Iraq,2023,-1.0426819,-1.4169702,-2.2246949,0.743907468076095,5965.31835077761,45074049,"Middle East, North Africa, Afghanistan & Pakistan",Upper middle income
IQ,IRQ,Iraq,2022,-1.0157691,-1.37334849999999,-2.2294281,0.548443348448128,6520.73154560584,44070551,"Middle East, North Africa, Afghanistan & Pakistan",Upper middle income
IQ,IRQ,Iraq,2021,-1.0273564,-1.37400869999999,-2.1722684,0.871366376417596,4868.49431080783,43071211,"Middle East, North Africa, Afghanistan & Pakistan",Upper middle income
IQ,IRQ,Iraq,2020,-1.0174959,-1.3692381,-2.1814743,1.31800255831966,4295.18945121228,42116605,"Middle East, North Africa, Afghanistan & Pakistan",Upper middle income
IQ,IRQ,Iraq,2019,-0.934025099999999,-1.4433306,-2.2227253,0.899731010146547,5671.8568632942,41192171,"Middle East, North Africa, Afghanistan & Pakistan",Upper middle income
IQ,IRQ,Iraq,2018,-0.971495,-1.4767763,-2.1719253,1.0197124544151701,5646.68932074742,40265624,"Middle East, North Africa, Afghanistan & Pakistan",Upper middle income
IQ,IRQ,Iraq,2017,-1.1032692,-1.4065197,-2.1677252,1.56505493136301,4759.2846435467,39337353,"Middle East, North Africa, Afghanistan & Pakistan",Upper middle income
IQ,IRQ,Iraq,2016,-1.1001688,-1.4012064,-2.22917579999999,1.38507255799523,4334.42096404188,38469627,"Middle East, North Africa, Afghanistan & Pakistan",Upper middle income
IQ,IRQ,Iraq,2015,-1.0662816,-1.393567,-2.2449091,0.897350382825894,4440.14189252367,37560535,"Middle East, North Africa, Afghanistan & Pakistan",Upper middle income
IQ,IRQ,Iraq,2014,-1.043163,-1.357674,-2.2538271,0.602903851537303,6249.39226978969,36550059,"Middle East, North Africa, Afghanistan & Pakistan",Upper middle income
IE,IRL,Ireland,2024,1.6376655,1.572589,0.7099699,NA,112894.953240805,5395790,Europe & Central Asia,High income
IE,IRL,Ireland,2023,1.6268782,1.5859129,0.876648,NA,106818.917130804,5311538,Europe & Central Asia,High income
IE,IRL,Ireland,2022,1.6017718,1.6463639,0.8053599,NA,105190.685952731,5212836,Europe & Central Asia,High income
IE,IRL,Ireland,2021,1.5787476,1.6117468,0.7362963,NA,103783.446284479,5110585,Europe & Central Asia,High income
IE,IRL,Ireland,2020,1.5010975,1.5958903,0.8785787,NA,86514.0706108754,5039747,Europe & Central Asia,High income
IE,IRL,Ireland,2019,1.4455034,1.5189367,0.9409046,NA,81827.6688873996,4976456,Europe & Central Asia,High income
IE,IRL,Ireland,2018,1.4323389,1.5533781,0.9855531,NA,80804.1123164826,4898022,Europe & Central Asia,High income
IE,IRL,Ireland,2017,1.3987146,1.5580627,0.9418026,NA,72161.4047531385,4827445,Europe & Central Asia,High income
IE,IRL,Ireland,2016,1.3765917,1.636332,0.8856802,NA,64129.5571542383,4762722,Europe & Central Asia,High income
IE,IRL,Ireland,2015,1.3918301,1.6308016,0.951695,NA,64250.1385181257,4701957,Europe & Central Asia,High income
IE,IRL,Ireland,2014,1.3604983,1.5913084,1.1679817,NA,57214.5379785709,4657740,Europe & Central Asia,High income
IL,ISR,Israel,2024,0.2951561,0.853319,-1.03750149999999,NA,54216.5218142787,10002200,"Middle East, North Africa, Afghanistan & Pakistan",High income
IL,ISR,Israel,2023,0.4202063,0.8712956,-1.0423159,NA,52126.4489280033,9849000,"Middle East, North Africa, Afghanistan & Pakistan",High income
IL,ISR,Israel,2022,0.512879,0.8878345,-0.904996799999999,NA,54947.2091250715,9557500,"Middle East, North Africa, Afghanistan & Pakistan",High income
IL,ISR,Israel,2021,0.5273842,0.9249105,-0.69989919999999906,NA,52258.4693499398,9371400,"Middle East, North Africa, Afghanistan & Pakistan",High income
IL,ISR,Israel,2020,0.5590953,0.6932777,-0.567841399999999,NA,44590.8237253282,9215100,"Middle East, North Africa, Afghanistan & Pakistan",High income
IL,ISR,Israel,2019,0.5086626,0.8011548,-0.4361137,NA,44091.8678022544,9054000,"Middle East, North Africa, Afghanistan & Pakistan",High income
IL,ISR,Israel,2018,0.5497977,0.7398512,-0.3446955,NA,42269.3770257585,8882800,"Middle East, North Africa, Afghanistan & Pakistan",High income
IL,ISR,Israel,2017,0.5103599,0.8089617,-0.4501475,NA,41013.2575323519,8713300,"Middle East, North Africa, Afghanistan & Pakistan",High income
IL,ISR,Israel,2016,0.5106974,1.1108815,-0.354649699999999,NA,37571.2561196275,8546000,"Middle East, North Africa, Afghanistan & Pakistan",High income
IL,ISR,Israel,2015,0.4834851,0.8495585,-0.6113908,NA,36138.13561386,8380100,"Middle East, North Africa, Afghanistan & Pakistan",High income
IL,ISR,Israel,2014,0.4773612,0.7470115,-0.592453,NA,38265.3651949373,8215700,"Middle East, North Africa, Afghanistan & Pakistan",High income
IT,ITA,Italy,2024,1.0673476,0.5531621,0.3087035,NA,40429.6224047352,58952704,Europe & Central Asia,High income
IT,ITA,Italy,2023,1.0865677,0.571449,0.4737389,NA,39279.699782164,58984216,Europe & Central Asia,High income
IT,ITA,Italy,2022,1.0393532,0.5738577,0.4124684,NA,35653.9042103495,59013667,Europe & Central Asia,High income
IT,ITA,Italy,2021,1.0203423,0.5394316,0.4392226,NA,36852.5425414951,59133173,Europe & Central Asia,High income
IT,ITA,Italy,2020,1.0198604,0.5299614,0.3322841,NA,32091.4866621366,59438851,Europe & Central Asia,High income
IT,ITA,Italy,2019,0.8941527,0.2828802,0.3223326,NA,33812.788724868,59729081,Europe & Central Asia,High income
IT,ITA,Italy,2018,0.9076833,0.2476928,0.3723628,NA,35062.3364176949,59877221,Europe & Central Asia,High income
IT,ITA,Italy,2017,0.9884646,0.1948577,0.2543499,NA,32844.115660604,60002252,Europe & Central Asia,High income
IT,ITA,Italy,2016,1.0351199,0.1252339,0.3518422,NA,31391.5692898108,60115223,Europe & Central Asia,High income
IT,ITA,Italy,2015,1.0210974,0.0677760999999999,0.394629,NA,30639.8829751432,60229605,Europe & Central Asia,High income
IT,ITA,Italy,2014,0.975257,0.0131434,0.4893962,NA,36028.3494022349,60320707,Europe & Central Asia,High income
JM,JAM,Jamaica,2024,0.485209,-0.0962722999999999,0.476823,NA,7753.8119527678,2839175,Latin America & Caribbean,Upper middle income
JM,JAM,Jamaica,2023,0.4932042,-0.1364542,0.4762874,0.408976007667414,7542.39855849054,2839786,Latin America & Caribbean,Upper middle income
JM,JAM,Jamaica,2022,0.5015442,-0.0788141,0.4525342,0.523401007891495,6626.47502388538,2839144,Latin America & Caribbean,Upper middle income
JM,JAM,Jamaica,2021,0.5026751,-0.0851526,0.1423135,0.385668898688865,5625.67806271236,2837682,Latin America & Caribbean,Upper middle income
JM,JAM,Jamaica,2020,0.5120442,-0.0800814,0.1525241,0.466450960225852,5299.04530804283,2830739,Latin America & Caribbean,Upper middle income
JM,JAM,Jamaica,2019,0.5043883,-0.0636837,0.179033,0.759329398865791,6030.68896415921,2823271,Latin America & Caribbean,Upper middle income
JM,JAM,Jamaica,2018,0.4724016,-0.174784399999999,0.169434,0.616911402599475,5976.90362644337,2820097,Latin America & Caribbean,Upper middle income
JM,JAM,Jamaica,2017,0.6039973,-0.1631899,0.1291365,0.400630455851055,5605.43541173019,2815764,Latin America & Caribbean,Upper middle income
JM,JAM,Jamaica,2016,0.5942121,-0.166887999999999,0.0960441,0.187684546185974,5302.29553353854,2809915,Latin America & Caribbean,Upper middle income
JM,JAM,Jamaica,2015,0.5896512,-0.2392146,0.0607252,0.406734512685123,5339.30718256806,2802534,Latin America & Caribbean,Upper middle income
JM,JAM,Jamaica,2014,0.5392399,-0.2893901,0.0349026,0.705795878318829,4975.11325459872,2793749,Latin America & Caribbean,Upper middle income
JP,JPN,Japan,2024,1.1161265,1.3570132,1.1343228,NA,33797.1014287876,123975371,East Asia & Pacific,High income
JP,JPN,Japan,2023,1.1289319,1.3377896,1.2674256,NA,35215.003535366,124516650,East Asia & Pacific,High income
JP,JPN,Japan,2022,1.0997002,1.4419346,1.2758787,NA,35548.2645222433,125124989,East Asia & Pacific,High income
JP,JPN,Japan,2021,1.0951218,1.4554011,1.1600529,NA,41580.739040705,125681593,East Asia & Pacific,High income
JP,JPN,Japan,2020,1.0813117,1.4301233,1.1325471,NA,41098.9739004553,126261000,East Asia & Pacific,High income
JP,JPN,Japan,2019,1.0775489,1.4335295,1.1161393,NA,41424.8655601543,126633000,East Asia & Pacific,High income
JP,JPN,Japan,2018,1.120314,1.3909549,1.1378638,NA,40645.478086519,126811000,East Asia & Pacific,High income
JP,JPN,Japan,2017,1.1976783,1.4760635,1.169376,NA,39679.8635262948,126972000,East Asia & Pacific,High income
JP,JPN,Japan,2016,1.165848,1.4452816,1.1198832,NA,40214.9688631562,127076000,East Asia & Pacific,High income
JP,JPN,Japan,2015,1.1764466,1.4505851,1.2226375,NA,35664.6446110613,127141000,East Asia & Pacific,High income
JP,JPN,Japan,2014,1.2343567,1.5393479,1.2105334,NA,39172.8471161948,127276000,East Asia & Pacific,High income
JO,JOR,Jordan,2024,-0.7137403,0.2721934,-0.3501687,NA,5073.92103605892,11552876,"Middle East, North Africa, Afghanistan & Pakistan",Upper middle income
JO,JOR,Jordan,2023,-0.752776799999999,0.1060315,-0.3007473,5.08100106105177,4906.23543006639,11439213,"Middle East, North Africa, Afghanistan & Pakistan",Upper middle income
JO,JOR,Jordan,2022,-0.7613575,0.0226578,-0.311462199999999,3.74699446116245,4754.41362207378,11256263,"Middle East, North Africa, Afghanistan & Pakistan",Upper middle income
JO,JOR,Jordan,2021,-0.715912,0.0177108,-0.390988399999999,6.80690631635951,4581.71967230365,11066356,"Middle East, North Africa, Afghanistan & Pakistan",Upper middle income
JO,JOR,Jordan,2020,-0.672090299999999,0.1409154,-0.3260056,6.51781447174815,4411.48321838396,10865228,"Middle East, North Africa, Afghanistan & Pakistan",Upper middle income
JO,JOR,Jordan,2019,-0.6407531,0.0894230999999999,-0.2846298,5.53200864655603,4557.79334729121,10671891,"Middle East, North Africa, Afghanistan & Pakistan",Upper middle income
JO,JOR,Jordan,2018,-0.6399465,0.0742478,-0.322432699999999,5.34778852215567,4533.97658437205,10462306,"Middle East, North Africa, Afghanistan & Pakistan",Upper middle income
JO,JOR,Jordan,2017,-0.578742499999999,0.1776447,-0.444359699999999,6.57344069938838,4449.34618076611,10234226,"Middle East, North Africa, Afghanistan & Pakistan",Upper middle income
JO,JOR,Jordan,2016,-0.587962099999999,0.2009082,-0.538077799999999,6.28813144427536,4366.06999647268,10006367,"Middle East, North Africa, Afghanistan & Pakistan",Upper middle income
JO,JOR,Jordan,2015,-0.6098713,0.2644497,-0.6404285,5.10248441565133,4441.61896013754,9544729,"Middle East, North Africa, Afghanistan & Pakistan",Upper middle income
JO,JOR,Jordan,2014,-0.6717732,0.0942006,-0.609596,6.72300417143875,4610.60460269382,8791710,"Middle East, North Africa, Afghanistan & Pakistan",Upper middle income
KZ,KAZ,Kazakhstan,2024,-0.8157128,-0.0670902999999999,-0.2827558,NA,14154.6324958076,20592571,Europe & Central Asia,Upper middle income
KZ,KAZ,Kazakhstan,2023,-0.8634651,-0.2223164,-0.2021045,0.0335658188382982,12879.4275257974,20330104,Europe & Central Asia,Upper middle income
KZ,KAZ,Kazakhstan,2022,-0.8774668,-0.1920096,-0.5795614,0.037417015174698,11255.3396437881,20034609,Europe & Central Asia,Upper middle income
KZ,KAZ,Kazakhstan,2021,-0.8581561,-0.2698189,-0.2325504,0.0338435161019289,9983.60103576902,19743603,Europe & Central Asia,Upper middle income
KZ,KAZ,Kazakhstan,2020,-0.8846303,-0.2881195,-0.2842993,0.0481665379510736,8781.50797787648,19482117,Europe & Central Asia,Upper middle income
KZ,KAZ,Kazakhstan,2019,-0.9427464,-0.207193,-0.221063999999999,0.0343645859254356,9457.12614657136,19209555,Europe & Central Asia,Upper middle income
KZ,KAZ,Kazakhstan,2018,-0.8029,-0.5048657,-0.1086366,0.0508232311225205,9472.48527327758,18932727,Europe & Central Asia,Upper middle income
KZ,KAZ,Kazakhstan,2017,-0.9065213,-0.7427939,-0.0563947,0.0400135721422297,8943.08416791984,18651931,Europe & Central Asia,Upper middle income
KZ,KAZ,Kazakhstan,2016,-0.8250537,-0.7865395,-0.0865605,0.0507015506225212,7475.56688689424,18363600,Europe & Central Asia,Upper middle income
KZ,KAZ,Kazakhstan,2015,-0.790997699999999,-0.8337886,0.0342151,0.0472883297918799,10196.1226255982,18084169,Europe & Central Asia,Upper middle income
KZ,KAZ,Kazakhstan,2014,-0.908048499999999,-0.842471,0.0295973,0.0466976843998416,12427.7094576939,17816285,Europe & Central Asia,Upper middle income
KE,KEN,Kenya,2024,-0.3542285,-0.8018297,-1.3556816,NA,2133.46193404026,56432944,Sub-Saharan Africa,Lower middle income
KE,KEN,Kenya,2023,-0.2708269,-0.7594497,-0.971652,2.45925267296718,1942.58802756191,55339003,Sub-Saharan Africa,Lower middle income
KE,KEN,Kenya,2022,-0.250971899999999,-0.751285,-0.962236,2.34216272813436,2109.56288513137,54252461,Sub-Saharan Africa,Lower middle income
KE,KEN,Kenya,2021,-0.437757499999999,-0.710787899999999,-1.11021939999999,2.93844138251803,2061.35622089594,53219166,Sub-Saharan Africa,Lower middle income
KE,KEN,Kenya,2020,-0.435817599999999,-0.7505394,-1.0502651,3.99132572231146,1927.66459027849,52217334,Sub-Saharan Africa,Lower middle income
KE,KEN,Kenya,2019,-0.500132799999999,-0.809611299999999,-1.07516719999999,3.21252306710486,1960.40808854893,51202827,Sub-Saharan Africa,Lower middle income
KE,KEN,Kenya,2018,-0.5310028,-0.8341484,-1.1196296,2.74303239010294,1836.45275528993,50207107,Sub-Saharan Africa,Lower middle income
KE,KEN,Kenya,2017,-0.4085002,-0.8985955,-1.1322093,3.08196058759201,1667.48447230835,49197766,Sub-Saharan Africa,Lower middle income
KE,KEN,Kenya,2016,-0.2881147,-0.900809099999999,-1.17914689999999,2.96509841983156,1554.12610314423,48139687,Sub-Saharan Africa,Lower middle income
KE,KEN,Kenya,2015,-0.2660841,-0.9711807,-1.2308131,3.89833576688931,1489.11959777284,47088526,Sub-Saharan Africa,Lower middle income
KE,KEN,Kenya,2014,-0.195759,-0.834178699999999,-1.26316649999999,4.39259978937947,1482.81566253497,46051440,Sub-Saharan Africa,Lower middle income
KI,KIR,Kiribati,2024,0.9729224,0.3745658,1.2381638,NA,2550.98377226188,134518,East Asia & Pacific,Lower middle income
KI,KIR,Kiribati,2023,0.9846412,0.3317797,1.2433279,20.5570507456965,2200.68918614289,132530,East Asia & Pacific,Lower middle income
KI,KIR,Kiribati,2022,0.9861458,0.3338154,1.2429196,22.4222176314201,2078.7648751855,130469,East Asia & Pacific,Lower middle income
KI,KIR,Kiribati,2021,0.9876663,0.3344081,1.1647191,16.2806023488334,2223.54147866465,128377,East Asia & Pacific,Lower middle income
KI,KIR,Kiribati,2020,0.8858057,0.3514103,1.1749608,15.3746127833396,1751.87199542272,126099,East Asia & Pacific,Lower middle income
KI,KIR,Kiribati,2019,0.8833992,0.3505035,1.0992501,13.7580670553319,1750.24040333237,123921,East Asia & Pacific,Lower middle income
KI,KIR,Kiribati,2018,0.8235364,0.2521934,0.95586,19.8013090386558,1915.56002581991,122084,East Asia & Pacific,Lower middle income
KI,KIR,Kiribati,2017,0.6237279,0.2500111,0.9519508,19.5765968756965,1854.3326920967,120275,East Asia & Pacific,Lower middle income
KI,KIR,Kiribati,2016,0.614837,0.2512942,0.951395,17.5791482210244,1742.66799324117,118478,East Asia & Pacific,Lower middle income
KI,KIR,Kiribati,2015,0.6106159,0.2843015,0.9559309,17.429426113992,1639.85274740652,116815,East Asia & Pacific,Lower middle income
KI,KIR,Kiribati,2014,0.6138092,0.2820761,1.281381,22.4867187249918,1736.70535682101,115326,East Asia & Pacific,Lower middle income
KP,PRK,"Korea, Dem. People's Rep.",2024,-1.9874253,-1.55738279999999,0.3220654,NA,NA,26498823,East Asia & Pacific,Low income
KP,PRK,"Korea, Dem. People's Rep.",2023,-1.96101899999999,-1.5580486,0.3264333,NA,NA,26418204,East Asia & Pacific,Low income
KP,PRK,"Korea, Dem. People's Rep.",2022,-1.9570503,-1.6517597,0.2686785,NA,NA,26328845,East Asia & Pacific,Low income
KP,PRK,"Korea, Dem. People's Rep.",2021,-1.98428719999999,-1.651571,-0.1983915,NA,NA,26232534,East Asia & Pacific,Low income
KP,PRK,"Korea, Dem. People's Rep.",2020,-1.96706429999999,-1.57352389999999,-0.187350699999999,NA,NA,26136312,East Asia & Pacific,Low income
KP,PRK,"Korea, Dem. People's Rep.",2019,-1.96656559999999,-1.5773982,-0.187036099999999,NA,NA,26037632,East Asia & Pacific,Low income
KP,PRK,"Korea, Dem. People's Rep.",2018,-1.95203549999999,-1.5872449,-0.275313,NA,NA,25931147,East Asia & Pacific,Low income
KP,PRK,"Korea, Dem. People's Rep.",2017,-2.0496319,-1.4202074,-0.3543859,NA,NA,25817709,East Asia & Pacific,Low income
KP,PRK,"Korea, Dem. People's Rep.",2016,-2.03878399999999,-1.41972829999999,-0.4555063,NA,NA,25698326,East Asia & Pacific,Low income
KP,PRK,"Korea, Dem. People's Rep.",2015,-2.0337046,-1.2713751,-1.0064947,NA,NA,25575350,East Asia & Pacific,Low income
KP,PRK,"Korea, Dem. People's Rep.",2014,-2.0325603,-1.2722061,-1.00560579999999,NA,NA,25451262,East Asia & Pacific,Low income
KR,KOR,"Korea, Rep.",2024,0.8078028,0.8495586,0.6393495,NA,36238.639908315,51751065,East Asia & Pacific,High income
KR,KOR,"Korea, Rep.",2023,0.9190605,0.8788564,0.932168,NA,35674.095995632,51712619,East Asia & Pacific,High income
KR,KOR,"Korea, Rep.",2022,0.9475108,0.8217095,0.855673,NA,34822.4048404971,51672569,East Asia & Pacific,High income
KR,KOR,"Korea, Rep.",2021,0.991734,0.7614152,0.9005342,NA,37518.4635305697,51769539,East Asia & Pacific,High income
KR,KOR,"Korea, Rep.",2020,0.9454893,0.7558651,0.8679972,NA,33645.7719545073,51836239,East Asia & Pacific,High income
KR,KOR,"Korea, Rep.",2019,0.8843808,0.6133176,0.8544821,NA,33826.9443301597,51764822,East Asia & Pacific,High income
KR,KOR,"Korea, Rep.",2018,0.9068002,0.5413024,0.8705137,NA,35363.9508228687,51585058,East Asia & Pacific,High income
KR,KOR,"Korea, Rep.",2017,0.8748979,0.427734,0.6254761,NA,33296.9845439195,51361911,East Asia & Pacific,High income
KR,KOR,"Korea, Rep.",2016,0.6918169,0.3532288,0.5156398,NA,30832.0628072516,51217803,East Asia & Pacific,High income
KR,KOR,"Korea, Rep.",2015,0.6911672,0.3449721,0.667684,NA,30171.7906545222,51014947,East Asia & Pacific,High income
KR,KOR,"Korea, Rep.",2014,0.7891756,0.5041579,0.5969209,NA,30667.0912467447,50746659,East Asia & Pacific,High income
XK,XKX,Kosovo,2024,0.1595881,-0.254728299999999,-0.321890499999999,NA,7026.6988128325,1594353,Europe & Central Asia,Upper middle income
XK,XKX,Kosovo,2023,0.1685562,-0.1480311,-0.1409249,3.76586624168451,6220.33213919344,1682668,Europe & Central Asia,Upper middle income
XK,XKX,Kosovo,2022,0.150453,-0.2951205,-0.0510421999999999,4.03047649520143,5298.1473871027,1768096,Europe & Central Asia,Upper middle income
XK,XKX,Kosovo,2021,0.098677,-0.3919167,0.0010881,4.73972544769984,5269.69946181439,1786079,Europe & Central Asia,Upper middle income
XK,XKX,Kosovo,2020,0.1273328,-0.423589999999999,-0.0844029999999999,6.88138715177698,4320.58382547288,1790151,Europe & Central Asia,Upper middle income
XK,XKX,Kosovo,2019,0.0665373,-0.344486299999999,-0.106046099999999,4.28067762284735,4415.6992744623,1788891,Europe & Central Asia,Upper middle income
XK,XKX,Kosovo,2018,0.1234846,-0.3876501,-0.4135898,4.30722285996677,4384.18796440547,1797086,Europe & Central Asia,Upper middle income
XK,XKX,Kosovo,2017,0.1314551,-0.4089401,-0.1718171,5.35688771371857,4009.32022064732,1791019,Europe & Central Asia,Upper middle income
XK,XKX,Kosovo,2016,0.0979613,-0.2981032,-0.2852683,5.4697148897006604,3759.44777525332,1777568,Europe & Central Asia,Upper middle income
XK,XKX,Kosovo,2015,0.117828,-0.370412299999999,-0.2170007,6.84228574068154,3520.62685324451,1788274,Europe & Central Asia,Upper middle income
XK,XKX,Kosovo,2014,0.1004976,-0.349694499999999,-0.301981899999999,8.01862434964991,3902.49322261901,1812788,Europe & Central Asia,Upper middle income
KW,KWT,Kuwait,2024,-0.718342199999999,0.2183455,0.2939367,NA,32855.7209688827,4897263,"Middle East, North Africa, Afghanistan & Pakistan",High income
KW,KWT,Kuwait,2023,-0.5355103,0.1660086,0.2906988,NA,34091.9714813002,4853420,"Middle East, North Africa, Afghanistan & Pakistan",High income
KW,KWT,Kuwait,2022,-0.5541874,0.0771437,0.1041664,NA,39981.7691035833,4589643,"Middle East, North Africa, Afghanistan & Pakistan",High income
KW,KWT,Kuwait,2021,-0.5604317,-0.0606404,0.1542148,NA,34018.6342592913,4360865,"Middle East, North Africa, Afghanistan & Pakistan",High income
KW,KWT,Kuwait,2020,-0.4688158,-0.1551226,0.1554026,NA,25236.0755848941,4400267,"Middle East, North Africa, Afghanistan & Pakistan",High income
KW,KWT,Kuwait,2019,-0.417902899999999,-0.1345999,0.2460837,NA,31707.8737443551,4442316,"Middle East, North Africa, Afghanistan & Pakistan",High income
KW,KWT,Kuwait,2018,-0.4146491,-0.2747578,0.2360921,NA,32067.9623756889,4323515,"Middle East, North Africa, Afghanistan & Pakistan",High income
KW,KWT,Kuwait,2017,-0.418240499999999,-0.3931383,0.0018547,NA,29047.6536135703,4154812,"Middle East, North Africa, Afghanistan & Pakistan",High income
KW,KWT,Kuwait,2016,-0.4168537,-0.338747099999999,-0.0213093,NA,27323.6890735517,4004096,"Middle East, North Africa, Afghanistan & Pakistan",High income
KW,KWT,Kuwait,2015,-0.426707,-0.241923499999999,-0.1466244,NA,29882.2126495698,3834574,"Middle East, North Africa, Afghanistan & Pakistan",High income
KW,KWT,Kuwait,2014,-0.4284675,-0.2717863,0.0855674,NA,44368.7813457751,3665876,"Middle East, North Africa, Afghanistan & Pakistan",High income
KG,KGZ,Kyrgyz Republic,2024,-0.8013292,-1.1364649,-0.5045251,NA,2514.81066933171,7221868,Europe & Central Asia,Lower middle income
KG,KGZ,Kyrgyz Republic,2023,-0.730617,-1.1965583,-0.509667299999999,2.93941682287838,2138.2221021147798,7099750,Europe & Central Asia,Lower middle income
KG,KGZ,Kyrgyz Republic,2022,-0.639873,-1.2024196,-0.422477,6.1967554610806,1739.72018344174,6975220,Europe & Central Asia,Lower middle income
KG,KGZ,Kyrgyz Republic,2021,-0.5153924,-1.1583724,-0.3876484,5.25922031816697,1349.99730650542,6851224,Europe & Central Asia,Lower middle income
KG,KGZ,Kyrgyz Republic,2020,-0.4870232,-1.048438,-0.5068231,5.92816486512365,1229.51766602907,6726596,Europe & Central Asia,Lower middle income
KG,KGZ,Kyrgyz Republic,2019,-0.3956981,-0.9826685,-0.206819199999999,5.17341825639639,1421.99927504102,6590211,Europe & Central Asia,Lower middle income
KG,KGZ,Kyrgyz Republic,2018,-0.271814599999999,-1.0445924,-0.323764,5.47290098332556,1283.5203037417,6444079,Europe & Central Asia,Lower middle income
KG,KGZ,Kyrgyz Republic,2017,-0.283291199999999,-1.1583682,-0.2975366,6.34221759050988,1221.39046807082,6306696,Europe & Central Asia,Lower middle income
KG,KGZ,Kyrgyz Republic,2016,-0.251539199999999,-1.19001389999999,-0.5531495,8.04742793332613,1103.27489428412,6175338,Europe & Central Asia,Lower middle income
KG,KGZ,Kyrgyz Republic,2015,-0.2483693,-1.2076555,-0.7293545,12.0718184447938,1105.65193844261,6040036,Europe & Central Asia,Lower middle income
KG,KGZ,Kyrgyz Republic,2014,-0.3187974,-1.17187739999999,-0.7066273,8.75186568238646,1264.52668823891,5905848,Europe & Central Asia,Lower middle income
LA,LAO,Lao PDR,2024,-1.47118289999999,-0.979896099999999,0.5576599,NA,2123.97909415109,7769819,East Asia & Pacific,Lower middle income
LA,LAO,Lao PDR,2023,-1.43183399999999,-0.9646387,0.7378068,3.50571492639941,2066.94979776957,7664993,East Asia & Pacific,Lower middle income
LA,LAO,Lao PDR,2022,-1.39861109999999,-0.9974286,0.7033051,3.82449599181715,2046.40440255621,7559007,East Asia & Pacific,Lower middle income
LA,LAO,Lao PDR,2021,-1.3981687,-1.0773186,0.583086,3.24954006438519,2526.05105018529,7453194,East Asia & Pacific,Lower middle income
LA,LAO,Lao PDR,2020,-1.46743509999999,-1.0608703,0.5456553,2.9735327468810002,2583.77730696131,7346533,East Asia & Pacific,Lower middle income
LA,LAO,Lao PDR,2019,-1.4478452,-1.1050142,0.3582008,3.52630395334805,2589.32081035237,7237636,East Asia & Pacific,Lower middle income
LA,LAO,Lao PDR,2018,-1.3641332,-1.1101203,0.2651475,3.39214245499786,2545.1075420815,7128045,East Asia & Pacific,Lower middle income
LA,LAO,Lao PDR,2017,-1.39085139999999,-1.00885769999999,0.2776591,2.97068008653757,2432.43059478511,7018147,East Asia & Pacific,Lower middle income
LA,LAO,Lao PDR,2016,-1.3451544,-0.947724799999999,0.3452009,2.6231518954447,2303.22156035363,6908802,East Asia & Pacific,Lower middle income
LA,LAO,Lao PDR,2015,-1.3817502,-0.9998267,0.4046383,3.41743588657793,2121.01339097363,6801645,East Asia & Pacific,Lower middle income
LA,LAO,Lao PDR,2014,-1.3776916,-1.02596969999999,0.3772453,3.73750467191173,1981.03910900473,6703172,East Asia & Pacific,Lower middle income
LV,LVA,Latvia,2024,1.1279498,0.8251336,0.6201402,NA,23578.9663562625,1866124,Europe & Central Asia,High income
LV,LVA,Latvia,2023,1.1124815,0.7759204,0.8394628,NA,22710.2637544197,1883710,Europe & Central Asia,High income
LV,LVA,Latvia,2022,1.06675,0.8238921,0.7798656,NA,20221.103686109,1879383,Europe & Central Asia,High income
LV,LVA,Latvia,2021,0.9910654,0.8423495,0.8069842,NA,20261.8887788916,1884490,Europe & Central Asia,High income
LV,LVA,Latvia,2020,0.9256747,0.7605048,0.726286,NA,17564.2321549354,1900449,Europe & Central Asia,High income
LV,LVA,Latvia,2019,0.9135978,0.6990995,0.6780506,NA,17294.9751600969,1913822,Europe & Central Asia,High income
LV,LVA,Latvia,2018,0.7056906,0.5446798,0.6632555,NA,17252.1710428626,1927174,Europe & Central Asia,High income
LV,LVA,Latvia,2017,0.7287864,0.6379966,0.6631827,NA,15132.4958333982,1942248,Europe & Central Asia,High income
LV,LVA,Latvia,2016,0.7206221,0.590799,0.6434248,NA,13838.5266823272,1959537,Europe & Central Asia,High income
LV,LVA,Latvia,2015,0.7531513,0.6009075,0.7167386,NA,13321.9753140616,1977527,Europe & Central Asia,High income
LV,LVA,Latvia,2014,0.7659565,0.5065843,0.720197,NA,15185.814581236,1993782,Europe & Central Asia,High income
LB,LBN,Lebanon,2024,-0.773254099999999,-1.3041344,-1.3896806,NA,4473.27134441128,5805962,"Middle East, North Africa, Afghanistan & Pakistan",Lower middle income
LB,LBN,Lebanon,2023,-0.7573308,-1.2554109,-1.2764099,8.79948404965312,3477.72489842684,5773493,"Middle East, North Africa, Afghanistan & Pakistan",Lower middle income
LB,LBN,Lebanon,2022,-0.7786234,-1.21762979999999,-1.34257539999999,7.13851457922801,3654.35845534878,5744489,"Middle East, North Africa, Afghanistan & Pakistan",Lower middle income
LB,LBN,Lebanon,2021,-0.7622156,-1.2586741,-1.3231817,6.61592820947018,4045.37391066234,5718122,"Middle East, North Africa, Afghanistan & Pakistan",Lower middle income
LB,LBN,Lebanon,2020,-0.6889046,-1.23052269999999,-1.3492491,4.63489186346782,5561.19166950397,5702398,"Middle East, North Africa, Afghanistan & Pakistan",Lower middle income
LB,LBN,Lebanon,2019,-0.6164535,-1.2286796,-1.3398887,2.45767263477744,8905.88005497437,5794594,"Middle East, North Africa, Afghanistan & Pakistan",Lower middle income
LB,LBN,Lebanon,2018,-0.5658194,-1.2208803,-1.2146005,2.64422640246218,9174.53666204759,5984119,"Middle East, North Africa, Afghanistan & Pakistan",Lower middle income
LB,LBN,Lebanon,2017,-0.6151856,-1.0714014,-1.3393518,2.46700798851377,8608.21084982387,6160128,"Middle East, North Africa, Afghanistan & Pakistan",Lower middle income
LB,LBN,Lebanon,2016,-0.616314599999999,-1.069034,-1.3333648,2.24389669270407,8089.012088155,6323060,"Middle East, North Africa, Afghanistan & Pakistan",Lower middle income
LB,LBN,Lebanon,2015,-0.5520082,-1.0047914,-1.3952938,1.95385502507846,7714.1099998804,6472469,"Middle East, North Africa, Afghanistan & Pakistan",Lower middle income
LB,LBN,Lebanon,2014,-0.4595043,-1.1059903,-1.49478389999999,1.72767194358752,7577.6413302369,6346990,"Middle East, North Africa, Afghanistan & Pakistan",Lower middle income
LS,LSO,Lesotho,2024,-0.1551378,-0.302427,-0.2588663,NA,1023.04227681523,2337423,Sub-Saharan Africa,Lower middle income
LS,LSO,Lesotho,2023,-0.1778783,-0.3006103,-0.1357263,6.61747721666593,921.435141557056,2311472,Sub-Saharan Africa,Lower middle income
LS,LSO,Lesotho,2022,-0.1459999,-0.1463735,-0.128161,5.43707766325145,1030.12582947757,2286110,Sub-Saharan Africa,Lower middle income
LS,LSO,Lesotho,2021,-0.2217516,-0.1543581,-0.1334002,6.40953816705608,1066.58645143823,2261542,Sub-Saharan Africa,Lower middle income
LS,LSO,Lesotho,2020,-0.136977899999999,-0.009674,-0.1451933,7.04467569914159,918.582574704447,2235727,Sub-Saharan Africa,Lower middle income
LS,LSO,Lesotho,2019,-0.162956699999999,-0.0282232,-0.287980099999999,5.00070383911339,1082.05706777516,2209405,Sub-Saharan Africa,Lower middle income
LS,LSO,Lesotho,2018,-0.148633699999999,0.0206214,-0.1397918,5.05319346138565,1170.65569702819,2183603,Sub-Saharan Africa,Lower middle income
LS,LSO,Lesotho,2017,-0.1860106,0.0469636,-0.2021614,5.55962457961521,1069.36673247542,2157110,Sub-Saharan Africa,Lower middle income
LS,LSO,Lesotho,2016,-0.211975,0.0206204,-0.2746129,4.66827392862323,992.491840678465,2130422,Sub-Saharan Africa,Lower middle income
LS,LSO,Lesotho,2015,-0.0763691,0.0497097,-0.208938699999999,3.27724277605361,1121.19851342518,2104611,Sub-Saharan Africa,Lower middle income
LS,LSO,Lesotho,2014,-0.0778208,0.1248333,-0.172191999999999,3.94076200989537,1173.5377928819,2080089,Sub-Saharan Africa,Lower middle income
LR,LBR,Liberia,2024,-0.1117659,-1.0473848,-0.228549,NA,851.497723870206,5612817,Sub-Saharan Africa,Low income
LR,LBR,Liberia,2023,-0.111354,-1.01213,-0.174047999999999,13.8685448205511,799.194470229642,5493031,Sub-Saharan Africa,Low income
LR,LBR,Liberia,2022,-0.1659338,-1.0479173,-0.2807974,13.22091051888,744.617175237387,5373294,Sub-Saharan Africa,Low income
LR,LBR,Liberia,2021,-0.18735759999999901,-0.9896145,-0.2103506,18.4318877986033,667.96610514319,5259323,Sub-Saharan Africa,Low income
LR,LBR,Liberia,2020,-0.1946272,-0.9167423,-0.220102599999999,22.624434513459,616.787867006715,5149463,Sub-Saharan Africa,Low income
LR,LBR,Liberia,2019,-0.236170699999999,-0.9910994,-0.2571938,19.6427553859774,658.164180770507,5043721,Sub-Saharan Africa,Low income
LR,LBR,Liberia,2018,-0.135108099999999,-0.9857106,-0.0185577,19.8929132854865,692.203127129794,4944726,Sub-Saharan Africa,Low income
LR,LBR,Liberia,2017,-0.0459297,-0.852785,-0.2701752,20.4541240938977,699.269095727404,4848925,Sub-Saharan Africa,Low income
LR,LBR,Liberia,2016,-0.2242728,-0.8475684,-0.453136899999999,26.2776114785617,714.613063145659,4755608,Sub-Saharan Africa,Low income
LR,LBR,Liberia,2015,-0.238272899999999,-0.734354699999999,-0.5851773,37.1369897351232,692.590082351257,4659431,Sub-Saharan Africa,Low income
LR,LBR,Liberia,2014,-0.2481803,-0.7936808,-0.510413,25.9137562208539,706.714490064507,4564293,Sub-Saharan Africa,Low income
LY,LBY,Libya,2024,-1.33599959999999,-1.5315957,-1.8964767,NA,6569.16408678648,7381023,"Middle East, North Africa, Afghanistan & Pakistan",Upper middle income
LY,LBY,Libya,2023,-1.3571083,-1.5426693,-2.0418754,0.778388975005509,6026.51518708812,7305659,"Middle East, North Africa, Afghanistan & Pakistan",Upper middle income
LY,LBY,Libya,2022,-1.3168916,-1.5332986,-2.00397249999999,0.610852221354153,5986.63694851258,7223805,"Middle East, North Africa, Afghanistan & Pakistan",Upper middle income
LY,LBY,Libya,2021,-1.26873449999999,-1.5502152,-2.2069296,0.993399118031291,4935.82787349801,7135175,"Middle East, North Africa, Afghanistan & Pakistan",Upper middle income
LY,LBY,Libya,2020,-1.1145078,-1.5214215,-2.2231779,0.622734219719418,6650.33810585348,7045399,"Middle East, North Africa, Afghanistan & Pakistan",Upper middle income
LY,LBY,Libya,2019,-1.108952,-1.5465395,-2.25895969999999,0.414591017228459,9963.19489084483,6951033,"Middle East, North Africa, Afghanistan & Pakistan",Upper middle income
LY,LBY,Libya,2018,-1.1886225,-1.51601339999999,-2.28391459999999,0.390672294656074,11196.5854810844,6849055,"Middle East, North Africa, Afghanistan & Pakistan",Upper middle income
LY,LBY,Libya,2017,-1.2324321,-1.6097899,-2.29431519999999,0.631026065156879,9965.83236729757,6738770,"Middle East, North Africa, Afghanistan & Pakistan",Upper middle income
LY,LBY,Libya,2016,-1.1997746,-1.59775319999999,-2.2576529,0.354282002595638,7525.80299308216,6632126,"Middle East, North Africa, Afghanistan & Pakistan",Upper middle income
LY,LBY,Libya,2015,-1.165613,-1.59599119999999,-2.2100778,0.3150326435354,7458.48917756374,6531819,"Middle East, North Africa, Afghanistan & Pakistan",Upper middle income
LY,LBY,Libya,2014,-1.0752096,-1.475239,-2.26526939999999,0.362842576028605,8926.42074591474,6427252,"Middle East, North Africa, Afghanistan & Pakistan",Upper middle income
LI,LIE,Liechtenstein,2024,1.3276421,1.7550399,1.5823538,NA,220167.225473557,40450,Europe & Central Asia,High income
LI,LIE,Liechtenstein,2023,1.3149688,1.7538023,1.5875521,NA,206780.590353385,39846,Europe & Central Asia,High income
LI,LIE,Liechtenstein,2022,1.3366925,1.7550868,1.5871411,NA,188055.003235348,39493,Europe & Central Asia,High income
LI,LIE,Liechtenstein,2021,1.3347361,1.7554608,1.5846135,NA,201944.830335076,39182,Europe & Central Asia,High income
LI,LIE,Liechtenstein,2020,1.3135419,2.0208673,1.6427344,NA,164671.093553454,38901,Europe & Central Asia,High income
LI,LIE,Liechtenstein,2019,1.313823,2.0203081,1.6431087,NA,166907.839305016,38563,Europe & Central Asia,High income
LI,LIE,Liechtenstein,2018,1.3073919,2.0180825,1.5055506,NA,174988.775083446,38246,Europe & Central Asia,High income
LI,LIE,Liechtenstein,2017,1.3818292,2.0164671,1.5026105,NA,170547.092298954,37962,Europe & Central Asia,High income
LI,LIE,Liechtenstein,2016,1.3998969000000001,2.0174169,1.5021925,NA,165375.491396259,37716,Europe & Central Asia,High income
LI,LIE,Liechtenstein,2015,1.4528958,2.0160894,1.5056039,NA,167187.15730982,37494,Europe & Central Asia,High income
LI,LIE,Liechtenstein,2014,1.4558907,2.0144421,1.6435264,NA,178735.153020908,37248,Europe & Central Asia,High income
LT,LTU,Lithuania,2024,1.2226462,0.9927892,0.9394441,NA,29603.7772588256,2888278,Europe & Central Asia,High income
LT,LTU,Lithuania,2023,1.1887714,0.8884764,0.9517926,NA,27983.3658256887,2871585,Europe & Central Asia,High income
LT,LTU,Lithuania,2022,1.1824494,0.855068,0.963939,NA,24946.5724005188,2831639,Europe & Central Asia,High income
LT,LTU,Lithuania,2021,1.134426,0.9249581,1.0111257,NA,23882.8668916753,2808380,Europe & Central Asia,High income
LT,LTU,Lithuania,2020,1.086472,0.8813828,1.1506312,NA,20428.6478157394,2810369,Europe & Central Asia,High income
LT,LTU,Lithuania,2019,1.0715599,0.7581204,0.9825192,NA,19608.7943945553,2811089,Europe & Central Asia,High income
LT,LTU,Lithuania,2018,0.813513,0.4531588,0.9070273,NA,19247.2315367967,2819200,Europe & Central Asia,High income
LT,LTU,Lithuania,2017,0.8829716,0.6761875,0.8922634,NA,16800.1510246099,2842639,Europe & Central Asia,High income
LT,LTU,Lithuania,2016,0.8522699,0.7346677,0.9545715,NA,14934.2702840428,2877325,Europe & Central Asia,High income
LT,LTU,Lithuania,2015,0.9019303,0.6814439,0.9444776,NA,14269.8039878287,2911109,Europe & Central Asia,High income
LT,LTU,Lithuania,2014,0.889013,0.5991275,0.936572,NA,16446.1647181663,2937253,Europe & Central Asia,High income
LU,LUX,Luxembourg,2024,1.6653277,2.0157595,1.0730532,NA,137781.681659123,677012,Europe & Central Asia,High income
LU,LUX,Luxembourg,2023,1.6677685,2.0124074,1.0156548,NA,133230.619178899,666430,Europe & Central Asia,High income
LU,LUX,Luxembourg,2022,1.6940035,1.9674109,1.0244114,NA,123719.658915996,653103,Europe & Central Asia,High income
LU,LUX,Luxembourg,2021,1.6761181,1.9638476,1.1450494,NA,134965.815442152,640064,Europe & Central Asia,High income
LU,LUX,Luxembourg,2020,1.653888,2.2067723,1.2105167,NA,116860.02817236,630419,Europe & Central Asia,High income
LU,LUX,Luxembourg,2019,1.6112736,2.2590117,1.3055593,NA,112696.649059674,620001,Europe & Central Asia,High income
LU,LUX,Luxembourg,2018,1.6101762,2.2100505,1.3055181,NA,116926.759593905,607950,Europe & Central Asia,High income
LU,LUX,Luxembourg,2017,1.6256817,2.1475168,1.2715421,NA,110193.213797228,596336,Europe & Central Asia,High income
LU,LUX,Luxembourg,2016,1.598235,2.1912929,1.3457296,NA,106899.293549552,582014,Europe & Central Asia,High income
LU,LUX,Luxembourg,2015,1.6105936,2.2241466,1.4125194,NA,105462.012584423,569604,Europe & Central Asia,High income
LU,LUX,Luxembourg,2014,1.5878417,2.1721389,1.4310289,NA,123678.706919314,556319,Europe & Central Asia,High income
MO,MAC,"Macao SAR, China",2024,0.0636166,0.5733844,1.053872,NA,72004.7437020733,687000,East Asia & Pacific,High income
MO,MAC,"Macao SAR, China",2023,0.0647468,0.5721468,0.9734599,NA,67216.3631112124,678800,East Asia & Pacific,High income
MO,MAC,"Macao SAR, China",2022,0.0668135,0.5734313,0.9728177,NA,36806.891255461,677300,East Asia & Pacific,High income
MO,MAC,"Macao SAR, China",2021,0.0689022,0.5738053,0.9688675,NA,44884.8961602393,682500,East Asia & Pacific,High income
MO,MAC,"Macao SAR, China",2020,0.5222875,0.5748942,1.0596983,NA,36883.6652578543,685400,East Asia & Pacific,High income
MO,MAC,"Macao SAR, China",2019,0.5232038,0.574335,1.1488191,NA,81882.6964523869,672000,East Asia & Pacific,High income
MO,MAC,"Macao SAR, China",2018,0.5238535,0.5721095,1.1477542,NA,83588.2875009014,658900,East Asia & Pacific,High income
MO,MAC,"Macao SAR, China",2017,0.4167652,0.5704941,1.3135357,NA,77570.9876166977,648400,East Asia & Pacific,High income
MO,MAC,"Macao SAR, China",2016,0.417591,0.8357614,1.3130313,NA,68911.6755919628,652500,East Asia & Pacific,High income
MO,MAC,"Macao SAR, China",2015,0.418541,0.5701164,1.1400764,NA,69902.9605741233,642900,East Asia & Pacific,High income
MO,MAC,"Macao SAR, China",2014,0.1256886,0.5684691,1.1417297,NA,88355.3181764446,621700,East Asia & Pacific,High income
MG,MDG,Madagascar,2024,-0.725368399999999,-1.00991649999999,-0.4805584,NA,550.37875528856,31964956,Sub-Saharan Africa,Low income
MG,MDG,Madagascar,2023,-0.6052114,-0.9853603,-0.840940199999999,7.99465992112343,514.064076551927,31195932,Sub-Saharan Africa,Low income
MG,MDG,Madagascar,2022,-0.533853399999999,-0.9659728,-0.525026099999999,6.7085762317114,504.059106969168,30437261,Sub-Saharan Africa,Low income
MG,MDG,Madagascar,2021,-0.556467199999999,-0.9473613,-0.4612648,7.5871610410107,483.469463351195,29691083,Sub-Saharan Africa,Low income
MG,MDG,Madagascar,2020,-0.4743286,-0.8463989,-0.574674,10.2606988245525,450.771615205157,28953556,Sub-Saharan Africa,Low income
MG,MDG,Madagascar,2019,-0.534724,-0.925669499999999,-0.529453,5.37087495303583,499.818837622534,28219554,Sub-Saharan Africa,Low income
MG,MDG,Madagascar,2018,-0.579241999999999,-0.9185574,-0.7625617,5.6501932786507,500.45718552916,27494926,Sub-Saharan Africa,Low income
MG,MDG,Madagascar,2017,-0.6761349,-0.922522,-0.535016199999999,6.07559729989975,491.866848718929,26788375,Sub-Saharan Africa,Low income
MG,MDG,Madagascar,2016,-0.6621363,-0.794875999999999,-0.4661162,5.4328152533716,453.970714522463,26099952,Sub-Saharan Africa,Low income
MG,MDG,Madagascar,2015,-0.6761863,-0.784991,-0.526357699999999,6.18902936328174,445.320069480568,25426702,Sub-Saharan Africa,Low income
MG,MDG,Madagascar,2014,-0.7331899,-0.783836699999999,-0.5624437,4.81130588709127,505.684922503435,24764348,Sub-Saharan Africa,Low income
MW,MWI,Malawi,2024,-0.109433999999999,-0.6486607,-0.3802084,NA,522.365366146003,21655286,Sub-Saharan Africa,Low income
MW,MWI,Malawi,2023,-0.0714795,-0.627533999999999,-0.242439899999999,13.1405927921346,633.214767978695,21104482,Sub-Saharan Africa,Low income
MW,MWI,Malawi,2022,-0.0793215999999999,-0.6548107,-0.166924,11.3763305758569,604.269740360317,20568728,Sub-Saharan Africa,Low income
MW,MWI,Malawi,2021,-0.0757201,-0.4316195,-0.102843499999999,9.87498576123477,617.446994451007,20047258,Sub-Saharan Africa,Low income
MW,MWI,Malawi,2020,-0.0851979,-0.4785598,-0.0766165999999999,12.7234977703152,602.507478176106,19533888,Sub-Saharan Africa,Low income
MW,MWI,Malawi,2019,-0.2728638,-0.802321,-0.2824512,10.8353698831549,580.889139762475,19025752,Sub-Saharan Africa,Low income
MW,MWI,Malawi,2018,-0.224112899999999,-0.8171813,-0.3896791,13.3845005294199,533.202567189331,18528081,Sub-Saharan Africa,Low income
MW,MWI,Malawi,2017,-0.2175942,-0.715168199999999,-0.313000899999999,17.4029572898996,495.769683367165,18039715,Sub-Saharan Africa,Low income
MW,MWI,Malawi,2016,-0.193207599999999,-0.8277565,-0.2578002,15.7428813891573,450.506105510719,17557739,Sub-Saharan Africa,Low income
MW,MWI,Malawi,2015,-0.142356099999999,-0.829149999999999,-0.0522558,11.6647910311586,539.605363240686,17085587,Sub-Saharan Africa,Low income
MW,MWI,Malawi,2014,-0.1612398,-0.819742899999999,-0.0287147,10.7766583885142,529.5133440206,16621538,Sub-Saharan Africa,Low income
MY,MYS,Malaysia,2024,-0.126719499999999,0.4983973,0.3847799,NA,11874.4273684245,35557673,East Asia & Pacific,Upper middle income
MY,MYS,Malaysia,2023,-0.1658995,0.380697,0.2281849,0.00169664672920921,11386.0395636528,35126298,East Asia & Pacific,Upper middle income
MY,MYS,Malaysia,2022,-0.1529312,0.3710292,0.2483001,0.00150426910235144,11754.5678336248,34695493,East Asia & Pacific,Upper middle income
MY,MYS,Malaysia,2021,-0.2516963,0.3015023,0.196108,0.00425551405061678,10903.1037480772,34282399,East Asia & Pacific,Upper middle income
MY,MYS,Malaysia,2020,-0.1578862,0.420523,0.1400704,-0.0012877404901923,9957.52626697613,33889558,East Asia & Pacific,Upper middle income
MY,MYS,Malaysia,2019,-0.0505939,0.4609033,0.1608892,-5.47758029376873e-4,10920.191763972,33440596,East Asia & Pacific,Upper middle income
MY,MYS,Malaysia,2018,-0.177320099999999,0.4935415,0.1769644,-0.00991471995214102,10901.8019954421,32910967,East Asia & Pacific,Upper middle income
MY,MYS,Malaysia,2017,-0.4206464,0.0731841,-0.011848,-0.00943196681356662,9862.54806612235,32355644,East Asia & Pacific,Upper middle income
MY,MYS,Malaysia,2016,-0.4559705,0.1034428,-0.0158376,-0.0176905567681013,9476.53409809923,31789685,East Asia & Pacific,Upper middle income
MY,MYS,Malaysia,2015,-0.4440462,0.2439907,0.0447869,-2.04898109883474e-4,9648.6797937523,31232798,East Asia & Pacific,Upper middle income
MY,MYS,Malaysia,2014,-0.409815999999999,0.2951748,0.0879800999999999,0.00609494316580373,11013.3107334403,30696137,East Asia & Pacific,Upper middle income
MV,MDV,Maldives,2024,-0.4118749,-0.335953799999999,-0.0544563,NA,13379.3513577224,527799,South Asia,Upper middle income
MV,MDV,Maldives,2023,-0.201441999999999,-0.2664677,0.0832571999999999,3.41920524615893,12587.6126038651,525994,South Asia,Upper middle income
MV,MDV,Maldives,2022,-0.2241225,-0.265023299999999,0.2721525,2.20048262585381,11786.0191492983,524106,South Asia,Upper middle income
MV,MDV,Maldives,2021,-0.1371966,-0.1632074,0.4430279,2.40576785962369,10176.143882547,516154,South Asia,Upper middle income
MV,MDV,Maldives,2020,-0.124150199999999,-0.1711344,0.2036825,9.15960333068238,7393.8886543933,502118,South Asia,Upper middle income
MV,MDV,Maldives,2019,-0.3286885,-0.520747899999999,-0.0811059,1.3855696929649,11740.2724029785,487731,South Asia,Upper middle income
MV,MDV,Maldives,2018,-0.7287193,-0.892958399999999,-0.135999999999999,2.67574750529586,11423.2838427029,473099,South Asia,Upper middle income
MV,MDV,Maldives,2017,-0.7497602,-0.8676893,-0.0431782999999999,1.04660758444596,10509.628805812,458287,South Asia,Upper middle income
MV,MDV,Maldives,2016,-0.639416099999999,-0.764795,0.079118,0.559856419848434,9947.80744731739,443308,South Asia,Upper middle income
MV,MDV,Maldives,2015,-0.5793588,-0.587453,0.0821002,0.631752673849256,9644.90655028145,428154,South Asia,Upper middle income
MV,MDV,Maldives,2014,-0.5291201,-0.5760219,0.4805132,0.674495125023793,8939.07416571472,413617,South Asia,Upper middle income
ML,MLI,Mali,2024,-1.2210359,-0.9808589,-2.49096199999999,NA,1093.2523323649,24478595,Sub-Saharan Africa,Low income
ML,MLI,Mali,2023,-1.10441,-0.849355899999999,-2.5578431,5.41856954273524,1042.44223444837,23769127,Sub-Saharan Africa,Low income
ML,MLI,Mali,2022,-0.978497899999999,-0.8528176,-2.4680844,5.52057383748637,976.914116406452,23072640,Sub-Saharan Africa,Low income
ML,MLI,Mali,2021,-0.811539599999999,-0.896400299999999,-2.3319481,6.48984920982866,1027.27345365357,22388630,Sub-Saharan Africa,Low income
ML,MLI,Mali,2020,-0.6560614,-0.7753949,-2.0594968,7.85280228909771,953.242943290974,21713836,Sub-Saharan Africa,Low income
ML,MLI,Mali,2019,-0.5066704,-0.7719638,-2.05500729999999,9.18392582641081,971.949318638092,21068405,Sub-Saharan Africa,Low income
ML,MLI,Mali,2018,-0.4790175,-0.744831199999999,-1.87828559999999,7.84036507419255,996.379292136901,20442030,Sub-Saharan Africa,Low income
ML,MLI,Mali,2017,-0.3671838,-0.706974099999999,-1.71864139999999,7.63757179674661,924.057531692284,19813011,Sub-Saharan Africa,Low income
ML,MLI,Mali,2016,-0.3368327,-0.6456428,-1.5338819,7.36216405357478,872.468587171653,19191289,Sub-Saharan Africa,Low income
ML,MLI,Mali,2015,-0.338542099999999,-0.6307364,-1.5535933,7.86033701875036,838.11986940103,18593022,Sub-Saharan Africa,Low income
ML,MLI,Mali,2014,-0.231560599999999,-0.6426253,-1.59000419999999,7.40162290676923,947.915033293219,18020267,Sub-Saharan Africa,Low income
MT,MLT,Malta,2024,0.9216359,0.2667936,0.8049169,NA,44023.6341078148,568847,"Middle East, North Africa, Afghanistan & Pakistan",High income
MT,MLT,Malta,2023,0.9614657,0.3219728,0.9382841,NA,40932.5238774461,552747,"Middle East, North Africa, Afghanistan & Pakistan",High income
MT,MLT,Malta,2022,1.0201012,0.4469911,0.9316852,NA,35658.8318250199,531113,"Middle East, North Africa, Afghanistan & Pakistan",High income
MT,MLT,Malta,2021,1.0102414,0.4667226,0.9318346,NA,38078.0064279067,518150,"Middle East, North Africa, Afghanistan & Pakistan",High income
MT,MLT,Malta,2020,1.1610836,0.611326,0.9914658,NA,31823.422001724,515490,"Middle East, North Africa, Afghanistan & Pakistan",High income
MT,MLT,Malta,2019,1.112703,0.4163584,0.9193493,NA,32421.9087471186,503912,"Middle East, North Africa, Afghanistan & Pakistan",High income
MT,MLT,Malta,2018,1.1635326,0.7416132,1.1121321,NA,33382.280781103,483903,"Middle East, North Africa, Afghanistan & Pakistan",High income
MT,MLT,Malta,2017,1.1266584,0.7943079,1.082828,NA,30317.2611769875,467106,"Middle East, North Africa, Afghanistan & Pakistan",High income
MT,MLT,Malta,2016,1.163645,0.7852018,0.9368787,NA,26459.0644285369,454505,"Middle East, North Africa, Afghanistan & Pakistan",High income
MT,MLT,Malta,2015,1.1871536,0.8513513,0.9507103,NA,25529.6693210673,444220,"Middle East, North Africa, Afghanistan & Pakistan",High income
MT,MLT,Malta,2014,1.1728082,0.8102062,1.0486158,NA,27424.5693619702,433481,"Middle East, North Africa, Afghanistan & Pakistan",High income
MH,MHL,Marshall Islands,2024,0.9544108,0.3907327,1.2772187,NA,7590.28443592202,37548,East Asia & Pacific,Upper middle income
MH,MHL,Marshall Islands,2023,0.6882165,-0.0290067,1.2823827,39.7671043865296,6799.39217554794,38827,East Asia & Pacific,Upper middle income
MH,MHL,Marshall Islands,2022,0.6897211,-0.0269237999999999,1.2819745,47.45429749511,6455.6603538189,40077,East Asia & Pacific,Upper middle income
MH,MHL,Marshall Islands,2021,0.6912417,-0.0263173999999999,1.004613,37.4067160811946,6315.31172190393,41367,East Asia & Pacific,Upper middle income
MH,MHL,Marshall Islands,2020,0.6958712,-0.0245517,1.0394581,63.7482773294687,5661.96787336674,42706,East Asia & Pacific,Upper middle income
MH,MHL,Marshall Islands,2019,0.9369232,0.3505035,1.1508696,23.347893760125,5292.33985502306,44007,East Asia & Pacific,Upper middle income
MH,MHL,Marshall Islands,2018,0.9067185,0.3468948,1.14243,20.306241561246,4858.12079054875,45285,East Asia & Pacific,Upper middle income
MH,MHL,Marshall Islands,2017,0.9347059,0.7728719,1.1385207,27.7616696554888,4592.83457628576,46529,East Asia & Pacific,Upper middle income
MH,MHL,Marshall Islands,2016,0.9357159,0.7744119,0.8824277,4.91938856120395,4229.80988911945,47709,East Asia & Pacific,Upper middle income
MH,MHL,Marshall Islands,2015,0.9435256,0.81403,1.1425008,23.5609610547318,3764.34426229508,48800,East Asia & Pacific,Upper middle income
MH,MHL,Marshall Islands,2014,0.8769027,-0.114215299999999,1.5750282,24.4604419813797,3735.23977829545,49796,East Asia & Pacific,Upper middle income
MR,MRT,Mauritania,2024,-0.925315,-0.933744999999999,-0.5595872,NA,2104.54260769051,5169395,Sub-Saharan Africa,Lower middle income
MR,MRT,Mauritania,2023,-0.838849299999999,-0.7965253,-0.504269499999999,3.92190083534365,2127.9576285973,5022441,Sub-Saharan Africa,Lower middle income
MR,MRT,Mauritania,2022,-0.8832882,-0.8477941,-0.2992865,3.44773067994642,1961.28166648869,4875637,Sub-Saharan Africa,Lower middle income
MR,MRT,Mauritania,2021,-0.894332599999999,-0.879153,-0.5222228,4.99040890882395,1947.47413907209,4734874,Sub-Saharan Africa,Lower middle income
MR,MRT,Mauritania,2020,-0.798863299999999,-0.7915263,-0.6263455,7.93058392628736,1795.72437324423,4600131,Sub-Saharan Africa,Lower middle income
MR,MRT,Mauritania,2019,-0.8727345,-0.981007499999999,-0.645438,5.09483222856053,1767.072710621,4467708,Sub-Saharan Africa,Lower middle income
MR,MRT,Mauritania,2018,-0.938720599999999,-0.8944903,-0.748524899999999,6.02945961784724,1723.37809442655,4337685,Sub-Saharan Africa,Lower middle income
MR,MRT,Mauritania,2017,-0.971436699999999,-0.8700694,-0.7637873,4.34373780297796,1617.93401542267,4210600,Sub-Saharan Africa,Lower middle income
MR,MRT,Mauritania,2016,-0.9229242,-0.8308534,-0.9065538,4.88423738652365,1568.00551190332,4086657,Sub-Saharan Africa,Lower middle income
MR,MRT,Mauritania,2015,-0.922540199999999,-0.9528354,-0.776510199999999,5.4897836086881,1558.84205473416,3965959,Sub-Saharan Africa,Lower middle income
MR,MRT,Mauritania,2014,-0.917447599999999,-0.9214158,-0.7612141,4.09800538612797,1718.97089374709,3848514,Sub-Saharan Africa,Lower middle income
MU,MUS,Mauritius,2024,0.3689046,0.3404819,0.7903521,NA,11990.9355434317,1245779,Sub-Saharan Africa,Upper middle income
MU,MUS,Mauritius,2023,0.2964923,0.3417899,0.8348296,0.599583488101554,11269.9684462139,1248647,Sub-Saharan Africa,Upper middle income
MU,MUS,Mauritius,2022,0.3427296,0.3948817,0.8607357,0.541192344725448,10246.5017455553,1262523,Sub-Saharan Africa,Upper middle income
MU,MUS,Mauritius,2021,0.3693402,0.416008,0.9264413,2.30084474727509,9177.71195973013,1266334,Sub-Saharan Africa,Upper middle income
MU,MUS,Mauritius,2020,0.490144,0.3426669,0.928832,2.67844415901431,9135.84773751062,1266014,Sub-Saharan Africa,Upper middle income
MU,MUS,Mauritius,2019,0.5288847,0.3198001,0.9291254,0.149680563529287,11568.2533399824,1265985,Sub-Saharan Africa,Upper middle income
MU,MUS,Mauritius,2018,0.7783716,0.3016043,0.8991856,0.43736998697953,11818.7480619272,1265577,Sub-Saharan Africa,Upper middle income
MU,MUS,Mauritius,2017,0.7837644,0.2855506,1.0144918,0.0997128415291393,10986.7034093005,1264887,Sub-Saharan Africa,Upper middle income
MU,MUS,Mauritius,2016,0.8176716,0.3223687,1.0313567,0.318596600477018,10095.1225574156,1263747,Sub-Saharan Africa,Upper middle income
MU,MUS,Mauritius,2015,0.8000559,0.2903886,1.0248107,0.617031759927573,9630.5437837507,1262879,Sub-Saharan Africa,Upper middle income
MU,MUS,Mauritius,2014,0.8373596,0.4563263,0.8096197,0.323779564651616,10490.3315563853,1261208,Sub-Saharan Africa,Upper middle income
MX,MEX,Mexico,2024,-0.338295,-0.9408772,-0.7154541,NA,13988.0423745241,130861007,Latin America & Caribbean,Upper middle income
MX,MEX,Mexico,2023,-0.2517507,-0.9321625,-0.5984727,0.0258125007156777,13830.843848864,129739759,Latin America & Caribbean,Upper middle income
MX,MEX,Mexico,2022,-0.240528499999999,-0.8757541,-0.5890439,0.0346606538283311,11405.7940469896,128613117,Latin America & Caribbean,Upper middle income
MX,MEX,Mexico,2021,-0.17373,-0.8733867,-0.736204699999999,0.0440393635274843,10314.0506733708,127648148,Latin America & Caribbean,Upper middle income
MX,MEX,Mexico,2020,-0.0915771,-0.853792,-0.7772933,0.0732682764739702,8841.27074929751,126799054,Latin America & Caribbean,Upper middle income
MX,MEX,Mexico,2019,-0.0639434,-0.8896518,-0.8974274,0.0415218389208899,10369.5553593527,125762982,Latin America & Caribbean,Upper middle income
MX,MEX,Mexico,2018,-0.0473499999999999,-0.9427494,-0.927316799999999,0.0448764768202123,10084.7937570364,124573711,Latin America & Caribbean,Upper middle income
MX,MEX,Mexico,2017,-0.1417561,-0.9481326,-1.0455954,0.0650211139127928,9649.27816729586,123400057,Latin America & Caribbean,Upper middle income
MX,MEX,Mexico,2016,-0.09985,-0.8211672,-0.833912099999999,0.0747199269179264,9097.92397674769,122251351,Latin America & Caribbean,Upper middle income
MX,MEX,Mexico,2015,-0.0649057,-0.840903899999999,-0.892263399999999,0.0271415639964758,10021.2386113616,121072306,Latin America & Caribbean,Upper middle income
MX,MEX,Mexico,2014,0.0591695,-0.7528978,-0.959658599999999,0.0611756092718449,11391.3773503964,119784261,Latin America & Caribbean,Upper middle income
FM,FSM,"Micronesia, Fed. Sts.",2024,0.9031951,0.7080176,1.499468,NA,4251.69052668788,113160,East Asia & Pacific,Upper middle income
FM,FSM,"Micronesia, Fed. Sts.",2023,0.6370009,0.2977827,1.5046321,25.0856480088078,3933.01607031874,112630,East Asia & Pacific,Upper middle income
FM,FSM,"Micronesia, Fed. Sts.",2022,0.6385055,0.2998184,1.5042238000000001,33.0827724617767,3703.66680343222,112114,East Asia & Pacific,Upper middle income
FM,FSM,"Micronesia, Fed. Sts.",2021,0.640026,0.3004111,1.2268624,29.644815482166,3508.22314197664,111624,East Asia & Pacific,Upper middle income
FM,FSM,"Micronesia, Fed. Sts.",2020,0.6446556,0.4040448,1.1206831,39.8732276459619,3362.02802120524,110916,East Asia & Pacific,Upper middle income
FM,FSM,"Micronesia, Fed. Sts.",2019,1.0303454,0.7791,1.009383,22.0291218317257,3581.72684572278,110282,East Asia & Pacific,Upper middle income
FM,FSM,"Micronesia, Fed. Sts.",2018,0.8841628,0.7754912,1.2058557,24.4593043739035,3584.78377566896,109909,East Asia & Pacific,Upper middle income
FM,FSM,"Micronesia, Fed. Sts.",2017,0.8432005,0.7728719,1.0690453,24.0957722383052,3297.37580036719,109481,East Asia & Pacific,Upper middle income
FM,FSM,"Micronesia, Fed. Sts.",2016,0.8439099,0.7744119,1.0686461,13.3805320509256,2997.93719917488,109075,East Asia & Pacific,Upper middle income
FM,FSM,"Micronesia, Fed. Sts.",2015,0.8540637,0.8558006,1.071904,21.8962123340886,2869.86276169101,108716,East Asia & Pacific,Upper middle income
FM,FSM,"Micronesia, Fed. Sts.",2014,0.8534087,0.8531295,1.0732124,34.2374199204495,2915.23672460238,108396,East Asia & Pacific,Upper middle income
MD,MDA,Moldova,2024,0.2837193,-0.2915803,-0.3449915,NA,7578.90216348853,2402306,Europe & Central Asia,Upper middle income
MD,MDA,Moldova,2023,0.2629208,-0.266050299999999,-0.2678685,6.19250298399297,6799.58594644576,2457783,Europe & Central Asia,Upper middle income
MD,MDA,Moldova,2022,0.0872112999999999,-0.421512599999999,-0.2465629,6.07295568156991,5744.29618434435,2528654,Europe & Central Asia,Upper middle income
MD,MDA,Moldova,2021,0.0252853,-0.550342,-0.0451684,4.27850066744328,5274.60582195352,2595809,Europe & Central Asia,Upper middle income
MD,MDA,Moldova,2020,-0.0883867,-0.7308378,-0.149089399999999,4.40597951537938,4375.7788930524,2635130,Europe & Central Asia,Upper middle income
MD,MDA,Moldova,2019,-0.1508752,-0.7732817,-0.1474608,2.7695639727145,4405.33418162155,2664224,Europe & Central Asia,Upper middle income
MD,MDA,Moldova,2018,-0.1677532,-0.871319899999999,-0.2383059,2.20320952750088,4156.44981956646,2707203,Europe & Central Asia,Upper middle income
MD,MDA,Moldova,2017,-0.110529999999999,-0.937231199999999,-0.181840299999999,2.41509139749894,3453.26727720294,2755189,Europe & Central Asia,Upper middle income
MD,MDA,Moldova,2016,-0.103968499999999,-1.099628,-0.1842961,3.10965613526426,2847.08794770479,2803186,Europe & Central Asia,Upper middle income
MD,MDA,Moldova,2015,-0.0642348,-1.03857019999999,-0.1714471,3.79019186956943,2749.55137054338,2835978,Europe & Central Asia,Upper middle income
MD,MDA,Moldova,2014,-0.0337182,-0.969687699999999,-0.0788413999999999,5.06430814956935,3289.95758568777,2857815,Europe & Central Asia,Upper middle income
MC,MCO,Monaco,2024,0.836801,1.8002811,1.2387076,NA,288001.574856495,38631,Europe & Central Asia,High income
MC,MCO,Monaco,2023,0.8382191,1.1733125,1.3791391,NA,256799.911212051,38956,Europe & Central Asia,High income
MC,MCO,Monaco,2022,0.8992514,1.1763452,1.3786309,NA,226052.060664649,38931,Europe & Central Asia,High income
MC,MCO,Monaco,2021,0.9018722,1.1772281,1.2044193,NA,223823.327192464,38527,Europe & Central Asia,High income
MC,MCO,Monaco,2020,0.8806321,1.1797991,1.2062355,NA,176891.806328966,38050,Europe & Central Asia,High income
MC,MCO,Monaco,2019,0.8817819,1.8025255,1.5488694,NA,193746.729890885,38109,Europe & Central Asia,High income
MC,MCO,Monaco,2018,0.8095481,1.7972711,1.5480267,NA,188298.389694191,38154,Europe & Central Asia,High income
MC,MCO,Monaco,2017,0.6532767,1.7934572,1.5452189,NA,170663.470051177,37678,Europe & Central Asia,High income
MC,MCO,Monaco,2016,0.6889007,1.7956995,1.2026488,NA,173604.669723126,37276,Europe & Central Asia,High income
MC,MCO,Monaco,2015,0.7659677,1.7925654,1.2059066,NA,170437.021128628,36757,Europe & Central Asia,High income
MC,MCO,Monaco,2014,0.764819,NA,0.9378524,NA,195693.519540544,36128,Europe & Central Asia,High income
MN,MNG,Mongolia,2024,0.1269074,-0.4859579,0.4203821,NA,6750.6301157724,3524788,East Asia & Pacific,Upper middle income
MN,MNG,Mongolia,2023,0.1629614,-0.6187813,0.6432601,1.43771914300586,5838.63108083902,3481145,East Asia & Pacific,Upper middle income
MN,MNG,Mongolia,2022,0.1368044,-0.662165,0.6315013,1.84181816247804,4993.51487463495,3433748,East Asia & Pacific,Upper middle income
MN,MNG,Mongolia,2021,0.1480496,-0.6644684,0.7338327,2.17080029675054,4517.61578018785,3383741,East Asia & Pacific,Upper middle income
MN,MNG,Mongolia,2020,0.1817007,-0.6207183,0.7498288,5.83620477559177,4001.25193077703,3327204,East Asia & Pacific,Upper middle income
MN,MNG,Mongolia,2019,0.1580404,-0.6152153,0.7382926,2.46300068011568,4347.54610314873,3267673,East Asia & Pacific,Upper middle income
MN,MNG,Mongolia,2018,0.1650009,-0.573848799999999,0.7490657,2.79316739093683,4107.64288528468,3208189,East Asia & Pacific,Upper middle income
MN,MNG,Mongolia,2017,0.1974465,-0.5320484,0.716039,7.75507453241401,3645.96708669551,3148917,East Asia & Pacific,Upper middle income
MN,MNG,Mongolia,2016,0.2098394,-0.6103892,0.7157785,3.17409515351423,3619.90026383792,3088856,East Asia & Pacific,Upper middle income
MN,MNG,Mongolia,2015,0.1742773,-0.586661299999999,0.7608377,2.21864333198472,3838.92126989984,3026864,East Asia & Pacific,Upper middle income
MN,MNG,Mongolia,2014,0.1797307,-0.5593028,0.887271,2.82132923537257,4126.23975800524,2963113,East Asia & Pacific,Upper middle income
ME,MNE,Montenegro,2024,0.3909571,-0.0594344,0.3318563,NA,13270.1824401005,623525,Europe & Central Asia,Upper middle income
ME,MNE,Montenegro,2023,0.215248,-0.0680776999999999,0.262079,1.19694330433673,12258.1600477339,623529,Europe & Central Asia,Upper middle income
ME,MNE,Montenegro,2022,0.1804086,-0.0127453999999999,0.0236518,1.62437365343708,10038.1849482517,623591,Europe & Central Asia,Upper middle income
ME,MNE,Montenegro,2021,0.0861181,0.0383454,-0.0332398999999999,2.2567983103226,9315.86435643142,625053,Europe & Central Asia,Upper middle income
ME,MNE,Montenegro,2020,0.0979351,-0.0359882,0.0295754,4.28341745713552,7555.48699036321,626590,Europe & Central Asia,Upper middle income
ME,MNE,Montenegro,2019,0.0915887,-0.0626438,0.1956009,1.74185953194185,8749.25629734676,626753,Europe & Central Asia,Upper middle income
ME,MNE,Montenegro,2018,0.1124884,-0.0848879999999999,0.131692,2.84114816797103,8673.59469069858,626438,Europe & Central Asia,Upper middle income
ME,MNE,Montenegro,2017,0.1672645,-0.1096413,0.0506422,2.40618986258688,7674.2856571219,625982,Europe & Central Asia,Upper middle income
ME,MNE,Montenegro,2016,0.10191,-0.1624556,0.2828464,1.95026792777297,6968.01202883651,625353,Europe & Central Asia,Upper middle income
ME,MNE,Montenegro,2015,0.1963459,-0.1544911,0.2272366,2.43834292279606,6421.00005731419,624651,Europe & Central Asia,Upper middle income
ME,MNE,Montenegro,2014,0.1944069,-0.156991599999999,0.30432940000000003,2.1638873211696,7342.17147363741,623744,Europe & Central Asia,Upper middle income
MA,MAR,Morocco,2024,-0.726704999999999,-0.5186913,-0.4408003,NA,4153.1943359375,38081173,"Middle East, North Africa, Afghanistan & Pakistan",Lower middle income
MA,MAR,Morocco,2023,-0.7258593,-0.5521901,-0.534977199999999,0.536686895809572,3813.72607421875,37712505,"Middle East, North Africa, Afghanistan & Pakistan",Lower middle income
MA,MAR,Morocco,2022,-0.6956057,-0.4879114,-0.492008,1.09524688704206,3463.1376953125,37329064,"Middle East, North Africa, Afghanistan & Pakistan",Lower middle income
MA,MAR,Morocco,2021,-0.696885,-0.4783966,-0.4686437,0.710644111622585,3785.93627929688,36954442,"Middle East, North Africa, Afghanistan & Pakistan",Lower middle income
MA,MAR,Morocco,2020,-0.6956447,-0.408551999999999,-0.409449199999999,1.52210244830714,3268.0302734375,36584208,"Middle East, North Africa, Afghanistan & Pakistan",Lower middle income
MA,MAR,Morocco,2019,-0.6666584,-0.425659399999999,-0.390399499999999,0.592828129335347,3508.09765625,36210898,"Middle East, North Africa, Afghanistan & Pakistan",Lower middle income
MA,MAR,Morocco,2018,-0.6930849,-0.475142299999999,-0.426450799999999,0.652413486101861,3501.69799804688,35839760,"Middle East, North Africa, Afghanistan & Pakistan",Lower middle income
MA,MAR,Morocco,2017,-0.622077099999999,-0.3911459,-0.5065227,2.07998478121315,3296.52661132813,35446392,"Middle East, North Africa, Afghanistan & Pakistan",Lower middle income
MA,MAR,Morocco,2016,-0.5720272,-0.3146541,-0.4710854,1.8743767714641,3140.85546875,35023457,"Middle East, North Africa, Afghanistan & Pakistan",Lower middle income
MA,MAR,Morocco,2015,-0.6459636,-0.352055199999999,-0.4546654,1.39671951053223,3146.24780273438,34607588,"Middle East, North Africa, Afghanistan & Pakistan",Lower middle income
MA,MAR,Morocco,2014,-0.6694114,-0.4165717,-0.4094598,1.91895310437175,3435.40698242188,34204780,"Middle East, North Africa, Afghanistan & Pakistan",Lower middle income
MZ,MOZ,Mozambique,2024,-1.0056256,-1.0618104,-1.7581974,NA,656.976148587772,34631766,Sub-Saharan Africa,Low income
MZ,MOZ,Mozambique,2023,-0.8059008,-0.904286399999999,-1.41840379999999,15.3385065338706,622.191133245967,33635160,Sub-Saharan Africa,Low income
MZ,MOZ,Mozambique,2022,-0.7774109,-0.9013357,-1.3208653,14.7432359146501,578.273222184503,32656246,Sub-Saharan Africa,Low income
MZ,MOZ,Mozambique,2021,-0.78639269999999994,-0.809070699999999,-1.2675269,14.4437331804925,509.907829475551,31707800,Sub-Saharan Africa,Low income
MZ,MOZ,Mozambique,2020,-0.6308138,-0.7627176,-1.34575129999999,18.3358986998219,462.433876479921,30783688,Sub-Saharan Africa,Low income
MZ,MOZ,Mozambique,2019,-0.71209,-0.8757647,-0.8295224,12.092576467105,519.09255091362,29884380,Sub-Saharan Africa,Low income
MZ,MOZ,Mozambique,2018,-0.652033699999999,-0.8725989,-0.798038799999999,12.3794840047796,517.507260258101,29018644,Sub-Saharan Africa,Low income
MZ,MOZ,Mozambique,2017,-0.591888,-0.9645689,-1.06530219999999,14.0170423074241,470.93856305196,28166393,Sub-Saharan Africa,Low income
MZ,MOZ,Mozambique,2016,-0.5790188,-0.991651899999999,-1.2808563,12.9612205859853,441.489734819071,27337105,Sub-Saharan Africa,Low income
MZ,MOZ,Mozambique,2015,-0.405902899999999,-0.8687712,-0.6842917,11.4346704878573,610.563774706589,26547572,Sub-Saharan Africa,Low income
MZ,MOZ,Mozambique,2014,-0.3834841,-0.861341399999999,-0.6196453,11.8472671221558,697.142680444123,25788475,Sub-Saharan Africa,Low income
MM,MMR,Myanmar,2024,-2.12458,-1.2527062,-2.0903985,NA,1359.05001560107,54500091,East Asia & Pacific,Lower middle income
MM,MMR,Myanmar,2023,-1.9995543,-1.11163979999999,-2.2086828,1.75281748999938,1233.19666209269,54133798,East Asia & Pacific,Lower middle income
MM,MMR,Myanmar,2022,-1.8445657,-1.136637,-2.2412758,1.64213121928473,1158.05005034332,53756787,East Asia & Pacific,Lower middle income
MM,MMR,Myanmar,2021,-1.4221985,-0.9391159,-2.09394989999999,2.30907199287479,1242.72134419599,53387102,East Asia & Pacific,Lower middle income
MM,MMR,Myanmar,2020,-0.9104823,-0.6277817,-1.5318775,3.70442473587733,1490.21683548367,53016522,East Asia & Pacific,Lower middle income
MM,MMR,Myanmar,2019,-0.970264199999999,-0.7649935,-1.3625611,2.81510738497529,1425.98954211903,52640713,East Asia & Pacific,Lower middle income
MM,MMR,Myanmar,2018,-1.0234249,-0.7679218,-1.29787299999999,2.59431559555477,1298.21310320785,52272247,East Asia & Pacific,Lower middle income
MM,MMR,Myanmar,2017,-1.067998,-0.7617201,-1.24136,2.41148816400628,1272.82241830603,51894938,East Asia & Pacific,Lower middle income
MM,MMR,Myanmar,2016,-0.942400199999999,-0.854276199999999,-1.01961219999999,2.49239522610567,1229.19713515893,51495696,East Asia & Pacific,Lower middle income
MM,MMR,Myanmar,2015,-1.28193159999999,-1.0035195,-1.123947,2.03219192691644,1166.73305546337,51089056,East Asia & Pacific,Lower middle income
MM,MMR,Myanmar,2014,-1.3409972,-1.0510924,-1.1507422,2.21388317607396,1293.00042298688,50681634,East Asia & Pacific,Lower middle income
NR,NRU,Naoero,2024,0.5990843,0.5049337,1.1047052,NA,14048.163961344,11947,East Asia & Pacific,High income
NR,NRU,Naoero,2023,0.4158201,0.443007,1.0356891,14.544901425659,13602.6372112893,11875,East Asia & Pacific,High income
NR,NRU,Naoero,2022,0.4176347,0.4459534,0.9276426,12.7538537869526,15309.8345351924,11801,East Asia & Pacific,High income
NR,NRU,Naoero,2021,0.4194686,0.4468112,0.7572142,14.2128962039246,12748.1701249353,11709,East Asia & Pacific,High income
NR,NRU,Naoero,2020,0.4250521,0.449309,0.7590998,15.0800817844807,10709.068810538,11643,East Asia & Pacific,High income
NR,NRU,Naoero,2019,0.4258567,0.4480263,0.7595804,30.7054740958881,10801.7705659635,11587,East Asia & Pacific,High income
NR,NRU,Naoero,2018,0.4038603,0.4429214,0.8079535,21.3587923303847,11413.7463016389,11477,East Asia & Pacific,High income
NR,NRU,Naoero,2017,0.7515682,0.4392161,0.8241821,16.8576562101604,9656.97976571484,11324,East Asia & Pacific,High income
NR,NRU,Naoero,2016,0.7528113,0.4413946,1.0101963,16.9795991108242,8748.15632605428,11150,East Asia & Pacific,High income
NR,NRU,Naoero,2015,0.796778,0.4974376,1.0147322,26.8067267129872,7747.25584993607,10954,East Asia & Pacific,High income
NR,NRU,Naoero,2014,0.9347654,-0.242259199999999,1.4041403,18.493741572966,9230.05440328927,10742,East Asia & Pacific,High income
NP,NPL,Nepal,2024,-0.0597655,-0.632602,-0.414613399999999,NA,1460.28237984149,29651054,South Asia,Lower middle income
NP,NPL,Nepal,2023,-0.0530459999999999,-0.629219899999999,-0.312959,2.8244497931494,1382.38300895424,29694614,South Asia,Lower middle income
NP,NPL,Nepal,2022,-0.0989531,-0.652050399999999,-0.3755496,2.89396179836953,1385.91066002922,29715436,South Asia,Lower middle income
NP,NPL,Nepal,2021,-0.1442262,-0.624520499999999,-0.2520173,4.30972174965279,1252.75076731986,29475010,South Asia,Lower middle income
NP,NPL,Nepal,2020,-0.1316182,-0.701156999999999,-0.250305599999999,5.20289798982393,1154.21517578318,28966574,South Asia,Lower middle income
NP,NPL,Nepal,2019,-0.175210099999999,-0.7367895,-0.4056357,3.86096484971829,1203.14294706401,28414064,South Asia,Lower middle income
NP,NPL,Nepal,2018,-0.122376599999999,-0.7384128,-0.495786599999999,4.35776084796642,1179.19843190389,28079689,South Asia,Lower middle income
NP,NPL,Nepal,2017,-0.1836874,-0.781145,-0.5502541,4.33868633780897,1034.28374906846,28011258,South Asia,Lower middle income
NP,NPL,Nepal,2016,-0.2440407,-0.846169499999999,-0.9210801,4.28474652257397,877.256454696737,27955462,South Asia,Lower middle income
NP,NPL,Nepal,2015,-0.32513,-0.830829399999999,-1.0154123,4.95626441382639,875.543635474862,27823629,South Asia,Lower middle income
NP,NPL,Nepal,2014,-0.3204742,-0.8428983,-0.8435975,3.83183174195632,821.455224911731,27672370,South Asia,Lower middle income
NL,NLD,Netherlands,2024,1.6536633,1.9100133,0.4281196,NA,67465.3208126875,17993485,Europe & Central Asia,High income
NL,NLD,Netherlands,2023,1.7002227,1.8837073,0.6084395,NA,63515.6030780019,17877117,Europe & Central Asia,High income
NL,NLD,Netherlands,2022,1.7314051,1.9175777,0.6252296,NA,59123.318556487,17700982,Europe & Central Asia,High income
NL,NLD,Netherlands,2021,1.7227024,2.0280226,0.732977,NA,60141.9880911492,17533044,Europe & Central Asia,High income
NL,NLD,Netherlands,2020,1.8102322,2.0646075,0.7092891,NA,53467.9277413737,17441500,Europe & Central Asia,High income
NL,NLD,Netherlands,2019,1.7262785,1.9497836,0.6985452,NA,53554.9007491475,17344874,Europe & Central Asia,High income
NL,NLD,Netherlands,2018,1.7339629,1.9465556,0.7930988,NA,53955.0770024266,17231624,Europe & Central Asia,High income
NL,NLD,Netherlands,2017,1.7312327,1.8270031,0.7820237,NA,49513.6817346384,17131296,Europe & Central Asia,High income
NL,NLD,Netherlands,2016,1.7861497,1.9077694,0.880799,NA,46808.5291492503,17030314,Europe & Central Asia,High income
NL,NLD,Netherlands,2015,1.7919882,1.8631148,0.9118761,NA,45793.8135434697,16939923,Europe & Central Asia,High income
NL,NLD,Netherlands,2014,1.7156638,1.9485,1.0691945,NA,53457.2234864322,16865008,Europe & Central Asia,High income
NC,NCL,New Caledonia,2024,0.7309295,0.1263751,1.0976197,NA,29213.1923192946,292639,East Asia & Pacific,High income
NC,NCL,New Caledonia,2023,0.7333028,0.1118532,1.1167211,NA,33701.8923322781,289870,East Asia & Pacific,High income
NC,NCL,New Caledonia,2022,0.7376429,0.1269261,1.1152109,NA,33516.363085906,287123,East Asia & Pacific,High income
NC,NCL,New Caledonia,2021,1.0690156,0.1313142,1.1123709,NA,35311.5543551452,285214,East Asia & Pacific,High income
NC,NCL,New Caledonia,2020,1.1809761,NA,1.0443731,NA,33270.330597637,284176,East Asia & Pacific,High income
NC,NCL,New Caledonia,2019,1.0294099,NA,1.0596771,NA,33411.3358835672,283606,East Asia & Pacific,High income
NC,NCL,New Caledonia,2018,0.5184954,NA,0.9953247,NA,34902.8968780031,283541,East Asia & Pacific,High income
NC,NCL,New Caledonia,2017,NA,NA,NA,NA,32354.7102832901,283546,East Asia & Pacific,High income
NC,NCL,New Caledonia,2016,NA,NA,NA,NA,30782.8544433514,283423,East Asia & Pacific,High income
NC,NCL,New Caledonia,2015,NA,NA,NA,NA,30858.7237060533,283168,East Asia & Pacific,High income
NC,NCL,New Caledonia,2014,NA,NA,NA,NA,37816.9558599295,281224,East Asia & Pacific,High income
NZ,NZL,New Zealand,2024,1.6892342,1.9285412,1.1506563,NA,49432.3626396797,5290000,East Asia & Pacific,High income
NZ,NZL,New Zealand,2023,1.7161747,2.0156067,1.2849613,NA,49302.341876493,5200000,East Asia & Pacific,High income
NZ,NZL,New Zealand,2022,1.7403015,2.0822927,1.2327589,NA,49141.6316294227,5081700,East Asia & Pacific,High income
NZ,NZL,New Zealand,2021,1.7410291,2.1244607,1.3569818,NA,49902.154346032,5084600,East Asia & Pacific,High income
NZ,NZL,New Zealand,2020,1.7549282,2.154305,1.4605501,NA,42054.6743136586,5072400,East Asia & Pacific,High income
NZ,NZL,New Zealand,2019,1.748734,2.1526849,1.3883859,NA,42872.2681243427,4970300,East Asia & Pacific,High income
NZ,NZL,New Zealand,2018,1.7394111,2.0940331,1.4448939,NA,43204.1305124872,4900600,East Asia & Pacific,High income
NZ,NZL,New Zealand,2017,1.7721206,2.169806,1.4924848,NA,42912.1537002148,4813600,East Asia & Pacific,High income
NZ,NZL,New Zealand,2016,1.7849243,2.2087113,1.4642557,NA,40088.3205470499,4714100,East Asia & Pacific,High income
NZ,NZL,New Zealand,2015,1.7885444,2.1997554,1.4661127,NA,38648.7302562109,4609400,East Asia & Pacific,High income
NZ,NZL,New Zealand,2014,1.7121664,2.1663289,1.4958227,NA,44599.8992733675,4516500,East Asia & Pacific,High income
NI,NIC,Nicaragua,2024,-1.71577699999999,-1.4326926,-0.0694255,NA,2847.87639497305,6916140,Latin America & Caribbean,Lower middle income
NI,NIC,Nicaragua,2023,-1.53540609999999,-1.25988029999999,-0.0652355999999999,3.42232523645269,2609.44491147975,6823613,Latin America & Caribbean,Lower middle income
NI,NIC,Nicaragua,2022,-1.4677015,-1.2447097,-0.168460299999999,7.80582708403881,2322.89069619459,6730654,Latin America & Caribbean,Lower middle income
NI,NIC,Nicaragua,2021,-1.3557067,-1.237514,-0.4075357,5.60086146316907,2138.38573878237,6644741,Latin America & Caribbean,Lower middle income
NI,NIC,Nicaragua,2020,-1.1904584,-1.1373893,-0.5232726,3.86456355553207,1938.44704754382,6565267,Latin America & Caribbean,Lower middle income
NI,NIC,Nicaragua,2019,-1.189809,-1.2048569,-0.944804499999999,3.17289868414479,1958.62051528095,6483657,Latin America & Caribbean,Lower middle income
NI,NIC,Nicaragua,2018,-1.165448,-1.2181897,-1.1119701,2.85993990149735,2035.16549390507,6400080,Latin America & Caribbean,Lower middle income
NI,NIC,Nicaragua,2017,-0.8526969,-1.0961543,-0.181501599999999,4.30307325060259,2182.61380995674,6316231,Latin America & Caribbean,Lower middle income
NI,NIC,Nicaragua,2016,-0.865717499999999,-1.094141,-0.1674906,3.40644891962685,2131.68704828322,6232666,Latin America & Caribbean,Lower middle income
NI,NIC,Nicaragua,2015,-0.7262708,-1.01658009999999,-0.176230399999999,3.73273899019953,2074.45620634731,6149417,Latin America & Caribbean,Lower middle income
NI,NIC,Nicaragua,2014,-0.620472599999999,-0.9953873,-0.1441664,3.78019242422284,1958.37047579547,6066492,Latin America & Caribbean,Lower middle income
NE,NER,Niger,2024,-0.970673599999999,-0.6169138,-1.7634214,NA,729.856664168989,27032412,Sub-Saharan Africa,Low income
NE,NER,Niger,2023,-0.7681783,-0.517433,-1.65337929999999,7.65577773277455,647.930108509567,26159867,Sub-Saharan Africa,Low income
NE,NER,Niger,2022,-0.552252899999999,-0.5631731,-1.299076,13.3616898475288,613.614736429298,25311973,Sub-Saharan Africa,Low income
NE,NER,Niger,2021,-0.5571309,-0.5632509,-1.4793091,12.2913829577016,609.585703670137,24502140,Sub-Saharan Africa,Low income
NE,NER,Niger,2020,-0.429998999999999,-0.529990899999999,-1.502479,14.366742145094,575.451340306915,23717613,Sub-Saharan Africa,Low income
NE,NER,Niger,2019,-0.526837,-0.43883679999999903,-1.19014889999999,11.073895530322,541.265819870273,22947757,Sub-Saharan Africa,Low income
NE,NER,Niger,2018,-0.5145248,-0.4471908,-1.1906754,9.78716233193479,576.927536415462,22188069,Sub-Saharan Africa,Low income
NE,NER,Niger,2017,-0.4700356,-0.4352048,-1.0412801,10.4052194548435,529.929418934868,21435446,Sub-Saharan Africa,Low income
NE,NER,Niger,2016,-0.4534935,-0.4203841,-0.944319999999999,8.9210369607355,499.910520068193,20685753,Sub-Saharan Africa,Low income
NE,NER,Niger,2015,-0.282134,-0.43071159999999997,-0.7994889,8.55661373821213,485.662574175279,19939498,Sub-Saharan Africa,Low income
NE,NER,Niger,2014,-0.273428799999999,-0.4434815,-0.9806619,8.08507747950925,565.30989731175,19215909,Sub-Saharan Africa,Low income
NG,NGA,Nigeria,2024,-0.726544699999999,-1.1145909,-2.0025616999999998,NA,1084.16041805058,232679478,Sub-Saharan Africa,Lower middle income
NG,NGA,Nigeria,2023,-0.7370051,-1.098731,-1.9559706,0.754836764340585,2138.76383718757,227882945,Sub-Saharan Africa,Lower middle income
NG,NGA,Nigeria,2022,-0.7666744,-1.225087,-1.9526169,0.692637263485384,2899.16047469267,223150896,Sub-Saharan Africa,Lower middle income
NG,NGA,Nigeria,2021,-0.7594776,-1.1909306,-2.0135756,0.587792842023323,2787.48779220991,218529286,Sub-Saharan Africa,Lower middle income
NG,NGA,Nigeria,2020,-0.609245199999999,-1.1178348,-2.0090379,0.568736724694475,2797.184580679,213996181,Sub-Saharan Africa,Lower middle income
NG,NGA,Nigeria,2019,-0.6028496,-1.1258493999999999,-1.97320729999999,0.497166156570358,3189.81286496183,209485641,Sub-Saharan Africa,Lower middle income
NG,NGA,Nigeria,2018,-0.498116799999999,-1.1452871,-1.8854786,0.804720194815591,2057.87944554011,204938755,Sub-Saharan Africa,Lower middle income
NG,NGA,Nigeria,2017,-0.5449969,-1.14439619999999,-1.90978539999999,0.913541680472579,1876.34027111773,200254579,Sub-Saharan Africa,Lower middle income
NG,NGA,Nigeria,2016,-0.582595699999999,-1.0910815,-1.7100665,0.627073734790335,2070.4127339595,195443700,Sub-Saharan Africa,Lower middle income
NG,NGA,Nigeria,2015,-0.5168669,-1.1613946,-1.66777129999999,0.506233816554214,2585.73360671797,190671878,Sub-Saharan Africa,Lower middle income
NG,NGA,Nigeria,2014,-0.6329701,-1.29811949999999,-2.18554969999999,0.446576936763396,3088.72131316169,185896915,Sub-Saharan Africa,Lower middle income
MK,MKD,North Macedonia,2024,0.0737386999999999,-0.3292214,0.1558087,NA,9291.8566035502,1824359,Europe & Central Asia,Upper middle income
MK,MKD,North Macedonia,2023,-0.0011212,-0.3541776,0.2173102,2.75346125633395,8674.35846327485,1827816,Europe & Central Asia,Upper middle income
MK,MKD,North Macedonia,2022,-0.00466449999999999,-0.332673,0.3218511,1.68828382595701,7606.2375253797,1831712,Europe & Central Asia,Upper middle income
MK,MKD,North Macedonia,2021,-0.0157161,-0.3856405,0.0908151,2.53403324240999,7620.80296977508,1837114,Europe & Central Asia,Upper middle income
MK,MKD,North Macedonia,2020,-0.0924122,-0.456976999999999,0.0891281999999999,2.38800508619165,6659.59651070776,1856124,Europe & Central Asia,Upper middle income
MK,MKD,North Macedonia,2019,-0.1170509,-0.460025199999999,0.0391432,1.16863429316816,6718.85826635458,1876262,Europe & Central Asia,Upper middle income
MK,MKD,North Macedonia,2018,-0.1175171,-0.34085719999999903,-0.1184433,1.4017004899327,6713.98925398989,1889051,Europe & Central Asia,Upper middle income
MK,MKD,North Macedonia,2017,-0.2727594,-0.2620741,-0.249481799999999,1.38078889306985,5955.2973863451,1898657,Europe & Central Asia,Upper middle income
MK,MKD,North Macedonia,2016,-0.3081163,-0.295904899999999,-0.3424451,1.64281465111346,5598.48622617967,1906313,Europe & Central Asia,Upper middle income
MK,MKD,North Macedonia,2015,-0.2537076,-0.3062159,-0.2204312,2.19872776022047,5262.68671928674,1912430,Europe & Central Asia,Upper middle income
MK,MKD,North Macedonia,2014,-0.1806253,-0.145443799999999,0.2261526,1.90067498234215,5925.38592218015,1917557,Europe & Central Asia,Upper middle income
NO,NOR,Norway,2024,1.9294246,1.9610085,0.9032646,NA,89888.9535204758,5572279,Europe & Central Asia,High income
NO,NOR,Norway,2023,1.9331357,2.0745237,0.9361906,NA,90984.4087141111,5519601,Europe & Central Asia,High income
NO,NOR,Norway,2022,1.9385647,2.0332101,0.9197731,NA,113122.130765691,5457127,Europe & Central Asia,High income
NO,NOR,Norway,2021,1.9844255,2.070812,1.0721678,NA,96442.5552173002,5408320,Europe & Central Asia,High income
NO,NOR,Norway,2020,1.9557738,2.0836375,1.2049763,NA,71057.5879471399,5379475,Europe & Central Asia,High income
NO,NOR,Norway,2019,1.9498022,2.0603725,1.0766478,NA,79329.3075190012,5347896,Europe & Central Asia,High income
NO,NOR,Norway,2018,1.9573175,2.0857026,1.1115481,NA,85579.0776455494,5311916,Europe & Central Asia,High income
NO,NOR,Norway,2017,1.9306924,2.1682749,1.0956942,NA,78771.2151264554,5276968,Europe & Central Asia,High income
NO,NOR,Norway,2016,1.9140808,2.1206565,1.1454306,NA,73222.4006864905,5234519,Europe & Central Asia,High income
NO,NOR,Norway,2015,1.9139631,2.1755199,1.1710873,NA,77220.9524311414,5188607,Europe & Central Asia,High income
NO,NOR,Norway,2014,1.8437744,2.1311201,1.1999067,NA,100410.020200979,5137232,Europe & Central Asia,High income
OM,OMN,Oman,2024,-0.8876853,0.5072492,0.6272361,NA,20285.2272765262,5281538,"Middle East, North Africa, Afghanistan & Pakistan",High income
OM,OMN,Oman,2023,-0.7690296,0.227724,0.5521576,NA,21027.7384572657,5049269,"Middle East, North Africa, Afghanistan & Pakistan",High income
OM,OMN,Oman,2022,-0.800677299999999,0.0212395,0.4399615,NA,23223.5829405935,4730226,"Middle East, North Africa, Afghanistan & Pakistan",High income
OM,OMN,Oman,2021,-0.7945707,0.0233919,0.3902352,NA,19403.4600160211,4500424,"Middle East, North Africa, Afghanistan & Pakistan",High income
OM,OMN,Oman,2020,-0.687522099999999,0.0239194,0.468834,NA,16784.8630630058,4522497,"Middle East, North Africa, Afghanistan & Pakistan",High income
OM,OMN,Oman,2019,-0.710401,0.1612579,0.5167644,NA,19180.1864152801,4591241,"Middle East, North Africa, Afghanistan & Pakistan",High income
OM,OMN,Oman,2018,-0.6904135,-0.0203366,0.5392522,NA,19901.7615642016,4597877,"Middle East, North Africa, Afghanistan & Pakistan",High income
OM,OMN,Oman,2017,-0.6296881,-0.0211191,0.5468563,NA,17820.0661809335,4537396,"Middle East, North Africa, Afghanistan & Pakistan",High income
OM,OMN,Oman,2016,-0.6219852,-0.020659,0.5065831,NA,17110.1897460545,4390877,"Middle East, North Africa, Afghanistan & Pakistan",High income
OM,OMN,Oman,2015,-0.6424569,-0.0016798,0.6155394,NA,18808.3077921839,4184895,"Middle East, North Africa, Afghanistan & Pakistan",High income
OM,OMN,Oman,2014,-0.705259699999999,0.0116479,0.5698008,NA,23160.6502252547,4002439,"Middle East, North Africa, Afghanistan & Pakistan",High income
PK,PAK,Pakistan,2024,-1.1663298,-1.0656237,-2.0634311,NA,1479.47755241191,251269164,"Middle East, North Africa, Afghanistan & Pakistan",Lower middle income
PK,PAK,Pakistan,2023,-1.0251755,-1.0461855,-1.9403838,1.19777756155236,1360.32417758419,247504495,"Middle East, North Africa, Afghanistan & Pakistan",Lower middle income
PK,PAK,Pakistan,2022,-0.9699194,-0.9459689,-1.7555938,0.468981528185361,1538.3228133171,243700667,"Middle East, North Africa, Afghanistan & Pakistan",Lower middle income
PK,PAK,Pakistan,2021,-0.9211047,-0.906181199999999,-1.6496402,0.849773385600569,1455.31922370186,239477801,"Middle East, North Africa, Afghanistan & Pakistan",Lower middle income
PK,PAK,Pakistan,2020,-0.8727743,-0.9370003,-1.5881564,0.879109699815451,1278.39735206896,235001746,"Middle East, North Africa, Afghanistan & Pakistan",Lower middle income
PK,PAK,Pakistan,2019,-0.9036869,-0.9714617,-1.9293422,0.637588245368665,1390.41690981745,230800899,"Middle East, North Africa, Afghanistan & Pakistan",Lower middle income
PK,PAK,Pakistan,2018,-0.8294349,-0.9640896,-1.9857782,0.395487211787381,1569.33814626355,226928892,"Middle East, North Africa, Afghanistan & Pakistan",Lower middle income
PK,PAK,Pakistan,2017,-0.8186114,-0.935033999999999,-2.2184098,0.707466003418661,1519.23459514248,223273967,"Middle East, North Africa, Afghanistan & Pakistan",Lower middle income
PK,PAK,Pakistan,2016,-0.823811499999999,-0.9729255,-2.3350493,0.960503322690544,1424.69161195897,220138869,"Middle East, North Africa, Afghanistan & Pakistan",Lower middle income
PK,PAK,Pakistan,2015,-0.8331014,-0.981116999999999,-2.4299435,1.27436408375115,1380.47020838317,217290883,"Middle East, North Africa, Afghanistan & Pakistan",Lower middle income
PK,PAK,Pakistan,2014,-0.8714681,-1.0043761,-2.46216149999999,1.35203538752693,1266.61340849959,214264647,"Middle East, North Africa, Afghanistan & Pakistan",Lower middle income
PW,PLW,Palau,2024,1.0369618,0.5049337,1.2387076,NA,18169.0767165866,17695,East Asia & Pacific,High income
PW,PLW,Palau,2023,1.0279492,0.443007,1.2451365,10.371385623246,15578.3497630733,17727,East Asia & Pacific,High income
PW,PLW,Palau,2022,1.0305401,0.4459534,1.2446282,22.2037037573089,13934.951996171,17759,East Asia & Pacific,High income
PW,PLW,Palau,2021,1.0331583,0.4468112,1.1404301,20.1899039370301,13267.4877340719,17783,East Asia & Pacific,High income
PW,PLW,Palau,2020,1.0411302,0.449309,1.1429587,24.9965724306332,14556.30954221,17792,East Asia & Pacific,High income
PW,PLW,Palau,2019,1.0422789,0.4480263,1.1436032,8.91209032545529,15841.8923474548,17798,East Asia & Pacific,High income
PW,PLW,Palau,2018,1.0430933,0.4429214,1.14243,30.1111406758065,16179.877834849,17814,East Asia & Pacific,High income
PW,PLW,Palau,2017,1.0848056,0.4392161,1.1385207,7.79460950282794,16280.241199753,17812,East Asia & Pacific,High income
PW,PLW,Palau,2016,1.0860487,0.4413946,0.951395,6.18884230901895,17043.6660673147,17797,East Asia & Pacific,High income
PW,PLW,Palau,2015,1.0956611,0.4974376,0.9559309,5.15942749905607,15938.3652222848,17770,East Asia & Pacific,High income
PW,PLW,Palau,2014,1.0945132,-0.242259199999999,1.5750282,9.93221243890265,13854.730278013,17715,East Asia & Pacific,High income
PA,PAN,Panama,2024,0.4411062,-0.5541186,0.264681,NA,19161.218843129,4515577,Latin America & Caribbean,High income
PA,PAN,Panama,2023,0.4467096,-0.566951499999999,0.3693808,0.516635193829907,18797.1933894611,4458759,Latin America & Caribbean,High income
PA,PAN,Panama,2022,0.4471573,-0.56292659999999894,0.428471,0.178862151973111,17378.6070083597,4400773,Latin America & Caribbean,High income
PA,PAN,Panama,2021,0.4667899,-0.5235702,0.3538332,0.145991846631003,15509.8069109784,4345405,Latin America & Caribbean,High income
PA,PAN,Panama,2020,0.5176533,-0.5190072,0.3368353,0.263992700855524,13290.5608347594,4293261,Latin America & Caribbean,High income
PA,PAN,Panama,2019,0.5255263,-0.543706599999999,0.399288,0.109465585438672,16477.9066285687,4234700,Latin America & Caribbean,High income
PA,PAN,Panama,2018,0.4994086,-0.5480745,0.364313,0.0631269263928982,16151.3273478476,4167860,Latin America & Caribbean,High income
PA,PAN,Panama,2017,0.4645761,-0.558947899999999,0.457992,0.0689907767580841,15694.6297454295,4098707,Latin America & Caribbean,High income
PA,PAN,Panama,2016,0.4886932,-0.5035567,0.4612991,0.0406529815942433,14832.3611608191,4029086,Latin America & Caribbean,High income
PA,PAN,Panama,2015,0.5022803,-0.424039399999999,0.4833108,0.0195922793427509,14082.6548502728,3960035,Latin America & Caribbean,High income
PA,PAN,Panama,2014,0.4491062,-0.3942406,0.2814967,-0.410547283224367,13213.1989637473,3892101,Latin America & Caribbean,High income
PG,PNG,Papua New Guinea,2024,-0.3264396,-0.7973513,-0.653875,NA,2912.4914068385,10576502,East Asia & Pacific,Lower middle income
PG,PNG,Papua New Guinea,2023,-0.109847699999999,-0.6018212,-0.530809,2.42247328303974,2966.06455045333,10389635,East Asia & Pacific,Lower middle income
PG,PNG,Papua New Guinea,2022,-0.0744077,-0.588226999999999,-0.6856785,2.24062501080942,3102.29409730005,10203169,East Asia & Pacific,Lower middle income
PG,PNG,Papua New Guinea,2021,-0.074268,-0.6567906,-0.747625099999999,4.83892118715707,2607.97769973161,10012896,East Asia & Pacific,Lower middle income
PG,PNG,Papua New Guinea,2020,-0.0509719,-0.5484433,-0.768714799999999,4.57703295424197,2429.61134585269,9815746,East Asia & Pacific,Lower middle income
PG,PNG,Papua New Guinea,2019,-0.0745731,-0.987122899999999,-0.799196999999999,2.82708298289155,2575.77274140393,9609010,East Asia & Pacific,Lower middle income
PG,PNG,Papua New Guinea,2018,-0.0378458,-0.940001,-0.7969145,3.46955478700203,2566.36833735041,9394513,East Asia & Pacific,Lower middle income
PG,PNG,Papua New Guinea,2017,-0.0994270999999999,-0.9946183,-0.8689907,2.45872010716866,2477.76530986323,9178714,East Asia & Pacific,Lower middle income
PG,PNG,Papua New Guinea,2016,-0.104620399999999,-0.984655,-0.757626799999999,2.68281856981382,2316.39479758492,8961718,East Asia & Pacific,Lower middle income
PG,PNG,Papua New Guinea,2015,-0.1841012,-0.9734974,-0.693792299999999,2.91262387876545,2484.5963398603,8743246,East Asia & Pacific,Lower middle income
PG,PNG,Papua New Guinea,2014,-0.18564,-0.9742497,-0.669148299999999,2.55120280526347,2723.17529825196,8523441,East Asia & Pacific,Lower middle income
PY,PRY,Paraguay,2024,-0.1497783,-1.0248859,-0.0738359,NA,6456.60723068562,6929153,Latin America & Caribbean,Upper middle income
PY,PRY,Paraguay,2023,-0.1564693,-1.0149203,0.00238379999999999,0.53842793713928,6303.26495017292,6844146,Latin America & Caribbean,Upper middle income
PY,PRY,Paraguay,2022,-0.190507999999999,-0.953862099999999,-0.0659073999999999,0.24275318179018,6189.10205375331,6760464,Latin America & Caribbean,Upper middle income
PY,PRY,Paraguay,2021,-0.1702578,-0.905500299999999,-0.0550381999999999,0.459378629019648,5974.9057185863,6684182,Latin America & Caribbean,Upper middle income
PY,PRY,Paraguay,2020,-0.121548999999999,-0.8101421,0.0082817,0.893570993908833,5365.47220721191,6603739,Latin America & Caribbean,Upper middle income
PY,PRY,Paraguay,2019,-0.107033999999999,-0.8760395,0.0355269,0.348713167085652,5821.18199548637,6515058,Latin America & Caribbean,Upper middle income
PY,PRY,Paraguay,2018,-0.1065124,-0.8709501,-0.0337829,0.423905411775497,6258.44991640954,6427382,Latin America & Caribbean,Upper middle income
PY,PRY,Paraguay,2017,-0.131242,-0.8291544,-0.0283019999999999,0.379243564664829,6152.26711537703,6338660,Latin America & Caribbean,Upper middle income
PY,PRY,Paraguay,2016,-0.163387099999999,-0.8070807,0.0944783,0.254682582493909,5775.1596339946,6249126,Latin America & Caribbean,Upper middle income
PY,PRY,Paraguay,2015,-0.145595399999999,-0.951100899999999,0.0826536,0.173124913609251,5879.33792308671,6159103,Latin America & Caribbean,Upper middle income
PY,PRY,Paraguay,2014,-0.189373699999999,-0.9760553,0.0107526,0.16088427337425,6652.25478942291,6069811,Latin America & Caribbean,Upper middle income
PE,PER,Peru,2024,0.0455746,-0.7203896,-0.6544223,NA,8526.29665719783,34217848,Latin America & Caribbean,Upper middle income
PE,PER,Peru,2023,0.1478334,-0.6654876,-0.7239502,0.231042589028886,7919.04634828547,33845617,Latin America & Caribbean,Upper middle income
PE,PER,Peru,2022,0.1421732,-0.641561199999999,-0.6566212,0.361979937808375,7353.74598721667,33475438,Latin America & Caribbean,Upper middle income
PE,PER,Peru,2021,0.2154894,-0.509709,-0.334168099999999,0.145927418392202,6828.53422535638,33155882,Latin America & Caribbean,Upper middle income
PE,PER,Peru,2020,0.364213,-0.4980887,-0.2963963,0.249894242963778,6133.32552410183,32838579,Latin America & Caribbean,Upper middle income
PE,PER,Peru,2019,0.3431757,-0.490189,-0.0888854999999999,0.208878560968195,7037.00803692604,32449303,Latin America & Caribbean,Upper middle income
PE,PER,Peru,2018,0.3589581,-0.5877892,-0.1689403,0.213041827484999,6978.49121548627,31897584,Latin America & Caribbean,Upper middle income
PE,PER,Peru,2017,0.313525,-0.593187599999999,-0.2242779,-6.24550660122771e-4,6736.16693725487,31324637,Latin America & Caribbean,Upper middle income
PE,PER,Peru,2016,0.2653854,-0.5112656,-0.1794896,0.174078603076771,6217.03599995447,30866494,Latin America & Caribbean,Upper middle income
PE,PER,Peru,2015,0.2727774,-0.5919962,-0.321351999999999,0.182663691741555,6231.71150338894,30457600,Latin America & Caribbean,Upper middle income
PE,PER,Peru,2014,0.2195209,-0.5816106,-0.4040664,0.171260154775149,6667.13410360861,30115826,Latin America & Caribbean,Upper middle income
PH,PHL,Philippines,2024,-0.3554363,-0.5766165,-0.7741477,NA,3985.29464669706,115843670,East Asia & Pacific,Upper middle income
PH,PHL,Philippines,2023,-0.363659,-0.5690313,-0.709066,0.379972081131524,3804.08274131718,114891199,East Asia & Pacific,Upper middle income
PH,PHL,Philippines,2022,-0.3442518,-0.5774689,-0.899042399999999,0.376911574705654,3548.06930572116,113964338,East Asia & Pacific,Upper middle income
PH,PHL,Philippines,2021,-0.374633899999999,-0.5743865,-1.0935816,0.400624903864076,3484.38593882819,113100950,East Asia & Pacific,Upper middle income
PH,PHL,Philippines,2020,-0.2661611,-0.5392618,-0.9415427,0.374480808619051,3227.57910235199,112081264,East Asia & Pacific,Upper middle income
PH,PHL,Philippines,2019,-0.186875699999999,-0.6111557,-1.0094929,0.213984189835829,3400.78949767074,110804683,East Asia & Pacific,Upper middle income
PH,PHL,Philippines,2018,-0.1655678,-0.6388345,-1.06677739999999,0.142619411483806,3168.51036609727,109465287,East Asia & Pacific,Upper middle income
PH,PHL,Philippines,2017,-0.0946328999999999,-0.636865,-1.2792545,0.044000334670258,3038.12124959289,108119693,East Asia & Pacific,Upper middle income
PH,PHL,Philippines,2016,0.0246542,-0.613111,-1.4376683,0.0801241958930269,2985.19564024046,106735719,East Asia & Pacific,Upper middle income
PH,PHL,Philippines,2015,0.0294154,-0.590425299999999,-0.926818599999999,0.150804657152234,2909.85818010301,105312992,East Asia & Pacific,Upper middle income
PH,PHL,Philippines,2014,0.0760846999999999,-0.5826913,-0.805762,0.204192137960845,2866.83803761407,103767130,East Asia & Pacific,Upper middle income
PL,POL,Poland,2024,0.7521675,0.794073,0.498655,NA,25103.565661423,36559233,Europe & Central Asia,High income
PL,POL,Poland,2023,0.4100224,0.7534838,0.5055901,NA,22145.2660647429,36687353,Europe & Central Asia,High income
PL,POL,Poland,2022,0.375328,0.6673922,0.537484,NA,18891.2121169279,36821749,Europe & Central Asia,High income
PL,POL,Poland,2021,0.369436,0.6869719,0.5651963,NA,18635.5104895754,36981559,Europe & Central Asia,High income
PL,POL,Poland,2020,0.4872989,0.7442004,0.5545247,NA,16150.9304813473,37515748,Europe & Central Asia,High income
PL,POL,Poland,2019,0.5057092,0.7162582,0.6735951,NA,15874.5220531254,37965475,Europe & Central Asia,High income
PL,POL,Poland,2018,0.5419408,0.776821,0.630199,NA,15658.210586693,37974750,Europe & Central Asia,High income
PL,POL,Poland,2017,0.6803648,0.8294474,0.6020499,NA,13913.3415190124,37974826,Europe & Central Asia,High income
PL,POL,Poland,2016,0.8683932,0.8706559,0.5712287,NA,12464.0121044827,37970087,Europe & Central Asia,High income
PL,POL,Poland,2015,0.9924822,0.8356935,1.0637346,NA,12637.5220324406,37986412,Europe & Central Asia,High income
PL,POL,Poland,2014,1.0672929,0.773833,1.0543362,NA,14262.2841914116,38011735,Europe & Central Asia,High income
PT,PRT,Portugal,2024,1.2651386,0.8241683,0.536927,NA,29328.3067415343,10694681,Europe & Central Asia,High income
PT,PRT,Portugal,2023,1.3110945,0.7848198,0.7890296,NA,27634.6183139773,10578174,Europe & Central Asia,High income
PT,PRT,Portugal,2022,1.3064618,0.7860609,0.8869409,NA,24620.5197587181,10434332,Europe & Central Asia,High income
PT,PRT,Portugal,2021,1.3627614,0.8188182,0.9584396,NA,24711.4510062111,10361831,Europe & Central Asia,High income
PT,PRT,Portugal,2020,1.3776424,0.795911,0.9830461,NA,22299.4044062173,10297081,Europe & Central Asia,High income
PT,PRT,Portugal,2019,1.2118026,0.7971215,0.9941251,NA,23343.3628970034,10286263,Europe & Central Asia,High income
PT,PRT,Portugal,2018,1.2376429,0.803067,1.0917404,NA,23541.1401075289,10283822,Europe & Central Asia,High income
PT,PRT,Portugal,2017,1.3116648,0.8191801,1.054818,NA,21442.3842768879,10300300,Europe & Central Asia,High income
PT,PRT,Portugal,2016,1.3088566,0.7134054,0.9588082,NA,19980.2808866516,10325452,Europe & Central Asia,High income
PT,PRT,Portugal,2015,1.3008189,0.7238455,1.0004341,NA,19215.7813014347,10358076,Europe & Central Asia,High income
PT,PRT,Portugal,2014,1.2765908,0.6840178,0.9403714,NA,22120.6850127107,10401062,Europe & Central Asia,High income
PR,PRI,Puerto Rico (US),2024,0.3782154,0.3976986,0.4382506,NA,39353.2242360643,3202521,Latin America & Caribbean,High income
PR,PRI,Puerto Rico (US),2023,0.3482392,0.3527223,0.2902359,NA,36980.7653928068,3203794,Latin America & Caribbean,High income
PR,PRI,Puerto Rico (US),2022,0.424423,0.4768446,0.3070682,NA,35353.5613891039,3220148,Latin America & Caribbean,High income
PR,PRI,Puerto Rico (US),2021,0.6433907,0.5017099,0.4249881,NA,32618.8705106244,3262731,Latin America & Caribbean,High income
PR,PRI,Puerto Rico (US),2020,0.6491803,0.2833466,0.3722414,NA,31427.1034994916,3281591,Latin America & Caribbean,High income
PR,PRI,Puerto Rico (US),2019,0.6500146,0.2828827,0.1081481,NA,31830.5284993358,3302691,Latin America & Caribbean,High income
PR,PRI,Puerto Rico (US),2018,0.8595092,0.2420261,0.3034965,NA,30679.9181934488,3290690,Latin America & Caribbean,High income
PR,PRI,Puerto Rico (US),2017,0.8397526,0.2407217,0.4048918,NA,30328.479490518,3410837,Latin America & Caribbean,High income
PR,PRI,Puerto Rico (US),2016,0.7744702,0.2525954,0.4983548,NA,29978.0889268918,3480432,Latin America & Caribbean,High income
PR,PRI,Puerto Rico (US),2015,0.7750991,0.2515234,0.642722,NA,29242.041465085,3535167,Latin America & Caribbean,High income
PR,PRI,Puerto Rico (US),2014,0.7815731,0.4739515,0.6356965,NA,28576.0988023209,3585017,Latin America & Caribbean,High income
QA,QAT,Qatar,2024,-0.9543765,0.7548293,0.9511752,NA,75685.0865779973,2857822,"Middle East, North Africa, Afghanistan & Pakistan",High income
QA,QAT,Qatar,2023,-0.928950699999999,0.7757739,1.0147153,NA,80195.8746508549,2656032,"Middle East, North Africa, Afghanistan & Pakistan",High income
QA,QAT,Qatar,2022,-0.8587247,0.8197673,0.9163182,NA,88701.463352273,2657333,"Middle East, North Africa, Afghanistan & Pakistan",High income
QA,QAT,Qatar,2021,-0.883610399999999,0.8394432,0.9259515,NA,71751.8831257169,2504910,"Middle East, North Africa, Afghanistan & Pakistan",High income
QA,QAT,Qatar,2020,-1.1940237,0.8746817,0.8905079,NA,51683.5054376677,2794148,"Middle East, North Africa, Afghanistan & Pakistan",High income
QA,QAT,Qatar,2019,-1.19130659999999,0.8776184,0.882266,NA,66841.3013484919,2638657,"Middle East, North Africa, Afghanistan & Pakistan",High income
QA,QAT,Qatar,2018,-1.1879488,0.7493739,0.8707185,NA,71039.8490579352,2580734,"Middle East, North Africa, Afghanistan & Pakistan",High income
QA,QAT,Qatar,2017,-0.9534938,0.7457912,0.8357284,NA,63279.8556949332,2545820,"Middle East, North Africa, Afghanistan & Pakistan",High income
QA,QAT,Qatar,2016,-0.854911099999999,0.8601436,0.8292355,NA,61253.6375482797,2477113,"Middle East, North Africa, Afghanistan & Pakistan",High income
QA,QAT,Qatar,2015,-0.813898999999999,0.8450167,0.9673463,NA,68985.2946961507,2344557,"Middle East, North Africa, Afghanistan & Pakistan",High income
QA,QAT,Qatar,2014,-0.808237299999999,0.8617689,1.1056965,NA,95840.6310094498,2151745,"Middle East, North Africa, Afghanistan & Pakistan",High income
RO,ROU,Romania,2024,0.3873603,0.0259732,0.1588848,NA,20080.2096215595,19051804,Europe & Central Asia,High income
RO,ROU,Romania,2023,0.4976458,0.0314923,0.4983587,NA,18244.4186876321,19061062,Europe & Central Asia,High income
RO,ROU,Romania,2022,0.5210735,0.0662149,0.5499041,NA,15503.4691366242,19048502,Europe & Central Asia,High income
RO,ROU,Romania,2021,0.542915,0.0096051,0.6671952,NA,14908.0412813921,19122059,Europe & Central Asia,High income
RO,ROU,Romania,2020,0.5461748,-0.0497221,0.6180826,NA,13009.1525348396,19265250,Europe & Central Asia,High income
RO,ROU,Romania,2019,0.491677,-0.1199219,0.64527,NA,12909.6104013244,19371648,Europe & Central Asia,High income
RO,ROU,Romania,2018,0.4386647,-0.168955,0.1435505,NA,12416.134317959,19473970,Europe & Central Asia,High income
RO,ROU,Romania,2017,0.4982553,-0.0489883999999999,0.1382404,NA,10727.9822007426,19588715,Europe & Central Asia,High income
RO,ROU,Romania,2016,0.5372858,-0.0698652,0.3246759,NA,9404.54005870715,19702267,Europe & Central Asia,High income
RO,ROU,Romania,2015,0.5325813,-0.0980376999999999,0.3468551,NA,8977.01748158196,19815616,Europe & Central Asia,High income
RO,ROU,Romania,2014,0.4298763,-0.2306942,0.2061238,NA,10031.7710755404,19908979,Europe & Central Asia,High income
RU,RUS,Russian Federation,2024,-1.4221754,-0.8911386,-0.903284699999999,NA,14961.8974609375,143669648,Europe & Central Asia,High income
RU,RUS,Russian Federation,2023,-1.3110562,-0.8877345,-0.8184163,NA,13986.9951171875,143826130,Europe & Central Asia,High income
RU,RUS,Russian Federation,2022,-1.16496089999999,-0.772806099999999,-0.740939599999999,NA,15625.6328125,144236933,Europe & Central Asia,High income
RU,RUS,Russian Federation,2021,-0.9937267,-0.7788442,-0.5061895,NA,12425.029296875,144746762,Europe & Central Asia,High income
RU,RUS,Russian Federation,2020,-0.9044002,-0.7746533,-0.5068977,NA,10108.3271484375,145245148,Europe & Central Asia,High income
RU,RUS,Russian Federation,2019,-0.921051699999999,-0.7696119,-0.3986491,NA,11447.701171875,145453291,Europe & Central Asia,High income
RU,RUS,Russian Federation,2018,-0.7832809,-0.888736499999999,-0.3681038,NA,11211.8876953125,145398106,Europe & Central Asia,High income
RU,RUS,Russian Federation,2017,-0.7636404,-0.9134357,-0.5386198,NA,10658.9130859375,145293260,Europe & Central Asia,High income
RU,RUS,Russian Federation,2016,-0.7853492,-0.8264543,-0.7684605,NA,8663.158203125,145015460,Europe & Central Asia,High income
RU,RUS,Russian Federation,2015,-0.809146599999999,-0.913436199999999,-0.7905888,NA,9277.7138671875,144640716,Europe & Central Asia,High income
RU,RUS,Russian Federation,2014,-0.795428399999999,-0.887628899999999,-0.6996599,NA,14055.47265625,144237223,Europe & Central Asia,High income
RW,RWA,Rwanda,2024,-0.5889127,0.6254936,-0.0436888999999999,NA,1059.93709298801,14256567,Sub-Saharan Africa,Low income
RW,RWA,Rwanda,2023,-0.527114899999999,0.6808504,0.0380223,9.54767839593419,1061.05788154076,13954471,Sub-Saharan Africa,Low income
RW,RWA,Rwanda,2022,-0.542473099999999,0.5279544,0.0294569,7.96362951197813,1007.05989322914,13651030,Sub-Saharan Africa,Low income
RW,RWA,Rwanda,2021,-0.5382498,0.4694992,0.115233,12.0208015196493,842.581492947672,13355260,Sub-Saharan Africa,Low income
RW,RWA,Rwanda,2020,-0.7112164,0.5134655,0.1600853,15.8086363411585,802.638686936204,13065837,Sub-Saharan Africa,Low income
RW,RWA,Rwanda,2019,-0.7025827,0.4520132,0.121607,11.4730960539501,823.355304065304,12776103,Sub-Saharan Africa,Low income
RW,RWA,Rwanda,2018,-0.7281791,0.4362084,0.1598446,12.0319276358316,772.754982959354,12487996,Sub-Saharan Africa,Low income
RW,RWA,Rwanda,2017,-0.7978938,0.5061897,0.094453,13.8773674717453,751.049039527547,12202060,Sub-Saharan Africa,Low income
RW,RWA,Rwanda,2016,-0.819612999999999,0.5807531,-0.0457773,13.7641929151076,721.258515833094,11919183,Sub-Saharan Africa,Low income
RW,RWA,Rwanda,2015,-0.806716099999999,0.5000821,0.098663599999999907,13.1461500203805,725.691418696952,11640022,Sub-Saharan Africa,Low income
RW,RWA,Rwanda,2014,-0.8046126,0.4896227,-0.1267104,13.0337587727144,715.36808783393,11364757,Sub-Saharan Africa,Low income
WS,WSM,Samoa,2024,0.8878885,0.6881137,1.2384523,NA,5392.87761915762,218019,East Asia & Pacific,Upper middle income
WS,WSM,Samoa,2023,1.0723236,0.8188682,1.2435234,11.3409859385263,4822.74084650019,216663,East Asia & Pacific,Upper middle income
WS,WSM,Samoa,2022,1.0897941,0.7661609,1.2343417,14.7401480833018,4132.44717734444,215261,East Asia & Pacific,Upper middle income
WS,WSM,Samoa,2021,0.8153309,0.7667536,1.1396511,10.1604899595608,4021.55934894283,213779,East Asia & Pacific,Upper middle income
WS,WSM,Samoa,2020,0.8745935,0.8109135,1.1753028,19.9605864722959,4099.59660548583,211944,East Asia & Pacific,Upper middle income
WS,WSM,Samoa,2019,0.8423647,0.6220257,1.1468478,14.2371527072521,4351.94234943706,209780,East Asia & Pacific,Upper middle income
WS,WSM,Samoa,2018,0.7779725,0.618417,0.9953036,15.0831962737277,4231.81409469194,207582,East Asia & Pacific,Upper middle income
WS,WSM,Samoa,2017,0.4622821,0.6157976,1.0690453,15.8597255998171,4307.59381964907,205415,East Asia & Pacific,Upper middle income
WS,WSM,Samoa,2016,0.4647569,0.1887409,1.0686461,10.7408203595479,4147.07097674888,203499,East Asia & Pacific,Upper middle income
WS,WSM,Samoa,2015,0.4252301,0.1792839,1.071904,11.6017151369859,4084.36083819933,201782,East Asia & Pacific,Upper middle income
WS,WSM,Samoa,2014,0.4071675,0.1770585,1.0732124,12.2561655203972,3982.68080202084,200037,East Asia & Pacific,Upper middle income
SM,SMR,San Marino,2024,1.2458759,1.1762344,1.3727102,NA,NA,33977,Europe & Central Asia,High income
SM,SMR,San Marino,2023,1.2472939,1.1733125,1.3791391,NA,59871.3288101478,33860,Europe & Central Asia,High income
SM,SMR,San Marino,2022,1.2498873,1.1763452,1.3786309,NA,54264.5837022908,33755,Europe & Central Asia,High income
SM,SMR,San Marino,2021,1.1502395,1.1772281,1.2044193,NA,54168.9744311193,34252,Europe & Central Asia,High income
SM,SMR,San Marino,2020,1.158219,1.1797991,1.2062355,NA,44426.6259613672,34770,Europe & Central Asia,High income
SM,SMR,San Marino,2019,1.1593688,1.1784788,1.2066984,NA,46626.9998571568,34663,Europe & Central Asia,High income
SM,SMR,San Marino,2018,1.1601839,1.1732244,1.3290002,NA,47950.7076296808,34522,Europe & Central Asia,High income
SM,SMR,San Marino,2017,1.1858512,1.1694105,1.3250909,NA,45192.0530047599,33825,Europe & Central Asia,High income
SM,SMR,San Marino,2016,1.1870952,1.1716528,1.3245352,NA,44359.4574206971,33101,Europe & Central Asia,High income
SM,SMR,San Marino,2015,1.2727572,1.1685187,1.3290711,NA,43146.8035302005,32897,Europe & Central Asia,High income
SM,SMR,San Marino,2014,1.2716085,NA,1.5750282,NA,51260.4804236805,32655,Europe & Central Asia,High income
ST,STP,Sao Tome and Principe,2024,0.1647038,0.1841644,0.4890127,NA,3502.6176807171,235536,Sub-Saharan Africa,Lower middle income
ST,STP,Sao Tome and Principe,2023,0.1185496,0.1218554,0.6193032,11.509292193909,2990.6606143535,230871,Sub-Saharan Africa,Lower middle income
ST,STP,Sao Tome and Principe,2022,0.1308055,0.1448531,0.4930734,8.60217759477344,2389.73729784737,226305,Sub-Saharan Africa,Lower middle income
ST,STP,Sao Tome and Principe,2021,0.137464,0.1620477,0.6052679,13.8454686632253,2362.58827248102,221961,Sub-Saharan Africa,Lower middle income
ST,STP,Sao Tome and Principe,2020,0.1130392,0.0892524,0.4748721,19.562147795527,2167.22001796925,217435,Sub-Saharan Africa,Lower middle income
ST,STP,Sao Tome and Principe,2019,0.1673346,0.1759771,0.5232443,12.5636724100504,1935.2931816596,213392,Sub-Saharan Africa,Lower middle income
ST,STP,Sao Tome and Principe,2018,0.1570563,0.1565474,0.4666013,13.5337042493925,1825.59971753966,210187,Sub-Saharan Africa,Lower middle income
ST,STP,Sao Tome and Principe,2017,0.1151681,0.0961283999999999,0.2145007,12.5127348678618,1555.79477812888,206970,Sub-Saharan Africa,Lower middle income
ST,STP,Sao Tome and Principe,2016,0.1153477,-0.1169146,0.2641856,15.9382629048394,1434.87018050521,203689,Sub-Saharan Africa,Lower middle income
ST,STP,Sao Tome and Principe,2015,0.1862958,-0.0797689999999999,0.3792166,18.6093632341087,1298.10946596396,200291,Sub-Saharan Africa,Lower middle income
ST,STP,Sao Tome and Principe,2014,0.2197118,-0.0806894,0.4791965,13.7351886070519,1489.67633417608,196767,Sub-Saharan Africa,Lower middle income
SA,SAU,Saudi Arabia,2024,-1.5472609,0.7528275,-0.048171,NA,35527.786181866,35300280,"Middle East, North Africa, Afghanistan & Pakistan",High income
SA,SAU,Saudi Arabia,2023,-1.562289,0.476953,-0.2452065,NA,36156.8562500172,33702731,"Middle East, North Africa, Afghanistan & Pakistan",High income
SA,SAU,Saudi Arabia,2022,-1.51087979999999,0.2767396,-0.3617761,NA,38510.2276211037,32175224,"Middle East, North Africa, Afghanistan & Pakistan",High income
SA,SAU,Saudi Arabia,2021,-1.5214302,0.23652309999999999,-0.4672131,NA,31920.7653655643,30784383,"Middle East, North Africa, Afghanistan & Pakistan",High income
SA,SAU,Saudi Arabia,2020,-1.54441529999999,0.32153,-0.5528267,NA,24338.8307301067,31552510,"Middle East, North Africa, Afghanistan & Pakistan",High income
SA,SAU,Saudi Arabia,2019,-1.52853169999999,0.2130276,-0.5528727,NA,29566.7933827436,30063799,"Middle East, North Africa, Afghanistan & Pakistan",High income
SA,SAU,Saudi Arabia,2018,-1.6111073,0.1556309,-0.5983975,NA,29360.0658968566,30196281,"Middle East, North Africa, Afghanistan & Pakistan",High income
SA,SAU,Saudi Arabia,2017,-1.62284839999999,0.1100011,-0.667506399999999,NA,23929.2907135982,30977355,"Middle East, North Africa, Afghanistan & Pakistan",High income
SA,SAU,Saudi Arabia,2016,-1.59435179999999,0.1203849,-0.5059085,NA,22267.7217050387,30954198,"Middle East, North Africa, Afghanistan & Pakistan",High income
SA,SAU,Saudi Arabia,2015,-1.585512,-0.140992099999999,-0.4683535,NA,23256.1549553531,29816382,"Middle East, North Africa, Afghanistan & Pakistan",High income
SA,SAU,Saudi Arabia,2014,-1.75687969999999,-0.2508778,-0.308626499999999,NA,27805.4850319422,28309273,"Middle East, North Africa, Afghanistan & Pakistan",High income
SN,SEN,Senegal,2024,0.0160801,0.1130413,-0.228555999999999,NA,1738.73223822106,18501984,Sub-Saharan Africa,Lower middle income
SN,SEN,Senegal,2023,-0.0061603,0.0381077,-0.1534325,6.29467036022765,1698.03387300843,18077573,Sub-Saharan Africa,Lower middle income
SN,SEN,Senegal,2022,0.0142739,0.0169424,-0.2028622,5.40970410938915,1574.0281059306,17651103,Sub-Saharan Africa,Lower middle income
SN,SEN,Senegal,2021,0.0312057,0.0360917,-0.1040585,5.17813165897132,1598.10676952274,17220867,Sub-Saharan Africa,Lower middle income
SN,SEN,Senegal,2020,0.0435201,-0.0155587,-0.0271012,6.7393493746981,1461.08720350553,16789219,Sub-Saharan Africa,Lower middle income
SN,SEN,Senegal,2019,0.0547521,-3.28699999999999e-4,0.0630715999999999,6.3267140191711,1431.18128932159,16352922,Sub-Saharan Africa,Lower middle income
SN,SEN,Senegal,2018,0.0870299,0.0271111,-0.1420966,4.43699086589225,1452.55612562445,15914498,Sub-Saharan Africa,Lower middle income
SN,SEN,Senegal,2017,0.0625102,-0.0177432,-0.1422197,4.45653471958166,1354.77007193387,15475002,Sub-Saharan Africa,Lower middle income
SN,SEN,Senegal,2016,0.1721576,0.0315258,-0.222101599999999,3.94332143243649,1266.43957151587,15034521,Sub-Saharan Africa,Lower middle income
SN,SEN,Senegal,2015,0.1225947,0.0806390999999999,-0.0746024,5.00138793527759,1218.00613555438,14593331,Sub-Saharan Africa,Lower middle income
SN,SEN,Senegal,2014,0.0533404,0.03561,-0.0890915999999999,5.70909755676307,1398.89137601382,14152102,Sub-Saharan Africa,Lower middle income
RS,SRB,Serbia,2024,-0.4658584,-0.5608287,-0.168638999999999,NA,13677.7794863909,6586476,Europe & Central Asia,Upper middle income
RS,SRB,Serbia,2023,-0.3760322,-0.501692,0.0879568999999999,0.749898051489786,12281.707946167,6623183,Europe & Central Asia,Upper middle income
RS,SRB,Serbia,2022,-0.2834019,-0.484904899999999,-0.0525867,0.803437270419767,10024.8191112596,6664449,Europe & Central Asia,Upper middle income
RS,SRB,Serbia,2021,-0.2621982,-0.4707878,-0.0436914,0.83842238985912,9680.52798074468,6834326,Europe & Central Asia,Upper middle income
RS,SRB,Serbia,2020,-0.1971568,-0.3682278,-0.0681568,0.902053707675581,8098.70955668849,6899126,Europe & Central Asia,Upper middle income
RS,SRB,Serbia,2019,-0.1847773,-0.3635548,0.0620767,1.10615195790582,7755.632986437,6945235,Europe & Central Asia,Upper middle income
RS,SRB,Serbia,2018,-0.179080699999999,-0.386952199999999,0.1163728,2.13124600902687,7559.86165747394,6982604,Europe & Central Asia,Upper middle income
RS,SRB,Serbia,2017,-0.0274908,-0.408215599999999,0.1168497,3.91559935517745,6548.03653824187,7020858,Europe & Central Asia,Upper middle income
RS,SRB,Serbia,2016,0.1008581,-0.3507415,0.1629002,1.58414154827877,5982.37030126471,7058322,Europe & Central Asia,Upper middle income
RS,SRB,Serbia,2015,0.1127889,-0.3238735,0.2787874,0.791939226797719,5820.3215576888,7095383,Europe & Central Asia,Upper middle income
RS,SRB,Serbia,2014,0.125625,-0.2208569,0.1732464,0.775456189654093,6886.67809068704,7131787,Europe & Central Asia,Upper middle income
SC,SYC,Seychelles,2024,0.6343652,1.2307957,0.9164443,NA,18364.5259678223,121354,Sub-Saharan Africa,High income
SC,SYC,Seychelles,2023,0.6358143,1.151735,0.9207856,NA,18130.5297135548,119773,Sub-Saharan Africa,High income
SC,SYC,Seychelles,2022,0.6695352,1.1495314,0.8411889,NA,16682.6990711785,119878,Sub-Saharan Africa,High income
SC,SYC,Seychelles,2021,0.6802368,1.1441374,0.7262104,NA,14982.9111487767,99258,Sub-Saharan Africa,High income
SC,SYC,Seychelles,2020,0.6013803,1.1448063,0.727409,NA,14041.4754074575,98462,Sub-Saharan Africa,High income
SC,SYC,Seychelles,2019,0.3516215,1.0734136,0.6921848,NA,19141.5118743615,97625,Sub-Saharan Africa,High income
SC,SYC,Seychelles,2018,0.3385322,0.8163729,0.7800693,NA,18440.2340460932,96762,Sub-Saharan Africa,High income
SC,SYC,Seychelles,2017,0.2947312,0.7220791,0.813523,1.03692016576786,17480.3651911372,95843,Sub-Saharan Africa,High income
SC,SYC,Seychelles,2016,0.30353019999999997,0.9114965,0.7625994,0.397340299992192,16566.9946042294,94677,Sub-Saharan Africa,High income
SC,SYC,Seychelles,2015,0.2346279,0.9238577,0.7647495,0.502683940305945,15333.1051727105,93419,Sub-Saharan Africa,High income
SC,SYC,Seychelles,2014,0.072685,0.4713108,0.4579186,0.923416193399686,15188.1902175113,91359,Sub-Saharan Africa,High income
SL,SLE,Sierra Leone,2024,-0.5129398,-0.702284199999999,-0.4501536,NA,806.654650274255,8642022,Sub-Saharan Africa,Low income
SL,SLE,Sierra Leone,2023,-0.465683399999999,-0.568678999999999,-0.5558929,7.82473378380428,758.329137301888,8460512,Sub-Saharan Africa,Low income
SL,SLE,Sierra Leone,2022,-0.306625,-0.5533309,-0.265426899999999,7.36292863483497,860.371067874555,8276807,Sub-Saharan Africa,Low income
SL,SLE,Sierra Leone,2021,-0.279553999999999,-0.478002999999999,-0.2367225,10.0239856074758,885.396401613729,8094602,Sub-Saharan Africa,Low income
SL,SLE,Sierra Leone,2020,-0.2710645,-0.4611415,-0.366900299999999,12.6452159617628,845.277558236182,7912558,Sub-Saharan Africa,Low income
SL,SLE,Sierra Leone,2019,-0.319340399999999,-0.512898499999999,-0.1611098,8.78677408135389,843.71251730417,7731991,Sub-Saharan Africa,Low income
SL,SLE,Sierra Leone,2018,-0.272627,-0.5315771,-0.2065515,8.03817837830715,845.914540460932,7554563,Sub-Saharan Africa,Low income
SL,SLE,Sierra Leone,2017,-0.374755,-0.6651075,-0.1470976,9.57703088012174,779.186007841728,7379299,Sub-Saharan Africa,Low income
SL,SLE,Sierra Leone,2016,-0.376579999999999,-0.826636199999999,-0.2703676,11.5759003967371,844.416411175476,7205328,Sub-Saharan Africa,Low income
SL,SLE,Sierra Leone,2015,-0.371987299999999,-0.7988086,-0.0242965,14.1851966613903,964.575980888989,7037655,Sub-Saharan Africa,Low income
SL,SLE,Sierra Leone,2014,-0.3024332,-0.8422333,-0.1346918,12.5121425142911,1117.7586465721,6876385,Sub-Saharan Africa,Low income
SG,SGP,Singapore,2024,0.0382996,1.9681221,1.2318778,NA,94896.5621495988,6036860,East Asia & Pacific,High income
SG,SGP,Singapore,2023,0.0695153999999999,1.9240956,1.2040374,NA,86382.5900499252,5917648,East Asia & Pacific,High income
SG,SGP,Singapore,2022,0.1532996,2.0329943,1.164789,NA,91227.6970426492,5637022,East Asia & Pacific,High income
SG,SGP,Singapore,2021,0.1598961,2.0800635,1.2816641,NA,80884.8565369236,5453566,East Asia & Pacific,High income
SG,SGP,Singapore,2020,0.1525296,2.1272918,1.2855556,NA,61772.5036492256,5685807,East Asia & Pacific,High income
SG,SGP,Singapore,2019,0.1894806,2.1188705,1.2580714,NA,66068.7003106378,5703569,East Asia & Pacific,High income
SG,SGP,Singapore,2018,0.2449759,2.1254362,1.2994328,NA,67032.8225769734,5638676,East Asia & Pacific,High income
SG,SGP,Singapore,2017,0.2550722,2.1125052,1.3859813,NA,61436.1325502558,5612253,East Asia & Pacific,High income
SG,SGP,Singapore,2016,0.3450853,2.1044197,1.2788614,NA,57204.0340105222,5607283,East Asia & Pacific,High income
SG,SGP,Singapore,2015,0.3248838,2.0799858,1.1123429,NA,55645.6068614606,5535002,East Asia & Pacific,High income
SG,SGP,Singapore,2014,0.3198239,2.0560463,1.0665318,NA,57564.8023114977,5469724,East Asia & Pacific,High income
SK,SVK,Slovak Republic,2024,0.9301839,0.1108201,0.6343713,NA,25992.6748502048,5422069,Europe & Central Asia,High income
SK,SVK,Slovak Republic,2023,0.972897,0.3846188,0.5856273,NA,24614.8734642794,5426740,Europe & Central Asia,High income
SK,SVK,Slovak Republic,2022,0.9497804,0.3774853,0.5294743,NA,21317.7943982363,5431752,Europe & Central Asia,High income
SK,SVK,Slovak Republic,2021,0.9886718,0.3575001,0.5857562,NA,22123.3342114545,5447247,Europe & Central Asia,High income
SK,SVK,Slovak Republic,2020,0.9881907,0.4197316,0.6167177,NA,19735.4858280801,5458827,Europe & Central Asia,High income
SK,SVK,Slovak Republic,2019,0.8762439,0.2499712,0.6744971,NA,19406.0589683582,5454147,Europe & Central Asia,High income
SK,SVK,Slovak Republic,2018,0.7278694,0.26406,0.7129564,NA,19573.3717031314,5446771,Europe & Central Asia,High income
SK,SVK,Slovak Republic,2017,0.8412265,0.2266169,0.8542516,NA,17645.5298716761,5439232,Europe & Central Asia,High income
SK,SVK,Slovak Republic,2016,0.9270088,0.2841166,0.7354497,NA,16636.0769133073,5430798,Europe & Central Asia,High income
SK,SVK,Slovak Republic,2015,0.925632,0.192681,0.944233,NA,16442.0760860018,5423801,Europe & Central Asia,High income
SK,SVK,Slovak Republic,2014,0.9282831,0.1860971,1.1421663,NA,18770.9289896545,5418649,Europe & Central Asia,High income
SI,SVN,Slovenia,2024,1.0571494,0.6743495,0.7209146,NA,34301.0318686594,2127400,Europe & Central Asia,High income
SI,SVN,Slovenia,2023,1.0261192,0.6814999,0.8589449,NA,32660.4753581346,2120461,Europe & Central Asia,High income
SI,SVN,Slovenia,2022,0.9757445,0.7480799,0.7749516,NA,28360.3041467268,2112076,Europe & Central Asia,High income
SI,SVN,Slovenia,2021,0.9366208,0.6986582,0.7356372,NA,29192.8401933019,2108079,Europe & Central Asia,High income
SI,SVN,Slovenia,2020,1.0295399,0.7760206,0.7478672,NA,25392.0651093612,2102419,Europe & Central Asia,High income
SI,SVN,Slovenia,2019,1.0296095,0.848482,0.9481029,NA,25814.1687167572,2088385,Europe & Central Asia,High income
SI,SVN,Slovenia,2018,0.873193,0.819582,0.9840178,NA,25888.0481065655,2073894,Europe & Central Asia,High income
SI,SVN,Slovenia,2017,0.9164126,0.7942102,0.9455099,NA,23303.077705959,2066388,Europe & Central Asia,High income
SI,SVN,Slovenia,2016,0.9044433,0.7620923,1.0204175,NA,21447.8377796036,2065042,Europe & Central Asia,High income
SI,SVN,Slovenia,2015,0.8823261,0.6575394,1.0294179,NA,20697.2748530619,2063531,Europe & Central Asia,High income
SI,SVN,Slovenia,2014,0.8383034,0.6036712,1.054531,NA,24013.0682060959,2061980,Europe & Central Asia,High income
SB,SLB,Solomon Islands,2024,0.3267325,-0.1401036,0.7499116,NA,1933.55538435227,819198,East Asia & Pacific,Lower middle income
SB,SLB,Solomon Islands,2023,0.2523343,-0.1764808,0.7318958,15.9122070193485,1882.64394148042,800005,East Asia & Pacific,Lower middle income
SB,SLB,Solomon Islands,2022,0.2604926,-0.1752124,0.7315157,17.1882771312074,1877.78104490956,781066,East Asia & Pacific,Lower middle income
SB,SLB,Solomon Islands,2021,0.3280919,-0.1748432,0.4456005,16.7878473869077,2043.44413170658,762591,East Asia & Pacific,Lower middle income
SB,SLB,Solomon Islands,2020,0.168919,-0.0256466,0.5368126,13.6326003305901,2063.32780991967,744498,East Asia & Pacific,Lower middle income
SB,SLB,Solomon Islands,2019,0.279918,4.546e-4,0.4195676,13.9709345308166,2223.65890942466,728147,East Asia & Pacific,Lower middle income
SB,SLB,Solomon Islands,2018,0.1438423,-0.1478206,0.3816525,12.2617678265821,2278.19908624102,709101,East Asia & Pacific,Lower middle income
SB,SLB,Solomon Islands,2017,0.0611211,-0.1494384,0.1156377,12.9713023033434,2143.57670489272,685672,East Asia & Pacific,Lower middle income
SB,SLB,Solomon Islands,2016,0.0486342,-0.4109498,0.360596,13.1301145781565,2082.62383124213,662379,East Asia & Pacific,Lower middle income
SB,SLB,Solomon Islands,2015,0.0358826,-0.4012117,0.6020153,14.802910048232,2045.47721526649,639415,East Asia & Pacific,Lower middle income
SB,SLB,Solomon Islands,2014,0.0214166,-0.3998249,0.5553271,15.1874496273698,2164.95289873002,616908,East Asia & Pacific,Lower middle income
SO,SOM,"Somalia, Fed. Rep.",2024,-1.5761592,-1.7861136,-2.2630781,NA,629.538899449007,19009151,Sub-Saharan Africa,Low income
SO,SOM,"Somalia, Fed. Rep.",2023,-1.48544639999999,-1.61685259999999,-2.1717975,20.4271063911805,596.885985135589,18358615,Sub-Saharan Africa,Low income
SO,SOM,"Somalia, Fed. Rep.",2022,-1.4916009,-1.59878449999999,-2.092858,19.1940121461162,573.141165798229,17801897,Sub-Saharan Africa,Low income
SO,SOM,"Somalia, Fed. Rep.",2021,-1.6566375,-1.6031075,-2.60696149999999,25.4958867319859,549.056994756254,17271431,Sub-Saharan Africa,Low income
SO,SOM,"Somalia, Fed. Rep.",2020,-1.6658247,-1.5494727,-2.3507544,35.4513955829502,518.16113333875,16651191,Sub-Saharan Africa,Low income
SO,SOM,"Somalia, Fed. Rep.",2019,-1.6191136,-1.6343465,-2.0704895,19.9622606011247,539.954816211694,16030971,Sub-Saharan Africa,Low income
SO,SOM,"Somalia, Fed. Rep.",2018,-1.6431326,-1.80642059999999,-2.06147769999999,20.0941842769326,509.497273804534,15452487,Sub-Saharan Africa,Low income
SO,SOM,"Somalia, Fed. Rep.",2017,-1.6676521,-1.721871,-2.022776,23.1965523707503,510.939952317726,14916629,Sub-Saharan Africa,Low income
SO,SOM,"Somalia, Fed. Rep.",2016,-1.8003303,-1.7350014,-2.2701767,17.979018527839,460.928490585175,14348740,Sub-Saharan Africa,Low income
SO,SOM,"Somalia, Fed. Rep.",2015,-1.77230779999999,-1.7297878,-2.2815589,20.5876137515454,445.583080073396,13806963,Sub-Saharan Africa,Low income
SO,SOM,"Somalia, Fed. Rep.",2014,-1.78649869999999,-1.73994569999999,-2.4369844,19.4672659482089,429.431656725102,13339491,Sub-Saharan Africa,Low income
ZA,ZAF,South Africa,2024,0.6072796,-0.191792799999999,-0.6171348,NA,6267.186814093,64007187,Sub-Saharan Africa,Upper middle income
ZA,ZAF,South Africa,2023,0.5621695,-0.2095917,-0.6397104,0.40046031574028,6034.27208964673,63212384,Sub-Saharan Africa,Upper middle income
ZA,ZAF,South Africa,2022,0.5646216,-0.1634734,-0.6842882,0.258034061543275,6534.24867783397,62378410,Sub-Saharan Africa,Upper middle income
ZA,ZAF,South Africa,2021,0.6405127,0.0645613,-0.7738081,0.253147136898378,6828.75624590017,61502603,Sub-Saharan Africa,Upper middle income
ZA,ZAF,South Africa,2020,0.5077726,0.0256677,-0.2489513,0.362427644652388,5580.60383075189,60562381,Sub-Saharan Africa,Upper middle income
ZA,ZAF,South Africa,2019,0.4911743,0.0349803,-0.338256499999999,0.254444933587184,6533.71121032856,59587885,Sub-Saharan Africa,Upper middle income
ZA,ZAF,South Africa,2018,0.5306104,-0.0473417999999999,-0.299383199999999,0.233782961836093,6914.1780318076,58613001,Sub-Saharan Africa,Upper middle income
ZA,ZAF,South Africa,2017,0.539157,-0.079866399999999907,-0.3828321,0.273627076562111,6618.33508255701,57635162,Sub-Saharan Africa,Upper middle income
ZA,ZAF,South Africa,2016,0.5713649,0.0306383,-0.3379116,0.374342476704099,5651.20585165749,57259551,Sub-Saharan Africa,Upper middle income
ZA,ZAF,South Africa,2015,0.5906812,0.0114254,-0.3104761,0.419248415633216,6112.27382485974,56723537,Sub-Saharan Africa,Upper middle income
ZA,ZAF,South Africa,2014,0.557058,-0.0143828,-0.2307109,0.289821392763173,6856.73137092522,55594838,Sub-Saharan Africa,Upper middle income
SS,SSD,South Sudan,2024,-1.8916509,-2.0647211,-1.4896464,NA,NA,11943408,Sub-Saharan Africa,Low income
SS,SSD,South Sudan,2023,-1.855538,-1.87741769999999,-1.52967079999999,NA,NA,11483374,Sub-Saharan Africa,Low income
SS,SSD,South Sudan,2022,-1.9531527,-1.861122,-1.6425543,NA,NA,11021177,Sub-Saharan Africa,Low income
SS,SSD,South Sudan,2021,-1.94215499999999,-1.82343179999999,-2.21948739999999,NA,NA,10865780,Sub-Saharan Africa,Low income
SS,SSD,South Sudan,2020,-1.93566519999999,-1.80683669999999,-2.1055063,NA,NA,10698467,Sub-Saharan Africa,Low income
SS,SSD,South Sudan,2019,-2.035567,-1.8861426,-2.39114589999999,NA,NA,10423384,Sub-Saharan Africa,Low income
SS,SSD,South Sudan,2018,-2.0437826,-1.8304337,-2.3307387,NA,NA,10122977,Sub-Saharan Africa,Low income
SS,SSD,South Sudan,2017,-1.8670114,-1.7562035,-2.44555199999999,NA,NA,10259154,Sub-Saharan Africa,Low income
SS,SSD,South Sudan,2016,-1.882177,-1.7919554,-2.33343,NA,NA,10830102,Sub-Saharan Africa,Low income
SS,SSD,South Sudan,2015,-1.573248,-1.77074769999999,-2.2792733,15.9162280373347,1080.14718624765,11107561,Sub-Saharan Africa,Low income
SS,SSD,South Sudan,2014,-1.517404,-1.71827969999999,-2.5030889,16.4303643627759,1242.73450181032,11235073,Sub-Saharan Africa,Low income
ES,ESP,Spain,2024,1.1484423,0.7145938,-0.002992,NA,35326.7683069278,48848840,Europe & Central Asia,High income
ES,ESP,Spain,2023,1.1523041,0.7395223,0.1484475,NA,33493.2225409111,48352528,Europe & Central Asia,High income
ES,ESP,Spain,2022,1.1455667,0.7816745,0.1569762,NA,30319.4987196616,47786102,Europe & Central Asia,High income
ES,ESP,Spain,2021,1.1384344,0.8120886,0.38323,NA,30799.4775937775,47443821,Europe & Central Asia,High income
ES,ESP,Spain,2020,1.1589433,0.8309019,0.2956928,NA,27233.942646160802,47359424,Europe & Central Asia,High income
ES,ESP,Spain,2019,1.093177,0.8202611,0.267048,NA,29786.5245689007,47118501,Europe & Central Asia,High income
ES,ESP,Spain,2018,1.0560459,0.7455087,0.3346558,NA,30602.4212881113,46782011,Europe & Central Asia,High income
ES,ESP,Spain,2017,1.0725269,0.5939905,0.280621,NA,28381.3425596906,46571232,Europe & Central Asia,High income
ES,ESP,Spain,2016,1.0954166,0.6246332,0.425985,NA,26755.6061149398,46458139,Europe & Central Asia,High income
ES,ESP,Spain,2015,1.0971352,0.5903482,0.4353383,NA,25982.4416197775,46422303,Europe & Central Asia,High income
ES,ESP,Spain,2014,1.0560853,0.5991782,0.4826214,NA,29707.765509467,46460733,Europe & Central Asia,High income
LK,LKA,Sri Lanka,2024,-0.126025499999999,-0.384770899999999,-0.350302399999999,NA,4545.36006870612,21916000,South Asia,Upper middle income
LK,LKA,Sri Lanka,2023,-0.376177999999999,-0.3868314,-0.670013,1.01460426833478,3815.41531767474,22037000,South Asia,Upper middle income
LK,LKA,Sri Lanka,2022,-0.3638182,-0.3533578,-0.7621199,0.0169660618036473,3342.63650438046,22181000,South Asia,Upper middle income
LK,LKA,Sri Lanka,2021,-0.2581614,-0.3367364,-0.510938,0.179454134456974,3996.96240531688,22156000,South Asia,Upper middle income
LK,LKA,Sri Lanka,2020,-0.1576417,-0.2760375,-0.1154138,0.267429104335168,3847.60136741182,21919000,South Asia,Upper middle income
LK,LKA,Sri Lanka,2019,-0.1819405,-0.1639347,-0.173798099999999,0.222993670967185,4081.94772178134,21803000,South Asia,Upper middle income
LK,LKA,Sri Lanka,2018,-0.186496499999999,-0.2047049,-0.2597255,-0.268631697411072,4358.56095905888,21670000,South Asia,Upper middle income
LK,LKA,Sri Lanka,2017,-0.239022899999999,-0.307832799999999,-0.179121299999999,0.343462394384879,4398.88828786059,21453000,South Asia,Upper middle income
LK,LKA,Sri Lanka,2016,-0.252305599999999,-0.2510246,-0.1436337,0.435256702543502,4149.19189391879,21209000,South Asia,Upper middle income
LK,LKA,Sri Lanka,2015,-0.3869354,-0.3413605,-0.0885947,0.535713390028935,4057.71582716521,20970000,South Asia,Upper middle income
LK,LKA,Sri Lanka,2014,-0.6947438,-0.4501459,-0.553597999999999,0.609036232858831,3972.04377042271,20778000,South Asia,Upper middle income
KN,KNA,St. Kitts and Nevis,2024,0.4598773,0.3480989,0.9121334,NA,23960.6534357084,46843,Latin America & Caribbean,High income
KN,KNA,St. Kitts and Nevis,2023,0.431477,0.3519798,0.918184,NA,22576.9248439166,46758,Latin America & Caribbean,High income
KN,KNA,St. Kitts and Nevis,2022,0.4283376,0.3109783,0.9177056,NA,21011.5744209816,46709,Latin America & Caribbean,High income
KN,KNA,St. Kitts and Nevis,2021,0.4311382,0.352033,0.9147636,NA,18361.1449697886,46763,Latin America & Caribbean,High income
KN,KNA,St. Kitts and Nevis,2020,0.439648,0.3247512,0.9164728,NA,18859.0190361046,46870,Latin America & Caribbean,High income
KN,KNA,St. Kitts and Nevis,2019,0.4247829,0.324202,0.6646782,NA,23595.4923231291,46952,Latin America & Caribbean,High income
KN,KNA,St. Kitts and Nevis,2018,0.4519236,0.4031973,0.6638851,NA,22901.3816403197,47008,Latin America & Caribbean,High income
KN,KNA,St. Kitts and Nevis,2017,0.7066057,0.4660328,0.6612426,NA,22464.9899633959,47050,Latin America & Caribbean,High income
KN,KNA,St. Kitts and Nevis,2016,0.7220511,0.4304457,0.6608669,NA,21387.5415511103,47075,Latin America & Caribbean,High income
KN,KNA,St. Kitts and Nevis,2015,0.7188113,0.429142,0.663933,NA,20328.8003530109,47087,Latin America & Caribbean,High income
KN,KNA,St. Kitts and Nevis,2014,1.0671377,-0.0834636,0.6712051,NA,20219.3954237956,47089,Latin America & Caribbean,High income
LC,LCA,St. Lucia,2024,0.611256,0.4492828,1.0382485,NA,14493.658470648,179744,Latin America & Caribbean,Upper middle income
LC,LCA,St. Lucia,2023,0.5338659,0.3771938,1.044299,1.61110170915838,13616.6397593734,179285,Latin America & Caribbean,Upper middle income
LC,LCA,St. Lucia,2022,0.5054951,0.3713679,1.0438207,1.57605702410251,12976.1489693474,178781,Latin America & Caribbean,Upper middle income
LC,LCA,St. Lucia,2021,0.5088919,0.370132,0.868144,5.47947172285862,10481.1233971786,178522,Latin America & Caribbean,Upper middle income
LC,LCA,St. Lucia,2020,0.5022546,0.37834,0.8698532,6.60545785464546,8537.11495506727,178250,Latin America & Caribbean,Upper middle income
LC,LCA,St. Lucia,2019,0.5828907,0.4745651,0.8702889,1.63400801496246,11764.3944032403,177661,Latin America & Caribbean,Upper middle income
LC,LCA,St. Lucia,2018,0.5668733,0.4535507,0.8694958,0.436932927319386,11642.6984727769,177017,Latin America & Caribbean,Upper middle income
LC,LCA,St. Lucia,2017,0.7599752,0.5017334,0.8668533,0.817275786657435,11333.1123822102,176342,Latin America & Caribbean,Upper middle income
LC,LCA,St. Lucia,2016,0.8427357,0.5712704,0.9130972,0.86632084503199,10638.1269396653,175646,Latin America & Caribbean,Upper middle income
LC,LCA,St. Lucia,2015,0.8530795,0.5702666,0.7434287,0.829975003233282,10334.9860823918,174905,Latin America & Caribbean,Upper middle income
LC,LCA,St. Lucia,2014,1.18593,0.3501512,0.7556725,1.1785885589107301,10044.8218377677,174138,Latin America & Caribbean,Upper middle income
VC,VCT,St. Vincent and the Grenadines,2024,0.5028521,0.7050204,1.0382485,NA,11501.2265187188,100616,Latin America & Caribbean,Upper middle income
VC,VCT,St. Vincent and the Grenadines,2023,0.5634282,0.7112575,1.044299,2.01368362987859,10582.3656725229,101323,Latin America & Caribbean,Upper middle income
VC,VCT,St. Vincent and the Grenadines,2022,0.5755557,0.7243711,1.0438207,1.5812694271977,9693.55867833025,102046,Latin America & Caribbean,Upper middle income
VC,VCT,St. Vincent and the Grenadines,2021,0.6155269,0.7401119,1.0408786,14.4869430698902,8641.27904024443,102841,Latin America & Caribbean,Upper middle income
VC,VCT,St. Vincent and the Grenadines,2020,0.6244985,0.7606733,1.0425879,8.88817341524276,8351.20324040982,103526,Latin America & Caribbean,Upper middle income
VC,VCT,St. Vincent and the Grenadines,2019,0.6248617,0.7602069,0.9169085,9.2965199025792309,8740.59425232061,104167,Latin America & Caribbean,Upper middle income
VC,VCT,St. Vincent and the Grenadines,2018,0.5176746,0.7531367,0.7900001,2.05685952053976,8428.12677153069,104926,Latin America & Caribbean,Upper middle income
VC,VCT,St. Vincent and the Grenadines,2017,0.5884863,0.7018791,0.7873576,1.41230644187295,7988.04445019298,105663,Latin America & Caribbean,Upper middle income
VC,VCT,St. Vincent and the Grenadines,2016,0.5979297,0.6777104,0.9130972,1.13133706804751,7656.90042881178,106349,Latin America & Caribbean,Upper middle income
VC,VCT,St. Vincent and the Grenadines,2015,0.6076881,0.6766032,0.9161633,1.76016350874309,7353.73556054184,106960,Latin America & Caribbean,Upper middle income
VC,VCT,St. Vincent and the Grenadines,2014,0.9638727,0.6052154,0.7556725,1.33785239505301,7168.82875342911,107535,Latin America & Caribbean,Upper middle income
SD,SDN,Sudan,2024,-1.8835388,-1.557432,-2.0243381,NA,984.607666015625,50448963,Sub-Saharan Africa,Low income
SD,SDN,Sudan,2023,-1.7457756,-1.4513517,-2.0604154,3.46775963653224,797.283447265625,50042791,Sub-Saharan Africa,Low income
SD,SDN,Sudan,2022,-1.6342678,-1.4462818,-1.92571989999999,3.05802244254419,1046.24084472656,49383346,Sub-Saharan Africa,Low income
SD,SDN,Sudan,2021,-1.4649309,-1.292527,-1.7826483,11.6211882876443,712.122009277344,48066924,Sub-Saharan Africa,Low income
SD,SDN,Sudan,2020,-1.5628619,-1.3828975,-1.3881394,9.19641021192227,577.795227050781,46789231,Sub-Saharan Africa,Low income
SD,SDN,Sudan,2019,-1.68985609999999,-1.47108899999999,-1.65533209999999,5.00293087327998,709.975280761719,45548175,Sub-Saharan Africa,Low income
SD,SDN,Sudan,2018,-1.8588596,-1.5184609,-1.71645009999999,3.17009319843308,731.027465820313,44230596,Sub-Saharan Africa,Low income
SD,SDN,Sudan,2017,-1.8293207,-1.480461,-1.9473364,2.17603929226557,966.505676269531,42714306,Sub-Saharan Africa,Low income
SD,SDN,Sudan,2016,-1.8311887,-1.4810828,-2.16225439999999,1.93728569441748,1033.21594238281,41259892,Sub-Saharan Africa,Low income
SD,SDN,Sudan,2015,-1.77726499999999,-1.4808042,-2.0365601,1.91776873033635,1292.37963867188,40024431,Sub-Saharan Africa,Low income
SD,SDN,Sudan,2014,-1.7761608,-1.5461064,-2.2236606,1.8009130245808,1275.43835449219,38823318,Sub-Saharan Africa,Low income
SR,SUR,Suriname,2024,0.0554088,-0.3768745,0.4782277,NA,6961.78956060258,634431,Latin America & Caribbean,Upper middle income
SR,SUR,Suriname,2023,0.1081855,-0.3292402,0.3004618,1.38075140695505,5521.97602122638,628886,Latin America & Caribbean,Upper middle income
SR,SUR,Suriname,2022,0.1083446,-0.308943099999999,0.2466594,1.58410696782067,6084.43876736445,623164,Latin America & Caribbean,Upper middle income
SR,SUR,Suriname,2021,0.0873419,-0.311597299999999,0.3607899,1.06994021937803,5029.84838543953,617896,Latin America & Caribbean,Upper middle income
SR,SUR,Suriname,2020,0.1599841,-0.3026185,0.4628889,1.06463783191703,4755.39221710693,612317,Latin America & Caribbean,Upper middle income
SR,SUR,Suriname,2019,0.1343228,-0.281896,0.1321528,0.653711919570405,6629.66775248603,605768,Latin America & Caribbean,Upper middle income
SR,SUR,Suriname,2018,0.1093602,-0.2886333,0.1496981,0.393341224484961,6665.74180472239,599513,Latin America & Caribbean,Upper middle income
SR,SUR,Suriname,2017,0.0483854,-0.195415199999999,0.1667453,0.630103092569359,6049.52128553675,593713,Latin America & Caribbean,Upper middle income
SR,SUR,Suriname,2016,0.1627668,-0.1787366,0.1759261,0.524942955278426,5644.2061057532,587757,Latin America & Caribbean,Upper middle income
SR,SUR,Suriname,2015,0.1592598,-0.202065,0.2981115,0.312548177838883,8813.61705392067,581627,Latin America & Caribbean,Upper middle income
SR,SUR,Suriname,2014,0.3487913,-0.3215014,0.2245948,0.259036921239328,9108.18905406764,575373,Latin America & Caribbean,Upper middle income
SE,SWE,Sweden,2024,1.7277944,1.9676051,0.6035115,NA,57222.7100565003,10569709,Europe & Central Asia,High income
SE,SWE,Sweden,2023,1.7304193,1.9804259,0.778803,NA,54950.2834725622,10536632,Europe & Central Asia,High income
SE,SWE,Sweden,2022,1.7517742,2.0255279,0.9419053,NA,54836.8907235124,10486941,Europe & Central Asia,High income
SE,SWE,Sweden,2021,1.7654718,2.0899139,0.9471541,NA,60647.5416365347,10415811,Europe & Central Asia,High income
SE,SWE,Sweden,2020,1.7982035,2.1337232,0.955794,NA,52568.5726980146,10353442,Europe & Central Asia,High income
SE,SWE,Sweden,2019,1.725429,2.1292113,0.9427192,NA,51648.9892820514,10278887,Europe & Central Asia,High income
SE,SWE,Sweden,2018,1.7414565,2.1157895,0.928959,NA,54018.4554391861,10175214,Europe & Central Asia,High income
SE,SWE,Sweden,2017,1.7375825,2.1093078,0.8668924,NA,53210.2233318965,10057698,Europe & Central Asia,High income
SE,SWE,Sweden,2016,1.7750567,2.1058509,0.9187513,NA,51703.5088332851,9923085,Europe & Central Asia,High income
SE,SWE,Sweden,2015,1.7750119,2.0948719,0.9288589,NA,51188.1652120493,9799186,Europe & Central Asia,High income
SE,SWE,Sweden,2014,1.7547337,2.0070816,1.0182733,NA,59583.4584491714,9696110,Europe & Central Asia,High income
CH,CHE,Switzerland,2024,1.6422377,2.0072184,0.9806678,NA,107702.065940312,9005582,Europe & Central Asia,High income
CH,CHE,Switzerland,2023,1.625069,2.0972439,0.9907717,NA,104449.75451772,8888822,Europe & Central Asia,High income
CH,CHE,Switzerland,2022,1.6844928,2.0949429,1.0254452,NA,97809.095567203,8777088,Europe & Central Asia,High income
CH,CHE,Switzerland,2021,1.678298,2.1059546,1.0255347,NA,96582.8687080693,8704546,Europe & Central Asia,High income
CH,CHE,Switzerland,2020,1.6390344,2.2868791,1.1126481,NA,87529.7016394892,8638167,Europe & Central Asia,High income
CH,CHE,Switzerland,2019,1.6494367,2.3009699,1.2001317,NA,85872.9702303454,8575280,Europe & Central Asia,High income
CH,CHE,Switzerland,2018,1.6741105,2.2937762,1.2552678,NA,87002.3382293532,8514329,Europe & Central Asia,High income
CH,CHE,Switzerland,2017,1.6652384,2.3027582,1.1641565,NA,83610.248611484,8451840,Europe & Central Asia,High income
CH,CHE,Switzerland,2016,1.639262,2.2830399,1.2064894,NA,83432.4111596314,8373338,Europe & Central Asia,High income
CH,CHE,Switzerland,2015,1.6319543,2.2702247,1.2751929,NA,85265.06205193,8282396,Europe & Central Asia,High income
CH,CHE,Switzerland,2014,1.6312583,2.2607465,1.422405,NA,90511.6484558843,8188649,Europe & Central Asia,High income
SY,SYR,Syrian Arab Republic,2024,-1.84729179999999,-1.70162709999999,-2.3680716,NA,NA,24672760,"Middle East, North Africa, Afghanistan & Pakistan",Low income
SY,SYR,Syrian Arab Republic,2023,-1.9152968,-1.7817933,-2.4379022,NA,NA,23594623,"Middle East, North Africa, Afghanistan & Pakistan",Low income
SY,SYR,Syrian Arab Republic,2022,-1.8967024,-1.79243509999999,-2.43824749999999,31.321172383391,1056.78264718197,22462173,"Middle East, North Africa, Afghanistan & Pakistan",Low income
SY,SYR,Syrian Arab Republic,2021,-1.89419689999999,-1.79070699999999,-2.37452369999999,67.4382643883819,688.566109726934,21628839,"Middle East, North Africa, Afghanistan & Pakistan",Low income
SY,SYR,Syrian Arab Republic,2020,-1.909584,-1.6873687,-2.35367569999999,83.6397766201111,593.911771822527,21049429,"Middle East, North Africa, Afghanistan & Pakistan",Low income
SY,SYR,Syrian Arab Republic,2019,-1.94567879999999,-1.6558161,-2.4527063,46.6112858389086,1109.53933821464,20353534,"Middle East, North Africa, Afghanistan & Pakistan",Low income
SY,SYR,Syrian Arab Republic,2018,-1.986877,-1.5912541,-2.4238579,48.2449365908923,1098.06667935023,19577845,"Middle East, North Africa, Afghanistan & Pakistan",Low income
SY,SYR,Syrian Arab Republic,2017,-1.98639489999999,-1.5920556,-2.4453795,66.021617679082,851.501972646386,19224668,"Middle East, North Africa, Afghanistan & Pakistan",Low income
SY,SYR,Syrian Arab Republic,2016,-1.9798097,-1.5915844,-2.5955347,73.361144091979,656.349017520952,19193834,"Middle East, North Africa, Afghanistan & Pakistan",Low income
SY,SYR,Syrian Arab Republic,2015,-1.94200509999999,-1.5307718,-2.4382136,31.050383560241,847.731545352582,19424618,"Middle East, North Africa, Afghanistan & Pakistan",Low income
SY,SYR,Syrian Arab Republic,2014,-1.92535409999999,-1.5306381,-2.34971829999999,20.1860048241125,1060.59105887433,20273659,"Middle East, North Africa, Afghanistan & Pakistan",Low income
TJ,TJK,Tajikistan,2024,-1.64258439999999,-1.21775639999999,-0.2756522,NA,1362.02559981695,10590927,Europe & Central Asia,Lower middle income
TJ,TJK,Tajikistan,2023,-1.5256279,-1.1236074,-0.2876253,3.4751537144387,1178.47990060249,10389799,Europe & Central Asia,Lower middle income
TJ,TJK,Tajikistan,2022,-1.56259249999999,-1.1230133,-0.4282098,4.18447111360647,1052.17949484894,10182222,Europe & Central Asia,Lower middle income
TJ,TJK,Tajikistan,2021,-1.53082269999999,-1.0874541,-0.3984715,5.18205062190212,896.748053372182,9966908,Europe & Central Asia,Lower middle income
TJ,TJK,Tajikistan,2020,-1.5091031,-1.083847,-0.3288928,7.53240794173957,834.311715460625,9749310,Europe & Central Asia,Lower middle income
TJ,TJK,Tajikistan,2019,-1.6188156,-1.27219939999999,-0.4236664,3.75844222920152,871.022372934846,9529966,Europe & Central Asia,Lower middle income
TJ,TJK,Tajikistan,2018,-1.36883969999999,-1.3482752,-0.672519099999999,4.49075789057439,834.288404578801,9307333,Europe & Central Asia,Lower middle income
TJ,TJK,Tajikistan,2017,-1.31921279999999,-1.2132801,-0.6533475,3.79974891065399,829.45714764957,9085946,Europe & Central Asia,Lower middle income
TJ,TJK,Tajikistan,2016,-1.3522043,-1.1861023,-0.7460947,4.45117437792254,788.710481734485,8865631,Europe & Central Asia,Lower middle income
TJ,TJK,Tajikistan,2015,-1.26214579999999,-1.2043521,-0.744602299999999,4.41164164343703,956.916310930656,8643840,Europe & Central Asia,Lower middle income
TJ,TJK,Tajikistan,2014,-1.2113114,-1.2400034,-0.6152413,3.15555673173096,1081.54402932039,8425552,Europe & Central Asia,Lower middle income
TZ,TZA,Tanzania,2024,-0.6449938,-0.2941052,-0.3895961,NA,1192.60668945313,68560157,Sub-Saharan Africa,Lower middle income
TZ,TZA,Tanzania,2023,-0.6271363,-0.346236,-0.2367117,3.94256406072099,1224.00219726563,66617606,Sub-Saharan Africa,Lower middle income
TZ,TZA,Tanzania,2022,-0.685317,-0.3590925,-0.4815853,3.55757304087125,1207.52062988281,64711821,Sub-Saharan Africa,Lower middle income
TZ,TZA,Tanzania,2021,-0.709892,-0.351543,-0.5751002,3.77140550623774,1159.85656738281,62830412,Sub-Saharan Africa,Lower middle income
TZ,TZA,Tanzania,2020,-0.5969078,-0.2540505,-0.6629379,3.51569211163046,1117.41528320313,60972798,Sub-Saharan Africa,Lower middle income
TZ,TZA,Tanzania,2019,-0.483773099999999,-0.2829332,-0.5522151,3.54419186412252,1063.32250976563,59174891,Sub-Saharan Africa,Lower middle income
TZ,TZA,Tanzania,2018,-0.4280458,-0.3396123,-0.664168099999999,4.35592721035203,1023.10626220703,57437145,Sub-Saharan Africa,Lower middle income
TZ,TZA,Tanzania,2017,-0.3177506,-0.3504596,-0.683829799999999,4.94008016271732,986.674011230469,55652890,Sub-Saharan Africa,Lower middle income
TZ,TZA,Tanzania,2016,-0.280171499999999,-0.4354617,-0.537573,4.74809158515156,953.0107421875,53824013,Sub-Saharan Africa,Lower middle income
TZ,TZA,Tanzania,2015,-0.1943605,-0.5825641,-0.476783499999999,5.53593138236348,939.127319335938,52020962,Sub-Saharan Africa,Lower middle income
TZ,TZA,Tanzania,2014,-0.167283799999999,-0.6311616,-0.5068917,5.35921223892237,1022.74841308594,50351512,Sub-Saharan Africa,Lower middle income
TH,THA,Thailand,2024,-0.5598404,-0.5273456,-0.6833311,NA,7386.63615126055,71668011,East Asia & Pacific,Upper middle income
TH,THA,Thailand,2023,-0.654,-0.439334199999999,-0.4398775,0.0168497949443752,7210.54130832685,71702435,East Asia & Pacific,Upper middle income
TH,THA,Thailand,2022,-0.7947755,-0.403978499999999,-0.5671596,0.115611575896618,6910.00995211206,71735329,East Asia & Pacific,Upper middle income
TH,THA,Thailand,2021,-0.8289886,-0.3893452,-0.6963747,0.0273472949122472,7055.18760721422,71727332,East Asia & Pacific,Upper middle income
TH,THA,Thailand,2020,-0.874035599999999,-0.3820186,-0.7333386,0.0406892072425178,6983.03412836245,71641484,East Asia & Pacific,Upper middle income
TH,THA,Thailand,2019,-0.8092395,-0.3854632,-0.588531399999999,-0.0667850839888094,7605.69657797759,71522271,East Asia & Pacific,Upper middle income
TH,THA,Thailand,2018,-0.933130199999999,-0.3729339,-0.979869,-0.0869413910259997,7099.77650081458,71376079,East Asia & Pacific,Upper middle income
TH,THA,Thailand,2017,-0.883774,-0.3709316,-0.984692599999999,0.0574019888684555,6413.09182530343,71160187,East Asia & Pacific,Upper middle income
TH,THA,Thailand,2016,-0.855380799999999,-0.408719499999999,-1.12638439999999,0.0578192906755546,5833.57715617098,70859841,East Asia & Pacific,Upper middle income
TH,THA,Thailand,2015,-0.849158299999999,-0.5473428,-1.156024,0.0154141717261514,5688.85335397884,70540795,East Asia & Pacific,Upper middle income
TH,THA,Thailand,2014,-0.869785599999999,-0.446293599999999,-1.1368246,0.091751001899181,5801.1978916205,70216367,East Asia & Pacific,Upper middle income
TL,TLS,Timor-Leste,2024,0.3455435,-0.3775174,0.5260108,NA,1331.9705130185,1400638,East Asia & Pacific,Lower middle income
TL,TLS,Timor-Leste,2023,0.3383264,-0.4265439,0.4358404,11.3345945020839,1502.4114958903,1384286,East Asia & Pacific,Lower middle income
TL,TLS,Timor-Leste,2022,0.3856814,-0.4506594,0.4239118,7.34741902514306,2343.24955542816,1369295,East Asia & Pacific,Lower middle income
TL,TLS,Timor-Leste,2021,0.3299057,-0.3019067,0.2660158,7.40670795341022,2684.92673717299,1350139,East Asia & Pacific,Lower middle income
TL,TLS,Timor-Leste,2020,0.2887546,-0.424278699999999,0.2673205,10.6088184307989,1630.86935439232,1326053,East Asia & Pacific,Lower middle income
TL,TLS,Timor-Leste,2019,0.2983421,-0.438596799999999,0.2676531,8.04092578407799,1562.36458881813,1300945,East Asia & Pacific,Lower middle income
TL,TLS,Timor-Leste,2018,0.1950605,-0.5893993,0.2487237,9.28755185807878,1219.46598597604,1275959,East Asia & Pacific,Lower middle income
TL,TLS,Timor-Leste,2017,0.1179468,-0.6807561,0.0703179999999999,10.2742993521023,1266.17767952941,1251703,East Asia & Pacific,Lower middle income
TL,TLS,Timor-Leste,2016,0.0296517,-0.6402264,-0.1166,10.07447442191,1335.54390089814,1228312,East Asia & Pacific,Lower middle income
TL,TLS,Timor-Leste,2015,0.0471521,-0.646685699999999,-0.427259699999999,7.61301154505667,1319.59297370991,1205131,East Asia & Pacific,Lower middle income
TL,TLS,Timor-Leste,2014,0.0359693,-0.6498965,-0.3601212,7.47629943996094,1224.74957758801,1181903,East Asia & Pacific,Lower middle income
TG,TGO,Togo,2024,-0.971799499999999,-0.6633762,-0.8094466,NA,1266.08777721447,8406558,Sub-Saharan Africa,Lower middle income
TG,TGO,Togo,2023,-0.8614839,-0.5879504,-0.9186036,6.31099457668382,1182.32951436696,8223850,Sub-Saharan Africa,Lower middle income
TG,TGO,Togo,2022,-0.8529812,-0.630985799999999,-0.76039539999999906,4.9626430205307,1071.61539220759,8068616,Sub-Saharan Africa,Lower middle income
TG,TGO,Togo,2021,-0.8905537,-0.6519768,-0.6682329,4.11363457117729,1076.29520076949,7936176,Sub-Saharan Africa,Lower middle income
TG,TGO,Togo,2020,-0.734111899999999,-0.644805899999999,-0.8075061,7.47384425103709,961.219781201934,7788054,Sub-Saharan Africa,Lower middle income
TG,TGO,Togo,2019,-0.7303841,-0.7066703,-0.8504632,5.76916765205899,917.718016777619,7619925,Sub-Saharan Africa,Lower middle income
TG,TGO,Togo,2018,-0.7700019,-0.7549576,-0.8728328,4.77675656828307,942.480774393154,7458206,Sub-Saharan Africa,Lower middle income
TG,TGO,Togo,2017,-0.7509005,-0.7306167,-0.835878399999999,5.39611738507745,872.076408845752,7324386,Sub-Saharan Africa,Lower middle income
TG,TGO,Togo,2016,-0.752920599999999,-0.6534352,-0.280199,2.7515700899264,843.114204338675,7200884,Sub-Saharan Africa,Lower middle income
TG,TGO,Togo,2015,-0.802990099999999,-0.6308001,-0.411126999999999,3.38311172899741,813.894676975085,7071502,Sub-Saharan Africa,Lower middle income
TG,TGO,Togo,2014,-0.883812399999999,-0.791632799999999,-0.3001357,3.27577089750294,921.539748631461,6937644,Sub-Saharan Africa,Lower middle income
TO,TON,Tonga,2024,0.8207346,-0.3992192,1.254781,NA,6215.38990974121,104175,East Asia & Pacific,Upper middle income
TO,TON,Tonga,2023,0.8451469,-0.4947162,1.2304624,20.3478188335991,5651.59357939286,104597,East Asia & Pacific,Upper middle income
TO,TON,Tonga,2022,0.8562089,-0.496913,1.3674794,50.6841546798573,5298.01942454298,105042,East Asia & Pacific,Upper middle income
TO,TON,Tonga,2021,0.9152911,-0.3427691,1.111896,20.7308719511235,4922.8015864044,105490,East Asia & Pacific,Upper middle income
TO,TON,Tonga,2020,0.9677672,-0.2816956,1.1156731,30.0519383690215,4792.35872413906,105704,East Asia & Pacific,Upper middle income
TO,TON,Tonga,2019,0.679044,-0.4390652,1.0102973,20.0379657277216,4788.83350468584,105669,East Asia & Pacific,Upper middle income
TO,TON,Tonga,2018,0.6395253,-0.0849916,0.8562319,18.8481236408772,4675.04776047973,105567,East Asia & Pacific,Upper middle income
TO,TON,Tonga,2017,0.3229509,-0.236292099999999,0.8010403,18.2310186726043,4365.92929788648,105356,East Asia & Pacific,Upper middle income
TO,TON,Tonga,2016,0.3281441,-0.592089299999999,0.9346438,19.3249944563632,3987.9861883704302,105524,East Asia & Pacific,Upper middle income
TO,TON,Tonga,2015,0.3864664,-0.593882599999999,0.9379016,15.4727285847858,4123.90347238813,106095,East Asia & Pacific,Upper middle income
TO,TON,Tonga,2014,0.3998663,-0.5841786,0.93921,18.085732716026,4136.59010898445,106609,East Asia & Pacific,Upper middle income
TT,TTO,Trinidad and Tobago,2024,0.4063023,-0.339819,0.3600136,NA,18733.4110406494,1368333,Latin America & Caribbean,High income
TT,TTO,Trinidad and Tobago,2023,0.455102,-0.3161967,0.3397269,NA,18308.4536298575,1367510,Latin America & Caribbean,High income
TT,TTO,Trinidad and Tobago,2022,0.4449205,-0.2989622,0.3498483,NA,20750.5202434652,1365805,Latin America & Caribbean,High income
TT,TTO,Trinidad and Tobago,2021,0.4704869,-0.2305843,0.1561926,NA,17712.5674104655,1367558,Latin America & Caribbean,High income
TT,TTO,Trinidad and Tobago,2020,0.4631339,-0.1941792,0.059501,NA,15283.6270531554,1366725,Latin America & Caribbean,High income
TT,TTO,Trinidad and Tobago,2019,0.4398828,-0.2006209,0.0986674999999999,NA,17212.6128892163,1363985,Latin America & Caribbean,High income
TT,TTO,Trinidad and Tobago,2018,0.4436728,-0.2775407,0.1156046,NA,17571.498737278,1359193,Latin America & Caribbean,High income
TT,TTO,Trinidad and Tobago,2017,0.4826796,-0.259017,0.0748617,NA,17566.0999700656,1356633,Latin America & Caribbean,High income
TT,TTO,Trinidad and Tobago,2016,0.4748117,-0.256357599999999,0.0441046,NA,17449.1538801956,1353895,Latin America & Caribbean,High income
TT,TTO,Trinidad and Tobago,2015,0.4703636,-0.2917364,0.0718896,NA,19887.2327716498,1349667,Latin America & Caribbean,High income
TT,TTO,Trinidad and Tobago,2014,0.5721733,-0.4187145,0.1740197,NA,21908.3014555644,1345343,Latin America & Caribbean,High income
TN,TUN,Tunisia,2024,-0.6837111,-0.220154599999999,-0.9248175,NA,4187.64079392362,12277109,"Middle East, North Africa, Afghanistan & Pakistan",Lower middle income
TN,TUN,Tunisia,2023,-0.5053628,-0.192361099999999,-0.776038,2.61210641637506,3951.11683376921,12200431,"Middle East, North Africa, Afghanistan & Pakistan",Lower middle income
TN,TUN,Tunisia,2022,-0.415250199999999,-0.1992466,-0.7395623,2.74434249913848,3707.29283414381,12119334,"Middle East, North Africa, Afghanistan & Pakistan",Lower middle income
TN,TUN,Tunisia,2021,-0.0624493999999999,-0.1415165,-0.6668946,2.43554093679102,3906.93926319391,12048622,"Middle East, North Africa, Afghanistan & Pakistan",Lower middle income
TN,TUN,Tunisia,2020,0.1060573,-0.019263,-0.4326193,2.37469792485443,3548.65363663803,11974057,"Middle East, North Africa, Afghanistan & Pakistan",Lower middle income
TN,TUN,Tunisia,2019,0.1076117,-0.0286669999999999,-0.5613583,2.40119246823005,3528.87213306798,11875081,"Middle East, North Africa, Afghanistan & Pakistan",Lower middle income
TN,TUN,Tunisia,2018,0.0853087,0.00133739999999999,-0.5600278,1.93708049744182,3628.10366464236,11765514,"Middle East, North Africa, Afghanistan & Pakistan",Lower middle income
TN,TUN,Tunisia,2017,0.1035864,-0.0490023999999999,-0.7432926,1.97197984286984,3619.03247319953,11650498,"Middle East, North Africa, Afghanistan & Pakistan",Lower middle income
TN,TUN,Tunisia,2016,0.2143651,-0.0577612999999999,-0.8275855,1.49023772076605,3847.80354448809,11528674,"Middle East, North Africa, Afghanistan & Pakistan",Lower middle income
TN,TUN,Tunisia,2015,0.1947392,-0.0143711,-0.681206,1.11182323500338,4014.94773686432,11402264,"Middle East, North Africa, Afghanistan & Pakistan",Lower middle income
TN,TUN,Tunisia,2014,0.1393127,0.012509,-0.6013407,1.89980743872399,4458.97895464547,11274288,"Middle East, North Africa, Afghanistan & Pakistan",Lower middle income
TR,TUR,Turkiye,2024,-1.09467,-0.5632153,-0.970710499999999,NA,15892.7157287241,85518661,Europe & Central Asia,Upper middle income
TR,TUR,Turkiye,2023,-1.08267849999999,-0.4374572,-0.884477,0.137268881015002,13375.0947282864,85325965,Europe & Central Asia,Upper middle income
TR,TUR,Turkiye,2022,-1.0955858,-0.4324578,-0.935033599999999,0.0874080603669591,10897.8397861365,84979913,Europe & Central Asia,Upper middle income
TR,TUR,Turkiye,2021,-1.0031695,-0.3992138,-0.9721057,0.12803464228529,9981.76398411336,84147318,Europe & Central Asia,Upper middle income
TR,TUR,Turkiye,2020,-0.9536477,-0.3242268,-1.0396051,0.0749701564760712,8798.11791709313,83384680,Europe & Central Asia,Upper middle income
TR,TUR,Turkiye,2019,-0.9058771,-0.1801871,-1.1924541,0.0918151888240677,9395.23378001368,82579440,Europe & Central Asia,Upper middle income
TR,TUR,Turkiye,2018,-0.9511579,-0.2317166,-1.1241116,0.1538596716039,9684.11819884721,81407204,Europe & Central Asia,Upper middle income
TR,TUR,Turkiye,2017,-0.784376499999999,-0.0665516,-1.70623179999999,0.370310035215228,10756.3877677883,80312698,Europe & Central Asia,Upper middle income
TR,TUR,Turkiye,2016,-0.719495,-0.0845918,-1.7801696,0.418863670013141,10984.3643169061,79277962,Europe & Central Asia,Upper middle income
TR,TUR,Turkiye,2015,-0.5858025,-0.1063785,-1.10934889999999,0.250212907969912,11064.6494504662,78218479,Europe & Central Asia,Upper middle income
TR,TUR,Turkiye,2014,-0.4843587,-0.1089047,-0.7998074,0.368978427074074,12209.3862327674,77181884,Europe & Central Asia,Upper middle income
TM,TKM,Turkmenistan,2024,-2.0430083,-1.297223,0.2455892,NA,5904.25772576512,7494498,Europe & Central Asia,Upper middle income
TM,TKM,Turkmenistan,2023,-2.068122,-1.350058,0.2072195,0.0956571593405815,5298.46421949276,7364438,Europe & Central Asia,Upper middle income
TM,TKM,Turkmenistan,2022,-2.0346759,-1.360439,0.2106842,0.0444448309313543,5198.18947409551,7230193,Europe & Central Asia,Upper middle income
TM,TKM,Turkmenistan,2021,-1.88003759999999,-1.36021099999999,-0.224582999999999,0.115678637768225,3713.20113171765,7092043,Europe & Central Asia,Upper middle income
TM,TKM,Turkmenistan,2020,-1.8950527,-1.3595471,-0.1270103,0.131203987652433,3935.37749365223,6949912,Europe & Central Asia,Upper middle income
TM,TKM,Turkmenistan,2019,-2.0289129,-1.362369,-0.2189823,0.0947720390163953,4365.1152919542,6803944,Europe & Central Asia,Upper middle income
TM,TKM,Turkmenistan,2018,-1.7481071,-1.4516946,-0.1316848,0.0820348754046089,3911.98557297865,6655524,Europe & Central Asia,Upper middle income
TM,TKM,Turkmenistan,2017,-1.74199779999999,-1.4526795,-0.2289187,0.0880351907321554,5125.54920055808,6507061,Europe & Central Asia,Upper middle income
TM,TKM,Turkmenistan,2016,-1.77195679999999,-1.464505,-0.2753346,0.0993341337503549,5238.00827202546,6360041,Europe & Central Asia,Upper middle income
TM,TKM,Turkmenistan,2015,-1.7648221,-1.4615973,-0.126391199999999,0.0681034692133807,5759.497903834,6215770,Europe & Central Asia,Upper middle income
TM,TKM,Turkmenistan,2014,-1.75135399999999,-1.4626017,0.0147681,0.0870517032822848,7164.14536184006,6075283,Europe & Central Asia,Upper middle income
TV,TUV,Tuvalu,2024,1.1885856,0.5787137,1.4687654,NA,5883.50257114002,9646,East Asia & Pacific,Upper middle income
TV,TUV,Tuvalu,2023,0.9345048,0.2425155,1.4739295,101.780326186701,5143.8397437226,9816,East Asia & Pacific,Upper middle income
TV,TUV,Tuvalu,2022,0.9360094,0.2445984,1.4735212,85.0871322599163,5414.74642912412,9992,East Asia & Pacific,Upper middle income
TV,TUV,Tuvalu,2021,0.9314732,0.2034342,1.2851524,43.4974105887582,6042.51983141155,10194,East Asia & Pacific,Upper middle income
TV,TUV,Tuvalu,2020,0.8830669,0.2051999,1.234863,60.6779014948573,5029.57159284173,10399,East Asia & Pacific,Upper middle income
TV,TUV,Tuvalu,2019,1.142705,0.3922741,1.1436032,50.9664709186189,5058.85266607659,10581,East Asia & Pacific,Upper middle income
TV,TUV,Tuvalu,2018,0.8922213,-0.0399314,1.3290002,39.3589758564057,4467.21144027065,10751,East Asia & Pacific,Upper middle income
TV,TUV,Tuvalu,2017,0.5230615,-0.0425507,1.1385207,45.4522925558503,4166.79162422818,10869,East Asia & Pacific,Upper middle income
TV,TUV,Tuvalu,2016,0.5237708,-0.0410107,1.3245352,40.5878206079003,3779.15293916285,10930,East Asia & Pacific,Upper middle income
TV,TUV,Tuvalu,2015,0.5245866,-0.0431632,1.3290711,87.2159234780041,3352.66722400181,10963,East Asia & Pacific,Upper middle income
TV,TUV,Tuvalu,2014,0.5239317,-0.0458344,1.549386,67.1883075759508,3518.13249227107,10984,East Asia & Pacific,Upper middle income
UG,UGA,Uganda,2024,-1.0129302,-1.11616729999999,-1.0222248,NA,1077.91278438613,50015092,Sub-Saharan Africa,Low income
UG,UGA,Uganda,2023,-0.9287886,-0.996690299999999,-1.0298391,4.74690885741677,1002.30913917142,48656601,Sub-Saharan Africa,Low income
UG,UGA,Uganda,2022,-0.9718922,-0.9890036,-1.0920608,4.83671763804243,963.067314117178,47312719,Sub-Saharan Africa,Low income
UG,UGA,Uganda,2021,-0.9574486,-0.9322359,-0.9440307,6.47129062382146,882.791717542504,45910930,Sub-Saharan Africa,Low income
UG,UGA,Uganda,2020,-0.8633436,-0.936142199999999,-0.842814499999999,8.38393775594199,845.766463890124,44457152,Sub-Saharan Africa,Low income
UG,UGA,Uganda,2019,-0.8769482,-1.1024791,-0.7746479,5.90142002234634,822.171150036357,42999637,Sub-Saharan Africa,Low income
UG,UGA,Uganda,2018,-0.856554599999999,-1.0296281,-0.7395762,6.07970266543343,792.16570022814,41565831,Sub-Saharan Africa,Low income
UG,UGA,Uganda,2017,-0.8194545,-1.0168329,-0.6855171,6.70141170342905,765.218332297361,40177388,Sub-Saharan Africa,Low income
UG,UGA,Uganda,2016,-0.8428062,-0.9946961,-0.8144743,6.14318637256677,752.696571725656,38799152,Sub-Saharan Africa,Low income
UG,UGA,Uganda,2015,-0.6660292,-1.0129557,-0.7914315,5.15807437280951,862.934610355811,37531446,Sub-Saharan Africa,Low income
UG,UGA,Uganda,2014,-0.656610599999999,-0.988474499999999,-0.9764218,5.12679105484007,896.054795546394,36395539,Sub-Saharan Africa,Low income
UA,UKR,Ukraine,2024,-0.1110085,-0.6723809,-0.432315,NA,5391.62255859375,37860221,Europe & Central Asia,Upper middle income
UA,UKR,Ukraine,2023,-0.0900654999999999,-0.7242773,-0.545978,20.9001522896519,5139.59814453125,37732836,Europe & Central Asia,Upper middle income
UA,UKR,Ukraine,2022,-0.019284,-0.683771799999999,-1.05075649999999,16.8350050093792,4199.6708984375,41048766,Europe & Central Asia,Upper middle income
UA,UKR,Ukraine,2021,0.0995611999999999,-0.8040912,-0.990563099999999,1.14242200616382,4775.94580078125,44298640,Europe & Central Asia,Upper middle income
UA,UKR,Ukraine,2020,0.1275231,-0.830952599999999,-0.9599236,1.46149209346667,3709.76928710938,44680014,Europe & Central Asia,Upper middle income
UA,UKR,Ukraine,2019,0.0813478,-0.782195,-1.0320239,0.719140943846709,3619.86157226563,44957458,Europe & Central Asia,Upper middle income
UA,UKR,Ukraine,2018,-0.0332900999999999,-0.9896988,-1.4461552,0.925520694973838,3059.0517578125,45208907,Europe & Central Asia,Upper middle income
UA,UKR,Ukraine,2017,-0.1305496,-0.953207199999999,-1.590004,1.03823767611707,2604.28759765625,45436041,Europe & Central Asia,Upper middle income
UA,UKR,Ukraine,2016,-0.1297301,-1.0150766,-1.6309394,1.61498487532565,2158.46118164063,45616832,Europe & Central Asia,Upper middle income
UA,UKR,Ukraine,2015,-0.1573009,-1.0636259,-1.8064426,1.52831593029216,2094.47387695313,45784896,Europe & Central Asia,Upper middle income
UA,UKR,Ukraine,2014,-0.1882038,-1.0708377,-1.99283679999999,1.06368188041463,3054.908203125,45972380,Europe & Central Asia,Upper middle income
AE,ARE,United Arab Emirates,2024,-0.853748699999999,1.1702182,0.7886704,NA,50273.5126243239,10986400,"Middle East, North Africa, Afghanistan & Pakistan",High income
AE,ARE,United Arab Emirates,2023,-0.9077037,0.9918577,0.7829523,NA,49850.6945082084,10483751,"Middle East, North Africa, Afghanistan & Pakistan",High income
AE,ARE,United Arab Emirates,2022,-0.8265908,1.0223468,0.883216,NA,50759.7590190204,10074977,"Middle East, North Africa, Afghanistan & Pakistan",High income
AE,ARE,United Arab Emirates,2021,-0.835888499999999,1.0349829,0.839581,NA,44118.4936214315,9575152,"Middle East, North Africa, Afghanistan & Pakistan",High income
AE,ARE,United Arab Emirates,2020,-0.814912,1.0614313,0.826942,NA,37991.738387966,9401038,"Middle East, North Africa, Afghanistan & Pakistan",High income
AE,ARE,United Arab Emirates,2019,-0.8093064,1.0878297,0.8295526,NA,45938.6084572227,9445785,"Middle East, North Africa, Afghanistan & Pakistan",High income
AE,ARE,United Arab Emirates,2018,-0.830863999999999,1.0948106,0.8336611,NA,47135.3478795605,9346701,"Middle East, North Africa, Afghanistan & Pakistan",High income
AE,ARE,United Arab Emirates,2017,-0.6844466,1.0762151,0.7192871,NA,43733.6242018215,9223225,"Middle East, North Africa, Afghanistan & Pakistan",High income
AE,ARE,United Arab Emirates,2016,-0.651368,1.1064348,0.6925969,NA,42721.1136110991,8935095,"Middle East, North Africa, Afghanistan & Pakistan",High income
AE,ARE,United Arab Emirates,2015,-0.6721912,0.9199437,0.8382509,NA,44910.3458860776,8505237,"Middle East, North Africa, Afghanistan & Pakistan",High income
AE,ARE,United Arab Emirates,2014,-0.6378608,0.9856797,0.8984847,NA,52725.2307981936,8059440,"Middle East, North Africa, Afghanistan & Pakistan",High income
GB,GBR,United Kingdom,2024,1.3006116,1.5097548,0.2577085,NA,53341.3131094262,69281000,Europe & Central Asia,High income
GB,GBR,United Kingdom,2023,1.2519674,1.4745753,0.3683427,NA,49919.6896621586,68526000,Europe & Central Asia,High income
GB,GBR,United Kingdom,2022,1.3180973,1.6352771,0.3676912,NA,47034.7795621476,67636000,Europe & Central Asia,High income
GB,GBR,United Kingdom,2021,1.2930083,1.6641761,0.4363658,NA,47695.6491523474,66978000,Europe & Central Asia,High income
GB,GBR,United Kingdom,2020,1.3173309,1.7210258,0.5102213,NA,40815.1255364787,66740000,Europe & Central Asia,High income
GB,GBR,United Kingdom,2019,1.3077601,1.7674285,0.5681497,NA,43160.6843971799,66628000,Europe & Central Asia,High income
GB,GBR,United Kingdom,2018,1.3755468,1.8043714,0.2825929,NA,43704.3162296687,66287000,Europe & Central Asia,High income
GB,GBR,United Kingdom,2017,1.4237022,1.8161165,0.4406625,NA,40918.0520870944,65964000,Europe & Central Asia,High income
GB,GBR,United Kingdom,2016,1.468304,1.7599161,0.4498582,NA,41258.5374285695,65606000,Europe & Central Asia,High income
GB,GBR,United Kingdom,2015,1.4627829,1.6542704,0.537112,NA,45256.040227057,65087000,Europe & Central Asia,High income
GB,GBR,United Kingdom,2014,1.3804751,1.5201669,0.5436244,NA,47746.9810645521,64619000,Europe & Central Asia,High income
US,USA,United States,2024,0.8869557,1.0868914,-0.0951125,NA,86169.6641581917,340003797,North America,High income
US,USA,United States,2023,0.8636176,1.1951066,-0.193136399999999,NA,82586.7847707894,336755052,North America,High income
US,USA,United States,2022,0.922751,1.2023562,-0.1626087,NA,78008.6895811877,333996304,North America,High income
US,USA,United States,2021,0.8877304,1.1247591,-0.126399999999999,NA,71441.2319805947,332100166,North America,High income
US,USA,United States,2020,0.9561038,1.124297,-0.146807,NA,64465.2971415748,331578104,North America,High income
US,USA,United States,2019,1.0249835,1.1719722,0.0546375,NA,65227.9565911038,330226227,North America,High income
US,USA,United States,2018,1.0530998,1.2504255,0.2904961,NA,62875.6661382728,328529577,North America,High income
US,USA,United States,2017,1.1236482,1.3058193,0.1101294,NA,60047.7190728307,326608609,North America,High income
US,USA,United States,2016,1.2417637,1.2420313,0.3279152,NA,57976.628204291,324353340,North America,High income
US,USA,United States,2015,1.2887597,1.2367604,0.6658794,NA,56849.4697923159,321815121,North America,High income
US,USA,United States,2014,1.2001675,1.2391968,0.6681229,NA,55153.3940182967,319257560,North America,High income
UY,URY,Uruguay,2024,1.2278086,1.5279256,1.2779376,NA,24308.4954958447,3386588,Latin America & Caribbean,High income
UY,URY,Uruguay,2023,1.2182526,1.5493831,1.181072,NA,23378.6399733516,3388081,Latin America & Caribbean,High income
UY,URY,Uruguay,2022,1.201455,1.6139339,1.3035622,NA,21009.2883798725,3390913,Latin America & Caribbean,High income
UY,URY,Uruguay,2021,1.2359324,1.6220519,1.1500797,NA,17881.8119616753,3396695,Latin America & Caribbean,High income
UY,URY,Uruguay,2020,1.2549779,1.5144744,1.1512208,NA,15757.5341990356,3398968,Latin America & Caribbean,High income
UY,URY,Uruguay,2019,1.2429696,1.3889225,1.1553614,NA,18315.7350377437,3397206,Latin America & Caribbean,High income
UY,URY,Uruguay,2018,1.2339937,1.3627449,1.1130252,NA,19249.9404677501,3394534,Latin America & Caribbean,High income
UY,URY,Uruguay,2017,1.2330619,1.3464781,1.1129983,0.0677663395096234,19184.6626114272,3388438,Latin America & Caribbean,High income
UY,URY,Uruguay,2016,1.2405464,1.3854382,1.1217056,0.0332974335507448,17009.7584207276,3379283,Latin America & Caribbean,High income
UY,URY,Uruguay,2015,1.2096941,1.2570517,1.0884414,0.0419617780284561,17125.9016800298,3368017,Latin America & Caribbean,High income
UY,URY,Uruguay,2014,1.150545,1.288067,1.1017263,0.158546383313004,18322.4276767157,3356334,Latin America & Caribbean,High income
UZ,UZB,Uzbekistan,2024,-1.0401976,-0.754316299999999,-0.0267335,NA,3337.45492058664,36361859,Europe & Central Asia,Lower middle income
UZ,UZB,Uzbekistan,2023,-1.0006156,-0.701745899999999,-0.2504784,1.1058481675402,3015.97705069457,35652307,Europe & Central Asia,Lower middle income
UZ,UZB,Uzbekistan,2022,-1.04255529999999,-0.699129999999999,-0.2325524,1.66275259660699,2698.60262953369,34938955,Europe & Central Asia,Lower middle income
UZ,UZB,Uzbekistan,2021,-1.0392373,-0.7419446,-0.221247,1.42655971711714,2370.36480555669,34243696,Europe & Central Asia,Lower middle income
UZ,UZB,Uzbekistan,2020,-1.2394383,-0.835694199999999,-0.3614058,2.08215014834937,2087.96374711792,33586372,Europe & Central Asia,Lower middle income
UZ,UZB,Uzbekistan,2019,-1.42495709999999,-1.1224344,-0.2167593,1.62751451448214,2128.66067138334,32964701,Europe & Central Asia,Lower middle income
UZ,UZB,Uzbekistan,2018,-1.2977614,-1.2111454,-0.2119487,1.68415408546664,1894.09088741408,32373490,Europe & Central Asia,Lower middle income
UZ,UZB,Uzbekistan,2017,-1.46913229999999,-1.24484559999999,-0.2138791,0.86970014786476,2271.4730109511,31819178,Europe & Central Asia,Lower middle income
UZ,UZB,Uzbekistan,2016,-1.5770056,-1.2283125,-0.2080446,0.517654292174368,3128.42307170099,31284568,Europe & Central Asia,Lower middle income
UZ,UZB,Uzbekistan,2015,-1.5932902,-1.25906189999999,-0.3053458,0.455591812378803,3172.89899391083,30749346,Europe & Central Asia,Lower middle income
UZ,UZB,Uzbekistan,2014,-1.5349076,-1.2360262,-0.2604881,0.351298373420937,3021.00331668049,30222994,Europe & Central Asia,Lower middle income
VU,VUT,Vanuatu,2024,0.4864055,-0.1506043,0.960216,NA,3959.87703462363,327777,East Asia & Pacific,Lower middle income
VU,VUT,Vanuatu,2023,0.4996161,-0.1852979,0.9649424,11.5772192191268,3708.18942411253,320409,East Asia & Pacific,Lower middle income
VU,VUT,Vanuatu,2022,0.4867778,-0.135775999999999,0.9784231,9.38058637432145,3679.53524327491,313046,East Asia & Pacific,Lower middle income
VU,VUT,Vanuatu,2021,0.7174918,-0.0360087,0.9586235,13.2492891882687,3576.13770954363,305868,East Asia & Pacific,Lower middle income
VU,VUT,Vanuatu,2020,0.7070652,-0.0267151,0.9435444,13.8469964389378,3404.30359167624,298858,East Asia & Pacific,Lower middle income
VU,VUT,Vanuatu,2019,0.5766691,-0.1851487,1.0281545,11.0573972166038,3635.62344878185,291985,East Asia & Pacific,Lower middle income
VU,VUT,Vanuatu,2018,0.580569,-0.1863588,1.021257,11.5961690078323,3626.18862522473,285259,East Asia & Pacific,Lower middle income
VU,VUT,Vanuatu,2017,0.4095904,-0.0663812,0.8525004,12.6281417618501,3585.31798081216,278507,East Asia & Pacific,Lower middle income
VU,VUT,Vanuatu,2016,0.3885373,-0.117948199999999,0.6867152,13.7717274400261,3339.83436471043,272087,East Asia & Pacific,Lower middle income
VU,VUT,Vanuatu,2015,0.3453974,-0.0938241,0.6849315,21.2528443995794,3214.41948587141,266101,East Asia & Pacific,Lower middle income
VU,VUT,Vanuatu,2014,0.3552714,0.4750184,1.1753946,11.1544238790762,3378.36411965135,260240,East Asia & Pacific,Lower middle income
VE,VEN,"Venezuela, RB",2024,-1.8174487,-1.58714009999999,-1.74042419999999,NA,4244.45723136019,28405543,Latin America & Caribbean,Lower middle income
VE,VEN,"Venezuela, RB",2023,-1.7578417,-1.5592697,-1.1035948,0.392053464064646,3617.47038396528,28300854,Latin America & Caribbean,Lower middle income
VE,VEN,"Venezuela, RB",2022,-1.7782262,-1.603038,-1.1268117,0.310771672704791,3155.04190923584,28213017,Latin America & Caribbean,Lower middle income
VE,VEN,"Venezuela, RB",2021,-1.79431149999999,-1.58437079999999,-1.2895082,0.493809162075709,2004.93572921136,28237826,Latin America & Caribbean,Lower middle income
VE,VEN,"Venezuela, RB",2020,-1.6883576,-1.57832329999999,-1.4257071,0.799384817298155,1506.04169391285,28444077,Latin America & Caribbean,Lower middle income
VE,VEN,"Venezuela, RB",2019,-1.6869045,-1.5948486,-1.5120562,0.378741658938603,2523.11527549578,28938098,Latin America & Caribbean,Lower middle income
VE,VEN,"Venezuela, RB",2018,-1.6549242,-1.59491649999999,-1.4649999,0.158570816621299,3421.51341607593,29807592,Latin America & Caribbean,Lower middle income
VE,VEN,"Venezuela, RB",2017,-1.47669759999999,-1.4525617,-1.38006459999999,0.0801620644800587,3791.63262049576,30565323,Latin America & Caribbean,Lower middle income
VE,VEN,"Venezuela, RB",2016,-1.3494951,-1.4158486,-1.2150045,0.0409512003893944,3671.23004093383,30765720,Latin America & Caribbean,Lower middle income
VE,VEN,"Venezuela, RB",2015,-1.3294104,-1.4246938,-1.1927697,0.0311197644930695,4096.61989137473,30573972,Latin America & Caribbean,Lower middle income
VE,VEN,"Venezuela, RB",2014,-1.251376,-1.4287488,-1.1741498,0.020793611622377,7101.15006382986,30254079,Latin America & Caribbean,Lower middle income
VN,VNM,Viet Nam,2024,-1.09830919999999,-0.2516989,0.0056736,NA,4716.6599379632,100987686,East Asia & Pacific,Upper middle income
VN,VNM,Viet Nam,2023,-1.10491879999999,-0.3083958,0.0907515,0.202067358480655,4322.82572261566,100352192,East Asia & Pacific,Upper middle income
VN,VNM,Viet Nam,2022,-1.0863991,-0.2459866,0.1227944,0.0127149180103884,4147.69777213621,99680655,East Asia & Pacific,Upper middle income
VN,VNM,Viet Nam,2021,-1.0661124,-0.310677,0.1345844,0.151801839170189,3704.1935590038,98935098,East Asia & Pacific,Upper middle income
VN,VNM,Viet Nam,2020,-1.09107209999999,-0.3131812,0.1302346,0.353395254058579,3534.03953482647,98079191,East Asia & Pacific,Upper middle income
VN,VNM,Viet Nam,2019,-1.04117519999999,-0.3621433,0.0916744999999999,0.342992317246203,3440.90025375434,97173776,East Asia & Pacific,Upper middle income
VN,VNM,Viet Nam,2018,-1.0842098,-0.3951053,-0.0542592999999999,0.558921597096612,3222.31003125366,96237319,East Asia & Pacific,Upper middle income
VN,VNM,Viet Nam,2017,-1.12200529999999,-0.4238211,0.1500179,0.910699779837221,2956.10992127753,95176977,East Asia & Pacific,Upper middle income
VN,VNM,Viet Nam,2016,-1.02156389999999,-0.356688499999999,0.1824971,1.1961451189338,2735.0604380416,94000117,East Asia & Pacific,Upper middle income
VN,VNM,Viet Nam,2015,-1.006907,-0.3774131,0.0681785999999999,1.39461008493105,2577.56885340113,92823254,East Asia & Pacific,Upper middle income
VN,VNM,Viet Nam,2014,-1.1673414,-0.361941399999999,-0.0126942,1.87689874659763,2546.38464459903,91679578,East Asia & Pacific,Upper middle income
VI,VIR,Virgin Islands (U.S.),2024,NA,-0.0718587,0.9711697,NA,NA,104377,Latin America & Caribbean,High income
VI,VIR,Virgin Islands (U.S.),2023,NA,-0.0747806,0.9788563,NA,NA,104917,Latin America & Caribbean,High income
VI,VIR,Virgin Islands (U.S.),2022,NA,-0.0717478,0.9782486,NA,44320.909185774,105413,Latin America & Caribbean,High income
VI,VIR,Virgin Islands (U.S.),2021,NA,-0.0708649,0.5654024,NA,42571.0777368471,105870,Latin America & Caribbean,High income
VI,VIR,Virgin Islands (U.S.),2020,NA,-0.0682938999999999,0.9766825,NA,39787.3741650202,106290,Latin America & Caribbean,High income
VI,VIR,Virgin Islands (U.S.),2019,NA,0.5544325,0.977236,NA,38633.5298915336,106669,Latin America & Caribbean,High income
VI,VIR,Virgin Islands (U.S.),2018,NA,0.549178,0.8160116,NA,36663.2087550584,107001,Latin America & Caribbean,High income
VI,VIR,Virgin Islands (U.S.),2017,0.833146,0.5453642,0.8126545,NA,35365.0693039774,107281,Latin America & Caribbean,High income
VI,VIR,Virgin Islands (U.S.),2016,0.8350454,0.5476065,0.8121773,NA,35324.9748874586,107516,Latin America & Caribbean,High income
VI,VIR,Virgin Islands (U.S.),2015,0.8372302,0.5444724,1.2251811,NA,34007.3529411765,107712,Latin America & Caribbean,High income
VI,VIR,Virgin Islands (U.S.),2014,0.8354763,0.5405831,1.2267455,NA,33045.3643795999,107882,Latin America & Caribbean,High income
PS,PSE,West Bank and Gaza,2024,-1.3459759,-0.5708422,-1.8763518,NA,3028.25481286981,5289152,"Middle East, North Africa, Afghanistan & Pakistan",Lower middle income
PS,PSE,West Bank and Gaza,2023,-1.1578125,-0.5990356,-1.619148,16.2430493847012,3607.41611858821,5165775,"Middle East, North Africa, Afghanistan & Pakistan",Lower middle income
PS,PSE,West Bank and Gaza,2022,-1.0420817,-0.5708588,-1.5318512,9.44712725838066,3799.95527015163,5043612,"Middle East, North Africa, Afghanistan & Pakistan",Lower middle income
PS,PSE,West Bank and Gaza,2021,-0.9995573,-0.5922462,-1.6333144,9.94848196227339,3678.63565662194,4922749,"Middle East, North Africa, Afghanistan & Pakistan",Lower middle income
PS,PSE,West Bank and Gaza,2020,-0.8400719,-0.5368921,-1.7401966,11.293624377103,3233.56863835858,4803269,"Middle East, North Africa, Afghanistan & Pakistan",Lower middle income
PS,PSE,West Bank and Gaza,2019,-0.867377299999999,-0.318133699999999,-1.523121,11.6079686394728,3656.85827137011,4685306,"Middle East, North Africa, Afghanistan & Pakistan",Lower middle income
PS,PSE,West Bank and Gaza,2018,-0.8250548,-0.303765299999999,-1.46491939999999,12.0505570219715,3562.33094270256,4569087,"Middle East, North Africa, Afghanistan & Pakistan",Lower middle income
PS,PSE,West Bank and Gaza,2017,-0.909343399999999,-0.3074945,-1.3682541,11.7608731839158,3620.36048715937,4454805,"Middle East, North Africa, Afghanistan & Pakistan",Lower middle income
PS,PSE,West Bank and Gaza,2016,-0.887172699999999,-0.2822615,-1.69362899999999,13.8816290649746,3527.61382413178,4367088,"Middle East, North Africa, Afghanistan & Pakistan",Lower middle income
PS,PSE,West Bank and Gaza,2015,-0.864012599999999,-0.4552156,-1.7310474,11.9364574151806,3272.15432360708,4270092,"Middle East, North Africa, Afghanistan & Pakistan",Lower middle income
PS,PSE,West Bank and Gaza,2014,-0.799721999999999,-0.4330927,-1.67333699999999,16.0793165068583,3352.11259506043,4173398,"Middle East, North Africa, Afghanistan & Pakistan",Lower middle income
YE,YEM,"Yemen, Rep.",2024,-1.6971817,-1.63587859999999,-2.7505641,NA,NA,40583164,"Middle East, North Africa, Afghanistan & Pakistan",Low income
YE,YEM,"Yemen, Rep.",2023,-1.6474592,-1.6020865,-2.6264387,NA,NA,39390799,"Middle East, North Africa, Afghanistan & Pakistan",Low income
YE,YEM,"Yemen, Rep.",2022,-1.7097586,-1.66627979999999,-2.61245769999999,NA,NA,38222876,"Middle East, North Africa, Afghanistan & Pakistan",Low income
YE,YEM,"Yemen, Rep.",2021,-1.72651,-1.5920705,-2.6676713,NA,NA,37140230,"Middle East, North Africa, Afghanistan & Pakistan",Low income
YE,YEM,"Yemen, Rep.",2020,-1.6790319,-1.59971739999999,-2.65635899999999,NA,NA,36134863,"Middle East, North Africa, Afghanistan & Pakistan",Low income
YE,YEM,"Yemen, Rep.",2019,-1.7135156,-1.7416979,-2.6172209,NA,NA,35111408,"Middle East, North Africa, Afghanistan & Pakistan",Low income
YE,YEM,"Yemen, Rep.",2018,-1.7530252,-1.7530313,-2.7242925,38.0320424626616,633.887202451545,34085182,"Middle East, North Africa, Afghanistan & Pakistan",Low income
YE,YEM,"Yemen, Rep.",2017,-1.6996718,-1.59097469999999,-2.7305026,12.3879940640427,811.165970405745,33090921,"Middle East, North Africa, Afghanistan & Pakistan",Low income
YE,YEM,"Yemen, Rep.",2016,-1.6857535,-1.6101168,-2.6405037,7.44172699032262,975.359417003225,32109010,"Middle East, North Africa, Afghanistan & Pakistan",Low income
YE,YEM,"Yemen, Rep.",2015,-1.39805999999999,-1.4855019,-2.52514609999999,4.29182331313696,1362.1738120601,31159379,"Middle East, North Africa, Afghanistan & Pakistan",Low income
YE,YEM,"Yemen, Rep.",2014,-1.2026847,-1.50166699999999,-2.52247629999999,2.85146347741999,1430.16420964026,30226309,"Middle East, North Africa, Afghanistan & Pakistan",Low income
ZM,ZMB,Zambia,2024,-0.407568899999999,-0.4568294,-0.1007849,NA,1187.10943350064,21314956,Sub-Saharan Africa,Lower middle income
ZM,ZMB,Zambia,2023,-0.3736237,-0.39812,-0.0111463999999999,5.48803893185948,1330.72780576709,20723965,Sub-Saharan Africa,Lower middle income
ZM,ZMB,Zambia,2022,-0.386004399999999,-0.4180775,0.0456326,6.61955080354939,1447.12310138035,20152938,Sub-Saharan Africa,Lower middle income
ZM,ZMB,Zambia,2021,-0.5563406,-0.6928953,-0.158277199999999,5.34165217395963,1127.16077872857,19603607,Sub-Saharan Africa,Lower middle income
ZM,ZMB,Zambia,2020,-0.4695453,-0.6050749,-0.3679359,5.85750157191414,951.644316655957,19059395,Sub-Saharan Africa,Lower middle income
ZM,ZMB,Zambia,2019,-0.482359,-0.6455711,-0.3690652,4.13992284224419,1258.98619844462,18513839,Sub-Saharan Africa,Lower middle income
ZM,ZMB,Zambia,2018,-0.4726786,-0.6165275,-0.2916638,3.86158215017163,1463.89997855593,17973569,Sub-Saharan Africa,Lower middle income
ZM,ZMB,Zambia,2017,-0.3690594,-0.464061199999999,-0.211101999999999,4.20760688609291,1483.46577328065,17441320,Sub-Saharan Africa,Lower middle income
ZM,ZMB,Zambia,2016,-0.315554499999999,-0.423830999999999,-0.2072561,4.75825898812421,1239.08527877713,16914423,Sub-Saharan Africa,Lower middle income
ZM,ZMB,Zambia,2015,-0.193544499999999,-0.395175899999999,0.0822748,3.82887273515553,1295.87788680068,16399089,Sub-Saharan Africa,Lower middle income
ZM,ZMB,Zambia,2014,-0.1726245,-0.390403499999999,-0.0580544,3.75239855986919,1707.48573136694,15895315,Sub-Saharan Africa,Lower middle income
ZW,ZWE,Zimbabwe,2024,-1.2595646,-1.2516542,-1.0172382,NA,2496.15514995576,16634373,Sub-Saharan Africa,Lower middle income
ZW,ZWE,Zimbabwe,2023,-1.2023997,-1.1914608,-0.998213999999999,2.22839339106763,2195.22502010174,16340822,Sub-Saharan Africa,Lower middle income
ZW,ZWE,Zimbabwe,2022,-1.192092,-1.1984753,-0.8261001,1.96433549347949,2536.40197087505,16069056,Sub-Saharan Africa,Lower middle income
ZW,ZWE,Zimbabwe,2021,-1.176409,-1.1867823,-1.0184197,2.42940846586167,2613.6167414057,15797210,Sub-Saharan Africa,Lower middle income
ZW,ZWE,Zimbabwe,2020,-1.1693628,-1.1729479,-1.0459616,3.12628861463086,2059.63704025274,15526888,Sub-Saharan Africa,Lower middle income
ZW,ZWE,Zimbabwe,2019,-1.2476642,-1.28338019999999,-0.984582,2.5639000192922,2184.52155388801,15271368,Sub-Saharan Africa,Lower middle income
ZW,ZWE,Zimbabwe,2018,-1.2034485,-1.3111277,-0.824492,2.37686119647224,2270.89531874302,15034452,Sub-Saharan Africa,Lower middle income
ZW,ZWE,Zimbabwe,2017,-1.3803793,-1.2922875,-0.8348774,1.47988726662785,3445.44941020134,14812482,Sub-Saharan Africa,Lower middle income
ZW,ZWE,Zimbabwe,2016,-1.3946976,-1.3004061,-0.9112005,3.48330991905697,1408.13945253431,14600294,Sub-Saharan Africa,Lower middle income
ZW,ZWE,Zimbabwe,2015,-1.32811939999999,-1.3029239,-0.856518799999999,4.05669360741361,1387.12632595026,14399013,Sub-Saharan Africa,Lower middle income
ZW,ZWE,Zimbabwe,2014,-1.4046383,-1.4973623,-0.976551899999999,4.10200952824576,1372.91526173161,14207359,Sub-Saharan Africa,Lower middle income
AF,AFG,Afghanistan,2025,NA,NA,NA,NA,NA,43844111,"Middle East, North Africa, Afghanistan & Pakistan",Low income
AL,ALB,Albania,2025,NA,NA,NA,NA,12998.147869552,2349580,Europe & Central Asia,Upper middle income
DZ,DZA,Algeria,2025,NA,NA,NA,NA,6051.00322704182,47435312,"Middle East, North Africa, Afghanistan & Pakistan",Upper middle income
AS,ASM,American Samoa,2025,NA,NA,NA,NA,NA,46029,East Asia & Pacific,High income
AD,AND,Andorra,2025,NA,NA,NA,NA,54291.5026031052,82904,Europe & Central Asia,High income
AO,AGO,Angola,2025,NA,NA,NA,NA,3129.47662331063,39040039,Sub-Saharan Africa,Lower middle income
AG,ATG,Antigua and Barbuda,2025,NA,NA,NA,NA,24819.2454680158,94209,Latin America & Caribbean,High income
AR,ARG,Argentina,2025,NA,NA,NA,NA,14898.0885943842,45851378,Latin America & Caribbean,Upper middle income
AM,ARM,Armenia,2025,NA,NA,NA,NA,9474.01849300368,3086700,Europe & Central Asia,Upper middle income
AW,ABW,Aruba,2025,NA,NA,NA,NA,NA,108785,Latin America & Caribbean,High income
AU,AUS,Australia,2025,NA,NA,NA,NA,65129.7227990563,27614411,East Asia & Pacific,High income
AT,AUT,Austria,2025,NA,NA,NA,NA,62930.0351324599,9208163,Europe & Central Asia,High income
AZ,AZE,Azerbaijan,2025,NA,NA,NA,NA,7410.72281660142,10246996,Europe & Central Asia,Upper middle income
BS,BHS,"Bahamas, The",2025,NA,NA,NA,NA,NA,403033,Latin America & Caribbean,High income
BH,BHR,Bahrain,2025,NA,NA,NA,NA,30596.5794898885,1600366,"Middle East, North Africa, Afghanistan & Pakistan",High income
BD,BGD,Bangladesh,2025,NA,NA,NA,NA,2597.34352335275,175686899,South Asia,Lower middle income
BB,BRB,Barbados,2025,NA,NA,NA,NA,28364.8181499736,282623,Latin America & Caribbean,High income
BY,BLR,Belarus,2025,NA,NA,NA,NA,10279.2547190723,9085991,Europe & Central Asia,Upper middle income
BE,BEL,Belgium,2025,NA,NA,NA,NA,60750.2735864647,11941781,Europe & Central Asia,High income
BZ,BLZ,Belize,2025,NA,NA,NA,NA,7865.47937690933,422924,Latin America & Caribbean,Upper middle income
BJ,BEN,Benin,2025,NA,NA,NA,NA,1658.27312662991,14814460,Sub-Saharan Africa,Lower middle income
BM,BMU,Bermuda,2025,NA,NA,NA,NA,NA,64555,North America,High income
BT,BTN,Bhutan,2025,NA,NA,NA,NA,4492.78400306618,796682,South Asia,Lower middle income
BO,BOL,Bolivia,2025,NA,NA,NA,NA,5147.81081955367,12581843,Latin America & Caribbean,Lower middle income
BA,BIH,Bosnia and Herzegovina,2025,NA,NA,NA,NA,10381.8460703874,3140095,Europe & Central Asia,Upper middle income
BW,BWA,Botswana,2025,NA,NA,NA,NA,7778.1151090571,2562122,Sub-Saharan Africa,Upper middle income
BR,BRA,Brazil,2025,NA,NA,NA,NA,10713.2856869511,212812405,Latin America & Caribbean,Upper middle income
VG,VGB,British Virgin Islands,2025,NA,NA,NA,NA,NA,39732,Latin America & Caribbean,High income
VG,VGB,British Virgin Islands,2024,NA,NA,NA,NA,NA,39471,Latin America & Caribbean,High income
VG,VGB,British Virgin Islands,2023,NA,NA,NA,NA,NA,38985,Latin America & Caribbean,High income
VG,VGB,British Virgin Islands,2022,NA,NA,NA,NA,NA,38319,Latin America & Caribbean,High income
VG,VGB,British Virgin Islands,2021,NA,NA,NA,NA,NA,37809,Latin America & Caribbean,High income
VG,VGB,British Virgin Islands,2020,NA,NA,NA,NA,NA,37135,Latin America & Caribbean,High income
VG,VGB,British Virgin Islands,2019,NA,NA,NA,NA,NA,36395,Latin America & Caribbean,High income
VG,VGB,British Virgin Islands,2018,NA,NA,NA,NA,NA,34657,Latin America & Caribbean,High income
VG,VGB,British Virgin Islands,2017,NA,NA,NA,NA,NA,32699,Latin America & Caribbean,High income
VG,VGB,British Virgin Islands,2016,NA,NA,NA,NA,NA,33878,Latin America & Caribbean,High income
VG,VGB,British Virgin Islands,2015,NA,NA,NA,NA,NA,34498,Latin America & Caribbean,High income
VG,VGB,British Virgin Islands,2014,NA,NA,NA,NA,NA,32962,Latin America & Caribbean,High income
BN,BRN,Brunei Darussalam,2025,NA,NA,NA,NA,32234.6428368582,466330,East Asia & Pacific,High income
BG,BGR,Bulgaria,2025,NA,NA,NA,NA,20328.1667065538,6433302,Europe & Central Asia,High income
BF,BFA,Burkina Faso,2025,NA,NA,NA,NA,1147.57131635601,24074580,Sub-Saharan Africa,Low income
BI,BDI,Burundi,2025,NA,NA,NA,NA,233.823013385395,14390003,Sub-Saharan Africa,Low income
CV,CPV,Cabo Verde,2025,NA,NA,NA,NA,5796.47207860911,527326,Sub-Saharan Africa,Upper middle income
KH,KHM,Cambodia,2025,NA,NA,NA,NA,2872.42926639909,17847982,East Asia & Pacific,Lower middle income
CM,CMR,Cameroon,2025,NA,NA,NA,NA,1972.3815800786,29879337,Sub-Saharan Africa,Lower middle income
CA,CAN,Canada,2025,NA,NA,NA,NA,55697.6639660837,41651653,North America,High income
KY,CYM,Cayman Islands,2025,NA,NA,NA,NA,NA,75844,Latin America & Caribbean,High income
CF,CAF,Central African Republic,2025,NA,NA,NA,NA,556.131398031455,5513282,Sub-Saharan Africa,Low income
TD,TCD,Chad,2025,NA,NA,NA,NA,1022.33559390754,21003705,Sub-Saharan Africa,Low income
JG,CHI,Channel Islands,2025,NA,NA,NA,NA,NA,168466,Europe & Central Asia,High income
JG,CHI,Channel Islands,2024,NA,NA,NA,NA,NA,168126,Europe & Central Asia,High income
JG,CHI,Channel Islands,2023,NA,NA,NA,NA,74585.5224096294,167691,Europe & Central Asia,High income
JG,CHI,Channel Islands,2022,NA,NA,NA,NA,67627.1417347907,167215,Europe & Central Asia,High income
JG,CHI,Channel Islands,2021,NA,NA,NA,NA,66915.3963925722,166741,Europe & Central Asia,High income
JG,CHI,Channel Islands,2020,NA,NA,NA,NA,56785.9402005039,166235,Europe & Central Asia,High income
JG,CHI,Channel Islands,2019,NA,NA,NA,NA,60564.6293993681,165639,Europe & Central Asia,High income
JG,CHI,Channel Islands,2018,NA,NA,NA,NA,60784.8125397162,164949,Europe & Central Asia,High income
JG,CHI,Channel Islands,2017,NA,NA,NA,NA,55806.3554257428,164319,Europe & Central Asia,High income
JG,CHI,Channel Islands,2016,NA,NA,NA,NA,55947.579811974,163883,Europe & Central Asia,High income
JG,CHI,Channel Islands,2015,NA,NA,NA,NA,61847.8212238857,163454,Europe & Central Asia,High income
JG,CHI,Channel Islands,2014,NA,NA,NA,NA,64697.5485024325,162726,Europe & Central Asia,High income
CL,CHL,Chile,2025,NA,NA,NA,NA,17994.5911957485,19859921,Latin America & Caribbean,High income
CN,CHN,China,2025,NA,NA,NA,NA,13861.970224368,1406585000,East Asia & Pacific,Upper middle income
CO,COL,Colombia,2025,NA,NA,NA,NA,8561.62091854449,53425635,Latin America & Caribbean,Upper middle income
KM,COM,Comoros,2025,NA,NA,NA,NA,2055.75921566281,882847,Sub-Saharan Africa,Lower middle income
CD,COD,"Congo, Dem. Rep.",2025,NA,NA,NA,NA,806.776000708534,112832473,Sub-Saharan Africa,Low income
CG,COG,"Congo, Rep.",2025,NA,NA,NA,NA,2514.73393584747,6484437,Sub-Saharan Africa,Lower middle income
CR,CRI,Costa Rica,2025,NA,NA,NA,NA,19970.0989059622,5152950,Latin America & Caribbean,High income
CI,CIV,Cote d'Ivoire,2025,NA,NA,NA,NA,3050.10202257321,32711547,Sub-Saharan Africa,Lower middle income
HR,HRV,Croatia,2025,NA,NA,NA,NA,27103.9116109268,3876200,Europe & Central Asia,High income
CU,CUB,Cuba,2025,NA,NA,NA,NA,NA,10937203,Latin America & Caribbean,Upper middle income
CW,CUW,Curacao,2025,NA,NA,NA,NA,NA,156263,Latin America & Caribbean,High income
CW,CUW,Curacao,2024,NA,NA,NA,NA,22832.895498987,155967,Latin America & Caribbean,High income
CW,CUW,Curacao,2023,NA,NA,NA,NA,21217.8109173312,154654,Latin America & Caribbean,High income
CW,CUW,Curacao,2022,NA,NA,NA,NA,20057.1404960105,153321,Latin America & Caribbean,High income
CW,CUW,Curacao,2021,NA,NA,NA,NA,17795.5826483092,153948,Latin America & Caribbean,High income
CW,CUW,Curacao,2020,NA,NA,NA,NA,16299.8134688605,155482,Latin America & Caribbean,High income
CW,CUW,Curacao,2019,NA,NA,NA,NA,19220.6866958303,157441,Latin America & Caribbean,High income
CW,CUW,Curacao,2018,NA,NA,NA,NA,19119.1243941688,159336,Latin America & Caribbean,High income
CW,CUW,Curacao,2017,NA,NA,NA,NA,18938.2440469703,160175,Latin America & Caribbean,High income
CW,CUW,Curacao,2016,NA,NA,NA,NA,18944.0961493998,159664,Latin America & Caribbean,High income
CW,CUW,Curacao,2015,NA,NA,NA,NA,19361.8130008678,157980,Latin America & Caribbean,High income
CW,CUW,Curacao,2014,NA,NA,NA,NA,19623.029993395,155909,Latin America & Caribbean,High income
CY,CYP,Cyprus,2025,NA,NA,NA,NA,41783.08984375,1370754,Europe & Central Asia,High income
CZ,CZE,Czechia,2025,NA,NA,NA,NA,35917.2724081665,10886878,Europe & Central Asia,High income
DK,DNK,Denmark,2025,NA,NA,NA,NA,76970.1535217919,6009169,Europe & Central Asia,High income
DJ,DJI,Djibouti,2025,NA,NA,NA,NA,3905.604954681,1184076,"Middle East, North Africa, Afghanistan & Pakistan",Lower middle income
DM,DMA,Dominica,2025,NA,NA,NA,NA,10989.0431185083,65871,Latin America & Caribbean,Upper middle income
DO,DOM,Dominican Republic,2025,NA,NA,NA,NA,11059.2081531834,11520487,Latin America & Caribbean,Upper middle income
EC,ECU,Ecuador,2025,NA,NA,NA,NA,7125.27618527738,18289896,Latin America & Caribbean,Upper middle income
EG,EGY,"Egypt, Arab Rep.",2025,NA,NA,NA,NA,3085.80712036204,118365995,"Middle East, North Africa, Afghanistan & Pakistan",Lower middle income
SV,SLV,El Salvador,2025,NA,NA,NA,NA,5766.72574029107,6365503,Latin America & Caribbean,Upper middle income
GQ,GNQ,Equatorial Guinea,2025,NA,NA,NA,NA,6615.25245207167,1938431,Sub-Saharan Africa,Upper middle income
ER,ERI,Eritrea,2025,NA,NA,NA,NA,NA,3607003,Sub-Saharan Africa,Low income
EE,EST,Estonia,2025,NA,NA,NA,NA,34417.6320815138,1366475,Europe & Central Asia,High income
SZ,SWZ,Eswatini,2025,NA,NA,NA,NA,4108.25221093363,1256174,Sub-Saharan Africa,Lower middle income
ET,ETH,Ethiopia,2025,NA,NA,NA,NA,932.729352775179,135472051,Sub-Saharan Africa,Low income
FO,FRO,Faroe Islands,2025,NA,NA,NA,NA,NA,54900,Europe & Central Asia,High income
FO,FRO,Faroe Islands,2024,NA,NA,NA,NA,74175.2776311377,54640,Europe & Central Asia,High income
FO,FRO,Faroe Islands,2023,NA,NA,NA,NA,72486.6910957957,54398,Europe & Central Asia,High income
FO,FRO,Faroe Islands,2022,NA,NA,NA,NA,67069.3987440509,53903,Europe & Central Asia,High income
FO,FRO,Faroe Islands,2021,NA,NA,NA,NA,69421.6981686515,53291,Europe & Central Asia,High income
FO,FRO,Faroe Islands,2020,NA,NA,NA,NA,62247.9273907098,52561,Europe & Central Asia,High income
FO,FRO,Faroe Islands,2019,NA,NA,NA,NA,63070.7228080361,51790,Europe & Central Asia,High income
FO,FRO,Faroe Islands,2018,NA,NA,NA,NA,62525.2647698273,50997,Europe & Central Asia,High income
FO,FRO,Faroe Islands,2017,NA,NA,NA,NA,59388.5365965776,50179,Europe & Central Asia,High income
FO,FRO,Faroe Islands,2016,NA,NA,NA,NA,56876.4302363804,49463,Europe & Central Asia,High income
FO,FRO,Faroe Islands,2015,NA,NA,NA,NA,52638.2668218454,48898,Europe & Central Asia,High income
FO,FRO,Faroe Islands,2014,NA,NA,NA,NA,60173.3057854661,48427,Europe & Central Asia,High income
FJ,FJI,Fiji,2025,NA,NA,NA,NA,6642.00449450523,933154,East Asia & Pacific,Upper middle income
FI,FIN,Finland,2025,NA,NA,NA,NA,56148.580949046,5646436,Europe & Central Asia,High income
FR,FRA,France,2025,NA,NA,NA,NA,48985.7307807924,68720337,Europe & Central Asia,High income
PF,PYF,French Polynesia,2025,NA,NA,NA,NA,NA,282465,East Asia & Pacific,High income
GA,GAB,Gabon,2025,NA,NA,NA,NA,8263.03321595,2593130,Sub-Saharan Africa,Upper middle income
GM,GMB,"Gambia, The",2025,NA,NA,NA,NA,919.060423427951,2822093,Sub-Saharan Africa,Low income
GE,GEO,Georgia,2025,NA,NA,NA,NA,9691.53472415196,3935766,Europe & Central Asia,Upper middle income
DE,DEU,Germany,2025,NA,NA,NA,NA,60496.4350820414,83491249,Europe & Central Asia,High income
GH,GHA,Ghana,2025,NA,NA,NA,NA,3257.1588903576,35064272,Sub-Saharan Africa,Lower middle income
GI,GIB,Gibraltar,2025,NA,NA,NA,NA,NA,40126,Europe & Central Asia,High income
GI,GIB,Gibraltar,2024,NA,NA,NA,NA,NA,39329,Europe & Central Asia,High income
GI,GIB,Gibraltar,2023,NA,NA,NA,NA,NA,38471,Europe & Central Asia,High income
GI,GIB,Gibraltar,2022,NA,NA,NA,NA,NA,37609,Europe & Central Asia,High income
GI,GIB,Gibraltar,2021,NA,NA,NA,NA,NA,36858,Europe & Central Asia,High income
GI,GIB,Gibraltar,2020,NA,NA,NA,NA,NA,36173,Europe & Central Asia,High income
GI,GIB,Gibraltar,2019,NA,NA,NA,NA,NA,35494,Europe & Central Asia,High income
GI,GIB,Gibraltar,2018,NA,NA,NA,NA,NA,34854,Europe & Central Asia,High income
GI,GIB,Gibraltar,2017,NA,NA,NA,NA,NA,34245,Europe & Central Asia,High income
GI,GIB,Gibraltar,2016,NA,NA,NA,NA,NA,33658,Europe & Central Asia,High income
GI,GIB,Gibraltar,2015,NA,NA,NA,NA,NA,33193,Europe & Central Asia,High income
GI,GIB,Gibraltar,2014,NA,NA,NA,NA,NA,32813,Europe & Central Asia,High income
GR,GRC,Greece,2025,NA,NA,NA,NA,26948.0070432791,10413962,Europe & Central Asia,High income
GL,GRL,Greenland,2025,NA,NA,NA,NA,NA,56831,Europe & Central Asia,High income
GD,GRD,Grenada,2025,NA,NA,NA,NA,12106.8790105068,117303,Latin America & Caribbean,Upper middle income
GU,GUM,Guam,2025,NA,NA,NA,NA,NA,168999,East Asia & Pacific,High income
GT,GTM,Guatemala,2025,NA,NA,NA,NA,6598.18032988711,18687881,Latin America & Caribbean,Upper middle income
GN,GIN,Guinea,2025,NA,NA,NA,NA,1877.2541220972,15099727,Sub-Saharan Africa,Lower middle income
GW,GNB,Guinea-Bissau,2025,NA,NA,NA,NA,1123.76679992349,2249515,Sub-Saharan Africa,Low income
GY,GUY,Guyana,2025,NA,NA,NA,NA,32413.7930757518,835986,Latin America & Caribbean,High income
HT,HTI,Haiti,2025,NA,NA,NA,NA,2694.18969101404,11906095,Latin America & Caribbean,Lower middle income
HN,HND,Honduras,2025,NA,NA,NA,NA,3598.21450440452,11005850,Latin America & Caribbean,Lower middle income
HK,HKG,"Hong Kong SAR, China",2025,NA,NA,NA,NA,56983.0663059906,7498900,East Asia & Pacific,High income
HU,HUN,Hungary,2025,NA,NA,NA,NA,25907.4743259406,9514251,Europe & Central Asia,High income
IS,ISL,Iceland,2025,NA,NA,NA,NA,98323.4849517418,392404,Europe & Central Asia,High income
IN,IND,India,2025,NA,NA,NA,NA,2702.47987141553,1463865525,South Asia,Lower middle income
ID,IDN,Indonesia,2025,NA,NA,NA,NA,5059.62596411213,285721236,East Asia & Pacific,Upper middle income
IR,IRN,"Iran, Islamic Rep.",2025,NA,NA,NA,NA,3924.38017821898,92417681,"Middle East, North Africa, Afghanistan & Pakistan",Upper middle income
IQ,IRQ,Iraq,2025,NA,NA,NA,NA,5409.67899716967,47020774,"Middle East, North Africa, Afghanistan & Pakistan",Upper middle income
IE,IRL,Ireland,2025,NA,NA,NA,NA,131592.462547877,5484367,Europe & Central Asia,High income
IM,IMN,Isle of Man,2025,NA,NA,NA,NA,NA,84118,Europe & Central Asia,High income
IM,IMN,Isle of Man,2024,NA,NA,NA,NA,NA,84160,Europe & Central Asia,High income
IM,IMN,Isle of Man,2023,NA,NA,NA,NA,90015.2074234398,84165,Europe & Central Asia,High income
IM,IMN,Isle of Man,2022,NA,NA,NA,NA,88328.548125887,84132,Europe & Central Asia,High income
IM,IMN,Isle of Man,2021,NA,NA,NA,NA,94299.969348965,84106,Europe & Central Asia,High income
IM,IMN,Isle of Man,2020,NA,NA,NA,NA,79513.5330346598,84064,Europe & Central Asia,High income
IM,IMN,Isle of Man,2019,NA,NA,NA,NA,87127.5517977404,83957,Europe & Central Asia,High income
IM,IMN,Isle of Man,2018,NA,NA,NA,NA,89393.8244248812,83805,Europe & Central Asia,High income
IM,IMN,Isle of Man,2017,NA,NA,NA,NA,83481.3038489014,83609,Europe & Central Asia,High income
IM,IMN,Isle of Man,2016,NA,NA,NA,NA,82025.9454509241,83466,Europe & Central Asia,High income
IM,IMN,Isle of Man,2015,NA,NA,NA,NA,84753.5187422732,83593,Europe & Central Asia,High income
IM,IMN,Isle of Man,2014,NA,NA,NA,NA,91885.4528718026,83892,Europe & Central Asia,High income
IL,ISR,Israel,2025,NA,NA,NA,NA,60336.8477964194,10122800,"Middle East, North Africa, Afghanistan & Pakistan",High income
IT,ITA,Italy,2025,NA,NA,NA,NA,43308.6403060733,58915656,Europe & Central Asia,High income
JM,JAM,Jamaica,2025,NA,NA,NA,NA,8002.92104076242,2837077,Latin America & Caribbean,Upper middle income
JP,JPN,Japan,2025,NA,NA,NA,NA,35951.0449549304,123366734,East Asia & Pacific,High income
JO,JOR,Jordan,2025,NA,NA,NA,NA,5347.77731384797,11520684,"Middle East, North Africa, Afghanistan & Pakistan",Upper middle income
KZ,KAZ,Kazakhstan,2025,NA,NA,NA,NA,14692.1331757237,20843754,Europe & Central Asia,Upper middle income
KE,KEN,Kenya,2025,NA,NA,NA,NA,2362.86091198611,57532493,Sub-Saharan Africa,Lower middle income
KI,KIR,Kiribati,2025,NA,NA,NA,NA,2558.66636011102,136488,East Asia & Pacific,Lower middle income
KP,PRK,"Korea, Dem. People's Rep.",2025,NA,NA,NA,NA,NA,26571036,East Asia & Pacific,Low income
KR,KOR,"Korea, Rep.",2025,NA,NA,NA,NA,36226.9663637512,51684564,East Asia & Pacific,High income
XK,XKX,Kosovo,2025,NA,NA,NA,NA,7899.41841135202,1576876,Europe & Central Asia,Upper middle income
KW,KWT,Kuwait,2025,NA,NA,NA,NA,32312.3119953634,4865298,"Middle East, North Africa, Afghanistan & Pakistan",High income
KG,KGZ,Kyrgyz Republic,2025,NA,NA,NA,NA,3080.96893823359,7343064,Europe & Central Asia,Lower middle income
LA,LAO,Lao PDR,2025,NA,NA,NA,NA,2324.76353098791,7873046,East Asia & Pacific,Lower middle income
LV,LVA,Latvia,2025,NA,NA,NA,NA,26311.9730706362,1847785,Europe & Central Asia,High income
LB,LBN,Lebanon,2025,NA,NA,NA,NA,NA,5849421,"Middle East, North Africa, Afghanistan & Pakistan",Lower middle income
LS,LSO,Lesotho,2025,NA,NA,NA,NA,1088.96276223185,2363325,Sub-Saharan Africa,Lower middle income
LR,LBR,Liberia,2025,NA,NA,NA,NA,915.328972645548,5731206,Sub-Saharan Africa,Low income
LY,LBY,Libya,2025,NA,NA,NA,NA,6448.82415074121,7458555,"Middle East, North Africa, Afghanistan & Pakistan",Upper middle income
LI,LIE,Liechtenstein,2025,NA,NA,NA,NA,NA,41024,Europe & Central Asia,High income
LT,LTU,Lithuania,2025,NA,NA,NA,NA,32958.6706396386,2888774,Europe & Central Asia,High income
LU,LUX,Luxembourg,2025,NA,NA,NA,NA,147252.179121515,686970,Europe & Central Asia,High income
MO,MAC,"Macao SAR, China",2025,NA,NA,NA,NA,75901.7461294198,685900,East Asia & Pacific,High income
MG,MDG,Madagascar,2025,NA,NA,NA,NA,599.265294255357,32740678,Sub-Saharan Africa,Low income
MW,MWI,Malawi,2025,NA,NA,NA,NA,671.506847203876,22216120,Sub-Saharan Africa,Low income
MY,MYS,Malaysia,2025,NA,NA,NA,NA,13124.5554178269,35977838,East Asia & Pacific,Upper middle income
MV,MDV,Maldives,2025,NA,NA,NA,NA,14614.7208116541,529676,South Asia,Upper middle income
ML,MLI,Mali,2025,NA,NA,NA,NA,1193.27601004701,25198821,Sub-Saharan Africa,Low income
MT,MLT,Malta,2025,NA,NA,NA,NA,47906.9000057635,579704,"Middle East, North Africa, Afghanistan & Pakistan",High income
MH,MHL,Marshall Islands,2025,NA,NA,NA,NA,8489.05793506422,36282,East Asia & Pacific,Upper middle income
MR,MRT,Mauritania,2025,NA,NA,NA,NA,2197.51046251309,5315065,Sub-Saharan Africa,Lower middle income
MU,MUS,Mauritius,2025,NA,NA,NA,NA,12991.2935987166,1243741,Sub-Saharan Africa,Upper middle income
MX,MEX,Mexico,2025,NA,NA,NA,NA,13889.2339628708,131946900,Latin America & Caribbean,Upper middle income
FM,FSM,"Micronesia, Fed. Sts.",2025,NA,NA,NA,NA,4414.00737137479,113683,East Asia & Pacific,Upper middle income
MD,MDA,Moldova,2025,NA,NA,NA,NA,8621.71721623786,2360527,Europe & Central Asia,Upper middle income
MC,MCO,Monaco,2025,NA,NA,NA,NA,NA,38341,Europe & Central Asia,High income
MN,MNG,Mongolia,2025,NA,NA,NA,NA,7108.22743246244,3568978,East Asia & Pacific,Upper middle income
ME,MNE,Montenegro,2025,NA,NA,NA,NA,14816.8380299947,623129,Europe & Central Asia,Upper middle income
MA,MAR,Morocco,2025,NA,NA,NA,NA,4672.46826171875,38430770,"Middle East, North Africa, Afghanistan & Pakistan",Lower middle income
MZ,MOZ,Mozambique,2025,NA,NA,NA,NA,626.914419215727,35631653,Sub-Saharan Africa,Low income
MM,MMR,Myanmar,2025,NA,NA,NA,NA,1488.87527836542,54850648,East Asia & Pacific,Lower middle income
NR,NRU,Naoero,2025,NA,NA,NA,NA,14639.5046929186,12025,East Asia & Pacific,High income
NP,NPL,Nepal,2025,NA,NA,NA,NA,1535.87781246307,29618118,South Asia,Lower middle income
NL,NLD,Netherlands,2025,NA,NA,NA,NA,73683.917132794,18087633,Europe & Central Asia,High income
NC,NCL,New Caledonia,2025,NA,NA,NA,NA,NA,295333,East Asia & Pacific,High income
NZ,NZL,New Zealand,2025,NA,NA,NA,NA,49591.0405731713,5324700,East Asia & Pacific,High income
NI,NIC,Nicaragua,2025,NA,NA,NA,NA,3173.33724815085,7007502,Latin America & Caribbean,Lower middle income
NE,NER,Niger,2025,NA,NA,NA,NA,775.353622143879,27917831,Sub-Saharan Africa,Low income
NG,NGA,Nigeria,2025,NA,NA,NA,NA,1224.25410237743,237527782,Sub-Saharan Africa,Lower middle income
MK,MKD,North Macedonia,2025,NA,NA,NA,NA,10489.9255355525,1820909,Europe & Central Asia,Upper middle income
MP,MNP,Northern Mariana Islands,2025,NA,NA,NA,NA,NA,43541,East Asia & Pacific,High income
MP,MNP,Northern Mariana Islands,2024,NA,NA,NA,NA,NA,44278,East Asia & Pacific,High income
MP,MNP,Northern Mariana Islands,2023,NA,NA,NA,NA,NA,45143,East Asia & Pacific,High income
MP,MNP,Northern Mariana Islands,2022,NA,NA,NA,NA,23785.754590043,46078,East Asia & Pacific,High income
MP,MNP,Northern Mariana Islands,2021,NA,NA,NA,NA,19455.50139424,46979,East Asia & Pacific,High income
MP,MNP,Northern Mariana Islands,2020,NA,NA,NA,NA,18220.8382427201,47528,East Asia & Pacific,High income
MP,MNP,Northern Mariana Islands,2019,NA,NA,NA,NA,24496.6652122421,48129,East Asia & Pacific,High income
MP,MNP,Northern Mariana Islands,2018,NA,NA,NA,NA,26509.3628379893,49077,East Asia & Pacific,High income
MP,MNP,Northern Mariana Islands,2017,NA,NA,NA,NA,31225.6049960968,49959,East Asia & Pacific,High income
MP,MNP,Northern Mariana Islands,2016,NA,NA,NA,NA,24225.474169342,50773,East Asia & Pacific,High income
MP,MNP,Northern Mariana Islands,2015,NA,NA,NA,NA,17665.1007493109,51514,East Asia & Pacific,High income
MP,MNP,Northern Mariana Islands,2014,NA,NA,NA,NA,15945.417608954,52178,East Asia & Pacific,High income
NO,NOR,Norway,2025,NA,NA,NA,NA,94594.1929573987,5610870,Europe & Central Asia,High income
OM,OMN,Oman,2025,NA,NA,NA,NA,19947.3966227092,5494691,"Middle East, North Africa, Afghanistan & Pakistan",High income
PK,PAK,Pakistan,2025,NA,NA,NA,NA,1595.90912252837,255219554,"Middle East, North Africa, Afghanistan & Pakistan",Lower middle income
PW,PLW,Palau,2025,NA,NA,NA,NA,19532.3557719527,17663,East Asia & Pacific,High income
PA,PAN,Panama,2025,NA,NA,NA,NA,19789.7308555826,4571189,Latin America & Caribbean,High income
PG,PNG,Papua New Guinea,2025,NA,NA,NA,NA,3019.5309140573,10762817,East Asia & Pacific,Lower middle income
PY,PRY,Paraguay,2025,NA,NA,NA,NA,7026.61906146401,7013078,Latin America & Caribbean,Upper middle income
PE,PER,Peru,2025,NA,NA,NA,NA,9684.41170314988,34576665,Latin America & Caribbean,Upper middle income
PH,PHL,Philippines,2025,NA,NA,NA,NA,4170.72347271451,116786962,East Asia & Pacific,Upper middle income
PL,POL,Poland,2025,NA,NA,NA,NA,28419.5777395638,36435861,Europe & Central Asia,High income
PT,PRT,Portugal,2025,NA,NA,NA,NA,32081.8106150292,10804871,Europe & Central Asia,High income
PR,PRI,Puerto Rico (US),2025,NA,NA,NA,NA,40620.1526923687,3184835,Latin America & Caribbean,High income
QA,QAT,Qatar,2025,NA,NA,NA,NA,72524.9066385222,2972215,"Middle East, North Africa, Afghanistan & Pakistan",High income
RO,ROU,Romania,2025,NA,NA,NA,NA,22537.9532108047,19020271,Europe & Central Asia,High income
RU,RUS,Russian Federation,2025,NA,NA,NA,NA,17546.609375,143513328,Europe & Central Asia,High income
RW,RWA,Rwanda,2025,NA,NA,NA,NA,1123.73874633225,14569341,Sub-Saharan Africa,Low income
WS,WSM,Samoa,2025,NA,NA,NA,NA,5872.78333308796,219306,East Asia & Pacific,Upper middle income
SM,SMR,San Marino,2025,NA,NA,NA,NA,NA,34109,Europe & Central Asia,High income
ST,STP,Sao Tome and Principe,2025,NA,NA,NA,NA,4084.40062145233,240254,Sub-Saharan Africa,Lower middle income
SA,SAU,Saudi Arabia,2025,NA,NA,NA,NA,34536.6555456551,36973555,"Middle East, North Africa, Afghanistan & Pakistan",High income
SN,SEN,Senegal,2025,NA,NA,NA,NA,1954.71174194867,18931966,Sub-Saharan Africa,Lower middle income
RS,SRB,Serbia,2025,NA,NA,NA,NA,15262.0464193413,6549143,Europe & Central Asia,Upper middle income
SC,SYC,Seychelles,2025,NA,NA,NA,NA,19449.3836346926,122730,Sub-Saharan Africa,High income
SL,SLE,Sierra Leone,2025,NA,NA,NA,NA,846.296172499617,8819794,Sub-Saharan Africa,Low income
SG,SGP,Singapore,2025,NA,NA,NA,NA,98813.9788172877,6111175,East Asia & Pacific,High income
SX,SXM,Sint Maarten (Dutch part),2025,NA,NA,NA,NA,42978.1317407037,43923,Latin America & Caribbean,High income
SX,SXM,Sint Maarten (Dutch part),2024,NA,NA,NA,NA,41472.5870367865,43350,Latin America & Caribbean,High income
SX,SXM,Sint Maarten (Dutch part),2023,NA,NA,NA,NA,39451.822911732,42749,Latin America & Caribbean,High income
SX,SXM,Sint Maarten (Dutch part),2022,NA,NA,NA,NA,37793.1283815826,42139,Latin America & Caribbean,High income
SX,SXM,Sint Maarten (Dutch part),2021,NA,NA,NA,NA,32548.4366854902,41571,Latin America & Caribbean,High income
SX,SXM,Sint Maarten (Dutch part),2020,NA,NA,NA,NA,30150.8998380477,41008,Latin America & Caribbean,High income
SX,SXM,Sint Maarten (Dutch part),2019,NA,NA,NA,NA,34861.469528968,40385,Latin America & Caribbean,High income
SX,SXM,Sint Maarten (Dutch part),2018,NA,NA,NA,NA,31708.3110124742,39712,Latin America & Caribbean,High income
SX,SXM,Sint Maarten (Dutch part),2017,NA,NA,NA,NA,34701.3058494468,38996,Latin America & Caribbean,High income
SX,SXM,Sint Maarten (Dutch part),2016,NA,NA,NA,NA,37308.6147795736,38249,Latin America & Caribbean,High income
SX,SXM,Sint Maarten (Dutch part),2015,NA,NA,NA,NA,37839.6283815163,37471,Latin America & Caribbean,High income
SX,SXM,Sint Maarten (Dutch part),2014,NA,NA,NA,NA,37134.912423099,36672,Latin America & Caribbean,High income
SK,SVK,Slovak Republic,2025,NA,NA,NA,NA,28543.6653439813,5413813,Europe & Central Asia,High income
SI,SVN,Slovenia,2025,NA,NA,NA,NA,37376.2216079138,2130986,Europe & Central Asia,High income
SB,SLB,Solomon Islands,2025,NA,NA,NA,NA,2086.18955928928,838645,East Asia & Pacific,Lower middle income
SO,SOM,"Somalia, Fed. Rep.",2025,NA,NA,NA,NA,661.173877723116,19654739,Sub-Saharan Africa,Low income
ZA,ZAF,South Africa,2025,NA,NA,NA,NA,6597.71450918774,64747319,Sub-Saharan Africa,Upper middle income
SS,SSD,South Sudan,2025,NA,NA,NA,NA,NA,12188788,Sub-Saharan Africa,Low income
ES,ESP,Spain,2025,NA,NA,NA,NA,38627.2472148623,49355143,Europe & Central Asia,High income
LK,LKA,Sri Lanka,2025,NA,NA,NA,NA,5002.07904353724,21756000,South Asia,Upper middle income
KN,KNA,St. Kitts and Nevis,2025,NA,NA,NA,NA,25223.0257622185,46922,Latin America & Caribbean,High income
LC,LCA,St. Lucia,2025,NA,NA,NA,NA,14745.8184305461,180149,Latin America & Caribbean,Upper middle income
MF,MAF,St. Martin (French part),2025,NA,NA,NA,NA,NA,24941,Latin America & Caribbean,High income
MF,MAF,St. Martin (French part),2024,NA,NA,NA,NA,NA,26129,Latin America & Caribbean,High income
MF,MAF,St. Martin (French part),2023,NA,NA,NA,NA,NA,27515,Latin America & Caribbean,High income
MF,MAF,St. Martin (French part),2022,NA,NA,NA,NA,NA,28870,Latin America & Caribbean,High income
MF,MAF,St. Martin (French part),2021,NA,NA,NA,NA,21668.3776525323,29961,Latin America & Caribbean,High income
MF,MAF,St. Martin (French part),2020,NA,NA,NA,NA,NA,31786,Latin America & Caribbean,High income
MF,MAF,St. Martin (French part),2019,NA,NA,NA,NA,19033.0649634889,34267,Latin America & Caribbean,High income
MF,MAF,St. Martin (French part),2018,NA,NA,NA,NA,NA,36012,Latin America & Caribbean,High income
MF,MAF,St. Martin (French part),2017,NA,NA,NA,NA,NA,36837,Latin America & Caribbean,High income
MF,MAF,St. Martin (French part),2016,NA,NA,NA,NA,NA,37175,Latin America & Caribbean,High income
MF,MAF,St. Martin (French part),2015,NA,NA,NA,NA,NA,37369,Latin America & Caribbean,High income
MF,MAF,St. Martin (French part),2014,NA,NA,NA,NA,20638.7705882379,37450,Latin America & Caribbean,High income
VC,VCT,St. Vincent and the Grenadines,2025,NA,NA,NA,NA,12561.769166789,99924,Latin America & Caribbean,Upper middle income
SD,SDN,Sudan,2025,NA,NA,NA,NA,1164.53991699219,51662147,Sub-Saharan Africa,Low income
SR,SUR,Suriname,2025,NA,NA,NA,NA,7069.87230892274,639850,Latin America & Caribbean,Upper middle income
SE,SWE,Sweden,2025,NA,NA,NA,NA,63133.2126736715,10596620,Europe & Central Asia,High income
CH,CHE,Switzerland,2025,NA,NA,NA,NA,114769.012314293,9092436,Europe & Central Asia,High income
SY,SYR,Syrian Arab Republic,2025,NA,NA,NA,NA,NA,25620427,"Middle East, North Africa, Afghanistan & Pakistan",Low income
TJ,TJK,Tajikistan,2025,NA,NA,NA,NA,1637.2542942547,10786734,Europe & Central Asia,Lower middle income
TZ,TZA,Tanzania,2025,NA,NA,NA,NA,1318.81921386719,70545865,Sub-Saharan Africa,Lower middle income
TH,THA,Thailand,2025,NA,NA,NA,NA,8056.56359761558,71619863,East Asia & Pacific,Upper middle income
TL,TLS,Timor-Leste,2025,NA,NA,NA,NA,1340.9640193437,1418517,East Asia & Pacific,Lower middle income
TG,TGO,Togo,2025,NA,NA,NA,NA,1383.89974929887,8591626,Sub-Saharan Africa,Lower middle income
TO,TON,Tonga,2025,NA,NA,NA,NA,6547.18646814228,103742,East Asia & Pacific,Upper middle income
TT,TTO,Trinidad and Tobago,2025,NA,NA,NA,NA,18967.2704636681,1367764,Latin America & Caribbean,High income
TN,TUN,Tunisia,2025,NA,NA,NA,NA,4656.63818386852,12348573,"Middle East, North Africa, Afghanistan & Pakistan",Lower middle income
TR,TUR,Turkiye,2025,NA,NA,NA,NA,18599.4420922378,85878556,Europe & Central Asia,Upper middle income
TM,TKM,Turkmenistan,2025,NA,NA,NA,NA,6540.17876401136,7618847,Europe & Central Asia,Upper middle income
TC,TCA,Turks and Caicos Islands,2025,NA,NA,NA,NA,NA,46855,Latin America & Caribbean,High income
TC,TCA,Turks and Caicos Islands,2024,NA,NA,NA,NA,37506.7798431288,46535,Latin America & Caribbean,High income
TC,TCA,Turks and Caicos Islands,2023,NA,NA,NA,NA,35470.2151608295,46198,Latin America & Caribbean,High income
TC,TCA,Turks and Caicos Islands,2022,NA,NA,NA,NA,31280.5418020808,45847,Latin America & Caribbean,High income
TC,TCA,Turks and Caicos Islands,2021,NA,NA,NA,NA,27329.2885087196,45243,Latin America & Caribbean,High income
TC,TCA,Turks and Caicos Islands,2020,NA,NA,NA,NA,20690.9160546118,44386,Latin America & Caribbean,High income
TC,TCA,Turks and Caicos Islands,2019,NA,NA,NA,NA,31780.5217068989,43166,Latin America & Caribbean,High income
TC,TCA,Turks and Caicos Islands,2018,NA,NA,NA,NA,31625.616593277002,41559,Latin America & Caribbean,High income
TC,TCA,Turks and Caicos Islands,2017,NA,NA,NA,NA,30014.2309523213,39913,Latin America & Caribbean,High income
TC,TCA,Turks and Caicos Islands,2016,NA,NA,NA,NA,31373.5612684327,38315,Latin America & Caribbean,High income
TC,TCA,Turks and Caicos Islands,2015,NA,NA,NA,NA,29457.0140691162,36605,Latin America & Caribbean,High income
TC,TCA,Turks and Caicos Islands,2014,NA,NA,NA,NA,27292.5820256776,35050,Latin America & Caribbean,High income
TV,TUV,Tuvalu,2025,NA,NA,NA,NA,6041.44908591428,9492,East Asia & Pacific,Upper middle income
UG,UGA,Uganda,2025,NA,NA,NA,NA,1206.30450825002,51384894,Sub-Saharan Africa,Low income
UA,UKR,Ukraine,2025,NA,NA,NA,NA,5865.884765625,38980376,Europe & Central Asia,Upper middle income
AE,ARE,United Arab Emirates,2025,NA,NA,NA,NA,NA,11513149,"Middle East, North Africa, Afghanistan & Pakistan",High income
GB,GBR,United Kingdom,2025,NA,NA,NA,NA,57601.9621201954,69487000,Europe & Central Asia,High income
US,USA,United States,2025,NA,NA,NA,NA,90026.5163005744,341784857,North America,High income
UY,URY,Uruguay,2025,NA,NA,NA,NA,25215.8238152781,3384688,Latin America & Caribbean,High income
UZ,UZB,Uzbekistan,2025,NA,NA,NA,NA,3968.2720079072,37053428,Europe & Central Asia,Lower middle income
VU,VUT,Vanuatu,2025,NA,NA,NA,NA,4038.73520713411,335169,East Asia & Pacific,Lower middle income
VE,VEN,"Venezuela, RB",2025,NA,NA,NA,NA,3494.8138870244,28516896,Latin America & Caribbean,Lower middle income
VN,VNM,Viet Nam,2025,NA,NA,NA,NA,5065.99091899299,101598527,East Asia & Pacific,Upper middle income
VI,VIR,Virgin Islands (U.S.),2025,NA,NA,NA,NA,NA,103792,Latin America & Caribbean,High income
PS,PSE,West Bank and Gaza,2025,NA,NA,NA,NA,3171.10844621579,5413596,"Middle East, North Africa, Afghanistan & Pakistan",Lower middle income
YE,YEM,"Yemen, Rep.",2025,NA,NA,NA,NA,NA,41773878,"Middle East, North Africa, Afghanistan & Pakistan",Low income
ZM,ZMB,Zambia,2025,NA,NA,NA,NA,1317.87771619597,21913874,Sub-Saharan Africa,Lower middle income
ZW,ZWE,Zimbabwe,2025,NA,NA,NA,NA,3021.43019873632,16950795,Sub-Saharan Africa,Lower middle income
