name,iso3,year,value
voice_account,AFG,2024,-2.1483748
voice_account,AFG,2023,-2.0370816
voice_account,AFG,2022,-1.8416443
voice_account,AFG,2021,-1.42797209999999
voice_account,AFG,2020,-1.081484
voice_account,AFG,2019,-1.1404758
voice_account,AFG,2018,-1.1858104
voice_account,AFG,2017,-1.2397194
voice_account,AFG,2016,-1.2164992
voice_account,AFG,2015,-1.20990209999999
voice_account,AFG,2014,-1.2039387
voice_account,ALB,2024,-0.0124167999999999
voice_account,ALB,2023,-0.0363936
voice_account,ALB,2022,0.024176
voice_account,ALB,2021,-4.04299999999999e-4
voice_account,ALB,2020,0.0554688
voice_account,ALB,2019,0.0967645999999999
voice_account,ALB,2018,0.1354782
voice_account,ALB,2017,0.1067553
voice_account,ALB,2016,0.0737892
voice_account,ALB,2015,0.0763576
voice_account,ALB,2014,0.0984136999999999
voice_account,DZA,2024,-1.0484061
voice_account,DZA,2023,-1.04937369999999
voice_account,DZA,2022,-1.073884
voice_account,DZA,2021,-1.0429601
voice_account,DZA,2020,-1.067081
voice_account,DZA,2019,-1.0557838
voice_account,DZA,2018,-0.8950813
voice_account,DZA,2017,-0.789930999999999
voice_account,DZA,2016,-0.776438
voice_account,DZA,2015,-0.725713899999999
voice_account,DZA,2014,-0.7248832
voice_account,ASM,2024,0.9305775
voice_account,ASM,2023,0.9329508
voice_account,ASM,2022,0.937291
voice_account,ASM,2021,0.941677
voice_account,ASM,2020,0.9550312
voice_account,ASM,2019,1.3288373
voice_account,ASM,2018,NA
voice_account,ASM,2017,1.0557605
voice_account,ASM,2016,1.0576599
voice_account,ASM,2015,1.0598446
voice_account,ASM,2014,1.0580907
voice_account,AND,2024,0.7892366
voice_account,AND,2023,0.7696602
voice_account,AND,2022,0.9489464
voice_account,AND,2021,0.8695156
voice_account,AND,2020,0.9786021
voice_account,AND,2019,1.0039275
voice_account,AND,2018,0.9863455
voice_account,AND,2017,1.3522661
voice_account,AND,2016,1.3368503
voice_account,AND,2015,1.3792269
voice_account,AND,2014,1.3785606
voice_account,AGO,2024,-1.0588932
voice_account,AGO,2023,-1.02093599999999
voice_account,AGO,2022,-1.0480912
voice_account,AGO,2021,-0.998508499999999
voice_account,AGO,2020,-0.937689799999999
voice_account,AGO,2019,-0.9382176
voice_account,AGO,2018,-1.005668
voice_account,AGO,2017,-1.131561
voice_account,AGO,2016,-1.19498
voice_account,AGO,2015,-1.1542998
voice_account,AGO,2014,-1.1303739
voice_account,ATG,2024,0.5117735
voice_account,ATG,2023,0.5184164
voice_account,ATG,2022,0.5083016
voice_account,ATG,2021,0.5304723
voice_account,ATG,2020,0.5086709
voice_account,ATG,2019,0.5090714
voice_account,ATG,2018,0.5037134
voice_account,ATG,2017,0.5341477
voice_account,ATG,2016,0.612667
voice_account,ATG,2015,0.5959673
voice_account,ATG,2014,0.6982468
voice_account,ARG,2024,0.385552
voice_account,ARG,2023,0.49616
voice_account,ARG,2022,0.4969087
voice_account,ARG,2021,0.5235454
voice_account,ARG,2020,0.5903064
voice_account,ARG,2019,0.5979723
voice_account,ARG,2018,0.6297742
voice_account,ARG,2017,0.5819915
voice_account,ARG,2016,0.4495506
voice_account,ARG,2015,0.3678175
voice_account,ARG,2014,0.3052787
voice_account,ARM,2024,0.1201848
voice_account,ARM,2023,0.0614401
voice_account,ARM,2022,0.0567692
voice_account,ARM,2021,0.1047104
voice_account,ARM,2020,0.2108734
voice_account,ARM,2019,0.2006866
voice_account,ARM,2018,0.2320021
voice_account,ARM,2017,-0.3415409
voice_account,ARM,2016,-0.3894293
voice_account,ARM,2015,-0.3535547
voice_account,ARM,2014,-0.3735727
voice_account,ABW,2024,0.9576687
voice_account,ABW,2023,0.9587989
voice_account,ABW,2022,0.9608656
voice_account,ABW,2021,0.9629543
voice_account,ABW,2020,1.4163396
voice_account,ABW,2019,1.4172559
voice_account,ABW,2018,1.4179056
voice_account,ABW,2017,1.3881098
voice_account,ABW,2016,1.3889356
voice_account,ABW,2015,1.3898855
voice_account,ABW,2014,1.3891229
voice_account,AUS,2024,1.5123302
voice_account,AUS,2023,1.5142943
voice_account,AUS,2022,1.4808101
voice_account,AUS,2021,1.4353311
voice_account,AUS,2020,1.4705869
voice_account,AUS,2019,1.4944488
voice_account,AUS,2018,1.5700131
voice_account,AUS,2017,1.6211893
voice_account,AUS,2016,1.5880705
voice_account,AUS,2015,1.5545445
voice_account,AUS,2014,1.5339542
voice_account,AUT,2024,1.4054571
voice_account,AUT,2023,1.4328609
voice_account,AUT,2022,1.4754309
voice_account,AUT,2021,1.4910037
voice_account,AUT,2020,1.5300268
voice_account,AUT,2019,1.4551242
voice_account,AUT,2018,1.4643983
voice_account,AUT,2017,1.4702463
voice_account,AUT,2016,1.5055302
voice_account,AUT,2015,1.5465377
voice_account,AUT,2014,1.5285745
voice_account,AZE,2024,-1.5042391
voice_account,AZE,2023,-1.5174941
voice_account,AZE,2022,-1.4304325
voice_account,AZE,2021,-1.433342
voice_account,AZE,2020,-1.4537297
voice_account,AZE,2019,-1.45978869999999
voice_account,AZE,2018,-1.2691213
voice_account,AZE,2017,-1.23463909999999
voice_account,AZE,2016,-1.2208691
voice_account,AZE,2015,-1.18726549999999
voice_account,AZE,2014,-1.1592198
voice_account,BHS,2024,0.5530661
voice_account,BHS,2023,0.5702299
voice_account,BHS,2022,0.608717
voice_account,BHS,2021,0.6714212
voice_account,BHS,2020,0.6238987
voice_account,BHS,2019,0.6241479
voice_account,BHS,2018,0.5155607
voice_account,BHS,2017,0.5292198
voice_account,BHS,2016,0.5087193
voice_account,BHS,2015,0.6214276
voice_account,BHS,2014,0.9374454
voice_account,BHR,2024,-1.3214713
voice_account,BHR,2023,-1.3369989
voice_account,BHR,2022,-1.31704889999999
voice_account,BHR,2021,-1.31637239999999
voice_account,BHR,2020,-1.26990729999999
voice_account,BHR,2019,-1.2689416
voice_account,BHR,2018,-1.28231949999999
voice_account,BHR,2017,-1.19495709999999
voice_account,BHR,2016,-1.178604
voice_account,BHR,2015,-1.0813101
voice_account,BHR,2014,-1.1899239
voice_account,BGD,2024,-1.1608036
voice_account,BGD,2023,-1.1354298
voice_account,BGD,2022,-1.07223619999999
voice_account,BGD,2021,-1.05678039999999
voice_account,BGD,2020,-1.0048373
voice_account,BGD,2019,-0.989835399999999
voice_account,BGD,2018,-0.962351699999999
voice_account,BGD,2017,-0.9168972
voice_account,BGD,2016,-0.933366799999999
voice_account,BGD,2015,-0.8770251
voice_account,BGD,2014,-0.788675999999999
voice_account,BRB,2024,0.99396
voice_account,BRB,2023,0.9846694
voice_account,BRB,2022,0.9892759
voice_account,BRB,2021,0.9713716
voice_account,BRB,2020,0.9404741
voice_account,BRB,2019,0.91871100000000006
voice_account,BRB,2018,0.9455467
voice_account,BRB,2017,0.9132342
voice_account,BRB,2016,0.963913
voice_account,BRB,2015,0.9763248
voice_account,BRB,2014,1.1254913
voice_account,BLR,2024,-1.6904177
voice_account,BLR,2023,-1.72586319999999
voice_account,BLR,2022,-1.64264869999999
voice_account,BLR,2021,-1.55548589999999
voice_account,BLR,2020,-1.3757237
voice_account,BLR,2019,-1.2640856
voice_account,BLR,2018,-1.10105529999999
voice_account,BLR,2017,-1.17853079999999
voice_account,BLR,2016,-1.1130495
voice_account,BLR,2015,-1.19594929999999
voice_account,BLR,2014,-1.18783519999999
voice_account,BEL,2024,1.4972136
voice_account,BEL,2023,1.5152567
voice_account,BEL,2022,1.5409176
voice_account,BEL,2021,1.541916
voice_account,BEL,2020,1.5200949
voice_account,BEL,2019,1.4474148
voice_account,BEL,2018,1.4858461
voice_account,BEL,2017,1.4607612
voice_account,BEL,2016,1.5164105
voice_account,BEL,2015,1.5225951
voice_account,BEL,2014,1.4666488
voice_account,BLZ,2024,0.1039608
voice_account,BLZ,2023,0.1210883
voice_account,BLZ,2022,0.1097777
voice_account,BLZ,2021,0.0776529
voice_account,BLZ,2020,0.0837771
voice_account,BLZ,2019,0.0770993
voice_account,BLZ,2018,0.0799134
voice_account,BLZ,2017,0.2557342
voice_account,BLZ,2016,0.2287226
voice_account,BLZ,2015,0.229675
voice_account,BLZ,2014,0.3191867
voice_account,BEN,2024,-0.380475299999999
voice_account,BEN,2023,-0.3371743
voice_account,BEN,2022,-0.437646999999999
voice_account,BEN,2021,-0.3316053
voice_account,BEN,2020,-0.0674593
voice_account,BEN,2019,-0.0206192
voice_account,BEN,2018,0.2256013
voice_account,BEN,2017,0.2055497
voice_account,BEN,2016,0.2156686
voice_account,BEN,2015,0.1082878
voice_account,BEN,2014,0.0640877
voice_account,BMU,2024,NA
voice_account,BMU,2023,NA
voice_account,BMU,2022,NA
voice_account,BMU,2021,NA
voice_account,BMU,2020,NA
voice_account,BMU,2019,NA
voice_account,BMU,2018,NA
voice_account,BMU,2017,1.0557605
voice_account,BMU,2016,1.0576599
voice_account,BMU,2015,1.0598446
voice_account,BMU,2014,1.0580907
voice_account,BTN,2024,0.4010656
voice_account,BTN,2023,0.3084163
voice_account,BTN,2022,0.2660367
voice_account,BTN,2021,0.3423094
voice_account,BTN,2020,0.337151
voice_account,BTN,2019,0.4302343
voice_account,BTN,2018,0.4090063
voice_account,BTN,2017,0.2185623
voice_account,BTN,2016,0.2162486
voice_account,BTN,2015,0.2205872
voice_account,BTN,2014,0.2050489
voice_account,BOL,2024,-0.4397641
voice_account,BOL,2023,-0.4295062
voice_account,BOL,2022,-0.395731899999999
voice_account,BOL,2021,-0.3237121
voice_account,BOL,2020,-0.3793012
voice_account,BOL,2019,-0.4802862
voice_account,BOL,2018,-0.322517799999999
voice_account,BOL,2017,-0.227986599999999
voice_account,BOL,2016,-0.1911694
voice_account,BOL,2015,-0.1594334
voice_account,BOL,2014,-0.0995359
voice_account,BIH,2024,-0.3952516
voice_account,BIH,2023,-0.443716799999999
voice_account,BIH,2022,-0.4739062
voice_account,BIH,2021,-0.4759813
voice_account,BIH,2020,-0.4512199
voice_account,BIH,2019,-0.4515923
voice_account,BIH,2018,-0.4378719
voice_account,BIH,2017,-0.383017999999999
voice_account,BIH,2016,-0.256938599999999
voice_account,BIH,2015,-0.212129799999999
voice_account,BIH,2014,-0.1598354
voice_account,BWA,2024,0.295265
voice_account,BWA,2023,0.1593032
voice_account,BWA,2022,0.1383421
voice_account,BWA,2021,0.1662642
voice_account,BWA,2020,0.2262539
voice_account,BWA,2019,0.2359357
voice_account,BWA,2018,0.2110871
voice_account,BWA,2017,0.2119983
voice_account,BWA,2016,0.2224214
voice_account,BWA,2015,0.2702248
voice_account,BWA,2014,0.3462974
voice_account,BRA,2024,0.3164771
voice_account,BRA,2023,0.2490433
voice_account,BRA,2022,0.0304374
voice_account,BRA,2021,0.0763533
voice_account,BRA,2020,0.166765
voice_account,BRA,2019,0.2046798
voice_account,BRA,2018,0.2933228
voice_account,BRA,2017,0.4292352
voice_account,BRA,2016,0.4599637
voice_account,BRA,2015,0.461258
voice_account,BRA,2014,0.4250488
voice_account,BRN,2024,-0.7999315
voice_account,BRN,2023,-0.7935612
voice_account,BRN,2022,-0.809513599999999
voice_account,BRN,2021,-0.817422
voice_account,BRN,2020,-0.775273099999999
voice_account,BRN,2019,-0.773543499999999
voice_account,BRN,2018,-0.782867499999999
voice_account,BRN,2017,-0.7580815
voice_account,BRN,2016,-0.6163268
voice_account,BRN,2015,-0.563829999999999
voice_account,BRN,2014,-0.4797516
voice_account,BGR,2024,0.2133864
voice_account,BGR,2023,0.2596074
voice_account,BGR,2022,0.1982152
voice_account,BGR,2021,0.1902884
voice_account,BGR,2020,0.193102
voice_account,BGR,2019,0.1389293
voice_account,BGR,2018,0.0730547
voice_account,BGR,2017,0.1264569
voice_account,BGR,2016,0.2331893
voice_account,BGR,2015,0.2421524
voice_account,BGR,2014,0.2195941
voice_account,BFA,2024,-0.964477599999999
voice_account,BFA,2023,-0.695584299999999
voice_account,BFA,2022,-0.593244099999999
voice_account,BFA,2021,-0.172692999999999
voice_account,BFA,2020,-0.2152963
voice_account,BFA,2019,-0.1034561
voice_account,BFA,2018,-0.0592664
voice_account,BFA,2017,-0.0466125
voice_account,BFA,2016,-0.1019967
voice_account,BFA,2015,-0.209465799999999
voice_account,BFA,2014,-0.391469399999999
voice_account,BDI,2024,-1.4920981
voice_account,BDI,2023,-1.3170799
voice_account,BDI,2022,-1.3992831
voice_account,BDI,2021,-1.43815269999999
voice_account,BDI,2020,-1.4624906
voice_account,BDI,2019,-1.6236321
voice_account,BDI,2018,-1.56641829999999
voice_account,BDI,2017,-1.4779632
voice_account,BDI,2016,-1.4549059
voice_account,BDI,2015,-1.2657593
voice_account,BDI,2014,-1.0633176
voice_account,CPV,2024,0.7910795
voice_account,CPV,2023,0.7369363
voice_account,CPV,2022,0.7456206
voice_account,CPV,2021,0.7321187
voice_account,CPV,2020,0.7194835
voice_account,CPV,2019,0.8082604
voice_account,CPV,2018,0.8471925
voice_account,CPV,2017,0.7340745
voice_account,CPV,2016,0.7230402
voice_account,CPV,2015,0.7695004
voice_account,CPV,2014,0.7736703
voice_account,KHM,2024,-1.67065629999999
voice_account,KHM,2023,-1.5290134
voice_account,KHM,2022,-1.50494479999999
voice_account,KHM,2021,-1.4431473
voice_account,KHM,2020,-1.3831133
voice_account,KHM,2019,-1.4922674
voice_account,KHM,2018,-1.5176701
voice_account,KHM,2017,-1.2106905
voice_account,KHM,2016,-1.21921259999999
voice_account,KHM,2015,-1.2074577
voice_account,KHM,2014,-1.0752484
voice_account,CMR,2024,-1.2417667
voice_account,CMR,2023,-1.2426857
voice_account,CMR,2022,-1.243908
voice_account,CMR,2021,-1.24492729999999
voice_account,CMR,2020,-1.2003042
voice_account,CMR,2019,-1.25256069999999
voice_account,CMR,2018,-1.22088669999999
voice_account,CMR,2017,-1.1012762
voice_account,CMR,2016,-1.0603877
voice_account,CMR,2015,-0.9796946
voice_account,CMR,2014,-0.9633286
voice_account,CAN,2024,1.5036042
voice_account,CAN,2023,1.5113422
voice_account,CAN,2022,1.4766713
voice_account,CAN,2021,1.4726848
voice_account,CAN,2020,1.5974088
voice_account,CAN,2019,1.5957418
voice_account,CAN,2018,1.6209737
voice_account,CAN,2017,1.6335494
voice_account,CAN,2016,1.5977174
voice_account,CAN,2015,1.5823156
voice_account,CAN,2014,1.4204969
voice_account,CYM,2024,0.9576687
voice_account,CYM,2023,0.9587989
voice_account,CYM,2022,0.9608656
voice_account,CYM,2021,0.9629543
voice_account,CYM,2020,0.5222875
voice_account,CYM,2019,0.5232038
voice_account,CYM,2018,0.5238535
voice_account,CYM,2017,0.707139
voice_account,CYM,2016,0.7079649
voice_account,CYM,2015,0.7089148
voice_account,CYM,2014,0.7081522
voice_account,CAF,2024,-1.311266
voice_account,CAF,2023,-1.32093669999999
voice_account,CAF,2022,-1.2634566
voice_account,CAF,2021,-1.2527095
voice_account,CAF,2020,-1.2261003
voice_account,CAF,2019,-1.0322464
voice_account,CAF,2018,-0.991607999999999
voice_account,CAF,2017,-1.0753709
voice_account,CAF,2016,-1.08091
voice_account,CAF,2015,-1.1507213
voice_account,CAF,2014,-1.183112
voice_account,TCD,2024,-1.5187583
voice_account,TCD,2023,-1.378485
voice_account,TCD,2022,-1.4100369
voice_account,TCD,2021,-1.4563133
voice_account,TCD,2020,-1.3268961
voice_account,TCD,2019,-1.3019227
voice_account,TCD,2018,-1.3206115
voice_account,TCD,2017,-1.2692214
voice_account,TCD,2016,-1.268907
voice_account,TCD,2015,-1.1956684
voice_account,TCD,2014,-1.1722919
voice_account,CHL,2024,0.994188
voice_account,CHL,2023,1.0282277
voice_account,CHL,2022,1.0098662
voice_account,CHL,2021,0.9953359
voice_account,CHL,2020,1.0554867000000001
voice_account,CHL,2019,1.0810036
voice_account,CHL,2018,1.117223
voice_account,CHL,2017,1.1097074
voice_account,CHL,2016,1.1140561
voice_account,CHL,2015,1.126836
voice_account,CHL,2014,1.1535631
voice_account,CHN,2024,-1.6531931
voice_account,CHN,2023,-1.64670189999999
voice_account,CHN,2022,-1.6167147
voice_account,CHN,2021,-1.61369489999999
voice_account,CHN,2020,-1.54226819999999
voice_account,CHN,2019,-1.5025339
voice_account,CHN,2018,-1.4520217
voice_account,CHN,2017,-1.3804523
voice_account,CHN,2016,-1.3897969
voice_account,CHN,2015,-1.3924056
voice_account,CHN,2014,-1.3647981
voice_account,COL,2024,0.034564
voice_account,COL,2023,0.0303931
voice_account,COL,2022,0.0288542
voice_account,COL,2021,-0.0098546
voice_account,COL,2020,0.0627933
voice_account,COL,2019,0.0805217999999999
voice_account,COL,2018,0.0817099999999999
voice_account,COL,2017,0.020767
voice_account,COL,2016,0.0341417
voice_account,COL,2015,0.0168067
voice_account,COL,2014,-0.0568228999999999
voice_account,COM,2024,-1.2379665
voice_account,COM,2023,-1.2811985
voice_account,COM,2022,-1.288717
voice_account,COM,2021,-1.28283139999999
voice_account,COM,2020,-1.2150822
voice_account,COM,2019,-1.1947881
voice_account,COM,2018,-0.8163125
voice_account,COM,2017,-0.706106999999999
voice_account,COM,2016,-0.708650799999999
voice_account,COM,2015,-0.677090699999999
voice_account,COM,2014,-0.596658599999999
voice_account,COD,2024,-1.213613
voice_account,COD,2023,-1.12555959999999
voice_account,COD,2022,-1.14413529999999
voice_account,COD,2021,-1.1423478
voice_account,COD,2020,-1.1257361
voice_account,COD,2019,-1.17874029999999
voice_account,COD,2018,-1.3529201
voice_account,COD,2017,-1.471641
voice_account,COD,2016,-1.40943209999999
voice_account,COD,2015,-1.3123683
voice_account,COD,2014,-1.34815289999999
voice_account,COG,2024,-1.31478079999999
voice_account,COG,2023,-1.2822094
voice_account,COG,2022,-1.26993509999999
voice_account,COG,2021,-1.2723726
voice_account,COG,2020,-1.2242845
voice_account,COG,2019,-1.28469679999999
voice_account,COG,2018,-1.2112094
voice_account,COG,2017,-1.1395448
voice_account,COG,2016,-1.13554169999999
voice_account,COG,2015,-1.0367267
voice_account,COG,2014,-1.1230949
voice_account,CRI,2024,1.0114744
voice_account,CRI,2023,1.0983992
voice_account,CRI,2022,1.1110038
voice_account,CRI,2021,1.126743
voice_account,CRI,2020,1.2021175
voice_account,CRI,2019,1.1972153
voice_account,CRI,2018,1.2067174
voice_account,CRI,2017,1.1764736
voice_account,CRI,2016,1.1385772
voice_account,CRI,2015,1.1586172
voice_account,CRI,2014,1.1415848
voice_account,CIV,2024,-0.6166747
voice_account,CIV,2023,-0.6434413
voice_account,CIV,2022,-0.6597367
voice_account,CIV,2021,-0.7085168
voice_account,CIV,2020,-0.666806999999999
voice_account,CIV,2019,-0.464221999999999
voice_account,CIV,2018,-0.480761799999999
voice_account,CIV,2017,-0.5960906
voice_account,CIV,2016,-0.628304099999999
voice_account,CIV,2015,-0.602650599999999
voice_account,CIV,2014,-0.6838095
voice_account,HRV,2024,0.6486643
voice_account,HRV,2023,0.6291782
voice_account,HRV,2022,0.5940068
voice_account,HRV,2021,0.5908861
voice_account,HRV,2020,0.5711056
voice_account,HRV,2019,0.4375104
voice_account,HRV,2018,0.3876269
voice_account,HRV,2017,0.4559302
voice_account,HRV,2016,0.5260745
voice_account,HRV,2015,0.5836676
voice_account,HRV,2014,0.5360017
voice_account,CUB,2024,-1.26857129999999
voice_account,CUB,2023,-1.2493934
voice_account,CUB,2022,-1.2297456
voice_account,CUB,2021,-1.2291961
voice_account,CUB,2020,-1.1899555
voice_account,CUB,2019,-1.1895935
voice_account,CUB,2018,-1.2856792
voice_account,CUB,2017,-1.4159595
voice_account,CUB,2016,-1.41036119999999
voice_account,CUB,2015,-1.39812809999999
voice_account,CUB,2014,-1.4282708
voice_account,CYP,2024,0.8873328
voice_account,CYP,2023,0.8987685
voice_account,CYP,2022,0.8916138
voice_account,CYP,2021,0.9075915
voice_account,CYP,2020,1.0583368
voice_account,CYP,2019,1.0941113
voice_account,CYP,2018,1.0535864
voice_account,CYP,2017,1.0417544
voice_account,CYP,2016,1.0198642
voice_account,CYP,2015,1.0108417
voice_account,CYP,2014,1.0347024
voice_account,CZE,2024,1.2546961
voice_account,CZE,2023,1.139348
voice_account,CZE,2022,1.0848262
voice_account,CZE,2021,1.0405404
voice_account,CZE,2020,1.0021327
voice_account,CZE,2019,0.888522
voice_account,CZE,2018,0.7634218
voice_account,CZE,2017,0.8284651
voice_account,CZE,2016,0.9821893
voice_account,CZE,2015,0.9870659
voice_account,CZE,2014,0.9617226
voice_account,DNK,2024,1.8949405
voice_account,DNK,2023,1.9213047
voice_account,DNK,2022,1.9129484
voice_account,DNK,2021,1.9120246
voice_account,DNK,2020,1.8719672
voice_account,DNK,2019,1.7878967
voice_account,DNK,2018,1.7815998
voice_account,DNK,2017,1.6950847
voice_account,DNK,2016,1.8008604
voice_account,DNK,2015,1.8029116
voice_account,DNK,2014,1.6861879
voice_account,DJI,2024,-1.2450001
voice_account,DJI,2023,-1.22451509999999
voice_account,DJI,2022,-1.2068256
voice_account,DJI,2021,-1.1996692
voice_account,DJI,2020,-1.1935356
voice_account,DJI,2019,-1.26267139999999
voice_account,DJI,2018,-1.2354091
voice_account,DJI,2017,-1.2859353
voice_account,DJI,2016,-1.2586587
voice_account,DJI,2015,-1.3363074
voice_account,DJI,2014,-1.3474302
voice_account,DMA,2024,0.379823
voice_account,DMA,2023,0.3029358
voice_account,DMA,2022,0.3185418
voice_account,DMA,2021,0.3267128
voice_account,DMA,2020,0.3358446
voice_account,DMA,2019,0.4072504
voice_account,DMA,2018,0.43307060000000003
voice_account,DMA,2017,0.528835
voice_account,DMA,2016,0.5435555
voice_account,DMA,2015,0.5437182
voice_account,DMA,2014,0.9141033
voice_account,DOM,2024,0.2011502
voice_account,DOM,2023,0.1485631
voice_account,DOM,2022,0.1170494
voice_account,DOM,2021,0.0897951999999999
voice_account,DOM,2020,0.0633816
voice_account,DOM,2019,0.00338979999999999
voice_account,DOM,2018,-0.0353179
voice_account,DOM,2017,-0.0263768
voice_account,DOM,2016,-0.0169925
voice_account,DOM,2015,-0.0123257
voice_account,DOM,2014,0.0457756
voice_account,ECU,2024,-0.1051406
voice_account,ECU,2023,-0.1241577
voice_account,ECU,2022,-0.0898423
voice_account,ECU,2021,-0.0753616999999999
voice_account,ECU,2020,-0.1590886
voice_account,ECU,2019,-0.1418141
voice_account,ECU,2018,-0.1611409
voice_account,ECU,2017,-0.326162599999999
voice_account,ECU,2016,-0.3716661
voice_account,ECU,2015,-0.4061724
voice_account,ECU,2014,-0.317060499999999
voice_account,EGY,2024,-1.6006344
voice_account,EGY,2023,-1.6026342
voice_account,EGY,2022,-1.6315045
voice_account,EGY,2021,-1.65797359999999
voice_account,EGY,2020,-1.587094
voice_account,EGY,2019,-1.5713115
voice_account,EGY,2018,-1.5263923
voice_account,EGY,2017,-1.33211219999999
voice_account,EGY,2016,-1.341413
voice_account,EGY,2015,-1.27674619999999
voice_account,EGY,2014,-1.2061889
voice_account,SLV,2024,-0.7884205
voice_account,SLV,2023,-0.6318902
voice_account,SLV,2022,-0.577896899999999
voice_account,SLV,2021,-0.334136999999999
voice_account,SLV,2020,-0.093384
voice_account,SLV,2019,-0.0355093
voice_account,SLV,2018,-0.129725199999999
voice_account,SLV,2017,-0.0652348
voice_account,SLV,2016,-0.0424607
voice_account,SLV,2015,-0.0514586999999999
voice_account,SLV,2014,0.0477758
voice_account,GNQ,2024,-1.7254261
voice_account,GNQ,2023,-1.72688659999999
voice_account,GNQ,2022,-1.73885699999999
voice_account,GNQ,2021,-1.7265335
voice_account,GNQ,2020,-1.7200521
voice_account,GNQ,2019,-1.707428
voice_account,GNQ,2018,-1.7287651
voice_account,GNQ,2017,-1.69954079999999
voice_account,GNQ,2016,-1.70734529999999
voice_account,GNQ,2015,-1.7571359
voice_account,GNQ,2014,-1.75267969999999
voice_account,ERI,2024,-2.28978119999999
voice_account,ERI,2023,-2.1972027
voice_account,ERI,2022,-2.1228333
voice_account,ERI,2021,-2.1460385
voice_account,ERI,2020,-2.13194839999999
voice_account,ERI,2019,-2.1503856
voice_account,ERI,2018,-2.1458016
voice_account,ERI,2017,-2.256531
voice_account,ERI,2016,-2.2514852
voice_account,ERI,2015,-2.31266839999999
voice_account,ERI,2014,-2.31982369999999
voice_account,EST,2024,1.4144994
voice_account,EST,2023,1.3973248
voice_account,EST,2022,1.4173259
voice_account,EST,2021,1.4062889
voice_account,EST,2020,1.4142436
voice_account,EST,2019,1.4094654
voice_account,EST,2018,1.2712932
voice_account,EST,2017,1.29647
voice_account,EST,2016,1.2674888
voice_account,EST,2015,1.2588335
voice_account,EST,2014,1.2176114
voice_account,SWZ,2024,-1.3474097
voice_account,SWZ,2023,-1.2823788
voice_account,SWZ,2022,-1.31343679999999
voice_account,SWZ,2021,-1.30526869999999
voice_account,SWZ,2020,-1.26470629999999
voice_account,SWZ,2019,-1.2554067
voice_account,SWZ,2018,-1.32322949999999
voice_account,SWZ,2017,-1.3337719
voice_account,SWZ,2016,-1.32648949999999
voice_account,SWZ,2015,-1.2650606
voice_account,SWZ,2014,-1.2606556
voice_account,ETH,2024,-1.2423966
voice_account,ETH,2023,-1.1791506
voice_account,ETH,2022,-1.1043087
voice_account,ETH,2021,-1.0719325
voice_account,ETH,2020,-1.0380249
voice_account,ETH,2019,-1.01667779999999
voice_account,ETH,2018,-1.1704682
voice_account,ETH,2017,-1.369723
voice_account,ETH,2016,-1.3385295
voice_account,ETH,2015,-1.3145088
voice_account,ETH,2014,-1.3018621
voice_account,FJI,2024,0.33163
voice_account,FJI,2023,0.1761541
voice_account,FJI,2022,0.0180241
voice_account,FJI,2021,0.00329959999999999
voice_account,FJI,2020,0.0852339999999999
voice_account,FJI,2019,0.0019276
voice_account,FJI,2018,-0.018233
voice_account,FJI,2017,-0.2429692
voice_account,FJI,2016,-0.2015064
voice_account,FJI,2015,-0.2660296
voice_account,FJI,2014,-0.308363899999999
voice_account,FIN,2024,1.8535581
voice_account,FIN,2023,1.8446784
voice_account,FIN,2022,1.9074802
voice_account,FIN,2021,1.913997
voice_account,FIN,2020,1.9151339
voice_account,FIN,2019,1.8337714
voice_account,FIN,2018,1.8561275
voice_account,FIN,2017,1.7957995
voice_account,FIN,2016,1.8122181
voice_account,FIN,2015,1.8318798
voice_account,FIN,2014,1.7486535
voice_account,FRA,2024,1.1486677
voice_account,FRA,2023,1.1742965
voice_account,FRA,2022,1.1796995
voice_account,FRA,2021,1.1650934
voice_account,FRA,2020,1.1823864
voice_account,FRA,2019,1.1253167
voice_account,FRA,2018,1.152628
voice_account,FRA,2017,1.162837
voice_account,FRA,2016,1.1836318
voice_account,FRA,2015,1.2297173
voice_account,FRA,2014,1.2106791
voice_account,PYF,2024,0.8765563
voice_account,PYF,2023,0.8789296
voice_account,PYF,2022,0.8832697
voice_account,PYF,2021,0.8876558
voice_account,PYF,2020,0.4862757
voice_account,PYF,2019,0.4985194
voice_account,PYF,2018,NA
voice_account,PYF,2017,NA
voice_account,PYF,2016,NA
voice_account,PYF,2015,NA
voice_account,PYF,2014,NA
voice_account,GAB,2024,-1.0208367
voice_account,GAB,2023,-1.1549558
voice_account,GAB,2022,-1.06249099999999
voice_account,GAB,2021,-0.952399799999999
voice_account,GAB,2020,-0.9268989
voice_account,GAB,2019,-0.918410699999999
voice_account,GAB,2018,-0.920816099999999
voice_account,GAB,2017,-0.984201799999999
voice_account,GAB,2016,-0.922775399999999
voice_account,GAB,2015,-0.888459999999999
voice_account,GAB,2014,-0.8845052
voice_account,GMB,2024,-0.1820029
voice_account,GMB,2023,-0.1684255
voice_account,GMB,2022,-0.210048799999999
voice_account,GMB,2021,-0.201333999999999
voice_account,GMB,2020,-0.2585693
voice_account,GMB,2019,-0.3337986
voice_account,GMB,2018,-0.291369999999999
voice_account,GMB,2017,-0.654595399999999
voice_account,GMB,2016,-1.2057754
voice_account,GMB,2015,-1.3095822
voice_account,GMB,2014,-1.2094307
voice_account,GEO,2024,-0.253538
voice_account,GEO,2023,-0.105257599999999
voice_account,GEO,2022,-0.020937
voice_account,GEO,2021,0.0300981
voice_account,GEO,2020,0.0930661
voice_account,GEO,2019,0.1539206
voice_account,GEO,2018,0.1902669
voice_account,GEO,2017,0.1845367
voice_account,GEO,2016,0.2793397
voice_account,GEO,2015,0.257919
voice_account,GEO,2014,0.2364329
voice_account,DEU,2024,1.5981515
voice_account,DEU,2023,1.5915479
voice_account,DEU,2022,1.5586754
voice_account,DEU,2021,1.5769284
voice_account,DEU,2020,1.6004463
voice_account,DEU,2019,1.5336755
voice_account,DEU,2018,1.5425213
voice_account,DEU,2017,1.5233606
voice_account,DEU,2016,1.5145689
voice_account,DEU,2015,1.5917252
voice_account,DEU,2014,1.5532686
voice_account,GHA,2024,0.2043162
voice_account,GHA,2023,0.17051
voice_account,GHA,2022,0.1697154
voice_account,GHA,2021,0.2068363
voice_account,GHA,2020,0.2829497
voice_account,GHA,2019,0.3201061
voice_account,GHA,2018,0.37686
voice_account,GHA,2017,0.4517344
voice_account,GHA,2016,0.37094
voice_account,GHA,2015,0.3876992
voice_account,GHA,2014,0.4460775
voice_account,GRC,2024,0.7818531
voice_account,GRC,2023,0.830097
voice_account,GRC,2022,0.7920598
voice_account,GRC,2021,0.7984164
voice_account,GRC,2020,0.855378
voice_account,GRC,2019,0.7342913
voice_account,GRC,2018,0.6995366
voice_account,GRC,2017,0.6628897
voice_account,GRC,2016,0.678085
voice_account,GRC,2015,0.6672394
voice_account,GRC,2014,0.6896289
voice_account,GRL,2024,1.4046947
voice_account,GRL,2023,1.4058249
voice_account,GRL,2022,1.4078917
voice_account,GRL,2021,1.4099803
voice_account,GRL,2020,1.4163396
voice_account,GRL,2019,1.4172559
voice_account,GRL,2018,1.4179056
voice_account,GRL,2017,1.4186607
voice_account,GRL,2016,1.4199247
voice_account,GRL,2015,1.4213785
voice_account,GRL,2014,1.4202113
voice_account,GRD,2024,0.3787385
voice_account,GRD,2023,0.2943878
voice_account,GRD,2022,0.2406624
voice_account,GRD,2021,0.2559813
voice_account,GRD,2020,0.3626019
voice_account,GRD,2019,0.3676888
voice_account,GRD,2018,0.4067725
voice_account,GRD,2017,0.461201
voice_account,GRD,2016,0.5979174
voice_account,GRD,2015,0.604135
voice_account,GRD,2014,0.7869506
voice_account,GUM,2024,1.1757976
voice_account,GUM,2023,1.1781709
voice_account,GUM,2022,1.182511
voice_account,GUM,2021,1.186897
voice_account,GUM,2020,1.2002513
voice_account,GUM,2019,1.1536426
voice_account,GUM,2018,1.0667354
voice_account,GUM,2017,0.833146
voice_account,GUM,2016,0.8350454
voice_account,GUM,2015,0.8372302
voice_account,GUM,2014,0.8354763
voice_account,GTM,2024,-0.4707611
voice_account,GTM,2023,-0.489678799999999
voice_account,GTM,2022,-0.4749828
voice_account,GTM,2021,-0.435668599999999
voice_account,GTM,2020,-0.357609399999999
voice_account,GTM,2019,-0.339720199999999
voice_account,GTM,2018,-0.307068299999999
voice_account,GTM,2017,-0.2370381
voice_account,GTM,2016,-0.2657024
voice_account,GTM,2015,-0.293462799999999
voice_account,GTM,2014,-0.3165549
voice_account,GIN,2024,-1.209414
voice_account,GIN,2023,-1.073023
voice_account,GIN,2022,-1.0215934
voice_account,GIN,2021,-1.0322931
voice_account,GIN,2020,-0.855399599999999
voice_account,GIN,2019,-0.8204037
voice_account,GIN,2018,-0.7865896
voice_account,GIN,2017,-0.865076699999999
voice_account,GIN,2016,-0.884008399999999
voice_account,GIN,2015,-0.869675499999999
voice_account,GIN,2014,-0.930808
voice_account,GNB,2024,-0.778828
voice_account,GNB,2023,-0.6325175
voice_account,GNB,2022,-0.5873721
voice_account,GNB,2021,-0.5278763
voice_account,GNB,2020,-0.5137328
voice_account,GNB,2019,-0.6333624
voice_account,GNB,2018,-0.808816699999999
voice_account,GNB,2017,-0.940245799999999
voice_account,GNB,2016,-0.900523099999999
voice_account,GNB,2015,-0.874814
voice_account,GNB,2014,-0.9246413
voice_account,GUY,2024,-0.1074386
voice_account,GUY,2023,-0.0639646
voice_account,GUY,2022,-0.0386204
voice_account,GUY,2021,-0.012718
voice_account,GUY,2020,0.0164415
voice_account,GUY,2019,0.0413674
voice_account,GUY,2018,0.061393
voice_account,GUY,2017,-0.0364931
voice_account,GUY,2016,-0.067868
voice_account,GUY,2015,-0.0799546999999999
voice_account,GUY,2014,-0.0122943999999999
voice_account,HTI,2024,-1.2648667
voice_account,HTI,2023,-1.2231222
voice_account,HTI,2022,-1.2193892
voice_account,HTI,2021,-1.0935313
voice_account,HTI,2020,-0.8710311
voice_account,HTI,2019,-0.8359679
voice_account,HTI,2018,-0.7805673
voice_account,HTI,2017,-0.7824757
voice_account,HTI,2016,-0.8411095
voice_account,HTI,2015,-0.8820112
voice_account,HTI,2014,-0.7323394
voice_account,HND,2024,-0.653545199999999
voice_account,HND,2023,-0.6088292
voice_account,HND,2022,-0.6394536
voice_account,HND,2021,-0.745449199999999
voice_account,HND,2020,-0.7831642
voice_account,HND,2019,-0.8093716
voice_account,HND,2018,-0.768458299999999
voice_account,HND,2017,-0.710326399999999
voice_account,HND,2016,-0.6577893
voice_account,HND,2015,-0.603179399999999
voice_account,HND,2014,-0.5608808
voice_account,HKG,2024,-0.3206346
voice_account,HKG,2023,-0.3083725
voice_account,HKG,2022,-0.204058
voice_account,HKG,2021,-0.0977455
voice_account,HKG,2020,0.2406441
voice_account,HKG,2019,0.3649501
voice_account,HKG,2018,0.5803236
voice_account,HKG,2017,0.6137688
voice_account,HKG,2016,0.6029023
voice_account,HKG,2015,0.6365834
voice_account,HKG,2014,0.6159868
voice_account,HUN,2024,-0.027728
voice_account,HUN,2023,-0.0468028
voice_account,HUN,2022,0.0447248
voice_account,HUN,2021,0.080264
voice_account,HUN,2020,0.1668036
voice_account,HUN,2019,0.1344536
voice_account,HUN,2018,0.1357955
voice_account,HUN,2017,0.3339126
voice_account,HUN,2016,0.3729857
voice_account,HUN,2015,0.4598701
voice_account,HUN,2014,0.5132176
voice_account,ISL,2024,1.4247807
voice_account,ISL,2023,1.4096588
voice_account,ISL,2022,1.4313945
voice_account,ISL,2021,1.4547451
voice_account,ISL,2020,1.4534576
voice_account,ISL,2019,1.4945189
voice_account,ISL,2018,1.4963063
voice_account,ISL,2017,1.5010156
voice_account,ISL,2016,1.5312554
voice_account,ISL,2015,1.5172337
voice_account,ISL,2014,1.4889413
voice_account,IND,2024,-0.0789293
voice_account,IND,2023,-0.142948
voice_account,IND,2022,-0.0982654999999999
voice_account,IND,2021,-0.0956843999999999
voice_account,IND,2020,0.056762
voice_account,IND,2019,0.1106301
voice_account,IND,2018,0.2032286
voice_account,IND,2017,0.2554492
voice_account,IND,2016,0.304626
voice_account,IND,2015,0.2973847
voice_account,IND,2014,0.2647595
voice_account,IDN,2024,-0.1754316
voice_account,IDN,2023,-0.0200561
voice_account,IDN,2022,0.0259014
voice_account,IDN,2021,0.0239606
voice_account,IDN,2020,0.1051795
voice_account,IDN,2019,0.1137857
voice_account,IDN,2018,0.1218045
voice_account,IDN,2017,0.0621222
voice_account,IDN,2016,0.102893
voice_account,IDN,2015,0.0861197
voice_account,IDN,2014,-6.737e-4
voice_account,IRN,2024,-1.5484136
voice_account,IRN,2023,-1.5488133
voice_account,IRN,2022,-1.5314025
voice_account,IRN,2021,-1.4876262
voice_account,IRN,2020,-1.4381547
voice_account,IRN,2019,-1.38442779999999
voice_account,IRN,2018,-1.3384928
voice_account,IRN,2017,-1.2639669
voice_account,IRN,2016,-1.29808979999999
voice_account,IRN,2015,-1.3080192
voice_account,IRN,2014,-1.385483
voice_account,IRQ,2024,-1.0216043
voice_account,IRQ,2023,-1.0426819
voice_account,IRQ,2022,-1.0157691
voice_account,IRQ,2021,-1.0273564
voice_account,IRQ,2020,-1.0174959
voice_account,IRQ,2019,-0.934025099999999
voice_account,IRQ,2018,-0.971495
voice_account,IRQ,2017,-1.1032692
voice_account,IRQ,2016,-1.1001688
voice_account,IRQ,2015,-1.0662816
voice_account,IRQ,2014,-1.043163
voice_account,IRL,2024,1.6376655
voice_account,IRL,2023,1.6268782
voice_account,IRL,2022,1.6017718
voice_account,IRL,2021,1.5787476
voice_account,IRL,2020,1.5010975
voice_account,IRL,2019,1.4455034
voice_account,IRL,2018,1.4323389
voice_account,IRL,2017,1.3987146
voice_account,IRL,2016,1.3765917
voice_account,IRL,2015,1.3918301
voice_account,IRL,2014,1.3604983
voice_account,ISR,2024,0.2951561
voice_account,ISR,2023,0.4202063
voice_account,ISR,2022,0.512879
voice_account,ISR,2021,0.5273842
voice_account,ISR,2020,0.5590953
voice_account,ISR,2019,0.5086626
voice_account,ISR,2018,0.5497977
voice_account,ISR,2017,0.5103599
voice_account,ISR,2016,0.5106974
voice_account,ISR,2015,0.4834851
voice_account,ISR,2014,0.4773612
voice_account,ITA,2024,1.0673476
voice_account,ITA,2023,1.0865677
voice_account,ITA,2022,1.0393532
voice_account,ITA,2021,1.0203423
voice_account,ITA,2020,1.0198604
voice_account,ITA,2019,0.8941527
voice_account,ITA,2018,0.9076833
voice_account,ITA,2017,0.9884646
voice_account,ITA,2016,1.0351199
voice_account,ITA,2015,1.0210974
voice_account,ITA,2014,0.975257
voice_account,JAM,2024,0.485209
voice_account,JAM,2023,0.4932042
voice_account,JAM,2022,0.5015442
voice_account,JAM,2021,0.5026751
voice_account,JAM,2020,0.5120442
voice_account,JAM,2019,0.5043883
voice_account,JAM,2018,0.4724016
voice_account,JAM,2017,0.6039973
voice_account,JAM,2016,0.5942121
voice_account,JAM,2015,0.5896512
voice_account,JAM,2014,0.5392399
voice_account,JPN,2024,1.1161265
voice_account,JPN,2023,1.1289319
voice_account,JPN,2022,1.0997002
voice_account,JPN,2021,1.0951218
voice_account,JPN,2020,1.0813117
voice_account,JPN,2019,1.0775489
voice_account,JPN,2018,1.120314
voice_account,JPN,2017,1.1976783
voice_account,JPN,2016,1.165848
voice_account,JPN,2015,1.1764466
voice_account,JPN,2014,1.2343567
voice_account,JOR,2024,-0.7137403
voice_account,JOR,2023,-0.752776799999999
voice_account,JOR,2022,-0.7613575
voice_account,JOR,2021,-0.715912
voice_account,JOR,2020,-0.672090299999999
voice_account,JOR,2019,-0.6407531
voice_account,JOR,2018,-0.6399465
voice_account,JOR,2017,-0.578742499999999
voice_account,JOR,2016,-0.587962099999999
voice_account,JOR,2015,-0.6098713
voice_account,JOR,2014,-0.6717732
voice_account,KAZ,2024,-0.8157128
voice_account,KAZ,2023,-0.8634651
voice_account,KAZ,2022,-0.8774668
voice_account,KAZ,2021,-0.8581561
voice_account,KAZ,2020,-0.8846303
voice_account,KAZ,2019,-0.9427464
voice_account,KAZ,2018,-0.8029
voice_account,KAZ,2017,-0.9065213
voice_account,KAZ,2016,-0.8250537
voice_account,KAZ,2015,-0.790997699999999
voice_account,KAZ,2014,-0.908048499999999
voice_account,KEN,2024,-0.3542285
voice_account,KEN,2023,-0.2708269
voice_account,KEN,2022,-0.250971899999999
voice_account,KEN,2021,-0.437757499999999
voice_account,KEN,2020,-0.435817599999999
voice_account,KEN,2019,-0.500132799999999
voice_account,KEN,2018,-0.5310028
voice_account,KEN,2017,-0.4085002
voice_account,KEN,2016,-0.2881147
voice_account,KEN,2015,-0.2660841
voice_account,KEN,2014,-0.195759
voice_account,KIR,2024,0.9729224
voice_account,KIR,2023,0.9846412
voice_account,KIR,2022,0.9861458
voice_account,KIR,2021,0.9876663
voice_account,KIR,2020,0.8858057
voice_account,KIR,2019,0.8833992
voice_account,KIR,2018,0.8235364
voice_account,KIR,2017,0.6237279
voice_account,KIR,2016,0.614837
voice_account,KIR,2015,0.6106159
voice_account,KIR,2014,0.6138092
voice_account,PRK,2024,-1.9874253
voice_account,PRK,2023,-1.96101899999999
voice_account,PRK,2022,-1.9570503
voice_account,PRK,2021,-1.98428719999999
voice_account,PRK,2020,-1.96706429999999
voice_account,PRK,2019,-1.96656559999999
voice_account,PRK,2018,-1.95203549999999
voice_account,PRK,2017,-2.0496319
voice_account,PRK,2016,-2.03878399999999
voice_account,PRK,2015,-2.0337046
voice_account,PRK,2014,-2.0325603
voice_account,KOR,2024,0.8078028
voice_account,KOR,2023,0.9190605
voice_account,KOR,2022,0.9475108
voice_account,KOR,2021,0.991734
voice_account,KOR,2020,0.9454893
voice_account,KOR,2019,0.8843808
voice_account,KOR,2018,0.9068002
voice_account,KOR,2017,0.8748979
voice_account,KOR,2016,0.6918169
voice_account,KOR,2015,0.6911672
voice_account,KOR,2014,0.7891756
voice_account,XKX,2024,0.1595881
voice_account,XKX,2023,0.1685562
voice_account,XKX,2022,0.150453
voice_account,XKX,2021,0.098677
voice_account,XKX,2020,0.1273328
voice_account,XKX,2019,0.0665373
voice_account,XKX,2018,0.1234846
voice_account,XKX,2017,0.1314551
voice_account,XKX,2016,0.0979613
voice_account,XKX,2015,0.117828
voice_account,XKX,2014,0.1004976
voice_account,KWT,2024,-0.718342199999999
voice_account,KWT,2023,-0.5355103
voice_account,KWT,2022,-0.5541874
voice_account,KWT,2021,-0.5604317
voice_account,KWT,2020,-0.4688158
voice_account,KWT,2019,-0.417902899999999
voice_account,KWT,2018,-0.4146491
voice_account,KWT,2017,-0.418240499999999
voice_account,KWT,2016,-0.4168537
voice_account,KWT,2015,-0.426707
voice_account,KWT,2014,-0.4284675
voice_account,KGZ,2024,-0.8013292
voice_account,KGZ,2023,-0.730617
voice_account,KGZ,2022,-0.639873
voice_account,KGZ,2021,-0.5153924
voice_account,KGZ,2020,-0.4870232
voice_account,KGZ,2019,-0.3956981
voice_account,KGZ,2018,-0.271814599999999
voice_account,KGZ,2017,-0.283291199999999
voice_account,KGZ,2016,-0.251539199999999
voice_account,KGZ,2015,-0.2483693
voice_account,KGZ,2014,-0.3187974
voice_account,LAO,2024,-1.47118289999999
voice_account,LAO,2023,-1.43183399999999
voice_account,LAO,2022,-1.39861109999999
voice_account,LAO,2021,-1.3981687
voice_account,LAO,2020,-1.46743509999999
voice_account,LAO,2019,-1.4478452
voice_account,LAO,2018,-1.3641332
voice_account,LAO,2017,-1.39085139999999
voice_account,LAO,2016,-1.3451544
voice_account,LAO,2015,-1.3817502
voice_account,LAO,2014,-1.3776916
voice_account,LVA,2024,1.1279498
voice_account,LVA,2023,1.1124815
voice_account,LVA,2022,1.06675
voice_account,LVA,2021,0.9910654
voice_account,LVA,2020,0.9256747
voice_account,LVA,2019,0.9135978
voice_account,LVA,2018,0.7056906
voice_account,LVA,2017,0.7287864
voice_account,LVA,2016,0.7206221
voice_account,LVA,2015,0.7531513
voice_account,LVA,2014,0.7659565
voice_account,LBN,2024,-0.773254099999999
voice_account,LBN,2023,-0.7573308
voice_account,LBN,2022,-0.7786234
voice_account,LBN,2021,-0.7622156
voice_account,LBN,2020,-0.6889046
voice_account,LBN,2019,-0.6164535
voice_account,LBN,2018,-0.5658194
voice_account,LBN,2017,-0.6151856
voice_account,LBN,2016,-0.616314599999999
voice_account,LBN,2015,-0.5520082
voice_account,LBN,2014,-0.4595043
voice_account,LSO,2024,-0.1551378
voice_account,LSO,2023,-0.1778783
voice_account,LSO,2022,-0.1459999
voice_account,LSO,2021,-0.2217516
voice_account,LSO,2020,-0.136977899999999
voice_account,LSO,2019,-0.162956699999999
voice_account,LSO,2018,-0.148633699999999
voice_account,LSO,2017,-0.1860106
voice_account,LSO,2016,-0.211975
voice_account,LSO,2015,-0.0763691
voice_account,LSO,2014,-0.0778208
voice_account,LBR,2024,-0.1117659
voice_account,LBR,2023,-0.111354
voice_account,LBR,2022,-0.1659338
voice_account,LBR,2021,-0.18735759999999901
voice_account,LBR,2020,-0.1946272
voice_account,LBR,2019,-0.236170699999999
voice_account,LBR,2018,-0.135108099999999
voice_account,LBR,2017,-0.0459297
voice_account,LBR,2016,-0.2242728
voice_account,LBR,2015,-0.238272899999999
voice_account,LBR,2014,-0.2481803
voice_account,LBY,2024,-1.33599959999999
voice_account,LBY,2023,-1.3571083
voice_account,LBY,2022,-1.3168916
voice_account,LBY,2021,-1.26873449999999
voice_account,LBY,2020,-1.1145078
voice_account,LBY,2019,-1.108952
voice_account,LBY,2018,-1.1886225
voice_account,LBY,2017,-1.2324321
voice_account,LBY,2016,-1.1997746
voice_account,LBY,2015,-1.165613
voice_account,LBY,2014,-1.0752096
voice_account,LIE,2024,1.3276421
voice_account,LIE,2023,1.3149688
voice_account,LIE,2022,1.3366925
voice_account,LIE,2021,1.3347361
voice_account,LIE,2020,1.3135419
voice_account,LIE,2019,1.313823
voice_account,LIE,2018,1.3073919
voice_account,LIE,2017,1.3818292
voice_account,LIE,2016,1.3998969000000001
voice_account,LIE,2015,1.4528958
voice_account,LIE,2014,1.4558907
voice_account,LTU,2024,1.2226462
voice_account,LTU,2023,1.1887714
voice_account,LTU,2022,1.1824494
voice_account,LTU,2021,1.134426
voice_account,LTU,2020,1.086472
voice_account,LTU,2019,1.0715599
voice_account,LTU,2018,0.813513
voice_account,LTU,2017,0.8829716
voice_account,LTU,2016,0.8522699
voice_account,LTU,2015,0.9019303
voice_account,LTU,2014,0.889013
voice_account,LUX,2024,1.6653277
voice_account,LUX,2023,1.6677685
voice_account,LUX,2022,1.6940035
voice_account,LUX,2021,1.6761181
voice_account,LUX,2020,1.653888
voice_account,LUX,2019,1.6112736
voice_account,LUX,2018,1.6101762
voice_account,LUX,2017,1.6256817
voice_account,LUX,2016,1.598235
voice_account,LUX,2015,1.6105936
voice_account,LUX,2014,1.5878417
voice_account,MAC,2024,0.0636166
voice_account,MAC,2023,0.0647468
voice_account,MAC,2022,0.0668135
voice_account,MAC,2021,0.0689022
voice_account,MAC,2020,0.5222875
voice_account,MAC,2019,0.5232038
voice_account,MAC,2018,0.5238535
voice_account,MAC,2017,0.4167652
voice_account,MAC,2016,0.417591
voice_account,MAC,2015,0.418541
voice_account,MAC,2014,0.1256886
voice_account,MDG,2024,-0.725368399999999
voice_account,MDG,2023,-0.6052114
voice_account,MDG,2022,-0.533853399999999
voice_account,MDG,2021,-0.556467199999999
voice_account,MDG,2020,-0.4743286
voice_account,MDG,2019,-0.534724
voice_account,MDG,2018,-0.579241999999999
voice_account,MDG,2017,-0.6761349
voice_account,MDG,2016,-0.6621363
voice_account,MDG,2015,-0.6761863
voice_account,MDG,2014,-0.7331899
voice_account,MWI,2024,-0.109433999999999
voice_account,MWI,2023,-0.0714795
voice_account,MWI,2022,-0.0793215999999999
voice_account,MWI,2021,-0.0757201
voice_account,MWI,2020,-0.0851979
voice_account,MWI,2019,-0.2728638
voice_account,MWI,2018,-0.224112899999999
voice_account,MWI,2017,-0.2175942
voice_account,MWI,2016,-0.193207599999999
voice_account,MWI,2015,-0.142356099999999
voice_account,MWI,2014,-0.1612398
voice_account,MYS,2024,-0.126719499999999
voice_account,MYS,2023,-0.1658995
voice_account,MYS,2022,-0.1529312
voice_account,MYS,2021,-0.2516963
voice_account,MYS,2020,-0.1578862
voice_account,MYS,2019,-0.0505939
voice_account,MYS,2018,-0.177320099999999
voice_account,MYS,2017,-0.4206464
voice_account,MYS,2016,-0.4559705
voice_account,MYS,2015,-0.4440462
voice_account,MYS,2014,-0.409815999999999
voice_account,MDV,2024,-0.4118749
voice_account,MDV,2023,-0.201441999999999
voice_account,MDV,2022,-0.2241225
voice_account,MDV,2021,-0.1371966
voice_account,MDV,2020,-0.124150199999999
voice_account,MDV,2019,-0.3286885
voice_account,MDV,2018,-0.7287193
voice_account,MDV,2017,-0.7497602
voice_account,MDV,2016,-0.639416099999999
voice_account,MDV,2015,-0.5793588
voice_account,MDV,2014,-0.5291201
voice_account,MLI,2024,-1.2210359
voice_account,MLI,2023,-1.10441
voice_account,MLI,2022,-0.978497899999999
voice_account,MLI,2021,-0.811539599999999
voice_account,MLI,2020,-0.6560614
voice_account,MLI,2019,-0.5066704
voice_account,MLI,2018,-0.4790175
voice_account,MLI,2017,-0.3671838
voice_account,MLI,2016,-0.3368327
voice_account,MLI,2015,-0.338542099999999
voice_account,MLI,2014,-0.231560599999999
voice_account,MLT,2024,0.9216359
voice_account,MLT,2023,0.9614657
voice_account,MLT,2022,1.0201012
voice_account,MLT,2021,1.0102414
voice_account,MLT,2020,1.1610836
voice_account,MLT,2019,1.112703
voice_account,MLT,2018,1.1635326
voice_account,MLT,2017,1.1266584
voice_account,MLT,2016,1.163645
voice_account,MLT,2015,1.1871536
voice_account,MLT,2014,1.1728082
voice_account,MHL,2024,0.9544108
voice_account,MHL,2023,0.6882165
voice_account,MHL,2022,0.6897211
voice_account,MHL,2021,0.6912417
voice_account,MHL,2020,0.6958712
voice_account,MHL,2019,0.9369232
voice_account,MHL,2018,0.9067185
voice_account,MHL,2017,0.9347059
voice_account,MHL,2016,0.9357159
voice_account,MHL,2015,0.9435256
voice_account,MHL,2014,0.8769027
voice_account,MRT,2024,-0.925315
voice_account,MRT,2023,-0.838849299999999
voice_account,MRT,2022,-0.8832882
voice_account,MRT,2021,-0.894332599999999
voice_account,MRT,2020,-0.798863299999999
voice_account,MRT,2019,-0.8727345
voice_account,MRT,2018,-0.938720599999999
voice_account,MRT,2017,-0.971436699999999
voice_account,MRT,2016,-0.9229242
voice_account,MRT,2015,-0.922540199999999
voice_account,MRT,2014,-0.917447599999999
voice_account,MUS,2024,0.3689046
voice_account,MUS,2023,0.2964923
voice_account,MUS,2022,0.3427296
voice_account,MUS,2021,0.3693402
voice_account,MUS,2020,0.490144
voice_account,MUS,2019,0.5288847
voice_account,MUS,2018,0.7783716
voice_account,MUS,2017,0.7837644
voice_account,MUS,2016,0.8176716
voice_account,MUS,2015,0.8000559
voice_account,MUS,2014,0.8373596
voice_account,MEX,2024,-0.338295
voice_account,MEX,2023,-0.2517507
voice_account,MEX,2022,-0.240528499999999
voice_account,MEX,2021,-0.17373
voice_account,MEX,2020,-0.0915771
voice_account,MEX,2019,-0.0639434
voice_account,MEX,2018,-0.0473499999999999
voice_account,MEX,2017,-0.1417561
voice_account,MEX,2016,-0.09985
voice_account,MEX,2015,-0.0649057
voice_account,MEX,2014,0.0591695
voice_account,FSM,2024,0.9031951
voice_account,FSM,2023,0.6370009
voice_account,FSM,2022,0.6385055
voice_account,FSM,2021,0.640026
voice_account,FSM,2020,0.6446556
voice_account,FSM,2019,1.0303454
voice_account,FSM,2018,0.8841628
voice_account,FSM,2017,0.8432005
voice_account,FSM,2016,0.8439099
voice_account,FSM,2015,0.8540637
voice_account,FSM,2014,0.8534087
voice_account,MDA,2024,0.2837193
voice_account,MDA,2023,0.2629208
voice_account,MDA,2022,0.0872112999999999
voice_account,MDA,2021,0.0252853
voice_account,MDA,2020,-0.0883867
voice_account,MDA,2019,-0.1508752
voice_account,MDA,2018,-0.1677532
voice_account,MDA,2017,-0.110529999999999
voice_account,MDA,2016,-0.103968499999999
voice_account,MDA,2015,-0.0642348
voice_account,MDA,2014,-0.0337182
voice_account,MCO,2024,0.836801
voice_account,MCO,2023,0.8382191
voice_account,MCO,2022,0.8992514
voice_account,MCO,2021,0.9018722
voice_account,MCO,2020,0.8806321
voice_account,MCO,2019,0.8817819
voice_account,MCO,2018,0.8095481
voice_account,MCO,2017,0.6532767
voice_account,MCO,2016,0.6889007
voice_account,MCO,2015,0.7659677
voice_account,MCO,2014,0.764819
voice_account,MNG,2024,0.1269074
voice_account,MNG,2023,0.1629614
voice_account,MNG,2022,0.1368044
voice_account,MNG,2021,0.1480496
voice_account,MNG,2020,0.1817007
voice_account,MNG,2019,0.1580404
voice_account,MNG,2018,0.1650009
voice_account,MNG,2017,0.1974465
voice_account,MNG,2016,0.2098394
voice_account,MNG,2015,0.1742773
voice_account,MNG,2014,0.1797307
voice_account,MNE,2024,0.3909571
voice_account,MNE,2023,0.215248
voice_account,MNE,2022,0.1804086
voice_account,MNE,2021,0.0861181
voice_account,MNE,2020,0.0979351
voice_account,MNE,2019,0.0915887
voice_account,MNE,2018,0.1124884
voice_account,MNE,2017,0.1672645
voice_account,MNE,2016,0.10191
voice_account,MNE,2015,0.1963459
voice_account,MNE,2014,0.1944069
voice_account,MAR,2024,-0.726704999999999
voice_account,MAR,2023,-0.7258593
voice_account,MAR,2022,-0.6956057
voice_account,MAR,2021,-0.696885
voice_account,MAR,2020,-0.6956447
voice_account,MAR,2019,-0.6666584
voice_account,MAR,2018,-0.6930849
voice_account,MAR,2017,-0.622077099999999
voice_account,MAR,2016,-0.5720272
voice_account,MAR,2015,-0.6459636
voice_account,MAR,2014,-0.6694114
voice_account,MOZ,2024,-1.0056256
voice_account,MOZ,2023,-0.8059008
voice_account,MOZ,2022,-0.7774109
voice_account,MOZ,2021,-0.78639269999999994
voice_account,MOZ,2020,-0.6308138
voice_account,MOZ,2019,-0.71209
voice_account,MOZ,2018,-0.652033699999999
voice_account,MOZ,2017,-0.591888
voice_account,MOZ,2016,-0.5790188
voice_account,MOZ,2015,-0.405902899999999
voice_account,MOZ,2014,-0.3834841
voice_account,MMR,2024,-2.12458
voice_account,MMR,2023,-1.9995543
voice_account,MMR,2022,-1.8445657
voice_account,MMR,2021,-1.4221985
voice_account,MMR,2020,-0.9104823
voice_account,MMR,2019,-0.970264199999999
voice_account,MMR,2018,-1.0234249
voice_account,MMR,2017,-1.067998
voice_account,MMR,2016,-0.942400199999999
voice_account,MMR,2015,-1.28193159999999
voice_account,MMR,2014,-1.3409972
voice_account,NAM,2024,0.3365397
voice_account,NAM,2023,0.4017843
voice_account,NAM,2022,0.3873027
voice_account,NAM,2021,0.4148382
voice_account,NAM,2020,0.4048963
voice_account,NAM,2019,0.3782961
voice_account,NAM,2018,0.4426181
voice_account,NAM,2017,0.4105668
voice_account,NAM,2016,0.4197917
voice_account,NAM,2015,0.4428483
voice_account,NAM,2014,0.4142267
voice_account,NRU,2024,0.5990843
voice_account,NRU,2023,0.4158201
voice_account,NRU,2022,0.4176347
voice_account,NRU,2021,0.4194686
voice_account,NRU,2020,0.4250521
voice_account,NRU,2019,0.4258567
voice_account,NRU,2018,0.4038603
voice_account,NRU,2017,0.7515682
voice_account,NRU,2016,0.7528113
voice_account,NRU,2015,0.796778
voice_account,NRU,2014,0.9347654
voice_account,NPL,2024,-0.0597655
voice_account,NPL,2023,-0.0530459999999999
voice_account,NPL,2022,-0.0989531
voice_account,NPL,2021,-0.1442262
voice_account,NPL,2020,-0.1316182
voice_account,NPL,2019,-0.175210099999999
voice_account,NPL,2018,-0.122376599999999
voice_account,NPL,2017,-0.1836874
voice_account,NPL,2016,-0.2440407
voice_account,NPL,2015,-0.32513
voice_account,NPL,2014,-0.3204742
voice_account,NLD,2024,1.6536633
voice_account,NLD,2023,1.7002227
voice_account,NLD,2022,1.7314051
voice_account,NLD,2021,1.7227024
voice_account,NLD,2020,1.8102322
voice_account,NLD,2019,1.7262785
voice_account,NLD,2018,1.7339629
voice_account,NLD,2017,1.7312327
voice_account,NLD,2016,1.7861497
voice_account,NLD,2015,1.7919882
voice_account,NLD,2014,1.7156638
voice_account,NCL,2024,0.7309295
voice_account,NCL,2023,0.7333028
voice_account,NCL,2022,0.7376429
voice_account,NCL,2021,1.0690156
voice_account,NCL,2020,1.1809761
voice_account,NCL,2019,1.0294099
voice_account,NCL,2018,0.5184954
voice_account,NCL,2017,NA
voice_account,NCL,2016,NA
voice_account,NCL,2015,NA
voice_account,NCL,2014,NA
voice_account,NZL,2024,1.6892342
voice_account,NZL,2023,1.7161747
voice_account,NZL,2022,1.7403015
voice_account,NZL,2021,1.7410291
voice_account,NZL,2020,1.7549282
voice_account,NZL,2019,1.748734
voice_account,NZL,2018,1.7394111
voice_account,NZL,2017,1.7721206
voice_account,NZL,2016,1.7849243
voice_account,NZL,2015,1.7885444
voice_account,NZL,2014,1.7121664
voice_account,NIC,2024,-1.71577699999999
voice_account,NIC,2023,-1.53540609999999
voice_account,NIC,2022,-1.4677015
voice_account,NIC,2021,-1.3557067
voice_account,NIC,2020,-1.1904584
voice_account,NIC,2019,-1.189809
voice_account,NIC,2018,-1.165448
voice_account,NIC,2017,-0.8526969
voice_account,NIC,2016,-0.865717499999999
voice_account,NIC,2015,-0.7262708
voice_account,NIC,2014,-0.620472599999999
voice_account,NER,2024,-0.970673599999999
voice_account,NER,2023,-0.7681783
voice_account,NER,2022,-0.552252899999999
voice_account,NER,2021,-0.5571309
voice_account,NER,2020,-0.429998999999999
voice_account,NER,2019,-0.526837
voice_account,NER,2018,-0.5145248
voice_account,NER,2017,-0.4700356
voice_account,NER,2016,-0.4534935
voice_account,NER,2015,-0.282134
voice_account,NER,2014,-0.273428799999999
voice_account,NGA,2024,-0.726544699999999
voice_account,NGA,2023,-0.7370051
voice_account,NGA,2022,-0.7666744
voice_account,NGA,2021,-0.7594776
voice_account,NGA,2020,-0.609245199999999
voice_account,NGA,2019,-0.6028496
voice_account,NGA,2018,-0.498116799999999
voice_account,NGA,2017,-0.5449969
voice_account,NGA,2016,-0.582595699999999
voice_account,NGA,2015,-0.5168669
voice_account,NGA,2014,-0.6329701
voice_account,MKD,2024,0.0737386999999999
voice_account,MKD,2023,-0.0011212
voice_account,MKD,2022,-0.00466449999999999
voice_account,MKD,2021,-0.0157161
voice_account,MKD,2020,-0.0924122
voice_account,MKD,2019,-0.1170509
voice_account,MKD,2018,-0.1175171
voice_account,MKD,2017,-0.2727594
voice_account,MKD,2016,-0.3081163
voice_account,MKD,2015,-0.2537076
voice_account,MKD,2014,-0.1806253
voice_account,NOR,2024,1.9294246
voice_account,NOR,2023,1.9331357
voice_account,NOR,2022,1.9385647
voice_account,NOR,2021,1.9844255
voice_account,NOR,2020,1.9557738
voice_account,NOR,2019,1.9498022
voice_account,NOR,2018,1.9573175
voice_account,NOR,2017,1.9306924
voice_account,NOR,2016,1.9140808
voice_account,NOR,2015,1.9139631
voice_account,NOR,2014,1.8437744
voice_account,OMN,2024,-0.8876853
voice_account,OMN,2023,-0.7690296
voice_account,OMN,2022,-0.800677299999999
voice_account,OMN,2021,-0.7945707
voice_account,OMN,2020,-0.687522099999999
voice_account,OMN,2019,-0.710401
voice_account,OMN,2018,-0.6904135
voice_account,OMN,2017,-0.6296881
voice_account,OMN,2016,-0.6219852
voice_account,OMN,2015,-0.6424569
voice_account,OMN,2014,-0.705259699999999
voice_account,PAK,2024,-1.1663298
voice_account,PAK,2023,-1.0251755
voice_account,PAK,2022,-0.9699194
voice_account,PAK,2021,-0.9211047
voice_account,PAK,2020,-0.8727743
voice_account,PAK,2019,-0.9036869
voice_account,PAK,2018,-0.8294349
voice_account,PAK,2017,-0.8186114
voice_account,PAK,2016,-0.823811499999999
voice_account,PAK,2015,-0.8331014
voice_account,PAK,2014,-0.8714681
voice_account,PLW,2024,1.0369618
voice_account,PLW,2023,1.0279492
voice_account,PLW,2022,1.0305401
voice_account,PLW,2021,1.0331583
voice_account,PLW,2020,1.0411302
voice_account,PLW,2019,1.0422789
voice_account,PLW,2018,1.0430933
voice_account,PLW,2017,1.0848056
voice_account,PLW,2016,1.0860487
voice_account,PLW,2015,1.0956611
voice_account,PLW,2014,1.0945132
voice_account,PAN,2024,0.4411062
voice_account,PAN,2023,0.4467096
voice_account,PAN,2022,0.4471573
voice_account,PAN,2021,0.4667899
voice_account,PAN,2020,0.5176533
voice_account,PAN,2019,0.5255263
voice_account,PAN,2018,0.4994086
voice_account,PAN,2017,0.4645761
voice_account,PAN,2016,0.4886932
voice_account,PAN,2015,0.5022803
voice_account,PAN,2014,0.4491062
voice_account,PNG,2024,-0.3264396
voice_account,PNG,2023,-0.109847699999999
voice_account,PNG,2022,-0.0744077
voice_account,PNG,2021,-0.074268
voice_account,PNG,2020,-0.0509719
voice_account,PNG,2019,-0.0745731
voice_account,PNG,2018,-0.0378458
voice_account,PNG,2017,-0.0994270999999999
voice_account,PNG,2016,-0.104620399999999
voice_account,PNG,2015,-0.1841012
voice_account,PNG,2014,-0.18564
voice_account,PRY,2024,-0.1497783
voice_account,PRY,2023,-0.1564693
voice_account,PRY,2022,-0.190507999999999
voice_account,PRY,2021,-0.1702578
voice_account,PRY,2020,-0.121548999999999
voice_account,PRY,2019,-0.107033999999999
voice_account,PRY,2018,-0.1065124
voice_account,PRY,2017,-0.131242
voice_account,PRY,2016,-0.163387099999999
voice_account,PRY,2015,-0.145595399999999
voice_account,PRY,2014,-0.189373699999999
voice_account,PER,2024,0.0455746
voice_account,PER,2023,0.1478334
voice_account,PER,2022,0.1421732
voice_account,PER,2021,0.2154894
voice_account,PER,2020,0.364213
voice_account,PER,2019,0.3431757
voice_account,PER,2018,0.3589581
voice_account,PER,2017,0.313525
voice_account,PER,2016,0.2653854
voice_account,PER,2015,0.2727774
voice_account,PER,2014,0.2195209
voice_account,PHL,2024,-0.3554363
voice_account,PHL,2023,-0.363659
voice_account,PHL,2022,-0.3442518
voice_account,PHL,2021,-0.374633899999999
voice_account,PHL,2020,-0.2661611
voice_account,PHL,2019,-0.186875699999999
voice_account,PHL,2018,-0.1655678
voice_account,PHL,2017,-0.0946328999999999
voice_account,PHL,2016,0.0246542
voice_account,PHL,2015,0.0294154
voice_account,PHL,2014,0.0760846999999999
voice_account,POL,2024,0.7521675
voice_account,POL,2023,0.4100224
voice_account,POL,2022,0.375328
voice_account,POL,2021,0.369436
voice_account,POL,2020,0.4872989
voice_account,POL,2019,0.5057092
voice_account,POL,2018,0.5419408
voice_account,POL,2017,0.6803648
voice_account,POL,2016,0.8683932
voice_account,POL,2015,0.9924822
voice_account,POL,2014,1.0672929
voice_account,PRT,2024,1.2651386
voice_account,PRT,2023,1.3110945
voice_account,PRT,2022,1.3064618
voice_account,PRT,2021,1.3627614
voice_account,PRT,2020,1.3776424
voice_account,PRT,2019,1.2118026
voice_account,PRT,2018,1.2376429
voice_account,PRT,2017,1.3116648
voice_account,PRT,2016,1.3088566
voice_account,PRT,2015,1.3008189
voice_account,PRT,2014,1.2765908
voice_account,PRI,2024,0.3782154
voice_account,PRI,2023,0.3482392
voice_account,PRI,2022,0.424423
voice_account,PRI,2021,0.6433907
voice_account,PRI,2020,0.6491803
voice_account,PRI,2019,0.6500146
voice_account,PRI,2018,0.8595092
voice_account,PRI,2017,0.8397526
voice_account,PRI,2016,0.7744702
voice_account,PRI,2015,0.7750991
voice_account,PRI,2014,0.7815731
voice_account,QAT,2024,-0.9543765
voice_account,QAT,2023,-0.928950699999999
voice_account,QAT,2022,-0.8587247
voice_account,QAT,2021,-0.883610399999999
voice_account,QAT,2020,-1.1940237
voice_account,QAT,2019,-1.19130659999999
voice_account,QAT,2018,-1.1879488
voice_account,QAT,2017,-0.9534938
voice_account,QAT,2016,-0.854911099999999
voice_account,QAT,2015,-0.813898999999999
voice_account,QAT,2014,-0.808237299999999
voice_account,ROU,2024,0.3873603
voice_account,ROU,2023,0.4976458
voice_account,ROU,2022,0.5210735
voice_account,ROU,2021,0.542915
voice_account,ROU,2020,0.5461748
voice_account,ROU,2019,0.491677
voice_account,ROU,2018,0.4386647
voice_account,ROU,2017,0.4982553
voice_account,ROU,2016,0.5372858
voice_account,ROU,2015,0.5325813
voice_account,ROU,2014,0.4298763
voice_account,RUS,2024,-1.4221754
voice_account,RUS,2023,-1.3110562
voice_account,RUS,2022,-1.16496089999999
voice_account,RUS,2021,-0.9937267
voice_account,RUS,2020,-0.9044002
voice_account,RUS,2019,-0.921051699999999
voice_account,RUS,2018,-0.7832809
voice_account,RUS,2017,-0.7636404
voice_account,RUS,2016,-0.7853492
voice_account,RUS,2015,-0.809146599999999
voice_account,RUS,2014,-0.795428399999999
voice_account,RWA,2024,-0.5889127
voice_account,RWA,2023,-0.527114899999999
voice_account,RWA,2022,-0.542473099999999
voice_account,RWA,2021,-0.5382498
voice_account,RWA,2020,-0.7112164
voice_account,RWA,2019,-0.7025827
voice_account,RWA,2018,-0.7281791
voice_account,RWA,2017,-0.7978938
voice_account,RWA,2016,-0.819612999999999
voice_account,RWA,2015,-0.806716099999999
voice_account,RWA,2014,-0.8046126
voice_account,WSM,2024,0.8878885
voice_account,WSM,2023,1.0723236
voice_account,WSM,2022,1.0897941
voice_account,WSM,2021,0.8153309
voice_account,WSM,2020,0.8745935
voice_account,WSM,2019,0.8423647
voice_account,WSM,2018,0.7779725
voice_account,WSM,2017,0.4622821
voice_account,WSM,2016,0.4647569
voice_account,WSM,2015,0.4252301
voice_account,WSM,2014,0.4071675
voice_account,SMR,2024,1.2458759
voice_account,SMR,2023,1.2472939
voice_account,SMR,2022,1.2498873
voice_account,SMR,2021,1.1502395
voice_account,SMR,2020,1.158219
voice_account,SMR,2019,1.1593688
voice_account,SMR,2018,1.1601839
voice_account,SMR,2017,1.1858512
voice_account,SMR,2016,1.1870952
voice_account,SMR,2015,1.2727572
voice_account,SMR,2014,1.2716085
voice_account,STP,2024,0.1647038
voice_account,STP,2023,0.1185496
voice_account,STP,2022,0.1308055
voice_account,STP,2021,0.137464
voice_account,STP,2020,0.1130392
voice_account,STP,2019,0.1673346
voice_account,STP,2018,0.1570563
voice_account,STP,2017,0.1151681
voice_account,STP,2016,0.1153477
voice_account,STP,2015,0.1862958
voice_account,STP,2014,0.2197118
voice_account,SAU,2024,-1.5472609
voice_account,SAU,2023,-1.562289
voice_account,SAU,2022,-1.51087979999999
voice_account,SAU,2021,-1.5214302
voice_account,SAU,2020,-1.54441529999999
voice_account,SAU,2019,-1.52853169999999
voice_account,SAU,2018,-1.6111073
voice_account,SAU,2017,-1.62284839999999
voice_account,SAU,2016,-1.59435179999999
voice_account,SAU,2015,-1.585512
voice_account,SAU,2014,-1.75687969999999
voice_account,SEN,2024,0.0160801
voice_account,SEN,2023,-0.0061603
voice_account,SEN,2022,0.0142739
voice_account,SEN,2021,0.0312057
voice_account,SEN,2020,0.0435201
voice_account,SEN,2019,0.0547521
voice_account,SEN,2018,0.0870299
voice_account,SEN,2017,0.0625102
voice_account,SEN,2016,0.1721576
voice_account,SEN,2015,0.1225947
voice_account,SEN,2014,0.0533404
voice_account,SRB,2024,-0.4658584
voice_account,SRB,2023,-0.3760322
voice_account,SRB,2022,-0.2834019
voice_account,SRB,2021,-0.2621982
voice_account,SRB,2020,-0.1971568
voice_account,SRB,2019,-0.1847773
voice_account,SRB,2018,-0.179080699999999
voice_account,SRB,2017,-0.0274908
voice_account,SRB,2016,0.1008581
voice_account,SRB,2015,0.1127889
voice_account,SRB,2014,0.125625
voice_account,SYC,2024,0.6343652
voice_account,SYC,2023,0.6358143
voice_account,SYC,2022,0.6695352
voice_account,SYC,2021,0.6802368
voice_account,SYC,2020,0.6013803
voice_account,SYC,2019,0.3516215
voice_account,SYC,2018,0.3385322
voice_account,SYC,2017,0.2947312
voice_account,SYC,2016,0.30353019999999997
voice_account,SYC,2015,0.2346279
voice_account,SYC,2014,0.072685
voice_account,SLE,2024,-0.5129398
voice_account,SLE,2023,-0.465683399999999
voice_account,SLE,2022,-0.306625
voice_account,SLE,2021,-0.279553999999999
voice_account,SLE,2020,-0.2710645
voice_account,SLE,2019,-0.319340399999999
voice_account,SLE,2018,-0.272627
voice_account,SLE,2017,-0.374755
voice_account,SLE,2016,-0.376579999999999
voice_account,SLE,2015,-0.371987299999999
voice_account,SLE,2014,-0.3024332
voice_account,SGP,2024,0.0382996
voice_account,SGP,2023,0.0695153999999999
voice_account,SGP,2022,0.1532996
voice_account,SGP,2021,0.1598961
voice_account,SGP,2020,0.1525296
voice_account,SGP,2019,0.1894806
voice_account,SGP,2018,0.2449759
voice_account,SGP,2017,0.2550722
voice_account,SGP,2016,0.3450853
voice_account,SGP,2015,0.3248838
voice_account,SGP,2014,0.3198239
voice_account,SVK,2024,0.9301839
voice_account,SVK,2023,0.972897
voice_account,SVK,2022,0.9497804
voice_account,SVK,2021,0.9886718
voice_account,SVK,2020,0.9881907
voice_account,SVK,2019,0.8762439
voice_account,SVK,2018,0.7278694
voice_account,SVK,2017,0.8412265
voice_account,SVK,2016,0.9270088
voice_account,SVK,2015,0.925632
voice_account,SVK,2014,0.9282831
voice_account,SVN,2024,1.0571494
voice_account,SVN,2023,1.0261192
voice_account,SVN,2022,0.9757445
voice_account,SVN,2021,0.9366208
voice_account,SVN,2020,1.0295399
voice_account,SVN,2019,1.0296095
voice_account,SVN,2018,0.873193
voice_account,SVN,2017,0.9164126
voice_account,SVN,2016,0.9044433
voice_account,SVN,2015,0.8823261
voice_account,SVN,2014,0.8383034
voice_account,SLB,2024,0.3267325
voice_account,SLB,2023,0.2523343
voice_account,SLB,2022,0.2604926
voice_account,SLB,2021,0.3280919
voice_account,SLB,2020,0.168919
voice_account,SLB,2019,0.279918
voice_account,SLB,2018,0.1438423
voice_account,SLB,2017,0.0611211
voice_account,SLB,2016,0.0486342
voice_account,SLB,2015,0.0358826
voice_account,SLB,2014,0.0214166
voice_account,SOM,2024,-1.5761592
voice_account,SOM,2023,-1.48544639999999
voice_account,SOM,2022,-1.4916009
voice_account,SOM,2021,-1.6566375
voice_account,SOM,2020,-1.6658247
voice_account,SOM,2019,-1.6191136
voice_account,SOM,2018,-1.6431326
voice_account,SOM,2017,-1.6676521
voice_account,SOM,2016,-1.8003303
voice_account,SOM,2015,-1.77230779999999
voice_account,SOM,2014,-1.78649869999999
voice_account,ZAF,2024,0.6072796
voice_account,ZAF,2023,0.5621695
voice_account,ZAF,2022,0.5646216
voice_account,ZAF,2021,0.6405127
voice_account,ZAF,2020,0.5077726
voice_account,ZAF,2019,0.4911743
voice_account,ZAF,2018,0.5306104
voice_account,ZAF,2017,0.539157
voice_account,ZAF,2016,0.5713649
voice_account,ZAF,2015,0.5906812
voice_account,ZAF,2014,0.557058
voice_account,SSD,2024,-1.8916509
voice_account,SSD,2023,-1.855538
voice_account,SSD,2022,-1.9531527
voice_account,SSD,2021,-1.94215499999999
voice_account,SSD,2020,-1.93566519999999
voice_account,SSD,2019,-2.035567
voice_account,SSD,2018,-2.0437826
voice_account,SSD,2017,-1.8670114
voice_account,SSD,2016,-1.882177
voice_account,SSD,2015,-1.573248
voice_account,SSD,2014,-1.517404
voice_account,ESP,2024,1.1484423
voice_account,ESP,2023,1.1523041
voice_account,ESP,2022,1.1455667
voice_account,ESP,2021,1.1384344
voice_account,ESP,2020,1.1589433
voice_account,ESP,2019,1.093177
voice_account,ESP,2018,1.0560459
voice_account,ESP,2017,1.0725269
voice_account,ESP,2016,1.0954166
voice_account,ESP,2015,1.0971352
voice_account,ESP,2014,1.0560853
voice_account,LKA,2024,-0.126025499999999
voice_account,LKA,2023,-0.376177999999999
voice_account,LKA,2022,-0.3638182
voice_account,LKA,2021,-0.2581614
voice_account,LKA,2020,-0.1576417
voice_account,LKA,2019,-0.1819405
voice_account,LKA,2018,-0.186496499999999
voice_account,LKA,2017,-0.239022899999999
voice_account,LKA,2016,-0.252305599999999
voice_account,LKA,2015,-0.3869354
voice_account,LKA,2014,-0.6947438
voice_account,KNA,2024,0.4598773
voice_account,KNA,2023,0.431477
voice_account,KNA,2022,0.4283376
voice_account,KNA,2021,0.4311382
voice_account,KNA,2020,0.439648
voice_account,KNA,2019,0.4247829
voice_account,KNA,2018,0.4519236
voice_account,KNA,2017,0.7066057
voice_account,KNA,2016,0.7220511
voice_account,KNA,2015,0.7188113
voice_account,KNA,2014,1.0671377
voice_account,LCA,2024,0.611256
voice_account,LCA,2023,0.5338659
voice_account,LCA,2022,0.5054951
voice_account,LCA,2021,0.5088919
voice_account,LCA,2020,0.5022546
voice_account,LCA,2019,0.5828907
voice_account,LCA,2018,0.5668733
voice_account,LCA,2017,0.7599752
voice_account,LCA,2016,0.8427357
voice_account,LCA,2015,0.8530795
voice_account,LCA,2014,1.18593
voice_account,VCT,2024,0.5028521
voice_account,VCT,2023,0.5634282
voice_account,VCT,2022,0.5755557
voice_account,VCT,2021,0.6155269
voice_account,VCT,2020,0.6244985
voice_account,VCT,2019,0.6248617
voice_account,VCT,2018,0.5176746
voice_account,VCT,2017,0.5884863
voice_account,VCT,2016,0.5979297
voice_account,VCT,2015,0.6076881
voice_account,VCT,2014,0.9638727
voice_account,SDN,2024,-1.8835388
voice_account,SDN,2023,-1.7457756
voice_account,SDN,2022,-1.6342678
voice_account,SDN,2021,-1.4649309
voice_account,SDN,2020,-1.5628619
voice_account,SDN,2019,-1.68985609999999
voice_account,SDN,2018,-1.8588596
voice_account,SDN,2017,-1.8293207
voice_account,SDN,2016,-1.8311887
voice_account,SDN,2015,-1.77726499999999
voice_account,SDN,2014,-1.7761608
voice_account,SUR,2024,0.0554088
voice_account,SUR,2023,0.1081855
voice_account,SUR,2022,0.1083446
voice_account,SUR,2021,0.0873419
voice_account,SUR,2020,0.1599841
voice_account,SUR,2019,0.1343228
voice_account,SUR,2018,0.1093602
voice_account,SUR,2017,0.0483854
voice_account,SUR,2016,0.1627668
voice_account,SUR,2015,0.1592598
voice_account,SUR,2014,0.3487913
voice_account,SWE,2024,1.7277944
voice_account,SWE,2023,1.7304193
voice_account,SWE,2022,1.7517742
voice_account,SWE,2021,1.7654718
voice_account,SWE,2020,1.7982035
voice_account,SWE,2019,1.725429
voice_account,SWE,2018,1.7414565
voice_account,SWE,2017,1.7375825
voice_account,SWE,2016,1.7750567
voice_account,SWE,2015,1.7750119
voice_account,SWE,2014,1.7547337
voice_account,CHE,2024,1.6422377
voice_account,CHE,2023,1.625069
voice_account,CHE,2022,1.6844928
voice_account,CHE,2021,1.678298
voice_account,CHE,2020,1.6390344
voice_account,CHE,2019,1.6494367
voice_account,CHE,2018,1.6741105
voice_account,CHE,2017,1.6652384
voice_account,CHE,2016,1.639262
voice_account,CHE,2015,1.6319543
voice_account,CHE,2014,1.6312583
voice_account,SYR,2024,-1.84729179999999
voice_account,SYR,2023,-1.9152968
voice_account,SYR,2022,-1.8967024
voice_account,SYR,2021,-1.89419689999999
voice_account,SYR,2020,-1.909584
voice_account,SYR,2019,-1.94567879999999
voice_account,SYR,2018,-1.986877
voice_account,SYR,2017,-1.98639489999999
voice_account,SYR,2016,-1.9798097
voice_account,SYR,2015,-1.94200509999999
voice_account,SYR,2014,-1.92535409999999
voice_account,TJK,2024,-1.64258439999999
voice_account,TJK,2023,-1.5256279
voice_account,TJK,2022,-1.56259249999999
voice_account,TJK,2021,-1.53082269999999
voice_account,TJK,2020,-1.5091031
voice_account,TJK,2019,-1.6188156
voice_account,TJK,2018,-1.36883969999999
voice_account,TJK,2017,-1.31921279999999
voice_account,TJK,2016,-1.3522043
voice_account,TJK,2015,-1.26214579999999
voice_account,TJK,2014,-1.2113114
voice_account,TZA,2024,-0.6449938
voice_account,TZA,2023,-0.6271363
voice_account,TZA,2022,-0.685317
voice_account,TZA,2021,-0.709892
voice_account,TZA,2020,-0.5969078
voice_account,TZA,2019,-0.483773099999999
voice_account,TZA,2018,-0.4280458
voice_account,TZA,2017,-0.3177506
voice_account,TZA,2016,-0.280171499999999
voice_account,TZA,2015,-0.1943605
voice_account,TZA,2014,-0.167283799999999
voice_account,THA,2024,-0.5598404
voice_account,THA,2023,-0.654
voice_account,THA,2022,-0.7947755
voice_account,THA,2021,-0.8289886
voice_account,THA,2020,-0.874035599999999
voice_account,THA,2019,-0.8092395
voice_account,THA,2018,-0.933130199999999
voice_account,THA,2017,-0.883774
voice_account,THA,2016,-0.855380799999999
voice_account,THA,2015,-0.849158299999999
voice_account,THA,2014,-0.869785599999999
voice_account,TLS,2024,0.3455435
voice_account,TLS,2023,0.3383264
voice_account,TLS,2022,0.3856814
voice_account,TLS,2021,0.3299057
voice_account,TLS,2020,0.2887546
voice_account,TLS,2019,0.2983421
voice_account,TLS,2018,0.1950605
voice_account,TLS,2017,0.1179468
voice_account,TLS,2016,0.0296517
voice_account,TLS,2015,0.0471521
voice_account,TLS,2014,0.0359693
voice_account,TGO,2024,-0.971799499999999
voice_account,TGO,2023,-0.8614839
voice_account,TGO,2022,-0.8529812
voice_account,TGO,2021,-0.8905537
voice_account,TGO,2020,-0.734111899999999
voice_account,TGO,2019,-0.7303841
voice_account,TGO,2018,-0.7700019
voice_account,TGO,2017,-0.7509005
voice_account,TGO,2016,-0.752920599999999
voice_account,TGO,2015,-0.802990099999999
voice_account,TGO,2014,-0.883812399999999
voice_account,TON,2024,0.8207346
voice_account,TON,2023,0.8451469
voice_account,TON,2022,0.8562089
voice_account,TON,2021,0.9152911
voice_account,TON,2020,0.9677672
voice_account,TON,2019,0.679044
voice_account,TON,2018,0.6395253
voice_account,TON,2017,0.3229509
voice_account,TON,2016,0.3281441
voice_account,TON,2015,0.3864664
voice_account,TON,2014,0.3998663
voice_account,TTO,2024,0.4063023
voice_account,TTO,2023,0.455102
voice_account,TTO,2022,0.4449205
voice_account,TTO,2021,0.4704869
voice_account,TTO,2020,0.4631339
voice_account,TTO,2019,0.4398828
voice_account,TTO,2018,0.4436728
voice_account,TTO,2017,0.4826796
voice_account,TTO,2016,0.4748117
voice_account,TTO,2015,0.4703636
voice_account,TTO,2014,0.5721733
voice_account,TUN,2024,-0.6837111
voice_account,TUN,2023,-0.5053628
voice_account,TUN,2022,-0.415250199999999
voice_account,TUN,2021,-0.0624493999999999
voice_account,TUN,2020,0.1060573
voice_account,TUN,2019,0.1076117
voice_account,TUN,2018,0.0853087
voice_account,TUN,2017,0.1035864
voice_account,TUN,2016,0.2143651
voice_account,TUN,2015,0.1947392
voice_account,TUN,2014,0.1393127
voice_account,TUR,2024,-1.09467
voice_account,TUR,2023,-1.08267849999999
voice_account,TUR,2022,-1.0955858
voice_account,TUR,2021,-1.0031695
voice_account,TUR,2020,-0.9536477
voice_account,TUR,2019,-0.9058771
voice_account,TUR,2018,-0.9511579
voice_account,TUR,2017,-0.784376499999999
voice_account,TUR,2016,-0.719495
voice_account,TUR,2015,-0.5858025
voice_account,TUR,2014,-0.4843587
voice_account,TKM,2024,-2.0430083
voice_account,TKM,2023,-2.068122
voice_account,TKM,2022,-2.0346759
voice_account,TKM,2021,-1.88003759999999
voice_account,TKM,2020,-1.8950527
voice_account,TKM,2019,-2.0289129
voice_account,TKM,2018,-1.7481071
voice_account,TKM,2017,-1.74199779999999
voice_account,TKM,2016,-1.77195679999999
voice_account,TKM,2015,-1.7648221
voice_account,TKM,2014,-1.75135399999999
voice_account,TUV,2024,1.1885856
voice_account,TUV,2023,0.9345048
voice_account,TUV,2022,0.9360094
voice_account,TUV,2021,0.9314732
voice_account,TUV,2020,0.8830669
voice_account,TUV,2019,1.142705
voice_account,TUV,2018,0.8922213
voice_account,TUV,2017,0.5230615
voice_account,TUV,2016,0.5237708
voice_account,TUV,2015,0.5245866
voice_account,TUV,2014,0.5239317
voice_account,UGA,2024,-1.0129302
voice_account,UGA,2023,-0.9287886
voice_account,UGA,2022,-0.9718922
voice_account,UGA,2021,-0.9574486
voice_account,UGA,2020,-0.8633436
voice_account,UGA,2019,-0.8769482
voice_account,UGA,2018,-0.856554599999999
voice_account,UGA,2017,-0.8194545
voice_account,UGA,2016,-0.8428062
voice_account,UGA,2015,-0.6660292
voice_account,UGA,2014,-0.656610599999999
voice_account,UKR,2024,-0.1110085
voice_account,UKR,2023,-0.0900654999999999
voice_account,UKR,2022,-0.019284
voice_account,UKR,2021,0.0995611999999999
voice_account,UKR,2020,0.1275231
voice_account,UKR,2019,0.0813478
voice_account,UKR,2018,-0.0332900999999999
voice_account,UKR,2017,-0.1305496
voice_account,UKR,2016,-0.1297301
voice_account,UKR,2015,-0.1573009
voice_account,UKR,2014,-0.1882038
voice_account,ARE,2024,-0.853748699999999
voice_account,ARE,2023,-0.9077037
voice_account,ARE,2022,-0.8265908
voice_account,ARE,2021,-0.835888499999999
voice_account,ARE,2020,-0.814912
voice_account,ARE,2019,-0.8093064
voice_account,ARE,2018,-0.830863999999999
voice_account,ARE,2017,-0.6844466
voice_account,ARE,2016,-0.651368
voice_account,ARE,2015,-0.6721912
voice_account,ARE,2014,-0.6378608
voice_account,GBR,2024,1.3006116
voice_account,GBR,2023,1.2519674
voice_account,GBR,2022,1.3180973
voice_account,GBR,2021,1.2930083
voice_account,GBR,2020,1.3173309
voice_account,GBR,2019,1.3077601
voice_account,GBR,2018,1.3755468
voice_account,GBR,2017,1.4237022
voice_account,GBR,2016,1.468304
voice_account,GBR,2015,1.4627829
voice_account,GBR,2014,1.3804751
voice_account,USA,2024,0.8869557
voice_account,USA,2023,0.8636176
voice_account,USA,2022,0.922751
voice_account,USA,2021,0.8877304
voice_account,USA,2020,0.9561038
voice_account,USA,2019,1.0249835
voice_account,USA,2018,1.0530998
voice_account,USA,2017,1.1236482
voice_account,USA,2016,1.2417637
voice_account,USA,2015,1.2887597
voice_account,USA,2014,1.2001675
voice_account,URY,2024,1.2278086
voice_account,URY,2023,1.2182526
voice_account,URY,2022,1.201455
voice_account,URY,2021,1.2359324
voice_account,URY,2020,1.2549779
voice_account,URY,2019,1.2429696
voice_account,URY,2018,1.2339937
voice_account,URY,2017,1.2330619
voice_account,URY,2016,1.2405464
voice_account,URY,2015,1.2096941
voice_account,URY,2014,1.150545
voice_account,UZB,2024,-1.0401976
voice_account,UZB,2023,-1.0006156
voice_account,UZB,2022,-1.04255529999999
voice_account,UZB,2021,-1.0392373
voice_account,UZB,2020,-1.2394383
voice_account,UZB,2019,-1.42495709999999
voice_account,UZB,2018,-1.2977614
voice_account,UZB,2017,-1.46913229999999
voice_account,UZB,2016,-1.5770056
voice_account,UZB,2015,-1.5932902
voice_account,UZB,2014,-1.5349076
voice_account,VUT,2024,0.4864055
voice_account,VUT,2023,0.4996161
voice_account,VUT,2022,0.4867778
voice_account,VUT,2021,0.7174918
voice_account,VUT,2020,0.7070652
voice_account,VUT,2019,0.5766691
voice_account,VUT,2018,0.580569
voice_account,VUT,2017,0.4095904
voice_account,VUT,2016,0.3885373
voice_account,VUT,2015,0.3453974
voice_account,VUT,2014,0.3552714
voice_account,VEN,2024,-1.8174487
voice_account,VEN,2023,-1.7578417
voice_account,VEN,2022,-1.7782262
voice_account,VEN,2021,-1.79431149999999
voice_account,VEN,2020,-1.6883576
voice_account,VEN,2019,-1.6869045
voice_account,VEN,2018,-1.6549242
voice_account,VEN,2017,-1.47669759999999
voice_account,VEN,2016,-1.3494951
voice_account,VEN,2015,-1.3294104
voice_account,VEN,2014,-1.251376
voice_account,VNM,2024,-1.09830919999999
voice_account,VNM,2023,-1.10491879999999
voice_account,VNM,2022,-1.0863991
voice_account,VNM,2021,-1.0661124
voice_account,VNM,2020,-1.09107209999999
voice_account,VNM,2019,-1.04117519999999
voice_account,VNM,2018,-1.0842098
voice_account,VNM,2017,-1.12200529999999
voice_account,VNM,2016,-1.02156389999999
voice_account,VNM,2015,-1.006907
voice_account,VNM,2014,-1.1673414
voice_account,VIR,2024,NA
voice_account,VIR,2023,NA
voice_account,VIR,2022,NA
voice_account,VIR,2021,NA
voice_account,VIR,2020,NA
voice_account,VIR,2019,NA
voice_account,VIR,2018,NA
voice_account,VIR,2017,0.833146
voice_account,VIR,2016,0.8350454
voice_account,VIR,2015,0.8372302
voice_account,VIR,2014,0.8354763
voice_account,PSE,2024,-1.3459759
voice_account,PSE,2023,-1.1578125
voice_account,PSE,2022,-1.0420817
voice_account,PSE,2021,-0.9995573
voice_account,PSE,2020,-0.8400719
voice_account,PSE,2019,-0.867377299999999
voice_account,PSE,2018,-0.8250548
voice_account,PSE,2017,-0.909343399999999
voice_account,PSE,2016,-0.887172699999999
voice_account,PSE,2015,-0.864012599999999
voice_account,PSE,2014,-0.799721999999999
voice_account,YEM,2024,-1.6971817
voice_account,YEM,2023,-1.6474592
voice_account,YEM,2022,-1.7097586
voice_account,YEM,2021,-1.72651
voice_account,YEM,2020,-1.6790319
voice_account,YEM,2019,-1.7135156
voice_account,YEM,2018,-1.7530252
voice_account,YEM,2017,-1.6996718
voice_account,YEM,2016,-1.6857535
voice_account,YEM,2015,-1.39805999999999
voice_account,YEM,2014,-1.2026847
voice_account,ZMB,2024,-0.407568899999999
voice_account,ZMB,2023,-0.3736237
voice_account,ZMB,2022,-0.386004399999999
voice_account,ZMB,2021,-0.5563406
voice_account,ZMB,2020,-0.4695453
voice_account,ZMB,2019,-0.482359
voice_account,ZMB,2018,-0.4726786
voice_account,ZMB,2017,-0.3690594
voice_account,ZMB,2016,-0.315554499999999
voice_account,ZMB,2015,-0.193544499999999
voice_account,ZMB,2014,-0.1726245
voice_account,ZWE,2024,-1.2595646
voice_account,ZWE,2023,-1.2023997
voice_account,ZWE,2022,-1.192092
voice_account,ZWE,2021,-1.176409
voice_account,ZWE,2020,-1.1693628
voice_account,ZWE,2019,-1.2476642
voice_account,ZWE,2018,-1.2034485
voice_account,ZWE,2017,-1.3803793
voice_account,ZWE,2016,-1.3946976
voice_account,ZWE,2015,-1.32811939999999
voice_account,ZWE,2014,-1.4046383
corruption_ctrl,AFG,2024,-1.3087183
corruption_ctrl,AFG,2023,-1.1987543
corruption_ctrl,AFG,2022,-1.1719937
corruption_ctrl,AFG,2021,-1.22202489999999
corruption_ctrl,AFG,2020,-1.40089
corruption_ctrl,AFG,2019,-1.5013636
corruption_ctrl,AFG,2018,-1.5398439
corruption_ctrl,AFG,2017,-1.54351939999999
corruption_ctrl,AFG,2016,-1.56501159999999
corruption_ctrl,AFG,2015,-1.5195275
corruption_ctrl,AFG,2014,-1.5607981
corruption_ctrl,ALB,2024,-0.420760099999999
corruption_ctrl,ALB,2023,-0.464044399999999
corruption_ctrl,ALB,2022,-0.500456
corruption_ctrl,ALB,2021,-0.60203
corruption_ctrl,ALB,2020,-0.6594306
corruption_ctrl,ALB,2019,-0.5384935
corruption_ctrl,ALB,2018,-0.587108899999999
corruption_ctrl,ALB,2017,-0.5663593
corruption_ctrl,ALB,2016,-0.5061985
corruption_ctrl,ALB,2015,-0.5865235
corruption_ctrl,ALB,2014,-0.6758626
corruption_ctrl,DZA,2024,-0.5933952
corruption_ctrl,DZA,2023,-0.6397452
corruption_ctrl,DZA,2022,-0.6430769
corruption_ctrl,DZA,2021,-0.6509952
corruption_ctrl,DZA,2020,-0.635634599999999
corruption_ctrl,DZA,2019,-0.620545999999999
corruption_ctrl,DZA,2018,-0.538513599999999
corruption_ctrl,DZA,2017,-0.5404682
corruption_ctrl,DZA,2016,-0.6412808
corruption_ctrl,DZA,2015,-0.6299526
corruption_ctrl,DZA,2014,-0.6220502
corruption_ctrl,ASM,2024,1.1762344
corruption_ctrl,ASM,2023,1.1733125
corruption_ctrl,ASM,2022,1.1763452
corruption_ctrl,ASM,2021,1.1772281
corruption_ctrl,ASM,2020,1.1797991
corruption_ctrl,ASM,2019,1.8025255
corruption_ctrl,ASM,2018,1.7972711
corruption_ctrl,ASM,2017,1.7934572
corruption_ctrl,ASM,2016,1.1716528
corruption_ctrl,ASM,2015,1.1685187
corruption_ctrl,ASM,2014,1.1646295
corruption_ctrl,AND,2024,1.1762344
corruption_ctrl,AND,2023,1.1733125
corruption_ctrl,AND,2022,1.1763452
corruption_ctrl,AND,2021,1.1772281
corruption_ctrl,AND,2020,1.1797991
corruption_ctrl,AND,2019,1.1784788
corruption_ctrl,AND,2018,1.1732244
corruption_ctrl,AND,2017,1.1694105
corruption_ctrl,AND,2016,1.1716528
corruption_ctrl,AND,2015,1.1685187
corruption_ctrl,AND,2014,1.1646295
corruption_ctrl,AGO,2024,-0.6225793
corruption_ctrl,AGO,2023,-0.6242518
corruption_ctrl,AGO,2022,-0.6031537
corruption_ctrl,AGO,2021,-0.6416506
corruption_ctrl,AGO,2020,-0.891832299999999
corruption_ctrl,AGO,2019,-0.9647988
corruption_ctrl,AGO,2018,-1.18178199999999
corruption_ctrl,AGO,2017,-1.4208093
corruption_ctrl,AGO,2016,-1.4881942
corruption_ctrl,AGO,2015,-1.4857649
corruption_ctrl,AGO,2014,-1.48643939999999
corruption_ctrl,ATG,2024,0.2843876
corruption_ctrl,ATG,2023,0.2686527
corruption_ctrl,ATG,2022,0.2369304
corruption_ctrl,ATG,2021,0.181489
corruption_ctrl,ATG,2020,0.2199155
corruption_ctrl,ATG,2019,0.2193663
corruption_ctrl,ATG,2018,0.2262187
corruption_ctrl,ATG,2017,0.1957295
corruption_ctrl,ATG,2016,0.6379406
corruption_ctrl,ATG,2015,0.6366369
corruption_ctrl,ATG,2014,0.5405831
corruption_ctrl,ARG,2024,-0.3257079
corruption_ctrl,ARG,2023,-0.354078399999999
corruption_ctrl,ARG,2022,-0.3402325
corruption_ctrl,ARG,2021,-0.3273298
corruption_ctrl,ARG,2020,-0.1344697
corruption_ctrl,ARG,2019,-0.0847054
corruption_ctrl,ARG,2018,-0.0057354
corruption_ctrl,ARG,2017,-0.178141599999999
corruption_ctrl,ARG,2016,-0.2193628
corruption_ctrl,ARG,2015,-0.645135999999999
corruption_ctrl,ARG,2014,-0.6660539
corruption_ctrl,ARM,2024,0.1446809
corruption_ctrl,ARM,2023,0.1046118
corruption_ctrl,ARM,2022,0.0574942
corruption_ctrl,ARM,2021,0.0558398
corruption_ctrl,ARM,2020,0.1056079
corruption_ctrl,ARM,2019,-0.0523489
corruption_ctrl,ARM,2018,-0.1642391
corruption_ctrl,ARM,2017,-0.5641041
corruption_ctrl,ARM,2016,-0.580676299999999
corruption_ctrl,ARM,2015,-0.6231951
corruption_ctrl,ARM,2014,-0.6390245
corruption_ctrl,ABW,2024,0.8687982
corruption_ctrl,ABW,2023,0.8675607
corruption_ctrl,ABW,2022,0.8688452
corruption_ctrl,ABW,2021,0.8692192
corruption_ctrl,ABW,2020,1.165722
corruption_ctrl,ABW,2019,1.1651628
corruption_ctrl,ABW,2018,1.1629372
corruption_ctrl,ABW,2017,1.1613218
corruption_ctrl,ABW,2016,1.1622716
corruption_ctrl,ABW,2015,1.1609441
corruption_ctrl,ABW,2014,0.8949794
corruption_ctrl,AUS,2024,1.8520196
corruption_ctrl,AUS,2023,1.8057703
corruption_ctrl,AUS,2022,1.7288156
corruption_ctrl,AUS,2021,1.6770561
corruption_ctrl,AUS,2020,1.6038237
corruption_ctrl,AUS,2019,1.7864413
corruption_ctrl,AUS,2018,1.7686469
corruption_ctrl,AUS,2017,1.7942938
corruption_ctrl,AUS,2016,1.7943998
corruption_ctrl,AUS,2015,1.8544442
corruption_ctrl,AUS,2014,1.8631086
corruption_ctrl,AUT,2024,1.2944469
corruption_ctrl,AUT,2023,1.3200882
corruption_ctrl,AUT,2022,1.3678343
corruption_ctrl,AUT,2021,1.3601171
corruption_ctrl,AUT,2020,1.6059221
corruption_ctrl,AUT,2019,1.607711
corruption_ctrl,AUT,2018,1.6348091
corruption_ctrl,AUT,2017,1.5672466
corruption_ctrl,AUT,2016,1.5179793
corruption_ctrl,AUT,2015,1.4914799
corruption_ctrl,AUT,2014,1.4211309
corruption_ctrl,AZE,2024,-0.775077799999999
corruption_ctrl,AZE,2023,-0.881959199999999
corruption_ctrl,AZE,2022,-0.8302212
corruption_ctrl,AZE,2021,-0.775813299999999
corruption_ctrl,AZE,2020,-0.7598072
corruption_ctrl,AZE,2019,-0.7550887
corruption_ctrl,AZE,2018,-0.9065044
corruption_ctrl,AZE,2017,-0.8585937
corruption_ctrl,AZE,2016,-0.752306599999999
corruption_ctrl,AZE,2015,-0.9367808
corruption_ctrl,AZE,2014,-1.1217641
corruption_ctrl,BHS,2024,1.2320893
corruption_ctrl,BHS,2023,1.2199692
corruption_ctrl,BHS,2022,1.2330855
corruption_ctrl,BHS,2021,1.2282597
corruption_ctrl,BHS,2020,1.2128533
corruption_ctrl,BHS,2019,1.2125503
corruption_ctrl,BHS,2018,1.1027809
corruption_ctrl,BHS,2017,1.0769219
corruption_ctrl,BHS,2016,1.0895206
corruption_ctrl,BHS,2015,1.0887958
corruption_ctrl,BHS,2014,1.3095259
corruption_ctrl,BHR,2024,0.2540662
corruption_ctrl,BHR,2023,0.2380412
corruption_ctrl,BHR,2022,0.144834
corruption_ctrl,BHR,2021,0.210097
corruption_ctrl,BHR,2020,-0.0925165999999999
corruption_ctrl,BHR,2019,-0.0835445
corruption_ctrl,BHR,2018,-0.140961
corruption_ctrl,BHR,2017,-0.143222
corruption_ctrl,BHR,2016,-0.0877355
corruption_ctrl,BHR,2015,0.0385922
corruption_ctrl,BHR,2014,-0.0204446
corruption_ctrl,BGD,2024,-1.1021569
corruption_ctrl,BGD,2023,-1.1987203
corruption_ctrl,BGD,2022,-1.17834859999999
corruption_ctrl,BGD,2021,-1.0928915
corruption_ctrl,BGD,2020,-1.07605779999999
corruption_ctrl,BGD,2019,-1.1006451
corruption_ctrl,BGD,2018,-1.0964787
corruption_ctrl,BGD,2017,-1.062185
corruption_ctrl,BGD,2016,-1.0667924
corruption_ctrl,BGD,2015,-1.0798121
corruption_ctrl,BGD,2014,-1.1845563
corruption_ctrl,BRB,2024,1.2257724
corruption_ctrl,BRB,2023,1.2089543
corruption_ctrl,BRB,2022,1.1926841
corruption_ctrl,BRB,2021,1.1946829
corruption_ctrl,BRB,2020,1.1695313
corruption_ctrl,BRB,2019,1.1451261
corruption_ctrl,BRB,2018,1.1350977
corruption_ctrl,BRB,2017,1.1097987
corruption_ctrl,BRB,2016,1.1460171
corruption_ctrl,BRB,2015,1.207238
corruption_ctrl,BRB,2014,0.9707469
corruption_ctrl,BLR,2024,-0.5781294
corruption_ctrl,BLR,2023,-0.534353699999999
corruption_ctrl,BLR,2022,-0.415013199999999
corruption_ctrl,BLR,2021,-0.2062736
corruption_ctrl,BLR,2020,-0.1014181
corruption_ctrl,BLR,2019,0.0170374
corruption_ctrl,BLR,2018,-0.1272022
corruption_ctrl,BLR,2017,-0.1120128
corruption_ctrl,BLR,2016,-0.1462308
corruption_ctrl,BLR,2015,-0.2405698
corruption_ctrl,BLR,2014,-0.1522547
corruption_ctrl,BEL,2024,1.4687812
corruption_ctrl,BEL,2023,1.467016
corruption_ctrl,BEL,2022,1.5774306
corruption_ctrl,BEL,2021,1.5502151
corruption_ctrl,BEL,2020,1.5662608
corruption_ctrl,BEL,2019,1.4973857
corruption_ctrl,BEL,2018,1.4543603
corruption_ctrl,BEL,2017,1.4425342
corruption_ctrl,BEL,2016,1.5450402
corruption_ctrl,BEL,2015,1.5244457
corruption_ctrl,BEL,2014,1.5150458
corruption_ctrl,BLZ,2024,-0.1604129
corruption_ctrl,BLZ,2023,-0.115986499999999
corruption_ctrl,BLZ,2022,-0.0459141999999999
corruption_ctrl,BLZ,2021,-0.0899104999999999
corruption_ctrl,BLZ,2020,-0.0753264999999999
corruption_ctrl,BLZ,2019,-0.075652
corruption_ctrl,BLZ,2018,-0.1082321
corruption_ctrl,BLZ,2017,-0.1991297
corruption_ctrl,BLZ,2016,-0.1234777
corruption_ctrl,BLZ,2015,-0.2669244
corruption_ctrl,BLZ,2014,-0.287196399999999
corruption_ctrl,BEN,2024,-0.2407154
corruption_ctrl,BEN,2023,-0.1047671
corruption_ctrl,BEN,2022,-0.1108108
corruption_ctrl,BEN,2021,-0.1642663
corruption_ctrl,BEN,2020,-0.0352655
corruption_ctrl,BEN,2019,-0.2398967
corruption_ctrl,BEN,2018,-0.292142199999999
corruption_ctrl,BEN,2017,-0.402134
corruption_ctrl,BEN,2016,-0.433568399999999
corruption_ctrl,BEN,2015,-0.5072447
corruption_ctrl,BEN,2014,-0.6075837
corruption_ctrl,BMU,2024,1.1762344
corruption_ctrl,BMU,2023,1.1733125
corruption_ctrl,BMU,2022,1.1763452
corruption_ctrl,BMU,2021,1.1772281
corruption_ctrl,BMU,2020,1.1797991
corruption_ctrl,BMU,2019,1.1784788
corruption_ctrl,BMU,2018,1.1732244
corruption_ctrl,BMU,2017,1.1694105
corruption_ctrl,BMU,2016,1.1716528
corruption_ctrl,BMU,2015,1.1685187
corruption_ctrl,BMU,2014,1.1646295
corruption_ctrl,BTN,2024,1.4722389
corruption_ctrl,BTN,2023,1.3563935
corruption_ctrl,BTN,2022,1.357056
corruption_ctrl,BTN,2021,1.3198694
corruption_ctrl,BTN,2020,1.3421241
corruption_ctrl,BTN,2019,1.4640293
corruption_ctrl,BTN,2018,1.4519306
corruption_ctrl,BTN,2017,1.4511886
corruption_ctrl,BTN,2016,1.169102
corruption_ctrl,BTN,2015,1.0788548
corruption_ctrl,BTN,2014,1.0904024
corruption_ctrl,BOL,2024,-0.997582699999999
corruption_ctrl,BOL,2023,-0.9556498
corruption_ctrl,BOL,2022,-0.9824356
corruption_ctrl,BOL,2021,-0.9489015
corruption_ctrl,BOL,2020,-0.8045643
corruption_ctrl,BOL,2019,-0.8232153
corruption_ctrl,BOL,2018,-0.8237458
corruption_ctrl,BOL,2017,-0.8143488
corruption_ctrl,BOL,2016,-0.7783732
corruption_ctrl,BOL,2015,-0.754699
corruption_ctrl,BOL,2014,-0.6409494
corruption_ctrl,BIH,2024,-0.5128682
corruption_ctrl,BIH,2023,-0.5984163
corruption_ctrl,BIH,2022,-0.680061199999999
corruption_ctrl,BIH,2021,-0.6690056
corruption_ctrl,BIH,2020,-0.624659499999999
corruption_ctrl,BIH,2019,-0.6387532
corruption_ctrl,BIH,2018,-0.6404386
corruption_ctrl,BIH,2017,-0.5769795
corruption_ctrl,BIH,2016,-0.468403399999999
corruption_ctrl,BIH,2015,-0.4923931
corruption_ctrl,BIH,2014,-0.3542824
corruption_ctrl,BWA,2024,0.6311414
corruption_ctrl,BWA,2023,0.6066871
corruption_ctrl,BWA,2022,0.6506622
corruption_ctrl,BWA,2021,0.7018975
corruption_ctrl,BWA,2020,0.7218389
corruption_ctrl,BWA,2019,0.8223154
corruption_ctrl,BWA,2018,0.851239
corruption_ctrl,BWA,2017,0.7790808
corruption_ctrl,BWA,2016,0.8579361
corruption_ctrl,BWA,2015,0.7957375
corruption_ctrl,BWA,2014,0.8215662
corruption_ctrl,BRA,2024,-0.4088904
corruption_ctrl,BRA,2023,-0.451506099999999
corruption_ctrl,BRA,2022,-0.4562788
corruption_ctrl,BRA,2021,-0.404589
corruption_ctrl,BRA,2020,-0.337231599999999
corruption_ctrl,BRA,2019,-0.372764
corruption_ctrl,BRA,2018,-0.407628
corruption_ctrl,BRA,2017,-0.4693688
corruption_ctrl,BRA,2016,-0.366817699999999
corruption_ctrl,BRA,2015,-0.3512683
corruption_ctrl,BRA,2014,-0.2351787
corruption_ctrl,BRN,2024,1.1861774
corruption_ctrl,BRN,2023,1.1816499
corruption_ctrl,BRN,2022,1.1825406
corruption_ctrl,BRN,2021,1.1827999
corruption_ctrl,BRN,2020,1.183555
corruption_ctrl,BRN,2019,1.1831673
corruption_ctrl,BRN,2018,1.2159731
corruption_ctrl,BRN,2017,1.2166994
corruption_ctrl,BRN,2016,1.0855421
corruption_ctrl,BRN,2015,1.2048251
corruption_ctrl,BRN,2014,1.2036828
corruption_ctrl,BGR,2024,-0.240017999999999
corruption_ctrl,BGR,2023,-0.1501295
corruption_ctrl,BGR,2022,-0.1369351
corruption_ctrl,BGR,2021,-0.2260611
corruption_ctrl,BGR,2020,-0.258415699999999
corruption_ctrl,BGR,2019,-0.1252922
corruption_ctrl,BGR,2018,-0.1893944
corruption_ctrl,BGR,2017,-0.308377299999999
corruption_ctrl,BGR,2016,-0.3444028
corruption_ctrl,BGR,2015,-0.4387083
corruption_ctrl,BGR,2014,-0.3904198
corruption_ctrl,BFA,2024,-0.2525569
corruption_ctrl,BFA,2023,-0.2479719
corruption_ctrl,BFA,2022,-0.2342071
corruption_ctrl,BFA,2021,-0.2024751
corruption_ctrl,BFA,2020,-0.2018274
corruption_ctrl,BFA,2019,-0.2008751
corruption_ctrl,BFA,2018,-0.1575363
corruption_ctrl,BFA,2017,-0.1525315
corruption_ctrl,BFA,2016,-0.2212838
corruption_ctrl,BFA,2015,-0.3288238
corruption_ctrl,BFA,2014,-0.4450109
corruption_ctrl,BDI,2024,-1.46248849999999
corruption_ctrl,BDI,2023,-1.29205449999999
corruption_ctrl,BDI,2022,-1.3235206
corruption_ctrl,BDI,2021,-1.390618
corruption_ctrl,BDI,2020,-1.3529714
corruption_ctrl,BDI,2019,-1.4706435
corruption_ctrl,BDI,2018,-1.46464249999999
corruption_ctrl,BDI,2017,-1.31264049999999
corruption_ctrl,BDI,2016,-1.2905502
corruption_ctrl,BDI,2015,-1.2586575
corruption_ctrl,BDI,2014,-1.2665737
corruption_ctrl,CPV,2024,0.9407675
corruption_ctrl,CPV,2023,0.8619303
corruption_ctrl,CPV,2022,0.856269
corruption_ctrl,CPV,2021,0.8975963
corruption_ctrl,CPV,2020,0.8002643
corruption_ctrl,CPV,2019,0.8894292
corruption_ctrl,CPV,2018,0.8724586
corruption_ctrl,CPV,2017,0.8080692
corruption_ctrl,CPV,2016,0.8563504
corruption_ctrl,CPV,2015,0.888954
corruption_ctrl,CPV,2014,0.8877993
corruption_ctrl,KHM,2024,-1.2328592
corruption_ctrl,KHM,2023,-1.1216382
corruption_ctrl,KHM,2022,-1.1129555
corruption_ctrl,KHM,2021,-1.0917539
corruption_ctrl,KHM,2020,-1.1175106
corruption_ctrl,KHM,2019,-1.33890439999999
corruption_ctrl,KHM,2018,-1.4286146
corruption_ctrl,KHM,2017,-1.33048529999999
corruption_ctrl,KHM,2016,-1.3323199
corruption_ctrl,KHM,2015,-1.27990079999999
corruption_ctrl,KHM,2014,-1.2606479
corruption_ctrl,CMR,2024,-1.22428539999999
corruption_ctrl,CMR,2023,-1.1264261
corruption_ctrl,CMR,2022,-1.1102965
corruption_ctrl,CMR,2021,-1.115647
corruption_ctrl,CMR,2020,-1.057706
corruption_ctrl,CMR,2019,-1.1336941
corruption_ctrl,CMR,2018,-1.1162626
corruption_ctrl,CMR,2017,-1.1579943
corruption_ctrl,CMR,2016,-1.1306679
corruption_ctrl,CMR,2015,-1.0952851
corruption_ctrl,CMR,2014,-1.1800614
corruption_ctrl,CAN,2024,1.6319089
corruption_ctrl,CAN,2023,1.6263584
corruption_ctrl,CAN,2022,1.651994
corruption_ctrl,CAN,2021,1.6156132
corruption_ctrl,CAN,2020,1.6422133
corruption_ctrl,CAN,2019,1.7955073
corruption_ctrl,CAN,2018,1.8073526
corruption_ctrl,CAN,2017,1.8841224
corruption_ctrl,CAN,2016,1.9407326
corruption_ctrl,CAN,2015,1.8679741
corruption_ctrl,CAN,2014,1.8178559
corruption_ctrl,CYM,2024,0.6044808
corruption_ctrl,CYM,2023,0.6032433
corruption_ctrl,CYM,2022,0.6045278
corruption_ctrl,CYM,2021,0.6049017
corruption_ctrl,CYM,2020,0.6059907
corruption_ctrl,CYM,2019,0.6054315
corruption_ctrl,CYM,2018,0.6032059
corruption_ctrl,CYM,2017,0.6015906
corruption_ctrl,CYM,2016,0.6025403
corruption_ctrl,CYM,2015,0.8966267
corruption_ctrl,CYM,2014,0.8949794
corruption_ctrl,CAF,2024,-1.30997079999999
corruption_ctrl,CAF,2023,-1.3816342
corruption_ctrl,CAF,2022,-1.3173981
corruption_ctrl,CAF,2021,-1.316273
corruption_ctrl,CAF,2020,-1.25240479999999
corruption_ctrl,CAF,2019,-1.20142479999999
corruption_ctrl,CAF,2018,-1.22089
corruption_ctrl,CAF,2017,-1.18078179999999
corruption_ctrl,CAF,2016,-1.30818529999999
corruption_ctrl,CAF,2015,-1.3662253
corruption_ctrl,CAF,2014,-1.25103109999999
corruption_ctrl,TCD,2024,-1.3909131
corruption_ctrl,TCD,2023,-1.48878199999999
corruption_ctrl,TCD,2022,-1.4663578
corruption_ctrl,TCD,2021,-1.4920803
corruption_ctrl,TCD,2020,-1.48219979999999
corruption_ctrl,TCD,2019,-1.4780052
corruption_ctrl,TCD,2018,-1.46041809999999
corruption_ctrl,TCD,2017,-1.4572612
corruption_ctrl,TCD,2016,-1.50292809999999
corruption_ctrl,TCD,2015,-1.5175650999999999
corruption_ctrl,TCD,2014,-1.47772829999999
corruption_ctrl,CHL,2024,1.1057968
corruption_ctrl,CHL,2023,1.0318341
corruption_ctrl,CHL,2022,1.1452971
corruption_ctrl,CHL,2021,1.1463006
corruption_ctrl,CHL,2020,1.2156268
corruption_ctrl,CHL,2019,1.1570367
corruption_ctrl,CHL,2018,1.1121229
corruption_ctrl,CHL,2017,1.1123641
corruption_ctrl,CHL,2016,1.1036472
corruption_ctrl,CHL,2015,1.1438485
corruption_ctrl,CHL,2014,1.3860663
corruption_ctrl,CHN,2024,0.0886811
corruption_ctrl,CHN,2023,0.1138225
corruption_ctrl,CHN,2022,0.0432332
corruption_ctrl,CHN,2021,0.0556852
corruption_ctrl,CHN,2020,0.0531167
corruption_ctrl,CHN,2019,-0.0496157999999999
corruption_ctrl,CHN,2018,-0.0701512
corruption_ctrl,CHN,2017,-0.0492492
corruption_ctrl,CHN,2016,-0.092968
corruption_ctrl,CHN,2015,-0.1750814
corruption_ctrl,CHN,2014,-0.3014404
corruption_ctrl,COL,2024,-0.2937197
corruption_ctrl,COL,2023,-0.309004899999999
corruption_ctrl,COL,2022,-0.256400299999999
corruption_ctrl,COL,2021,-0.269745299999999
corruption_ctrl,COL,2020,-0.256463899999999
corruption_ctrl,COL,2019,-0.272275
corruption_ctrl,COL,2018,-0.3185939
corruption_ctrl,COL,2017,-0.410863
corruption_ctrl,COL,2016,-0.3694889
corruption_ctrl,COL,2015,-0.3173369
corruption_ctrl,COL,2014,-0.3713217
corruption_ctrl,COM,2024,-1.14078259999999
corruption_ctrl,COM,2023,-1.15283659999999
corruption_ctrl,COM,2022,-1.33720709999999
corruption_ctrl,COM,2021,-1.4088014
corruption_ctrl,COM,2020,-1.32241109999999
corruption_ctrl,COM,2019,-1.2697513
corruption_ctrl,COM,2018,-1.02353499999999
corruption_ctrl,COM,2017,-0.9443349
corruption_ctrl,COM,2016,-0.8635472
corruption_ctrl,COM,2015,-0.8467167
corruption_ctrl,COM,2014,-0.8060681
corruption_ctrl,COD,2024,-1.5153396
corruption_ctrl,COD,2023,-1.4890974
corruption_ctrl,COD,2022,-1.5102589
corruption_ctrl,COD,2021,-1.50417239999999
corruption_ctrl,COD,2020,-1.4573026
corruption_ctrl,COD,2019,-1.5570273
corruption_ctrl,COD,2018,-1.5315596
corruption_ctrl,COD,2017,-1.4338617
corruption_ctrl,COD,2016,-1.4189706
corruption_ctrl,COD,2015,-1.3932852
corruption_ctrl,COD,2014,-1.4371692
corruption_ctrl,COG,2024,-1.42356899999999
corruption_ctrl,COG,2023,-1.4043963
corruption_ctrl,COG,2022,-1.36385159999999
corruption_ctrl,COG,2021,-1.34316449999999
corruption_ctrl,COG,2020,-1.3702576
corruption_ctrl,COG,2019,-1.4947169
corruption_ctrl,COG,2018,-1.36936939999999
corruption_ctrl,COG,2017,-1.3044744
corruption_ctrl,COG,2016,-1.2697622
corruption_ctrl,COG,2015,-1.2818737
corruption_ctrl,COG,2014,-1.2753339
corruption_ctrl,CRI,2024,0.6792372
corruption_ctrl,CRI,2023,0.6775627
corruption_ctrl,CRI,2022,0.5669805
corruption_ctrl,CRI,2021,0.590956
corruption_ctrl,CRI,2020,0.756375
corruption_ctrl,CRI,2019,0.7249661
corruption_ctrl,CRI,2018,0.6496945
corruption_ctrl,CRI,2017,0.5853521
corruption_ctrl,CRI,2016,0.8034365
corruption_ctrl,CRI,2015,0.7699694
corruption_ctrl,CRI,2014,0.7809898
corruption_ctrl,CIV,2024,-0.2850472
corruption_ctrl,CIV,2023,-0.3616761
corruption_ctrl,CIV,2022,-0.370305999999999
corruption_ctrl,CIV,2021,-0.446876999999999
corruption_ctrl,CIV,2020,-0.4863208
corruption_ctrl,CIV,2019,-0.5301004
corruption_ctrl,CIV,2018,-0.483168999999999
corruption_ctrl,CIV,2017,-0.4649251
corruption_ctrl,CIV,2016,-0.471418699999999
corruption_ctrl,CIV,2015,-0.4307488
corruption_ctrl,CIV,2014,-0.4250952
corruption_ctrl,HRV,2024,0.1486813
corruption_ctrl,HRV,2023,0.113708
corruption_ctrl,HRV,2022,0.1067785
corruption_ctrl,HRV,2021,0.0954983
corruption_ctrl,HRV,2020,0.1356925
corruption_ctrl,HRV,2019,0.0249751
corruption_ctrl,HRV,2018,0.0249186
corruption_ctrl,HRV,2017,0.0456235
corruption_ctrl,HRV,2016,0.1085585
corruption_ctrl,HRV,2015,0.1722605
corruption_ctrl,HRV,2014,0.1153811
corruption_ctrl,CUB,2024,-0.226276999999999
corruption_ctrl,CUB,2023,-0.1628482
corruption_ctrl,CUB,2022,-0.2238752
corruption_ctrl,CUB,2021,-0.2211207
corruption_ctrl,CUB,2020,-0.1430736
corruption_ctrl,CUB,2019,-0.1433557
corruption_ctrl,CUB,2018,-0.0111422
corruption_ctrl,CUB,2017,0.0402953
corruption_ctrl,CUB,2016,0.00530579999999999
corruption_ctrl,CUB,2015,0.2903657
corruption_ctrl,CUB,2014,0.2926138
corruption_ctrl,CYP,2024,0.5324784
corruption_ctrl,CYP,2023,0.4826822
corruption_ctrl,CYP,2022,0.5652889
corruption_ctrl,CYP,2021,0.4905518
corruption_ctrl,CYP,2020,0.4663521
corruption_ctrl,CYP,2019,0.6807343
corruption_ctrl,CYP,2018,0.6608595
corruption_ctrl,CYP,2017,0.8179827
corruption_ctrl,CYP,2016,0.7247771
corruption_ctrl,CYP,2015,0.6824205
corruption_ctrl,CYP,2014,0.7530793
corruption_ctrl,CZE,2024,0.9310659
corruption_ctrl,CZE,2023,0.8499213
corruption_ctrl,CZE,2022,0.8031753
corruption_ctrl,CZE,2021,0.7300087
corruption_ctrl,CZE,2020,0.6341668
corruption_ctrl,CZE,2019,0.6034081
corruption_ctrl,CZE,2018,0.6140583
corruption_ctrl,CZE,2017,0.7473855
corruption_ctrl,CZE,2016,0.6247694
corruption_ctrl,CZE,2015,0.5929256
corruption_ctrl,CZE,2014,0.5091331
corruption_ctrl,DNK,2024,2.2874751
corruption_ctrl,DNK,2023,2.3171626
corruption_ctrl,DNK,2022,2.3022376
corruption_ctrl,DNK,2021,2.2948313
corruption_ctrl,DNK,2020,2.2645808
corruption_ctrl,DNK,2019,2.1562325
corruption_ctrl,DNK,2018,2.1580954
corruption_ctrl,DNK,2017,2.1877812
corruption_ctrl,DNK,2016,2.1677475
corruption_ctrl,DNK,2015,2.1589365
corruption_ctrl,DNK,2014,2.1516341
corruption_ctrl,DJI,2024,-0.8908098
corruption_ctrl,DJI,2023,-0.905052699999999
corruption_ctrl,DJI,2022,-0.9087909
corruption_ctrl,DJI,2021,-0.9086172
corruption_ctrl,DJI,2020,-0.814078299999999
corruption_ctrl,DJI,2019,-0.9286163
corruption_ctrl,DJI,2018,-0.821555599999999
corruption_ctrl,DJI,2017,-0.7643067
corruption_ctrl,DJI,2016,-0.7112911
corruption_ctrl,DJI,2015,-0.729731599999999
corruption_ctrl,DJI,2014,-0.7346191
corruption_ctrl,DMA,2024,0.5329662
corruption_ctrl,DMA,2023,0.4140289
corruption_ctrl,DMA,2022,0.3990364
corruption_ctrl,DMA,2021,0.3994373
corruption_ctrl,DMA,2020,0.4019084
corruption_ctrl,DMA,2019,0.4981335
corruption_ctrl,DMA,2018,0.5097888
corruption_ctrl,DMA,2017,0.62126
corruption_ctrl,DMA,2016,0.6205238
corruption_ctrl,DMA,2015,0.6194167
corruption_ctrl,DMA,2014,0.6052154
corruption_ctrl,DOM,2024,-0.2654917
corruption_ctrl,DOM,2023,-0.429853
corruption_ctrl,DOM,2022,-0.422172599999999
corruption_ctrl,DOM,2021,-0.545258
corruption_ctrl,DOM,2020,-0.706555199999999
corruption_ctrl,DOM,2019,-0.802128499999999
corruption_ctrl,DOM,2018,-0.8443735
corruption_ctrl,DOM,2017,-0.801055499999999
corruption_ctrl,DOM,2016,-0.794053
corruption_ctrl,DOM,2015,-0.7903907
corruption_ctrl,DOM,2014,-0.755538199999999
corruption_ctrl,ECU,2024,-0.775680199999999
corruption_ctrl,ECU,2023,-0.719996
corruption_ctrl,ECU,2022,-0.655353
corruption_ctrl,ECU,2021,-0.6326965
corruption_ctrl,ECU,2020,-0.5183859
corruption_ctrl,ECU,2019,-0.5273627
corruption_ctrl,ECU,2018,-0.618424299999999
corruption_ctrl,ECU,2017,-0.775722799999999
corruption_ctrl,ECU,2016,-0.766105399999999
corruption_ctrl,ECU,2015,-0.7228483
corruption_ctrl,ECU,2014,-0.7552215
corruption_ctrl,EGY,2024,-0.8269898
corruption_ctrl,EGY,2023,-0.816904499999999
corruption_ctrl,EGY,2022,-0.7776624
corruption_ctrl,EGY,2021,-0.7873199
corruption_ctrl,EGY,2020,-0.7914606
corruption_ctrl,EGY,2019,-0.652109199999999
corruption_ctrl,EGY,2018,-0.4749757
corruption_ctrl,EGY,2017,-0.4059653
corruption_ctrl,EGY,2016,-0.4472655
corruption_ctrl,EGY,2015,-0.5639736
corruption_ctrl,EGY,2014,-0.576257999999999
corruption_ctrl,SLV,2024,-0.5765882
corruption_ctrl,SLV,2023,-0.6099566
corruption_ctrl,SLV,2022,-0.680151
corruption_ctrl,SLV,2021,-0.5616664
corruption_ctrl,SLV,2020,-0.5107438
corruption_ctrl,SLV,2019,-0.5208324
corruption_ctrl,SLV,2018,-0.579658
corruption_ctrl,SLV,2017,-0.5282498
corruption_ctrl,SLV,2016,-0.5627985
corruption_ctrl,SLV,2015,-0.523622599999999
corruption_ctrl,SLV,2014,-0.4848632
corruption_ctrl,GNQ,2024,-1.47309619999999
corruption_ctrl,GNQ,2023,-1.52463899999999
corruption_ctrl,GNQ,2022,-1.5183607
corruption_ctrl,GNQ,2021,-1.51813589999999
corruption_ctrl,GNQ,2020,-1.51748099999999
corruption_ctrl,GNQ,2019,-1.5178173
corruption_ctrl,GNQ,2018,-1.5191557
corruption_ctrl,GNQ,2017,-1.63363519999999
corruption_ctrl,GNQ,2016,-1.6329041
corruption_ctrl,GNQ,2015,-1.5888102
corruption_ctrl,GNQ,2014,-1.58996809999999
corruption_ctrl,ERI,2024,-1.6331361
corruption_ctrl,ERI,2023,-1.4131414
corruption_ctrl,ERI,2022,-1.3644356
corruption_ctrl,ERI,2021,-1.36851339999999
corruption_ctrl,ERI,2020,-1.3612091
corruption_ctrl,ERI,2019,-1.4238042
corruption_ctrl,ERI,2018,-1.4338129
corruption_ctrl,ERI,2017,-1.320663
corruption_ctrl,ERI,2016,-1.35281649999999
corruption_ctrl,ERI,2015,-1.3519275
corruption_ctrl,ERI,2014,-1.124763
corruption_ctrl,EST,2024,1.669321
corruption_ctrl,EST,2023,1.6727855
corruption_ctrl,EST,2022,1.5957125
corruption_ctrl,EST,2021,1.5368104
corruption_ctrl,EST,2020,1.5899428
corruption_ctrl,EST,2019,1.52358
corruption_ctrl,EST,2018,1.4976464
corruption_ctrl,EST,2017,1.280741
corruption_ctrl,EST,2016,1.2763152
corruption_ctrl,EST,2015,1.2999987
corruption_ctrl,EST,2014,1.2696404
corruption_ctrl,SWZ,2024,-0.785159899999999
corruption_ctrl,SWZ,2023,-0.6292553
corruption_ctrl,SWZ,2022,-0.6085804
corruption_ctrl,SWZ,2021,-0.5806756
corruption_ctrl,SWZ,2020,-0.3014253
corruption_ctrl,SWZ,2019,-0.2969784
corruption_ctrl,SWZ,2018,-0.272451599999999
corruption_ctrl,SWZ,2017,-0.0881199
corruption_ctrl,SWZ,2016,-0.2738615
corruption_ctrl,SWZ,2015,-0.2787246
corruption_ctrl,SWZ,2014,-0.2843032
corruption_ctrl,ETH,2024,-0.437863299999999
corruption_ctrl,ETH,2023,-0.4629488
corruption_ctrl,ETH,2022,-0.406565399999999
corruption_ctrl,ETH,2021,-0.4003096
corruption_ctrl,ETH,2020,-0.368558799999999
corruption_ctrl,ETH,2019,-0.4268519
corruption_ctrl,ETH,2018,-0.4565279
corruption_ctrl,ETH,2017,-0.5649481
corruption_ctrl,ETH,2016,-0.435890499999999
corruption_ctrl,ETH,2015,-0.5196265
corruption_ctrl,ETH,2014,-0.5429668
corruption_ctrl,FJI,2024,0.5626875
corruption_ctrl,FJI,2023,0.5323283
corruption_ctrl,FJI,2022,0.4582725
corruption_ctrl,FJI,2021,0.4839702
corruption_ctrl,FJI,2020,0.5418111
corruption_ctrl,FJI,2019,0.6824056
corruption_ctrl,FJI,2018,0.340503
corruption_ctrl,FJI,2017,0.344813
corruption_ctrl,FJI,2016,0.3150779
corruption_ctrl,FJI,2015,0.3146995
corruption_ctrl,FJI,2014,0.3474414
corruption_ctrl,FIN,2024,2.1920863
corruption_ctrl,FIN,2023,2.193956
corruption_ctrl,FIN,2022,2.1894699
corruption_ctrl,FIN,2021,2.2264683
corruption_ctrl,FIN,2020,2.2354321
corruption_ctrl,FIN,2019,2.1845876
corruption_ctrl,FIN,2018,2.1834702
corruption_ctrl,FIN,2017,2.1795948
corruption_ctrl,FIN,2016,2.1900901
corruption_ctrl,FIN,2015,2.1750212
corruption_ctrl,FIN,2014,2.0450303
corruption_ctrl,FRA,2024,1.2182239
corruption_ctrl,FRA,2023,1.2672713
corruption_ctrl,FRA,2022,1.3856444
corruption_ctrl,FRA,2021,1.422803
corruption_ctrl,FRA,2020,1.2939757
corruption_ctrl,FRA,2019,1.3620502
corruption_ctrl,FRA,2018,1.4123369
corruption_ctrl,FRA,2017,1.3564923
corruption_ctrl,FRA,2016,1.3423858
corruption_ctrl,FRA,2015,1.2963551
corruption_ctrl,FRA,2014,1.311456
corruption_ctrl,PYF,2024,-0.2085367
corruption_ctrl,PYF,2023,-0.2230586
corruption_ctrl,PYF,2022,-0.2079857
corruption_ctrl,PYF,2021,-0.2035976
corruption_ctrl,PYF,2020,NA
corruption_ctrl,PYF,2019,NA
corruption_ctrl,PYF,2018,NA
corruption_ctrl,PYF,2017,NA
corruption_ctrl,PYF,2016,NA
corruption_ctrl,PYF,2015,NA
corruption_ctrl,PYF,2014,NA
corruption_ctrl,GAB,2024,-0.936776899999999
corruption_ctrl,GAB,2023,-0.9748427
corruption_ctrl,GAB,2022,-1.0035399
corruption_ctrl,GAB,2021,-0.8653289
corruption_ctrl,GAB,2020,-0.8043948
corruption_ctrl,GAB,2019,-0.8194499
corruption_ctrl,GAB,2018,-0.820118999999999
corruption_ctrl,GAB,2017,-0.870111499999999
corruption_ctrl,GAB,2016,-0.689372299999999
corruption_ctrl,GAB,2015,-0.741064899999999
corruption_ctrl,GAB,2014,-0.830800499999999
corruption_ctrl,GMB,2024,-0.3342284
corruption_ctrl,GMB,2023,-0.296167199999999
corruption_ctrl,GMB,2022,-0.3002052
corruption_ctrl,GMB,2021,-0.3139401
corruption_ctrl,GMB,2020,-0.222816799999999
corruption_ctrl,GMB,2019,-0.3416671
corruption_ctrl,GMB,2018,-0.417942
corruption_ctrl,GMB,2017,-0.503196099999999
corruption_ctrl,GMB,2016,-0.9137354
corruption_ctrl,GMB,2015,-0.9231417
corruption_ctrl,GMB,2014,-0.891646899999999
corruption_ctrl,GEO,2024,0.3810861
corruption_ctrl,GEO,2023,0.6584135
corruption_ctrl,GEO,2022,0.6512819
corruption_ctrl,GEO,2021,0.7226795
corruption_ctrl,GEO,2020,0.8203237
corruption_ctrl,GEO,2019,0.8436252
corruption_ctrl,GEO,2018,0.8416678
corruption_ctrl,GEO,2017,0.8616872
corruption_ctrl,GEO,2016,0.799381
corruption_ctrl,GEO,2015,0.7754032
corruption_ctrl,GEO,2014,0.8080156
corruption_ctrl,DEU,2024,1.7734211
corruption_ctrl,DEU,2023,1.699403
corruption_ctrl,DEU,2022,1.8224098
corruption_ctrl,DEU,2021,1.8243293
corruption_ctrl,DEU,2020,1.8713077
corruption_ctrl,DEU,2019,1.8768449
corruption_ctrl,DEU,2018,1.9178103
corruption_ctrl,DEU,2017,1.8222612
corruption_ctrl,DEU,2016,1.763112
corruption_ctrl,DEU,2015,1.7233648
corruption_ctrl,DEU,2014,1.7082916
corruption_ctrl,GHA,2024,-0.1934794
corruption_ctrl,GHA,2023,-0.1303327
corruption_ctrl,GHA,2022,-0.0967234999999999
corruption_ctrl,GHA,2021,-0.1554389
corruption_ctrl,GHA,2020,-0.0922532
corruption_ctrl,GHA,2019,-0.0994456
corruption_ctrl,GHA,2018,-0.140224799999999
corruption_ctrl,GHA,2017,-0.2759026
corruption_ctrl,GHA,2016,-0.246555599999999
corruption_ctrl,GHA,2015,-0.2762732
corruption_ctrl,GHA,2014,-0.1952286
corruption_ctrl,GRC,2024,0.2996813
corruption_ctrl,GRC,2023,0.3292978
corruption_ctrl,GRC,2022,0.3224993
corruption_ctrl,GRC,2021,0.3910516
corruption_ctrl,GRC,2020,0.2809798
corruption_ctrl,GRC,2019,0.3040548
corruption_ctrl,GRC,2018,0.2408155
corruption_ctrl,GRC,2017,0.1466842
corruption_ctrl,GRC,2016,0.0885981
corruption_ctrl,GRC,2015,0.0220321
corruption_ctrl,GRC,2014,0.0019795
corruption_ctrl,GRL,2024,1.482751
corruption_ctrl,GRL,2023,1.0245164
corruption_ctrl,GRL,2022,1.0265006
corruption_ctrl,GRL,2021,1.0270782
corruption_ctrl,GRL,2020,1.1145942
corruption_ctrl,GRL,2019,1.1137491
corruption_ctrl,GRL,2018,1.1103855
corruption_ctrl,GRL,2017,1.1079441
corruption_ctrl,GRL,2016,1.1093795
corruption_ctrl,GRL,2015,1.02138
corruption_ctrl,GRL,2014,1.0188354
corruption_ctrl,GRD,2024,0.4790005
corruption_ctrl,GRD,2023,0.3935799
corruption_ctrl,GRD,2022,0.2886861
corruption_ctrl,GRD,2021,0.3144044
corruption_ctrl,GRD,2020,0.3784368
corruption_ctrl,GRD,2019,0.3780139
corruption_ctrl,GRD,2018,0.4166836
corruption_ctrl,GRD,2017,0.4508706
corruption_ctrl,GRD,2016,0.5371119
corruption_ctrl,GRD,2015,0.5361081
corruption_ctrl,GRD,2014,0.2414206
corruption_ctrl,GUM,2024,1.1762344
corruption_ctrl,GUM,2023,1.1733125
corruption_ctrl,GUM,2022,1.1763452
corruption_ctrl,GUM,2021,1.1772281
corruption_ctrl,GUM,2020,1.1797991
corruption_ctrl,GUM,2019,1.1784788
corruption_ctrl,GUM,2018,1.1732244
corruption_ctrl,GUM,2017,1.1694105
corruption_ctrl,GUM,2016,1.1716528
corruption_ctrl,GUM,2015,1.1685187
corruption_ctrl,GUM,2014,1.1646295
corruption_ctrl,GTM,2024,-0.9482653
corruption_ctrl,GTM,2023,-1.0869128
corruption_ctrl,GTM,2022,-1.2166625
corruption_ctrl,GTM,2021,-1.21790929999999
corruption_ctrl,GTM,2020,-1.0998808
corruption_ctrl,GTM,2019,-1.0038569
corruption_ctrl,GTM,2018,-0.972041399999999
corruption_ctrl,GTM,2017,-0.8839206
corruption_ctrl,GTM,2016,-0.873697899999999
corruption_ctrl,GTM,2015,-0.9067476
corruption_ctrl,GTM,2014,-0.8707969
corruption_ctrl,GIN,2024,-1.17445279999999
corruption_ctrl,GIN,2023,-1.0078531
corruption_ctrl,GIN,2022,-0.9739553
corruption_ctrl,GIN,2021,-1.0113603
corruption_ctrl,GIN,2020,-0.8663898
corruption_ctrl,GIN,2019,-0.9231457
corruption_ctrl,GIN,2018,-1.1175524
corruption_ctrl,GIN,2017,-1.09129299999999
corruption_ctrl,GIN,2016,-1.0088286
corruption_ctrl,GIN,2015,-1.097256
corruption_ctrl,GIN,2014,-1.1775585
corruption_ctrl,GNB,2024,-1.3460193
corruption_ctrl,GNB,2023,-1.1549527
corruption_ctrl,GNB,2022,-1.1609749
corruption_ctrl,GNB,2021,-1.21682239999999
corruption_ctrl,GNB,2020,-1.2993067
corruption_ctrl,GNB,2019,-1.52807229999999
corruption_ctrl,GNB,2018,-1.59620689999999
corruption_ctrl,GNB,2017,-1.664347
corruption_ctrl,GNB,2016,-1.57810309999999
corruption_ctrl,GNB,2015,-1.5509685
corruption_ctrl,GNB,2014,-1.58751319999999
corruption_ctrl,GUY,2024,-0.346885599999999
corruption_ctrl,GUY,2023,-0.309865699999999
corruption_ctrl,GUY,2022,-0.2293385
corruption_ctrl,GUY,2021,-0.1042454
corruption_ctrl,GUY,2020,-0.1158874
corruption_ctrl,GUY,2019,-0.2410317
corruption_ctrl,GUY,2018,-0.36789
corruption_ctrl,GUY,2017,-0.479041499999999
corruption_ctrl,GUY,2016,-0.4101323
corruption_ctrl,GUY,2015,-0.5095919
corruption_ctrl,GUY,2014,-0.600799099999999
corruption_ctrl,HTI,2024,-1.5403494
corruption_ctrl,HTI,2023,-1.50126609999999
corruption_ctrl,HTI,2022,-1.508626
corruption_ctrl,HTI,2021,-1.4853353
corruption_ctrl,HTI,2020,-1.44666959999999
corruption_ctrl,HTI,2019,-1.46242959999999
corruption_ctrl,HTI,2018,-1.4376012
corruption_ctrl,HTI,2017,-1.4223857
corruption_ctrl,HTI,2016,-1.4729127
corruption_ctrl,HTI,2015,-1.4465713
corruption_ctrl,HTI,2014,-1.4306803
corruption_ctrl,HND,2024,-1.2446903
corruption_ctrl,HND,2023,-1.09932339999999
corruption_ctrl,HND,2022,-1.03140529999999
corruption_ctrl,HND,2021,-1.1204199
corruption_ctrl,HND,2020,-0.972603599999999
corruption_ctrl,HND,2019,-1.0582406
corruption_ctrl,HND,2018,-0.969578899999999
corruption_ctrl,HND,2017,-0.946983999999999
corruption_ctrl,HND,2016,-0.924298699999999
corruption_ctrl,HND,2015,-0.8111784
corruption_ctrl,HND,2014,-0.9656425
corruption_ctrl,HKG,2024,1.5721573
corruption_ctrl,HKG,2023,1.5534193
corruption_ctrl,HKG,2022,1.5284267
corruption_ctrl,HKG,2021,1.6345393
corruption_ctrl,HKG,2020,1.6888523
corruption_ctrl,HKG,2019,1.7391529
corruption_ctrl,HKG,2018,1.7152609
corruption_ctrl,HKG,2017,1.7019137
corruption_ctrl,HKG,2016,1.6981569
corruption_ctrl,HKG,2015,1.6386086
corruption_ctrl,HKG,2014,1.5773889
corruption_ctrl,HUN,2024,0.0394373
corruption_ctrl,HUN,2023,0.083173
corruption_ctrl,HUN,2022,0.0402617
corruption_ctrl,HUN,2021,0.1312695
corruption_ctrl,HUN,2020,0.1418393
corruption_ctrl,HUN,2019,0.084756
corruption_ctrl,HUN,2018,0.1391573
corruption_ctrl,HUN,2017,0.160723
corruption_ctrl,HUN,2016,0.1568851
corruption_ctrl,HUN,2015,0.1723755
corruption_ctrl,HUN,2014,0.172662
corruption_ctrl,ISL,2024,1.828818
corruption_ctrl,ISL,2023,1.6623764
corruption_ctrl,ISL,2022,1.6495728
corruption_ctrl,ISL,2021,1.8584301
corruption_ctrl,ISL,2020,1.8422993
corruption_ctrl,ISL,2019,1.8260874
corruption_ctrl,ISL,2018,1.8868085000000001
corruption_ctrl,ISL,2017,1.8691325
corruption_ctrl,ISL,2016,1.9714103
corruption_ctrl,ISL,2015,1.9854027
corruption_ctrl,ISL,2014,1.842095
corruption_ctrl,IND,2024,-0.2953362
corruption_ctrl,IND,2023,-0.3353176
corruption_ctrl,IND,2022,-0.2924866
corruption_ctrl,IND,2021,-0.300757
corruption_ctrl,IND,2020,-0.254487099999999
corruption_ctrl,IND,2019,-0.2183329
corruption_ctrl,IND,2018,-0.2079644
corruption_ctrl,IND,2017,-0.2244224
corruption_ctrl,IND,2016,-0.2852229
corruption_ctrl,IND,2015,-0.3449931
corruption_ctrl,IND,2014,-0.4139641
corruption_ctrl,IDN,2024,-0.5446152
corruption_ctrl,IDN,2023,-0.4431661
corruption_ctrl,IDN,2022,-0.3702139
corruption_ctrl,IDN,2021,-0.416213499999999
corruption_ctrl,IDN,2020,-0.3456603
corruption_ctrl,IDN,2019,-0.427850399999999
corruption_ctrl,IDN,2018,-0.338129499999999
corruption_ctrl,IDN,2017,-0.3767695
corruption_ctrl,IDN,2016,-0.482257599999999
corruption_ctrl,IDN,2015,-0.5229666
corruption_ctrl,IDN,2014,-0.7150247
corruption_ctrl,IRN,2024,-1.14723819999999
corruption_ctrl,IRN,2023,-1.17112979999999
corruption_ctrl,IRN,2022,-1.13191439999999
corruption_ctrl,IRN,2021,-1.1267612
corruption_ctrl,IRN,2020,-1.1044169
corruption_ctrl,IRN,2019,-0.9919553
corruption_ctrl,IRN,2018,-0.9420795
corruption_ctrl,IRN,2017,-0.7011486
corruption_ctrl,IRN,2016,-0.656176099999999
corruption_ctrl,IRN,2015,-0.7596233
corruption_ctrl,IRN,2014,-0.816847099999999
corruption_ctrl,IRQ,2024,-1.2050155
corruption_ctrl,IRQ,2023,-1.4169702
corruption_ctrl,IRQ,2022,-1.37334849999999
corruption_ctrl,IRQ,2021,-1.37400869999999
corruption_ctrl,IRQ,2020,-1.3692381
corruption_ctrl,IRQ,2019,-1.4433306
corruption_ctrl,IRQ,2018,-1.4767763
corruption_ctrl,IRQ,2017,-1.4065197
corruption_ctrl,IRQ,2016,-1.4012064
corruption_ctrl,IRQ,2015,-1.393567
corruption_ctrl,IRQ,2014,-1.357674
corruption_ctrl,IRL,2024,1.572589
corruption_ctrl,IRL,2023,1.5859129
corruption_ctrl,IRL,2022,1.6463639
corruption_ctrl,IRL,2021,1.6117468
corruption_ctrl,IRL,2020,1.5958903
corruption_ctrl,IRL,2019,1.5189367
corruption_ctrl,IRL,2018,1.5533781
corruption_ctrl,IRL,2017,1.5580627
corruption_ctrl,IRL,2016,1.636332
corruption_ctrl,IRL,2015,1.6308016
corruption_ctrl,IRL,2014,1.5913084
corruption_ctrl,ISR,2024,0.853319
corruption_ctrl,ISR,2023,0.8712956
corruption_ctrl,ISR,2022,0.8878345
corruption_ctrl,ISR,2021,0.9249105
corruption_ctrl,ISR,2020,0.6932777
corruption_ctrl,ISR,2019,0.8011548
corruption_ctrl,ISR,2018,0.7398512
corruption_ctrl,ISR,2017,0.8089617
corruption_ctrl,ISR,2016,1.1108815
corruption_ctrl,ISR,2015,0.8495585
corruption_ctrl,ISR,2014,0.7470115
corruption_ctrl,ITA,2024,0.5531621
corruption_ctrl,ITA,2023,0.571449
corruption_ctrl,ITA,2022,0.5738577
corruption_ctrl,ITA,2021,0.5394316
corruption_ctrl,ITA,2020,0.5299614
corruption_ctrl,ITA,2019,0.2828802
corruption_ctrl,ITA,2018,0.2476928
corruption_ctrl,ITA,2017,0.1948577
corruption_ctrl,ITA,2016,0.1252339
corruption_ctrl,ITA,2015,0.0677760999999999
corruption_ctrl,ITA,2014,0.0131434
corruption_ctrl,JAM,2024,-0.0962722999999999
corruption_ctrl,JAM,2023,-0.1364542
corruption_ctrl,JAM,2022,-0.0788141
corruption_ctrl,JAM,2021,-0.0851526
corruption_ctrl,JAM,2020,-0.0800814
corruption_ctrl,JAM,2019,-0.0636837
corruption_ctrl,JAM,2018,-0.174784399999999
corruption_ctrl,JAM,2017,-0.1631899
corruption_ctrl,JAM,2016,-0.166887999999999
corruption_ctrl,JAM,2015,-0.2392146
corruption_ctrl,JAM,2014,-0.2893901
corruption_ctrl,JPN,2024,1.3570132
corruption_ctrl,JPN,2023,1.3377896
corruption_ctrl,JPN,2022,1.4419346
corruption_ctrl,JPN,2021,1.4554011
corruption_ctrl,JPN,2020,1.4301233
corruption_ctrl,JPN,2019,1.4335295
corruption_ctrl,JPN,2018,1.3909549
corruption_ctrl,JPN,2017,1.4760635
corruption_ctrl,JPN,2016,1.4452816
corruption_ctrl,JPN,2015,1.4505851
corruption_ctrl,JPN,2014,1.5393479
corruption_ctrl,JOR,2024,0.2721934
corruption_ctrl,JOR,2023,0.1060315
corruption_ctrl,JOR,2022,0.0226578
corruption_ctrl,JOR,2021,0.0177108
corruption_ctrl,JOR,2020,0.1409154
corruption_ctrl,JOR,2019,0.0894230999999999
corruption_ctrl,JOR,2018,0.0742478
corruption_ctrl,JOR,2017,0.1776447
corruption_ctrl,JOR,2016,0.2009082
corruption_ctrl,JOR,2015,0.2644497
corruption_ctrl,JOR,2014,0.0942006
corruption_ctrl,KAZ,2024,-0.0670902999999999
corruption_ctrl,KAZ,2023,-0.2223164
corruption_ctrl,KAZ,2022,-0.1920096
corruption_ctrl,KAZ,2021,-0.2698189
corruption_ctrl,KAZ,2020,-0.2881195
corruption_ctrl,KAZ,2019,-0.207193
corruption_ctrl,KAZ,2018,-0.5048657
corruption_ctrl,KAZ,2017,-0.7427939
corruption_ctrl,KAZ,2016,-0.7865395
corruption_ctrl,KAZ,2015,-0.8337886
corruption_ctrl,KAZ,2014,-0.842471
corruption_ctrl,KEN,2024,-0.8018297
corruption_ctrl,KEN,2023,-0.7594497
corruption_ctrl,KEN,2022,-0.751285
corruption_ctrl,KEN,2021,-0.710787899999999
corruption_ctrl,KEN,2020,-0.7505394
corruption_ctrl,KEN,2019,-0.809611299999999
corruption_ctrl,KEN,2018,-0.8341484
corruption_ctrl,KEN,2017,-0.8985955
corruption_ctrl,KEN,2016,-0.900809099999999
corruption_ctrl,KEN,2015,-0.9711807
corruption_ctrl,KEN,2014,-0.834178699999999
corruption_ctrl,KIR,2024,0.3745658
corruption_ctrl,KIR,2023,0.3317797
corruption_ctrl,KIR,2022,0.3338154
corruption_ctrl,KIR,2021,0.3344081
corruption_ctrl,KIR,2020,0.3514103
corruption_ctrl,KIR,2019,0.3505035
corruption_ctrl,KIR,2018,0.2521934
corruption_ctrl,KIR,2017,0.2500111
corruption_ctrl,KIR,2016,0.2512942
corruption_ctrl,KIR,2015,0.2843015
corruption_ctrl,KIR,2014,0.2820761
corruption_ctrl,PRK,2024,-1.55738279999999
corruption_ctrl,PRK,2023,-1.5580486
corruption_ctrl,PRK,2022,-1.6517597
corruption_ctrl,PRK,2021,-1.651571
corruption_ctrl,PRK,2020,-1.57352389999999
corruption_ctrl,PRK,2019,-1.5773982
corruption_ctrl,PRK,2018,-1.5872449
corruption_ctrl,PRK,2017,-1.4202074
corruption_ctrl,PRK,2016,-1.41972829999999
corruption_ctrl,PRK,2015,-1.2713751
corruption_ctrl,PRK,2014,-1.2722061
corruption_ctrl,KOR,2024,0.8495586
corruption_ctrl,KOR,2023,0.8788564
corruption_ctrl,KOR,2022,0.8217095
corruption_ctrl,KOR,2021,0.7614152
corruption_ctrl,KOR,2020,0.7558651
corruption_ctrl,KOR,2019,0.6133176
corruption_ctrl,KOR,2018,0.5413024
corruption_ctrl,KOR,2017,0.427734
corruption_ctrl,KOR,2016,0.3532288
corruption_ctrl,KOR,2015,0.3449721
corruption_ctrl,KOR,2014,0.5041579
corruption_ctrl,XKX,2024,-0.254728299999999
corruption_ctrl,XKX,2023,-0.1480311
corruption_ctrl,XKX,2022,-0.2951205
corruption_ctrl,XKX,2021,-0.3919167
corruption_ctrl,XKX,2020,-0.423589999999999
corruption_ctrl,XKX,2019,-0.344486299999999
corruption_ctrl,XKX,2018,-0.3876501
corruption_ctrl,XKX,2017,-0.4089401
corruption_ctrl,XKX,2016,-0.2981032
corruption_ctrl,XKX,2015,-0.370412299999999
corruption_ctrl,XKX,2014,-0.349694499999999
corruption_ctrl,KWT,2024,0.2183455
corruption_ctrl,KWT,2023,0.1660086
corruption_ctrl,KWT,2022,0.0771437
corruption_ctrl,KWT,2021,-0.0606404
corruption_ctrl,KWT,2020,-0.1551226
corruption_ctrl,KWT,2019,-0.1345999
corruption_ctrl,KWT,2018,-0.2747578
corruption_ctrl,KWT,2017,-0.3931383
corruption_ctrl,KWT,2016,-0.338747099999999
corruption_ctrl,KWT,2015,-0.241923499999999
corruption_ctrl,KWT,2014,-0.2717863
corruption_ctrl,KGZ,2024,-1.1364649
corruption_ctrl,KGZ,2023,-1.1965583
corruption_ctrl,KGZ,2022,-1.2024196
corruption_ctrl,KGZ,2021,-1.1583724
corruption_ctrl,KGZ,2020,-1.048438
corruption_ctrl,KGZ,2019,-0.9826685
corruption_ctrl,KGZ,2018,-1.0445924
corruption_ctrl,KGZ,2017,-1.1583682
corruption_ctrl,KGZ,2016,-1.19001389999999
corruption_ctrl,KGZ,2015,-1.2076555
corruption_ctrl,KGZ,2014,-1.17187739999999
corruption_ctrl,LAO,2024,-0.979896099999999
corruption_ctrl,LAO,2023,-0.9646387
corruption_ctrl,LAO,2022,-0.9974286
corruption_ctrl,LAO,2021,-1.0773186
corruption_ctrl,LAO,2020,-1.0608703
corruption_ctrl,LAO,2019,-1.1050142
corruption_ctrl,LAO,2018,-1.1101203
corruption_ctrl,LAO,2017,-1.00885769999999
corruption_ctrl,LAO,2016,-0.947724799999999
corruption_ctrl,LAO,2015,-0.9998267
corruption_ctrl,LAO,2014,-1.02596969999999
corruption_ctrl,LVA,2024,0.8251336
corruption_ctrl,LVA,2023,0.7759204
corruption_ctrl,LVA,2022,0.8238921
corruption_ctrl,LVA,2021,0.8423495
corruption_ctrl,LVA,2020,0.7605048
corruption_ctrl,LVA,2019,0.6990995
corruption_ctrl,LVA,2018,0.5446798
corruption_ctrl,LVA,2017,0.6379966
corruption_ctrl,LVA,2016,0.590799
corruption_ctrl,LVA,2015,0.6009075
corruption_ctrl,LVA,2014,0.5065843
corruption_ctrl,LBN,2024,-1.3041344
corruption_ctrl,LBN,2023,-1.2554109
corruption_ctrl,LBN,2022,-1.21762979999999
corruption_ctrl,LBN,2021,-1.2586741
corruption_ctrl,LBN,2020,-1.23052269999999
corruption_ctrl,LBN,2019,-1.2286796
corruption_ctrl,LBN,2018,-1.2208803
corruption_ctrl,LBN,2017,-1.0714014
corruption_ctrl,LBN,2016,-1.069034
corruption_ctrl,LBN,2015,-1.0047914
corruption_ctrl,LBN,2014,-1.1059903
corruption_ctrl,LSO,2024,-0.302427
corruption_ctrl,LSO,2023,-0.3006103
corruption_ctrl,LSO,2022,-0.1463735
corruption_ctrl,LSO,2021,-0.1543581
corruption_ctrl,LSO,2020,-0.009674
corruption_ctrl,LSO,2019,-0.0282232
corruption_ctrl,LSO,2018,0.0206214
corruption_ctrl,LSO,2017,0.0469636
corruption_ctrl,LSO,2016,0.0206204
corruption_ctrl,LSO,2015,0.0497097
corruption_ctrl,LSO,2014,0.1248333
corruption_ctrl,LBR,2024,-1.0473848
corruption_ctrl,LBR,2023,-1.01213
corruption_ctrl,LBR,2022,-1.0479173
corruption_ctrl,LBR,2021,-0.9896145
corruption_ctrl,LBR,2020,-0.9167423
corruption_ctrl,LBR,2019,-0.9910994
corruption_ctrl,LBR,2018,-0.9857106
corruption_ctrl,LBR,2017,-0.852785
corruption_ctrl,LBR,2016,-0.8475684
corruption_ctrl,LBR,2015,-0.734354699999999
corruption_ctrl,LBR,2014,-0.7936808
corruption_ctrl,LBY,2024,-1.5315957
corruption_ctrl,LBY,2023,-1.5426693
corruption_ctrl,LBY,2022,-1.5332986
corruption_ctrl,LBY,2021,-1.5502152
corruption_ctrl,LBY,2020,-1.5214215
corruption_ctrl,LBY,2019,-1.5465395
corruption_ctrl,LBY,2018,-1.51601339999999
corruption_ctrl,LBY,2017,-1.6097899
corruption_ctrl,LBY,2016,-1.59775319999999
corruption_ctrl,LBY,2015,-1.59599119999999
corruption_ctrl,LBY,2014,-1.475239
corruption_ctrl,LIE,2024,1.7550399
corruption_ctrl,LIE,2023,1.7538023
corruption_ctrl,LIE,2022,1.7550868
corruption_ctrl,LIE,2021,1.7554608
corruption_ctrl,LIE,2020,2.0208673
corruption_ctrl,LIE,2019,2.0203081
corruption_ctrl,LIE,2018,2.0180825
corruption_ctrl,LIE,2017,2.0164671
corruption_ctrl,LIE,2016,2.0174169
corruption_ctrl,LIE,2015,2.0160894
corruption_ctrl,LIE,2014,2.0144421
corruption_ctrl,LTU,2024,0.9927892
corruption_ctrl,LTU,2023,0.8884764
corruption_ctrl,LTU,2022,0.855068
corruption_ctrl,LTU,2021,0.9249581
corruption_ctrl,LTU,2020,0.8813828
corruption_ctrl,LTU,2019,0.7581204
corruption_ctrl,LTU,2018,0.4531588
corruption_ctrl,LTU,2017,0.6761875
corruption_ctrl,LTU,2016,0.7346677
corruption_ctrl,LTU,2015,0.6814439
corruption_ctrl,LTU,2014,0.5991275
corruption_ctrl,LUX,2024,2.0157595
corruption_ctrl,LUX,2023,2.0124074
corruption_ctrl,LUX,2022,1.9674109
corruption_ctrl,LUX,2021,1.9638476
corruption_ctrl,LUX,2020,2.2067723
corruption_ctrl,LUX,2019,2.2590117
corruption_ctrl,LUX,2018,2.2100505
corruption_ctrl,LUX,2017,2.1475168
corruption_ctrl,LUX,2016,2.1912929
corruption_ctrl,LUX,2015,2.2241466
corruption_ctrl,LUX,2014,2.1721389
corruption_ctrl,MAC,2024,0.5733844
corruption_ctrl,MAC,2023,0.5721468
corruption_ctrl,MAC,2022,0.5734313
corruption_ctrl,MAC,2021,0.5738053
corruption_ctrl,MAC,2020,0.5748942
corruption_ctrl,MAC,2019,0.574335
corruption_ctrl,MAC,2018,0.5721095
corruption_ctrl,MAC,2017,0.5704941
corruption_ctrl,MAC,2016,0.8357614
corruption_ctrl,MAC,2015,0.5701164
corruption_ctrl,MAC,2014,0.5684691
corruption_ctrl,MDG,2024,-1.00991649999999
corruption_ctrl,MDG,2023,-0.9853603
corruption_ctrl,MDG,2022,-0.9659728
corruption_ctrl,MDG,2021,-0.9473613
corruption_ctrl,MDG,2020,-0.8463989
corruption_ctrl,MDG,2019,-0.925669499999999
corruption_ctrl,MDG,2018,-0.9185574
corruption_ctrl,MDG,2017,-0.922522
corruption_ctrl,MDG,2016,-0.794875999999999
corruption_ctrl,MDG,2015,-0.784991
corruption_ctrl,MDG,2014,-0.783836699999999
corruption_ctrl,MWI,2024,-0.6486607
corruption_ctrl,MWI,2023,-0.627533999999999
corruption_ctrl,MWI,2022,-0.6548107
corruption_ctrl,MWI,2021,-0.4316195
corruption_ctrl,MWI,2020,-0.4785598
corruption_ctrl,MWI,2019,-0.802321
corruption_ctrl,MWI,2018,-0.8171813
corruption_ctrl,MWI,2017,-0.715168199999999
corruption_ctrl,MWI,2016,-0.8277565
corruption_ctrl,MWI,2015,-0.829149999999999
corruption_ctrl,MWI,2014,-0.819742899999999
corruption_ctrl,MYS,2024,0.4983973
corruption_ctrl,MYS,2023,0.380697
corruption_ctrl,MYS,2022,0.3710292
corruption_ctrl,MYS,2021,0.3015023
corruption_ctrl,MYS,2020,0.420523
corruption_ctrl,MYS,2019,0.4609033
corruption_ctrl,MYS,2018,0.4935415
corruption_ctrl,MYS,2017,0.0731841
corruption_ctrl,MYS,2016,0.1034428
corruption_ctrl,MYS,2015,0.2439907
corruption_ctrl,MYS,2014,0.2951748
corruption_ctrl,MDV,2024,-0.335953799999999
corruption_ctrl,MDV,2023,-0.2664677
corruption_ctrl,MDV,2022,-0.265023299999999
corruption_ctrl,MDV,2021,-0.1632074
corruption_ctrl,MDV,2020,-0.1711344
corruption_ctrl,MDV,2019,-0.520747899999999
corruption_ctrl,MDV,2018,-0.892958399999999
corruption_ctrl,MDV,2017,-0.8676893
corruption_ctrl,MDV,2016,-0.764795
corruption_ctrl,MDV,2015,-0.587453
corruption_ctrl,MDV,2014,-0.5760219
corruption_ctrl,MLI,2024,-0.9808589
corruption_ctrl,MLI,2023,-0.849355899999999
corruption_ctrl,MLI,2022,-0.8528176
corruption_ctrl,MLI,2021,-0.896400299999999
corruption_ctrl,MLI,2020,-0.7753949
corruption_ctrl,MLI,2019,-0.7719638
corruption_ctrl,MLI,2018,-0.744831199999999
corruption_ctrl,MLI,2017,-0.706974099999999
corruption_ctrl,MLI,2016,-0.6456428
corruption_ctrl,MLI,2015,-0.6307364
corruption_ctrl,MLI,2014,-0.6426253
corruption_ctrl,MLT,2024,0.2667936
corruption_ctrl,MLT,2023,0.3219728
corruption_ctrl,MLT,2022,0.4469911
corruption_ctrl,MLT,2021,0.4667226
corruption_ctrl,MLT,2020,0.611326
corruption_ctrl,MLT,2019,0.4163584
corruption_ctrl,MLT,2018,0.7416132
corruption_ctrl,MLT,2017,0.7943079
corruption_ctrl,MLT,2016,0.7852018
corruption_ctrl,MLT,2015,0.8513513
corruption_ctrl,MLT,2014,0.8102062
corruption_ctrl,MHL,2024,0.3907327
corruption_ctrl,MHL,2023,-0.0290067
corruption_ctrl,MHL,2022,-0.0269237999999999
corruption_ctrl,MHL,2021,-0.0263173999999999
corruption_ctrl,MHL,2020,-0.0245517
corruption_ctrl,MHL,2019,0.3505035
corruption_ctrl,MHL,2018,0.3468948
corruption_ctrl,MHL,2017,0.7728719
corruption_ctrl,MHL,2016,0.7744119
corruption_ctrl,MHL,2015,0.81403
corruption_ctrl,MHL,2014,-0.114215299999999
corruption_ctrl,MRT,2024,-0.933744999999999
corruption_ctrl,MRT,2023,-0.7965253
corruption_ctrl,MRT,2022,-0.8477941
corruption_ctrl,MRT,2021,-0.879153
corruption_ctrl,MRT,2020,-0.7915263
corruption_ctrl,MRT,2019,-0.981007499999999
corruption_ctrl,MRT,2018,-0.8944903
corruption_ctrl,MRT,2017,-0.8700694
corruption_ctrl,MRT,2016,-0.8308534
corruption_ctrl,MRT,2015,-0.9528354
corruption_ctrl,MRT,2014,-0.9214158
corruption_ctrl,MUS,2024,0.3404819
corruption_ctrl,MUS,2023,0.3417899
corruption_ctrl,MUS,2022,0.3948817
corruption_ctrl,MUS,2021,0.416008
corruption_ctrl,MUS,2020,0.3426669
corruption_ctrl,MUS,2019,0.3198001
corruption_ctrl,MUS,2018,0.3016043
corruption_ctrl,MUS,2017,0.2855506
corruption_ctrl,MUS,2016,0.3223687
corruption_ctrl,MUS,2015,0.2903886
corruption_ctrl,MUS,2014,0.4563263
corruption_ctrl,MEX,2024,-0.9408772
corruption_ctrl,MEX,2023,-0.9321625
corruption_ctrl,MEX,2022,-0.8757541
corruption_ctrl,MEX,2021,-0.8733867
corruption_ctrl,MEX,2020,-0.853792
corruption_ctrl,MEX,2019,-0.8896518
corruption_ctrl,MEX,2018,-0.9427494
corruption_ctrl,MEX,2017,-0.9481326
corruption_ctrl,MEX,2016,-0.8211672
corruption_ctrl,MEX,2015,-0.840903899999999
corruption_ctrl,MEX,2014,-0.7528978
corruption_ctrl,FSM,2024,0.7080176
corruption_ctrl,FSM,2023,0.2977827
corruption_ctrl,FSM,2022,0.2998184
corruption_ctrl,FSM,2021,0.3004111
corruption_ctrl,FSM,2020,0.4040448
corruption_ctrl,FSM,2019,0.7791
corruption_ctrl,FSM,2018,0.7754912
corruption_ctrl,FSM,2017,0.7728719
corruption_ctrl,FSM,2016,0.7744119
corruption_ctrl,FSM,2015,0.8558006
corruption_ctrl,FSM,2014,0.8531295
corruption_ctrl,MDA,2024,-0.2915803
corruption_ctrl,MDA,2023,-0.266050299999999
corruption_ctrl,MDA,2022,-0.421512599999999
corruption_ctrl,MDA,2021,-0.550342
corruption_ctrl,MDA,2020,-0.7308378
corruption_ctrl,MDA,2019,-0.7732817
corruption_ctrl,MDA,2018,-0.871319899999999
corruption_ctrl,MDA,2017,-0.937231199999999
corruption_ctrl,MDA,2016,-1.099628
corruption_ctrl,MDA,2015,-1.03857019999999
corruption_ctrl,MDA,2014,-0.969687699999999
corruption_ctrl,MCO,2024,1.8002811
corruption_ctrl,MCO,2023,1.1733125
corruption_ctrl,MCO,2022,1.1763452
corruption_ctrl,MCO,2021,1.1772281
corruption_ctrl,MCO,2020,1.1797991
corruption_ctrl,MCO,2019,1.8025255
corruption_ctrl,MCO,2018,1.7972711
corruption_ctrl,MCO,2017,1.7934572
corruption_ctrl,MCO,2016,1.7956995
corruption_ctrl,MCO,2015,1.7925654
corruption_ctrl,MCO,2014,NA
corruption_ctrl,MNG,2024,-0.4859579
corruption_ctrl,MNG,2023,-0.6187813
corruption_ctrl,MNG,2022,-0.662165
corruption_ctrl,MNG,2021,-0.6644684
corruption_ctrl,MNG,2020,-0.6207183
corruption_ctrl,MNG,2019,-0.6152153
corruption_ctrl,MNG,2018,-0.573848799999999
corruption_ctrl,MNG,2017,-0.5320484
corruption_ctrl,MNG,2016,-0.6103892
corruption_ctrl,MNG,2015,-0.586661299999999
corruption_ctrl,MNG,2014,-0.5593028
corruption_ctrl,MNE,2024,-0.0594344
corruption_ctrl,MNE,2023,-0.0680776999999999
corruption_ctrl,MNE,2022,-0.0127453999999999
corruption_ctrl,MNE,2021,0.0383454
corruption_ctrl,MNE,2020,-0.0359882
corruption_ctrl,MNE,2019,-0.0626438
corruption_ctrl,MNE,2018,-0.0848879999999999
corruption_ctrl,MNE,2017,-0.1096413
corruption_ctrl,MNE,2016,-0.1624556
corruption_ctrl,MNE,2015,-0.1544911
corruption_ctrl,MNE,2014,-0.156991599999999
corruption_ctrl,MAR,2024,-0.5186913
corruption_ctrl,MAR,2023,-0.5521901
corruption_ctrl,MAR,2022,-0.4879114
corruption_ctrl,MAR,2021,-0.4783966
corruption_ctrl,MAR,2020,-0.408551999999999
corruption_ctrl,MAR,2019,-0.425659399999999
corruption_ctrl,MAR,2018,-0.475142299999999
corruption_ctrl,MAR,2017,-0.3911459
corruption_ctrl,MAR,2016,-0.3146541
corruption_ctrl,MAR,2015,-0.352055199999999
corruption_ctrl,MAR,2014,-0.4165717
corruption_ctrl,MOZ,2024,-1.0618104
corruption_ctrl,MOZ,2023,-0.904286399999999
corruption_ctrl,MOZ,2022,-0.9013357
corruption_ctrl,MOZ,2021,-0.809070699999999
corruption_ctrl,MOZ,2020,-0.7627176
corruption_ctrl,MOZ,2019,-0.8757647
corruption_ctrl,MOZ,2018,-0.8725989
corruption_ctrl,MOZ,2017,-0.9645689
corruption_ctrl,MOZ,2016,-0.991651899999999
corruption_ctrl,MOZ,2015,-0.8687712
corruption_ctrl,MOZ,2014,-0.861341399999999
corruption_ctrl,MMR,2024,-1.2527062
corruption_ctrl,MMR,2023,-1.11163979999999
corruption_ctrl,MMR,2022,-1.136637
corruption_ctrl,MMR,2021,-0.9391159
corruption_ctrl,MMR,2020,-0.6277817
corruption_ctrl,MMR,2019,-0.7649935
corruption_ctrl,MMR,2018,-0.7679218
corruption_ctrl,MMR,2017,-0.7617201
corruption_ctrl,MMR,2016,-0.854276199999999
corruption_ctrl,MMR,2015,-1.0035195
corruption_ctrl,MMR,2014,-1.0510924
corruption_ctrl,NAM,2024,0.1265202
corruption_ctrl,NAM,2023,0.1649292
corruption_ctrl,NAM,2022,0.3167748
corruption_ctrl,NAM,2021,0.3260821
corruption_ctrl,NAM,2020,0.3917523
corruption_ctrl,NAM,2019,0.4318792
corruption_ctrl,NAM,2018,0.4425861
corruption_ctrl,NAM,2017,0.3675534
corruption_ctrl,NAM,2016,0.4077914
corruption_ctrl,NAM,2015,0.4537303
corruption_ctrl,NAM,2014,0.4361437
corruption_ctrl,NRU,2024,0.5049337
corruption_ctrl,NRU,2023,0.443007
corruption_ctrl,NRU,2022,0.4459534
corruption_ctrl,NRU,2021,0.4468112
corruption_ctrl,NRU,2020,0.449309
corruption_ctrl,NRU,2019,0.4480263
corruption_ctrl,NRU,2018,0.4429214
corruption_ctrl,NRU,2017,0.4392161
corruption_ctrl,NRU,2016,0.4413946
corruption_ctrl,NRU,2015,0.4974376
corruption_ctrl,NRU,2014,-0.242259199999999
corruption_ctrl,NPL,2024,-0.632602
corruption_ctrl,NPL,2023,-0.629219899999999
corruption_ctrl,NPL,2022,-0.652050399999999
corruption_ctrl,NPL,2021,-0.624520499999999
corruption_ctrl,NPL,2020,-0.701156999999999
corruption_ctrl,NPL,2019,-0.7367895
corruption_ctrl,NPL,2018,-0.7384128
corruption_ctrl,NPL,2017,-0.781145
corruption_ctrl,NPL,2016,-0.846169499999999
corruption_ctrl,NPL,2015,-0.830829399999999
corruption_ctrl,NPL,2014,-0.8428983
corruption_ctrl,NLD,2024,1.9100133
corruption_ctrl,NLD,2023,1.8837073
corruption_ctrl,NLD,2022,1.9175777
corruption_ctrl,NLD,2021,2.0280226
corruption_ctrl,NLD,2020,2.0646075
corruption_ctrl,NLD,2019,1.9497836
corruption_ctrl,NLD,2018,1.9465556
corruption_ctrl,NLD,2017,1.8270031
corruption_ctrl,NLD,2016,1.9077694
corruption_ctrl,NLD,2015,1.8631148
corruption_ctrl,NLD,2014,1.9485
corruption_ctrl,NCL,2024,0.1263751
corruption_ctrl,NCL,2023,0.1118532
corruption_ctrl,NCL,2022,0.1269261
corruption_ctrl,NCL,2021,0.1313142
corruption_ctrl,NCL,2020,NA
corruption_ctrl,NCL,2019,NA
corruption_ctrl,NCL,2018,NA
corruption_ctrl,NCL,2017,NA
corruption_ctrl,NCL,2016,NA
corruption_ctrl,NCL,2015,NA
corruption_ctrl,NCL,2014,NA
corruption_ctrl,NZL,2024,1.9285412
corruption_ctrl,NZL,2023,2.0156067
corruption_ctrl,NZL,2022,2.0822927
corruption_ctrl,NZL,2021,2.1244607
corruption_ctrl,NZL,2020,2.154305
corruption_ctrl,NZL,2019,2.1526849
corruption_ctrl,NZL,2018,2.0940331
corruption_ctrl,NZL,2017,2.169806
corruption_ctrl,NZL,2016,2.2087113
corruption_ctrl,NZL,2015,2.1997554
corruption_ctrl,NZL,2014,2.1663289
corruption_ctrl,NIC,2024,-1.4326926
corruption_ctrl,NIC,2023,-1.25988029999999
corruption_ctrl,NIC,2022,-1.2447097
corruption_ctrl,NIC,2021,-1.237514
corruption_ctrl,NIC,2020,-1.1373893
corruption_ctrl,NIC,2019,-1.2048569
corruption_ctrl,NIC,2018,-1.2181897
corruption_ctrl,NIC,2017,-1.0961543
corruption_ctrl,NIC,2016,-1.094141
corruption_ctrl,NIC,2015,-1.01658009999999
corruption_ctrl,NIC,2014,-0.9953873
corruption_ctrl,NER,2024,-0.6169138
corruption_ctrl,NER,2023,-0.517433
corruption_ctrl,NER,2022,-0.5631731
corruption_ctrl,NER,2021,-0.5632509
corruption_ctrl,NER,2020,-0.529990899999999
corruption_ctrl,NER,2019,-0.43883679999999903
corruption_ctrl,NER,2018,-0.4471908
corruption_ctrl,NER,2017,-0.4352048
corruption_ctrl,NER,2016,-0.4203841
corruption_ctrl,NER,2015,-0.43071159999999997
corruption_ctrl,NER,2014,-0.4434815
corruption_ctrl,NGA,2024,-1.1145909
corruption_ctrl,NGA,2023,-1.098731
corruption_ctrl,NGA,2022,-1.225087
corruption_ctrl,NGA,2021,-1.1909306
corruption_ctrl,NGA,2020,-1.1178348
corruption_ctrl,NGA,2019,-1.1258493999999999
corruption_ctrl,NGA,2018,-1.1452871
corruption_ctrl,NGA,2017,-1.14439619999999
corruption_ctrl,NGA,2016,-1.0910815
corruption_ctrl,NGA,2015,-1.1613946
corruption_ctrl,NGA,2014,-1.29811949999999
corruption_ctrl,MKD,2024,-0.3292214
corruption_ctrl,MKD,2023,-0.3541776
corruption_ctrl,MKD,2022,-0.332673
corruption_ctrl,MKD,2021,-0.3856405
corruption_ctrl,MKD,2020,-0.456976999999999
corruption_ctrl,MKD,2019,-0.460025199999999
corruption_ctrl,MKD,2018,-0.34085719999999903
corruption_ctrl,MKD,2017,-0.2620741
corruption_ctrl,MKD,2016,-0.295904899999999
corruption_ctrl,MKD,2015,-0.3062159
corruption_ctrl,MKD,2014,-0.145443799999999
corruption_ctrl,NOR,2024,1.9610085
corruption_ctrl,NOR,2023,2.0745237
corruption_ctrl,NOR,2022,2.0332101
corruption_ctrl,NOR,2021,2.070812
corruption_ctrl,NOR,2020,2.0836375
corruption_ctrl,NOR,2019,2.0603725
corruption_ctrl,NOR,2018,2.0857026
corruption_ctrl,NOR,2017,2.1682749
corruption_ctrl,NOR,2016,2.1206565
corruption_ctrl,NOR,2015,2.1755199
corruption_ctrl,NOR,2014,2.1311201
corruption_ctrl,OMN,2024,0.5072492
corruption_ctrl,OMN,2023,0.227724
corruption_ctrl,OMN,2022,0.0212395
corruption_ctrl,OMN,2021,0.0233919
corruption_ctrl,OMN,2020,0.0239194
corruption_ctrl,OMN,2019,0.1612579
corruption_ctrl,OMN,2018,-0.0203366
corruption_ctrl,OMN,2017,-0.0211191
corruption_ctrl,OMN,2016,-0.020659
corruption_ctrl,OMN,2015,-0.0016798
corruption_ctrl,OMN,2014,0.0116479
corruption_ctrl,PAK,2024,-1.0656237
corruption_ctrl,PAK,2023,-1.0461855
corruption_ctrl,PAK,2022,-0.9459689
corruption_ctrl,PAK,2021,-0.906181199999999
corruption_ctrl,PAK,2020,-0.9370003
corruption_ctrl,PAK,2019,-0.9714617
corruption_ctrl,PAK,2018,-0.9640896
corruption_ctrl,PAK,2017,-0.935033999999999
corruption_ctrl,PAK,2016,-0.9729255
corruption_ctrl,PAK,2015,-0.981116999999999
corruption_ctrl,PAK,2014,-1.0043761
corruption_ctrl,PLW,2024,0.5049337
corruption_ctrl,PLW,2023,0.443007
corruption_ctrl,PLW,2022,0.4459534
corruption_ctrl,PLW,2021,0.4468112
corruption_ctrl,PLW,2020,0.449309
corruption_ctrl,PLW,2019,0.4480263
corruption_ctrl,PLW,2018,0.4429214
corruption_ctrl,PLW,2017,0.4392161
corruption_ctrl,PLW,2016,0.4413946
corruption_ctrl,PLW,2015,0.4974376
corruption_ctrl,PLW,2014,-0.242259199999999
corruption_ctrl,PAN,2024,-0.5541186
corruption_ctrl,PAN,2023,-0.566951499999999
corruption_ctrl,PAN,2022,-0.56292659999999894
corruption_ctrl,PAN,2021,-0.5235702
corruption_ctrl,PAN,2020,-0.5190072
corruption_ctrl,PAN,2019,-0.543706599999999
corruption_ctrl,PAN,2018,-0.5480745
corruption_ctrl,PAN,2017,-0.558947899999999
corruption_ctrl,PAN,2016,-0.5035567
corruption_ctrl,PAN,2015,-0.424039399999999
corruption_ctrl,PAN,2014,-0.3942406
corruption_ctrl,PNG,2024,-0.7973513
corruption_ctrl,PNG,2023,-0.6018212
corruption_ctrl,PNG,2022,-0.588226999999999
corruption_ctrl,PNG,2021,-0.6567906
corruption_ctrl,PNG,2020,-0.5484433
corruption_ctrl,PNG,2019,-0.987122899999999
corruption_ctrl,PNG,2018,-0.940001
corruption_ctrl,PNG,2017,-0.9946183
corruption_ctrl,PNG,2016,-0.984655
corruption_ctrl,PNG,2015,-0.9734974
corruption_ctrl,PNG,2014,-0.9742497
corruption_ctrl,PRY,2024,-1.0248859
corruption_ctrl,PRY,2023,-1.0149203
corruption_ctrl,PRY,2022,-0.953862099999999
corruption_ctrl,PRY,2021,-0.905500299999999
corruption_ctrl,PRY,2020,-0.8101421
corruption_ctrl,PRY,2019,-0.8760395
corruption_ctrl,PRY,2018,-0.8709501
corruption_ctrl,PRY,2017,-0.8291544
corruption_ctrl,PRY,2016,-0.8070807
corruption_ctrl,PRY,2015,-0.951100899999999
corruption_ctrl,PRY,2014,-0.9760553
corruption_ctrl,PER,2024,-0.7203896
corruption_ctrl,PER,2023,-0.6654876
corruption_ctrl,PER,2022,-0.641561199999999
corruption_ctrl,PER,2021,-0.509709
corruption_ctrl,PER,2020,-0.4980887
corruption_ctrl,PER,2019,-0.490189
corruption_ctrl,PER,2018,-0.5877892
corruption_ctrl,PER,2017,-0.593187599999999
corruption_ctrl,PER,2016,-0.5112656
corruption_ctrl,PER,2015,-0.5919962
corruption_ctrl,PER,2014,-0.5816106
corruption_ctrl,PHL,2024,-0.5766165
corruption_ctrl,PHL,2023,-0.5690313
corruption_ctrl,PHL,2022,-0.5774689
corruption_ctrl,PHL,2021,-0.5743865
corruption_ctrl,PHL,2020,-0.5392618
corruption_ctrl,PHL,2019,-0.6111557
corruption_ctrl,PHL,2018,-0.6388345
corruption_ctrl,PHL,2017,-0.636865
corruption_ctrl,PHL,2016,-0.613111
corruption_ctrl,PHL,2015,-0.590425299999999
corruption_ctrl,PHL,2014,-0.5826913
corruption_ctrl,POL,2024,0.794073
corruption_ctrl,POL,2023,0.7534838
corruption_ctrl,POL,2022,0.6673922
corruption_ctrl,POL,2021,0.6869719
corruption_ctrl,POL,2020,0.7442004
corruption_ctrl,POL,2019,0.7162582
corruption_ctrl,POL,2018,0.776821
corruption_ctrl,POL,2017,0.8294474
corruption_ctrl,POL,2016,0.8706559
corruption_ctrl,POL,2015,0.8356935
corruption_ctrl,POL,2014,0.773833
corruption_ctrl,PRT,2024,0.8241683
corruption_ctrl,PRT,2023,0.7848198
corruption_ctrl,PRT,2022,0.7860609
corruption_ctrl,PRT,2021,0.8188182
corruption_ctrl,PRT,2020,0.795911
corruption_ctrl,PRT,2019,0.7971215
corruption_ctrl,PRT,2018,0.803067
corruption_ctrl,PRT,2017,0.8191801
corruption_ctrl,PRT,2016,0.7134054
corruption_ctrl,PRT,2015,0.7238455
corruption_ctrl,PRT,2014,0.6840178
corruption_ctrl,PRI,2024,0.3976986
corruption_ctrl,PRI,2023,0.3527223
corruption_ctrl,PRI,2022,0.4768446
corruption_ctrl,PRI,2021,0.5017099
corruption_ctrl,PRI,2020,0.2833466
corruption_ctrl,PRI,2019,0.2828827
corruption_ctrl,PRI,2018,0.2420261
corruption_ctrl,PRI,2017,0.2407217
corruption_ctrl,PRI,2016,0.2525954
corruption_ctrl,PRI,2015,0.2515234
corruption_ctrl,PRI,2014,0.4739515
corruption_ctrl,QAT,2024,0.7548293
corruption_ctrl,QAT,2023,0.7757739
corruption_ctrl,QAT,2022,0.8197673
corruption_ctrl,QAT,2021,0.8394432
corruption_ctrl,QAT,2020,0.8746817
corruption_ctrl,QAT,2019,0.8776184
corruption_ctrl,QAT,2018,0.7493739
corruption_ctrl,QAT,2017,0.7457912
corruption_ctrl,QAT,2016,0.8601436
corruption_ctrl,QAT,2015,0.8450167
corruption_ctrl,QAT,2014,0.8617689
corruption_ctrl,ROU,2024,0.0259732
corruption_ctrl,ROU,2023,0.0314923
corruption_ctrl,ROU,2022,0.0662149
corruption_ctrl,ROU,2021,0.0096051
corruption_ctrl,ROU,2020,-0.0497221
corruption_ctrl,ROU,2019,-0.1199219
corruption_ctrl,ROU,2018,-0.168955
corruption_ctrl,ROU,2017,-0.0489883999999999
corruption_ctrl,ROU,2016,-0.0698652
corruption_ctrl,ROU,2015,-0.0980376999999999
corruption_ctrl,ROU,2014,-0.2306942
corruption_ctrl,RUS,2024,-0.8911386
corruption_ctrl,RUS,2023,-0.8877345
corruption_ctrl,RUS,2022,-0.772806099999999
corruption_ctrl,RUS,2021,-0.7788442
corruption_ctrl,RUS,2020,-0.7746533
corruption_ctrl,RUS,2019,-0.7696119
corruption_ctrl,RUS,2018,-0.888736499999999
corruption_ctrl,RUS,2017,-0.9134357
corruption_ctrl,RUS,2016,-0.8264543
corruption_ctrl,RUS,2015,-0.913436199999999
corruption_ctrl,RUS,2014,-0.887628899999999
corruption_ctrl,RWA,2024,0.6254936
corruption_ctrl,RWA,2023,0.6808504
corruption_ctrl,RWA,2022,0.5279544
corruption_ctrl,RWA,2021,0.4694992
corruption_ctrl,RWA,2020,0.5134655
corruption_ctrl,RWA,2019,0.4520132
corruption_ctrl,RWA,2018,0.4362084
corruption_ctrl,RWA,2017,0.5061897
corruption_ctrl,RWA,2016,0.5807531
corruption_ctrl,RWA,2015,0.5000821
corruption_ctrl,RWA,2014,0.4896227
corruption_ctrl,WSM,2024,0.6881137
corruption_ctrl,WSM,2023,0.8188682
corruption_ctrl,WSM,2022,0.7661609
corruption_ctrl,WSM,2021,0.7667536
corruption_ctrl,WSM,2020,0.8109135
corruption_ctrl,WSM,2019,0.6220257
corruption_ctrl,WSM,2018,0.618417
corruption_ctrl,WSM,2017,0.6157976
corruption_ctrl,WSM,2016,0.1887409
corruption_ctrl,WSM,2015,0.1792839
corruption_ctrl,WSM,2014,0.1770585
corruption_ctrl,SMR,2024,1.1762344
corruption_ctrl,SMR,2023,1.1733125
corruption_ctrl,SMR,2022,1.1763452
corruption_ctrl,SMR,2021,1.1772281
corruption_ctrl,SMR,2020,1.1797991
corruption_ctrl,SMR,2019,1.1784788
corruption_ctrl,SMR,2018,1.1732244
corruption_ctrl,SMR,2017,1.1694105
corruption_ctrl,SMR,2016,1.1716528
corruption_ctrl,SMR,2015,1.1685187
corruption_ctrl,SMR,2014,NA
corruption_ctrl,STP,2024,0.1841644
corruption_ctrl,STP,2023,0.1218554
corruption_ctrl,STP,2022,0.1448531
corruption_ctrl,STP,2021,0.1620477
corruption_ctrl,STP,2020,0.0892524
corruption_ctrl,STP,2019,0.1759771
corruption_ctrl,STP,2018,0.1565474
corruption_ctrl,STP,2017,0.0961283999999999
corruption_ctrl,STP,2016,-0.1169146
corruption_ctrl,STP,2015,-0.0797689999999999
corruption_ctrl,STP,2014,-0.0806894
corruption_ctrl,SAU,2024,0.7528275
corruption_ctrl,SAU,2023,0.476953
corruption_ctrl,SAU,2022,0.2767396
corruption_ctrl,SAU,2021,0.23652309999999999
corruption_ctrl,SAU,2020,0.32153
corruption_ctrl,SAU,2019,0.2130276
corruption_ctrl,SAU,2018,0.1556309
corruption_ctrl,SAU,2017,0.1100011
corruption_ctrl,SAU,2016,0.1203849
corruption_ctrl,SAU,2015,-0.140992099999999
corruption_ctrl,SAU,2014,-0.2508778
corruption_ctrl,SEN,2024,0.1130413
corruption_ctrl,SEN,2023,0.0381077
corruption_ctrl,SEN,2022,0.0169424
corruption_ctrl,SEN,2021,0.0360917
corruption_ctrl,SEN,2020,-0.0155587
corruption_ctrl,SEN,2019,-3.28699999999999e-4
corruption_ctrl,SEN,2018,0.0271111
corruption_ctrl,SEN,2017,-0.0177432
corruption_ctrl,SEN,2016,0.0315258
corruption_ctrl,SEN,2015,0.0806390999999999
corruption_ctrl,SEN,2014,0.03561
corruption_ctrl,SRB,2024,-0.5608287
corruption_ctrl,SRB,2023,-0.501692
corruption_ctrl,SRB,2022,-0.484904899999999
corruption_ctrl,SRB,2021,-0.4707878
corruption_ctrl,SRB,2020,-0.3682278
corruption_ctrl,SRB,2019,-0.3635548
corruption_ctrl,SRB,2018,-0.386952199999999
corruption_ctrl,SRB,2017,-0.408215599999999
corruption_ctrl,SRB,2016,-0.3507415
corruption_ctrl,SRB,2015,-0.3238735
corruption_ctrl,SRB,2014,-0.2208569
corruption_ctrl,SYC,2024,1.2307957
corruption_ctrl,SYC,2023,1.151735
corruption_ctrl,SYC,2022,1.1495314
corruption_ctrl,SYC,2021,1.1441374
corruption_ctrl,SYC,2020,1.1448063
corruption_ctrl,SYC,2019,1.0734136
corruption_ctrl,SYC,2018,0.8163729
corruption_ctrl,SYC,2017,0.7220791
corruption_ctrl,SYC,2016,0.9114965
corruption_ctrl,SYC,2015,0.9238577
corruption_ctrl,SYC,2014,0.4713108
corruption_ctrl,SLE,2024,-0.702284199999999
corruption_ctrl,SLE,2023,-0.568678999999999
corruption_ctrl,SLE,2022,-0.5533309
corruption_ctrl,SLE,2021,-0.478002999999999
corruption_ctrl,SLE,2020,-0.4611415
corruption_ctrl,SLE,2019,-0.512898499999999
corruption_ctrl,SLE,2018,-0.5315771
corruption_ctrl,SLE,2017,-0.6651075
corruption_ctrl,SLE,2016,-0.826636199999999
corruption_ctrl,SLE,2015,-0.7988086
corruption_ctrl,SLE,2014,-0.8422333
corruption_ctrl,SGP,2024,1.9681221
corruption_ctrl,SGP,2023,1.9240956
corruption_ctrl,SGP,2022,2.0329943
corruption_ctrl,SGP,2021,2.0800635
corruption_ctrl,SGP,2020,2.1272918
corruption_ctrl,SGP,2019,2.1188705
corruption_ctrl,SGP,2018,2.1254362
corruption_ctrl,SGP,2017,2.1125052
corruption_ctrl,SGP,2016,2.1044197
corruption_ctrl,SGP,2015,2.0799858
corruption_ctrl,SGP,2014,2.0560463
corruption_ctrl,SVK,2024,0.1108201
corruption_ctrl,SVK,2023,0.3846188
corruption_ctrl,SVK,2022,0.3774853
corruption_ctrl,SVK,2021,0.3575001
corruption_ctrl,SVK,2020,0.4197316
corruption_ctrl,SVK,2019,0.2499712
corruption_ctrl,SVK,2018,0.26406
corruption_ctrl,SVK,2017,0.2266169
corruption_ctrl,SVK,2016,0.2841166
corruption_ctrl,SVK,2015,0.192681
corruption_ctrl,SVK,2014,0.1860971
corruption_ctrl,SVN,2024,0.6743495
corruption_ctrl,SVN,2023,0.6814999
corruption_ctrl,SVN,2022,0.7480799
corruption_ctrl,SVN,2021,0.6986582
corruption_ctrl,SVN,2020,0.7760206
corruption_ctrl,SVN,2019,0.848482
corruption_ctrl,SVN,2018,0.819582
corruption_ctrl,SVN,2017,0.7942102
corruption_ctrl,SVN,2016,0.7620923
corruption_ctrl,SVN,2015,0.6575394
corruption_ctrl,SVN,2014,0.6036712
corruption_ctrl,SLB,2024,-0.1401036
corruption_ctrl,SLB,2023,-0.1764808
corruption_ctrl,SLB,2022,-0.1752124
corruption_ctrl,SLB,2021,-0.1748432
corruption_ctrl,SLB,2020,-0.0256466
corruption_ctrl,SLB,2019,4.546e-4
corruption_ctrl,SLB,2018,-0.1478206
corruption_ctrl,SLB,2017,-0.1494384
corruption_ctrl,SLB,2016,-0.4109498
corruption_ctrl,SLB,2015,-0.4012117
corruption_ctrl,SLB,2014,-0.3998249
corruption_ctrl,SOM,2024,-1.7861136
corruption_ctrl,SOM,2023,-1.61685259999999
corruption_ctrl,SOM,2022,-1.59878449999999
corruption_ctrl,SOM,2021,-1.6031075
corruption_ctrl,SOM,2020,-1.5494727
corruption_ctrl,SOM,2019,-1.6343465
corruption_ctrl,SOM,2018,-1.80642059999999
corruption_ctrl,SOM,2017,-1.721871
corruption_ctrl,SOM,2016,-1.7350014
corruption_ctrl,SOM,2015,-1.7297878
corruption_ctrl,SOM,2014,-1.73994569999999
corruption_ctrl,ZAF,2024,-0.191792799999999
corruption_ctrl,ZAF,2023,-0.2095917
corruption_ctrl,ZAF,2022,-0.1634734
corruption_ctrl,ZAF,2021,0.0645613
corruption_ctrl,ZAF,2020,0.0256677
corruption_ctrl,ZAF,2019,0.0349803
corruption_ctrl,ZAF,2018,-0.0473417999999999
corruption_ctrl,ZAF,2017,-0.079866399999999907
corruption_ctrl,ZAF,2016,0.0306383
corruption_ctrl,ZAF,2015,0.0114254
corruption_ctrl,ZAF,2014,-0.0143828
corruption_ctrl,SSD,2024,-2.0647211
corruption_ctrl,SSD,2023,-1.87741769999999
corruption_ctrl,SSD,2022,-1.861122
corruption_ctrl,SSD,2021,-1.82343179999999
corruption_ctrl,SSD,2020,-1.80683669999999
corruption_ctrl,SSD,2019,-1.8861426
corruption_ctrl,SSD,2018,-1.8304337
corruption_ctrl,SSD,2017,-1.7562035
corruption_ctrl,SSD,2016,-1.7919554
corruption_ctrl,SSD,2015,-1.77074769999999
corruption_ctrl,SSD,2014,-1.71827969999999
corruption_ctrl,ESP,2024,0.7145938
corruption_ctrl,ESP,2023,0.7395223
corruption_ctrl,ESP,2022,0.7816745
corruption_ctrl,ESP,2021,0.8120886
corruption_ctrl,ESP,2020,0.8309019
corruption_ctrl,ESP,2019,0.8202611
corruption_ctrl,ESP,2018,0.7455087
corruption_ctrl,ESP,2017,0.5939905
corruption_ctrl,ESP,2016,0.6246332
corruption_ctrl,ESP,2015,0.5903482
corruption_ctrl,ESP,2014,0.5991782
corruption_ctrl,LKA,2024,-0.384770899999999
corruption_ctrl,LKA,2023,-0.3868314
corruption_ctrl,LKA,2022,-0.3533578
corruption_ctrl,LKA,2021,-0.3367364
corruption_ctrl,LKA,2020,-0.2760375
corruption_ctrl,LKA,2019,-0.1639347
corruption_ctrl,LKA,2018,-0.2047049
corruption_ctrl,LKA,2017,-0.307832799999999
corruption_ctrl,LKA,2016,-0.2510246
corruption_ctrl,LKA,2015,-0.3413605
corruption_ctrl,LKA,2014,-0.4501459
corruption_ctrl,KNA,2024,0.3480989
corruption_ctrl,KNA,2023,0.3519798
corruption_ctrl,KNA,2022,0.3109783
corruption_ctrl,KNA,2021,0.352033
corruption_ctrl,KNA,2020,0.3247512
corruption_ctrl,KNA,2019,0.324202
corruption_ctrl,KNA,2018,0.4031973
corruption_ctrl,KNA,2017,0.4660328
corruption_ctrl,KNA,2016,0.4304457
corruption_ctrl,KNA,2015,0.429142
corruption_ctrl,KNA,2014,-0.0834636
corruption_ctrl,LCA,2024,0.4492828
corruption_ctrl,LCA,2023,0.3771938
corruption_ctrl,LCA,2022,0.3713679
corruption_ctrl,LCA,2021,0.370132
corruption_ctrl,LCA,2020,0.37834
corruption_ctrl,LCA,2019,0.4745651
corruption_ctrl,LCA,2018,0.4535507
corruption_ctrl,LCA,2017,0.5017334
corruption_ctrl,LCA,2016,0.5712704
corruption_ctrl,LCA,2015,0.5702666
corruption_ctrl,LCA,2014,0.3501512
corruption_ctrl,VCT,2024,0.7050204
corruption_ctrl,VCT,2023,0.7112575
corruption_ctrl,VCT,2022,0.7243711
corruption_ctrl,VCT,2021,0.7401119
corruption_ctrl,VCT,2020,0.7606733
corruption_ctrl,VCT,2019,0.7602069
corruption_ctrl,VCT,2018,0.7531367
corruption_ctrl,VCT,2017,0.7018791
corruption_ctrl,VCT,2016,0.6777104
corruption_ctrl,VCT,2015,0.6766032
corruption_ctrl,VCT,2014,0.6052154
corruption_ctrl,SDN,2024,-1.557432
corruption_ctrl,SDN,2023,-1.4513517
corruption_ctrl,SDN,2022,-1.4462818
corruption_ctrl,SDN,2021,-1.292527
corruption_ctrl,SDN,2020,-1.3828975
corruption_ctrl,SDN,2019,-1.47108899999999
corruption_ctrl,SDN,2018,-1.5184609
corruption_ctrl,SDN,2017,-1.480461
corruption_ctrl,SDN,2016,-1.4810828
corruption_ctrl,SDN,2015,-1.4808042
corruption_ctrl,SDN,2014,-1.5461064
corruption_ctrl,SUR,2024,-0.3768745
corruption_ctrl,SUR,2023,-0.3292402
corruption_ctrl,SUR,2022,-0.308943099999999
corruption_ctrl,SUR,2021,-0.311597299999999
corruption_ctrl,SUR,2020,-0.3026185
corruption_ctrl,SUR,2019,-0.281896
corruption_ctrl,SUR,2018,-0.2886333
corruption_ctrl,SUR,2017,-0.195415199999999
corruption_ctrl,SUR,2016,-0.1787366
corruption_ctrl,SUR,2015,-0.202065
corruption_ctrl,SUR,2014,-0.3215014
corruption_ctrl,SWE,2024,1.9676051
corruption_ctrl,SWE,2023,1.9804259
corruption_ctrl,SWE,2022,2.0255279
corruption_ctrl,SWE,2021,2.0899139
corruption_ctrl,SWE,2020,2.1337232
corruption_ctrl,SWE,2019,2.1292113
corruption_ctrl,SWE,2018,2.1157895
corruption_ctrl,SWE,2017,2.1093078
corruption_ctrl,SWE,2016,2.1058509
corruption_ctrl,SWE,2015,2.0948719
corruption_ctrl,SWE,2014,2.0070816
corruption_ctrl,CHE,2024,2.0072184
corruption_ctrl,CHE,2023,2.0972439
corruption_ctrl,CHE,2022,2.0949429
corruption_ctrl,CHE,2021,2.1059546
corruption_ctrl,CHE,2020,2.2868791
corruption_ctrl,CHE,2019,2.3009699
corruption_ctrl,CHE,2018,2.2937762
corruption_ctrl,CHE,2017,2.3027582
corruption_ctrl,CHE,2016,2.2830399
corruption_ctrl,CHE,2015,2.2702247
corruption_ctrl,CHE,2014,2.2607465
corruption_ctrl,SYR,2024,-1.70162709999999
corruption_ctrl,SYR,2023,-1.7817933
corruption_ctrl,SYR,2022,-1.79243509999999
corruption_ctrl,SYR,2021,-1.79070699999999
corruption_ctrl,SYR,2020,-1.6873687
corruption_ctrl,SYR,2019,-1.6558161
corruption_ctrl,SYR,2018,-1.5912541
corruption_ctrl,SYR,2017,-1.5920556
corruption_ctrl,SYR,2016,-1.5915844
corruption_ctrl,SYR,2015,-1.5307718
corruption_ctrl,SYR,2014,-1.5306381
corruption_ctrl,TJK,2024,-1.21775639999999
corruption_ctrl,TJK,2023,-1.1236074
corruption_ctrl,TJK,2022,-1.1230133
corruption_ctrl,TJK,2021,-1.0874541
corruption_ctrl,TJK,2020,-1.083847
corruption_ctrl,TJK,2019,-1.27219939999999
corruption_ctrl,TJK,2018,-1.3482752
corruption_ctrl,TJK,2017,-1.2132801
corruption_ctrl,TJK,2016,-1.1861023
corruption_ctrl,TJK,2015,-1.2043521
corruption_ctrl,TJK,2014,-1.2400034
corruption_ctrl,TZA,2024,-0.2941052
corruption_ctrl,TZA,2023,-0.346236
corruption_ctrl,TZA,2022,-0.3590925
corruption_ctrl,TZA,2021,-0.351543
corruption_ctrl,TZA,2020,-0.2540505
corruption_ctrl,TZA,2019,-0.2829332
corruption_ctrl,TZA,2018,-0.3396123
corruption_ctrl,TZA,2017,-0.3504596
corruption_ctrl,TZA,2016,-0.4354617
corruption_ctrl,TZA,2015,-0.5825641
corruption_ctrl,TZA,2014,-0.6311616
corruption_ctrl,THA,2024,-0.5273456
corruption_ctrl,THA,2023,-0.439334199999999
corruption_ctrl,THA,2022,-0.403978499999999
corruption_ctrl,THA,2021,-0.3893452
corruption_ctrl,THA,2020,-0.3820186
corruption_ctrl,THA,2019,-0.3854632
corruption_ctrl,THA,2018,-0.3729339
corruption_ctrl,THA,2017,-0.3709316
corruption_ctrl,THA,2016,-0.408719499999999
corruption_ctrl,THA,2015,-0.5473428
corruption_ctrl,THA,2014,-0.446293599999999
corruption_ctrl,TLS,2024,-0.3775174
corruption_ctrl,TLS,2023,-0.4265439
corruption_ctrl,TLS,2022,-0.4506594
corruption_ctrl,TLS,2021,-0.3019067
corruption_ctrl,TLS,2020,-0.424278699999999
corruption_ctrl,TLS,2019,-0.438596799999999
corruption_ctrl,TLS,2018,-0.5893993
corruption_ctrl,TLS,2017,-0.6807561
corruption_ctrl,TLS,2016,-0.6402264
corruption_ctrl,TLS,2015,-0.646685699999999
corruption_ctrl,TLS,2014,-0.6498965
corruption_ctrl,TGO,2024,-0.6633762
corruption_ctrl,TGO,2023,-0.5879504
corruption_ctrl,TGO,2022,-0.630985799999999
corruption_ctrl,TGO,2021,-0.6519768
corruption_ctrl,TGO,2020,-0.644805899999999
corruption_ctrl,TGO,2019,-0.7066703
corruption_ctrl,TGO,2018,-0.7549576
corruption_ctrl,TGO,2017,-0.7306167
corruption_ctrl,TGO,2016,-0.6534352
corruption_ctrl,TGO,2015,-0.6308001
corruption_ctrl,TGO,2014,-0.791632799999999
corruption_ctrl,TON,2024,-0.3992192
corruption_ctrl,TON,2023,-0.4947162
corruption_ctrl,TON,2022,-0.496913
corruption_ctrl,TON,2021,-0.3427691
corruption_ctrl,TON,2020,-0.2816956
corruption_ctrl,TON,2019,-0.4390652
corruption_ctrl,TON,2018,-0.0849916
corruption_ctrl,TON,2017,-0.236292099999999
corruption_ctrl,TON,2016,-0.592089299999999
corruption_ctrl,TON,2015,-0.593882599999999
corruption_ctrl,TON,2014,-0.5841786
corruption_ctrl,TTO,2024,-0.339819
corruption_ctrl,TTO,2023,-0.3161967
corruption_ctrl,TTO,2022,-0.2989622
corruption_ctrl,TTO,2021,-0.2305843
corruption_ctrl,TTO,2020,-0.1941792
corruption_ctrl,TTO,2019,-0.2006209
corruption_ctrl,TTO,2018,-0.2775407
corruption_ctrl,TTO,2017,-0.259017
corruption_ctrl,TTO,2016,-0.256357599999999
corruption_ctrl,TTO,2015,-0.2917364
corruption_ctrl,TTO,2014,-0.4187145
corruption_ctrl,TUN,2024,-0.220154599999999
corruption_ctrl,TUN,2023,-0.192361099999999
corruption_ctrl,TUN,2022,-0.1992466
corruption_ctrl,TUN,2021,-0.1415165
corruption_ctrl,TUN,2020,-0.019263
corruption_ctrl,TUN,2019,-0.0286669999999999
corruption_ctrl,TUN,2018,0.00133739999999999
corruption_ctrl,TUN,2017,-0.0490023999999999
corruption_ctrl,TUN,2016,-0.0577612999999999
corruption_ctrl,TUN,2015,-0.0143711
corruption_ctrl,TUN,2014,0.012509
corruption_ctrl,TUR,2024,-0.5632153
corruption_ctrl,TUR,2023,-0.4374572
corruption_ctrl,TUR,2022,-0.4324578
corruption_ctrl,TUR,2021,-0.3992138
corruption_ctrl,TUR,2020,-0.3242268
corruption_ctrl,TUR,2019,-0.1801871
corruption_ctrl,TUR,2018,-0.2317166
corruption_ctrl,TUR,2017,-0.0665516
corruption_ctrl,TUR,2016,-0.0845918
corruption_ctrl,TUR,2015,-0.1063785
corruption_ctrl,TUR,2014,-0.1089047
corruption_ctrl,TKM,2024,-1.297223
corruption_ctrl,TKM,2023,-1.350058
corruption_ctrl,TKM,2022,-1.360439
corruption_ctrl,TKM,2021,-1.36021099999999
corruption_ctrl,TKM,2020,-1.3595471
corruption_ctrl,TKM,2019,-1.362369
corruption_ctrl,TKM,2018,-1.4516946
corruption_ctrl,TKM,2017,-1.4526795
corruption_ctrl,TKM,2016,-1.464505
corruption_ctrl,TKM,2015,-1.4615973
corruption_ctrl,TKM,2014,-1.4626017
corruption_ctrl,TUV,2024,0.5787137
corruption_ctrl,TUV,2023,0.2425155
corruption_ctrl,TUV,2022,0.2445984
corruption_ctrl,TUV,2021,0.2034342
corruption_ctrl,TUV,2020,0.2051999
corruption_ctrl,TUV,2019,0.3922741
corruption_ctrl,TUV,2018,-0.0399314
corruption_ctrl,TUV,2017,-0.0425507
corruption_ctrl,TUV,2016,-0.0410107
corruption_ctrl,TUV,2015,-0.0431632
corruption_ctrl,TUV,2014,-0.0458344
corruption_ctrl,UGA,2024,-1.11616729999999
corruption_ctrl,UGA,2023,-0.996690299999999
corruption_ctrl,UGA,2022,-0.9890036
corruption_ctrl,UGA,2021,-0.9322359
corruption_ctrl,UGA,2020,-0.936142199999999
corruption_ctrl,UGA,2019,-1.1024791
corruption_ctrl,UGA,2018,-1.0296281
corruption_ctrl,UGA,2017,-1.0168329
corruption_ctrl,UGA,2016,-0.9946961
corruption_ctrl,UGA,2015,-1.0129557
corruption_ctrl,UGA,2014,-0.988474499999999
corruption_ctrl,UKR,2024,-0.6723809
corruption_ctrl,UKR,2023,-0.7242773
corruption_ctrl,UKR,2022,-0.683771799999999
corruption_ctrl,UKR,2021,-0.8040912
corruption_ctrl,UKR,2020,-0.830952599999999
corruption_ctrl,UKR,2019,-0.782195
corruption_ctrl,UKR,2018,-0.9896988
corruption_ctrl,UKR,2017,-0.953207199999999
corruption_ctrl,UKR,2016,-1.0150766
corruption_ctrl,UKR,2015,-1.0636259
corruption_ctrl,UKR,2014,-1.0708377
corruption_ctrl,ARE,2024,1.1702182
corruption_ctrl,ARE,2023,0.9918577
corruption_ctrl,ARE,2022,1.0223468
corruption_ctrl,ARE,2021,1.0349829
corruption_ctrl,ARE,2020,1.0614313
corruption_ctrl,ARE,2019,1.0878297
corruption_ctrl,ARE,2018,1.0948106
corruption_ctrl,ARE,2017,1.0762151
corruption_ctrl,ARE,2016,1.1064348
corruption_ctrl,ARE,2015,0.9199437
corruption_ctrl,ARE,2014,0.9856797
corruption_ctrl,GBR,2024,1.5097548
corruption_ctrl,GBR,2023,1.4745753
corruption_ctrl,GBR,2022,1.6352771
corruption_ctrl,GBR,2021,1.6641761
corruption_ctrl,GBR,2020,1.7210258
corruption_ctrl,GBR,2019,1.7674285
corruption_ctrl,GBR,2018,1.8043714
corruption_ctrl,GBR,2017,1.8161165
corruption_ctrl,GBR,2016,1.7599161
corruption_ctrl,GBR,2015,1.6542704
corruption_ctrl,GBR,2014,1.5201669
corruption_ctrl,USA,2024,1.0868914
corruption_ctrl,USA,2023,1.1951066
corruption_ctrl,USA,2022,1.2023562
corruption_ctrl,USA,2021,1.1247591
corruption_ctrl,USA,2020,1.124297
corruption_ctrl,USA,2019,1.1719722
corruption_ctrl,USA,2018,1.2504255
corruption_ctrl,USA,2017,1.3058193
corruption_ctrl,USA,2016,1.2420313
corruption_ctrl,USA,2015,1.2367604
corruption_ctrl,USA,2014,1.2391968
corruption_ctrl,URY,2024,1.5279256
corruption_ctrl,URY,2023,1.5493831
corruption_ctrl,URY,2022,1.6139339
corruption_ctrl,URY,2021,1.6220519
corruption_ctrl,URY,2020,1.5144744
corruption_ctrl,URY,2019,1.3889225
corruption_ctrl,URY,2018,1.3627449
corruption_ctrl,URY,2017,1.3464781
corruption_ctrl,URY,2016,1.3854382
corruption_ctrl,URY,2015,1.2570517
corruption_ctrl,URY,2014,1.288067
corruption_ctrl,UZB,2024,-0.754316299999999
corruption_ctrl,UZB,2023,-0.701745899999999
corruption_ctrl,UZB,2022,-0.699129999999999
corruption_ctrl,UZB,2021,-0.7419446
corruption_ctrl,UZB,2020,-0.835694199999999
corruption_ctrl,UZB,2019,-1.1224344
corruption_ctrl,UZB,2018,-1.2111454
corruption_ctrl,UZB,2017,-1.24484559999999
corruption_ctrl,UZB,2016,-1.2283125
corruption_ctrl,UZB,2015,-1.25906189999999
corruption_ctrl,UZB,2014,-1.2360262
corruption_ctrl,VUT,2024,-0.1506043
corruption_ctrl,VUT,2023,-0.1852979
corruption_ctrl,VUT,2022,-0.135775999999999
corruption_ctrl,VUT,2021,-0.0360087
corruption_ctrl,VUT,2020,-0.0267151
corruption_ctrl,VUT,2019,-0.1851487
corruption_ctrl,VUT,2018,-0.1863588
corruption_ctrl,VUT,2017,-0.0663812
corruption_ctrl,VUT,2016,-0.117948199999999
corruption_ctrl,VUT,2015,-0.0938241
corruption_ctrl,VUT,2014,0.4750184
corruption_ctrl,VEN,2024,-1.58714009999999
corruption_ctrl,VEN,2023,-1.5592697
corruption_ctrl,VEN,2022,-1.603038
corruption_ctrl,VEN,2021,-1.58437079999999
corruption_ctrl,VEN,2020,-1.57832329999999
corruption_ctrl,VEN,2019,-1.5948486
corruption_ctrl,VEN,2018,-1.59491649999999
corruption_ctrl,VEN,2017,-1.4525617
corruption_ctrl,VEN,2016,-1.4158486
corruption_ctrl,VEN,2015,-1.4246938
corruption_ctrl,VEN,2014,-1.4287488
corruption_ctrl,VNM,2024,-0.2516989
corruption_ctrl,VNM,2023,-0.3083958
corruption_ctrl,VNM,2022,-0.2459866
corruption_ctrl,VNM,2021,-0.310677
corruption_ctrl,VNM,2020,-0.3131812
corruption_ctrl,VNM,2019,-0.3621433
corruption_ctrl,VNM,2018,-0.3951053
corruption_ctrl,VNM,2017,-0.4238211
corruption_ctrl,VNM,2016,-0.356688499999999
corruption_ctrl,VNM,2015,-0.3774131
corruption_ctrl,VNM,2014,-0.361941399999999
corruption_ctrl,VIR,2024,-0.0718587
corruption_ctrl,VIR,2023,-0.0747806
corruption_ctrl,VIR,2022,-0.0717478
corruption_ctrl,VIR,2021,-0.0708649
corruption_ctrl,VIR,2020,-0.0682938999999999
corruption_ctrl,VIR,2019,0.5544325
corruption_ctrl,VIR,2018,0.549178
corruption_ctrl,VIR,2017,0.5453642
corruption_ctrl,VIR,2016,0.5476065
corruption_ctrl,VIR,2015,0.5444724
corruption_ctrl,VIR,2014,0.5405831
corruption_ctrl,PSE,2024,-0.5708422
corruption_ctrl,PSE,2023,-0.5990356
corruption_ctrl,PSE,2022,-0.5708588
corruption_ctrl,PSE,2021,-0.5922462
corruption_ctrl,PSE,2020,-0.5368921
corruption_ctrl,PSE,2019,-0.318133699999999
corruption_ctrl,PSE,2018,-0.303765299999999
corruption_ctrl,PSE,2017,-0.3074945
corruption_ctrl,PSE,2016,-0.2822615
corruption_ctrl,PSE,2015,-0.4552156
corruption_ctrl,PSE,2014,-0.4330927
corruption_ctrl,YEM,2024,-1.63587859999999
corruption_ctrl,YEM,2023,-1.6020865
corruption_ctrl,YEM,2022,-1.66627979999999
corruption_ctrl,YEM,2021,-1.5920705
corruption_ctrl,YEM,2020,-1.59971739999999
corruption_ctrl,YEM,2019,-1.7416979
corruption_ctrl,YEM,2018,-1.7530313
corruption_ctrl,YEM,2017,-1.59097469999999
corruption_ctrl,YEM,2016,-1.6101168
corruption_ctrl,YEM,2015,-1.4855019
corruption_ctrl,YEM,2014,-1.50166699999999
corruption_ctrl,ZMB,2024,-0.4568294
corruption_ctrl,ZMB,2023,-0.39812
corruption_ctrl,ZMB,2022,-0.4180775
corruption_ctrl,ZMB,2021,-0.6928953
corruption_ctrl,ZMB,2020,-0.6050749
corruption_ctrl,ZMB,2019,-0.6455711
corruption_ctrl,ZMB,2018,-0.6165275
corruption_ctrl,ZMB,2017,-0.464061199999999
corruption_ctrl,ZMB,2016,-0.423830999999999
corruption_ctrl,ZMB,2015,-0.395175899999999
corruption_ctrl,ZMB,2014,-0.390403499999999
corruption_ctrl,ZWE,2024,-1.2516542
corruption_ctrl,ZWE,2023,-1.1914608
corruption_ctrl,ZWE,2022,-1.1984753
corruption_ctrl,ZWE,2021,-1.1867823
corruption_ctrl,ZWE,2020,-1.1729479
corruption_ctrl,ZWE,2019,-1.28338019999999
corruption_ctrl,ZWE,2018,-1.3111277
corruption_ctrl,ZWE,2017,-1.2922875
corruption_ctrl,ZWE,2016,-1.3004061
corruption_ctrl,ZWE,2015,-1.3029239
corruption_ctrl,ZWE,2014,-1.4973623
pol_stability,AFG,2024,-2.2052112
pol_stability,AFG,2023,-2.3922828
pol_stability,AFG,2022,-2.4492487
pol_stability,AFG,2021,-2.4506389
pol_stability,AFG,2020,-2.5896897
pol_stability,AFG,2019,-2.5893714
pol_stability,AFG,2018,-2.5824048
pol_stability,AFG,2017,-2.61393089999999
pol_stability,AFG,2016,-2.4834928
pol_stability,AFG,2015,-2.48125299999999
pol_stability,AFG,2014,-2.3186705
pol_stability,ALB,2024,0.0204668
pol_stability,ALB,2023,0.0246567
pol_stability,ALB,2022,0.0115425
pol_stability,ALB,2021,0.0239536
pol_stability,ALB,2020,-0.0049854
pol_stability,ALB,2019,0.00437499999999999
pol_stability,ALB,2018,0.1502032
pol_stability,ALB,2017,0.1638298
pol_stability,ALB,2016,0.1659701
pol_stability,ALB,2015,0.1252711
pol_stability,ALB,2014,0.2608816
pol_stability,DZA,2024,-0.6935882
pol_stability,DZA,2023,-0.7317401
pol_stability,DZA,2022,-0.8074555
pol_stability,DZA,2021,-0.9009933
pol_stability,DZA,2020,-0.883733299999999
pol_stability,DZA,2019,-1.06252749999999
pol_stability,DZA,2018,-0.6370211
pol_stability,DZA,2017,-0.929504599999999
pol_stability,DZA,2016,-1.12458449999999
pol_stability,DZA,2015,-1.049624
pol_stability,DZA,2014,-1.1769102
pol_stability,ASM,2024,1.2530285
pol_stability,ASM,2023,1.2488142
pol_stability,ASM,2022,1.2481785
pol_stability,ASM,2021,1.2442687
pol_stability,ASM,2020,1.2465402
pol_stability,ASM,2019,1.2471192
pol_stability,ASM,2018,1.2606571
pol_stability,ASM,2017,1.2555945
pol_stability,ASM,2016,1.2548748
pol_stability,ASM,2015,1.2607488
pol_stability,ASM,2014,1.2631079
pol_stability,AND,2024,1.5437957
pol_stability,AND,2023,1.5502246
pol_stability,AND,2022,1.5497163
pol_stability,AND,2021,1.5465903
pol_stability,AND,2020,1.5484064
pol_stability,AND,2019,1.5488694
pol_stability,AND,2018,1.3290002
pol_stability,AND,2017,1.3250909
pol_stability,AND,2016,1.3245352
pol_stability,AND,2015,1.3290711
pol_stability,AND,2014,1.3308928
pol_stability,AGO,2024,-0.5735964
pol_stability,AGO,2023,-0.3131654
pol_stability,AGO,2022,-0.5414068
pol_stability,AGO,2021,-0.7936068
pol_stability,AGO,2020,-0.6427634
pol_stability,AGO,2019,-0.420703899999999
pol_stability,AGO,2018,-0.4058117
pol_stability,AGO,2017,-0.537214499999999
pol_stability,AGO,2016,-0.434627999999999
pol_stability,AGO,2015,-0.5591026
pol_stability,AGO,2014,-0.5090269
pol_stability,ATG,2024,1.0731489
pol_stability,ATG,2023,1.0791994
pol_stability,ATG,2022,1.0787211
pol_stability,ATG,2021,0.9147636
pol_stability,ATG,2020,0.9164728
pol_stability,ATG,2019,0.9169085
pol_stability,ATG,2018,0.7900001
pol_stability,ATG,2017,0.614623
pol_stability,ATG,2016,0.7403626
pol_stability,ATG,2015,0.9161633
pol_stability,ATG,2014,0.93921
pol_stability,ARG,2024,-0.169745999999999
pol_stability,ARG,2023,-0.0207671
pol_stability,ARG,2022,0.0576438
pol_stability,ARG,2021,0.0921998
pol_stability,ARG,2020,0.0552501
pol_stability,ARG,2019,0.0571577
pol_stability,ARG,2018,0.1204378
pol_stability,ARG,2017,0.2394066
pol_stability,ARG,2016,0.1932708
pol_stability,ARG,2015,-0.0308863
pol_stability,ARG,2014,-0.0132091
pol_stability,ARM,2024,-0.723297299999999
pol_stability,ARM,2023,-0.5022441
pol_stability,ARM,2022,-0.3556235
pol_stability,ARM,2021,-0.5019
pol_stability,ARM,2020,-0.2935835
pol_stability,ARM,2019,0.0683699
pol_stability,ARM,2018,-0.00389009999999999
pol_stability,ARM,2017,-0.3015882
pol_stability,ARM,2016,-0.3896011
pol_stability,ARM,2015,-0.139264399999999
pol_stability,ARM,2014,-0.2358315
pol_stability,ABW,2024,1.3302095
pol_stability,ABW,2023,1.3362003
pol_stability,ABW,2022,1.3357267
pol_stability,ABW,2021,1.3328137
pol_stability,ABW,2020,1.3345061
pol_stability,ABW,2019,1.3349374
pol_stability,ABW,2018,1.3341522
pol_stability,ABW,2017,1.2066651
pol_stability,ABW,2016,1.2062931
pol_stability,ABW,2015,1.209329
pol_stability,ABW,2014,1.2105482
pol_stability,AUS,2024,0.7932693
pol_stability,AUS,2023,0.9254365
pol_stability,AUS,2022,0.9015353
pol_stability,AUS,2021,0.8536507
pol_stability,AUS,2020,0.8859397
pol_stability,AUS,2019,0.8454141
pol_stability,AUS,2018,0.8840942
pol_stability,AUS,2017,0.7831479
pol_stability,AUS,2016,0.9540785
pol_stability,AUS,2015,0.8032474
pol_stability,AUS,2014,1.0196126
pol_stability,AUT,2024,0.4915979
pol_stability,AUT,2023,0.7016405
pol_stability,AUT,2022,0.6005165
pol_stability,AUT,2021,0.7543747
pol_stability,AUT,2020,0.8186312
pol_stability,AUT,2019,0.7878108
pol_stability,AUT,2018,0.8440814
pol_stability,AUT,2017,0.9266955
pol_stability,AUT,2016,0.8951862
pol_stability,AUT,2015,1.1389655
pol_stability,AUT,2014,1.3377971
pol_stability,AZE,2024,-0.1404058
pol_stability,AZE,2023,-0.4004143
pol_stability,AZE,2022,-0.542048099999999
pol_stability,AZE,2021,-0.4888287
pol_stability,AZE,2020,-0.5087721
pol_stability,AZE,2019,-0.3373117
pol_stability,AZE,2018,-0.3567438
pol_stability,AZE,2017,-0.455635299999999
pol_stability,AZE,2016,-0.5043466
pol_stability,AZE,2015,-0.4941808
pol_stability,AZE,2014,-0.433564
pol_stability,BHS,2024,1.0493095
pol_stability,BHS,2023,1.0539708
pol_stability,BHS,2022,0.8592816
pol_stability,BHS,2021,0.7434332
pol_stability,BHS,2020,0.7133519
pol_stability,BHS,2019,0.6927555
pol_stability,BHS,2018,0.7130765
pol_stability,BHS,2017,0.8186672
pol_stability,BHS,2016,0.7974457
pol_stability,BHS,2015,0.7437356
pol_stability,BHS,2014,0.8227482
pol_stability,BHR,2024,-0.2758672
pol_stability,BHR,2023,-0.5007436
pol_stability,BHR,2022,-0.482549599999999
pol_stability,BHR,2021,-0.5041164
pol_stability,BHR,2020,-0.5964745
pol_stability,BHR,2019,-0.603362
pol_stability,BHR,2018,-0.8677102
pol_stability,BHR,2017,-1.0066263
pol_stability,BHR,2016,-0.909807199999999
pol_stability,BHR,2015,-0.9584379
pol_stability,BHR,2014,-1.0441426
pol_stability,BGD,2024,-1.46295089999999
pol_stability,BGD,2023,-1.0359445
pol_stability,BGD,2022,-1.0954422
pol_stability,BGD,2021,-1.0535518
pol_stability,BGD,2020,-1.01518479999999
pol_stability,BGD,2019,-0.996755
pol_stability,BGD,2018,-1.02517179999999
pol_stability,BGD,2017,-1.3289506
pol_stability,BGD,2016,-1.3416192
pol_stability,BGD,2015,-1.331635
pol_stability,BGD,2014,-1.0510112
pol_stability,BRB,2024,1.2722219
pol_stability,BRB,2023,1.2767666
pol_stability,BRB,2022,1.2066625
pol_stability,BRB,2021,1.0845669
pol_stability,BRB,2020,1.0680614
pol_stability,BRB,2019,0.9758945
pol_stability,BRB,2018,0.80028030000000006
pol_stability,BRB,2017,0.8399905
pol_stability,BRB,2016,0.839715
pol_stability,BRB,2015,1.1290517
pol_stability,BRB,2014,1.3382083
pol_stability,BLR,2024,-0.3773003
pol_stability,BLR,2023,-0.392606499999999
pol_stability,BLR,2022,-0.6168791
pol_stability,BLR,2021,-0.616372399999999
pol_stability,BLR,2020,-0.818298499999999
pol_stability,BLR,2019,0.4258145
pol_stability,BLR,2018,0.2676565
pol_stability,BLR,2017,0.0265511
pol_stability,BLR,2016,0.2027723
pol_stability,BLR,2015,0.1165415
pol_stability,BLR,2014,0.1349975
pol_stability,BEL,2024,0.1214526
pol_stability,BEL,2023,0.1994126
pol_stability,BEL,2022,0.2465264
pol_stability,BEL,2021,0.461917
pol_stability,BEL,2020,0.3686413
pol_stability,BEL,2019,0.3774033
pol_stability,BEL,2018,0.4247021
pol_stability,BEL,2017,0.3647602
pol_stability,BEL,2016,0.4864269
pol_stability,BEL,2015,0.6581707
pol_stability,BEL,2014,0.786586
pol_stability,BLZ,2024,0.7847219
pol_stability,BLZ,2023,0.78967
pol_stability,BLZ,2022,0.7353533
pol_stability,BLZ,2021,0.3568757
pol_stability,BLZ,2020,0.6026689
pol_stability,BLZ,2019,0.1334022
pol_stability,BLZ,2018,0.0296183
pol_stability,BLZ,2017,0.0274572
pol_stability,BLZ,2016,0.02715
pol_stability,BLZ,2015,0.0315234
pol_stability,BLZ,2014,0.032488
pol_stability,BEN,2024,-0.4030099
pol_stability,BEN,2023,-0.3096247
pol_stability,BEN,2022,-0.4373008
pol_stability,BEN,2021,-0.4106645
pol_stability,BEN,2020,-0.283192699999999
pol_stability,BEN,2019,-0.197976799999999
pol_stability,BEN,2018,0.1649971
pol_stability,BEN,2017,0.3155886
pol_stability,BEN,2016,0.2420032
pol_stability,BEN,2015,0.117506
pol_stability,BEN,2014,0.1371161
pol_stability,BMU,2024,0.9711697
pol_stability,BMU,2023,0.9788563
pol_stability,BMU,2022,0.9782486
pol_stability,BMU,2021,0.974511
pol_stability,BMU,2020,0.9766825
pol_stability,BMU,2019,0.977236
pol_stability,BMU,2018,0.9762284
pol_stability,BMU,2017,0.8126545
pol_stability,BMU,2016,0.8121773
pol_stability,BMU,2015,0.8160725
pol_stability,BMU,2014,0.8176369
pol_stability,BTN,2024,1.3541153
pol_stability,BTN,2023,1.3322654
pol_stability,BTN,2022,1.3224382
pol_stability,BTN,2021,0.9391838
pol_stability,BTN,2020,1.1154419
pol_stability,BTN,2019,1.1641113
pol_stability,BTN,2018,1.1151798
pol_stability,BTN,2017,1.1177867
pol_stability,BTN,2016,1.1113941
pol_stability,BTN,2015,0.9981818
pol_stability,BTN,2014,1.1573285
pol_stability,BOL,2024,-0.5460357
pol_stability,BOL,2023,-0.289823899999999
pol_stability,BOL,2022,-0.170608899999999
pol_stability,BOL,2021,-0.2859636
pol_stability,BOL,2020,-0.3855901
pol_stability,BOL,2019,-0.7539613
pol_stability,BOL,2018,-0.1913596
pol_stability,BOL,2017,-0.2207409
pol_stability,BOL,2016,-0.2594315
pol_stability,BOL,2015,-0.175327899999999
pol_stability,BOL,2014,-0.2978539
pol_stability,BIH,2024,-0.5010614
pol_stability,BIH,2023,-0.1999229
pol_stability,BIH,2022,-0.248056399999999
pol_stability,BIH,2021,-0.310701599999999
pol_stability,BIH,2020,-0.2690285
pol_stability,BIH,2019,-0.309193899999999
pol_stability,BIH,2018,-0.2895156
pol_stability,BIH,2017,-0.3110983
pol_stability,BIH,2016,-0.3709896
pol_stability,BIH,2015,-0.2551002
pol_stability,BIH,2014,-0.0605189
pol_stability,BWA,2024,1.0322942
pol_stability,BWA,2023,1.0127245
pol_stability,BWA,2022,1.0798421
pol_stability,BWA,2021,1.0572186
pol_stability,BWA,2020,1.0835182
pol_stability,BWA,2019,1.1539103
pol_stability,BWA,2018,0.9948159
pol_stability,BWA,2017,1.0166207
pol_stability,BWA,2016,0.9837653
pol_stability,BWA,2015,1.1318799
pol_stability,BWA,2014,1.1504977
pol_stability,BRA,2024,-0.5205702
pol_stability,BRA,2023,-0.521574099999999
pol_stability,BRA,2022,-0.415796899999999
pol_stability,BRA,2021,-0.3922756
pol_stability,BRA,2020,-0.427421599999999
pol_stability,BRA,2019,-0.722116299999999
pol_stability,BRA,2018,-0.645190399999999
pol_stability,BRA,2017,-0.602133799999999
pol_stability,BRA,2016,-0.5263958
pol_stability,BRA,2015,-0.4959054
pol_stability,BRA,2014,-0.2414052
pol_stability,BRN,2024,1.2027245
pol_stability,BRN,2023,1.3348873
pol_stability,BRN,2022,1.175984
pol_stability,BRN,2021,1.1632013
pol_stability,BRN,2020,1.1645233
pol_stability,BRN,2019,1.0980607
pol_stability,BRN,2018,1.1449838
pol_stability,BRN,2017,1.0788022
pol_stability,BRN,2016,1.0333017
pol_stability,BRN,2015,1.2031979
pol_stability,BRN,2014,1.2566861
pol_stability,BGR,2024,0.0399268
pol_stability,BGR,2023,0.3144686
pol_stability,BGR,2022,0.3269733
pol_stability,BGR,2021,0.4063981
pol_stability,BGR,2020,0.4210468
pol_stability,BGR,2019,0.5788167
pol_stability,BGR,2018,0.592909
pol_stability,BGR,2017,0.4061393
pol_stability,BGR,2016,0.2073039
pol_stability,BGR,2015,0.18239060000000001
pol_stability,BGR,2014,0.242071
pol_stability,BFA,2024,-1.9063314
pol_stability,BFA,2023,-2.0423169
pol_stability,BFA,2022,-1.82102069999999
pol_stability,BFA,2021,-1.5801637
pol_stability,BFA,2020,-1.4159765
pol_stability,BFA,2019,-1.19570659999999
pol_stability,BFA,2018,-0.961889999999999
pol_stability,BFA,2017,-0.855665599999999
pol_stability,BFA,2016,-0.9073878
pol_stability,BFA,2015,-0.6795154
pol_stability,BFA,2014,-0.699829399999999
pol_stability,BDI,2024,-1.3763566
pol_stability,BDI,2023,-1.2840156
pol_stability,BDI,2022,-1.28089529999999
pol_stability,BDI,2021,-1.37835589999999
pol_stability,BDI,2020,-1.49526809999999
pol_stability,BDI,2019,-1.66929629999999
pol_stability,BDI,2018,-1.62367939999999
pol_stability,BDI,2017,-2.0904201
pol_stability,BDI,2016,-2.106715
pol_stability,BDI,2015,-2.03645089999999
pol_stability,BDI,2014,-1.06174299999999
pol_stability,CPV,2024,0.7695825
pol_stability,CPV,2023,0.8691911
pol_stability,CPV,2022,0.8359641
pol_stability,CPV,2021,0.8339009
pol_stability,CPV,2020,0.839032
pol_stability,CPV,2019,0.8393375
pol_stability,CPV,2018,0.8387813
pol_stability,CPV,2017,0.7203252
pol_stability,CPV,2016,0.827822
pol_stability,CPV,2015,0.8435225
pol_stability,CPV,2014,0.6455106
pol_stability,KHM,2024,0.1284232
pol_stability,KHM,2023,0.1346422
pol_stability,KHM,2022,-0.0739156
pol_stability,KHM,2021,-0.1486895
pol_stability,KHM,2020,-0.2401873
pol_stability,KHM,2019,-0.1935314
pol_stability,KHM,2018,-0.1054427
pol_stability,KHM,2017,-0.153852799999999
pol_stability,KHM,2016,-0.0778582999999999
pol_stability,KHM,2015,-0.1585169
pol_stability,KHM,2014,-0.2628078
pol_stability,CMR,2024,-1.55680399999999
pol_stability,CMR,2023,-1.6104201
pol_stability,CMR,2022,-1.6950827
pol_stability,CMR,2021,-1.57868299999999
pol_stability,CMR,2020,-1.6215792
pol_stability,CMR,2019,-1.6172731
pol_stability,CMR,2018,-1.4691248
pol_stability,CMR,2017,-1.1934513
pol_stability,CMR,2016,-1.1424059
pol_stability,CMR,2015,-1.0831153
pol_stability,CMR,2014,-0.9216987
pol_stability,CAN,2024,0.5984769
pol_stability,CAN,2023,0.6267803
pol_stability,CAN,2022,0.5074459
pol_stability,CAN,2021,0.7604154
pol_stability,CAN,2020,0.9455077
pol_stability,CAN,2019,0.9041813
pol_stability,CAN,2018,0.9371514
pol_stability,CAN,2017,1.0192144
pol_stability,CAN,2016,1.1623092
pol_stability,CAN,2015,1.1827978
pol_stability,CAN,2014,1.1626133
pol_stability,CYM,2024,1.4607897
pol_stability,CYM,2023,1.4667806
pol_stability,CYM,2022,1.4663069
pol_stability,CYM,2021,1.4633939
pol_stability,CYM,2020,1.2749256
pol_stability,CYM,2019,1.275357
pol_stability,CYM,2018,0.978425
pol_stability,CYM,2017,0.974877
pol_stability,CYM,2016,0.9743726
pol_stability,CYM,2015,1.2746191
pol_stability,CYM,2014,1.2758384
pol_stability,CAF,2024,-1.83294689999999
pol_stability,CAF,2023,-1.87417179999999
pol_stability,CAF,2022,-1.9022515
pol_stability,CAF,2021,-2.1689304
pol_stability,CAF,2020,-2.3306101
pol_stability,CAF,2019,-1.85285369999999
pol_stability,CAF,2018,-1.89363629999999
pol_stability,CAF,2017,-1.82651039999999
pol_stability,CAF,2016,-1.698431
pol_stability,CAF,2015,-1.8904664
pol_stability,CAF,2014,-2.4862537
pol_stability,TCD,2024,-1.77893219999999
pol_stability,TCD,2023,-1.6839155
pol_stability,TCD,2022,-1.6491593
pol_stability,TCD,2021,-1.689273
pol_stability,TCD,2020,-1.4524146
pol_stability,TCD,2019,-1.4521212
pol_stability,TCD,2018,-1.3603311
pol_stability,TCD,2017,-1.36771589999999
pol_stability,TCD,2016,-1.34170719999999
pol_stability,TCD,2015,-1.1227573
pol_stability,TCD,2014,-1.3290695
pol_stability,CHL,2024,0.1213566
pol_stability,CHL,2023,0.0876667
pol_stability,CHL,2022,-0.004406
pol_stability,CHL,2021,0.146317
pol_stability,CHL,2020,0.1362588
pol_stability,CHL,2019,0.1657239
pol_stability,CHL,2018,0.6742085
pol_stability,CHL,2017,0.5894191
pol_stability,CHL,2016,0.5937207
pol_stability,CHL,2015,0.6780588
pol_stability,CHL,2014,0.7184817
pol_stability,CHN,2024,-0.153336399999999
pol_stability,CHN,2023,-0.174451499999999
pol_stability,CHN,2022,-0.249058199999999
pol_stability,CHN,2021,-0.259168
pol_stability,CHN,2020,-0.302661299999999
pol_stability,CHN,2019,-0.138588699999999
pol_stability,CHN,2018,-0.237003599999999
pol_stability,CHN,2017,-0.203288
pol_stability,CHN,2016,-0.501441799999999
pol_stability,CHN,2015,-0.5462433
pol_stability,CHN,2014,-0.523856099999999
pol_stability,COL,2024,-0.9708732
pol_stability,COL,2023,-0.7993485
pol_stability,COL,2022,-0.809182
pol_stability,COL,2021,-1.0147831
pol_stability,COL,2020,-0.6819314
pol_stability,COL,2019,-0.9052968
pol_stability,COL,2018,-0.665561899999999
pol_stability,COL,2017,-0.779948499999999
pol_stability,COL,2016,-0.873548099999999
pol_stability,COL,2015,-0.9555119
pol_stability,COL,2014,-0.995331299999999
pol_stability,COM,2024,-0.221274299999999
pol_stability,COM,2023,-0.3743498
pol_stability,COM,2022,-0.374766
pol_stability,COM,2021,-0.3981267
pol_stability,COM,2020,-0.4562829
pol_stability,COM,2019,-0.4550338
pol_stability,COM,2018,-0.407626
pol_stability,COM,2017,-0.1999982
pol_stability,COM,2016,-0.2599683
pol_stability,COM,2015,-0.0966781999999999
pol_stability,COM,2014,-0.0153216999999999
pol_stability,COD,2024,-2.1191762
pol_stability,COD,2023,-1.9812287
pol_stability,COD,2022,-1.8455557
pol_stability,COD,2021,-1.6314631
pol_stability,COD,2020,-1.80629289999999
pol_stability,COD,2019,-1.6467983
pol_stability,COD,2018,-1.8967124
pol_stability,COD,2017,-2.26337839999999
pol_stability,COD,2016,-2.2189353
pol_stability,COD,2015,-2.01074219999999
pol_stability,COD,2014,-2.2481931
pol_stability,COG,2024,-0.2584147
pol_stability,COG,2023,-0.199460399999999
pol_stability,COG,2022,-0.1445911
pol_stability,COG,2021,-0.517419899999999
pol_stability,COG,2020,-0.5758284
pol_stability,COG,2019,-0.5963817
pol_stability,COG,2018,-0.6896411
pol_stability,COG,2017,-0.7695685
pol_stability,COG,2016,-0.760806
pol_stability,COG,2015,-0.7582165
pol_stability,COG,2014,-0.474273699999999
pol_stability,CRI,2024,1.1756544
pol_stability,CRI,2023,1.1842629
pol_stability,CRI,2022,1.1460641
pol_stability,CRI,2021,1.0171458
pol_stability,CRI,2020,0.9250217
pol_stability,CRI,2019,0.6261254
pol_stability,CRI,2018,0.6346654
pol_stability,CRI,2017,0.7405908
pol_stability,CRI,2016,0.7331119
pol_stability,CRI,2015,0.7458992
pol_stability,CRI,2014,0.6803966
pol_stability,CIV,2024,-0.8438331
pol_stability,CIV,2023,-0.7874489
pol_stability,CIV,2022,-0.716317499999999
pol_stability,CIV,2021,-0.895587799999999
pol_stability,CIV,2020,-1.16712789999999
pol_stability,CIV,2019,-1.0134615
pol_stability,CIV,2018,-0.9182691
pol_stability,CIV,2017,-1.0411412
pol_stability,CIV,2016,-0.8652379
pol_stability,CIV,2015,-0.7838544
pol_stability,CIV,2014,-1.0370019
pol_stability,HRV,2024,0.5814089
pol_stability,HRV,2023,0.6832484
pol_stability,HRV,2022,0.7321186
pol_stability,HRV,2021,0.6364386
pol_stability,HRV,2020,0.6477441
pol_stability,HRV,2019,0.7476171
pol_stability,HRV,2018,0.7689202
pol_stability,HRV,2017,0.6251591
pol_stability,HRV,2016,0.6354526
pol_stability,HRV,2015,0.611397
pol_stability,HRV,2014,0.6331008
pol_stability,CUB,2024,0.3155266
pol_stability,CUB,2023,0.4305507
pol_stability,CUB,2022,0.4974928
pol_stability,CUB,2021,0.4994388
pol_stability,CUB,2020,0.6687382
pol_stability,CUB,2019,0.6592457
pol_stability,CUB,2018,0.5676311
pol_stability,CUB,2017,0.5729674
pol_stability,CUB,2016,0.6142617
pol_stability,CUB,2015,0.5847166
pol_stability,CUB,2014,0.5757986
pol_stability,CYP,2024,0.3858613
pol_stability,CYP,2023,0.3935929
pol_stability,CYP,2022,0.3811357
pol_stability,CYP,2021,0.4791734
pol_stability,CYP,2020,0.4538116
pol_stability,CYP,2019,0.7399069
pol_stability,CYP,2018,0.6561041
pol_stability,CYP,2017,0.6738103
pol_stability,CYP,2016,0.7672285
pol_stability,CYP,2015,0.6831374
pol_stability,CYP,2014,0.7031147
pol_stability,CZE,2024,0.9719006
pol_stability,CZE,2023,1.0704669
pol_stability,CZE,2022,0.9957469
pol_stability,CZE,2021,0.9968819
pol_stability,CZE,2020,0.9082209
pol_stability,CZE,2019,1.0363667
pol_stability,CZE,2018,1.0436452
pol_stability,CZE,2017,1.0199948
pol_stability,CZE,2016,1.0617374
pol_stability,CZE,2015,1.100576
pol_stability,CZE,2014,1.1241036
pol_stability,DNK,2024,0.7688761
pol_stability,DNK,2023,0.9005936
pol_stability,DNK,2022,0.8416401
pol_stability,DNK,2021,0.8409469
pol_stability,DNK,2020,0.8682976
pol_stability,DNK,2019,0.8984987
pol_stability,DNK,2018,1.0018359
pol_stability,DNK,2017,0.9149035
pol_stability,DNK,2016,0.9320841
pol_stability,DNK,2015,1.0198991
pol_stability,DNK,2014,1.1307994
pol_stability,DJI,2024,-0.5563593
pol_stability,DJI,2023,-0.4640183
pol_stability,DJI,2022,-0.4774121
pol_stability,DJI,2021,-0.5273642
pol_stability,DJI,2020,-0.4591955
pol_stability,DJI,2019,-0.3842768
pol_stability,DJI,2018,-0.296717499999999
pol_stability,DJI,2017,-0.7552217
pol_stability,DJI,2016,-0.7074408
pol_stability,DJI,2015,-0.493180099999999
pol_stability,DJI,2014,-0.3843552
pol_stability,DMA,2024,1.2341643
pol_stability,DMA,2023,1.2402149
pol_stability,DMA,2022,1.2397365
pol_stability,DMA,2021,1.2367945
pol_stability,DMA,2020,1.2385037
pol_stability,DMA,2019,0.9867091
pol_stability,DMA,2018,1.112031
pol_stability,DMA,2017,1.1093885000000001
pol_stability,DMA,2016,0.9362782
pol_stability,DMA,2015,1.1120789
pol_stability,DMA,2014,1.1473784
pol_stability,DOM,2024,0.5893402
pol_stability,DOM,2023,0.4655668
pol_stability,DOM,2022,0.4914554
pol_stability,DOM,2021,0.3502987
pol_stability,DOM,2020,0.2361204
pol_stability,DOM,2019,0.0515231
pol_stability,DOM,2018,0.0030759
pol_stability,DOM,2017,0.0918722
pol_stability,DOM,2016,0.1555826
pol_stability,DOM,2015,0.1170524
pol_stability,DOM,2014,0.0549569
pol_stability,ECU,2024,-0.7210909
pol_stability,ECU,2023,-0.3543579
pol_stability,ECU,2022,-0.2336288
pol_stability,ECU,2021,-0.1983083
pol_stability,ECU,2020,-0.1513823
pol_stability,ECU,2019,-0.209832
pol_stability,ECU,2018,-0.0672488
pol_stability,ECU,2017,-0.1273984
pol_stability,ECU,2016,-0.1672879
pol_stability,ECU,2015,-0.1822625
pol_stability,ECU,2014,-0.0167487
pol_stability,EGY,2024,-0.9779235
pol_stability,EGY,2023,-0.899323299999999
pol_stability,EGY,2022,-0.9542974
pol_stability,EGY,2021,-1.066781
pol_stability,EGY,2020,-1.1172787
pol_stability,EGY,2019,-1.19692089999999
pol_stability,EGY,2018,-1.26200959999999
pol_stability,EGY,2017,-1.4711477
pol_stability,EGY,2016,-1.5399732
pol_stability,EGY,2015,-1.5178167
pol_stability,EGY,2014,-1.5091298
pol_stability,SLV,2024,0.00613259999999999
pol_stability,SLV,2023,0.0822243
pol_stability,SLV,2022,-0.0998814
pol_stability,SLV,2021,-0.222007099999999
pol_stability,SLV,2020,-0.1497936
pol_stability,SLV,2019,-0.2138062
pol_stability,SLV,2018,-0.420064599999999
pol_stability,SLV,2017,-0.3360373
pol_stability,SLV,2016,-0.2511021
pol_stability,SLV,2015,-0.1411131
pol_stability,SLV,2014,-0.1004167
pol_stability,GNQ,2024,-0.1409375
pol_stability,GNQ,2023,-0.2874757
pol_stability,GNQ,2022,-0.3481526
pol_stability,GNQ,2021,-0.3214725
pol_stability,GNQ,2020,-0.380621
pol_stability,GNQ,2019,-0.3400881
pol_stability,GNQ,2018,-0.3808707
pol_stability,GNQ,2017,-0.3950453
pol_stability,GNQ,2016,-0.404997699999999
pol_stability,GNQ,2015,-0.5106021
pol_stability,GNQ,2014,-0.5596512
pol_stability,ERI,2024,-0.7086146
pol_stability,ERI,2023,-0.7897784
pol_stability,ERI,2022,-1.0696541
pol_stability,ERI,2021,-1.02707899999999
pol_stability,ERI,2020,-1.0705711
pol_stability,ERI,2019,-0.9764301
pol_stability,ERI,2018,-0.9260353
pol_stability,ERI,2017,-0.834184199999999
pol_stability,ERI,2016,-0.7487988
pol_stability,ERI,2015,-0.7893504
pol_stability,ERI,2014,-0.651784799999999
pol_stability,EST,2024,0.6995763
pol_stability,EST,2023,0.8473511
pol_stability,EST,2022,0.8742633
pol_stability,EST,2021,0.8879044
pol_stability,EST,2020,0.9178902
pol_stability,EST,2019,0.8235862
pol_stability,EST,2018,0.7988248
pol_stability,EST,2017,0.8425161
pol_stability,EST,2016,0.8731492
pol_stability,EST,2015,0.8918499
pol_stability,EST,2014,1.024732
pol_stability,SWZ,2024,-0.7327829
pol_stability,SWZ,2023,-0.7261847
pol_stability,SWZ,2022,-0.400835
pol_stability,SWZ,2021,-0.428643699999999
pol_stability,SWZ,2020,-0.1948628
pol_stability,SWZ,2019,-0.3182636
pol_stability,SWZ,2018,-0.5468116
pol_stability,SWZ,2017,-0.380332699999999
pol_stability,SWZ,2016,-0.4484062
pol_stability,SWZ,2015,-0.4462561
pol_stability,SWZ,2014,-0.3976089
pol_stability,ETH,2024,-1.88497389999999
pol_stability,ETH,2023,-1.86375129999999
pol_stability,ETH,2022,-1.8659545
pol_stability,ETH,2021,-2.0139565
pol_stability,ETH,2020,-1.5934093
pol_stability,ETH,2019,-1.1789771
pol_stability,ETH,2018,-1.2054246
pol_stability,ETH,2017,-1.5195725
pol_stability,ETH,2016,-1.43965759999999
pol_stability,ETH,2015,-1.26354339999999
pol_stability,ETH,2014,-1.1765231
pol_stability,FJI,2024,0.6984398
pol_stability,FJI,2023,0.782933
pol_stability,FJI,2022,0.782553
pol_stability,FJI,2021,0.6663534
pol_stability,FJI,2020,0.6004415
pol_stability,FJI,2019,0.6881602
pol_stability,FJI,2018,0.6984111
pol_stability,FJI,2017,0.3819841
pol_stability,FJI,2016,0.7205988
pol_stability,FJI,2015,0.3263655
pol_stability,FJI,2014,0.3275632
pol_stability,FIN,2024,0.8325695
pol_stability,FIN,2023,0.7648776
pol_stability,FIN,2022,1.0892287
pol_stability,FIN,2021,1.1287431
pol_stability,FIN,2020,1.1572607
pol_stability,FIN,2019,0.9978349
pol_stability,FIN,2018,1.041505
pol_stability,FIN,2017,1.1388152
pol_stability,FIN,2016,1.0609919
pol_stability,FIN,2015,1.1347824
pol_stability,FIN,2014,1.3181701
pol_stability,FRA,2024,-0.241365399999999
pol_stability,FRA,2023,-0.0187716
pol_stability,FRA,2022,0.0198376
pol_stability,FRA,2021,0.1241525
pol_stability,FRA,2020,0.1270887
pol_stability,FRA,2019,0.2040672
pol_stability,FRA,2018,0.1043516
pol_stability,FRA,2017,0.229972
pol_stability,FRA,2016,-0.0415329
pol_stability,FRA,2015,0.1735665
pol_stability,FRA,2014,0.3877863
pol_stability,PYF,2024,1.0303397
pol_stability,PYF,2023,1.049441
pol_stability,PYF,2022,1.0479309
pol_stability,PYF,2021,1.0386429
pol_stability,PYF,2020,0.9517964
pol_stability,PYF,2019,0.9033343
pol_stability,PYF,2018,NA
pol_stability,PYF,2017,NA
pol_stability,PYF,2016,NA
pol_stability,PYF,2015,NA
pol_stability,PYF,2014,NA
pol_stability,GAB,2024,-0.276887
pol_stability,GAB,2023,-0.2702052
pol_stability,GAB,2022,-0.1324826
pol_stability,GAB,2021,-0.28203
pol_stability,GAB,2020,-0.2194997
pol_stability,GAB,2019,-0.2805716
pol_stability,GAB,2018,-0.393451
pol_stability,GAB,2017,-0.4524644
pol_stability,GAB,2016,-0.534579199999999
pol_stability,GAB,2015,-0.1148078
pol_stability,GAB,2014,-0.0865664999999999
pol_stability,GMB,2024,-0.0180453
pol_stability,GMB,2023,0.1359932
pol_stability,GMB,2022,0.1344853
pol_stability,GMB,2021,0.0231959
pol_stability,GMB,2020,0.1363877
pol_stability,GMB,2019,0.0678807
pol_stability,GMB,2018,-0.115459499999999
pol_stability,GMB,2017,-0.196953699999999
pol_stability,GMB,2016,-0.446274
pol_stability,GMB,2015,-0.210501599999999
pol_stability,GMB,2014,-0.3503537
pol_stability,GEO,2024,-0.6127592
pol_stability,GEO,2023,-0.120908599999999
pol_stability,GEO,2022,-0.100034699999999
pol_stability,GEO,2021,-0.2017684
pol_stability,GEO,2020,-0.1271941
pol_stability,GEO,2019,-0.134771
pol_stability,GEO,2018,-0.0948569
pol_stability,GEO,2017,-0.1125587
pol_stability,GEO,2016,-0.0614684
pol_stability,GEO,2015,-0.090598
pol_stability,GEO,2014,-0.0248029
pol_stability,DEU,2024,0.1242671
pol_stability,DEU,2023,0.50602
pol_stability,DEU,2022,0.5284799
pol_stability,DEU,2021,0.6603045
pol_stability,DEU,2020,0.6840532
pol_stability,DEU,2019,0.7271723
pol_stability,DEU,2018,0.8239013
pol_stability,DEU,2017,0.7022243
pol_stability,DEU,2016,0.7945337
pol_stability,DEU,2015,0.8311441
pol_stability,DEU,2014,1.067265
pol_stability,GHA,2024,0.0114605
pol_stability,GHA,2023,-0.0688107
pol_stability,GHA,2022,-0.1877453
pol_stability,GHA,2021,-0.1622488
pol_stability,GHA,2020,0.0588855
pol_stability,GHA,2019,0.0133997
pol_stability,GHA,2018,-0.032042
pol_stability,GHA,2017,0.0663948999999999
pol_stability,GHA,2016,-0.128208
pol_stability,GHA,2015,-0.0228697
pol_stability,GHA,2014,-0.0929878
pol_stability,GRC,2024,0.1394204
pol_stability,GRC,2023,0.3853039
pol_stability,GRC,2022,0.236947
pol_stability,GRC,2021,0.2270172
pol_stability,GRC,2020,0.2996221
pol_stability,GRC,2019,0.2789347
pol_stability,GRC,2018,0.351321
pol_stability,GRC,2017,0.00694
pol_stability,GRC,2016,-0.1537754
pol_stability,GRC,2015,-0.1201405
pol_stability,GRC,2014,-0.0700276
pol_stability,GRL,2024,1.2405187
pol_stability,GRL,2023,1.2510555
pol_stability,GRL,2022,1.2502225
pol_stability,GRL,2021,1.7551692
pol_stability,GRL,2020,1.7581458
pol_stability,GRL,2019,1.7589045
pol_stability,GRL,2018,1.7575234
pol_stability,GRL,2017,1.7529215
pol_stability,GRL,2016,1.7522673
pol_stability,GRL,2015,1.7576068
pol_stability,GRL,2014,1.7597512
pol_stability,GRD,2024,1.1992639
pol_stability,GRD,2023,1.2053145
pol_stability,GRD,2022,1.2048361
pol_stability,GRD,2021,1.0408786
pol_stability,GRD,2020,1.0425879
pol_stability,GRD,2019,0.9169085
pol_stability,GRD,2018,0.9161154
pol_stability,GRD,2017,0.9134729
pol_stability,GRD,2016,0.9130972
pol_stability,GRD,2015,0.5941324
pol_stability,GRD,2014,0.5970391
pol_stability,GUM,2024,0.9927487
pol_stability,GUM,2023,0.9986942
pol_stability,GUM,2022,0.9982241
pol_stability,GUM,2021,0.9953332
pol_stability,GUM,2020,0.9970127
pol_stability,GUM,2019,0.9450797
pol_stability,GUM,2018,0.9368685
pol_stability,GUM,2017,0.8126545
pol_stability,GUM,2016,0.6519602
pol_stability,GUM,2015,0.8160725
pol_stability,GUM,2014,0.8176369
pol_stability,GTM,2024,-0.209766899999999
pol_stability,GTM,2023,-0.2021326
pol_stability,GTM,2022,-0.3005447
pol_stability,GTM,2021,-0.5740791
pol_stability,GTM,2020,-0.563868399999999
pol_stability,GTM,2019,-0.6944184
pol_stability,GTM,2018,-0.6836211
pol_stability,GTM,2017,-0.700759599999999
pol_stability,GTM,2016,-0.6431273
pol_stability,GTM,2015,-0.690917999999999
pol_stability,GTM,2014,-0.730266499999999
pol_stability,GIN,2024,-1.0377627
pol_stability,GIN,2023,-0.8765719
pol_stability,GIN,2022,-0.813667399999999
pol_stability,GIN,2021,-1.0159308
pol_stability,GIN,2020,-1.0877324
pol_stability,GIN,2019,-0.857881799999999
pol_stability,GIN,2018,-0.930512799999999
pol_stability,GIN,2017,-0.800407099999999
pol_stability,GIN,2016,-0.577628599999999
pol_stability,GIN,2015,-0.7463171
pol_stability,GIN,2014,-1.168846
pol_stability,GNB,2024,-0.618439499999999
pol_stability,GNB,2023,-0.3193937
pol_stability,GNB,2022,-0.360252199999999
pol_stability,GNB,2021,-0.3001867
pol_stability,GNB,2020,-0.2838803
pol_stability,GNB,2019,-0.4638332
pol_stability,GNB,2018,-0.649365499999999
pol_stability,GNB,2017,-0.582037399999999
pol_stability,GNB,2016,-0.5084519
pol_stability,GNB,2015,-0.5875693
pol_stability,GNB,2014,-0.881487399999999
pol_stability,GUY,2024,0.2164983
pol_stability,GUY,2023,0.2012498
pol_stability,GUY,2022,0.210713
pol_stability,GUY,2021,-0.0281476999999999
pol_stability,GUY,2020,-0.00729659999999999
pol_stability,GUY,2019,-0.0594026999999999
pol_stability,GUY,2018,-0.0410701
pol_stability,GUY,2017,-0.0051392
pol_stability,GUY,2016,-0.00540029999999999
pol_stability,GUY,2015,-0.150202
pol_stability,GUY,2014,-0.218368099999999
pol_stability,HTI,2024,-1.2013046
pol_stability,HTI,2023,-0.971741099999999
pol_stability,HTI,2022,-0.947002399999999
pol_stability,HTI,2021,-1.2132391
pol_stability,HTI,2020,-1.0389171
pol_stability,HTI,2019,-0.9509746
pol_stability,HTI,2018,-0.7667849
pol_stability,HTI,2017,-0.834199999999999
pol_stability,HTI,2016,-0.894686099999999
pol_stability,HTI,2015,-0.925938199999999
pol_stability,HTI,2014,-0.9222469
pol_stability,HND,2024,-0.5671583
pol_stability,HND,2023,-0.3507671
pol_stability,HND,2022,-0.4781621
pol_stability,HND,2021,-0.806377
pol_stability,HND,2020,-0.666353099999999
pol_stability,HND,2019,-0.827137599999999
pol_stability,HND,2018,-0.864353599999999
pol_stability,HND,2017,-0.9065696
pol_stability,HND,2016,-0.7047922
pol_stability,HND,2015,-0.6604916
pol_stability,HND,2014,-0.6895701
pol_stability,HKG,2024,0.6310985
pol_stability,HKG,2023,0.4084368
pol_stability,HKG,2022,0.3891702
pol_stability,HKG,2021,0.2186871
pol_stability,HKG,2020,0.0079016
pol_stability,HKG,2019,-0.1843167
pol_stability,HKG,2018,0.7617643
pol_stability,HKG,2017,0.6833963
pol_stability,HKG,2016,0.6672047
pol_stability,HKG,2015,0.8753195
pol_stability,HKG,2014,1.025742
pol_stability,HUN,2024,0.4363288
pol_stability,HUN,2023,0.5841522
pol_stability,HUN,2022,0.6701403
pol_stability,HUN,2021,0.7337253
pol_stability,HUN,2020,0.7938892
pol_stability,HUN,2019,0.7326156
pol_stability,HUN,2018,0.6616322
pol_stability,HUN,2017,0.7324048
pol_stability,HUN,2016,0.6277681
pol_stability,HUN,2015,0.843542
pol_stability,HUN,2014,0.805848
pol_stability,ISL,2024,1.2056034
pol_stability,ISL,2023,1.2058266
pol_stability,ISL,2022,1.2672872
pol_stability,ISL,2021,1.3382488
pol_stability,ISL,2020,1.3289196
pol_stability,ISL,2019,1.556416
pol_stability,ISL,2018,1.2958486
pol_stability,ISL,2017,1.2503574
pol_stability,ISL,2016,1.2205951
pol_stability,ISL,2015,1.2622879
pol_stability,ISL,2014,1.2726864
pol_stability,IND,2024,-0.785762499999999
pol_stability,IND,2023,-0.837974
pol_stability,IND,2022,-0.7535037
pol_stability,IND,2021,-0.6015988
pol_stability,IND,2020,-0.720631199999999
pol_stability,IND,2019,-0.590466199999999
pol_stability,IND,2018,-0.6785888
pol_stability,IND,2017,-0.572111399999999
pol_stability,IND,2016,-0.7362183
pol_stability,IND,2015,-0.7619187
pol_stability,IND,2014,-0.817516599999999
pol_stability,IDN,2024,-0.609127499999999
pol_stability,IDN,2023,-0.613745
pol_stability,IDN,2022,-0.7624666
pol_stability,IDN,2021,-0.6496757
pol_stability,IDN,2020,-0.539945999999999
pol_stability,IDN,2019,-0.5802685
pol_stability,IDN,2018,-0.5428012
pol_stability,IDN,2017,-0.5816146
pol_stability,IDN,2016,-0.463383
pol_stability,IDN,2015,-0.5390218
pol_stability,IDN,2014,-0.385008199999999
pol_stability,IRN,2024,-1.58118839999999
pol_stability,IRN,2023,-1.2694112
pol_stability,IRN,2022,-1.1448403
pol_stability,IRN,2021,-1.1577773
pol_stability,IRN,2020,-1.2213247
pol_stability,IRN,2019,-1.2556127
pol_stability,IRN,2018,-0.9686014
pol_stability,IRN,2017,-0.699442999999999
pol_stability,IRN,2016,-0.6448832
pol_stability,IRN,2015,-0.7896962
pol_stability,IRN,2014,-0.726596199999999
pol_stability,IRQ,2024,-2.0642762
pol_stability,IRQ,2023,-2.2246949
pol_stability,IRQ,2022,-2.2294281
pol_stability,IRQ,2021,-2.1722684
pol_stability,IRQ,2020,-2.1814743
pol_stability,IRQ,2019,-2.2227253
pol_stability,IRQ,2018,-2.1719253
pol_stability,IRQ,2017,-2.1677252
pol_stability,IRQ,2016,-2.22917579999999
pol_stability,IRQ,2015,-2.2449091
pol_stability,IRQ,2014,-2.2538271
pol_stability,IRL,2024,0.7099699
pol_stability,IRL,2023,0.876648
pol_stability,IRL,2022,0.8053599
pol_stability,IRL,2021,0.7362963
pol_stability,IRL,2020,0.8785787
pol_stability,IRL,2019,0.9409046
pol_stability,IRL,2018,0.9855531
pol_stability,IRL,2017,0.9418026
pol_stability,IRL,2016,0.8856802
pol_stability,IRL,2015,0.951695
pol_stability,IRL,2014,1.1679817
pol_stability,ISR,2024,-1.03750149999999
pol_stability,ISR,2023,-1.0423159
pol_stability,ISR,2022,-0.904996799999999
pol_stability,ISR,2021,-0.69989919999999906
pol_stability,ISR,2020,-0.567841399999999
pol_stability,ISR,2019,-0.4361137
pol_stability,ISR,2018,-0.3446955
pol_stability,ISR,2017,-0.4501475
pol_stability,ISR,2016,-0.354649699999999
pol_stability,ISR,2015,-0.6113908
pol_stability,ISR,2014,-0.592453
pol_stability,ITA,2024,0.3087035
pol_stability,ITA,2023,0.4737389
pol_stability,ITA,2022,0.4124684
pol_stability,ITA,2021,0.4392226
pol_stability,ITA,2020,0.3322841
pol_stability,ITA,2019,0.3223326
pol_stability,ITA,2018,0.3723628
pol_stability,ITA,2017,0.2543499
pol_stability,ITA,2016,0.3518422
pol_stability,ITA,2015,0.394629
pol_stability,ITA,2014,0.4893962
pol_stability,JAM,2024,0.476823
pol_stability,JAM,2023,0.4762874
pol_stability,JAM,2022,0.4525342
pol_stability,JAM,2021,0.1423135
pol_stability,JAM,2020,0.1525241
pol_stability,JAM,2019,0.179033
pol_stability,JAM,2018,0.169434
pol_stability,JAM,2017,0.1291365
pol_stability,JAM,2016,0.0960441
pol_stability,JAM,2015,0.0607252
pol_stability,JAM,2014,0.0349026
pol_stability,JPN,2024,1.1343228
pol_stability,JPN,2023,1.2674256
pol_stability,JPN,2022,1.2758787
pol_stability,JPN,2021,1.1600529
pol_stability,JPN,2020,1.1325471
pol_stability,JPN,2019,1.1161393
pol_stability,JPN,2018,1.1378638
pol_stability,JPN,2017,1.169376
pol_stability,JPN,2016,1.1198832
pol_stability,JPN,2015,1.2226375
pol_stability,JPN,2014,1.2105334
pol_stability,JOR,2024,-0.3501687
pol_stability,JOR,2023,-0.3007473
pol_stability,JOR,2022,-0.311462199999999
pol_stability,JOR,2021,-0.390988399999999
pol_stability,JOR,2020,-0.3260056
pol_stability,JOR,2019,-0.2846298
pol_stability,JOR,2018,-0.322432699999999
pol_stability,JOR,2017,-0.444359699999999
pol_stability,JOR,2016,-0.538077799999999
pol_stability,JOR,2015,-0.6404285
pol_stability,JOR,2014,-0.609596
pol_stability,KAZ,2024,-0.2827558
pol_stability,KAZ,2023,-0.2021045
pol_stability,KAZ,2022,-0.5795614
pol_stability,KAZ,2021,-0.2325504
pol_stability,KAZ,2020,-0.2842993
pol_stability,KAZ,2019,-0.221063999999999
pol_stability,KAZ,2018,-0.1086366
pol_stability,KAZ,2017,-0.0563947
pol_stability,KAZ,2016,-0.0865605
pol_stability,KAZ,2015,0.0342151
pol_stability,KAZ,2014,0.0295973
pol_stability,KEN,2024,-1.3556816
pol_stability,KEN,2023,-0.971652
pol_stability,KEN,2022,-0.962236
pol_stability,KEN,2021,-1.11021939999999
pol_stability,KEN,2020,-1.0502651
pol_stability,KEN,2019,-1.07516719999999
pol_stability,KEN,2018,-1.1196296
pol_stability,KEN,2017,-1.1322093
pol_stability,KEN,2016,-1.17914689999999
pol_stability,KEN,2015,-1.2308131
pol_stability,KEN,2014,-1.26316649999999
pol_stability,KIR,2024,1.2381638
pol_stability,KIR,2023,1.2433279
pol_stability,KIR,2022,1.2429196
pol_stability,KIR,2021,1.1647191
pol_stability,KIR,2020,1.1749608
pol_stability,KIR,2019,1.0992501
pol_stability,KIR,2018,0.95586
pol_stability,KIR,2017,0.9519508
pol_stability,KIR,2016,0.951395
pol_stability,KIR,2015,0.9559309
pol_stability,KIR,2014,1.281381
pol_stability,PRK,2024,0.3220654
pol_stability,PRK,2023,0.3264333
pol_stability,PRK,2022,0.2686785
pol_stability,PRK,2021,-0.1983915
pol_stability,PRK,2020,-0.187350699999999
pol_stability,PRK,2019,-0.187036099999999
pol_stability,PRK,2018,-0.275313
pol_stability,PRK,2017,-0.3543859
pol_stability,PRK,2016,-0.4555063
pol_stability,PRK,2015,-1.0064947
pol_stability,PRK,2014,-1.00560579999999
pol_stability,KOR,2024,0.6393495
pol_stability,KOR,2023,0.932168
pol_stability,KOR,2022,0.855673
pol_stability,KOR,2021,0.9005342
pol_stability,KOR,2020,0.8679972
pol_stability,KOR,2019,0.8544821
pol_stability,KOR,2018,0.8705137
pol_stability,KOR,2017,0.6254761
pol_stability,KOR,2016,0.5156398
pol_stability,KOR,2015,0.667684
pol_stability,KOR,2014,0.5969209
pol_stability,XKX,2024,-0.321890499999999
pol_stability,XKX,2023,-0.1409249
pol_stability,XKX,2022,-0.0510421999999999
pol_stability,XKX,2021,0.0010881
pol_stability,XKX,2020,-0.0844029999999999
pol_stability,XKX,2019,-0.106046099999999
pol_stability,XKX,2018,-0.4135898
pol_stability,XKX,2017,-0.1718171
pol_stability,XKX,2016,-0.2852683
pol_stability,XKX,2015,-0.2170007
pol_stability,XKX,2014,-0.301981899999999
pol_stability,KWT,2024,0.2939367
pol_stability,KWT,2023,0.2906988
pol_stability,KWT,2022,0.1041664
pol_stability,KWT,2021,0.1542148
pol_stability,KWT,2020,0.1554026
pol_stability,KWT,2019,0.2460837
pol_stability,KWT,2018,0.2360921
pol_stability,KWT,2017,0.0018547
pol_stability,KWT,2016,-0.0213093
pol_stability,KWT,2015,-0.1466244
pol_stability,KWT,2014,0.0855674
pol_stability,KGZ,2024,-0.5045251
pol_stability,KGZ,2023,-0.509667299999999
pol_stability,KGZ,2022,-0.422477
pol_stability,KGZ,2021,-0.3876484
pol_stability,KGZ,2020,-0.5068231
pol_stability,KGZ,2019,-0.206819199999999
pol_stability,KGZ,2018,-0.323764
pol_stability,KGZ,2017,-0.2975366
pol_stability,KGZ,2016,-0.5531495
pol_stability,KGZ,2015,-0.7293545
pol_stability,KGZ,2014,-0.7066273
pol_stability,LAO,2024,0.5576599
pol_stability,LAO,2023,0.7378068
pol_stability,LAO,2022,0.7033051
pol_stability,LAO,2021,0.583086
pol_stability,LAO,2020,0.5456553
pol_stability,LAO,2019,0.3582008
pol_stability,LAO,2018,0.2651475
pol_stability,LAO,2017,0.2776591
pol_stability,LAO,2016,0.3452009
pol_stability,LAO,2015,0.4046383
pol_stability,LAO,2014,0.3772453
pol_stability,LVA,2024,0.6201402
pol_stability,LVA,2023,0.8394628
pol_stability,LVA,2022,0.7798656
pol_stability,LVA,2021,0.8069842
pol_stability,LVA,2020,0.726286
pol_stability,LVA,2019,0.6780506
pol_stability,LVA,2018,0.6632555
pol_stability,LVA,2017,0.6631827
pol_stability,LVA,2016,0.6434248
pol_stability,LVA,2015,0.7167386
pol_stability,LVA,2014,0.720197
pol_stability,LBN,2024,-1.3896806
pol_stability,LBN,2023,-1.2764099
pol_stability,LBN,2022,-1.34257539999999
pol_stability,LBN,2021,-1.3231817
pol_stability,LBN,2020,-1.3492491
pol_stability,LBN,2019,-1.3398887
pol_stability,LBN,2018,-1.2146005
pol_stability,LBN,2017,-1.3393518
pol_stability,LBN,2016,-1.3333648
pol_stability,LBN,2015,-1.3952938
pol_stability,LBN,2014,-1.49478389999999
pol_stability,LSO,2024,-0.2588663
pol_stability,LSO,2023,-0.1357263
pol_stability,LSO,2022,-0.128161
pol_stability,LSO,2021,-0.1334002
pol_stability,LSO,2020,-0.1451933
pol_stability,LSO,2019,-0.287980099999999
pol_stability,LSO,2018,-0.1397918
pol_stability,LSO,2017,-0.2021614
pol_stability,LSO,2016,-0.2746129
pol_stability,LSO,2015,-0.208938699999999
pol_stability,LSO,2014,-0.172191999999999
pol_stability,LBR,2024,-0.228549
pol_stability,LBR,2023,-0.174047999999999
pol_stability,LBR,2022,-0.2807974
pol_stability,LBR,2021,-0.2103506
pol_stability,LBR,2020,-0.220102599999999
pol_stability,LBR,2019,-0.2571938
pol_stability,LBR,2018,-0.0185577
pol_stability,LBR,2017,-0.2701752
pol_stability,LBR,2016,-0.453136899999999
pol_stability,LBR,2015,-0.5851773
pol_stability,LBR,2014,-0.510413
pol_stability,LBY,2024,-1.8964767
pol_stability,LBY,2023,-2.0418754
pol_stability,LBY,2022,-2.00397249999999
pol_stability,LBY,2021,-2.2069296
pol_stability,LBY,2020,-2.2231779
pol_stability,LBY,2019,-2.25895969999999
pol_stability,LBY,2018,-2.28391459999999
pol_stability,LBY,2017,-2.29431519999999
pol_stability,LBY,2016,-2.2576529
pol_stability,LBY,2015,-2.2100778
pol_stability,LBY,2014,-2.26526939999999
pol_stability,LIE,2024,1.5823538
pol_stability,LIE,2023,1.5875521
pol_stability,LIE,2022,1.5871411
pol_stability,LIE,2021,1.5846135
pol_stability,LIE,2020,1.6427344
pol_stability,LIE,2019,1.6431087
pol_stability,LIE,2018,1.5055506
pol_stability,LIE,2017,1.5026105
pol_stability,LIE,2016,1.5021925
pol_stability,LIE,2015,1.5056039
pol_stability,LIE,2014,1.6435264
pol_stability,LTU,2024,0.9394441
pol_stability,LTU,2023,0.9517926
pol_stability,LTU,2022,0.963939
pol_stability,LTU,2021,1.0111257
pol_stability,LTU,2020,1.1506312
pol_stability,LTU,2019,0.9825192
pol_stability,LTU,2018,0.9070273
pol_stability,LTU,2017,0.8922634
pol_stability,LTU,2016,0.9545715
pol_stability,LTU,2015,0.9444776
pol_stability,LTU,2014,0.936572
pol_stability,LUX,2024,1.0730532
pol_stability,LUX,2023,1.0156548
pol_stability,LUX,2022,1.0244114
pol_stability,LUX,2021,1.1450494
pol_stability,LUX,2020,1.2105167
pol_stability,LUX,2019,1.3055593
pol_stability,LUX,2018,1.3055181
pol_stability,LUX,2017,1.2715421
pol_stability,LUX,2016,1.3457296
pol_stability,LUX,2015,1.4125194
pol_stability,LUX,2014,1.4310289
pol_stability,MAC,2024,1.053872
pol_stability,MAC,2023,0.9734599
pol_stability,MAC,2022,0.9728177
pol_stability,MAC,2021,0.9688675
pol_stability,MAC,2020,1.0596983
pol_stability,MAC,2019,1.1488191
pol_stability,MAC,2018,1.1477542
pol_stability,MAC,2017,1.3135357
pol_stability,MAC,2016,1.3130313
pol_stability,MAC,2015,1.1400764
pol_stability,MAC,2014,1.1417297
pol_stability,MDG,2024,-0.4805584
pol_stability,MDG,2023,-0.840940199999999
pol_stability,MDG,2022,-0.525026099999999
pol_stability,MDG,2021,-0.4612648
pol_stability,MDG,2020,-0.574674
pol_stability,MDG,2019,-0.529453
pol_stability,MDG,2018,-0.7625617
pol_stability,MDG,2017,-0.535016199999999
pol_stability,MDG,2016,-0.4661162
pol_stability,MDG,2015,-0.526357699999999
pol_stability,MDG,2014,-0.5624437
pol_stability,MWI,2024,-0.3802084
pol_stability,MWI,2023,-0.242439899999999
pol_stability,MWI,2022,-0.166924
pol_stability,MWI,2021,-0.102843499999999
pol_stability,MWI,2020,-0.0766165999999999
pol_stability,MWI,2019,-0.2824512
pol_stability,MWI,2018,-0.3896791
pol_stability,MWI,2017,-0.313000899999999
pol_stability,MWI,2016,-0.2578002
pol_stability,MWI,2015,-0.0522558
pol_stability,MWI,2014,-0.0287147
pol_stability,MYS,2024,0.3847799
pol_stability,MYS,2023,0.2281849
pol_stability,MYS,2022,0.2483001
pol_stability,MYS,2021,0.196108
pol_stability,MYS,2020,0.1400704
pol_stability,MYS,2019,0.1608892
pol_stability,MYS,2018,0.1769644
pol_stability,MYS,2017,-0.011848
pol_stability,MYS,2016,-0.0158376
pol_stability,MYS,2015,0.0447869
pol_stability,MYS,2014,0.0879800999999999
pol_stability,MDV,2024,-0.0544563
pol_stability,MDV,2023,0.0832571999999999
pol_stability,MDV,2022,0.2721525
pol_stability,MDV,2021,0.4430279
pol_stability,MDV,2020,0.2036825
pol_stability,MDV,2019,-0.0811059
pol_stability,MDV,2018,-0.135999999999999
pol_stability,MDV,2017,-0.0431782999999999
pol_stability,MDV,2016,0.079118
pol_stability,MDV,2015,0.0821002
pol_stability,MDV,2014,0.4805132
pol_stability,MLI,2024,-2.49096199999999
pol_stability,MLI,2023,-2.5578431
pol_stability,MLI,2022,-2.4680844
pol_stability,MLI,2021,-2.3319481
pol_stability,MLI,2020,-2.0594968
pol_stability,MLI,2019,-2.05500729999999
pol_stability,MLI,2018,-1.87828559999999
pol_stability,MLI,2017,-1.71864139999999
pol_stability,MLI,2016,-1.5338819
pol_stability,MLI,2015,-1.5535933
pol_stability,MLI,2014,-1.59000419999999
pol_stability,MLT,2024,0.8049169
pol_stability,MLT,2023,0.9382841
pol_stability,MLT,2022,0.9316852
pol_stability,MLT,2021,0.9318346
pol_stability,MLT,2020,0.9914658
pol_stability,MLT,2019,0.9193493
pol_stability,MLT,2018,1.1121321
pol_stability,MLT,2017,1.082828
pol_stability,MLT,2016,0.9368787
pol_stability,MLT,2015,0.9507103
pol_stability,MLT,2014,1.0486158
pol_stability,MHL,2024,1.2772187
pol_stability,MHL,2023,1.2823827
pol_stability,MHL,2022,1.2819745
pol_stability,MHL,2021,1.004613
pol_stability,MHL,2020,1.0394581
pol_stability,MHL,2019,1.1508696
pol_stability,MHL,2018,1.14243
pol_stability,MHL,2017,1.1385207
pol_stability,MHL,2016,0.8824277
pol_stability,MHL,2015,1.1425008
pol_stability,MHL,2014,1.5750282
pol_stability,MRT,2024,-0.5595872
pol_stability,MRT,2023,-0.504269499999999
pol_stability,MRT,2022,-0.2992865
pol_stability,MRT,2021,-0.5222228
pol_stability,MRT,2020,-0.6263455
pol_stability,MRT,2019,-0.645438
pol_stability,MRT,2018,-0.748524899999999
pol_stability,MRT,2017,-0.7637873
pol_stability,MRT,2016,-0.9065538
pol_stability,MRT,2015,-0.776510199999999
pol_stability,MRT,2014,-0.7612141
pol_stability,MUS,2024,0.7903521
pol_stability,MUS,2023,0.8348296
pol_stability,MUS,2022,0.8607357
pol_stability,MUS,2021,0.9264413
pol_stability,MUS,2020,0.928832
pol_stability,MUS,2019,0.9291254
pol_stability,MUS,2018,0.8991856
pol_stability,MUS,2017,1.0144918
pol_stability,MUS,2016,1.0313567
pol_stability,MUS,2015,1.0248107
pol_stability,MUS,2014,0.8096197
pol_stability,MEX,2024,-0.7154541
pol_stability,MEX,2023,-0.5984727
pol_stability,MEX,2022,-0.5890439
pol_stability,MEX,2021,-0.736204699999999
pol_stability,MEX,2020,-0.7772933
pol_stability,MEX,2019,-0.8974274
pol_stability,MEX,2018,-0.927316799999999
pol_stability,MEX,2017,-1.0455954
pol_stability,MEX,2016,-0.833912099999999
pol_stability,MEX,2015,-0.892263399999999
pol_stability,MEX,2014,-0.959658599999999
pol_stability,FSM,2024,1.499468
pol_stability,FSM,2023,1.5046321
pol_stability,FSM,2022,1.5042238000000001
pol_stability,FSM,2021,1.2268624
pol_stability,FSM,2020,1.1206831
pol_stability,FSM,2019,1.009383
pol_stability,FSM,2018,1.2058557
pol_stability,FSM,2017,1.0690453
pol_stability,FSM,2016,1.0686461
pol_stability,FSM,2015,1.071904
pol_stability,FSM,2014,1.0732124
pol_stability,MDA,2024,-0.3449915
pol_stability,MDA,2023,-0.2678685
pol_stability,MDA,2022,-0.2465629
pol_stability,MDA,2021,-0.0451684
pol_stability,MDA,2020,-0.149089399999999
pol_stability,MDA,2019,-0.1474608
pol_stability,MDA,2018,-0.2383059
pol_stability,MDA,2017,-0.181840299999999
pol_stability,MDA,2016,-0.1842961
pol_stability,MDA,2015,-0.1714471
pol_stability,MDA,2014,-0.0788413999999999
pol_stability,MCO,2024,1.2387076
pol_stability,MCO,2023,1.3791391
pol_stability,MCO,2022,1.3786309
pol_stability,MCO,2021,1.2044193
pol_stability,MCO,2020,1.2062355
pol_stability,MCO,2019,1.5488694
pol_stability,MCO,2018,1.5480267
pol_stability,MCO,2017,1.5452189
pol_stability,MCO,2016,1.2026488
pol_stability,MCO,2015,1.2059066
pol_stability,MCO,2014,0.9378524
pol_stability,MNG,2024,0.4203821
pol_stability,MNG,2023,0.6432601
pol_stability,MNG,2022,0.6315013
pol_stability,MNG,2021,0.7338327
pol_stability,MNG,2020,0.7498288
pol_stability,MNG,2019,0.7382926
pol_stability,MNG,2018,0.7490657
pol_stability,MNG,2017,0.716039
pol_stability,MNG,2016,0.7157785
pol_stability,MNG,2015,0.7608377
pol_stability,MNG,2014,0.887271
pol_stability,MNE,2024,0.3318563
pol_stability,MNE,2023,0.262079
pol_stability,MNE,2022,0.0236518
pol_stability,MNE,2021,-0.0332398999999999
pol_stability,MNE,2020,0.0295754
pol_stability,MNE,2019,0.1956009
pol_stability,MNE,2018,0.131692
pol_stability,MNE,2017,0.0506422
pol_stability,MNE,2016,0.2828464
pol_stability,MNE,2015,0.2272366
pol_stability,MNE,2014,0.30432940000000003
pol_stability,MAR,2024,-0.4408003
pol_stability,MAR,2023,-0.534977199999999
pol_stability,MAR,2022,-0.492008
pol_stability,MAR,2021,-0.4686437
pol_stability,MAR,2020,-0.409449199999999
pol_stability,MAR,2019,-0.390399499999999
pol_stability,MAR,2018,-0.426450799999999
pol_stability,MAR,2017,-0.5065227
pol_stability,MAR,2016,-0.4710854
pol_stability,MAR,2015,-0.4546654
pol_stability,MAR,2014,-0.4094598
pol_stability,MOZ,2024,-1.7581974
pol_stability,MOZ,2023,-1.41840379999999
pol_stability,MOZ,2022,-1.3208653
pol_stability,MOZ,2021,-1.2675269
pol_stability,MOZ,2020,-1.34575129999999
pol_stability,MOZ,2019,-0.8295224
pol_stability,MOZ,2018,-0.798038799999999
pol_stability,MOZ,2017,-1.06530219999999
pol_stability,MOZ,2016,-1.2808563
pol_stability,MOZ,2015,-0.6842917
pol_stability,MOZ,2014,-0.6196453
pol_stability,MMR,2024,-2.0903985
pol_stability,MMR,2023,-2.2086828
pol_stability,MMR,2022,-2.2412758
pol_stability,MMR,2021,-2.09394989999999
pol_stability,MMR,2020,-1.5318775
pol_stability,MMR,2019,-1.3625611
pol_stability,MMR,2018,-1.29787299999999
pol_stability,MMR,2017,-1.24136
pol_stability,MMR,2016,-1.01961219999999
pol_stability,MMR,2015,-1.123947
pol_stability,MMR,2014,-1.1507422
pol_stability,NAM,2024,0.5467327
pol_stability,NAM,2023,0.4150583
pol_stability,NAM,2022,0.3736395
pol_stability,NAM,2021,0.5136089
pol_stability,NAM,2020,0.5126308
pol_stability,NAM,2019,0.5859149
pol_stability,NAM,2018,0.6942559
pol_stability,NAM,2017,0.6294292
pol_stability,NAM,2016,0.6657313
pol_stability,NAM,2015,0.7175058
pol_stability,NAM,2014,0.6369054
pol_stability,NRU,2024,1.1047052
pol_stability,NRU,2023,1.0356891
pol_stability,NRU,2022,0.9276426
pol_stability,NRU,2021,0.7572142
pol_stability,NRU,2020,0.7590998
pol_stability,NRU,2019,0.7595804
pol_stability,NRU,2018,0.8079535
pol_stability,NRU,2017,0.8241821
pol_stability,NRU,2016,1.0101963
pol_stability,NRU,2015,1.0147322
pol_stability,NRU,2014,1.4041403
pol_stability,NPL,2024,-0.414613399999999
pol_stability,NPL,2023,-0.312959
pol_stability,NPL,2022,-0.3755496
pol_stability,NPL,2021,-0.2520173
pol_stability,NPL,2020,-0.250305599999999
pol_stability,NPL,2019,-0.4056357
pol_stability,NPL,2018,-0.495786599999999
pol_stability,NPL,2017,-0.5502541
pol_stability,NPL,2016,-0.9210801
pol_stability,NPL,2015,-1.0154123
pol_stability,NPL,2014,-0.8435975
pol_stability,NLD,2024,0.4281196
pol_stability,NLD,2023,0.6084395
pol_stability,NLD,2022,0.6252296
pol_stability,NLD,2021,0.732977
pol_stability,NLD,2020,0.7092891
pol_stability,NLD,2019,0.6985452
pol_stability,NLD,2018,0.7930988
pol_stability,NLD,2017,0.7820237
pol_stability,NLD,2016,0.880799
pol_stability,NLD,2015,0.9118761
pol_stability,NLD,2014,1.0691945
pol_stability,NCL,2024,1.0976197
pol_stability,NCL,2023,1.1167211
pol_stability,NCL,2022,1.1152109
pol_stability,NCL,2021,1.1123709
pol_stability,NCL,2020,1.0443731
pol_stability,NCL,2019,1.0596771
pol_stability,NCL,2018,0.9953247
pol_stability,NCL,2017,NA
pol_stability,NCL,2016,NA
pol_stability,NCL,2015,NA
pol_stability,NCL,2014,NA
pol_stability,NZL,2024,1.1506563
pol_stability,NZL,2023,1.2849613
pol_stability,NZL,2022,1.2327589
pol_stability,NZL,2021,1.3569818
pol_stability,NZL,2020,1.4605501
pol_stability,NZL,2019,1.3883859
pol_stability,NZL,2018,1.4448939
pol_stability,NZL,2017,1.4924848
pol_stability,NZL,2016,1.4642557
pol_stability,NZL,2015,1.4661127
pol_stability,NZL,2014,1.4958227
pol_stability,NIC,2024,-0.0694255
pol_stability,NIC,2023,-0.0652355999999999
pol_stability,NIC,2022,-0.168460299999999
pol_stability,NIC,2021,-0.4075357
pol_stability,NIC,2020,-0.5232726
pol_stability,NIC,2019,-0.944804499999999
pol_stability,NIC,2018,-1.1119701
pol_stability,NIC,2017,-0.181501599999999
pol_stability,NIC,2016,-0.1674906
pol_stability,NIC,2015,-0.176230399999999
pol_stability,NIC,2014,-0.1441664
pol_stability,NER,2024,-1.7634214
pol_stability,NER,2023,-1.65337929999999
pol_stability,NER,2022,-1.299076
pol_stability,NER,2021,-1.4793091
pol_stability,NER,2020,-1.502479
pol_stability,NER,2019,-1.19014889999999
pol_stability,NER,2018,-1.1906754
pol_stability,NER,2017,-1.0412801
pol_stability,NER,2016,-0.944319999999999
pol_stability,NER,2015,-0.7994889
pol_stability,NER,2014,-0.9806619
pol_stability,NGA,2024,-2.0025616999999998
pol_stability,NGA,2023,-1.9559706
pol_stability,NGA,2022,-1.9526169
pol_stability,NGA,2021,-2.0135756
pol_stability,NGA,2020,-2.0090379
pol_stability,NGA,2019,-1.97320729999999
pol_stability,NGA,2018,-1.8854786
pol_stability,NGA,2017,-1.90978539999999
pol_stability,NGA,2016,-1.7100665
pol_stability,NGA,2015,-1.66777129999999
pol_stability,NGA,2014,-2.18554969999999
pol_stability,MKD,2024,0.1558087
pol_stability,MKD,2023,0.2173102
pol_stability,MKD,2022,0.3218511
pol_stability,MKD,2021,0.0908151
pol_stability,MKD,2020,0.0891281999999999
pol_stability,MKD,2019,0.0391432
pol_stability,MKD,2018,-0.1184433
pol_stability,MKD,2017,-0.249481799999999
pol_stability,MKD,2016,-0.3424451
pol_stability,MKD,2015,-0.2204312
pol_stability,MKD,2014,0.2261526
pol_stability,NOR,2024,0.9032646
pol_stability,NOR,2023,0.9361906
pol_stability,NOR,2022,0.9197731
pol_stability,NOR,2021,1.0721678
pol_stability,NOR,2020,1.2049763
pol_stability,NOR,2019,1.0766478
pol_stability,NOR,2018,1.1115481
pol_stability,NOR,2017,1.0956942
pol_stability,NOR,2016,1.1454306
pol_stability,NOR,2015,1.1710873
pol_stability,NOR,2014,1.1999067
pol_stability,OMN,2024,0.6272361
pol_stability,OMN,2023,0.5521576
pol_stability,OMN,2022,0.4399615
pol_stability,OMN,2021,0.3902352
pol_stability,OMN,2020,0.468834
pol_stability,OMN,2019,0.5167644
pol_stability,OMN,2018,0.5392522
pol_stability,OMN,2017,0.5468563
pol_stability,OMN,2016,0.5065831
pol_stability,OMN,2015,0.6155394
pol_stability,OMN,2014,0.5698008
pol_stability,PAK,2024,-2.0634311
pol_stability,PAK,2023,-1.9403838
pol_stability,PAK,2022,-1.7555938
pol_stability,PAK,2021,-1.6496402
pol_stability,PAK,2020,-1.5881564
pol_stability,PAK,2019,-1.9293422
pol_stability,PAK,2018,-1.9857782
pol_stability,PAK,2017,-2.2184098
pol_stability,PAK,2016,-2.3350493
pol_stability,PAK,2015,-2.4299435
pol_stability,PAK,2014,-2.46216149999999
pol_stability,PLW,2024,1.2387076
pol_stability,PLW,2023,1.2451365
pol_stability,PLW,2022,1.2446282
pol_stability,PLW,2021,1.1404301
pol_stability,PLW,2020,1.1429587
pol_stability,PLW,2019,1.1436032
pol_stability,PLW,2018,1.14243
pol_stability,PLW,2017,1.1385207
pol_stability,PLW,2016,0.951395
pol_stability,PLW,2015,0.9559309
pol_stability,PLW,2014,1.5750282
pol_stability,PAN,2024,0.264681
pol_stability,PAN,2023,0.3693808
pol_stability,PAN,2022,0.428471
pol_stability,PAN,2021,0.3538332
pol_stability,PAN,2020,0.3368353
pol_stability,PAN,2019,0.399288
pol_stability,PAN,2018,0.364313
pol_stability,PAN,2017,0.457992
pol_stability,PAN,2016,0.4612991
pol_stability,PAN,2015,0.4833108
pol_stability,PAN,2014,0.2814967
pol_stability,PNG,2024,-0.653875
pol_stability,PNG,2023,-0.530809
pol_stability,PNG,2022,-0.6856785
pol_stability,PNG,2021,-0.747625099999999
pol_stability,PNG,2020,-0.768714799999999
pol_stability,PNG,2019,-0.799196999999999
pol_stability,PNG,2018,-0.7969145
pol_stability,PNG,2017,-0.8689907
pol_stability,PNG,2016,-0.757626799999999
pol_stability,PNG,2015,-0.693792299999999
pol_stability,PNG,2014,-0.669148299999999
pol_stability,PRY,2024,-0.0738359
pol_stability,PRY,2023,0.00238379999999999
pol_stability,PRY,2022,-0.0659073999999999
pol_stability,PRY,2021,-0.0550381999999999
pol_stability,PRY,2020,0.0082817
pol_stability,PRY,2019,0.0355269
pol_stability,PRY,2018,-0.0337829
pol_stability,PRY,2017,-0.0283019999999999
pol_stability,PRY,2016,0.0944783
pol_stability,PRY,2015,0.0826536
pol_stability,PRY,2014,0.0107526
pol_stability,PER,2024,-0.6544223
pol_stability,PER,2023,-0.7239502
pol_stability,PER,2022,-0.6566212
pol_stability,PER,2021,-0.334168099999999
pol_stability,PER,2020,-0.2963963
pol_stability,PER,2019,-0.0888854999999999
pol_stability,PER,2018,-0.1689403
pol_stability,PER,2017,-0.2242779
pol_stability,PER,2016,-0.1794896
pol_stability,PER,2015,-0.321351999999999
pol_stability,PER,2014,-0.4040664
pol_stability,PHL,2024,-0.7741477
pol_stability,PHL,2023,-0.709066
pol_stability,PHL,2022,-0.899042399999999
pol_stability,PHL,2021,-1.0935816
pol_stability,PHL,2020,-0.9415427
pol_stability,PHL,2019,-1.0094929
pol_stability,PHL,2018,-1.06677739999999
pol_stability,PHL,2017,-1.2792545
pol_stability,PHL,2016,-1.4376683
pol_stability,PHL,2015,-0.926818599999999
pol_stability,PHL,2014,-0.805762
pol_stability,POL,2024,0.498655
pol_stability,POL,2023,0.5055901
pol_stability,POL,2022,0.537484
pol_stability,POL,2021,0.5651963
pol_stability,POL,2020,0.5545247
pol_stability,POL,2019,0.6735951
pol_stability,POL,2018,0.630199
pol_stability,POL,2017,0.6020499
pol_stability,POL,2016,0.5712287
pol_stability,POL,2015,1.0637346
pol_stability,POL,2014,1.0543362
pol_stability,PRT,2024,0.536927
pol_stability,PRT,2023,0.7890296
pol_stability,PRT,2022,0.8869409
pol_stability,PRT,2021,0.9584396
pol_stability,PRT,2020,0.9830461
pol_stability,PRT,2019,0.9941251
pol_stability,PRT,2018,1.0917404
pol_stability,PRT,2017,1.054818
pol_stability,PRT,2016,0.9588082
pol_stability,PRT,2015,1.0004341
pol_stability,PRT,2014,0.9403714
pol_stability,PRI,2024,0.4382506
pol_stability,PRI,2023,0.2902359
pol_stability,PRI,2022,0.3070682
pol_stability,PRI,2021,0.4249881
pol_stability,PRI,2020,0.3722414
pol_stability,PRI,2019,0.1081481
pol_stability,PRI,2018,0.3034965
pol_stability,PRI,2017,0.4048918
pol_stability,PRI,2016,0.4983548
pol_stability,PRI,2015,0.642722
pol_stability,PRI,2014,0.6356965
pol_stability,QAT,2024,0.9511752
pol_stability,QAT,2023,1.0147153
pol_stability,QAT,2022,0.9163182
pol_stability,QAT,2021,0.9259515
pol_stability,QAT,2020,0.8905079
pol_stability,QAT,2019,0.882266
pol_stability,QAT,2018,0.8707185
pol_stability,QAT,2017,0.8357284
pol_stability,QAT,2016,0.8292355
pol_stability,QAT,2015,0.9673463
pol_stability,QAT,2014,1.1056965
pol_stability,ROU,2024,0.1588848
pol_stability,ROU,2023,0.4983587
pol_stability,ROU,2022,0.5499041
pol_stability,ROU,2021,0.6671952
pol_stability,ROU,2020,0.6180826
pol_stability,ROU,2019,0.64527
pol_stability,ROU,2018,0.1435505
pol_stability,ROU,2017,0.1382404
pol_stability,ROU,2016,0.3246759
pol_stability,ROU,2015,0.3468551
pol_stability,ROU,2014,0.2061238
pol_stability,RUS,2024,-0.903284699999999
pol_stability,RUS,2023,-0.8184163
pol_stability,RUS,2022,-0.740939599999999
pol_stability,RUS,2021,-0.5061895
pol_stability,RUS,2020,-0.5068977
pol_stability,RUS,2019,-0.3986491
pol_stability,RUS,2018,-0.3681038
pol_stability,RUS,2017,-0.5386198
pol_stability,RUS,2016,-0.7684605
pol_stability,RUS,2015,-0.7905888
pol_stability,RUS,2014,-0.6996599
pol_stability,RWA,2024,-0.0436888999999999
pol_stability,RWA,2023,0.0380223
pol_stability,RWA,2022,0.0294569
pol_stability,RWA,2021,0.115233
pol_stability,RWA,2020,0.1600853
pol_stability,RWA,2019,0.121607
pol_stability,RWA,2018,0.1598446
pol_stability,RWA,2017,0.094453
pol_stability,RWA,2016,-0.0457773
pol_stability,RWA,2015,0.098663599999999907
pol_stability,RWA,2014,-0.1267104
pol_stability,WSM,2024,1.2384523
pol_stability,WSM,2023,1.2435234
pol_stability,WSM,2022,1.2343417
pol_stability,WSM,2021,1.1396511
pol_stability,WSM,2020,1.1753028
pol_stability,WSM,2019,1.1468478
pol_stability,WSM,2018,0.9953036
pol_stability,WSM,2017,1.0690453
pol_stability,WSM,2016,1.0686461
pol_stability,WSM,2015,1.071904
pol_stability,WSM,2014,1.0732124
pol_stability,SMR,2024,1.3727102
pol_stability,SMR,2023,1.3791391
pol_stability,SMR,2022,1.3786309
pol_stability,SMR,2021,1.2044193
pol_stability,SMR,2020,1.2062355
pol_stability,SMR,2019,1.2066984
pol_stability,SMR,2018,1.3290002
pol_stability,SMR,2017,1.3250909
pol_stability,SMR,2016,1.3245352
pol_stability,SMR,2015,1.3290711
pol_stability,SMR,2014,1.5750282
pol_stability,STP,2024,0.4890127
pol_stability,STP,2023,0.6193032
pol_stability,STP,2022,0.4930734
pol_stability,STP,2021,0.6052679
pol_stability,STP,2020,0.4748721
pol_stability,STP,2019,0.5232443
pol_stability,STP,2018,0.4666013
pol_stability,STP,2017,0.2145007
pol_stability,STP,2016,0.2641856
pol_stability,STP,2015,0.3792166
pol_stability,STP,2014,0.4791965
pol_stability,SAU,2024,-0.048171
pol_stability,SAU,2023,-0.2452065
pol_stability,SAU,2022,-0.3617761
pol_stability,SAU,2021,-0.4672131
pol_stability,SAU,2020,-0.5528267
pol_stability,SAU,2019,-0.5528727
pol_stability,SAU,2018,-0.5983975
pol_stability,SAU,2017,-0.667506399999999
pol_stability,SAU,2016,-0.5059085
pol_stability,SAU,2015,-0.4683535
pol_stability,SAU,2014,-0.308626499999999
pol_stability,SEN,2024,-0.228555999999999
pol_stability,SEN,2023,-0.1534325
pol_stability,SEN,2022,-0.2028622
pol_stability,SEN,2021,-0.1040585
pol_stability,SEN,2020,-0.0271012
pol_stability,SEN,2019,0.0630715999999999
pol_stability,SEN,2018,-0.1420966
pol_stability,SEN,2017,-0.1422197
pol_stability,SEN,2016,-0.222101599999999
pol_stability,SEN,2015,-0.0746024
pol_stability,SEN,2014,-0.0890915999999999
pol_stability,SRB,2024,-0.168638999999999
pol_stability,SRB,2023,0.0879568999999999
pol_stability,SRB,2022,-0.0525867
pol_stability,SRB,2021,-0.0436914
pol_stability,SRB,2020,-0.0681568
pol_stability,SRB,2019,0.0620767
pol_stability,SRB,2018,0.1163728
pol_stability,SRB,2017,0.1168497
pol_stability,SRB,2016,0.1629002
pol_stability,SRB,2015,0.2787874
pol_stability,SRB,2014,0.1732464
pol_stability,SYC,2024,0.9164443
pol_stability,SYC,2023,0.9207856
pol_stability,SYC,2022,0.8411889
pol_stability,SYC,2021,0.7262104
pol_stability,SYC,2020,0.727409
pol_stability,SYC,2019,0.6921848
pol_stability,SYC,2018,0.7800693
pol_stability,SYC,2017,0.813523
pol_stability,SYC,2016,0.7625994
pol_stability,SYC,2015,0.7647495
pol_stability,SYC,2014,0.4579186
pol_stability,SLE,2024,-0.4501536
pol_stability,SLE,2023,-0.5558929
pol_stability,SLE,2022,-0.265426899999999
pol_stability,SLE,2021,-0.2367225
pol_stability,SLE,2020,-0.366900299999999
pol_stability,SLE,2019,-0.1611098
pol_stability,SLE,2018,-0.2065515
pol_stability,SLE,2017,-0.1470976
pol_stability,SLE,2016,-0.2703676
pol_stability,SLE,2015,-0.0242965
pol_stability,SLE,2014,-0.1346918
pol_stability,SGP,2024,1.2318778
pol_stability,SGP,2023,1.2040374
pol_stability,SGP,2022,1.164789
pol_stability,SGP,2021,1.2816641
pol_stability,SGP,2020,1.2855556
pol_stability,SGP,2019,1.2580714
pol_stability,SGP,2018,1.2994328
pol_stability,SGP,2017,1.3859813
pol_stability,SGP,2016,1.2788614
pol_stability,SGP,2015,1.1123429
pol_stability,SGP,2014,1.0665318
pol_stability,SVK,2024,0.6343713
pol_stability,SVK,2023,0.5856273
pol_stability,SVK,2022,0.5294743
pol_stability,SVK,2021,0.5857562
pol_stability,SVK,2020,0.6167177
pol_stability,SVK,2019,0.6744971
pol_stability,SVK,2018,0.7129564
pol_stability,SVK,2017,0.8542516
pol_stability,SVK,2016,0.7354497
pol_stability,SVK,2015,0.944233
pol_stability,SVK,2014,1.1421663
pol_stability,SVN,2024,0.7209146
pol_stability,SVN,2023,0.8589449
pol_stability,SVN,2022,0.7749516
pol_stability,SVN,2021,0.7356372
pol_stability,SVN,2020,0.7478672
pol_stability,SVN,2019,0.9481029
pol_stability,SVN,2018,0.9840178
pol_stability,SVN,2017,0.9455099
pol_stability,SVN,2016,1.0204175
pol_stability,SVN,2015,1.0294179
pol_stability,SVN,2014,1.054531
pol_stability,SLB,2024,0.7499116
pol_stability,SLB,2023,0.7318958
pol_stability,SLB,2022,0.7315157
pol_stability,SLB,2021,0.4456005
pol_stability,SLB,2020,0.5368126
pol_stability,SLB,2019,0.4195676
pol_stability,SLB,2018,0.3816525
pol_stability,SLB,2017,0.1156377
pol_stability,SLB,2016,0.360596
pol_stability,SLB,2015,0.6020153
pol_stability,SLB,2014,0.5553271
pol_stability,SOM,2024,-2.2630781
pol_stability,SOM,2023,-2.1717975
pol_stability,SOM,2022,-2.092858
pol_stability,SOM,2021,-2.60696149999999
pol_stability,SOM,2020,-2.3507544
pol_stability,SOM,2019,-2.0704895
pol_stability,SOM,2018,-2.06147769999999
pol_stability,SOM,2017,-2.022776
pol_stability,SOM,2016,-2.2701767
pol_stability,SOM,2015,-2.2815589
pol_stability,SOM,2014,-2.4369844
pol_stability,ZAF,2024,-0.6171348
pol_stability,ZAF,2023,-0.6397104
pol_stability,ZAF,2022,-0.6842882
pol_stability,ZAF,2021,-0.7738081
pol_stability,ZAF,2020,-0.2489513
pol_stability,ZAF,2019,-0.338256499999999
pol_stability,ZAF,2018,-0.299383199999999
pol_stability,ZAF,2017,-0.3828321
pol_stability,ZAF,2016,-0.3379116
pol_stability,ZAF,2015,-0.3104761
pol_stability,ZAF,2014,-0.2307109
pol_stability,SSD,2024,-1.4896464
pol_stability,SSD,2023,-1.52967079999999
pol_stability,SSD,2022,-1.6425543
pol_stability,SSD,2021,-2.21948739999999
pol_stability,SSD,2020,-2.1055063
pol_stability,SSD,2019,-2.39114589999999
pol_stability,SSD,2018,-2.3307387
pol_stability,SSD,2017,-2.44555199999999
pol_stability,SSD,2016,-2.33343
pol_stability,SSD,2015,-2.2792733
pol_stability,SSD,2014,-2.5030889
pol_stability,ESP,2024,-0.002992
pol_stability,ESP,2023,0.1484475
pol_stability,ESP,2022,0.1569762
pol_stability,ESP,2021,0.38323
pol_stability,ESP,2020,0.2956928
pol_stability,ESP,2019,0.267048
pol_stability,ESP,2018,0.3346558
pol_stability,ESP,2017,0.280621
pol_stability,ESP,2016,0.425985
pol_stability,ESP,2015,0.4353383
pol_stability,ESP,2014,0.4826214
pol_stability,LKA,2024,-0.350302399999999
pol_stability,LKA,2023,-0.670013
pol_stability,LKA,2022,-0.7621199
pol_stability,LKA,2021,-0.510938
pol_stability,LKA,2020,-0.1154138
pol_stability,LKA,2019,-0.173798099999999
pol_stability,LKA,2018,-0.2597255
pol_stability,LKA,2017,-0.179121299999999
pol_stability,LKA,2016,-0.1436337
pol_stability,LKA,2015,-0.0885947
pol_stability,LKA,2014,-0.553597999999999
pol_stability,KNA,2024,0.9121334
pol_stability,KNA,2023,0.918184
pol_stability,KNA,2022,0.9177056
pol_stability,KNA,2021,0.9147636
pol_stability,KNA,2020,0.9164728
pol_stability,KNA,2019,0.6646782
pol_stability,KNA,2018,0.6638851
pol_stability,KNA,2017,0.6612426
pol_stability,KNA,2016,0.6608669
pol_stability,KNA,2015,0.663933
pol_stability,KNA,2014,0.6712051
pol_stability,LCA,2024,1.0382485
pol_stability,LCA,2023,1.044299
pol_stability,LCA,2022,1.0438207
pol_stability,LCA,2021,0.868144
pol_stability,LCA,2020,0.8698532
pol_stability,LCA,2019,0.8702889
pol_stability,LCA,2018,0.8694958
pol_stability,LCA,2017,0.8668533
pol_stability,LCA,2016,0.9130972
pol_stability,LCA,2015,0.7434287
pol_stability,LCA,2014,0.7556725
pol_stability,VCT,2024,1.0382485
pol_stability,VCT,2023,1.044299
pol_stability,VCT,2022,1.0438207
pol_stability,VCT,2021,1.0408786
pol_stability,VCT,2020,1.0425879
pol_stability,VCT,2019,0.9169085
pol_stability,VCT,2018,0.7900001
pol_stability,VCT,2017,0.7873576
pol_stability,VCT,2016,0.9130972
pol_stability,VCT,2015,0.9161633
pol_stability,VCT,2014,0.7556725
pol_stability,SDN,2024,-2.0243381
pol_stability,SDN,2023,-2.0604154
pol_stability,SDN,2022,-1.92571989999999
pol_stability,SDN,2021,-1.7826483
pol_stability,SDN,2020,-1.3881394
pol_stability,SDN,2019,-1.65533209999999
pol_stability,SDN,2018,-1.71645009999999
pol_stability,SDN,2017,-1.9473364
pol_stability,SDN,2016,-2.16225439999999
pol_stability,SDN,2015,-2.0365601
pol_stability,SDN,2014,-2.2236606
pol_stability,SUR,2024,0.4782277
pol_stability,SUR,2023,0.3004618
pol_stability,SUR,2022,0.2466594
pol_stability,SUR,2021,0.3607899
pol_stability,SUR,2020,0.4628889
pol_stability,SUR,2019,0.1321528
pol_stability,SUR,2018,0.1496981
pol_stability,SUR,2017,0.1667453
pol_stability,SUR,2016,0.1759261
pol_stability,SUR,2015,0.2981115
pol_stability,SUR,2014,0.2245948
pol_stability,SWE,2024,0.6035115
pol_stability,SWE,2023,0.778803
pol_stability,SWE,2022,0.9419053
pol_stability,SWE,2021,0.9471541
pol_stability,SWE,2020,0.955794
pol_stability,SWE,2019,0.9427192
pol_stability,SWE,2018,0.928959
pol_stability,SWE,2017,0.8668924
pol_stability,SWE,2016,0.9187513
pol_stability,SWE,2015,0.9288589
pol_stability,SWE,2014,1.0182733
pol_stability,CHE,2024,0.9806678
pol_stability,CHE,2023,0.9907717
pol_stability,CHE,2022,1.0254452
pol_stability,CHE,2021,1.0255347
pol_stability,CHE,2020,1.1126481
pol_stability,CHE,2019,1.2001317
pol_stability,CHE,2018,1.2552678
pol_stability,CHE,2017,1.1641565
pol_stability,CHE,2016,1.2064894
pol_stability,CHE,2015,1.2751929
pol_stability,CHE,2014,1.422405
pol_stability,SYR,2024,-2.3680716
pol_stability,SYR,2023,-2.4379022
pol_stability,SYR,2022,-2.43824749999999
pol_stability,SYR,2021,-2.37452369999999
pol_stability,SYR,2020,-2.35367569999999
pol_stability,SYR,2019,-2.4527063
pol_stability,SYR,2018,-2.4238579
pol_stability,SYR,2017,-2.4453795
pol_stability,SYR,2016,-2.5955347
pol_stability,SYR,2015,-2.4382136
pol_stability,SYR,2014,-2.34971829999999
pol_stability,TJK,2024,-0.2756522
pol_stability,TJK,2023,-0.2876253
pol_stability,TJK,2022,-0.4282098
pol_stability,TJK,2021,-0.3984715
pol_stability,TJK,2020,-0.3288928
pol_stability,TJK,2019,-0.4236664
pol_stability,TJK,2018,-0.672519099999999
pol_stability,TJK,2017,-0.6533475
pol_stability,TJK,2016,-0.7460947
pol_stability,TJK,2015,-0.744602299999999
pol_stability,TJK,2014,-0.6152413
pol_stability,TZA,2024,-0.3895961
pol_stability,TZA,2023,-0.2367117
pol_stability,TZA,2022,-0.4815853
pol_stability,TZA,2021,-0.5751002
pol_stability,TZA,2020,-0.6629379
pol_stability,TZA,2019,-0.5522151
pol_stability,TZA,2018,-0.664168099999999
pol_stability,TZA,2017,-0.683829799999999
pol_stability,TZA,2016,-0.537573
pol_stability,TZA,2015,-0.476783499999999
pol_stability,TZA,2014,-0.5068917
pol_stability,THA,2024,-0.6833311
pol_stability,THA,2023,-0.4398775
pol_stability,THA,2022,-0.5671596
pol_stability,THA,2021,-0.6963747
pol_stability,THA,2020,-0.7333386
pol_stability,THA,2019,-0.588531399999999
pol_stability,THA,2018,-0.979869
pol_stability,THA,2017,-0.984692599999999
pol_stability,THA,2016,-1.12638439999999
pol_stability,THA,2015,-1.156024
pol_stability,THA,2014,-1.1368246
pol_stability,TLS,2024,0.5260108
pol_stability,TLS,2023,0.4358404
pol_stability,TLS,2022,0.4239118
pol_stability,TLS,2021,0.2660158
pol_stability,TLS,2020,0.2673205
pol_stability,TLS,2019,0.2676531
pol_stability,TLS,2018,0.2487237
pol_stability,TLS,2017,0.0703179999999999
pol_stability,TLS,2016,-0.1166
pol_stability,TLS,2015,-0.427259699999999
pol_stability,TLS,2014,-0.3601212
pol_stability,TGO,2024,-0.8094466
pol_stability,TGO,2023,-0.9186036
pol_stability,TGO,2022,-0.76039539999999906
pol_stability,TGO,2021,-0.6682329
pol_stability,TGO,2020,-0.8075061
pol_stability,TGO,2019,-0.8504632
pol_stability,TGO,2018,-0.8728328
pol_stability,TGO,2017,-0.835878399999999
pol_stability,TGO,2016,-0.280199
pol_stability,TGO,2015,-0.411126999999999
pol_stability,TGO,2014,-0.3001357
pol_stability,TON,2024,1.254781
pol_stability,TON,2023,1.2304624
pol_stability,TON,2022,1.3674794
pol_stability,TON,2021,1.111896
pol_stability,TON,2020,1.1156731
pol_stability,TON,2019,1.0102973
pol_stability,TON,2018,0.8562319
pol_stability,TON,2017,0.8010403
pol_stability,TON,2016,0.9346438
pol_stability,TON,2015,0.9379016
pol_stability,TON,2014,0.93921
pol_stability,TTO,2024,0.3600136
pol_stability,TTO,2023,0.3397269
pol_stability,TTO,2022,0.3498483
pol_stability,TTO,2021,0.1561926
pol_stability,TTO,2020,0.059501
pol_stability,TTO,2019,0.0986674999999999
pol_stability,TTO,2018,0.1156046
pol_stability,TTO,2017,0.0748617
pol_stability,TTO,2016,0.0441046
pol_stability,TTO,2015,0.0718896
pol_stability,TTO,2014,0.1740197
pol_stability,TUN,2024,-0.9248175
pol_stability,TUN,2023,-0.776038
pol_stability,TUN,2022,-0.7395623
pol_stability,TUN,2021,-0.6668946
pol_stability,TUN,2020,-0.4326193
pol_stability,TUN,2019,-0.5613583
pol_stability,TUN,2018,-0.5600278
pol_stability,TUN,2017,-0.7432926
pol_stability,TUN,2016,-0.8275855
pol_stability,TUN,2015,-0.681206
pol_stability,TUN,2014,-0.6013407
pol_stability,TUR,2024,-0.970710499999999
pol_stability,TUR,2023,-0.884477
pol_stability,TUR,2022,-0.935033599999999
pol_stability,TUR,2021,-0.9721057
pol_stability,TUR,2020,-1.0396051
pol_stability,TUR,2019,-1.1924541
pol_stability,TUR,2018,-1.1241116
pol_stability,TUR,2017,-1.70623179999999
pol_stability,TUR,2016,-1.7801696
pol_stability,TUR,2015,-1.10934889999999
pol_stability,TUR,2014,-0.7998074
pol_stability,TKM,2024,0.2455892
pol_stability,TKM,2023,0.2072195
pol_stability,TKM,2022,0.2106842
pol_stability,TKM,2021,-0.224582999999999
pol_stability,TKM,2020,-0.1270103
pol_stability,TKM,2019,-0.2189823
pol_stability,TKM,2018,-0.1316848
pol_stability,TKM,2017,-0.2289187
pol_stability,TKM,2016,-0.2753346
pol_stability,TKM,2015,-0.126391199999999
pol_stability,TKM,2014,0.0147681
pol_stability,TUV,2024,1.4687654
pol_stability,TUV,2023,1.4739295
pol_stability,TUV,2022,1.4735212
pol_stability,TUV,2021,1.2851524
pol_stability,TUV,2020,1.234863
pol_stability,TUV,2019,1.1436032
pol_stability,TUV,2018,1.3290002
pol_stability,TUV,2017,1.1385207
pol_stability,TUV,2016,1.3245352
pol_stability,TUV,2015,1.3290711
pol_stability,TUV,2014,1.549386
pol_stability,UGA,2024,-1.0222248
pol_stability,UGA,2023,-1.0298391
pol_stability,UGA,2022,-1.0920608
pol_stability,UGA,2021,-0.9440307
pol_stability,UGA,2020,-0.842814499999999
pol_stability,UGA,2019,-0.7746479
pol_stability,UGA,2018,-0.7395762
pol_stability,UGA,2017,-0.6855171
pol_stability,UGA,2016,-0.8144743
pol_stability,UGA,2015,-0.7914315
pol_stability,UGA,2014,-0.9764218
pol_stability,UKR,2024,-0.432315
pol_stability,UKR,2023,-0.545978
pol_stability,UKR,2022,-1.05075649999999
pol_stability,UKR,2021,-0.990563099999999
pol_stability,UKR,2020,-0.9599236
pol_stability,UKR,2019,-1.0320239
pol_stability,UKR,2018,-1.4461552
pol_stability,UKR,2017,-1.590004
pol_stability,UKR,2016,-1.6309394
pol_stability,UKR,2015,-1.8064426
pol_stability,UKR,2014,-1.99283679999999
pol_stability,ARE,2024,0.7886704
pol_stability,ARE,2023,0.7829523
pol_stability,ARE,2022,0.883216
pol_stability,ARE,2021,0.839581
pol_stability,ARE,2020,0.826942
pol_stability,ARE,2019,0.8295526
pol_stability,ARE,2018,0.8336611
pol_stability,ARE,2017,0.7192871
pol_stability,ARE,2016,0.6925969
pol_stability,ARE,2015,0.8382509
pol_stability,ARE,2014,0.8984847
pol_stability,GBR,2024,0.2577085
pol_stability,GBR,2023,0.3683427
pol_stability,GBR,2022,0.3676912
pol_stability,GBR,2021,0.4363658
pol_stability,GBR,2020,0.5102213
pol_stability,GBR,2019,0.5681497
pol_stability,GBR,2018,0.2825929
pol_stability,GBR,2017,0.4406625
pol_stability,GBR,2016,0.4498582
pol_stability,GBR,2015,0.537112
pol_stability,GBR,2014,0.5436244
pol_stability,USA,2024,-0.0951125
pol_stability,USA,2023,-0.193136399999999
pol_stability,USA,2022,-0.1626087
pol_stability,USA,2021,-0.126399999999999
pol_stability,USA,2020,-0.146807
pol_stability,USA,2019,0.0546375
pol_stability,USA,2018,0.2904961
pol_stability,USA,2017,0.1101294
pol_stability,USA,2016,0.3279152
pol_stability,USA,2015,0.6658794
pol_stability,USA,2014,0.6681229
pol_stability,URY,2024,1.2779376
pol_stability,URY,2023,1.181072
pol_stability,URY,2022,1.3035622
pol_stability,URY,2021,1.1500797
pol_stability,URY,2020,1.1512208
pol_stability,URY,2019,1.1553614
pol_stability,URY,2018,1.1130252
pol_stability,URY,2017,1.1129983
pol_stability,URY,2016,1.1217056
pol_stability,URY,2015,1.0884414
pol_stability,URY,2014,1.1017263
pol_stability,UZB,2024,-0.0267335
pol_stability,UZB,2023,-0.2504784
pol_stability,UZB,2022,-0.2325524
pol_stability,UZB,2021,-0.221247
pol_stability,UZB,2020,-0.3614058
pol_stability,UZB,2019,-0.2167593
pol_stability,UZB,2018,-0.2119487
pol_stability,UZB,2017,-0.2138791
pol_stability,UZB,2016,-0.2080446
pol_stability,UZB,2015,-0.3053458
pol_stability,UZB,2014,-0.2604881
pol_stability,VUT,2024,0.960216
pol_stability,VUT,2023,0.9649424
pol_stability,VUT,2022,0.9784231
pol_stability,VUT,2021,0.9586235
pol_stability,VUT,2020,0.9435444
pol_stability,VUT,2019,1.0281545
pol_stability,VUT,2018,1.021257
pol_stability,VUT,2017,0.8525004
pol_stability,VUT,2016,0.6867152
pol_stability,VUT,2015,0.6849315
pol_stability,VUT,2014,1.1753946
pol_stability,VEN,2024,-1.74042419999999
pol_stability,VEN,2023,-1.1035948
pol_stability,VEN,2022,-1.1268117
pol_stability,VEN,2021,-1.2895082
pol_stability,VEN,2020,-1.4257071
pol_stability,VEN,2019,-1.5120562
pol_stability,VEN,2018,-1.4649999
pol_stability,VEN,2017,-1.38006459999999
pol_stability,VEN,2016,-1.2150045
pol_stability,VEN,2015,-1.1927697
pol_stability,VEN,2014,-1.1741498
pol_stability,VNM,2024,0.0056736
pol_stability,VNM,2023,0.0907515
pol_stability,VNM,2022,0.1227944
pol_stability,VNM,2021,0.1345844
pol_stability,VNM,2020,0.1302346
pol_stability,VNM,2019,0.0916744999999999
pol_stability,VNM,2018,-0.0542592999999999
pol_stability,VNM,2017,0.1500179
pol_stability,VNM,2016,0.1824971
pol_stability,VNM,2015,0.0681785999999999
pol_stability,VNM,2014,-0.0126942
pol_stability,VIR,2024,0.9711697
pol_stability,VIR,2023,0.9788563
pol_stability,VIR,2022,0.9782486
pol_stability,VIR,2021,0.5654024
pol_stability,VIR,2020,0.9766825
pol_stability,VIR,2019,0.977236
pol_stability,VIR,2018,0.8160116
pol_stability,VIR,2017,0.8126545
pol_stability,VIR,2016,0.8121773
pol_stability,VIR,2015,1.2251811
pol_stability,VIR,2014,1.2267455
pol_stability,PSE,2024,-1.8763518
pol_stability,PSE,2023,-1.619148
pol_stability,PSE,2022,-1.5318512
pol_stability,PSE,2021,-1.6333144
pol_stability,PSE,2020,-1.7401966
pol_stability,PSE,2019,-1.523121
pol_stability,PSE,2018,-1.46491939999999
pol_stability,PSE,2017,-1.3682541
pol_stability,PSE,2016,-1.69362899999999
pol_stability,PSE,2015,-1.7310474
pol_stability,PSE,2014,-1.67333699999999
pol_stability,YEM,2024,-2.7505641
pol_stability,YEM,2023,-2.6264387
pol_stability,YEM,2022,-2.61245769999999
pol_stability,YEM,2021,-2.6676713
pol_stability,YEM,2020,-2.65635899999999
pol_stability,YEM,2019,-2.6172209
pol_stability,YEM,2018,-2.7242925
pol_stability,YEM,2017,-2.7305026
pol_stability,YEM,2016,-2.6405037
pol_stability,YEM,2015,-2.52514609999999
pol_stability,YEM,2014,-2.52247629999999
pol_stability,ZMB,2024,-0.1007849
pol_stability,ZMB,2023,-0.0111463999999999
pol_stability,ZMB,2022,0.0456326
pol_stability,ZMB,2021,-0.158277199999999
pol_stability,ZMB,2020,-0.3679359
pol_stability,ZMB,2019,-0.3690652
pol_stability,ZMB,2018,-0.2916638
pol_stability,ZMB,2017,-0.211101999999999
pol_stability,ZMB,2016,-0.2072561
pol_stability,ZMB,2015,0.0822748
pol_stability,ZMB,2014,-0.0580544
pol_stability,ZWE,2024,-1.0172382
pol_stability,ZWE,2023,-0.998213999999999
pol_stability,ZWE,2022,-0.8261001
pol_stability,ZWE,2021,-1.0184197
pol_stability,ZWE,2020,-1.0459616
pol_stability,ZWE,2019,-0.984582
pol_stability,ZWE,2018,-0.824492
pol_stability,ZWE,2017,-0.8348774
pol_stability,ZWE,2016,-0.9112005
pol_stability,ZWE,2015,-0.856518799999999
pol_stability,ZWE,2014,-0.976551899999999
aid_dependence,AFE,2025,NA
aid_dependence,AFE,2024,NA
aid_dependence,AFE,2023,NA
aid_dependence,AFE,2022,NA
aid_dependence,AFE,2021,3.19975188047356
aid_dependence,AFE,2020,4.03434247622712
aid_dependence,AFE,2019,2.90758288663884
aid_dependence,AFE,2018,2.77755362437999
aid_dependence,AFE,2017,2.92869305727703
aid_dependence,AFE,2016,3.08559639356876
aid_dependence,AFE,2015,2.89292109866895
aid_dependence,AFE,2014,2.68825702886858
aid_dependence,AFW,2025,NA
aid_dependence,AFW,2024,NA
aid_dependence,AFW,2023,NA
aid_dependence,AFW,2022,NA
aid_dependence,AFW,2021,1.909550749203
aid_dependence,AFW,2020,2.38152882236445
aid_dependence,AFW,2019,1.75974764484084
aid_dependence,AFW,2018,2.23821582394016
aid_dependence,AFW,2017,2.35622969455045
aid_dependence,AFW,2016,2.01920734859
aid_dependence,AFW,2015,1.93452766896191
aid_dependence,AFW,2014,1.68739720766293
aid_dependence,ARB,2025,NA
aid_dependence,ARB,2024,NA
aid_dependence,ARB,2023,NA
aid_dependence,ARB,2022,NA
aid_dependence,ARB,2021,1.29838250929126
aid_dependence,ARB,2020,1.25980048953655
aid_dependence,ARB,2019,1.0134987530614
aid_dependence,ARB,2018,1.16007746460709
aid_dependence,ARB,2017,1.13987790416325
aid_dependence,ARB,2016,1.08618466932886
aid_dependence,ARB,2015,0.797972575254276
aid_dependence,ARB,2014,0.756382182775975
aid_dependence,CSS,2025,NA
aid_dependence,CSS,2024,NA
aid_dependence,CSS,2023,NA
aid_dependence,CSS,2022,NA
aid_dependence,CSS,2021,1.1521565124255
aid_dependence,CSS,2020,1.07537306637964
aid_dependence,CSS,2019,0.847071761330652
aid_dependence,CSS,2018,0.607744090217093
aid_dependence,CSS,2017,0.394735429585335
aid_dependence,CSS,2016,0.338393548632317
aid_dependence,CSS,2015,0.327583947643871
aid_dependence,CSS,2014,0.645535567053308
aid_dependence,CEB,2025,NA
aid_dependence,CEB,2024,NA
aid_dependence,CEB,2023,NA
aid_dependence,CEB,2022,NA
aid_dependence,CEB,2021,NA
aid_dependence,CEB,2020,NA
aid_dependence,CEB,2019,NA
aid_dependence,CEB,2018,NA
aid_dependence,CEB,2017,NA
aid_dependence,CEB,2016,NA
aid_dependence,CEB,2015,NA
aid_dependence,CEB,2014,NA
aid_dependence,EAR,2025,NA
aid_dependence,EAR,2024,NA
aid_dependence,EAR,2023,NA
aid_dependence,EAR,2022,NA
aid_dependence,EAR,2021,0.534250669826156
aid_dependence,EAR,2020,0.592374472700607
aid_dependence,EAR,2019,0.466396821299042
aid_dependence,EAR,2018,0.512070332834504
aid_dependence,EAR,2017,0.475678990582024
aid_dependence,EAR,2016,0.493770845223608
aid_dependence,EAR,2015,0.452385813219405
aid_dependence,EAR,2014,0.44308931277799
aid_dependence,EAS,2025,NA
aid_dependence,EAS,2024,NA
aid_dependence,EAS,2023,0.0340177046015172
aid_dependence,EAS,2022,0.0305575152726741
aid_dependence,EAS,2021,0.0332781614571887
aid_dependence,EAS,2020,0.0459644501448443
aid_dependence,EAS,2019,0.0258401300920875
aid_dependence,EAS,2018,0.0306897854929796
aid_dependence,EAS,2017,0.0338670226123263
aid_dependence,EAS,2016,0.0332133092628113
aid_dependence,EAS,2015,0.0379994483516504
aid_dependence,EAS,2014,0.0420572468087329
aid_dependence,EAP,2025,NA
aid_dependence,EAP,2024,NA
aid_dependence,EAP,2023,0.0500284667311875
aid_dependence,EAP,2022,0.0449537772683652
aid_dependence,EAP,2021,0.0504419058586478
aid_dependence,EAP,2020,0.0722157655641305
aid_dependence,EAP,2019,0.0409737801889535
aid_dependence,EAP,2018,0.0493165483173721
aid_dependence,EAP,2017,0.0559081676656471
aid_dependence,EAP,2016,0.0561570999540777
aid_dependence,EAP,2015,0.063355564619235
aid_dependence,EAP,2014,0.0731670579206056
aid_dependence,TEA,2025,NA
aid_dependence,TEA,2024,NA
aid_dependence,TEA,2023,NA
aid_dependence,TEA,2022,NA
aid_dependence,TEA,2021,0.0434933617637199
aid_dependence,TEA,2020,0.0662444439720312
aid_dependence,TEA,2019,0.0355610282418858
aid_dependence,TEA,2018,0.0445296331808467
aid_dependence,TEA,2017,0.0499017057382728
aid_dependence,TEA,2016,0.0509371325316735
aid_dependence,TEA,2015,0.0573190321062314
aid_dependence,TEA,2014,0.066747991716939
aid_dependence,EMU,2025,NA
aid_dependence,EMU,2024,NA
aid_dependence,EMU,2023,NA
aid_dependence,EMU,2022,NA
aid_dependence,EMU,2021,NA
aid_dependence,EMU,2020,NA
aid_dependence,EMU,2019,NA
aid_dependence,EMU,2018,NA
aid_dependence,EMU,2017,NA
aid_dependence,EMU,2016,NA
aid_dependence,EMU,2015,NA
aid_dependence,EMU,2014,NA
aid_dependence,ECS,2025,NA
aid_dependence,ECS,2024,NA
aid_dependence,ECS,2023,0.170427220292349
aid_dependence,ECS,2022,0.140902519903482
aid_dependence,ECS,2021,0.0397622491493675
aid_dependence,ECS,2020,0.0462094644221522
aid_dependence,ECS,2019,0.0317610095577185
aid_dependence,ECS,2018,0.0352940900505319
aid_dependence,ECS,2017,0.0450974502801901
aid_dependence,ECS,2016,0.0476001403506452
aid_dependence,ECS,2015,0.0417222516687156
aid_dependence,ECS,2014,0.0435006028792869
aid_dependence,ECA,2025,NA
aid_dependence,ECA,2024,NA
aid_dependence,ECA,2023,2.24083922057189
aid_dependence,ECA,2022,2.03384117050456
aid_dependence,ECA,2021,0.627162645906557
aid_dependence,ECA,2020,0.727421857238587
aid_dependence,ECA,2019,0.500917404795211
aid_dependence,ECA,2018,0.576160634780593
aid_dependence,ECA,2017,0.668477893394941
aid_dependence,ECA,2016,0.680001402588519
aid_dependence,ECA,2015,0.570051863054183
aid_dependence,ECA,2014,0.607950840019519
aid_dependence,TEC,2025,NA
aid_dependence,TEC,2024,NA
aid_dependence,TEC,2023,NA
aid_dependence,TEC,2022,NA
aid_dependence,TEC,2021,0.210065947062251
aid_dependence,TEC,2020,0.277484872503868
aid_dependence,TEC,2019,0.174392680462147
aid_dependence,TEC,2018,0.202513386667083
aid_dependence,TEC,2017,0.251887234540657
aid_dependence,TEC,2016,0.281297735202257
aid_dependence,TEC,2015,0.235555334260407
aid_dependence,TEC,2014,0.223708854570777
aid_dependence,EUU,2025,NA
aid_dependence,EUU,2024,NA
aid_dependence,EUU,2023,NA
aid_dependence,EUU,2022,NA
aid_dependence,EUU,2021,NA
aid_dependence,EUU,2020,NA
aid_dependence,EUU,2019,NA
aid_dependence,EUU,2018,NA
aid_dependence,EUU,2017,NA
aid_dependence,EUU,2016,NA
aid_dependence,EUU,2015,NA
aid_dependence,EUU,2014,NA
aid_dependence,HPC,2025,NA
aid_dependence,HPC,2024,NA
aid_dependence,HPC,2023,NA
aid_dependence,HPC,2022,NA
aid_dependence,HPC,2021,5.53175912148789
aid_dependence,HPC,2020,6.81070639010744
aid_dependence,HPC,2019,5.34753614897899
aid_dependence,HPC,2018,5.33016094956646
aid_dependence,HPC,2017,5.55075442338875
aid_dependence,HPC,2016,5.51762661410628
aid_dependence,HPC,2015,5.6686302880493
aid_dependence,HPC,2014,5.5855572504519
aid_dependence,IBD,2025,NA
aid_dependence,IBD,2024,NA
aid_dependence,IBD,2023,NA
aid_dependence,IBD,2022,NA
aid_dependence,IBD,2021,0.111891518023157
aid_dependence,IBD,2020,0.116273254037688
aid_dependence,IBD,2019,0.0798687710027292
aid_dependence,IBD,2018,0.0940742505806142
aid_dependence,IBD,2017,0.110659142673059
aid_dependence,IBD,2016,0.125321438398842
aid_dependence,IBD,2015,0.11974687572664
aid_dependence,IBD,2014,0.129276453001954
aid_dependence,IBT,2025,NA
aid_dependence,IBT,2024,NA
aid_dependence,IBT,2023,NA
aid_dependence,IBT,2022,NA
aid_dependence,IBT,2021,0.34398904042135
aid_dependence,IBT,2020,0.411346703348098
aid_dependence,IBT,2019,0.314260548645414
aid_dependence,IBT,2018,0.333527336519263
aid_dependence,IBT,2017,0.348944566741772
aid_dependence,IBT,2016,0.35584023150889
aid_dependence,IBT,2015,0.344659371296752
aid_dependence,IBT,2014,0.340387337777935
aid_dependence,IDB,2025,NA
aid_dependence,IDB,2024,NA
aid_dependence,IDB,2023,NA
aid_dependence,IDB,2022,NA
aid_dependence,IDB,2021,1.12506439637054
aid_dependence,IDB,2020,1.28240716466438
aid_dependence,IDB,2019,0.994287736882175
aid_dependence,IDB,2018,1.05262789088838
aid_dependence,IDB,2017,1.14503295663144
aid_dependence,IDB,2016,1.03696908321831
aid_dependence,IDB,2015,1.07991338202735
aid_dependence,IDB,2014,1.05330035225543
aid_dependence,IDX,2025,NA
aid_dependence,IDX,2024,NA
aid_dependence,IDX,2023,NA
aid_dependence,IDX,2022,NA
aid_dependence,IDX,2021,5.14127997305312
aid_dependence,IDX,2020,6.09272922654446
aid_dependence,IDX,2019,5.0576468487387
aid_dependence,IDX,2018,5.38843091470973
aid_dependence,IDX,2017,5.33879548827661
aid_dependence,IDX,2016,5.06356740244239
aid_dependence,IDX,2015,5.04228090957099
aid_dependence,IDX,2014,5.01480322717875
aid_dependence,IDA,2025,NA
aid_dependence,IDA,2024,NA
aid_dependence,IDA,2023,NA
aid_dependence,IDA,2022,NA
aid_dependence,IDA,2021,3.23041441232301
aid_dependence,IDA,2020,3.78770628373213
aid_dependence,IDA,2019,3.02809094343913
aid_dependence,IDA,2018,3.37665585438805
aid_dependence,IDA,2017,3.3801444147813
aid_dependence,IDA,2016,3.12783412544319
aid_dependence,IDA,2015,3.02838867713778
aid_dependence,IDA,2014,2.95258344341155
aid_dependence,LTE,2025,NA
aid_dependence,LTE,2024,NA
aid_dependence,LTE,2023,NA
aid_dependence,LTE,2022,NA
aid_dependence,LTE,2021,0.0453655644279795
aid_dependence,LTE,2020,0.0590093233871129
aid_dependence,LTE,2019,0.0354054579093033
aid_dependence,LTE,2018,0.0436922427800847
aid_dependence,LTE,2017,0.0620666188479639
aid_dependence,LTE,2016,0.0652340456885788
aid_dependence,LTE,2015,0.0679836693240667
aid_dependence,LTE,2014,0.0751481397167421
aid_dependence,LCN,2025,NA
aid_dependence,LCN,2024,NA
aid_dependence,LCN,2023,0.162076359403057
aid_dependence,LCN,2022,0.20181097465902
aid_dependence,LCN,2021,0.210588653447754
aid_dependence,LCN,2020,0.261579769157729
aid_dependence,LCN,2019,0.156068373076168
aid_dependence,LCN,2018,0.184190282490545
aid_dependence,LCN,2017,0.148194632016487
aid_dependence,LCN,2016,0.216810888194952
aid_dependence,LCN,2015,0.174938061344187
aid_dependence,LCN,2014,0.146276283692158
aid_dependence,LAC,2025,NA
aid_dependence,LAC,2024,NA
aid_dependence,LAC,2023,0.181880138197781
aid_dependence,LAC,2022,0.226810312647793
aid_dependence,LAC,2021,0.239372624628438
aid_dependence,LAC,2020,0.297227889060984
aid_dependence,LAC,2019,0.175810384355542
aid_dependence,LAC,2018,0.207372491838725
aid_dependence,LAC,2017,0.165542496308503
aid_dependence,LAC,2016,0.24329849950995
aid_dependence,LAC,2015,0.195253871522467
aid_dependence,LAC,2014,0.160624596062671
aid_dependence,TLA,2025,NA
aid_dependence,TLA,2024,NA
aid_dependence,TLA,2023,NA
aid_dependence,TLA,2022,NA
aid_dependence,TLA,2021,0.194557543183806
aid_dependence,TLA,2020,0.230060924449765
aid_dependence,TLA,2019,0.13280910961195
aid_dependence,TLA,2018,0.154967830302661
aid_dependence,TLA,2017,0.119340461444911
aid_dependence,TLA,2016,0.145614881641758
aid_dependence,TLA,2015,0.150106783529411
aid_dependence,TLA,2014,0.128745364062374
aid_dependence,LDC,2025,NA
aid_dependence,LDC,2024,NA
aid_dependence,LDC,2023,NA
aid_dependence,LDC,2022,NA
aid_dependence,LDC,2021,4.67032744363647
aid_dependence,LDC,2020,5.47730923896072
aid_dependence,LDC,2019,4.55468472033337
aid_dependence,LDC,2018,4.87646281280687
aid_dependence,LDC,2017,4.70202900104965
aid_dependence,LDC,2016,4.55253911572441
aid_dependence,LDC,2015,4.59569813744784
aid_dependence,LDC,2014,4.47057957188985
aid_dependence,LMY,2025,NA
aid_dependence,LMY,2024,NA
aid_dependence,LMY,2023,0.669321365750036
aid_dependence,LMY,2022,0.654923049297004
aid_dependence,LMY,2021,0.571479160327056
aid_dependence,LMY,2020,0.635331602963193
aid_dependence,LMY,2019,0.515559190940119
aid_dependence,LMY,2018,0.544379577232282
aid_dependence,LMY,2017,0.572571499091464
aid_dependence,LMY,2016,0.601928707168787
aid_dependence,LMY,2015,0.56393566336313
aid_dependence,LMY,2014,0.601550826659339
aid_dependence,MEA,2025,NA
aid_dependence,MEA,2024,NA
aid_dependence,MEA,2023,0.71488037953634
aid_dependence,MEA,2022,0.680014369268731
aid_dependence,MEA,2021,0.985788534206716
aid_dependence,MEA,2020,0.976334207589154
aid_dependence,MEA,2019,0.842098231751107
aid_dependence,MEA,2018,0.919977103379266
aid_dependence,MEA,2017,0.898478508997193
aid_dependence,MEA,2016,0.920923246988805
aid_dependence,MEA,2015,0.765739317422557
aid_dependence,MEA,2014,1.03668069752655
aid_dependence,MNA,2025,NA
aid_dependence,MNA,2024,NA
aid_dependence,MNA,2023,1.69716792897916
aid_dependence,MNA,2022,1.59743680279227
aid_dependence,MNA,2021,2.21239324077107
aid_dependence,MNA,2020,2.11951243689438
aid_dependence,MNA,2019,1.86243405184117
aid_dependence,MNA,2018,2.00086085363024
aid_dependence,MNA,2017,1.83335059617896
aid_dependence,MNA,2016,1.82147211128469
aid_dependence,MNA,2015,1.54806243813288
aid_dependence,MNA,2014,2.1586389527624
aid_dependence,TMN,2025,NA
aid_dependence,TMN,2024,NA
aid_dependence,TMN,2023,NA
aid_dependence,TMN,2022,NA
aid_dependence,TMN,2021,1.66251342561528
aid_dependence,TMN,2020,1.52271092582607
aid_dependence,TMN,2019,1.35059012217898
aid_dependence,TMN,2018,1.5568713557429
aid_dependence,TMN,2017,1.35165379061001
aid_dependence,TMN,2016,1.26900711985476
aid_dependence,TMN,2015,0.93317663163965
aid_dependence,TMN,2014,0.929647884991013
aid_dependence,MIC,2025,NA
aid_dependence,MIC,2024,NA
aid_dependence,MIC,2023,0.319790425699673
aid_dependence,MIC,2022,0.296270093220941
aid_dependence,MIC,2021,0.246102545893089
aid_dependence,MIC,2020,0.28420288395554
aid_dependence,MIC,2019,0.209860038607159
aid_dependence,MIC,2018,0.221332477044047
aid_dependence,MIC,2017,0.245536088138077
aid_dependence,MIC,2016,0.264312243807024
aid_dependence,MIC,2015,0.260435936554444
aid_dependence,MIC,2014,0.271057753891841
aid_dependence,NAC,2025,NA
aid_dependence,NAC,2024,NA
aid_dependence,NAC,2023,0
aid_dependence,NAC,2022,0
aid_dependence,NAC,2021,0
aid_dependence,NAC,2020,0
aid_dependence,NAC,2019,0
aid_dependence,NAC,2018,0
aid_dependence,NAC,2017,0
aid_dependence,NAC,2016,0
aid_dependence,NAC,2015,0
aid_dependence,NAC,2014,0
aid_dependence,OED,2025,NA
aid_dependence,OED,2024,NA
aid_dependence,OED,2023,NA
aid_dependence,OED,2022,NA
aid_dependence,OED,2021,0.00601608421030058
aid_dependence,OED,2020,0.006380150244509
aid_dependence,OED,2019,0.00392337078715979
aid_dependence,OED,2018,0.00667459732608033
aid_dependence,OED,2017,0.00960833408516723
aid_dependence,OED,2016,0.0118447763109298
aid_dependence,OED,2015,0.00827414624398837
aid_dependence,OED,2014,0.0113105099388714
aid_dependence,OSS,2025,NA
aid_dependence,OSS,2024,NA
aid_dependence,OSS,2023,NA
aid_dependence,OSS,2022,NA
aid_dependence,OSS,2021,1.54718353579502
aid_dependence,OSS,2020,2.09159894435254
aid_dependence,OSS,2019,1.30675896169529
aid_dependence,OSS,2018,1.35652238721971
aid_dependence,OSS,2017,1.41947821797213
aid_dependence,OSS,2016,1.3343281171694
aid_dependence,OSS,2015,1.36775422721169
aid_dependence,OSS,2014,1.42568577401149
aid_dependence,PSS,2025,NA
aid_dependence,PSS,2024,NA
aid_dependence,PSS,2023,NA
aid_dependence,PSS,2022,NA
aid_dependence,PSS,2021,16.8389507720328
aid_dependence,PSS,2020,14.9628883697833
aid_dependence,PSS,2019,9.74030481654284
aid_dependence,PSS,2018,9.67275999431742
aid_dependence,PSS,2017,9.81590267859467
aid_dependence,PSS,2016,8.1099843676194
aid_dependence,PSS,2015,10.1672668091985
aid_dependence,PSS,2014,9.60744097132529
aid_dependence,PST,2025,NA
aid_dependence,PST,2024,NA
aid_dependence,PST,2023,NA
aid_dependence,PST,2022,NA
aid_dependence,PST,2021,0.00471594248156765
aid_dependence,PST,2020,0.00819163472918124
aid_dependence,PST,2019,0.00446242679691517
aid_dependence,PST,2018,0.0048041851231843
aid_dependence,PST,2017,0.00437172065855166
aid_dependence,PST,2016,0.0100264946303246
aid_dependence,PST,2015,0.00544164192874688
aid_dependence,PST,2014,0.00503156123947213
aid_dependence,PRE,2025,NA
aid_dependence,PRE,2024,NA
aid_dependence,PRE,2023,NA
aid_dependence,PRE,2022,NA
aid_dependence,PRE,2021,3.19221466056933
aid_dependence,PRE,2020,3.67861321787072
aid_dependence,PRE,2019,2.72667815712171
aid_dependence,PRE,2018,3.0702798363299
aid_dependence,PRE,2017,3.44219988138128
aid_dependence,PRE,2016,3.13694159610475
aid_dependence,PRE,2015,2.87158826458928
aid_dependence,PRE,2014,2.55445930004704
aid_dependence,SST,2025,NA
aid_dependence,SST,2024,NA
aid_dependence,SST,2023,NA
aid_dependence,SST,2022,NA
aid_dependence,SST,2021,2.09087467669479
aid_dependence,SST,2020,2.44647266091527
aid_dependence,SST,2019,1.58552068200335
aid_dependence,SST,2018,1.56549695138338
aid_dependence,SST,2017,1.54824751821138
aid_dependence,SST,2016,1.38334333424918
aid_dependence,SST,2015,1.4601028624510899
aid_dependence,SST,2014,1.56775467602236
aid_dependence,SAS,2025,NA
aid_dependence,SAS,2024,NA
aid_dependence,SAS,2023,0.263923313115156
aid_dependence,SAS,2022,0.255805467637511
aid_dependence,SAS,2021,0.280918785844905
aid_dependence,SAS,2020,0.310929745468095
aid_dependence,SAS,2019,0.266778447990756
aid_dependence,SAS,2018,0.224153375793425
aid_dependence,SAS,2017,0.288369291108746
aid_dependence,SAS,2016,0.261591524224982
aid_dependence,SAS,2015,0.319181040182153
aid_dependence,SAS,2014,0.30435566414769
aid_dependence,TSA,2025,NA
aid_dependence,TSA,2024,NA
aid_dependence,TSA,2023,NA
aid_dependence,TSA,2022,NA
aid_dependence,TSA,2021,0.472390039459904
aid_dependence,TSA,2020,0.522486979986833
aid_dependence,TSA,2019,0.449713358120629
aid_dependence,TSA,2018,0.386221357602443
aid_dependence,TSA,2017,0.487977540813176
aid_dependence,TSA,2016,0.516505869203405
aid_dependence,TSA,2015,0.649676655953372
aid_dependence,TSA,2014,0.671510933197153
aid_dependence,SSF,2025,NA
aid_dependence,SSF,2024,NA
aid_dependence,SSF,2023,3.14254898846237
aid_dependence,SSF,2022,2.73926935165632
aid_dependence,SSF,2021,3.08460867009845
aid_dependence,SSF,2020,3.64165248320047
aid_dependence,SSF,2019,2.67397590361704
aid_dependence,SSF,2018,2.90995332074871
aid_dependence,SSF,2017,3.04596963459354
aid_dependence,SSF,2016,2.95907148563132
aid_dependence,SSF,2015,2.73178890726192
aid_dependence,SSF,2014,2.53000397488906
aid_dependence,SSA,2025,NA
aid_dependence,SSA,2024,NA
aid_dependence,SSA,2023,3.14574249098898
aid_dependence,SSA,2022,2.74165244979321
aid_dependence,SSA,2021,3.08670249360424
aid_dependence,SSA,2020,3.64425188626958
aid_dependence,SSA,2019,2.67638081356652
aid_dependence,SSA,2018,2.91278230190168
aid_dependence,SSA,2017,3.04889676843635
aid_dependence,SSA,2016,2.96195777522098
aid_dependence,SSA,2015,2.73403959447617
aid_dependence,SSA,2014,2.53179606718762
aid_dependence,TSS,2025,NA
aid_dependence,TSS,2024,NA
aid_dependence,TSS,2023,NA
aid_dependence,TSS,2022,NA
aid_dependence,TSS,2021,2.58102307349846
aid_dependence,TSS,2020,3.19529441518277
aid_dependence,TSS,2019,2.32964272620349
aid_dependence,TSS,2018,2.54446049700422
aid_dependence,TSS,2017,2.69110295650654
aid_dependence,TSS,2016,2.59773404733837
aid_dependence,TSS,2015,2.44996208919209
aid_dependence,TSS,2014,2.21250813378768
aid_dependence,WLD,2025,NA
aid_dependence,WLD,2024,NA
aid_dependence,WLD,2023,0.243552654035157
aid_dependence,WLD,2022,0.240961710409931
aid_dependence,WLD,2021,0.207871332271864
aid_dependence,WLD,2020,0.2268514323978
aid_dependence,WLD,2019,0.184844454950137
aid_dependence,WLD,2018,0.192663440729443
aid_dependence,WLD,2017,0.201838396379221
aid_dependence,WLD,2016,0.207175012275554
aid_dependence,WLD,2015,0.194072173470899
aid_dependence,WLD,2014,0.202301234898897
aid_dependence,AFG,2025,NA
aid_dependence,AFG,2024,NA
aid_dependence,AFG,2023,17.7569368063585
aid_dependence,AFG,2022,26.9249447726712
aid_dependence,AFG,2021,32.7037592896055
aid_dependence,AFG,2020,20.9414654233233
aid_dependence,AFG,2019,21.6848338959654
aid_dependence,AFG,2018,20.73019959214
aid_dependence,AFG,2017,20.1022220144701
aid_dependence,AFG,2016,22.1760696250833
aid_dependence,AFG,2015,22.2043491978579
aid_dependence,AFG,2014,24.0420670948875
aid_dependence,ALB,2025,NA
aid_dependence,ALB,2024,NA
aid_dependence,ALB,2023,1.55490014914216
aid_dependence,ALB,2022,1.6951784085579
aid_dependence,ALB,2021,3.56780804907142
aid_dependence,ALB,2020,2.07177284176107
aid_dependence,ALB,2019,0.18286310529158
aid_dependence,ALB,2018,2.24263943411111
aid_dependence,ALB,2017,1.26676775313842
aid_dependence,ALB,2016,1.40410376830326
aid_dependence,ALB,2015,2.88797335011263
aid_dependence,ALB,2014,2.09555504580747
aid_dependence,DZA,2025,NA
aid_dependence,DZA,2024,NA
aid_dependence,DZA,2023,0.0828009927442537
aid_dependence,DZA,2022,0.0982000789628361
aid_dependence,DZA,2021,0.118767078693403
aid_dependence,DZA,2020,0.130189039989712
aid_dependence,DZA,2019,0.0912661070176374
aid_dependence,DZA,2018,0.0759518740097888
aid_dependence,DZA,2017,0.0930571577500736
aid_dependence,DZA,2016,0.0804790301517097
aid_dependence,DZA,2015,0.0387323217912093
aid_dependence,DZA,2014,0.0685055033231793
aid_dependence,ASM,2025,NA
aid_dependence,ASM,2024,NA
aid_dependence,ASM,2023,NA
aid_dependence,ASM,2022,NA
aid_dependence,ASM,2021,NA
aid_dependence,ASM,2020,NA
aid_dependence,ASM,2019,NA
aid_dependence,ASM,2018,NA
aid_dependence,ASM,2017,NA
aid_dependence,ASM,2016,NA
aid_dependence,ASM,2015,NA
aid_dependence,ASM,2014,NA
aid_dependence,AND,2025,NA
aid_dependence,AND,2024,NA
aid_dependence,AND,2023,NA
aid_dependence,AND,2022,NA
aid_dependence,AND,2021,NA
aid_dependence,AND,2020,NA
aid_dependence,AND,2019,NA
aid_dependence,AND,2018,NA
aid_dependence,AND,2017,NA
aid_dependence,AND,2016,NA
aid_dependence,AND,2015,NA
aid_dependence,AND,2014,NA
aid_dependence,AGO,2025,NA
aid_dependence,AGO,2024,NA
aid_dependence,AGO,2023,0.150204706881675
aid_dependence,AGO,2022,0.0797961262029847
aid_dependence,AGO,2021,0.341929007503151
aid_dependence,AGO,2020,0.208435515803862
aid_dependence,AGO,2019,0.0303601999165228
aid_dependence,AGO,2018,0.192775261372543
aid_dependence,AGO,2017,0.275138427968858
aid_dependence,AGO,2016,0.355944110815679
aid_dependence,AGO,2015,0.388047166160652
aid_dependence,AGO,2014,0.16212510755181
aid_dependence,ATG,2025,NA
aid_dependence,ATG,2024,NA
aid_dependence,ATG,2023,NA
aid_dependence,ATG,2022,NA
aid_dependence,ATG,2021,0.396401756074544
aid_dependence,ATG,2020,1.83663530345881
aid_dependence,ATG,2019,1.65904957770595
aid_dependence,ATG,2018,1.1106876858296
aid_dependence,ATG,2017,0.706241993155292
aid_dependence,ATG,2016,0.0131633381548326
aid_dependence,ATG,2015,0.110324257949268
aid_dependence,ATG,2014,0.193755863513855
aid_dependence,ARG,2025,NA
aid_dependence,ARG,2024,NA
aid_dependence,ARG,2023,0.0407582002003107
aid_dependence,ARG,2022,0.0619211619062744
aid_dependence,ARG,2021,0.0328356375784381
aid_dependence,ARG,2020,0.027462315909924
aid_dependence,ARG,2019,0.00220738841356853
aid_dependence,ARG,2018,0.0144682760468869
aid_dependence,ARG,2017,-1.85863547609448e-4
aid_dependence,ARG,2016,4.80450273324938e-4
aid_dependence,ARG,2015,-0.00323320205353614
aid_dependence,ARG,2014,0.00946475087588721
aid_dependence,ARM,2025,NA
aid_dependence,ARM,2024,NA
aid_dependence,ARM,2023,0.870714878854284
aid_dependence,ARM,2022,1.58388485668086
aid_dependence,ARM,2021,1.20768322298368
aid_dependence,ARM,2020,1.0256828433517
aid_dependence,ARM,2019,3.02896228940636
aid_dependence,ARM,2018,1.12034368334217
aid_dependence,ARM,2017,2.15824828245592
aid_dependence,ARM,2016,3.02500971938042
aid_dependence,ARM,2015,3.16412745673603
aid_dependence,ARM,2014,2.20437521362723
aid_dependence,ABW,2025,NA
aid_dependence,ABW,2024,NA
aid_dependence,ABW,2023,NA
aid_dependence,ABW,2022,NA
aid_dependence,ABW,2021,NA
aid_dependence,ABW,2020,NA
aid_dependence,ABW,2019,NA
aid_dependence,ABW,2018,NA
aid_dependence,ABW,2017,NA
aid_dependence,ABW,2016,NA
aid_dependence,ABW,2015,NA
aid_dependence,ABW,2014,NA
aid_dependence,AUS,2025,NA
aid_dependence,AUS,2024,NA
aid_dependence,AUS,2023,NA
aid_dependence,AUS,2022,NA
aid_dependence,AUS,2021,NA
aid_dependence,AUS,2020,NA
aid_dependence,AUS,2019,NA
aid_dependence,AUS,2018,NA
aid_dependence,AUS,2017,NA
aid_dependence,AUS,2016,NA
aid_dependence,AUS,2015,NA
aid_dependence,AUS,2014,NA
aid_dependence,AUT,2025,NA
aid_dependence,AUT,2024,NA
aid_dependence,AUT,2023,NA
aid_dependence,AUT,2022,NA
aid_dependence,AUT,2021,NA
aid_dependence,AUT,2020,NA
aid_dependence,AUT,2019,NA
aid_dependence,AUT,2018,NA
aid_dependence,AUT,2017,NA
aid_dependence,AUT,2016,NA
aid_dependence,AUT,2015,NA
aid_dependence,AUT,2014,NA
aid_dependence,AZE,2025,NA
aid_dependence,AZE,2024,NA
aid_dependence,AZE,2023,0.177593277770775
aid_dependence,AZE,2022,0.0659622190368467
aid_dependence,AZE,2021,0.0201258472349902
aid_dependence,AZE,2020,0.292363118959344
aid_dependence,AZE,2019,0.259777881601023
aid_dependence,AZE,2018,0.194911109054397
aid_dependence,AZE,2017,0.314144795057024
aid_dependence,AZE,2016,0.223179507613401
aid_dependence,AZE,2015,0.13543104302583
aid_dependence,AZE,2014,0.296565189147127
aid_dependence,BHS,2025,NA
aid_dependence,BHS,2024,NA
aid_dependence,BHS,2023,NA
aid_dependence,BHS,2022,NA
aid_dependence,BHS,2021,NA
aid_dependence,BHS,2020,NA
aid_dependence,BHS,2019,NA
aid_dependence,BHS,2018,NA
aid_dependence,BHS,2017,NA
aid_dependence,BHS,2016,NA
aid_dependence,BHS,2015,NA
aid_dependence,BHS,2014,NA
aid_dependence,BHR,2025,NA
aid_dependence,BHR,2024,NA
aid_dependence,BHR,2023,NA
aid_dependence,BHR,2022,NA
aid_dependence,BHR,2021,NA
aid_dependence,BHR,2020,NA
aid_dependence,BHR,2019,NA
aid_dependence,BHR,2018,NA
aid_dependence,BHR,2017,NA
aid_dependence,BHR,2016,NA
aid_dependence,BHR,2015,NA
aid_dependence,BHR,2014,NA
aid_dependence,BGD,2025,NA
aid_dependence,BGD,2024,NA
aid_dependence,BGD,2023,1.24954695482709
aid_dependence,BGD,2022,1.08804790683243
aid_dependence,BGD,2021,1.16176375396577
aid_dependence,BGD,2020,1.38043344611613
aid_dependence,BGD,2019,1.19872986153458
aid_dependence,BGD,2018,0.911021785754119
aid_dependence,BGD,2017,1.24451822350917
aid_dependence,BGD,2016,0.91223255541772
aid_dependence,BGD,2015,1.24770017322217
aid_dependence,BGD,2014,1.31373692992305
aid_dependence,BRB,2025,NA
aid_dependence,BRB,2024,NA
aid_dependence,BRB,2023,NA
aid_dependence,BRB,2022,NA
aid_dependence,BRB,2021,NA
aid_dependence,BRB,2020,NA
aid_dependence,BRB,2019,NA
aid_dependence,BRB,2018,NA
aid_dependence,BRB,2017,NA
aid_dependence,BRB,2016,NA
aid_dependence,BRB,2015,NA
aid_dependence,BRB,2014,NA
aid_dependence,BLR,2025,NA
aid_dependence,BLR,2024,NA
aid_dependence,BLR,2023,0.163628490419037
aid_dependence,BLR,2022,0.0248286664473665
aid_dependence,BLR,2021,0.210149521166487
aid_dependence,BLR,2020,0.555459602350462
aid_dependence,BLR,2019,0.340887371925231
aid_dependence,BLR,2018,0.205960428555063
aid_dependence,BLR,2017,-0.474971251810671
aid_dependence,BLR,2016,-0.0490628145165317
aid_dependence,BLR,2015,0.193435999064551
aid_dependence,BLR,2014,0.157768201702233
aid_dependence,BEL,2025,NA
aid_dependence,BEL,2024,NA
aid_dependence,BEL,2023,NA
aid_dependence,BEL,2022,NA
aid_dependence,BEL,2021,NA
aid_dependence,BEL,2020,NA
aid_dependence,BEL,2019,NA
aid_dependence,BEL,2018,NA
aid_dependence,BEL,2017,NA
aid_dependence,BEL,2016,NA
aid_dependence,BEL,2015,NA
aid_dependence,BEL,2014,NA
aid_dependence,BLZ,2025,NA
aid_dependence,BLZ,2024,NA
aid_dependence,BLZ,2023,1.08319954119534
aid_dependence,BLZ,2022,0.77462056027795
aid_dependence,BLZ,2021,3.31288391908814
aid_dependence,BLZ,2020,3.51493278993874
aid_dependence,BLZ,2019,1.61422134080681
aid_dependence,BLZ,2018,1.58862154792986
aid_dependence,BLZ,2017,1.59770126211093
aid_dependence,BLZ,2016,1.64225611006125
aid_dependence,BLZ,2015,1.34760930994632
aid_dependence,BLZ,2014,1.87779327675357
aid_dependence,BEN,2025,NA
aid_dependence,BEN,2024,NA
aid_dependence,BEN,2023,5.30930183562331
aid_dependence,BEN,2022,4.90434445810732
aid_dependence,BEN,2021,4.86619485925915
aid_dependence,BEN,2020,6.74972249628457
aid_dependence,BEN,2019,4.14914501333335
aid_dependence,BEN,2018,4.04494507868339
aid_dependence,BEN,2017,5.36703488982652
aid_dependence,BEN,2016,4.24972462163382
aid_dependence,BEN,2015,3.85632227778055
aid_dependence,BEN,2014,4.53217639304836
aid_dependence,BMU,2025,NA
aid_dependence,BMU,2024,NA
aid_dependence,BMU,2023,NA
aid_dependence,BMU,2022,NA
aid_dependence,BMU,2021,NA
aid_dependence,BMU,2020,NA
aid_dependence,BMU,2019,NA
aid_dependence,BMU,2018,NA
aid_dependence,BMU,2017,NA
aid_dependence,BMU,2016,NA
aid_dependence,BMU,2015,NA
aid_dependence,BMU,2014,NA
aid_dependence,BTN,2025,NA
aid_dependence,BTN,2024,NA
aid_dependence,BTN,2023,5.5095302677905
aid_dependence,BTN,2022,7.10424932642109
aid_dependence,BTN,2021,4.91299964955855
aid_dependence,BTN,2020,8.80005363209277
aid_dependence,BTN,2019,7.16990216872845
aid_dependence,BTN,2018,4.56683231329935
aid_dependence,BTN,2017,4.98383741257847
aid_dependence,BTN,2016,2.37548462151728
aid_dependence,BTN,2015,4.75669668140881
aid_dependence,BTN,2014,6.68547786051762
aid_dependence,BOL,2025,NA
aid_dependence,BOL,2024,NA
aid_dependence,BOL,2023,1.49664321074936
aid_dependence,BOL,2022,0.675597921724774
aid_dependence,BOL,2021,1.08382116309586
aid_dependence,BOL,2020,0.812523200589327
aid_dependence,BOL,2019,1.47100374059039
aid_dependence,BOL,2018,1.53678460487703
aid_dependence,BOL,2017,2.11752102886712
aid_dependence,BOL,2016,2.09033707693636
aid_dependence,BOL,2015,2.48270213871267
aid_dependence,BOL,2014,2.15525678647729
aid_dependence,BIH,2025,NA
aid_dependence,BIH,2024,NA
aid_dependence,BIH,2023,1.12054899426767
aid_dependence,BIH,2022,1.17733764216121
aid_dependence,BIH,2021,2.41974575106038
aid_dependence,BIH,2020,2.1872629141794
aid_dependence,BIH,2019,2.25666477470915
aid_dependence,BIH,2018,1.74829663060733
aid_dependence,BIH,2017,2.42391677065165
aid_dependence,BIH,2016,2.60279432517829
aid_dependence,BIH,2015,2.15801298587653
aid_dependence,BIH,2014,3.36816733032182
aid_dependence,BWA,2025,NA
aid_dependence,BWA,2024,NA
aid_dependence,BWA,2023,1.50291031181092
aid_dependence,BWA,2022,0.477952786281694
aid_dependence,BWA,2021,0.525850551755489
aid_dependence,BWA,2020,0.535380089896238
aid_dependence,BWA,2019,0.428909286689768
aid_dependence,BWA,2018,0.555766082604182
aid_dependence,BWA,2017,0.692684903145749
aid_dependence,BWA,2016,0.656683894203992
aid_dependence,BWA,2015,0.501184030053783
aid_dependence,BWA,2014,0.662552892652598
aid_dependence,BRA,2025,NA
aid_dependence,BRA,2024,NA
aid_dependence,BRA,2023,0.0329925477514535
aid_dependence,BRA,2022,0.0305176056694367
aid_dependence,BRA,2021,0.0689288714709019
aid_dependence,BRA,2020,0.0424601792942894
aid_dependence,BRA,2019,0.015006259128077
aid_dependence,BRA,2018,0.02387651287444
aid_dependence,BRA,2017,0.0135250398679085
aid_dependence,BRA,2016,0.0383834912534555
aid_dependence,BRA,2015,0.0567316650201827
aid_dependence,BRA,2014,0.0379272383486773
aid_dependence,VGB,2025,NA
aid_dependence,VGB,2024,NA
aid_dependence,VGB,2023,NA
aid_dependence,VGB,2022,NA
aid_dependence,VGB,2021,NA
aid_dependence,VGB,2020,NA
aid_dependence,VGB,2019,NA
aid_dependence,VGB,2018,NA
aid_dependence,VGB,2017,NA
aid_dependence,VGB,2016,NA
aid_dependence,VGB,2015,NA
aid_dependence,VGB,2014,NA
aid_dependence,BRN,2025,NA
aid_dependence,BRN,2024,NA
aid_dependence,BRN,2023,NA
aid_dependence,BRN,2022,NA
aid_dependence,BRN,2021,NA
aid_dependence,BRN,2020,NA
aid_dependence,BRN,2019,NA
aid_dependence,BRN,2018,NA
aid_dependence,BRN,2017,NA
aid_dependence,BRN,2016,NA
aid_dependence,BRN,2015,NA
aid_dependence,BRN,2014,NA
aid_dependence,BGR,2025,NA
aid_dependence,BGR,2024,NA
aid_dependence,BGR,2023,NA
aid_dependence,BGR,2022,NA
aid_dependence,BGR,2021,NA
aid_dependence,BGR,2020,NA
aid_dependence,BGR,2019,NA
aid_dependence,BGR,2018,NA
aid_dependence,BGR,2017,NA
aid_dependence,BGR,2016,NA
aid_dependence,BGR,2015,NA
aid_dependence,BGR,2014,NA
aid_dependence,BFA,2025,NA
aid_dependence,BFA,2024,NA
aid_dependence,BFA,2023,7.54222240820453
aid_dependence,BFA,2022,7.99509496743708
aid_dependence,BFA,2021,8.69088024398117
aid_dependence,BFA,2020,10.12720647571
aid_dependence,BFA,2019,7.23371107432041
aid_dependence,BFA,2018,7.71744567393734
aid_dependence,BFA,2017,6.5708855776918
aid_dependence,BFA,2016,8.39588391828273
aid_dependence,BFA,2015,8.840644303771
aid_dependence,BFA,2014,8.4225883244397
aid_dependence,BDI,2025,NA
aid_dependence,BDI,2024,NA
aid_dependence,BDI,2023,18.2750066014636
aid_dependence,BDI,2022,14.3731809981423
aid_dependence,BDI,2021,17.9498587124145
aid_dependence,BDI,2020,15.2344107396714
aid_dependence,BDI,2019,19.5502208771663
aid_dependence,BDI,2018,15.6667040094948
aid_dependence,BDI,2017,15.3929569343479
aid_dependence,BDI,2016,28.3795315874025
aid_dependence,BDI,2015,13.0534730074652
aid_dependence,BDI,2014,19.1481107478561
aid_dependence,CPV,2025,NA
aid_dependence,CPV,2024,NA
aid_dependence,CPV,2023,4.11309655811872
aid_dependence,CPV,2022,3.78185333901984
aid_dependence,CPV,2021,7.23782098240142
aid_dependence,CPV,2020,8.93238314889847
aid_dependence,CPV,2019,6.92038295746737
aid_dependence,CPV,2018,3.9046765369386
aid_dependence,CPV,2017,6.35461410183928
aid_dependence,CPV,2016,6.4369059581311
aid_dependence,CPV,2015,9.06346693324837
aid_dependence,CPV,2014,11.8704810467601
aid_dependence,KHM,2025,NA
aid_dependence,KHM,2024,NA
aid_dependence,KHM,2023,3.82098934230465
aid_dependence,KHM,2022,4.02910141105494
aid_dependence,KHM,2021,3.8762284164753
aid_dependence,KHM,2020,4.07846110586196
aid_dependence,KHM,2019,2.76116393974876
aid_dependence,KHM,2018,2.46194699258322
aid_dependence,KHM,2017,3.03472986695866
aid_dependence,KHM,2016,2.85581007702151
aid_dependence,KHM,2015,2.92965715934032
aid_dependence,KHM,2014,3.80232245183667
aid_dependence,CMR,2025,NA
aid_dependence,CMR,2024,NA
aid_dependence,CMR,2023,1.96523478281563
aid_dependence,CMR,2022,2.74507150229257
aid_dependence,CMR,2021,2.57967822765894
aid_dependence,CMR,2020,3.51110219788564
aid_dependence,CMR,2019,3.34554283308398
aid_dependence,CMR,2018,2.97159552702231
aid_dependence,CMR,2017,3.43376207434439
aid_dependence,CMR,2016,2.27502609422565
aid_dependence,CMR,2015,2.09029489548215
aid_dependence,CMR,2014,2.39790275648729
aid_dependence,CAN,2025,NA
aid_dependence,CAN,2024,NA
aid_dependence,CAN,2023,NA
aid_dependence,CAN,2022,NA
aid_dependence,CAN,2021,NA
aid_dependence,CAN,2020,NA
aid_dependence,CAN,2019,NA
aid_dependence,CAN,2018,NA
aid_dependence,CAN,2017,NA
aid_dependence,CAN,2016,NA
aid_dependence,CAN,2015,NA
aid_dependence,CAN,2014,NA
aid_dependence,CYM,2025,NA
aid_dependence,CYM,2024,NA
aid_dependence,CYM,2023,NA
aid_dependence,CYM,2022,NA
aid_dependence,CYM,2021,NA
aid_dependence,CYM,2020,NA
aid_dependence,CYM,2019,NA
aid_dependence,CYM,2018,NA
aid_dependence,CYM,2017,NA
aid_dependence,CYM,2016,NA
aid_dependence,CYM,2015,NA
aid_dependence,CYM,2014,NA
aid_dependence,CAF,2025,NA
aid_dependence,CAF,2024,NA
aid_dependence,CAF,2023,27.2523724328105
aid_dependence,CAF,2022,27.250920880235
aid_dependence,CAF,2021,24.5614011900616
aid_dependence,CAF,2020,33.9426044260817
aid_dependence,CAF,2019,28.3914592108344
aid_dependence,CAF,2018,26.8587345478905
aid_dependence,CAF,2017,23.5074748789554
aid_dependence,CAF,2016,27.425348533984
aid_dependence,CAF,2015,28.360529537577
aid_dependence,CAF,2014,31.9140147785208
aid_dependence,TCD,2025,NA
aid_dependence,TCD,2024,NA
aid_dependence,TCD,2023,6.60438148232283
aid_dependence,TCD,2022,4.11264080915221
aid_dependence,TCD,2021,4.35909031354751
aid_dependence,TCD,2020,6.98188710718764
aid_dependence,TCD,2019,4.32350743168364
aid_dependence,TCD,2018,5.77264254457821
aid_dependence,TCD,2017,4.9097667891971
aid_dependence,TCD,2016,4.86328239276989
aid_dependence,TCD,2015,4.2626310110577
aid_dependence,TCD,2014,2.23447112498487
aid_dependence,CHI,2025,NA
aid_dependence,CHI,2024,NA
aid_dependence,CHI,2023,NA
aid_dependence,CHI,2022,NA
aid_dependence,CHI,2021,NA
aid_dependence,CHI,2020,NA
aid_dependence,CHI,2019,NA
aid_dependence,CHI,2018,NA
aid_dependence,CHI,2017,NA
aid_dependence,CHI,2016,NA
aid_dependence,CHI,2015,NA
aid_dependence,CHI,2014,NA
aid_dependence,CHL,2025,NA
aid_dependence,CHL,2024,NA
aid_dependence,CHL,2023,NA
aid_dependence,CHL,2022,NA
aid_dependence,CHL,2021,NA
aid_dependence,CHL,2020,NA
aid_dependence,CHL,2019,NA
aid_dependence,CHL,2018,NA
aid_dependence,CHL,2017,0.0264884442017967
aid_dependence,CHL,2016,0.073611154466086
aid_dependence,CHL,2015,0.0229723773178231
aid_dependence,CHL,2014,0.0990059996517965
aid_dependence,CHN,2025,NA
aid_dependence,CHN,2024,NA
aid_dependence,CHN,2023,-0.0014730637020795
aid_dependence,CHN,2022,-0.00154418150046106
aid_dependence,CHN,2021,-0.00310837290907349
aid_dependence,CHN,2020,-0.00383509922382811
aid_dependence,CHN,2019,-0.00418045336207073
aid_dependence,CHN,2018,-0.00500663161982718
aid_dependence,CHN,2017,-0.00790600135182456
aid_dependence,CHN,2016,-0.00694219532942694
aid_dependence,CHN,2015,-0.00272790884728656
aid_dependence,CHN,2014,-0.00886123774889293
aid_dependence,COL,2025,NA
aid_dependence,COL,2024,NA
aid_dependence,COL,2023,0.287336263301899
aid_dependence,COL,2022,0.564767859064295
aid_dependence,COL,2021,0.607662444010856
aid_dependence,COL,2020,0.698331914308264
aid_dependence,COL,2019,0.27680217234925
aid_dependence,COL,2018,0.5464304780895
aid_dependence,COL,2017,0.277420468655709
aid_dependence,COL,2016,0.395751096807464
aid_dependence,COL,2015,0.468096872627634
aid_dependence,COL,2014,0.330493094137937
aid_dependence,COM,2025,NA
aid_dependence,COM,2024,NA
aid_dependence,COM,2023,11.2905767555958
aid_dependence,COM,2022,10.8064461621735
aid_dependence,COM,2021,11.9716282824871
aid_dependence,COM,2020,10.8458599396935
aid_dependence,COM,2019,6.20166470448126
aid_dependence,COM,2018,7.60862947607759
aid_dependence,COM,2017,6.20976301613207
aid_dependence,COM,2016,5.27749077390694
aid_dependence,COM,2015,6.77917327514846
aid_dependence,COM,2014,6.49419205980213
aid_dependence,COD,2025,NA
aid_dependence,COD,2024,NA
aid_dependence,COD,2023,6.41679298729654
aid_dependence,COD,2022,4.91697655311862
aid_dependence,COD,2021,6.32747165009459
aid_dependence,COD,2020,7.44911508134989
aid_dependence,COD,2019,6.38263970312112
aid_dependence,COD,2018,5.59190086514283
aid_dependence,COD,2017,6.28677166828181
aid_dependence,COD,2016,5.55995772647306
aid_dependence,COD,2015,6.95171956383518
aid_dependence,COD,2014,6.79641467403402
aid_dependence,COG,2025,NA
aid_dependence,COG,2024,NA
aid_dependence,COG,2023,2.74608828732032
aid_dependence,COG,2022,4.99611812875133
aid_dependence,COG,2021,1.5602114164385
aid_dependence,COG,2020,1.90274527934402
aid_dependence,COG,2019,1.41262639046593
aid_dependence,COG,2018,1.05051511783037
aid_dependence,COG,2017,1.04071804372953
aid_dependence,COG,2016,0.824999560322657
aid_dependence,COG,2015,0.717890299835203
aid_dependence,COG,2014,0.584002262706359
aid_dependence,CRI,2025,NA
aid_dependence,CRI,2024,NA
aid_dependence,CRI,2023,0.179584185982425
aid_dependence,CRI,2022,0.971904508993216
aid_dependence,CRI,2021,0.131312694801835
aid_dependence,CRI,2020,0.354734007266892
aid_dependence,CRI,2019,0.0939506294290975
aid_dependence,CRI,2018,0.167978108335413
aid_dependence,CRI,2017,0.173080123667091
aid_dependence,CRI,2016,0.178696408519449
aid_dependence,CRI,2015,0.206002216795777
aid_dependence,CRI,2014,0.109387138913348
aid_dependence,CIV,2025,NA
aid_dependence,CIV,2024,NA
aid_dependence,CIV,2023,3.05721422148846
aid_dependence,CIV,2022,2.86701014126948
aid_dependence,CIV,2021,2.23614576581598
aid_dependence,CIV,2020,2.5575881724243
aid_dependence,CIV,2019,2.0014336200397
aid_dependence,CIV,2018,1.68748542255382
aid_dependence,CIV,2017,1.62664063671652
aid_dependence,CIV,2016,1.30099651416889
aid_dependence,CIV,2015,1.45458720310932
aid_dependence,CIV,2014,1.92983591577288
aid_dependence,HRV,2025,NA
aid_dependence,HRV,2024,NA
aid_dependence,HRV,2023,NA
aid_dependence,HRV,2022,NA
aid_dependence,HRV,2021,NA
aid_dependence,HRV,2020,NA
aid_dependence,HRV,2019,NA
aid_dependence,HRV,2018,NA
aid_dependence,HRV,2017,NA
aid_dependence,HRV,2016,NA
aid_dependence,HRV,2015,NA
aid_dependence,HRV,2014,NA
aid_dependence,CUB,2025,NA
aid_dependence,CUB,2024,NA
aid_dependence,CUB,2023,NA
aid_dependence,CUB,2022,NA
aid_dependence,CUB,2021,NA
aid_dependence,CUB,2020,NA
aid_dependence,CUB,2019,0.48883523216247
aid_dependence,CUB,2018,0.760617950151897
aid_dependence,CUB,2017,0.769370278081566
aid_dependence,CUB,2016,2.99502869792109
aid_dependence,CUB,2015,0.648681877346644
aid_dependence,CUB,2014,0.328564395833209
aid_dependence,CUW,2025,NA
aid_dependence,CUW,2024,NA
aid_dependence,CUW,2023,NA
aid_dependence,CUW,2022,NA
aid_dependence,CUW,2021,NA
aid_dependence,CUW,2020,NA
aid_dependence,CUW,2019,NA
aid_dependence,CUW,2018,NA
aid_dependence,CUW,2017,NA
aid_dependence,CUW,2016,NA
aid_dependence,CUW,2015,NA
aid_dependence,CUW,2014,NA
aid_dependence,CYP,2025,NA
aid_dependence,CYP,2024,NA
aid_dependence,CYP,2023,NA
aid_dependence,CYP,2022,NA
aid_dependence,CYP,2021,NA
aid_dependence,CYP,2020,NA
aid_dependence,CYP,2019,NA
aid_dependence,CYP,2018,NA
aid_dependence,CYP,2017,NA
aid_dependence,CYP,2016,NA
aid_dependence,CYP,2015,NA
aid_dependence,CYP,2014,NA
aid_dependence,CZE,2025,NA
aid_dependence,CZE,2024,NA
aid_dependence,CZE,2023,NA
aid_dependence,CZE,2022,NA
aid_dependence,CZE,2021,NA
aid_dependence,CZE,2020,NA
aid_dependence,CZE,2019,NA
aid_dependence,CZE,2018,NA
aid_dependence,CZE,2017,NA
aid_dependence,CZE,2016,NA
aid_dependence,CZE,2015,NA
aid_dependence,CZE,2014,NA
aid_dependence,DNK,2025,NA
aid_dependence,DNK,2024,NA
aid_dependence,DNK,2023,NA
aid_dependence,DNK,2022,NA
aid_dependence,DNK,2021,NA
aid_dependence,DNK,2020,NA
aid_dependence,DNK,2019,NA
aid_dependence,DNK,2018,NA
aid_dependence,DNK,2017,NA
aid_dependence,DNK,2016,NA
aid_dependence,DNK,2015,NA
aid_dependence,DNK,2014,NA
aid_dependence,DJI,2025,NA
aid_dependence,DJI,2024,NA
aid_dependence,DJI,2023,5.55737773688242
aid_dependence,DJI,2022,1.6762070856579
aid_dependence,DJI,2021,5.34889403623268
aid_dependence,DJI,2020,8.56094953319485
aid_dependence,DJI,2019,8.80481139704985
aid_dependence,DJI,2018,6.46692058370355
aid_dependence,DJI,2017,5.41020686012741
aid_dependence,DJI,2016,7.34079725312288
aid_dependence,DJI,2015,7.23256448940297
aid_dependence,DJI,2014,7.56066465651097
aid_dependence,DMA,2025,NA
aid_dependence,DMA,2024,NA
aid_dependence,DMA,2023,7.98882793042529
aid_dependence,DMA,2022,9.50830696186532
aid_dependence,DMA,2021,14.0346578205649
aid_dependence,DMA,2020,11.9630703262883
aid_dependence,DMA,2019,8.09584585084785
aid_dependence,DMA,2018,4.27905689969789
aid_dependence,DMA,2017,3.39263811676226
aid_dependence,DMA,2016,1.44630700292777
aid_dependence,DMA,2015,2.08649121597524
aid_dependence,DMA,2014,2.92960338085222
aid_dependence,DOM,2025,NA
aid_dependence,DOM,2024,NA
aid_dependence,DOM,2023,0.576772865819527
aid_dependence,DOM,2022,0.337294384506612
aid_dependence,DOM,2021,0.49856504199572
aid_dependence,DOM,2020,0.502478443716313
aid_dependence,DOM,2019,0.154765745197846
aid_dependence,DOM,2018,0.109832083398286
aid_dependence,DOM,2017,0.156369848043145
aid_dependence,DOM,2016,0.244405123605484
aid_dependence,DOM,2015,0.41152545484191
aid_dependence,DOM,2014,0.260654706792746
aid_dependence,ECU,2025,NA
aid_dependence,ECU,2024,NA
aid_dependence,ECU,2023,0.470125181783251
aid_dependence,ECU,2022,0.330463029825029
aid_dependence,ECU,2021,0.286309750828479
aid_dependence,ECU,2020,0.373046759663522
aid_dependence,ECU,2019,0.486250011418791
aid_dependence,ECU,2018,0.386370960178933
aid_dependence,ECU,2017,0.206768999067418
aid_dependence,ECU,2016,0.254406801502726
aid_dependence,ECU,2015,0.333156623123443
aid_dependence,ECU,2014,0.163108906502578
aid_dependence,EGY,2025,NA
aid_dependence,EGY,2024,NA
aid_dependence,EGY,2023,0.126798709352918
aid_dependence,EGY,2022,1.26227769655957
aid_dependence,EGY,2021,1.9629864245859
aid_dependence,EGY,2020,0.419690389219
aid_dependence,EGY,2019,0.555010375873251
aid_dependence,EGY,2018,0.81187032393766
aid_dependence,EGY,2017,0.0135802533023002
aid_dependence,EGY,2016,0.743161059476641
aid_dependence,EGY,2015,0.779979711205745
aid_dependence,EGY,2014,1.18578916033979
aid_dependence,SLV,2025,NA
aid_dependence,SLV,2024,NA
aid_dependence,SLV,2023,1.5872306148612
aid_dependence,SLV,2022,2.37020969795951
aid_dependence,SLV,2021,0.783925298554637
aid_dependence,SLV,2020,1.46137941178528
aid_dependence,SLV,2019,1.18911006041148
aid_dependence,SLV,2018,1.0323962297113
aid_dependence,SLV,2017,0.642679544346044
aid_dependence,SLV,2016,0.562082222514529
aid_dependence,SLV,2015,0.401422331115688
aid_dependence,SLV,2014,0.454932185892022
aid_dependence,GNQ,2025,NA
aid_dependence,GNQ,2024,NA
aid_dependence,GNQ,2023,0.101676733652018
aid_dependence,GNQ,2022,0.121974396837717
aid_dependence,GNQ,2021,0.125661937649634
aid_dependence,GNQ,2020,0.0774431598088028
aid_dependence,GNQ,2019,0.697319610671458
aid_dependence,GNQ,2018,0.0582531003745514
aid_dependence,GNQ,2017,0.0611414791078857
aid_dependence,GNQ,2016,0.0759357569281053
aid_dependence,GNQ,2015,0.0661683438600046
aid_dependence,GNQ,2014,0.00293635879865331
aid_dependence,ERI,2025,NA
aid_dependence,ERI,2024,NA
aid_dependence,ERI,2023,NA
aid_dependence,ERI,2022,NA
aid_dependence,ERI,2021,NA
aid_dependence,ERI,2020,NA
aid_dependence,ERI,2019,NA
aid_dependence,ERI,2018,NA
aid_dependence,ERI,2017,NA
aid_dependence,ERI,2016,NA
aid_dependence,ERI,2015,NA
aid_dependence,ERI,2014,NA
aid_dependence,EST,2025,NA
aid_dependence,EST,2024,NA
aid_dependence,EST,2023,NA
aid_dependence,EST,2022,NA
aid_dependence,EST,2021,NA
aid_dependence,EST,2020,NA
aid_dependence,EST,2019,NA
aid_dependence,EST,2018,NA
aid_dependence,EST,2017,NA
aid_dependence,EST,2016,NA
aid_dependence,EST,2015,NA
aid_dependence,EST,2014,NA
aid_dependence,SWZ,2025,NA
aid_dependence,SWZ,2024,NA
aid_dependence,SWZ,2023,2.5601381303383
aid_dependence,SWZ,2022,2.23409193929015
aid_dependence,SWZ,2021,2.83658692951377
aid_dependence,SWZ,2020,2.84060517779019
aid_dependence,SWZ,2019,1.73091861357093
aid_dependence,SWZ,2018,2.80575012282922
aid_dependence,SWZ,2017,3.54192794324578
aid_dependence,SWZ,2016,4.19767596613852
aid_dependence,SWZ,2015,2.47086745157571
aid_dependence,SWZ,2014,2.10772434126083
aid_dependence,ETH,2025,NA
aid_dependence,ETH,2024,NA
aid_dependence,ETH,2023,3.9865591580612
aid_dependence,ETH,2022,4.0219836509139
aid_dependence,ETH,2021,3.75287603365377
aid_dependence,ETH,2020,5.40826686628567
aid_dependence,ETH,2019,5.1248606157298
aid_dependence,ETH,2018,5.95548979856702
aid_dependence,ETH,2017,5.43354958123975
aid_dependence,ETH,2016,5.98423881543787
aid_dependence,ETH,2015,5.23659101279756
aid_dependence,ETH,2014,6.46231213930173
aid_dependence,FRO,2025,NA
aid_dependence,FRO,2024,NA
aid_dependence,FRO,2023,NA
aid_dependence,FRO,2022,NA
aid_dependence,FRO,2021,NA
aid_dependence,FRO,2020,NA
aid_dependence,FRO,2019,NA
aid_dependence,FRO,2018,NA
aid_dependence,FRO,2017,NA
aid_dependence,FRO,2016,NA
aid_dependence,FRO,2015,NA
aid_dependence,FRO,2014,NA
aid_dependence,FJI,2025,NA
aid_dependence,FJI,2024,NA
aid_dependence,FJI,2023,3.68225335784346
aid_dependence,FJI,2022,7.66054314198629
aid_dependence,FJI,2021,15.6757592213939
aid_dependence,FJI,2020,4.97584139368935
aid_dependence,FJI,2019,2.6602681117556
aid_dependence,FJI,2018,2.31681657732311
aid_dependence,FJI,2017,2.95916510358913
aid_dependence,FJI,2016,2.52064512089142
aid_dependence,FJI,2015,2.33012896975084
aid_dependence,FJI,2014,2.0346612974256
aid_dependence,FIN,2025,NA
aid_dependence,FIN,2024,NA
aid_dependence,FIN,2023,NA
aid_dependence,FIN,2022,NA
aid_dependence,FIN,2021,NA
aid_dependence,FIN,2020,NA
aid_dependence,FIN,2019,NA
aid_dependence,FIN,2018,NA
aid_dependence,FIN,2017,NA
aid_dependence,FIN,2016,NA
aid_dependence,FIN,2015,NA
aid_dependence,FIN,2014,NA
aid_dependence,FRA,2025,NA
aid_dependence,FRA,2024,NA
aid_dependence,FRA,2023,NA
aid_dependence,FRA,2022,NA
aid_dependence,FRA,2021,NA
aid_dependence,FRA,2020,NA
aid_dependence,FRA,2019,NA
aid_dependence,FRA,2018,NA
aid_dependence,FRA,2017,NA
aid_dependence,FRA,2016,NA
aid_dependence,FRA,2015,NA
aid_dependence,FRA,2014,NA
aid_dependence,PYF,2025,NA
aid_dependence,PYF,2024,NA
aid_dependence,PYF,2023,NA
aid_dependence,PYF,2022,NA
aid_dependence,PYF,2021,NA
aid_dependence,PYF,2020,NA
aid_dependence,PYF,2019,NA
aid_dependence,PYF,2018,NA
aid_dependence,PYF,2017,NA
aid_dependence,PYF,2016,NA
aid_dependence,PYF,2015,NA
aid_dependence,PYF,2014,NA
aid_dependence,GAB,2025,NA
aid_dependence,GAB,2024,NA
aid_dependence,GAB,2023,0.298429221017218
aid_dependence,GAB,2022,0.740800261784544
aid_dependence,GAB,2021,0.546178081680501
aid_dependence,GAB,2020,0.371170973134475
aid_dependence,GAB,2019,0.735788901234204
aid_dependence,GAB,2018,0.725945880756955
aid_dependence,GAB,2017,0.759825509411794
aid_dependence,GAB,2016,0.303368783162414
aid_dependence,GAB,2015,0.749006160463248
aid_dependence,GAB,2014,0.644795843901953
aid_dependence,GMB,2025,NA
aid_dependence,GMB,2024,NA
aid_dependence,GMB,2023,14.608211979012
aid_dependence,GMB,2022,12.5329494002404
aid_dependence,GMB,2021,12.6818053945362
aid_dependence,GMB,2020,16.9191806500435
aid_dependence,GMB,2019,10.6913168152279
aid_dependence,GMB,2018,14.2633450361374
aid_dependence,GMB,2017,19.2648295536394
aid_dependence,GMB,2016,6.31149193278897
aid_dependence,GMB,2015,8.47043758172417
aid_dependence,GMB,2014,8.35783042190058
aid_dependence,GEO,2025,NA
aid_dependence,GEO,2024,NA
aid_dependence,GEO,2023,1.28651160735121
aid_dependence,GEO,2022,1.62086951340553
aid_dependence,GEO,2021,4.35550203742122
aid_dependence,GEO,2020,6.83015304633267
aid_dependence,GEO,2019,2.92792164313843
aid_dependence,GEO,2018,3.41934694821672
aid_dependence,GEO,2017,2.85319231483645
aid_dependence,GEO,2016,3.13828997607769
aid_dependence,GEO,2015,3.01693744725333
aid_dependence,GEO,2014,3.17830327940966
aid_dependence,DEU,2025,NA
aid_dependence,DEU,2024,NA
aid_dependence,DEU,2023,NA
aid_dependence,DEU,2022,NA
aid_dependence,DEU,2021,NA
aid_dependence,DEU,2020,NA
aid_dependence,DEU,2019,NA
aid_dependence,DEU,2018,NA
aid_dependence,DEU,2017,NA
aid_dependence,DEU,2016,NA
aid_dependence,DEU,2015,NA
aid_dependence,DEU,2014,NA
aid_dependence,GHA,2025,NA
aid_dependence,GHA,2024,NA
aid_dependence,GHA,2023,2.05648172682006
aid_dependence,GHA,2022,1.52566888349213
aid_dependence,GHA,2021,1.65006798238671
aid_dependence,GHA,2020,3.31061014592348
aid_dependence,GHA,2019,1.39059810703371
aid_dependence,GHA,2018,1.66212732274913
aid_dependence,GHA,2017,2.2008397380138
aid_dependence,GHA,2016,2.44460544497604
aid_dependence,GHA,2015,3.69231777516219
aid_dependence,GHA,2014,2.16730934056598
aid_dependence,GIB,2025,NA
aid_dependence,GIB,2024,NA
aid_dependence,GIB,2023,NA
aid_dependence,GIB,2022,NA
aid_dependence,GIB,2021,NA
aid_dependence,GIB,2020,NA
aid_dependence,GIB,2019,NA
aid_dependence,GIB,2018,NA
aid_dependence,GIB,2017,NA
aid_dependence,GIB,2016,NA
aid_dependence,GIB,2015,NA
aid_dependence,GIB,2014,NA
aid_dependence,GRC,2025,NA
aid_dependence,GRC,2024,NA
aid_dependence,GRC,2023,NA
aid_dependence,GRC,2022,NA
aid_dependence,GRC,2021,NA
aid_dependence,GRC,2020,NA
aid_dependence,GRC,2019,NA
aid_dependence,GRC,2018,NA
aid_dependence,GRC,2017,NA
aid_dependence,GRC,2016,NA
aid_dependence,GRC,2015,NA
aid_dependence,GRC,2014,NA
aid_dependence,GRL,2025,NA
aid_dependence,GRL,2024,NA
aid_dependence,GRL,2023,NA
aid_dependence,GRL,2022,NA
aid_dependence,GRL,2021,NA
aid_dependence,GRL,2020,NA
aid_dependence,GRL,2019,NA
aid_dependence,GRL,2018,NA
aid_dependence,GRL,2017,NA
aid_dependence,GRL,2016,NA
aid_dependence,GRL,2015,NA
aid_dependence,GRL,2014,NA
aid_dependence,GRD,2025,NA
aid_dependence,GRD,2024,NA
aid_dependence,GRD,2023,3.21883343183272
aid_dependence,GRD,2022,-8.22394934283269
aid_dependence,GRD,2021,6.65832413838939
aid_dependence,GRD,2020,7.16091384175973
aid_dependence,GRD,2019,1.34401998058267
aid_dependence,GRD,2018,3.01362314224612
aid_dependence,GRD,2017,0.581392998151068
aid_dependence,GRD,2016,0.888978342363133
aid_dependence,GRD,2015,2.7364762297341
aid_dependence,GRD,2014,4.79114125473062
aid_dependence,GUM,2025,NA
aid_dependence,GUM,2024,NA
aid_dependence,GUM,2023,NA
aid_dependence,GUM,2022,NA
aid_dependence,GUM,2021,NA
aid_dependence,GUM,2020,NA
aid_dependence,GUM,2019,NA
aid_dependence,GUM,2018,NA
aid_dependence,GUM,2017,NA
aid_dependence,GUM,2016,NA
aid_dependence,GUM,2015,NA
aid_dependence,GUM,2014,NA
aid_dependence,GTM,2025,NA
aid_dependence,GTM,2024,NA
aid_dependence,GTM,2023,0.436684467522986
aid_dependence,GTM,2022,0.469719960990687
aid_dependence,GTM,2021,0.609929318741282
aid_dependence,GTM,2020,0.6219289601486
aid_dependence,GTM,2019,0.513947141800793
aid_dependence,GTM,2018,0.556086925359661
aid_dependence,GTM,2017,0.523162403861467
aid_dependence,GTM,2016,0.410729327622283
aid_dependence,GTM,2015,0.677588928159307
aid_dependence,GTM,2014,0.496733506250192
aid_dependence,GIN,2025,NA
aid_dependence,GIN,2024,NA
aid_dependence,GIN,2023,2.59696445733549
aid_dependence,GIN,2022,2.56755887810027
aid_dependence,GIN,2021,3.62711477857346
aid_dependence,GIN,2020,5.2157127604623
aid_dependence,GIN,2019,4.22224698513303
aid_dependence,GIN,2018,5.60156014926226
aid_dependence,GIN,2017,4.5964301581396
aid_dependence,GIN,2016,6.67542208453164
aid_dependence,GIN,2015,6.2351473875576104
aid_dependence,GIN,2014,6.5737397786801
aid_dependence,GNB,2025,NA
aid_dependence,GNB,2024,NA
aid_dependence,GNB,2023,9.04491743880806
aid_dependence,GNB,2022,8.02281993407072
aid_dependence,GNB,2021,8.86522803349705
aid_dependence,GNB,2020,8.5946500730485
aid_dependence,GNB,2019,6.99339754418454
aid_dependence,GNB,2018,10.219563125006
aid_dependence,GNB,2017,7.63652595118787
aid_dependence,GNB,2016,15.5870369377009
aid_dependence,GNB,2015,8.07222523892138
aid_dependence,GNB,2014,9.40270893008434
aid_dependence,GUY,2025,NA
aid_dependence,GUY,2024,NA
aid_dependence,GUY,2023,1.03606001670447
aid_dependence,GUY,2022,1.49879254332367
aid_dependence,GUY,2021,2.17236002117283
aid_dependence,GUY,2020,0.991588886563332
aid_dependence,GUY,2019,2.21009039022524
aid_dependence,GUY,2018,2.22195097477101
aid_dependence,GUY,2017,1.09589766335715
aid_dependence,GUY,2016,1.5782126371403
aid_dependence,GUY,2015,0.746626190409227
aid_dependence,GUY,2014,3.86610494374567
aid_dependence,HTI,2025,NA
aid_dependence,HTI,2024,NA
aid_dependence,HTI,2023,5.50483295300606
aid_dependence,HTI,2022,4.46487349726546
aid_dependence,HTI,2021,4.58459207315349
aid_dependence,HTI,2020,6.11553096179816
aid_dependence,HTI,2019,4.62637237565588
aid_dependence,HTI,2018,6.18150331039339
aid_dependence,HTI,2017,6.47609738607413
aid_dependence,HTI,2016,7.59133783368646
aid_dependence,HTI,2015,7.02377092978679
aid_dependence,HTI,2014,7.122698563898
aid_dependence,HND,2025,NA
aid_dependence,HND,2024,NA
aid_dependence,HND,2023,1.73819390074911
aid_dependence,HND,2022,2.72304855324865
aid_dependence,HND,2021,2.40013663871335
aid_dependence,HND,2020,5.45838363077564
aid_dependence,HND,2019,1.97593951065972
aid_dependence,HND,2018,2.99904399429131
aid_dependence,HND,2017,2.0360589549255
aid_dependence,HND,2016,2.04171440031698
aid_dependence,HND,2015,2.76526571378543
aid_dependence,HND,2014,3.33690385877224
aid_dependence,HKG,2025,NA
aid_dependence,HKG,2024,NA
aid_dependence,HKG,2023,NA
aid_dependence,HKG,2022,NA
aid_dependence,HKG,2021,NA
aid_dependence,HKG,2020,NA
aid_dependence,HKG,2019,NA
aid_dependence,HKG,2018,NA
aid_dependence,HKG,2017,NA
aid_dependence,HKG,2016,NA
aid_dependence,HKG,2015,NA
aid_dependence,HKG,2014,NA
aid_dependence,HUN,2025,NA
aid_dependence,HUN,2024,NA
aid_dependence,HUN,2023,NA
aid_dependence,HUN,2022,NA
aid_dependence,HUN,2021,NA
aid_dependence,HUN,2020,NA
aid_dependence,HUN,2019,NA
aid_dependence,HUN,2018,NA
aid_dependence,HUN,2017,NA
aid_dependence,HUN,2016,NA
aid_dependence,HUN,2015,NA
aid_dependence,HUN,2014,NA
aid_dependence,ISL,2025,NA
aid_dependence,ISL,2024,NA
aid_dependence,ISL,2023,NA
aid_dependence,ISL,2022,NA
aid_dependence,ISL,2021,NA
aid_dependence,ISL,2020,NA
aid_dependence,ISL,2019,NA
aid_dependence,ISL,2018,NA
aid_dependence,ISL,2017,NA
aid_dependence,ISL,2016,NA
aid_dependence,ISL,2015,NA
aid_dependence,ISL,2014,NA
aid_dependence,IND,2025,NA
aid_dependence,IND,2024,NA
aid_dependence,IND,2023,0.0688630625943616
aid_dependence,IND,2022,0.0879584739769014
aid_dependence,IND,2021,0.10021711669804
aid_dependence,IND,2020,0.0680475973856743
aid_dependence,IND,2019,0.0908498823485309
aid_dependence,IND,2018,0.0920717165660618
aid_dependence,IND,2017,0.121935867816169
aid_dependence,IND,2016,0.118097798410492
aid_dependence,IND,2015,0.152672881309943
aid_dependence,IND,2014,0.148476420712042
aid_dependence,IDN,2025,NA
aid_dependence,IDN,2024,NA
aid_dependence,IDN,2023,0.0865296538634396
aid_dependence,IDN,2022,0.0520217147137062
aid_dependence,IDN,2021,0.0543174310216664
aid_dependence,IDN,2020,0.117593215290661
aid_dependence,IDN,2019,-0.0638812442819552
aid_dependence,IDN,2018,0.0952018789066375
aid_dependence,IDN,2017,0.0284903831435162
aid_dependence,IDN,2016,-0.0120036284950268
aid_dependence,IDN,2015,-0.0034191550405382
aid_dependence,IDN,2014,-0.0443629875166983
aid_dependence,IRN,2025,NA
aid_dependence,IRN,2024,NA
aid_dependence,IRN,2023,0.0527234599960228
aid_dependence,IRN,2022,0.0689678791055119
aid_dependence,IRN,2021,0.0748644589123844
aid_dependence,IRN,2020,0.0841697177382486
aid_dependence,IRN,2019,0.0590043887435019
aid_dependence,IRN,2018,0.0402166094506368
aid_dependence,IRN,2017,0.027438840986759
aid_dependence,IRN,2016,0.0242581118515413
aid_dependence,IRN,2015,0.0270825634547446
aid_dependence,IRN,2014,0.0174688254109505
aid_dependence,IRQ,2025,NA
aid_dependence,IRQ,2024,NA
aid_dependence,IRQ,2023,0.743907468076095
aid_dependence,IRQ,2022,0.548443348448128
aid_dependence,IRQ,2021,0.871366376417596
aid_dependence,IRQ,2020,1.31800255831966
aid_dependence,IRQ,2019,0.899731010146547
aid_dependence,IRQ,2018,1.0197124544151701
aid_dependence,IRQ,2017,1.56505493136301
aid_dependence,IRQ,2016,1.38507255799523
aid_dependence,IRQ,2015,0.897350382825894
aid_dependence,IRQ,2014,0.602903851537303
aid_dependence,IRL,2025,NA
aid_dependence,IRL,2024,NA
aid_dependence,IRL,2023,NA
aid_dependence,IRL,2022,NA
aid_dependence,IRL,2021,NA
aid_dependence,IRL,2020,NA
aid_dependence,IRL,2019,NA
aid_dependence,IRL,2018,NA
aid_dependence,IRL,2017,NA
aid_dependence,IRL,2016,NA
aid_dependence,IRL,2015,NA
aid_dependence,IRL,2014,NA
aid_dependence,IMN,2025,NA
aid_dependence,IMN,2024,NA
aid_dependence,IMN,2023,NA
aid_dependence,IMN,2022,NA
aid_dependence,IMN,2021,NA
aid_dependence,IMN,2020,NA
aid_dependence,IMN,2019,NA
aid_dependence,IMN,2018,NA
aid_dependence,IMN,2017,NA
aid_dependence,IMN,2016,NA
aid_dependence,IMN,2015,NA
aid_dependence,IMN,2014,NA
aid_dependence,ISR,2025,NA
aid_dependence,ISR,2024,NA
aid_dependence,ISR,2023,NA
aid_dependence,ISR,2022,NA
aid_dependence,ISR,2021,NA
aid_dependence,ISR,2020,NA
aid_dependence,ISR,2019,NA
aid_dependence,ISR,2018,NA
aid_dependence,ISR,2017,NA
aid_dependence,ISR,2016,NA
aid_dependence,ISR,2015,NA
aid_dependence,ISR,2014,NA
aid_dependence,ITA,2025,NA
aid_dependence,ITA,2024,NA
aid_dependence,ITA,2023,NA
aid_dependence,ITA,2022,NA
aid_dependence,ITA,2021,NA
aid_dependence,ITA,2020,NA
aid_dependence,ITA,2019,NA
aid_dependence,ITA,2018,NA
aid_dependence,ITA,2017,NA
aid_dependence,ITA,2016,NA
aid_dependence,ITA,2015,NA
aid_dependence,ITA,2014,NA
aid_dependence,JAM,2025,NA
aid_dependence,JAM,2024,NA
aid_dependence,JAM,2023,0.408976007667414
aid_dependence,JAM,2022,0.523401007891495
aid_dependence,JAM,2021,0.385668898688865
aid_dependence,JAM,2020,0.466450960225852
aid_dependence,JAM,2019,0.759329398865791
aid_dependence,JAM,2018,0.616911402599475
aid_dependence,JAM,2017,0.400630455851055
aid_dependence,JAM,2016,0.187684546185974
aid_dependence,JAM,2015,0.406734512685123
aid_dependence,JAM,2014,0.705795878318829
aid_dependence,JPN,2025,NA
aid_dependence,JPN,2024,NA
aid_dependence,JPN,2023,NA
aid_dependence,JPN,2022,NA
aid_dependence,JPN,2021,NA
aid_dependence,JPN,2020,NA
aid_dependence,JPN,2019,NA
aid_dependence,JPN,2018,NA
aid_dependence,JPN,2017,NA
aid_dependence,JPN,2016,NA
aid_dependence,JPN,2015,NA
aid_dependence,JPN,2014,NA
aid_dependence,JOR,2025,NA
aid_dependence,JOR,2024,NA
aid_dependence,JOR,2023,5.08100106105177
aid_dependence,JOR,2022,3.74699446116245
aid_dependence,JOR,2021,6.80690631635951
aid_dependence,JOR,2020,6.51781447174815
aid_dependence,JOR,2019,5.53200864655603
aid_dependence,JOR,2018,5.34778852215567
aid_dependence,JOR,2017,6.57344069938838
aid_dependence,JOR,2016,6.28813144427536
aid_dependence,JOR,2015,5.10248441565133
aid_dependence,JOR,2014,6.72300417143875
aid_dependence,KAZ,2025,NA
aid_dependence,KAZ,2024,NA
aid_dependence,KAZ,2023,0.0335658188382982
aid_dependence,KAZ,2022,0.037417015174698
aid_dependence,KAZ,2021,0.0338435161019289
aid_dependence,KAZ,2020,0.0481665379510736
aid_dependence,KAZ,2019,0.0343645859254356
aid_dependence,KAZ,2018,0.0508232311225205
aid_dependence,KAZ,2017,0.0400135721422297
aid_dependence,KAZ,2016,0.0507015506225212
aid_dependence,KAZ,2015,0.0472883297918799
aid_dependence,KAZ,2014,0.0466976843998416
aid_dependence,KEN,2025,NA
aid_dependence,KEN,2024,NA
aid_dependence,KEN,2023,2.45925267296718
aid_dependence,KEN,2022,2.34216272813436
aid_dependence,KEN,2021,2.93844138251803
aid_dependence,KEN,2020,3.99132572231146
aid_dependence,KEN,2019,3.21252306710486
aid_dependence,KEN,2018,2.74303239010294
aid_dependence,KEN,2017,3.08196058759201
aid_dependence,KEN,2016,2.96509841983156
aid_dependence,KEN,2015,3.89833576688931
aid_dependence,KEN,2014,4.39259978937947
aid_dependence,KIR,2025,NA
aid_dependence,KIR,2024,NA
aid_dependence,KIR,2023,20.5570507456965
aid_dependence,KIR,2022,22.4222176314201
aid_dependence,KIR,2021,16.2806023488334
aid_dependence,KIR,2020,15.3746127833396
aid_dependence,KIR,2019,13.7580670553319
aid_dependence,KIR,2018,19.8013090386558
aid_dependence,KIR,2017,19.5765968756965
aid_dependence,KIR,2016,17.5791482210244
aid_dependence,KIR,2015,17.429426113992
aid_dependence,KIR,2014,22.4867187249918
aid_dependence,PRK,2025,NA
aid_dependence,PRK,2024,NA
aid_dependence,PRK,2023,NA
aid_dependence,PRK,2022,NA
aid_dependence,PRK,2021,NA
aid_dependence,PRK,2020,NA
aid_dependence,PRK,2019,NA
aid_dependence,PRK,2018,NA
aid_dependence,PRK,2017,NA
aid_dependence,PRK,2016,NA
aid_dependence,PRK,2015,NA
aid_dependence,PRK,2014,NA
aid_dependence,KOR,2025,NA
aid_dependence,KOR,2024,NA
aid_dependence,KOR,2023,NA
aid_dependence,KOR,2022,NA
aid_dependence,KOR,2021,NA
aid_dependence,KOR,2020,NA
aid_dependence,KOR,2019,NA
aid_dependence,KOR,2018,NA
aid_dependence,KOR,2017,NA
aid_dependence,KOR,2016,NA
aid_dependence,KOR,2015,NA
aid_dependence,KOR,2014,NA
aid_dependence,XKX,2025,NA
aid_dependence,XKX,2024,NA
aid_dependence,XKX,2023,3.76586624168451
aid_dependence,XKX,2022,4.03047649520143
aid_dependence,XKX,2021,4.73972544769984
aid_dependence,XKX,2020,6.88138715177698
aid_dependence,XKX,2019,4.28067762284735
aid_dependence,XKX,2018,4.30722285996677
aid_dependence,XKX,2017,5.35688771371857
aid_dependence,XKX,2016,5.4697148897006604
aid_dependence,XKX,2015,6.84228574068154
aid_dependence,XKX,2014,8.01862434964991
aid_dependence,KWT,2025,NA
aid_dependence,KWT,2024,NA
aid_dependence,KWT,2023,NA
aid_dependence,KWT,2022,NA
aid_dependence,KWT,2021,NA
aid_dependence,KWT,2020,NA
aid_dependence,KWT,2019,NA
aid_dependence,KWT,2018,NA
aid_dependence,KWT,2017,NA
aid_dependence,KWT,2016,NA
aid_dependence,KWT,2015,NA
aid_dependence,KWT,2014,NA
aid_dependence,KGZ,2025,NA
aid_dependence,KGZ,2024,NA
aid_dependence,KGZ,2023,2.93941682287838
aid_dependence,KGZ,2022,6.1967554610806
aid_dependence,KGZ,2021,5.25922031816697
aid_dependence,KGZ,2020,5.92816486512365
aid_dependence,KGZ,2019,5.17341825639639
aid_dependence,KGZ,2018,5.47290098332556
aid_dependence,KGZ,2017,6.34221759050988
aid_dependence,KGZ,2016,8.04742793332613
aid_dependence,KGZ,2015,12.0718184447938
aid_dependence,KGZ,2014,8.75186568238646
aid_dependence,LAO,2025,NA
aid_dependence,LAO,2024,NA
aid_dependence,LAO,2023,3.50571492639941
aid_dependence,LAO,2022,3.82449599181715
aid_dependence,LAO,2021,3.24954006438519
aid_dependence,LAO,2020,2.9735327468810002
aid_dependence,LAO,2019,3.52630395334805
aid_dependence,LAO,2018,3.39214245499786
aid_dependence,LAO,2017,2.97068008653757
aid_dependence,LAO,2016,2.6231518954447
aid_dependence,LAO,2015,3.41743588657793
aid_dependence,LAO,2014,3.73750467191173
aid_dependence,LVA,2025,NA
aid_dependence,LVA,2024,NA
aid_dependence,LVA,2023,NA
aid_dependence,LVA,2022,NA
aid_dependence,LVA,2021,NA
aid_dependence,LVA,2020,NA
aid_dependence,LVA,2019,NA
aid_dependence,LVA,2018,NA
aid_dependence,LVA,2017,NA
aid_dependence,LVA,2016,NA
aid_dependence,LVA,2015,NA
aid_dependence,LVA,2014,NA
aid_dependence,LBN,2025,NA
aid_dependence,LBN,2024,NA
aid_dependence,LBN,2023,8.79948404965312
aid_dependence,LBN,2022,7.13851457922801
aid_dependence,LBN,2021,6.61592820947018
aid_dependence,LBN,2020,4.63489186346782
aid_dependence,LBN,2019,2.45767263477744
aid_dependence,LBN,2018,2.64422640246218
aid_dependence,LBN,2017,2.46700798851377
aid_dependence,LBN,2016,2.24389669270407
aid_dependence,LBN,2015,1.95385502507846
aid_dependence,LBN,2014,1.72767194358752
aid_dependence,LSO,2025,NA
aid_dependence,LSO,2024,NA
aid_dependence,LSO,2023,6.61747721666593
aid_dependence,LSO,2022,5.43707766325145
aid_dependence,LSO,2021,6.40953816705608
aid_dependence,LSO,2020,7.04467569914159
aid_dependence,LSO,2019,5.00070383911339
aid_dependence,LSO,2018,5.05319346138565
aid_dependence,LSO,2017,5.55962457961521
aid_dependence,LSO,2016,4.66827392862323
aid_dependence,LSO,2015,3.27724277605361
aid_dependence,LSO,2014,3.94076200989537
aid_dependence,LBR,2025,NA
aid_dependence,LBR,2024,NA
aid_dependence,LBR,2023,13.8685448205511
aid_dependence,LBR,2022,13.22091051888
aid_dependence,LBR,2021,18.4318877986033
aid_dependence,LBR,2020,22.624434513459
aid_dependence,LBR,2019,19.6427553859774
aid_dependence,LBR,2018,19.8929132854865
aid_dependence,LBR,2017,20.4541240938977
aid_dependence,LBR,2016,26.2776114785617
aid_dependence,LBR,2015,37.1369897351232
aid_dependence,LBR,2014,25.9137562208539
aid_dependence,LBY,2025,NA
aid_dependence,LBY,2024,NA
aid_dependence,LBY,2023,0.778388975005509
aid_dependence,LBY,2022,0.610852221354153
aid_dependence,LBY,2021,0.993399118031291
aid_dependence,LBY,2020,0.622734219719418
aid_dependence,LBY,2019,0.414591017228459
aid_dependence,LBY,2018,0.390672294656074
aid_dependence,LBY,2017,0.631026065156879
aid_dependence,LBY,2016,0.354282002595638
aid_dependence,LBY,2015,0.3150326435354
aid_dependence,LBY,2014,0.362842576028605
aid_dependence,LIE,2025,NA
aid_dependence,LIE,2024,NA
aid_dependence,LIE,2023,NA
aid_dependence,LIE,2022,NA
aid_dependence,LIE,2021,NA
aid_dependence,LIE,2020,NA
aid_dependence,LIE,2019,NA
aid_dependence,LIE,2018,NA
aid_dependence,LIE,2017,NA
aid_dependence,LIE,2016,NA
aid_dependence,LIE,2015,NA
aid_dependence,LIE,2014,NA
aid_dependence,LTU,2025,NA
aid_dependence,LTU,2024,NA
aid_dependence,LTU,2023,NA
aid_dependence,LTU,2022,NA
aid_dependence,LTU,2021,NA
aid_dependence,LTU,2020,NA
aid_dependence,LTU,2019,NA
aid_dependence,LTU,2018,NA
aid_dependence,LTU,2017,NA
aid_dependence,LTU,2016,NA
aid_dependence,LTU,2015,NA
aid_dependence,LTU,2014,NA
aid_dependence,LUX,2025,NA
aid_dependence,LUX,2024,NA
aid_dependence,LUX,2023,NA
aid_dependence,LUX,2022,NA
aid_dependence,LUX,2021,NA
aid_dependence,LUX,2020,NA
aid_dependence,LUX,2019,NA
aid_dependence,LUX,2018,NA
aid_dependence,LUX,2017,NA
aid_dependence,LUX,2016,NA
aid_dependence,LUX,2015,NA
aid_dependence,LUX,2014,NA
aid_dependence,MAC,2025,NA
aid_dependence,MAC,2024,NA
aid_dependence,MAC,2023,NA
aid_dependence,MAC,2022,NA
aid_dependence,MAC,2021,NA
aid_dependence,MAC,2020,NA
aid_dependence,MAC,2019,NA
aid_dependence,MAC,2018,NA
aid_dependence,MAC,2017,NA
aid_dependence,MAC,2016,NA
aid_dependence,MAC,2015,NA
aid_dependence,MAC,2014,NA
aid_dependence,MDG,2025,NA
aid_dependence,MDG,2024,NA
aid_dependence,MDG,2023,7.99465992112343
aid_dependence,MDG,2022,6.7085762317114
aid_dependence,MDG,2021,7.5871610410107
aid_dependence,MDG,2020,10.2606988245525
aid_dependence,MDG,2019,5.37087495303583
aid_dependence,MDG,2018,5.6501932786507
aid_dependence,MDG,2017,6.07559729989975
aid_dependence,MDG,2016,5.4328152533716
aid_dependence,MDG,2015,6.18902936328174
aid_dependence,MDG,2014,4.81130588709127
aid_dependence,MWI,2025,NA
aid_dependence,MWI,2024,NA
aid_dependence,MWI,2023,13.1405927921346
aid_dependence,MWI,2022,11.3763305758569
aid_dependence,MWI,2021,9.87498576123477
aid_dependence,MWI,2020,12.7234977703152
aid_dependence,MWI,2019,10.8353698831549
aid_dependence,MWI,2018,13.3845005294199
aid_dependence,MWI,2017,17.4029572898996
aid_dependence,MWI,2016,15.7428813891573
aid_dependence,MWI,2015,11.6647910311586
aid_dependence,MWI,2014,10.7766583885142
aid_dependence,MYS,2025,NA
aid_dependence,MYS,2024,NA
aid_dependence,MYS,2023,0.00169664672920921
aid_dependence,MYS,2022,0.00150426910235144
aid_dependence,MYS,2021,0.00425551405061678
aid_dependence,MYS,2020,-0.0012877404901923
aid_dependence,MYS,2019,-5.47758029376873e-4
aid_dependence,MYS,2018,-0.00991471995214102
aid_dependence,MYS,2017,-0.00943196681356662
aid_dependence,MYS,2016,-0.0176905567681013
aid_dependence,MYS,2015,-2.04898109883474e-4
aid_dependence,MYS,2014,0.00609494316580373
aid_dependence,MDV,2025,NA
aid_dependence,MDV,2024,NA
aid_dependence,MDV,2023,3.41920524615893
aid_dependence,MDV,2022,2.20048262585381
aid_dependence,MDV,2021,2.40576785962369
aid_dependence,MDV,2020,9.15960333068238
aid_dependence,MDV,2019,1.3855696929649
aid_dependence,MDV,2018,2.67574750529586
aid_dependence,MDV,2017,1.04660758444596
aid_dependence,MDV,2016,0.559856419848434
aid_dependence,MDV,2015,0.631752673849256
aid_dependence,MDV,2014,0.674495125023793
aid_dependence,MLI,2025,NA
aid_dependence,MLI,2024,NA
aid_dependence,MLI,2023,5.41856954273524
aid_dependence,MLI,2022,5.52057383748637
aid_dependence,MLI,2021,6.48984920982866
aid_dependence,MLI,2020,7.85280228909771
aid_dependence,MLI,2019,9.18392582641081
aid_dependence,MLI,2018,7.84036507419255
aid_dependence,MLI,2017,7.63757179674661
aid_dependence,MLI,2016,7.36216405357478
aid_dependence,MLI,2015,7.86033701875036
aid_dependence,MLI,2014,7.40162290676923
aid_dependence,MLT,2025,NA
aid_dependence,MLT,2024,NA
aid_dependence,MLT,2023,NA
aid_dependence,MLT,2022,NA
aid_dependence,MLT,2021,NA
aid_dependence,MLT,2020,NA
aid_dependence,MLT,2019,NA
aid_dependence,MLT,2018,NA
aid_dependence,MLT,2017,NA
aid_dependence,MLT,2016,NA
aid_dependence,MLT,2015,NA
aid_dependence,MLT,2014,NA
aid_dependence,MHL,2025,NA
aid_dependence,MHL,2024,NA
aid_dependence,MHL,2023,39.7671043865296
aid_dependence,MHL,2022,47.45429749511
aid_dependence,MHL,2021,37.4067160811946
aid_dependence,MHL,2020,63.7482773294687
aid_dependence,MHL,2019,23.347893760125
aid_dependence,MHL,2018,20.306241561246
aid_dependence,MHL,2017,27.7616696554888
aid_dependence,MHL,2016,4.91938856120395
aid_dependence,MHL,2015,23.5609610547318
aid_dependence,MHL,2014,24.4604419813797
aid_dependence,MRT,2025,NA
aid_dependence,MRT,2024,NA
aid_dependence,MRT,2023,3.92190083534365
aid_dependence,MRT,2022,3.44773067994642
aid_dependence,MRT,2021,4.99040890882395
aid_dependence,MRT,2020,7.93058392628736
aid_dependence,MRT,2019,5.09483222856053
aid_dependence,MRT,2018,6.02945961784724
aid_dependence,MRT,2017,4.34373780297796
aid_dependence,MRT,2016,4.88423738652365
aid_dependence,MRT,2015,5.4897836086881
aid_dependence,MRT,2014,4.09800538612797
aid_dependence,MUS,2025,NA
aid_dependence,MUS,2024,NA
aid_dependence,MUS,2023,0.599583488101554
aid_dependence,MUS,2022,0.541192344725448
aid_dependence,MUS,2021,2.30084474727509
aid_dependence,MUS,2020,2.67844415901431
aid_dependence,MUS,2019,0.149680563529287
aid_dependence,MUS,2018,0.43736998697953
aid_dependence,MUS,2017,0.0997128415291393
aid_dependence,MUS,2016,0.318596600477018
aid_dependence,MUS,2015,0.617031759927573
aid_dependence,MUS,2014,0.323779564651616
aid_dependence,MEX,2025,NA
aid_dependence,MEX,2024,NA
aid_dependence,MEX,2023,0.0258125007156777
aid_dependence,MEX,2022,0.0346606538283311
aid_dependence,MEX,2021,0.0440393635274843
aid_dependence,MEX,2020,0.0732682764739702
aid_dependence,MEX,2019,0.0415218389208899
aid_dependence,MEX,2018,0.0448764768202123
aid_dependence,MEX,2017,0.0650211139127928
aid_dependence,MEX,2016,0.0747199269179264
aid_dependence,MEX,2015,0.0271415639964758
aid_dependence,MEX,2014,0.0611756092718449
aid_dependence,FSM,2025,NA
aid_dependence,FSM,2024,NA
aid_dependence,FSM,2023,25.0856480088078
aid_dependence,FSM,2022,33.0827724617767
aid_dependence,FSM,2021,29.644815482166
aid_dependence,FSM,2020,39.8732276459619
aid_dependence,FSM,2019,22.0291218317257
aid_dependence,FSM,2018,24.4593043739035
aid_dependence,FSM,2017,24.0957722383052
aid_dependence,FSM,2016,13.3805320509256
aid_dependence,FSM,2015,21.8962123340886
aid_dependence,FSM,2014,34.2374199204495
aid_dependence,MDA,2025,NA
aid_dependence,MDA,2024,NA
aid_dependence,MDA,2023,6.19250298399297
aid_dependence,MDA,2022,6.07295568156991
aid_dependence,MDA,2021,4.27850066744328
aid_dependence,MDA,2020,4.40597951537938
aid_dependence,MDA,2019,2.7695639727145
aid_dependence,MDA,2018,2.20320952750088
aid_dependence,MDA,2017,2.41509139749894
aid_dependence,MDA,2016,3.10965613526426
aid_dependence,MDA,2015,3.79019186956943
aid_dependence,MDA,2014,5.06430814956935
aid_dependence,MCO,2025,NA
aid_dependence,MCO,2024,NA
aid_dependence,MCO,2023,NA
aid_dependence,MCO,2022,NA
aid_dependence,MCO,2021,NA
aid_dependence,MCO,2020,NA
aid_dependence,MCO,2019,NA
aid_dependence,MCO,2018,NA
aid_dependence,MCO,2017,NA
aid_dependence,MCO,2016,NA
aid_dependence,MCO,2015,NA
aid_dependence,MCO,2014,NA
aid_dependence,MNG,2025,NA
aid_dependence,MNG,2024,NA
aid_dependence,MNG,2023,1.43771914300586
aid_dependence,MNG,2022,1.84181816247804
aid_dependence,MNG,2021,2.17080029675054
aid_dependence,MNG,2020,5.83620477559177
aid_dependence,MNG,2019,2.46300068011568
aid_dependence,MNG,2018,2.79316739093683
aid_dependence,MNG,2017,7.75507453241401
aid_dependence,MNG,2016,3.17409515351423
aid_dependence,MNG,2015,2.21864333198472
aid_dependence,MNG,2014,2.82132923537257
aid_dependence,MNE,2025,NA
aid_dependence,MNE,2024,NA
aid_dependence,MNE,2023,1.19694330433673
aid_dependence,MNE,2022,1.62437365343708
aid_dependence,MNE,2021,2.2567983103226
aid_dependence,MNE,2020,4.28341745713552
aid_dependence,MNE,2019,1.74185953194185
aid_dependence,MNE,2018,2.84114816797103
aid_dependence,MNE,2017,2.40618986258688
aid_dependence,MNE,2016,1.95026792777297
aid_dependence,MNE,2015,2.43834292279606
aid_dependence,MNE,2014,2.1638873211696
aid_dependence,MAR,2025,NA
aid_dependence,MAR,2024,NA
aid_dependence,MAR,2023,0.536686895809572
aid_dependence,MAR,2022,1.09524688704206
aid_dependence,MAR,2021,0.710644111622585
aid_dependence,MAR,2020,1.52210244830714
aid_dependence,MAR,2019,0.592828129335347
aid_dependence,MAR,2018,0.652413486101861
aid_dependence,MAR,2017,2.07998478121315
aid_dependence,MAR,2016,1.8743767714641
aid_dependence,MAR,2015,1.39671951053223
aid_dependence,MAR,2014,1.91895310437175
aid_dependence,MOZ,2025,NA
aid_dependence,MOZ,2024,NA
aid_dependence,MOZ,2023,15.3385065338706
aid_dependence,MOZ,2022,14.7432359146501
aid_dependence,MOZ,2021,14.4437331804925
aid_dependence,MOZ,2020,18.3358986998219
aid_dependence,MOZ,2019,12.092576467105
aid_dependence,MOZ,2018,12.3794840047796
aid_dependence,MOZ,2017,14.0170423074241
aid_dependence,MOZ,2016,12.9612205859853
aid_dependence,MOZ,2015,11.4346704878573
aid_dependence,MOZ,2014,11.8472671221558
aid_dependence,MMR,2025,NA
aid_dependence,MMR,2024,NA
aid_dependence,MMR,2023,1.75281748999938
aid_dependence,MMR,2022,1.64213121928473
aid_dependence,MMR,2021,2.30907199287479
aid_dependence,MMR,2020,3.70442473587733
aid_dependence,MMR,2019,2.81510738497529
aid_dependence,MMR,2018,2.59431559555477
aid_dependence,MMR,2017,2.41148816400628
aid_dependence,MMR,2016,2.49239522610567
aid_dependence,MMR,2015,2.03219192691644
aid_dependence,MMR,2014,2.21388317607396
aid_dependence,NAM,2025,NA
aid_dependence,NAM,2024,NA
aid_dependence,NAM,2023,2.27321441098551
aid_dependence,NAM,2022,2.71861189068702
aid_dependence,NAM,2021,1.53927816563754
aid_dependence,NAM,2020,1.72198058427895
aid_dependence,NAM,2019,1.18364865996176
aid_dependence,NAM,2018,1.21043033531015
aid_dependence,NAM,2017,1.50412855603387
aid_dependence,NAM,2016,1.61916299431979
aid_dependence,NAM,2015,1.25807741720931
aid_dependence,NAM,2014,1.82974029062337
aid_dependence,NRU,2025,NA
aid_dependence,NRU,2024,NA
aid_dependence,NRU,2023,14.544901425659
aid_dependence,NRU,2022,12.7538537869526
aid_dependence,NRU,2021,14.2128962039246
aid_dependence,NRU,2020,15.0800817844807
aid_dependence,NRU,2019,30.7054740958881
aid_dependence,NRU,2018,21.3587923303847
aid_dependence,NRU,2017,16.8576562101604
aid_dependence,NRU,2016,16.9795991108242
aid_dependence,NRU,2015,26.8067267129872
aid_dependence,NRU,2014,18.493741572966
aid_dependence,NPL,2025,NA
aid_dependence,NPL,2024,NA
aid_dependence,NPL,2023,2.8244497931494
aid_dependence,NPL,2022,2.89396179836953
aid_dependence,NPL,2021,4.30972174965279
aid_dependence,NPL,2020,5.20289798982393
aid_dependence,NPL,2019,3.86096484971829
aid_dependence,NPL,2018,4.35776084796642
aid_dependence,NPL,2017,4.33868633780897
aid_dependence,NPL,2016,4.28474652257397
aid_dependence,NPL,2015,4.95626441382639
aid_dependence,NPL,2014,3.83183174195632
aid_dependence,NLD,2025,NA
aid_dependence,NLD,2024,NA
aid_dependence,NLD,2023,NA
aid_dependence,NLD,2022,NA
aid_dependence,NLD,2021,NA
aid_dependence,NLD,2020,NA
aid_dependence,NLD,2019,NA
aid_dependence,NLD,2018,NA
aid_dependence,NLD,2017,NA
aid_dependence,NLD,2016,NA
aid_dependence,NLD,2015,NA
aid_dependence,NLD,2014,NA
aid_dependence,NCL,2025,NA
aid_dependence,NCL,2024,NA
aid_dependence,NCL,2023,NA
aid_dependence,NCL,2022,NA
aid_dependence,NCL,2021,NA
aid_dependence,NCL,2020,NA
aid_dependence,NCL,2019,NA
aid_dependence,NCL,2018,NA
aid_dependence,NCL,2017,NA
aid_dependence,NCL,2016,NA
aid_dependence,NCL,2015,NA
aid_dependence,NCL,2014,NA
aid_dependence,NZL,2025,NA
aid_dependence,NZL,2024,NA
aid_dependence,NZL,2023,NA
aid_dependence,NZL,2022,NA
aid_dependence,NZL,2021,NA
aid_dependence,NZL,2020,NA
aid_dependence,NZL,2019,NA
aid_dependence,NZL,2018,NA
aid_dependence,NZL,2017,NA
aid_dependence,NZL,2016,NA
aid_dependence,NZL,2015,NA
aid_dependence,NZL,2014,NA
aid_dependence,NIC,2025,NA
aid_dependence,NIC,2024,NA
aid_dependence,NIC,2023,3.42232523645269
aid_dependence,NIC,2022,7.80582708403881
aid_dependence,NIC,2021,5.60086146316907
aid_dependence,NIC,2020,3.86456355553207
aid_dependence,NIC,2019,3.17289868414479
aid_dependence,NIC,2018,2.85993990149735
aid_dependence,NIC,2017,4.30307325060259
aid_dependence,NIC,2016,3.40644891962685
aid_dependence,NIC,2015,3.73273899019953
aid_dependence,NIC,2014,3.78019242422284
aid_dependence,NER,2025,NA
aid_dependence,NER,2024,NA
aid_dependence,NER,2023,7.65577773277455
aid_dependence,NER,2022,13.3616898475288
aid_dependence,NER,2021,12.2913829577016
aid_dependence,NER,2020,14.366742145094
aid_dependence,NER,2019,11.073895530322
aid_dependence,NER,2018,9.78716233193479
aid_dependence,NER,2017,10.4052194548435
aid_dependence,NER,2016,8.9210369607355
aid_dependence,NER,2015,8.55661373821213
aid_dependence,NER,2014,8.08507747950925
aid_dependence,NGA,2025,NA
aid_dependence,NGA,2024,NA
aid_dependence,NGA,2023,0.754836764340585
aid_dependence,NGA,2022,0.692637263485384
aid_dependence,NGA,2021,0.587792842023323
aid_dependence,NGA,2020,0.568736724694475
aid_dependence,NGA,2019,0.497166156570358
aid_dependence,NGA,2018,0.804720194815591
aid_dependence,NGA,2017,0.913541680472579
aid_dependence,NGA,2016,0.627073734790335
aid_dependence,NGA,2015,0.506233816554214
aid_dependence,NGA,2014,0.446576936763396
aid_dependence,MKD,2025,NA
aid_dependence,MKD,2024,NA
aid_dependence,MKD,2023,2.75346125633395
aid_dependence,MKD,2022,1.68828382595701
aid_dependence,MKD,2021,2.53403324240999
aid_dependence,MKD,2020,2.38800508619165
aid_dependence,MKD,2019,1.16863429316816
aid_dependence,MKD,2018,1.4017004899327
aid_dependence,MKD,2017,1.38078889306985
aid_dependence,MKD,2016,1.64281465111346
aid_dependence,MKD,2015,2.19872776022047
aid_dependence,MKD,2014,1.90067498234215
aid_dependence,MNP,2025,NA
aid_dependence,MNP,2024,NA
aid_dependence,MNP,2023,NA
aid_dependence,MNP,2022,NA
aid_dependence,MNP,2021,NA
aid_dependence,MNP,2020,NA
aid_dependence,MNP,2019,NA
aid_dependence,MNP,2018,NA
aid_dependence,MNP,2017,NA
aid_dependence,MNP,2016,NA
aid_dependence,MNP,2015,NA
aid_dependence,MNP,2014,NA
aid_dependence,NOR,2025,NA
aid_dependence,NOR,2024,NA
aid_dependence,NOR,2023,NA
aid_dependence,NOR,2022,NA
aid_dependence,NOR,2021,NA
aid_dependence,NOR,2020,NA
aid_dependence,NOR,2019,NA
aid_dependence,NOR,2018,NA
aid_dependence,NOR,2017,NA
aid_dependence,NOR,2016,NA
aid_dependence,NOR,2015,NA
aid_dependence,NOR,2014,NA
aid_dependence,OMN,2025,NA
aid_dependence,OMN,2024,NA
aid_dependence,OMN,2023,NA
aid_dependence,OMN,2022,NA
aid_dependence,OMN,2021,NA
aid_dependence,OMN,2020,NA
aid_dependence,OMN,2019,NA
aid_dependence,OMN,2018,NA
aid_dependence,OMN,2017,NA
aid_dependence,OMN,2016,NA
aid_dependence,OMN,2015,NA
aid_dependence,OMN,2014,NA
aid_dependence,PAK,2025,NA
aid_dependence,PAK,2024,NA
aid_dependence,PAK,2023,1.19777756155236
aid_dependence,PAK,2022,0.468981528185361
aid_dependence,PAK,2021,0.849773385600569
aid_dependence,PAK,2020,0.879109699815451
aid_dependence,PAK,2019,0.637588245368665
aid_dependence,PAK,2018,0.395487211787381
aid_dependence,PAK,2017,0.707466003418661
aid_dependence,PAK,2016,0.960503322690544
aid_dependence,PAK,2015,1.27436408375115
aid_dependence,PAK,2014,1.35203538752693
aid_dependence,PLW,2025,NA
aid_dependence,PLW,2024,NA
aid_dependence,PLW,2023,10.371385623246
aid_dependence,PLW,2022,22.2037037573089
aid_dependence,PLW,2021,20.1899039370301
aid_dependence,PLW,2020,24.9965724306332
aid_dependence,PLW,2019,8.91209032545529
aid_dependence,PLW,2018,30.1111406758065
aid_dependence,PLW,2017,7.79460950282794
aid_dependence,PLW,2016,6.18884230901895
aid_dependence,PLW,2015,5.15942749905607
aid_dependence,PLW,2014,9.93221243890265
aid_dependence,PAN,2025,NA
aid_dependence,PAN,2024,NA
aid_dependence,PAN,2023,0.516635193829907
aid_dependence,PAN,2022,0.178862151973111
aid_dependence,PAN,2021,0.145991846631003
aid_dependence,PAN,2020,0.263992700855524
aid_dependence,PAN,2019,0.109465585438672
aid_dependence,PAN,2018,0.0631269263928982
aid_dependence,PAN,2017,0.0689907767580841
aid_dependence,PAN,2016,0.0406529815942433
aid_dependence,PAN,2015,0.0195922793427509
aid_dependence,PAN,2014,-0.410547283224367
aid_dependence,PNG,2025,NA
aid_dependence,PNG,2024,NA
aid_dependence,PNG,2023,2.42247328303974
aid_dependence,PNG,2022,2.24062501080942
aid_dependence,PNG,2021,4.83892118715707
aid_dependence,PNG,2020,4.57703295424197
aid_dependence,PNG,2019,2.82708298289155
aid_dependence,PNG,2018,3.46955478700203
aid_dependence,PNG,2017,2.45872010716866
aid_dependence,PNG,2016,2.68281856981382
aid_dependence,PNG,2015,2.91262387876545
aid_dependence,PNG,2014,2.55120280526347
aid_dependence,PRY,2025,NA
aid_dependence,PRY,2024,NA
aid_dependence,PRY,2023,0.53842793713928
aid_dependence,PRY,2022,0.24275318179018
aid_dependence,PRY,2021,0.459378629019648
aid_dependence,PRY,2020,0.893570993908833
aid_dependence,PRY,2019,0.348713167085652
aid_dependence,PRY,2018,0.423905411775497
aid_dependence,PRY,2017,0.379243564664829
aid_dependence,PRY,2016,0.254682582493909
aid_dependence,PRY,2015,0.173124913609251
aid_dependence,PRY,2014,0.16088427337425
aid_dependence,PER,2025,NA
aid_dependence,PER,2024,NA
aid_dependence,PER,2023,0.231042589028886
aid_dependence,PER,2022,0.361979937808375
aid_dependence,PER,2021,0.145927418392202
aid_dependence,PER,2020,0.249894242963778
aid_dependence,PER,2019,0.208878560968195
aid_dependence,PER,2018,0.213041827484999
aid_dependence,PER,2017,-6.24550660122771e-4
aid_dependence,PER,2016,0.174078603076771
aid_dependence,PER,2015,0.182663691741555
aid_dependence,PER,2014,0.171260154775149
aid_dependence,PHL,2025,NA
aid_dependence,PHL,2024,NA
aid_dependence,PHL,2023,0.379972081131524
aid_dependence,PHL,2022,0.376911574705654
aid_dependence,PHL,2021,0.400624903864076
aid_dependence,PHL,2020,0.374480808619051
aid_dependence,PHL,2019,0.213984189835829
aid_dependence,PHL,2018,0.142619411483806
aid_dependence,PHL,2017,0.044000334670258
aid_dependence,PHL,2016,0.0801241958930269
aid_dependence,PHL,2015,0.150804657152234
aid_dependence,PHL,2014,0.204192137960845
aid_dependence,POL,2025,NA
aid_dependence,POL,2024,NA
aid_dependence,POL,2023,NA
aid_dependence,POL,2022,NA
aid_dependence,POL,2021,NA
aid_dependence,POL,2020,NA
aid_dependence,POL,2019,NA
aid_dependence,POL,2018,NA
aid_dependence,POL,2017,NA
aid_dependence,POL,2016,NA
aid_dependence,POL,2015,NA
aid_dependence,POL,2014,NA
aid_dependence,PRT,2025,NA
aid_dependence,PRT,2024,NA
aid_dependence,PRT,2023,NA
aid_dependence,PRT,2022,NA
aid_dependence,PRT,2021,NA
aid_dependence,PRT,2020,NA
aid_dependence,PRT,2019,NA
aid_dependence,PRT,2018,NA
aid_dependence,PRT,2017,NA
aid_dependence,PRT,2016,NA
aid_dependence,PRT,2015,NA
aid_dependence,PRT,2014,NA
aid_dependence,PRI,2025,NA
aid_dependence,PRI,2024,NA
aid_dependence,PRI,2023,NA
aid_dependence,PRI,2022,NA
aid_dependence,PRI,2021,NA
aid_dependence,PRI,2020,NA
aid_dependence,PRI,2019,NA
aid_dependence,PRI,2018,NA
aid_dependence,PRI,2017,NA
aid_dependence,PRI,2016,NA
aid_dependence,PRI,2015,NA
aid_dependence,PRI,2014,NA
aid_dependence,QAT,2025,NA
aid_dependence,QAT,2024,NA
aid_dependence,QAT,2023,NA
aid_dependence,QAT,2022,NA
aid_dependence,QAT,2021,NA
aid_dependence,QAT,2020,NA
aid_dependence,QAT,2019,NA
aid_dependence,QAT,2018,NA
aid_dependence,QAT,2017,NA
aid_dependence,QAT,2016,NA
aid_dependence,QAT,2015,NA
aid_dependence,QAT,2014,NA
aid_dependence,ROU,2025,NA
aid_dependence,ROU,2024,NA
aid_dependence,ROU,2023,NA
aid_dependence,ROU,2022,NA
aid_dependence,ROU,2021,NA
aid_dependence,ROU,2020,NA
aid_dependence,ROU,2019,NA
aid_dependence,ROU,2018,NA
aid_dependence,ROU,2017,NA
aid_dependence,ROU,2016,NA
aid_dependence,ROU,2015,NA
aid_dependence,ROU,2014,NA
aid_dependence,RUS,2025,NA
aid_dependence,RUS,2024,NA
aid_dependence,RUS,2023,NA
aid_dependence,RUS,2022,NA
aid_dependence,RUS,2021,NA
aid_dependence,RUS,2020,NA
aid_dependence,RUS,2019,NA
aid_dependence,RUS,2018,NA
aid_dependence,RUS,2017,NA
aid_dependence,RUS,2016,NA
aid_dependence,RUS,2015,NA
aid_dependence,RUS,2014,NA
aid_dependence,RWA,2025,NA
aid_dependence,RWA,2024,NA
aid_dependence,RWA,2023,9.54767839593419
aid_dependence,RWA,2022,7.96362951197813
aid_dependence,RWA,2021,12.0208015196493
aid_dependence,RWA,2020,15.8086363411585
aid_dependence,RWA,2019,11.4730960539501
aid_dependence,RWA,2018,12.0319276358316
aid_dependence,RWA,2017,13.8773674717453
aid_dependence,RWA,2016,13.7641929151076
aid_dependence,RWA,2015,13.1461500203805
aid_dependence,RWA,2014,13.0337587727144
aid_dependence,WSM,2025,NA
aid_dependence,WSM,2024,NA
aid_dependence,WSM,2023,11.3409859385263
aid_dependence,WSM,2022,14.7401480833018
aid_dependence,WSM,2021,10.1604899595608
aid_dependence,WSM,2020,19.9605864722959
aid_dependence,WSM,2019,14.2371527072521
aid_dependence,WSM,2018,15.0831962737277
aid_dependence,WSM,2017,15.8597255998171
aid_dependence,WSM,2016,10.7408203595479
aid_dependence,WSM,2015,11.6017151369859
aid_dependence,WSM,2014,12.2561655203972
aid_dependence,SMR,2025,NA
aid_dependence,SMR,2024,NA
aid_dependence,SMR,2023,NA
aid_dependence,SMR,2022,NA
aid_dependence,SMR,2021,NA
aid_dependence,SMR,2020,NA
aid_dependence,SMR,2019,NA
aid_dependence,SMR,2018,NA
aid_dependence,SMR,2017,NA
aid_dependence,SMR,2016,NA
aid_dependence,SMR,2015,NA
aid_dependence,SMR,2014,NA
aid_dependence,STP,2025,NA
aid_dependence,STP,2024,NA
aid_dependence,STP,2023,11.509292193909
aid_dependence,STP,2022,8.60217759477344
aid_dependence,STP,2021,13.8454686632253
aid_dependence,STP,2020,19.562147795527
aid_dependence,STP,2019,12.5636724100504
aid_dependence,STP,2018,13.5337042493925
aid_dependence,STP,2017,12.5127348678618
aid_dependence,STP,2016,15.9382629048394
aid_dependence,STP,2015,18.6093632341087
aid_dependence,STP,2014,13.7351886070519
aid_dependence,SAU,2025,NA
aid_dependence,SAU,2024,NA
aid_dependence,SAU,2023,NA
aid_dependence,SAU,2022,NA
aid_dependence,SAU,2021,NA
aid_dependence,SAU,2020,NA
aid_dependence,SAU,2019,NA
aid_dependence,SAU,2018,NA
aid_dependence,SAU,2017,NA
aid_dependence,SAU,2016,NA
aid_dependence,SAU,2015,NA
aid_dependence,SAU,2014,NA
aid_dependence,SEN,2025,NA
aid_dependence,SEN,2024,NA
aid_dependence,SEN,2023,6.29467036022765
aid_dependence,SEN,2022,5.40970410938915
aid_dependence,SEN,2021,5.17813165897132
aid_dependence,SEN,2020,6.7393493746981
aid_dependence,SEN,2019,6.3267140191711
aid_dependence,SEN,2018,4.43699086589225
aid_dependence,SEN,2017,4.45653471958166
aid_dependence,SEN,2016,3.94332143243649
aid_dependence,SEN,2015,5.00138793527759
aid_dependence,SEN,2014,5.70909755676307
aid_dependence,SRB,2025,NA
aid_dependence,SRB,2024,NA
aid_dependence,SRB,2023,0.749898051489786
aid_dependence,SRB,2022,0.803437270419767
aid_dependence,SRB,2021,0.83842238985912
aid_dependence,SRB,2020,0.902053707675581
aid_dependence,SRB,2019,1.10615195790582
aid_dependence,SRB,2018,2.13124600902687
aid_dependence,SRB,2017,3.91559935517745
aid_dependence,SRB,2016,1.58414154827877
aid_dependence,SRB,2015,0.791939226797719
aid_dependence,SRB,2014,0.775456189654093
aid_dependence,SYC,2025,NA
aid_dependence,SYC,2024,NA
aid_dependence,SYC,2023,NA
aid_dependence,SYC,2022,NA
aid_dependence,SYC,2021,NA
aid_dependence,SYC,2020,NA
aid_dependence,SYC,2019,NA
aid_dependence,SYC,2018,NA
aid_dependence,SYC,2017,1.03692016576786
aid_dependence,SYC,2016,0.397340299992192
aid_dependence,SYC,2015,0.502683940305945
aid_dependence,SYC,2014,0.923416193399686
aid_dependence,SLE,2025,NA
aid_dependence,SLE,2024,NA
aid_dependence,SLE,2023,7.82473378380428
aid_dependence,SLE,2022,7.36292863483497
aid_dependence,SLE,2021,10.0239856074758
aid_dependence,SLE,2020,12.6452159617628
aid_dependence,SLE,2019,8.78677408135389
aid_dependence,SLE,2018,8.03817837830715
aid_dependence,SLE,2017,9.57703088012174
aid_dependence,SLE,2016,11.5759003967371
aid_dependence,SLE,2015,14.1851966613903
aid_dependence,SLE,2014,12.5121425142911
aid_dependence,SGP,2025,NA
aid_dependence,SGP,2024,NA
aid_dependence,SGP,2023,NA
aid_dependence,SGP,2022,NA
aid_dependence,SGP,2021,NA
aid_dependence,SGP,2020,NA
aid_dependence,SGP,2019,NA
aid_dependence,SGP,2018,NA
aid_dependence,SGP,2017,NA
aid_dependence,SGP,2016,NA
aid_dependence,SGP,2015,NA
aid_dependence,SGP,2014,NA
aid_dependence,SXM,2025,NA
aid_dependence,SXM,2024,NA
aid_dependence,SXM,2023,NA
aid_dependence,SXM,2022,NA
aid_dependence,SXM,2021,NA
aid_dependence,SXM,2020,NA
aid_dependence,SXM,2019,NA
aid_dependence,SXM,2018,NA
aid_dependence,SXM,2017,NA
aid_dependence,SXM,2016,NA
aid_dependence,SXM,2015,NA
aid_dependence,SXM,2014,NA
aid_dependence,SVK,2025,NA
aid_dependence,SVK,2024,NA
aid_dependence,SVK,2023,NA
aid_dependence,SVK,2022,NA
aid_dependence,SVK,2021,NA
aid_dependence,SVK,2020,NA
aid_dependence,SVK,2019,NA
aid_dependence,SVK,2018,NA
aid_dependence,SVK,2017,NA
aid_dependence,SVK,2016,NA
aid_dependence,SVK,2015,NA
aid_dependence,SVK,2014,NA
aid_dependence,SVN,2025,NA
aid_dependence,SVN,2024,NA
aid_dependence,SVN,2023,NA
aid_dependence,SVN,2022,NA
aid_dependence,SVN,2021,NA
aid_dependence,SVN,2020,NA
aid_dependence,SVN,2019,NA
aid_dependence,SVN,2018,NA
aid_dependence,SVN,2017,NA
aid_dependence,SVN,2016,NA
aid_dependence,SVN,2015,NA
aid_dependence,SVN,2014,NA
aid_dependence,SLB,2025,NA
aid_dependence,SLB,2024,NA
aid_dependence,SLB,2023,15.9122070193485
aid_dependence,SLB,2022,17.1882771312074
aid_dependence,SLB,2021,16.7878473869077
aid_dependence,SLB,2020,13.6326003305901
aid_dependence,SLB,2019,13.9709345308166
aid_dependence,SLB,2018,12.2617678265821
aid_dependence,SLB,2017,12.9713023033434
aid_dependence,SLB,2016,13.1301145781565
aid_dependence,SLB,2015,14.802910048232
aid_dependence,SLB,2014,15.1874496273698
aid_dependence,SOM,2025,NA
aid_dependence,SOM,2024,NA
aid_dependence,SOM,2023,20.4271063911805
aid_dependence,SOM,2022,19.1940121461162
aid_dependence,SOM,2021,25.4958867319859
aid_dependence,SOM,2020,35.4513955829502
aid_dependence,SOM,2019,19.9622606011247
aid_dependence,SOM,2018,20.0941842769326
aid_dependence,SOM,2017,23.1965523707503
aid_dependence,SOM,2016,17.979018527839
aid_dependence,SOM,2015,20.5876137515454
aid_dependence,SOM,2014,19.4672659482089
aid_dependence,ZAF,2025,NA
aid_dependence,ZAF,2024,NA
aid_dependence,ZAF,2023,0.40046031574028
aid_dependence,ZAF,2022,0.258034061543275
aid_dependence,ZAF,2021,0.253147136898378
aid_dependence,ZAF,2020,0.362427644652388
aid_dependence,ZAF,2019,0.254444933587184
aid_dependence,ZAF,2018,0.233782961836093
aid_dependence,ZAF,2017,0.273627076562111
aid_dependence,ZAF,2016,0.374342476704099
aid_dependence,ZAF,2015,0.419248415633216
aid_dependence,ZAF,2014,0.289821392763173
aid_dependence,SSD,2025,NA
aid_dependence,SSD,2024,NA
aid_dependence,SSD,2023,NA
aid_dependence,SSD,2022,NA
aid_dependence,SSD,2021,NA
aid_dependence,SSD,2020,NA
aid_dependence,SSD,2019,NA
aid_dependence,SSD,2018,NA
aid_dependence,SSD,2017,NA
aid_dependence,SSD,2016,NA
aid_dependence,SSD,2015,15.9162280373347
aid_dependence,SSD,2014,16.4303643627759
aid_dependence,ESP,2025,NA
aid_dependence,ESP,2024,NA
aid_dependence,ESP,2023,NA
aid_dependence,ESP,2022,NA
aid_dependence,ESP,2021,NA
aid_dependence,ESP,2020,NA
aid_dependence,ESP,2019,NA
aid_dependence,ESP,2018,NA
aid_dependence,ESP,2017,NA
aid_dependence,ESP,2016,NA
aid_dependence,ESP,2015,NA
aid_dependence,ESP,2014,NA
aid_dependence,LKA,2025,NA
aid_dependence,LKA,2024,NA
aid_dependence,LKA,2023,1.01460426833478
aid_dependence,LKA,2022,0.0169660618036473
aid_dependence,LKA,2021,0.179454134456974
aid_dependence,LKA,2020,0.267429104335168
aid_dependence,LKA,2019,0.222993670967185
aid_dependence,LKA,2018,-0.268631697411072
aid_dependence,LKA,2017,0.343462394384879
aid_dependence,LKA,2016,0.435256702543502
aid_dependence,LKA,2015,0.535713390028935
aid_dependence,LKA,2014,0.609036232858831
aid_dependence,KNA,2025,NA
aid_dependence,KNA,2024,NA
aid_dependence,KNA,2023,NA
aid_dependence,KNA,2022,NA
aid_dependence,KNA,2021,NA
aid_dependence,KNA,2020,NA
aid_dependence,KNA,2019,NA
aid_dependence,KNA,2018,NA
aid_dependence,KNA,2017,NA
aid_dependence,KNA,2016,NA
aid_dependence,KNA,2015,NA
aid_dependence,KNA,2014,NA
aid_dependence,LCA,2025,NA
aid_dependence,LCA,2024,NA
aid_dependence,LCA,2023,1.61110170915838
aid_dependence,LCA,2022,1.57605702410251
aid_dependence,LCA,2021,5.47947172285862
aid_dependence,LCA,2020,6.60545785464546
aid_dependence,LCA,2019,1.63400801496246
aid_dependence,LCA,2018,0.436932927319386
aid_dependence,LCA,2017,0.817275786657435
aid_dependence,LCA,2016,0.86632084503199
aid_dependence,LCA,2015,0.829975003233282
aid_dependence,LCA,2014,1.1785885589107301
aid_dependence,MAF,2025,NA
aid_dependence,MAF,2024,NA
aid_dependence,MAF,2023,NA
aid_dependence,MAF,2022,NA
aid_dependence,MAF,2021,NA
aid_dependence,MAF,2020,NA
aid_dependence,MAF,2019,NA
aid_dependence,MAF,2018,NA
aid_dependence,MAF,2017,NA
aid_dependence,MAF,2016,NA
aid_dependence,MAF,2015,NA
aid_dependence,MAF,2014,NA
aid_dependence,VCT,2025,NA
aid_dependence,VCT,2024,NA
aid_dependence,VCT,2023,2.01368362987859
aid_dependence,VCT,2022,1.5812694271977
aid_dependence,VCT,2021,14.4869430698902
aid_dependence,VCT,2020,8.88817341524276
aid_dependence,VCT,2019,9.2965199025792309
aid_dependence,VCT,2018,2.05685952053976
aid_dependence,VCT,2017,1.41230644187295
aid_dependence,VCT,2016,1.13133706804751
aid_dependence,VCT,2015,1.76016350874309
aid_dependence,VCT,2014,1.33785239505301
aid_dependence,SDN,2025,NA
aid_dependence,SDN,2024,NA
aid_dependence,SDN,2023,3.46775963653224
aid_dependence,SDN,2022,3.05802244254419
aid_dependence,SDN,2021,11.6211882876443
aid_dependence,SDN,2020,9.19641021192227
aid_dependence,SDN,2019,5.00293087327998
aid_dependence,SDN,2018,3.17009319843308
aid_dependence,SDN,2017,2.17603929226557
aid_dependence,SDN,2016,1.93728569441748
aid_dependence,SDN,2015,1.91776873033635
aid_dependence,SDN,2014,1.8009130245808
aid_dependence,SUR,2025,NA
aid_dependence,SUR,2024,NA
aid_dependence,SUR,2023,1.38075140695505
aid_dependence,SUR,2022,1.58410696782067
aid_dependence,SUR,2021,1.06994021937803
aid_dependence,SUR,2020,1.06463783191703
aid_dependence,SUR,2019,0.653711919570405
aid_dependence,SUR,2018,0.393341224484961
aid_dependence,SUR,2017,0.630103092569359
aid_dependence,SUR,2016,0.524942955278426
aid_dependence,SUR,2015,0.312548177838883
aid_dependence,SUR,2014,0.259036921239328
aid_dependence,SWE,2025,NA
aid_dependence,SWE,2024,NA
aid_dependence,SWE,2023,NA
aid_dependence,SWE,2022,NA
aid_dependence,SWE,2021,NA
aid_dependence,SWE,2020,NA
aid_dependence,SWE,2019,NA
aid_dependence,SWE,2018,NA
aid_dependence,SWE,2017,NA
aid_dependence,SWE,2016,NA
aid_dependence,SWE,2015,NA
aid_dependence,SWE,2014,NA
aid_dependence,CHE,2025,NA
aid_dependence,CHE,2024,NA
aid_dependence,CHE,2023,NA
aid_dependence,CHE,2022,NA
aid_dependence,CHE,2021,NA
aid_dependence,CHE,2020,NA
aid_dependence,CHE,2019,NA
aid_dependence,CHE,2018,NA
aid_dependence,CHE,2017,NA
aid_dependence,CHE,2016,NA
aid_dependence,CHE,2015,NA
aid_dependence,CHE,2014,NA
aid_dependence,SYR,2025,NA
aid_dependence,SYR,2024,NA
aid_dependence,SYR,2023,NA
aid_dependence,SYR,2022,31.321172383391
aid_dependence,SYR,2021,67.4382643883819
aid_dependence,SYR,2020,83.6397766201111
aid_dependence,SYR,2019,46.6112858389086
aid_dependence,SYR,2018,48.2449365908923
aid_dependence,SYR,2017,66.021617679082
aid_dependence,SYR,2016,73.361144091979
aid_dependence,SYR,2015,31.050383560241
aid_dependence,SYR,2014,20.1860048241125
aid_dependence,TJK,2025,NA
aid_dependence,TJK,2024,NA
aid_dependence,TJK,2023,3.4751537144387
aid_dependence,TJK,2022,4.18447111360647
aid_dependence,TJK,2021,5.18205062190212
aid_dependence,TJK,2020,7.53240794173957
aid_dependence,TJK,2019,3.75844222920152
aid_dependence,TJK,2018,4.49075789057439
aid_dependence,TJK,2017,3.79974891065399
aid_dependence,TJK,2016,4.45117437792254
aid_dependence,TJK,2015,4.41164164343703
aid_dependence,TJK,2014,3.15555673173096
aid_dependence,TZA,2025,NA
aid_dependence,TZA,2024,NA
aid_dependence,TZA,2023,3.94256406072099
aid_dependence,TZA,2022,3.55757304087125
aid_dependence,TZA,2021,3.77140550623774
aid_dependence,TZA,2020,3.51569211163046
aid_dependence,TZA,2019,3.54419186412252
aid_dependence,TZA,2018,4.35592721035203
aid_dependence,TZA,2017,4.94008016271732
aid_dependence,TZA,2016,4.74809158515156
aid_dependence,TZA,2015,5.53593138236348
aid_dependence,TZA,2014,5.35921223892237
aid_dependence,THA,2025,NA
aid_dependence,THA,2024,NA
aid_dependence,THA,2023,0.0168497949443752
aid_dependence,THA,2022,0.115611575896618
aid_dependence,THA,2021,0.0273472949122472
aid_dependence,THA,2020,0.0406892072425178
aid_dependence,THA,2019,-0.0667850839888094
aid_dependence,THA,2018,-0.0869413910259997
aid_dependence,THA,2017,0.0574019888684555
aid_dependence,THA,2016,0.0578192906755546
aid_dependence,THA,2015,0.0154141717261514
aid_dependence,THA,2014,0.091751001899181
aid_dependence,TLS,2025,NA
aid_dependence,TLS,2024,NA
aid_dependence,TLS,2023,11.3345945020839
aid_dependence,TLS,2022,7.34741902514306
aid_dependence,TLS,2021,7.40670795341022
aid_dependence,TLS,2020,10.6088184307989
aid_dependence,TLS,2019,8.04092578407799
aid_dependence,TLS,2018,9.28755185807878
aid_dependence,TLS,2017,10.2742993521023
aid_dependence,TLS,2016,10.07447442191
aid_dependence,TLS,2015,7.61301154505667
aid_dependence,TLS,2014,7.47629943996094
aid_dependence,TGO,2025,NA
aid_dependence,TGO,2024,NA
aid_dependence,TGO,2023,6.31099457668382
aid_dependence,TGO,2022,4.9626430205307
aid_dependence,TGO,2021,4.11363457117729
aid_dependence,TGO,2020,7.47384425103709
aid_dependence,TGO,2019,5.76916765205899
aid_dependence,TGO,2018,4.77675656828307
aid_dependence,TGO,2017,5.39611738507745
aid_dependence,TGO,2016,2.7515700899264
aid_dependence,TGO,2015,3.38311172899741
aid_dependence,TGO,2014,3.27577089750294
aid_dependence,TON,2025,NA
aid_dependence,TON,2024,NA
aid_dependence,TON,2023,20.3478188335991
aid_dependence,TON,2022,50.6841546798573
aid_dependence,TON,2021,20.7308719511235
aid_dependence,TON,2020,30.0519383690215
aid_dependence,TON,2019,20.0379657277216
aid_dependence,TON,2018,18.8481236408772
aid_dependence,TON,2017,18.2310186726043
aid_dependence,TON,2016,19.3249944563632
aid_dependence,TON,2015,15.4727285847858
aid_dependence,TON,2014,18.085732716026
aid_dependence,TTO,2025,NA
aid_dependence,TTO,2024,NA
aid_dependence,TTO,2023,NA
aid_dependence,TTO,2022,NA
aid_dependence,TTO,2021,NA
aid_dependence,TTO,2020,NA
aid_dependence,TTO,2019,NA
aid_dependence,TTO,2018,NA
aid_dependence,TTO,2017,NA
aid_dependence,TTO,2016,NA
aid_dependence,TTO,2015,NA
aid_dependence,TTO,2014,NA
aid_dependence,TUN,2025,NA
aid_dependence,TUN,2024,NA
aid_dependence,TUN,2023,2.61210641637506
aid_dependence,TUN,2022,2.74434249913848
aid_dependence,TUN,2021,2.43554093679102
aid_dependence,TUN,2020,2.37469792485443
aid_dependence,TUN,2019,2.40119246823005
aid_dependence,TUN,2018,1.93708049744182
aid_dependence,TUN,2017,1.97197984286984
aid_dependence,TUN,2016,1.49023772076605
aid_dependence,TUN,2015,1.11182323500338
aid_dependence,TUN,2014,1.89980743872399
aid_dependence,TUR,2025,NA
aid_dependence,TUR,2024,NA
aid_dependence,TUR,2023,0.137268881015002
aid_dependence,TUR,2022,0.0874080603669591
aid_dependence,TUR,2021,0.12803464228529
aid_dependence,TUR,2020,0.0749701564760712
aid_dependence,TUR,2019,0.0918151888240677
aid_dependence,TUR,2018,0.1538596716039
aid_dependence,TUR,2017,0.370310035215228
aid_dependence,TUR,2016,0.418863670013141
aid_dependence,TUR,2015,0.250212907969912
aid_dependence,TUR,2014,0.368978427074074
aid_dependence,TKM,2025,NA
aid_dependence,TKM,2024,NA
aid_dependence,TKM,2023,0.0956571593405815
aid_dependence,TKM,2022,0.0444448309313543
aid_dependence,TKM,2021,0.115678637768225
aid_dependence,TKM,2020,0.131203987652433
aid_dependence,TKM,2019,0.0947720390163953
aid_dependence,TKM,2018,0.0820348754046089
aid_dependence,TKM,2017,0.0880351907321554
aid_dependence,TKM,2016,0.0993341337503549
aid_dependence,TKM,2015,0.0681034692133807
aid_dependence,TKM,2014,0.0870517032822848
aid_dependence,TCA,2025,NA
aid_dependence,TCA,2024,NA
aid_dependence,TCA,2023,NA
aid_dependence,TCA,2022,NA
aid_dependence,TCA,2021,NA
aid_dependence,TCA,2020,NA
aid_dependence,TCA,2019,NA
aid_dependence,TCA,2018,NA
aid_dependence,TCA,2017,NA
aid_dependence,TCA,2016,NA
aid_dependence,TCA,2015,NA
aid_dependence,TCA,2014,NA
aid_dependence,TUV,2025,NA
aid_dependence,TUV,2024,NA
aid_dependence,TUV,2023,101.780326186701
aid_dependence,TUV,2022,85.0871322599163
aid_dependence,TUV,2021,43.4974105887582
aid_dependence,TUV,2020,60.6779014948573
aid_dependence,TUV,2019,50.9664709186189
aid_dependence,TUV,2018,39.3589758564057
aid_dependence,TUV,2017,45.4522925558503
aid_dependence,TUV,2016,40.5878206079003
aid_dependence,TUV,2015,87.2159234780041
aid_dependence,TUV,2014,67.1883075759508
aid_dependence,UGA,2025,NA
aid_dependence,UGA,2024,NA
aid_dependence,UGA,2023,4.74690885741677
aid_dependence,UGA,2022,4.83671763804243
aid_dependence,UGA,2021,6.47129062382146
aid_dependence,UGA,2020,8.38393775594199
aid_dependence,UGA,2019,5.90142002234634
aid_dependence,UGA,2018,6.07970266543343
aid_dependence,UGA,2017,6.70141170342905
aid_dependence,UGA,2016,6.14318637256677
aid_dependence,UGA,2015,5.15807437280951
aid_dependence,UGA,2014,5.12679105484007
aid_dependence,UKR,2025,NA
aid_dependence,UKR,2024,NA
aid_dependence,UKR,2023,20.9001522896519
aid_dependence,UKR,2022,16.8350050093792
aid_dependence,UKR,2021,1.14242200616382
aid_dependence,UKR,2020,1.46149209346667
aid_dependence,UKR,2019,0.719140943846709
aid_dependence,UKR,2018,0.925520694973838
aid_dependence,UKR,2017,1.03823767611707
aid_dependence,UKR,2016,1.61498487532565
aid_dependence,UKR,2015,1.52831593029216
aid_dependence,UKR,2014,1.06368188041463
aid_dependence,ARE,2025,NA
aid_dependence,ARE,2024,NA
aid_dependence,ARE,2023,NA
aid_dependence,ARE,2022,NA
aid_dependence,ARE,2021,NA
aid_dependence,ARE,2020,NA
aid_dependence,ARE,2019,NA
aid_dependence,ARE,2018,NA
aid_dependence,ARE,2017,NA
aid_dependence,ARE,2016,NA
aid_dependence,ARE,2015,NA
aid_dependence,ARE,2014,NA
aid_dependence,GBR,2025,NA
aid_dependence,GBR,2024,NA
aid_dependence,GBR,2023,NA
aid_dependence,GBR,2022,NA
aid_dependence,GBR,2021,NA
aid_dependence,GBR,2020,NA
aid_dependence,GBR,2019,NA
aid_dependence,GBR,2018,NA
aid_dependence,GBR,2017,NA
aid_dependence,GBR,2016,NA
aid_dependence,GBR,2015,NA
aid_dependence,GBR,2014,NA
aid_dependence,USA,2025,NA
aid_dependence,USA,2024,NA
aid_dependence,USA,2023,NA
aid_dependence,USA,2022,NA
aid_dependence,USA,2021,NA
aid_dependence,USA,2020,NA
aid_dependence,USA,2019,NA
aid_dependence,USA,2018,NA
aid_dependence,USA,2017,NA
aid_dependence,USA,2016,NA
aid_dependence,USA,2015,NA
aid_dependence,USA,2014,NA
aid_dependence,URY,2025,NA
aid_dependence,URY,2024,NA
aid_dependence,URY,2023,NA
aid_dependence,URY,2022,NA
aid_dependence,URY,2021,NA
aid_dependence,URY,2020,NA
aid_dependence,URY,2019,NA
aid_dependence,URY,2018,NA
aid_dependence,URY,2017,0.0677663395096234
aid_dependence,URY,2016,0.0332974335507448
aid_dependence,URY,2015,0.0419617780284561
aid_dependence,URY,2014,0.158546383313004
aid_dependence,UZB,2025,NA
aid_dependence,UZB,2024,NA
aid_dependence,UZB,2023,1.1058481675402
aid_dependence,UZB,2022,1.66275259660699
aid_dependence,UZB,2021,1.42655971711714
aid_dependence,UZB,2020,2.08215014834937
aid_dependence,UZB,2019,1.62751451448214
aid_dependence,UZB,2018,1.68415408546664
aid_dependence,UZB,2017,0.86970014786476
aid_dependence,UZB,2016,0.517654292174368
aid_dependence,UZB,2015,0.455591812378803
aid_dependence,UZB,2014,0.351298373420937
aid_dependence,VUT,2025,NA
aid_dependence,VUT,2024,NA
aid_dependence,VUT,2023,11.5772192191268
aid_dependence,VUT,2022,9.38058637432145
aid_dependence,VUT,2021,13.2492891882687
aid_dependence,VUT,2020,13.8469964389378
aid_dependence,VUT,2019,11.0573972166038
aid_dependence,VUT,2018,11.5961690078323
aid_dependence,VUT,2017,12.6281417618501
aid_dependence,VUT,2016,13.7717274400261
aid_dependence,VUT,2015,21.2528443995794
aid_dependence,VUT,2014,11.1544238790762
aid_dependence,VEN,2025,NA
aid_dependence,VEN,2024,NA
aid_dependence,VEN,2023,0.392053464064646
aid_dependence,VEN,2022,0.310771672704791
aid_dependence,VEN,2021,0.493809162075709
aid_dependence,VEN,2020,0.799384817298155
aid_dependence,VEN,2019,0.378741658938603
aid_dependence,VEN,2018,0.158570816621299
aid_dependence,VEN,2017,0.0801620644800587
aid_dependence,VEN,2016,0.0409512003893944
aid_dependence,VEN,2015,0.0311197644930695
aid_dependence,VEN,2014,0.020793611622377
aid_dependence,VNM,2025,NA
aid_dependence,VNM,2024,NA
aid_dependence,VNM,2023,0.202067358480655
aid_dependence,VNM,2022,0.0127149180103884
aid_dependence,VNM,2021,0.151801839170189
aid_dependence,VNM,2020,0.353395254058579
aid_dependence,VNM,2019,0.342992317246203
aid_dependence,VNM,2018,0.558921597096612
aid_dependence,VNM,2017,0.910699779837221
aid_dependence,VNM,2016,1.1961451189338
aid_dependence,VNM,2015,1.39461008493105
aid_dependence,VNM,2014,1.87689874659763
aid_dependence,VIR,2025,NA
aid_dependence,VIR,2024,NA
aid_dependence,VIR,2023,NA
aid_dependence,VIR,2022,NA
aid_dependence,VIR,2021,NA
aid_dependence,VIR,2020,NA
aid_dependence,VIR,2019,NA
aid_dependence,VIR,2018,NA
aid_dependence,VIR,2017,NA
aid_dependence,VIR,2016,NA
aid_dependence,VIR,2015,NA
aid_dependence,VIR,2014,NA
aid_dependence,PSE,2025,NA
aid_dependence,PSE,2024,NA
aid_dependence,PSE,2023,16.2430493847012
aid_dependence,PSE,2022,9.44712725838066
aid_dependence,PSE,2021,9.94848196227339
aid_dependence,PSE,2020,11.293624377103
aid_dependence,PSE,2019,11.6079686394728
aid_dependence,PSE,2018,12.0505570219715
aid_dependence,PSE,2017,11.7608731839158
aid_dependence,PSE,2016,13.8816290649746
aid_dependence,PSE,2015,11.9364574151806
aid_dependence,PSE,2014,16.0793165068583
aid_dependence,YEM,2025,NA
aid_dependence,YEM,2024,NA
aid_dependence,YEM,2023,NA
aid_dependence,YEM,2022,NA
aid_dependence,YEM,2021,NA
aid_dependence,YEM,2020,NA
aid_dependence,YEM,2019,NA
aid_dependence,YEM,2018,38.0320424626616
aid_dependence,YEM,2017,12.3879940640427
aid_dependence,YEM,2016,7.44172699032262
aid_dependence,YEM,2015,4.29182331313696
aid_dependence,YEM,2014,2.85146347741999
aid_dependence,ZMB,2025,NA
aid_dependence,ZMB,2024,NA
aid_dependence,ZMB,2023,5.48803893185948
aid_dependence,ZMB,2022,6.61955080354939
aid_dependence,ZMB,2021,5.34165217395963
aid_dependence,ZMB,2020,5.85750157191414
aid_dependence,ZMB,2019,4.13992284224419
aid_dependence,ZMB,2018,3.86158215017163
aid_dependence,ZMB,2017,4.20760688609291
aid_dependence,ZMB,2016,4.75825898812421
aid_dependence,ZMB,2015,3.82887273515553
aid_dependence,ZMB,2014,3.75239855986919
aid_dependence,ZWE,2025,NA
aid_dependence,ZWE,2024,NA
aid_dependence,ZWE,2023,2.22839339106763
aid_dependence,ZWE,2022,1.96433549347949
aid_dependence,ZWE,2021,2.42940846586167
aid_dependence,ZWE,2020,3.12628861463086
aid_dependence,ZWE,2019,2.5639000192922
aid_dependence,ZWE,2018,2.37686119647224
aid_dependence,ZWE,2017,1.47988726662785
aid_dependence,ZWE,2016,3.48330991905697
aid_dependence,ZWE,2015,4.05669360741361
aid_dependence,ZWE,2014,4.10200952824576
gdp_pc,AFE,2025,1722.38561960923
gdp_pc,AFE,2024,1628.22728900442
gdp_pc,AFE,2023,1571.13270407815
gdp_pc,AFE,2022,1675.90252377611
gdp_pc,AFE,2021,1560.89462580275
gdp_pc,AFE,2020,1351.50316694933
gdp_pc,AFE,2019,1508.0315245887
gdp_pc,AFE,2018,1553.61794421394
gdp_pc,AFE,2017,1529.92307995549
gdp_pc,AFE,2016,1335.7431649955
gdp_pc,AFE,2015,1498.71597073834
gdp_pc,AFE,2014,1689.98238051624
gdp_pc,AFW,2025,1600.05837434388
gdp_pc,AFW,2024,1416.22841156776
gdp_pc,AFW,2023,1846.24681069313
gdp_pc,AFW,2022,2143.07209365676
gdp_pc,AFW,2021,2116.9382941844
gdp_pc,AFW,2020,2034.43793971923
gdp_pc,AFW,2019,2219.41255534667
gdp_pc,AFW,2018,1723.11446346681
gdp_pc,AFW,2017,1577.20349674013
gdp_pc,AFW,2016,1632.42497788744
gdp_pc,AFW,2015,1863.40151301991
gdp_pc,AFW,2014,2224.32958643376
gdp_pc,ARB,2025,7544.41435641482
gdp_pc,ARB,2024,7602.41115691284
gdp_pc,ARB,2023,7504.35637695627
gdp_pc,ARB,2022,7960.81158770821
gdp_pc,ARB,2021,6708.20761928893
gdp_pc,ARB,2020,5749.75163256627
gdp_pc,ARB,2019,6683.67016877686
gdp_pc,ARB,2018,6708.53121256784
gdp_pc,ARB,2017,6105.92161804571
gdp_pc,ARB,2016,6051.26103619544
gdp_pc,ARB,2015,6299.87807685552
gdp_pc,ARB,2014,7347.6211570264
gdp_pc,CSS,2025,20880.0606776787
gdp_pc,CSS,2024,19923.5745910977
gdp_pc,CSS,2023,17609.6827071212
gdp_pc,CSS,2022,17449.5193422186
gdp_pc,CSS,2021,13996.4475071755
gdp_pc,CSS,2020,11961.4085449634
gdp_pc,CSS,2019,13995.7626558947
gdp_pc,CSS,2018,13896.5484095788
gdp_pc,CSS,2017,13708.7525902396
gdp_pc,CSS,2016,13377.8260731233
gdp_pc,CSS,2015,14497.8798625347
gdp_pc,CSS,2014,14962.943351851
gdp_pc,CEB,2025,27676.9389653713
gdp_pc,CEB,2024,24616.0957872816
gdp_pc,CEB,2023,22693.9504470566
gdp_pc,CEB,2022,19526.2463443821
gdp_pc,CEB,2021,19224.3287744219
gdp_pc,CEB,2020,16581.3833261524
gdp_pc,CEB,2019,16534.9661895205
gdp_pc,CEB,2018,16227.2845341706
gdp_pc,CEB,2017,14339.8488594791
gdp_pc,CEB,2016,12874.7280619541
gdp_pc,CEB,2015,12596.9151136003
gdp_pc,CEB,2014,14208.4390487349
gdp_pc,EAR,2025,4566.42669968306
gdp_pc,EAR,2024,4405.28492630999
gdp_pc,EAR,2023,4212.16924807645
gdp_pc,EAR,2022,4017.48956260692
gdp_pc,EAR,2021,3697.4103832017
gdp_pc,EAR,2020,3185.49787368673
gdp_pc,EAR,2019,3481.75530893525
gdp_pc,EAR,2018,3460.86264008666
gdp_pc,EAR,2017,3457.91719451195
gdp_pc,EAR,2016,3227.64814256759
gdp_pc,EAR,2015,3178.86716124226
gdp_pc,EAR,2014,3351.66429566368
gdp_pc,EAS,2025,14077.2712026283
gdp_pc,EAS,2024,13482.4788785045
gdp_pc,EAS,2023,13251.5119797804
gdp_pc,EAS,2022,13219.5863562213
gdp_pc,EAS,2021,13416.9773441612
gdp_pc,EAS,2020,11697.5156784805
gdp_pc,EAS,2019,11677.4429355606
gdp_pc,EAS,2018,11487.5096772887
gdp_pc,EAS,2017,10612.7930790259
gdp_pc,EAS,2016,10011.552668647
gdp_pc,EAS,2015,9730.64405529046
gdp_pc,EAS,2014,9832.43196516945
gdp_pc,EAP,2025,10843.4363994141
gdp_pc,EAP,2024,10391.1526101394
gdp_pc,EAP,2023,10126.4304121407
gdp_pc,EAP,2022,10107.0569545516
gdp_pc,EAP,2021,9974.57917918464
gdp_pc,EAP,2020,8391.23898302179
gdp_pc,EAP,2019,8286.45749748666
gdp_pc,EAP,2018,8046.00446277369
gdp_pc,EAP,2017,7241.98321346974
gdp_pc,EAP,2016,6683.23529656879
gdp_pc,EAP,2015,6589.81824245918
gdp_pc,EAP,2014,6373.70120967496
gdp_pc,TEA,2025,10965.8265646099
gdp_pc,TEA,2024,10508.2462082104
gdp_pc,TEA,2023,10240.3474676862
gdp_pc,TEA,2022,10220.556668162
gdp_pc,TEA,2021,10086.4082581275
gdp_pc,TEA,2020,8485.28948088661
gdp_pc,TEA,2019,8379.42503514668
gdp_pc,TEA,2018,8136.42934013947
gdp_pc,TEA,2017,7323.57112357326
gdp_pc,TEA,2016,6758.79473763568
gdp_pc,TEA,2015,6664.53447337008
gdp_pc,TEA,2014,6446.18938511466
gdp_pc,EMU,2025,50214.0783015991
gdp_pc,EMU,2024,46424.2413084574
gdp_pc,EMU,2023,44797.6445281418
gdp_pc,EMU,2022,41105.3462099324
gdp_pc,EMU,2021,42432.2915720012
gdp_pc,EMU,2020,37727.4543067337
gdp_pc,EMU,2019,38679.6118917933
gdp_pc,EMU,2018,39562.0814189751
gdp_pc,EMU,2017,36691.2109171985
gdp_pc,EMU,2016,34690.2425639991
gdp_pc,EMU,2015,33928.614137702
gdp_pc,EMU,2014,39333.1197168101
gdp_pc,ECS,2025,34603.480892464
gdp_pc,ECS,2024,31630.8552937604
gdp_pc,ECS,2023,30015.7640895399
gdp_pc,ECS,2022,27968.286148204
gdp_pc,ECS,2021,27700.9996673888
gdp_pc,ECS,2020,24187.2451763556
gdp_pc,ECS,2019,25045.1218961925
gdp_pc,ECS,2018,25435.6875035469
gdp_pc,ECS,2017,23839.7319723826
gdp_pc,ECS,2016,22554.6821198127
gdp_pc,ECS,2015,22742.4739859372
gdp_pc,ECS,2014,26517.017870416
gdp_pc,ECA,2025,11117.61379372
gdp_pc,ECA,2024,9801.70054676084
gdp_pc,ECA,2023,8609.12296290637
gdp_pc,ECA,2022,7264.37321853889
gdp_pc,ECA,2021,6632.57221034255
gdp_pc,ECA,2020,5734.46191312695
gdp_pc,ECA,2019,6036.15175345642
gdp_pc,ECA,2018,5947.15360517457
gdp_pc,ECA,2017,6129.93083517607
gdp_pc,ECA,2016,6023.54753164072
gdp_pc,ECA,2015,6338.80741019255
gdp_pc,ECA,2014,7334.84338588205
gdp_pc,TEC,2025,15300.0702229683
gdp_pc,TEC,2024,13364.4486876078
gdp_pc,TEC,2023,12070.5942969794
gdp_pc,TEC,2022,11422.1622613514
gdp_pc,TEC,2021,9992.00521619821
gdp_pc,TEC,2020,8455.78453528889
gdp_pc,TEC,2019,9040.92665915657
gdp_pc,TEC,2018,8885.56352555245
gdp_pc,TEC,2017,8571.09823045668
gdp_pc,TEC,2016,7679.02768410566
gdp_pc,TEC,2015,8034.6842596255
gdp_pc,TEC,2014,10330.3982164695
gdp_pc,EUU,2025,47089.1638419269
gdp_pc,EUU,2024,43313.7668203916
gdp_pc,EUU,2023,41566.8992410802
gdp_pc,EUU,2022,38066.8240398192
gdp_pc,EUU,2021,39206.9663368683
gdp_pc,EUU,2020,34694.7105012203
gdp_pc,EUU,2019,35374.1493923083
gdp_pc,EUU,2018,36076.9018014875
gdp_pc,EUU,2017,33394.5944932308
gdp_pc,EUU,2016,31456.903580129
gdp_pc,EUU,2015,30771.6635221374
gdp_pc,EUU,2014,35590.1074295737
gdp_pc,HPC,2025,1331.89997509038
gdp_pc,HPC,2024,1220.84577070029
gdp_pc,HPC,2023,1157.85200500349
gdp_pc,HPC,2022,1123.26894975331
gdp_pc,HPC,2021,1062.58689269634
gdp_pc,HPC,2020,963.808519118256
gdp_pc,HPC,2019,984.553372875279
gdp_pc,HPC,2018,986.447970381036
gdp_pc,HPC,2017,944.105800649501
gdp_pc,HPC,2016,895.291971418288
gdp_pc,HPC,2015,917.924140878178
gdp_pc,HPC,2014,987.602359884364
gdp_pc,IBD,2025,8599.35834895508
gdp_pc,IBD,2024,8186.57476056638
gdp_pc,IBD,2023,7892.13359236419
gdp_pc,IBD,2022,7679.78639337735
gdp_pc,IBD,2021,7312.40590533832
gdp_pc,IBD,2020,6189.46595997499
gdp_pc,IBD,2019,6474.8042775296
gdp_pc,IBD,2018,6392.20731313147
gdp_pc,IBD,2017,6053.47287028012
gdp_pc,IBD,2016,5535.21577803788
gdp_pc,IBD,2015,5546.81934137697
gdp_pc,IBD,2014,5950.16216217417
gdp_pc,IBT,2025,6613.2094697403
gdp_pc,IBT,2024,6304.3969997243
gdp_pc,IBT,2023,6126.38809068241
gdp_pc,IBT,2022,6024.32591287554
gdp_pc,IBT,2021,5754.17990139813
gdp_pc,IBT,2020,4923.39708871472
gdp_pc,IBT,2019,5168.03480575859
gdp_pc,IBT,2018,5085.0801851085
gdp_pc,IBT,2017,4833.02970118676
gdp_pc,IBT,2016,4450.00988856601
gdp_pc,IBT,2015,4477.24409653758
gdp_pc,IBT,2014,4804.51316862211
gdp_pc,IDB,2025,1841.20446420685
gdp_pc,IDB,2024,1658.96290902751
gdp_pc,IDB,2023,1922.68195677238
gdp_pc,IDB,2022,2241.22931753571
gdp_pc,IDB,2021,2148.31628647273
gdp_pc,IDB,2020,2014.81189013082
gdp_pc,IDB,2019,2210.55539131628
gdp_pc,IDB,2018,1873.7385939606
gdp_pc,IDB,2017,1808.86674135882
gdp_pc,IDB,2016,1810.82104602308
gdp_pc,IDB,2015,1967.8941145813
gdp_pc,IDB,2014,2113.88702279641
gdp_pc,IDX,2025,1484.11159862857
gdp_pc,IDX,2024,1395.67575971244
gdp_pc,IDX,2023,1330.08005697828
gdp_pc,IDX,2022,1333.98547158611
gdp_pc,IDX,2021,1257.78054041357
gdp_pc,IDX,2020,1172.52623503626
gdp_pc,IDX,2019,1187.14057928369
gdp_pc,IDX,2018,1159.99786764696
gdp_pc,IDX,2017,1111.6681922431
gdp_pc,IDX,2016,1054.71572764683
gdp_pc,IDX,2015,1024.03892548547
gdp_pc,IDX,2014,1049.90073249233
gdp_pc,IDA,2025,1608.08422318374
gdp_pc,IDA,2024,1487.2803211344
gdp_pc,IDA,2023,1536.73358897841
gdp_pc,IDA,2022,1651.01916315494
gdp_pc,IDA,2021,1569.43031809587
gdp_pc,IDA,2020,1467.74475406134
gdp_pc,IDA,2019,1546.57261928545
gdp_pc,IDA,2018,1411.20738303305
gdp_pc,IDA,2017,1357.47789528252
gdp_pc,IDA,2016,1321.74768141485
gdp_pc,IDA,2015,1357.9051932623
gdp_pc,IDA,2014,1426.50032692763
gdp_pc,LTE,2025,13677.3231696707
gdp_pc,LTE,2024,12874.6436381177
gdp_pc,LTE,2023,12427.24971376
gdp_pc,LTE,2022,12287.4566066286
gdp_pc,LTE,2021,11760.0897155889
gdp_pc,LTE,2020,9874.06805462328
gdp_pc,LTE,2019,10120.4663725773
gdp_pc,LTE,2018,9966.8758096194
gdp_pc,LTE,2017,9138.44151395876
gdp_pc,LTE,2016,8297.33628667142
gdp_pc,LTE,2015,8331.63288950883
gdp_pc,LTE,2014,8923.25719295961
gdp_pc,LCN,2025,11095.2176548294
gdp_pc,LCN,2024,10705.1067802788
gdp_pc,LCN,2023,10507.6138782353
gdp_pc,LCN,2022,9412.05924553392
gdp_pc,LCN,2021,8292.15210222359
gdp_pc,LCN,2020,7169.39235876452
gdp_pc,LCN,2019,8539.95940708219
gdp_pc,LCN,2018,8778.55673829884
gdp_pc,LCN,2017,9065.82390216762
gdp_pc,LCN,2016,8241.51169070648
gdp_pc,LCN,2015,8546.9179023802
gdp_pc,LCN,2014,10146.146495038
gdp_pc,LAC,2025,10407.4817975955
gdp_pc,LAC,2024,10065.5029056612
gdp_pc,LAC,2023,9891.4632795533
gdp_pc,LAC,2022,8838.67169511547
gdp_pc,LAC,2021,7694.61136917625
gdp_pc,LAC,2020,6651.15822114273
gdp_pc,LAC,2019,8006.02224102566
gdp_pc,LAC,2018,8231.91428708974
gdp_pc,LAC,2017,8568.05689042807
gdp_pc,LAC,2016,7751.59336930245
gdp_pc,LAC,2015,8087.33242325425
gdp_pc,LAC,2014,9758.39172353217
gdp_pc,TLA,2025,10822.5929247606
gdp_pc,TLA,2024,10441.4685782421
gdp_pc,TLA,2023,10259.5487208892
gdp_pc,TLA,2022,9177.79711881332
gdp_pc,TLA,2021,8076.87634033776
gdp_pc,TLA,2020,6965.15053129735
gdp_pc,TLA,2019,8363.2081656376
gdp_pc,TLA,2018,8620.65095771156
gdp_pc,TLA,2017,8918.58515585187
gdp_pc,TLA,2016,8082.0851229591
gdp_pc,TLA,2015,8404.04978849744
gdp_pc,TLA,2014,10059.0239257076
gdp_pc,LDC,2025,1361.99182021439
gdp_pc,LDC,2024,1299.44368873396
gdp_pc,LDC,2023,1258.15690309732
gdp_pc,LDC,2022,1298.29338219278
gdp_pc,LDC,2021,1175.42321388464
gdp_pc,LDC,2020,1089.46260850363
gdp_pc,LDC,2019,1106.28664072321
gdp_pc,LDC,2018,1082.35070462921
gdp_pc,LDC,2017,1037.25514816682
gdp_pc,LDC,2016,968.123330592586
gdp_pc,LDC,2015,983.414934367096
gdp_pc,LDC,2014,1056.97673052647
gdp_pc,LMY,2025,6107.26169428605
gdp_pc,LMY,2024,5874.03080372303
gdp_pc,LMY,2023,5733.51584469729
gdp_pc,LMY,2022,5626.6962378216
gdp_pc,LMY,2021,5422.11312035073
gdp_pc,LMY,2020,4646.47209072865
gdp_pc,LMY,2019,4857.12471542798
gdp_pc,LMY,2018,4773.03574184686
gdp_pc,LMY,2017,4543.08689291431
gdp_pc,LMY,2016,4211.54702250163
gdp_pc,LMY,2015,4223.77742891002
gdp_pc,LMY,2014,4422.77737437186
gdp_pc,MEA,2025,6202.19002141299
gdp_pc,MEA,2024,6275.43469598207
gdp_pc,MEA,2023,6144.70308054742
gdp_pc,MEA,2022,6436.74030312288
gdp_pc,MEA,2021,5622.19134191977
gdp_pc,MEA,2020,4749.14341262891
gdp_pc,MEA,2019,5416.06362418233
gdp_pc,MEA,2018,5550.31969384997
gdp_pc,MEA,2017,5283.42471158364
gdp_pc,MEA,2016,5130.21030038801
gdp_pc,MEA,2015,5130.25978607342
gdp_pc,MEA,2014,5814.71484290247
gdp_pc,MNA,2025,2829.12883889291
gdp_pc,MNA,2024,2963.06913716955
gdp_pc,MNA,2023,2872.39008505083
gdp_pc,MNA,2022,3022.54814280134
gdp_pc,MNA,2021,2760.50031198582
gdp_pc,MNA,2020,2415.26254491139
gdp_pc,MNA,2019,2701.71325265282
gdp_pc,MNA,2018,2815.3901774218
gdp_pc,MNA,2017,2865.83515636992
gdp_pc,MNA,2016,2869.01813118566
gdp_pc,MNA,2015,2808.6233441937
gdp_pc,MNA,2014,3079.70398875281
gdp_pc,TMN,2025,2826.65540584536
gdp_pc,TMN,2024,2962.60094580465
gdp_pc,TMN,2023,2867.14499885351
gdp_pc,TMN,2022,3017.03706401547
gdp_pc,TMN,2021,2754.03924421055
gdp_pc,TMN,2020,2409.54729126605
gdp_pc,TMN,2019,2695.09130976796
gdp_pc,TMN,2018,2810.24942028442
gdp_pc,TMN,2017,2860.68231685818
gdp_pc,TMN,2016,2864.53445831005
gdp_pc,TMN,2015,2805.48695611112
gdp_pc,TMN,2014,3077.87148288398
gdp_pc,MIC,2025,6778.79773310904
gdp_pc,MIC,2024,6507.45727213279
gdp_pc,MIC,2023,6342.84660727863
gdp_pc,MIC,2022,6209.92727259514
gdp_pc,MIC,2021,5980.00050387597
gdp_pc,MIC,2020,5110.03730012152
gdp_pc,MIC,2019,5333.00944959533
gdp_pc,MIC,2018,5231.9314869653
gdp_pc,MIC,2017,4970.75305971396
gdp_pc,MIC,2016,4598.01556540424
gdp_pc,MIC,2015,4597.60474958281
gdp_pc,MIC,2014,4808.99653991663
gdp_pc,NAC,2025,86308.0717272746
gdp_pc,NAC,2024,82808.120496409
gdp_pc,NAC,2023,79647.6390981082
gdp_pc,NAC,2022,75769.6975468613
gdp_pc,NAC,2021,69532.9041926862
gdp_pc,NAC,2020,62319.8671337986
gdp_pc,NAC,2019,63306.810223782
gdp_pc,NAC,2018,61228.2000482629
gdp_pc,NAC,2017,58555.9003870103
gdp_pc,NAC,2016,56416.7892083026
gdp_pc,NAC,2015,55534.4614029189
gdp_pc,NAC,2014,54742.8371458308
gdp_pc,OED,2025,51733.7140199057
gdp_pc,OED,2024,48881.8109051634
gdp_pc,OED,2023,47135.6137232065
gdp_pc,OED,2022,44455.8357743973
gdp_pc,OED,2021,43495.5049948213
gdp_pc,OED,2020,38947.5669905773
gdp_pc,OED,2019,39940.835037623
gdp_pc,OED,2018,39756.7556647363
gdp_pc,OED,2017,37802.8422452392
gdp_pc,OED,2016,36407.3771727139
gdp_pc,OED,2015,35931.9232791311
gdp_pc,OED,2014,38322.7280627757
gdp_pc,OSS,2025,17540.3099815121
gdp_pc,OSS,2024,16111.8328238083
gdp_pc,OSS,2023,15346.6488924949
gdp_pc,OSS,2022,14326.3081658507
gdp_pc,OSS,2021,13718.3632503913
gdp_pc,OSS,2020,11772.0946960495
gdp_pc,OSS,2019,12908.1967698249
gdp_pc,OSS,2018,13026.838449762
gdp_pc,OSS,2017,11950.9760651787
gdp_pc,OSS,2016,10813.3811118925
gdp_pc,OSS,2015,10359.1167773921
gdp_pc,OSS,2014,11682.6156441392
gdp_pc,PSS,2025,4719.69017777464
gdp_pc,PSS,2024,4528.48364572376
gdp_pc,PSS,2023,4199.64948077192
gdp_pc,PSS,2022,3941.90128416234
gdp_pc,PSS,2021,3646.98862815783
gdp_pc,PSS,2020,3632.52907231285
gdp_pc,PSS,2019,4185.0758997627
gdp_pc,PSS,2018,4295.18182253285
gdp_pc,PSS,2017,4147.00368611764
gdp_pc,PSS,2016,3898.87961923979
gdp_pc,PSS,2015,3761.06673610832
gdp_pc,PSS,2014,3891.36256203141
gdp_pc,PST,2025,59490.0240628251
gdp_pc,PST,2024,56385.0585145595
gdp_pc,PST,2023,54507.2154710128
gdp_pc,PST,2022,51597.0182783268
gdp_pc,PST,2021,50433.5519322417
gdp_pc,PST,2020,45174.5036479433
gdp_pc,PST,2019,46125.7453007656
gdp_pc,PST,2018,45787.7299792029
gdp_pc,PST,2017,43356.99969696
gdp_pc,PST,2016,41720.329677393
gdp_pc,PST,2015,40960.9089975197
gdp_pc,PST,2014,43482.2905959942
gdp_pc,PRE,2025,1470.05803145865
gdp_pc,PRE,2024,1372.7115352549
gdp_pc,PRE,2023,1559.36615928619
gdp_pc,PRE,2022,1769.1914721872
gdp_pc,PRE,2021,1594.39804852433
gdp_pc,PRE,2020,1497.18872625076
gdp_pc,PRE,2019,1682.64777483043
gdp_pc,PRE,2018,1452.10811367974
gdp_pc,PRE,2017,1341.55710823713
gdp_pc,PRE,2016,1318.65578321566
gdp_pc,PRE,2015,1526.04099231967
gdp_pc,PRE,2014,1849.26650645876
gdp_pc,SST,2025,16577.8450757077
gdp_pc,SST,2024,15409.264856078
gdp_pc,SST,2023,14360.785757405
gdp_pc,SST,2022,13644.5029834497
gdp_pc,SST,2021,12435.8612830054
gdp_pc,SST,2020,10730.4939107969
gdp_pc,SST,2019,11997.3036529705
gdp_pc,SST,2018,12064.6886372837
gdp_pc,SST,2017,11319.4921033734
gdp_pc,SST,2016,10492.0492970632
gdp_pc,SST,2015,10451.9964952878
gdp_pc,SST,2014,11422.9709382889
gdp_pc,SAS,2025,2705.28227429085
gdp_pc,SAS,2024,2601.82209529365
gdp_pc,SAS,2023,2449.857142451
gdp_pc,SAS,2022,2326.72890585805
gdp_pc,SAS,2021,2273.72055805692
gdp_pc,SAS,2020,1957.20343709781
gdp_pc,SAS,2019,2067.05975680251
gdp_pc,SAS,2018,1988.36633317988
gdp_pc,SAS,2017,1956.06707563972
gdp_pc,SAS,2016,1722.90703396273
gdp_pc,SAS,2015,1570.54142452744
gdp_pc,SAS,2014,1528.4920875126
gdp_pc,TSA,2025,2705.28227429085
gdp_pc,TSA,2024,2601.82209529365
gdp_pc,TSA,2023,2449.857142451
gdp_pc,TSA,2022,2326.72890585805
gdp_pc,TSA,2021,2273.72055805692
gdp_pc,TSA,2020,1957.20343709781
gdp_pc,TSA,2019,2067.05975680251
gdp_pc,TSA,2018,1988.36633317988
gdp_pc,TSA,2017,1956.06707563972
gdp_pc,TSA,2016,1722.90703396273
gdp_pc,TSA,2015,1570.54142452744
gdp_pc,TSA,2014,1528.4920875126
gdp_pc,SSF,2025,1673.07077574497
gdp_pc,SSF,2024,1542.65844261619
gdp_pc,SSF,2023,1682.2261488119
gdp_pc,SSF,2022,1864.70686111925
gdp_pc,SSF,2021,1785.98118191144
gdp_pc,SSF,2020,1628.43873346869
gdp_pc,SSF,2019,1797.04121765415
gdp_pc,SSF,2018,1622.59575329634
gdp_pc,SSF,2017,1549.18831908585
gdp_pc,SSF,2016,1456.65211115929
gdp_pc,SSF,2015,1647.32085826836
gdp_pc,SSF,2014,1907.73210907064
gdp_pc,SSA,2025,1671.41989803328
gdp_pc,SSA,2024,1541.07573422834
gdp_pc,SSA,2023,1680.66097936273
gdp_pc,SSA,2022,1863.26040059117
gdp_pc,SSA,2021,1784.88774854725
gdp_pc,SSA,2020,1627.39235037313
gdp_pc,SSA,2019,1795.55378673641
gdp_pc,SSA,2018,1621.1285196776
gdp_pc,SSA,2017,1547.77467837023
gdp_pc,SSA,2016,1455.29231657117
gdp_pc,SSA,2015,1646.07300085129
gdp_pc,SSA,2014,1906.51557748593
gdp_pc,TSS,2025,1673.07077574497
gdp_pc,TSS,2024,1542.65844261619
gdp_pc,TSS,2023,1682.2261488119
gdp_pc,TSS,2022,1864.70686111924
gdp_pc,TSS,2021,1785.98118191144
gdp_pc,TSS,2020,1628.43873346869
gdp_pc,TSS,2019,1797.04121765415
gdp_pc,TSS,2018,1622.59575329634
gdp_pc,TSS,2017,1549.18831908585
gdp_pc,TSS,2016,1456.65211115929
gdp_pc,TSS,2015,1647.32085826836
gdp_pc,TSS,2014,1907.73210907064
gdp_pc,WLD,2025,14405.8484595528
gdp_pc,WLD,2024,13717.0909956338
gdp_pc,WLD,2023,13313.8575826001
gdp_pc,WLD,2022,12876.2377124072
gdp_pc,WLD,2021,12472.9074157191
gdp_pc,WLD,2020,10999.4917581781
gdp_pc,WLD,2019,11417.5958587724
gdp_pc,WLD,2018,11344.728168656
gdp_pc,WLD,2017,10784.3950896297
gdp_pc,WLD,2016,10239.4656645738
gdp_pc,WLD,2015,10191.9752512662
gdp_pc,WLD,2014,10912.2447775638
gdp_pc,AFG,2025,NA
gdp_pc,AFG,2024,416.871146273728
gdp_pc,AFG,2023,413.757894705303
gdp_pc,AFG,2022,357.261152798144
gdp_pc,AFG,2021,356.496214115892
gdp_pc,AFG,2020,510.787063366811
gdp_pc,AFG,2019,496.6025042585
gdp_pc,AFG,2018,491.337221382603
gdp_pc,AFG,2017,525.469770891619
gdp_pc,AFG,2016,522.082215583898
gdp_pc,AFG,2015,565.569730408751
gdp_pc,AFG,2014,625.054941813938
gdp_pc,ALB,2025,12998.147869552
gdp_pc,ALB,2024,11374.0085781236
gdp_pc,ALB,2023,9740.7023414631
gdp_pc,ALB,2022,7756.96188744253
gdp_pc,ALB,2021,7242.45513146613
gdp_pc,ALB,2020,6027.91350716348
gdp_pc,ALB,2019,6069.43903131027
gdp_pc,ALB,2018,5897.65452588774
gdp_pc,ALB,2017,5006.36012951959
gdp_pc,ALB,2016,4457.63412207495
gdp_pc,ALB,2015,4199.53912925398
gdp_pc,ALB,2014,4793.59751131525
gdp_pc,DZA,2025,6051.00322704182
gdp_pc,DZA,2024,5752.99076651465
gdp_pc,DZA,2023,5370.477235078
gdp_pc,DZA,2022,4960.30334332888
gdp_pc,DZA,2021,4160.55926736925
gdp_pc,DZA,2020,3743.5419522929
gdp_pc,DZA,2019,4468.45341883656
gdp_pc,DZA,2018,4577.21029180491
gdp_pc,DZA,2017,4554.66753957828
gdp_pc,DZA,2016,4424.98529027556
gdp_pc,DZA,2015,4685.05902729002
gdp_pc,DZA,2014,6094.69392314956
gdp_pc,ASM,2025,NA
gdp_pc,ASM,2024,NA
gdp_pc,ASM,2023,NA
gdp_pc,ASM,2022,18017.4589383973
gdp_pc,ASM,2021,15236.1604875571
gdp_pc,ASM,2020,14489.2586563775
gdp_pc,ASM,2019,12886.1359517218
gdp_pc,ASM,2018,12552.0546868861
gdp_pc,ASM,2017,11863.6839452565
gdp_pc,ASM,2016,12843.3342903627
gdp_pc,ASM,2015,12727.4102651386
gdp_pc,ASM,2014,12026.3344929488
gdp_pc,AND,2025,54291.5026031052
gdp_pc,AND,2024,49357.437070178
gdp_pc,AND,2023,46812.448450114
gdp_pc,AND,2022,42414.0590111349
gdp_pc,AND,2021,42425.6996761083
gdp_pc,AND,2020,37361.090067211
gdp_pc,AND,2019,41257.8045861543
gdp_pc,AND,2018,42819.774579353
gdp_pc,AND,2017,40672.9943362327
gdp_pc,AND,2016,40129.8192026671
gdp_pc,AND,2015,38654.9347217207
gdp_pc,AND,2014,44369.6596894579
gdp_pc,AGO,2025,3129.47662331063
gdp_pc,AGO,2024,2720.81900669715
gdp_pc,AGO,2023,2885.51349130806
gdp_pc,AGO,2022,3598.53669077341
gdp_pc,AGO,2021,2266.96834861584
gdp_pc,AGO,2020,1749.1794838482
gdp_pc,AGO,2019,2507.86807213642
gdp_pc,AGO,2018,2891.83032378747
gdp_pc,AGO,2017,2832.14997950512
gdp_pc,AGO,2016,2082.37343594705
gdp_pc,AGO,2015,3641.72893920253
gdp_pc,AGO,2014,5649.68762467535
gdp_pc,ATG,2025,24819.2454680158
gdp_pc,ATG,2024,23059.8330702839
gdp_pc,ATG,2023,22012.2625947994
gdp_pc,ATG,2022,20003.3909394099
gdp_pc,ATG,2021,17348.6006987182
gdp_pc,ATG,2020,15369.6082250401
gdp_pc,ATG,2019,18896.3721832248
gdp_pc,ATG,2018,18273.4270684912
gdp_pc,ATG,2017,16965.7288273816
gdp_pc,ATG,2016,16556.8551801588
gdp_pc,ATG,2015,16077.6340769406
gdp_pc,ATG,2014,15532.1062063584
gdp_pc,ARG,2025,14898.0885943842
gdp_pc,ARG,2024,13969.7836603737
gdp_pc,ARG,2023,14261.8465667948
gdp_pc,ARG,2022,13962.1894087223
gdp_pc,ARG,2021,10738.0179223384
gdp_pc,ARG,2020,8535.59938004389
gdp_pc,ARG,2019,9955.97478680428
gdp_pc,ARG,2018,11752.7998922979
gdp_pc,ARG,2017,14532.5009308511
gdp_pc,ARG,2016,12699.9623137756
gdp_pc,ARG,2015,13679.6264980954
gdp_pc,ARG,2014,12233.1444119186
gdp_pc,ARM,2025,9474.01849300368
gdp_pc,ARM,2024,8556.21406956719
gdp_pc,ARM,2023,8159.08720967996
gdp_pc,ARM,2022,6571.97445545099
gdp_pc,ARM,2021,4685.17997128509
gdp_pc,ARM,2020,4268.68093304583
gdp_pc,ARM,2019,4597.22887399548
gdp_pc,ARM,2018,4196.00562301769
gdp_pc,ARM,2017,3869.05373867752
gdp_pc,ARM,2016,3524.42476874707
gdp_pc,ARM,2015,3512.39350276709
gdp_pc,ARM,2014,3852.11800610384
gdp_pc,ABW,2025,NA
gdp_pc,ABW,2024,38590.5650288641
gdp_pc,ABW,2023,34897.6183932009
gdp_pc,ABW,2022,31000.5713798732
gdp_pc,ABW,2021,26827.3447869986
gdp_pc,ABW,2020,22664.3709949437
gdp_pc,ABW,2019,30654.4851235397
gdp_pc,ABW,2018,30082.1584226798
gdp_pc,ABW,2017,28440.0416881491
gdp_pc,ABW,2016,27441.5502144601
gdp_pc,ABW,2015,27458.2201537506
gdp_pc,ABW,2014,26129.8390617693
gdp_pc,AUS,2025,65129.7227990563
gdp_pc,AUS,2024,64609.9865116088
gdp_pc,AUS,2023,65058.3773146674
gdp_pc,AUS,2022,65169.5191118657
gdp_pc,AUS,2021,60758.9044397144
gdp_pc,AUS,2020,51983.4523666382
gdp_pc,AUS,2019,55194.7585097428
gdp_pc,AUS,2018,57410.1737346009
gdp_pc,AUS,2017,54117.547718609
gdp_pc,AUS,2016,50084.4440606385
gdp_pc,AUS,2015,56970.3613028094
gdp_pc,AUS,2014,62817.2061751737
gdp_pc,AUT,2025,62930.0351324599
gdp_pc,AUT,2024,58268.8787651601
gdp_pc,AUT,2023,56579.504175468
gdp_pc,AUT,2022,52336.7725223758
gdp_pc,AUT,2021,53648.6437976214
gdp_pc,AUT,2020,48716.4098900349
gdp_pc,AUT,2019,49885.9947355204
gdp_pc,AUT,2018,51194.0749841299
gdp_pc,AUT,2017,47163.7425775142
gdp_pc,AUT,2016,45061.4993920192
gdp_pc,AUT,2015,43915.228020857
gdp_pc,AUT,2014,51314.9722616322
gdp_pc,AZE,2025,7410.72281660142
gdp_pc,AZE,2024,7294.64276088105
gdp_pc,AZE,2023,7133.02838048328
gdp_pc,AZE,2022,7770.594223351
gdp_pc,AZE,2021,5408.04535175023
gdp_pc,AZE,2020,4229.91064904503
gdp_pc,AZE,2019,4805.75371765917
gdp_pc,AZE,2018,4739.7943123408
gdp_pc,AZE,2017,4147.1981423222
gdp_pc,AZE,2016,3880.6852276838
gdp_pc,AZE,2015,5500.50364628486
gdp_pc,AZE,2014,7890.84028062087
gdp_pc,BHS,2025,NA
gdp_pc,BHS,2024,39455.4466548546
gdp_pc,BHS,2023,38231.774484278
gdp_pc,BHS,2022,34957.1613279737
gdp_pc,BHS,2021,30367.8605757708
gdp_pc,BHS,2020,26178.7537607708
gdp_pc,BHS,2019,33640.3369861278
gdp_pc,BHS,2018,32642.3353203452
gdp_pc,BHS,2017,31875.4881749619
gdp_pc,BHS,2016,30616.5363157284
gdp_pc,BHS,2015,30719.405417469
gdp_pc,BHS,2014,29137.2175632622
gdp_pc,BHR,2025,30596.5794898885
gdp_pc,BHR,2024,29717.1424605273
gdp_pc,BHR,2023,29290.1284215098
gdp_pc,BHR,2022,30470.5219276023
gdp_pc,BHR,2021,27147.8083882286
gdp_pc,BHR,2020,24342.8444554718
gdp_pc,BHR,2019,27259.7438599327
gdp_pc,BHR,2018,26324.4066549559
gdp_pc,BHR,2017,24784.7693514607
gdp_pc,BHR,2016,23800.001440631
gdp_pc,BHR,2015,23734.0551143019
gdp_pc,BHR,2014,26451.7965647453
gdp_pc,BGD,2025,2597.34352335275
gdp_pc,BGD,2024,2593.41611680774
gdp_pc,BGD,2023,2551.01773827307
gdp_pc,BGD,2022,2716.48592780431
gdp_pc,BGD,2021,2482.84917843357
gdp_pc,BGD,2020,2248.85078828233
gdp_pc,BGD,2019,2129.79896954606
gdp_pc,BGD,2018,1965.24372731467
gdp_pc,BGD,2017,1811.08221668646
gdp_pc,BGD,2016,1649.28380858601
gdp_pc,BGD,2015,1224.38647668165
gdp_pc,BGD,2014,1094.46199702838
gdp_pc,BRB,2025,28364.8181499736
gdp_pc,BRB,2024,26897.2002039176
gdp_pc,BRB,2023,25583.8722302505
gdp_pc,BRB,2022,24393.2193483944
gdp_pc,BRB,2021,21084.4013935998
gdp_pc,BRB,2020,19180.9915228365
gdp_pc,BRB,2019,21929.435611489
gdp_pc,BRB,2018,21378.2201267496
gdp_pc,BRB,2017,20870.7596432179
gdp_pc,BRB,2016,20311.4094163764
gdp_pc,BRB,2015,20429.4747123553
gdp_pc,BRB,2014,20423.7177921163
gdp_pc,BLR,2025,10279.2547190723
gdp_pc,BLR,2024,8605.60954569694
gdp_pc,BLR,2023,7896.75388295584
gdp_pc,BLR,2022,7994.64806074889
gdp_pc,BLR,2021,7489.71894713888
gdp_pc,BLR,2020,6542.85579976768
gdp_pc,BLR,2019,6837.77339645635
gdp_pc,BLR,2018,6360.037502312
gdp_pc,BLR,2017,5785.54491935194
gdp_pc,BLR,2016,5039.77560949445
gdp_pc,BLR,2015,5967.05595058777
gdp_pc,BLR,2014,8341.31809294883
gdp_pc,BEL,2025,60750.2735864647
gdp_pc,BEL,2024,56581.9375642531
gdp_pc,BEL,2023,55244.68145811
gdp_pc,BEL,2022,50639.0264882739
gdp_pc,BEL,2021,51658.238294958
gdp_pc,BEL,2020,45906.2875805246
gdp_pc,BEL,2019,46716.6227467964
gdp_pc,BEL,2018,47487.2100392561
gdp_pc,BEL,2017,44035.3239358548
gdp_pc,BEL,2016,41854.5498296444
gdp_pc,BEL,2015,40893.804537772
gdp_pc,BEL,2014,47995.7786961339
gdp_pc,BLZ,2025,7865.47937690933
gdp_pc,BLZ,2024,7681.24400583113
gdp_pc,BLZ,2023,7424.75821321022
gdp_pc,BLZ,2022,7068.21728043145
gdp_pc,BLZ,2021,6142.98930557031
gdp_pc,BLZ,2020,5238.54078175696
gdp_pc,BLZ,2019,6171.61449761423
gdp_pc,BLZ,2018,6011.99036888587
gdp_pc,BLZ,2017,6071.85451846453
gdp_pc,BLZ,2016,6140.86713919469
gdp_pc,BLZ,2015,6154.62264230369
gdp_pc,BLZ,2014,6128.12053089077
gdp_pc,BEN,2025,1658.27312662991
gdp_pc,BEN,2024,1485.38018885134
gdp_pc,BEN,2023,1394.17784721831
gdp_pc,BEN,2022,1266.42711031904
gdp_pc,BEN,2021,1318.65158075198
gdp_pc,BEN,2020,1200.19426557789
gdp_pc,BEN,2019,1130.82135339795
gdp_pc,BEN,2018,1151.7409703472
gdp_pc,BEN,2017,1054.97408066814
gdp_pc,BEN,2016,1010.5338961993
gdp_pc,BEN,2015,1002.41886879614
gdp_pc,BEN,2014,1204.39918670094
gdp_pc,BMU,2025,NA
gdp_pc,BMU,2024,142250.433195123
gdp_pc,BMU,2023,132961.760796315
gdp_pc,BMU,2022,119969.173269085
gdp_pc,BMU,2021,112765.08167306
gdp_pc,BMU,2020,106976.546239632
gdp_pc,BMU,2019,115798.040775578
gdp_pc,BMU,2018,113204.82210838
gdp_pc,BMU,2017,112339.425587467
gdp_pc,BMU,2016,108747.356144305
gdp_pc,BMU,2015,104855.366822135
gdp_pc,BMU,2014,100961.576602811
gdp_pc,BTN,2025,4492.78400306618
gdp_pc,BTN,2024,4228.05102403654
gdp_pc,BTN,2023,3831.32535564326
gdp_pc,BTN,2022,3711.32767981591
gdp_pc,BTN,2021,3570.61257980872
gdp_pc,BTN,2020,3191.66906999331
gdp_pc,BTN,2019,3576.87987100503
gdp_pc,BTN,2018,3400.20417245342
gdp_pc,BTN,2017,3435.28804735662
gdp_pc,BTN,2016,3152.30905106786
gdp_pc,BTN,2015,2954.04081911097
gdp_pc,BTN,2014,2849.49998647303
gdp_pc,BOL,2025,5147.81081955367
gdp_pc,BOL,2024,4421.16609889999
gdp_pc,BOL,2023,4274.70820547613
gdp_pc,BOL,2022,4219.46113742445
gdp_pc,BOL,2021,4010.76053686204
gdp_pc,BOL,2020,3580.96761778303
gdp_pc,BOL,2019,4203.15492855788
gdp_pc,BOL,2018,4206.8552936661
gdp_pc,BOL,2017,4048.40119739839
gdp_pc,BOL,2016,3035.87347732132
gdp_pc,BOL,2015,2996.01289811344
gdp_pc,BOL,2014,3041.43503162408
gdp_pc,BIH,2025,10381.8460703874
gdp_pc,BIH,2024,9397.90942855997
gdp_pc,BIH,2023,8663.02326458629
gdp_pc,BIH,2022,7655.59421024383
gdp_pc,BIH,2021,7295.34378682258
gdp_pc,BIH,2020,6130.31187968266
gdp_pc,BIH,2019,6122.37541352353
gdp_pc,BIH,2018,6047.84707207392
gdp_pc,BIH,2017,5345.01978766473
gdp_pc,BIH,2016,4928.5665903114
gdp_pc,BIH,2015,4662.25869219448
gdp_pc,BIH,2014,5206.06573475132
gdp_pc,BWA,2025,7778.1151090571
gdp_pc,BWA,2024,7649.81663744354
gdp_pc,BWA,2023,7827.30027960734
gdp_pc,BWA,2022,8328.7090572666
gdp_pc,BWA,2021,7807.88794570471
gdp_pc,BWA,2020,6323.2974967659
gdp_pc,BWA,2019,7172.08956480028
gdp_pc,BWA,2018,7407.95940141786
gdp_pc,BWA,2017,7104.96401088027
gdp_pc,BWA,2016,6749.05994339013
gdp_pc,BWA,2015,6141.20394726616
gdp_pc,BWA,2014,7122.36423421503
gdp_pc,BRA,2025,10713.2856869511
gdp_pc,BRA,2024,10310.5486973693
gdp_pc,BRA,2023,10377.5892792557
gdp_pc,BRA,2022,9281.33334441234
gdp_pc,BRA,2021,7972.5366498646
gdp_pc,BRA,2020,7074.19378337644
gdp_pc,BRA,2019,9029.83326681073
gdp_pc,BRA,2018,9300.66164923219
gdp_pc,BRA,2017,10080.5092819305
gdp_pc,BRA,2016,8836.28652735657
gdp_pc,BRA,2015,8936.19661712113
gdp_pc,BRA,2014,12274.9939689363
gdp_pc,VGB,2025,NA
gdp_pc,VGB,2024,NA
gdp_pc,VGB,2023,NA
gdp_pc,VGB,2022,NA
gdp_pc,VGB,2021,NA
gdp_pc,VGB,2020,NA
gdp_pc,VGB,2019,NA
gdp_pc,VGB,2018,NA
gdp_pc,VGB,2017,NA
gdp_pc,VGB,2016,NA
gdp_pc,VGB,2015,NA
gdp_pc,VGB,2014,NA
gdp_pc,BRN,2025,32234.6428368582
gdp_pc,BRN,2024,33153.4738913513
gdp_pc,BRN,2023,32890.5491812019
gdp_pc,BRN,2022,36632.9280952155
gdp_pc,BRN,2021,31006.9636289785
gdp_pc,BRN,2020,26834.3592233943
gdp_pc,BRN,2019,30426.5730656528
gdp_pc,BRN,2018,30988.1190267227
gdp_pc,BRN,2017,28024.3824580252
gdp_pc,BRN,2016,26663.2972950602
gdp_pc,BRN,2015,30625.1287744656
gdp_pc,BRN,2014,41026.5084247957
gdp_pc,BGR,2025,20328.1667065538
gdp_pc,BGR,2024,17596.9167621233
gdp_pc,BGR,2023,15854.0192893772
gdp_pc,BGR,2022,13999.9113358453
gdp_pc,BGR,2021,12966.8085197381
gdp_pc,BGR,2020,10760.7616180234
gdp_pc,BGR,2019,10354.2500414088
gdp_pc,BGR,2018,9849.88769989118
gdp_pc,BGR,2017,8697.13373333715
gdp_pc,BGR,2016,7822.89886431732
gdp_pc,BGR,2015,7269.02586513711
gdp_pc,BGR,2014,8070.01289303544
gdp_pc,BFA,2025,1147.57131635601
gdp_pc,BFA,2024,982.493100418428
gdp_pc,BFA,2023,873.198061670247
gdp_pc,BFA,2022,827.330843486661
gdp_pc,BFA,2021,895.535288442991
gdp_pc,BFA,2020,825.237038782475
gdp_pc,BFA,2019,764.853077774946
gdp_pc,BFA,2018,777.465618514048
gdp_pc,BFA,2017,709.091535894695
gdp_pc,BFA,2016,663.742364842886
gdp_pc,BFA,2015,630.124750752312
gdp_pc,BFA,2014,764.861675106225
gdp_pc,BDI,2025,233.823013385395
gdp_pc,BDI,2024,216.231928531758
gdp_pc,BDI,2023,249.795164039029
gdp_pc,BDI,2022,301.832255755105
gdp_pc,BDI,2021,264.172844085398
gdp_pc,BDI,2020,252.702452750006
gdp_pc,BDI,2019,234.31061590725
gdp_pc,BDI,2018,245.661678332009
gdp_pc,BDI,2017,246.060725714184
gdp_pc,BDI,2016,232.937812100153
gdp_pc,BDI,2015,254.402585226788
gdp_pc,BDI,2014,250.544492155185
gdp_pc,CPV,2025,5796.47207860911
gdp_pc,CPV,2024,5170.20531932535
gdp_pc,CPV,2023,4794.90119772843
gdp_pc,CPV,2022,4323.31362032709
gdp_pc,CPV,2021,3971.44409203423
gdp_pc,CPV,2020,3539.22661248299
gdp_pc,CPV,2019,4380.78117331128
gdp_pc,CPV,2018,4294.96510035729
gdp_pc,CPV,2017,3893.09571382506
gdp_pc,CPV,2016,3608.96605234906
gdp_pc,CPV,2015,3415.06266730931
gdp_pc,CPV,2014,3985.60706548134
gdp_pc,KHM,2025,2872.42926639909
gdp_pc,KHM,2024,2627.87969756224
gdp_pc,KHM,2023,2429.74853452838
gdp_pc,KHM,2022,2325.03050040841
gdp_pc,KHM,2021,2167.40324198499
gdp_pc,KHM,2020,2081.73914242939
gdp_pc,KHM,2019,2225.87705485686
gdp_pc,KHM,2018,2036.67377566578
gdp_pc,KHM,2017,1826.35391688754
gdp_pc,KHM,2016,1675.19555711109
gdp_pc,KHM,2015,1547.32010444393
gdp_pc,KHM,2014,1431.56396469993
gdp_pc,CMR,2025,1972.3815800786
gdp_pc,CMR,2024,1830.00833684727
gdp_pc,CMR,2023,1720.47510154506
gdp_pc,CMR,2022,1604.87726954895
gdp_pc,CMR,2021,1672.32657340872
gdp_pc,CMR,2020,1555.60370660749
gdp_pc,CMR,2019,1555.22660476477
gdp_pc,CMR,2018,1610.69641591017
gdp_pc,CMR,2017,1496.08951771242
gdp_pc,CMR,2016,1441.7201725688
gdp_pc,CMR,2015,1415.00009710569
gdp_pc,CMR,2014,1649.4433905949
gdp_pc,CAN,2025,55697.6639660837
gdp_pc,CAN,2024,55015.7066917734
gdp_pc,CAN,2023,54847.5370112652
gdp_pc,CAN,2022,56496.9275340663
gdp_pc,CAN,2021,52886.6407813788
gdp_pc,CAN,2020,43537.8981198851
gdp_pc,CAN,2019,46352.9695208927
gdp_pc,CAN,2018,46539.2177903178
gdp_pc,CAN,2017,45129.7335281051
gdp_pc,CAN,2016,42314.1033623905
gdp_pc,CAN,2015,43594.2379080706
gdp_pc,CAN,2014,50960.8942086685
gdp_pc,CYM,2025,NA
gdp_pc,CYM,2024,104292.900672109
gdp_pc,CYM,2023,100065.233841107
gdp_pc,CYM,2022,92937.8838323153
gdp_pc,CYM,2021,86449.6749037302
gdp_pc,CYM,2020,82338.7977439023
gdp_pc,CYM,2019,88254.2903677044
gdp_pc,CYM,2018,83865.5531568184
gdp_pc,CYM,2017,80053.9444506891
gdp_pc,CYM,2016,77802.2541567187
gdp_pc,CYM,2015,76379.2095108681
gdp_pc,CYM,2014,75845.3060407986
gdp_pc,CAF,2025,556.131398031455
gdp_pc,CAF,2024,516.160999996036
gdp_pc,CAF,2023,495.978897288721
gdp_pc,CAF,2022,467.359825026238
gdp_pc,CAF,2021,492.263142830507
gdp_pc,CAF,2020,462.879071294011
gdp_pc,CAF,2019,449.228467602439
gdp_pc,CAF,2018,455.243962859534
gdp_pc,CAF,2017,432.324025684263
gdp_pc,CAF,2016,387.176203444318
gdp_pc,CAF,2015,366.322853938121
gdp_pc,CAF,2014,409.8504859647
gdp_pc,TCD,2025,1022.33559390754
gdp_pc,TCD,2024,980.668312111718
gdp_pc,TCD,2023,949.991054236266
gdp_pc,TCD,2022,966.036468278568
gdp_pc,TCD,2021,946.358500208374
gdp_pc,TCD,2020,866.947814890409
gdp_pc,TCD,2019,893.336441643325
gdp_pc,TCD,2018,948.656629871231
gdp_pc,TCD,2017,854.46120040098
gdp_pc,TCD,2016,861.831767630746
gdp_pc,TCD,2015,993.990730610869
gdp_pc,TCD,2014,1278.78981422494
gdp_pc,CHI,2025,NA
gdp_pc,CHI,2024,NA
gdp_pc,CHI,2023,74585.5224096294
gdp_pc,CHI,2022,67627.1417347907
gdp_pc,CHI,2021,66915.3963925722
gdp_pc,CHI,2020,56785.9402005039
gdp_pc,CHI,2019,60564.6293993681
gdp_pc,CHI,2018,60784.8125397162
gdp_pc,CHI,2017,55806.3554257428
gdp_pc,CHI,2016,55947.579811974
gdp_pc,CHI,2015,61847.8212238857
gdp_pc,CHI,2014,64697.5485024325
gdp_pc,CHL,2025,17994.5911957485
gdp_pc,CHL,2024,16658.9652720351
gdp_pc,CHL,2023,17081.5180740049
gdp_pc,CHL,2022,15399.1044717559
gdp_pc,CHL,2021,16216.1840860289
gdp_pc,CHL,2020,13117.9930230086
gdp_pc,CHL,2019,14496.9345640362
gdp_pc,CHL,2018,15659.4808675628
gdp_pc,CHL,2017,14879.9086227187
gdp_pc,CHL,2016,13649.8520452803
gdp_pc,CHL,2015,13433.9202987032
gdp_pc,CHL,2014,14529.6767206336
gdp_pc,CHN,2025,13861.970224368
gdp_pc,CHN,2024,13293.1162269366
gdp_pc,CHN,2023,12951.1782397043
gdp_pc,CHN,2022,12970.6056414327
gdp_pc,CHN,2021,12887.4357242941
gdp_pc,CHN,2020,10627.4637989619
gdp_pc,CHN,2019,10342.9009524335
gdp_pc,CHN,2018,10085.6638148819
gdp_pc,CHN,2017,8979.67652709856
gdp_pc,CHN,2016,8254.86859320357
gdp_pc,CHN,2015,8175.33285077393
gdp_pc,CHN,2014,7781.06597484974
gdp_pc,COL,2025,8561.62091854449
gdp_pc,COL,2024,7951.08624019412
gdp_pc,COL,2023,7012.49169137756
gdp_pc,COL,2022,6680.44506854481
gdp_pc,COL,2021,6222.62164397614
gdp_pc,COL,2020,5339.68711357943
gdp_pc,COL,2019,6472.54544924705
gdp_pc,COL,2018,6816.96818309544
gdp_pc,COL,2017,6479.53231292429
gdp_pc,COL,2016,5959.84250367574
gdp_pc,COL,2015,6248.51490534512
gdp_pc,COL,2014,8187.20824890084
gdp_pc,COM,2025,2055.75921566281
gdp_pc,COM,2024,1857.87060684189
gdp_pc,COM,2023,1723.89474946474
gdp_pc,COM,2022,1533.87755393614
gdp_pc,COM,2021,1587.72988658008
gdp_pc,COM,2020,1527.16991011916
gdp_pc,COM,2019,1519.26386436068
gdp_pc,COM,2018,1540.71132257526
gdp_pc,COM,2017,1423.9248027797
gdp_pc,COM,2016,1365.48403444497
gdp_pc,COM,2015,1329.37048235986
gdp_pc,COM,2014,1615.71709756316
gdp_pc,COD,2025,806.776000708534
gdp_pc,COD,2024,692.887665085098
gdp_pc,COD,2023,660.21205238997
gdp_pc,COD,2022,687.738587554685
gdp_pc,COD,2021,595.743074403567
gdp_pc,COD,2020,486.425572682256
gdp_pc,COD,2019,504.00419142286
gdp_pc,COD,2018,518.169626875371
gdp_pc,COD,2017,431.052559128788
gdp_pc,COD,2016,459.765036590388
gdp_pc,COD,2015,495.826633014883
gdp_pc,COD,2014,489.175952097319
gdp_pc,COG,2025,2514.73393584747
gdp_pc,COG,2024,2482.2489948456
gdp_pc,COG,2023,2477.97845544866
gdp_pc,COG,2022,2620.83804267402
gdp_pc,COG,2021,2516.16255145432
gdp_pc,COG,2020,1993.586671931
gdp_pc,COG,2019,2488.42466724916
gdp_pc,COG,2018,2694.43413191427
gdp_pc,COG,2017,2211.63309874797
gdp_pc,COG,2016,2093.10728558843
gdp_pc,COG,2015,2439.35189403696
gdp_pc,COG,2014,3601.2365808718
gdp_pc,CRI,2025,19970.0989059622
gdp_pc,CRI,2024,18853.2828705886
gdp_pc,CRI,2023,17140.771430122
gdp_pc,CRI,2022,13971.7649991294
gdp_pc,CRI,2021,12962.2716075659
gdp_pc,CRI,2020,12475.6852076814
gdp_pc,CRI,2019,12951.8588421841
gdp_pc,CRI,2018,12620.0207321581
gdp_pc,CRI,2017,12317.0902779911
gdp_pc,CRI,2016,12091.0301560892
gdp_pc,CRI,2015,11714.7106121672
gdp_pc,CRI,2014,10911.4978703456
gdp_pc,CIV,2025,3050.10202257321
gdp_pc,CIV,2024,2727.8935220697
gdp_pc,CIV,2023,2591.9659048119
gdp_pc,CIV,2022,2333.37128301259
gdp_pc,CIV,2021,2455.98127641148
gdp_pc,CIV,2020,2179.72934832935
gdp_pc,CIV,2019,2141.76836170115
gdp_pc,CIV,2018,2130.86619381144
gdp_pc,CIV,2017,1964.29930338343
gdp_pc,CIV,2016,1862.59597081287
gdp_pc,CIV,2015,1814.71855088017
gdp_pc,CIV,2014,1991.36539423404
gdp_pc,HRV,2025,27103.9116109268
gdp_pc,HRV,2024,24049.9441746337
gdp_pc,HRV,2023,22183.4982258492
gdp_pc,HRV,2022,18465.531473659
gdp_pc,HRV,2021,17788.7601163765
gdp_pc,HRV,2020,14807.5559227544
gdp_pc,HRV,2019,15563.7354996625
gdp_pc,HRV,2018,15460.4560798984
gdp_pc,HRV,2017,13901.6498657787
gdp_pc,HRV,2016,12820.1872746645
gdp_pc,HRV,2015,12283.8750299177
gdp_pc,HRV,2014,14186.7712230471
gdp_pc,CUB,2025,NA
gdp_pc,CUB,2024,NA
gdp_pc,CUB,2023,NA
gdp_pc,CUB,2022,NA
gdp_pc,CUB,2021,NA
gdp_pc,CUB,2020,9605.27914559614
gdp_pc,CUB,2019,9232.26115935183
gdp_pc,CUB,2018,8911.46205998726
gdp_pc,CUB,2017,8610.60829605429
gdp_pc,CUB,2016,8110.55874283616
gdp_pc,CUB,2015,7727.91997207998
gdp_pc,CUB,2014,7146.70459051328
gdp_pc,CUW,2025,NA
gdp_pc,CUW,2024,22832.895498987
gdp_pc,CUW,2023,21217.8109173312
gdp_pc,CUW,2022,20057.1404960105
gdp_pc,CUW,2021,17795.5826483092
gdp_pc,CUW,2020,16299.8134688605
gdp_pc,CUW,2019,19220.6866958303
gdp_pc,CUW,2018,19119.1243941688
gdp_pc,CUW,2017,18938.2440469703
gdp_pc,CUW,2016,18944.0961493998
gdp_pc,CUW,2015,19361.8130008678
gdp_pc,CUW,2014,19623.029993395
gdp_pc,CYP,2025,41783.08984375
gdp_pc,CYP,2024,38674.3125
gdp_pc,CYP,2023,36623.70703125
gdp_pc,CYP,2022,33231.05078125
gdp_pc,CYP,2021,32937.8359375
gdp_pc,CYP,2020,28130.330078125
gdp_pc,CYP,2019,29227.16796875
gdp_pc,CYP,2018,29120.38671875
gdp_pc,CYP,2017,26247.46484375
gdp_pc,CYP,2016,24280.044921875
gdp_pc,CYP,2015,23088.4296875
gdp_pc,CYP,2014,26993.095703125
gdp_pc,CZE,2025,35917.2724081665
gdp_pc,CZE,2024,31827.7552539413
gdp_pc,CZE,2023,31761.5944102491
gdp_pc,CZE,2022,28282.2236715857
gdp_pc,CZE,2021,27696.4619527544
gdp_pc,CZE,2020,23472.8915454417
gdp_pc,CZE,2019,24062.7190013343
gdp_pc,CZE,2018,23705.9329811299
gdp_pc,CZE,2017,20913.197632212
gdp_pc,CZE,2016,18753.9686718096
gdp_pc,CZE,2015,17931.5987670768
gdp_pc,CZE,2014,20038.4163180257
gdp_pc,DNK,2025,76970.1535217919
gdp_pc,DNK,2024,71026.4832271897
gdp_pc,DNK,2023,68043.5466971243
gdp_pc,DNK,2022,67781.0940939514
gdp_pc,DNK,2021,69340.7334922138
gdp_pc,DNK,2020,60985.4885601514
gdp_pc,DNK,2019,59404.2663247723
gdp_pc,DNK,2018,61324.7665045565
gdp_pc,DNK,2017,57521.5514992225
gdp_pc,DNK,2016,54500.9260410217
gdp_pc,DNK,2015,53094.0133607574
gdp_pc,DNK,2014,62520.4509747011
gdp_pc,DJI,2025,3905.604954681
gdp_pc,DJI,2024,3552.72335079222
gdp_pc,DJI,2023,3381.29779710722
gdp_pc,DJI,2022,3133.25779772463
gdp_pc,DJI,2021,3025.91126413549
gdp_pc,DJI,2020,2844.88810647853
gdp_pc,DJI,2019,2837.16902340932
gdp_pc,DJI,2018,2718.08338799203
gdp_pc,DJI,2017,2618.95521147369
gdp_pc,DJI,2016,2510.4300076241
gdp_pc,DJI,2015,2376.12554719873
gdp_pc,DJI,2014,2214.62084142432
gdp_pc,DMA,2025,10989.0431185083
gdp_pc,DMA,2024,10405.2787777582
gdp_pc,DMA,2023,9912.96212766668
gdp_pc,DMA,2022,9323.66089490562
gdp_pc,DMA,2021,8376.40414141113
gdp_pc,DMA,2020,7827.74842680426
gdp_pc,DMA,2019,9491.14995962374
gdp_pc,DMA,2018,9215.3085405645
gdp_pc,DMA,2017,8224.64896571414
gdp_pc,DMA,2016,8802.56172041363
gdp_pc,DMA,2015,8282.59874702141
gdp_pc,DMA,2014,8131.74876096735
gdp_pc,DOM,2025,11059.2081531834
gdp_pc,DOM,2024,10875.6618443092
gdp_pc,DOM,2023,10630.431743829
gdp_pc,DOM,2022,10104.2464008585
gdp_pc,DOM,2021,8527.0754858205
gdp_pc,DOM,2020,7135.22273255899
gdp_pc,DOM,2019,8183.01623600375
gdp_pc,DOM,2018,7882.98221584944
gdp_pc,DOM,2017,7412.71571571512
gdp_pc,DOM,2016,7160.44200982307
gdp_pc,DOM,2015,6800.95309395474
gdp_pc,DOM,2014,6496.45166971142
gdp_pc,ECU,2025,7125.27618527738
gdp_pc,ECU,2024,6826.5294137822
gdp_pc,ECU,2023,6718.1447938811
gdp_pc,ECU,2022,6515.58528418336
gdp_pc,ECU,2021,6061.32350181711
gdp_pc,ECU,2020,5463.64515348598
gdp_pc,ECU,2019,6205.05765246766
gdp_pc,ECU,2018,6303.91886658338
gdp_pc,ECU,2017,6233.32244797718
gdp_pc,ECU,2016,5917.63771271481
gdp_pc,ECU,2015,5976.1596805651
gdp_pc,ECU,2014,6405.79979300441
gdp_pc,EGY,2025,3085.80712036204
gdp_pc,EGY,2024,3338.47371043679
gdp_pc,EGY,2023,3456.78965212363
gdp_pc,EGY,2022,4233.30783744856
gdp_pc,EGY,2021,3827.35415374308
gdp_pc,EGY,2020,3511.11381026379
gdp_pc,EGY,2019,2962.98892023003
gdp_pc,EGY,2018,2484.70315630508
gdp_pc,EGY,2017,2395.10333299491
gdp_pc,EGY,2016,3270.6287768197
gdp_pc,EGY,2015,3306.98159414141
gdp_pc,EGY,2014,3133.39102265541
gdp_pc,SLV,2025,5766.72574029107
gdp_pc,SLV,2024,5503.10317151907
gdp_pc,SLV,2023,5319.7195268688
gdp_pc,SLV,2022,5074.60050994225
gdp_pc,SLV,2021,4642.60743101342
gdp_pc,SLV,2020,3997.19279583709
gdp_pc,SLV,2019,4320.11671534627
gdp_pc,SLV,2018,4183.54620971358
gdp_pc,SLV,2017,4020.12671373919
gdp_pc,SLV,2016,3901.34014965811
gdp_pc,SLV,2015,3790.34089108162
gdp_pc,SLV,2014,3666.01248913873
gdp_pc,GNQ,2025,6615.25245207167
gdp_pc,GNQ,2024,7003.58055684906
gdp_pc,GNQ,2023,6788.35271638376
gdp_pc,GNQ,2022,7589.29964909381
gdp_pc,GNQ,2021,6945.63069794539
gdp_pc,GNQ,2020,5764.05502912947
gdp_pc,GNQ,2019,6804.14923073888
gdp_pc,GNQ,2018,8102.47084834031
gdp_pc,GNQ,2017,7809.10465655488
gdp_pc,GNQ,2016,7453.19797948517
gdp_pc,GNQ,2015,9068.91003238645
gdp_pc,GNQ,2014,15548.6624656619
gdp_pc,ERI,2025,NA
gdp_pc,ERI,2024,NA
gdp_pc,ERI,2023,NA
gdp_pc,ERI,2022,NA
gdp_pc,ERI,2021,NA
gdp_pc,ERI,2020,NA
gdp_pc,ERI,2019,NA
gdp_pc,ERI,2018,NA
gdp_pc,ERI,2017,NA
gdp_pc,ERI,2016,NA
gdp_pc,ERI,2015,NA
gdp_pc,ERI,2014,NA
gdp_pc,EST,2025,34417.6320815138
gdp_pc,EST,2024,31428.3547816104
gdp_pc,EST,2023,30264.0064885057
gdp_pc,EST,2022,28340.3826549406
gdp_pc,EST,2021,27951.1659277744
gdp_pc,EST,2020,23933.9939421065
gdp_pc,EST,2019,24021.2501413306
gdp_pc,EST,2018,23618.1361254581
gdp_pc,EST,2017,20851.5223496861
gdp_pc,EST,2016,18666.3736521706
gdp_pc,EST,2015,17722.1557669523
gdp_pc,EST,2014,20581.7898991695
gdp_pc,SWZ,2025,4108.25221093363
gdp_pc,SWZ,2024,3909.55892378182
gdp_pc,SWZ,2023,3755.52111232464
gdp_pc,SWZ,2022,3894.1620089869
gdp_pc,SWZ,2021,3984.00229174306
gdp_pc,SWZ,2020,3466.56936278145
gdp_pc,SWZ,2019,3913.14577547336
gdp_pc,SWZ,2018,3972.65450620357
gdp_pc,SWZ,2017,3853.09956569679
gdp_pc,SWZ,2016,3238.17611961364
gdp_pc,SWZ,2015,3419.82276559528
gdp_pc,SWZ,2014,3771.07228381938
gdp_pc,ETH,2025,932.729352775179
gdp_pc,ETH,2024,1133.88279681256
gdp_pc,ETH,2023,1055.81091593061
gdp_pc,ETH,2022,982.103161502198
gdp_pc,ETH,2021,893.009835441784
gdp_pc,ETH,2020,829.790982552951
gdp_pc,ETH,2019,793.473247218996
gdp_pc,ETH,2018,739.702022272086
gdp_pc,ETH,2017,696.348429076216
gdp_pc,ETH,2016,641.651523286233
gdp_pc,ETH,2015,597.912113218663
gdp_pc,ETH,2014,549.986577082588
gdp_pc,FRO,2025,NA
gdp_pc,FRO,2024,74175.2776311377
gdp_pc,FRO,2023,72486.6910957957
gdp_pc,FRO,2022,67069.3987440509
gdp_pc,FRO,2021,69421.6981686515
gdp_pc,FRO,2020,62247.9273907098
gdp_pc,FRO,2019,63070.7228080361
gdp_pc,FRO,2018,62525.2647698273
gdp_pc,FRO,2017,59388.5365965776
gdp_pc,FRO,2016,56876.4302363804
gdp_pc,FRO,2015,52638.2668218454
gdp_pc,FRO,2014,60173.3057854661
gdp_pc,FJI,2025,6642.00449450523
gdp_pc,FJI,2024,6425.74151715712
gdp_pc,FJI,2023,5926.20586394763
gdp_pc,FJI,2022,5414.12092119088
gdp_pc,FJI,2021,4536.73312110335
gdp_pc,FJI,2020,4620.6457238014
gdp_pc,FJI,2019,5842.07344577597
gdp_pc,FJI,2018,6085.41979485376
gdp_pc,FJI,2017,5826.84814459328
gdp_pc,FJI,2016,5363.79026679243
gdp_pc,FJI,2015,5097.53106864695
gdp_pc,FJI,2014,5293.35676680464
gdp_pc,FIN,2025,56148.580949046
gdp_pc,FIN,2024,53155.5451165897
gdp_pc,FIN,2023,52864.6931581216
gdp_pc,FIN,2022,50440.560224974
gdp_pc,FIN,2021,53099.1351400148
gdp_pc,FIN,2020,48828.6846862799
gdp_pc,FIN,2019,48358.1807773701
gdp_pc,FIN,2018,49654.2497035329
gdp_pc,FIN,2017,46085.0174739036
gdp_pc,FIN,2016,43451.2562442158
gdp_pc,FIN,2015,42560.3456767103
gdp_pc,FIN,2014,50073.7760815871
gdp_pc,FRA,2025,48985.7307807924
gdp_pc,FRA,2024,46103.0840855884
gdp_pc,FRA,2023,44700.1384177544
gdp_pc,FRA,2022,40988.6396406579
gdp_pc,FRA,2021,43725.0999521245
gdp_pc,FRA,2020,39169.8606000707
gdp_pc,FRA,2019,40408.2848574751
gdp_pc,FRA,2018,41418.1766484844
gdp_pc,FRA,2017,38687.1626407164
gdp_pc,FRA,2016,37024.2157133669
gdp_pc,FRA,2015,36702.4323733379
gdp_pc,FRA,2014,43148.0459288416
gdp_pc,PYF,2025,NA
gdp_pc,PYF,2024,22439.8838746025
gdp_pc,PYF,2023,21832.2831795569
gdp_pc,PYF,2022,20053.9569369322
gdp_pc,PYF,2021,21426.3854449835
gdp_pc,PYF,2020,19966.4838503859
gdp_pc,PYF,2019,21582.5892046801
gdp_pc,PYF,2018,21925.616043938
gdp_pc,PYF,2017,20826.9312492172
gdp_pc,PYF,2016,19690.0775734589
gdp_pc,PYF,2015,19166.9594761931
gdp_pc,PYF,2014,22258.6321384251
gdp_pc,GAB,2025,8263.03321595
gdp_pc,GAB,2024,8230.04311451151
gdp_pc,GAB,2023,7802.82433276138
gdp_pc,GAB,2022,8409.20741452279
gdp_pc,GAB,2021,8181.40914134398
gdp_pc,GAB,2020,6605.80346077904
gdp_pc,GAB,2019,7441.1786472281
gdp_pc,GAB,2018,7624.2775233771
gdp_pc,GAB,2017,6921.73373135624
gdp_pc,GAB,2016,6677.07003901644
gdp_pc,GAB,2015,7047.12654634355
gdp_pc,GAB,2014,9201.36276648105
gdp_pc,GMB,2025,919.060423427951
gdp_pc,GMB,2024,871.340287547821
gdp_pc,GMB,2023,883.024111978927
gdp_pc,GMB,2022,836.244875868476
gdp_pc,GMB,2021,781.890925169531
gdp_pc,GMB,2020,720.335143352133
gdp_pc,GMB,2019,738.186751987483
gdp_pc,GMB,2018,696.219806960615
gdp_pc,GMB,2017,642.522641296331
gdp_pc,GMB,2016,650.056501323611
gdp_pc,GMB,2015,619.536364296461
gdp_pc,GMB,2014,568.00453558864
gdp_pc,GEO,2025,9691.53472415196
gdp_pc,GEO,2024,8967.67525638987
gdp_pc,GEO,2023,8283.66960652261
gdp_pc,GEO,2022,6729.84659930283
gdp_pc,GEO,2021,5083.60695484577
gdp_pc,GEO,2020,4300.85701291207
gdp_pc,GEO,2019,4741.2832715876
gdp_pc,GEO,2018,4804.0546040444
gdp_pc,GEO,2017,4418.75206546679
gdp_pc,GEO,2016,4143.40125686315
gdp_pc,GEO,2015,4086.6223465965
gdp_pc,GEO,2014,4830.33486170249
gdp_pc,DEU,2025,60496.4350820414
gdp_pc,DEU,2024,56103.7323182554
gdp_pc,DEU,2023,54776.7668235491
gdp_pc,DEU,2022,50506.5179638543
gdp_pc,DEU,2021,52349.2459994422
gdp_pc,DEU,2020,47394.8734504469
gdp_pc,DEU,2019,47656.199739747
gdp_pc,DEU,2018,48916.1686612154
gdp_pc,DEU,2017,45553.9341495339
gdp_pc,DEU,2016,42948.9381932694
gdp_pc,DEU,2015,41929.7549110722
gdp_pc,DEU,2014,48959.5991203133
gdp_pc,GHA,2025,3257.1588903576
gdp_pc,GHA,2024,2419.2518672482
gdp_pc,GHA,2023,2383.90410476221
gdp_pc,GHA,2022,2229.89122654479
gdp_pc,GHA,2021,2445.18662529344
gdp_pc,GHA,2020,2195.45481659987
gdp_pc,GHA,2019,2186.65822682613
gdp_pc,GHA,2018,2195.32166016377
gdp_pc,GHA,2017,2012.28662641265
gdp_pc,GHA,2016,1912.47991339951
gdp_pc,GHA,2015,1722.77282833606
gdp_pc,GHA,2014,1949.90832923846
gdp_pc,GIB,2025,NA
gdp_pc,GIB,2024,NA
gdp_pc,GIB,2023,NA
gdp_pc,GIB,2022,NA
gdp_pc,GIB,2021,NA
gdp_pc,GIB,2020,NA
gdp_pc,GIB,2019,NA
gdp_pc,GIB,2018,NA
gdp_pc,GIB,2017,NA
gdp_pc,GIB,2016,NA
gdp_pc,GIB,2015,NA
gdp_pc,GIB,2014,NA
gdp_pc,GRC,2025,26948.0070432791
gdp_pc,GRC,2024,24626.1481858973
gdp_pc,GRC,2023,23343.7103964562
gdp_pc,GRC,2022,20884.6773436263
gdp_pc,GRC,2021,20652.89659591
gdp_pc,GRC,2020,17886.733165236
gdp_pc,GRC,2019,19335.3602002969
gdp_pc,GRC,2018,19873.4015238771
gdp_pc,GRC,2017,18631.9930129293
gdp_pc,GRC,2016,17919.2426377048
gdp_pc,GRC,2015,17980.7298238137
gdp_pc,GRC,2014,21474.7257123892
gdp_pc,GRL,2025,NA
gdp_pc,GRL,2024,NA
gdp_pc,GRL,2023,58498.9707973609
gdp_pc,GRL,2022,55635.0006491223
gdp_pc,GRL,2021,58135.9939910203
gdp_pc,GRL,2020,54812.6661771023
gdp_pc,GRL,2019,53309.2035905065
gdp_pc,GRL,2018,54545.135857765
gdp_pc,GRL,2017,50765.7494665372
gdp_pc,GRL,2016,48181.7453541266
gdp_pc,GRL,2015,44536.3549705377
gdp_pc,GRL,2014,50485.2244135291
gdp_pc,GRD,2025,12106.8790105068
gdp_pc,GRD,2024,11528.9220811928
gdp_pc,GRD,2023,11414.4781691181
gdp_pc,GRD,2022,10469.3867012856
gdp_pc,GRD,2021,9617.28902905373
gdp_pc,GRD,2020,8968.55890108484
gdp_pc,GRD,2019,10462.7929159533
gdp_pc,GRD,2018,10083.021279225
gdp_pc,GRD,2017,9751.42661155932
gdp_pc,GRD,2016,9221.23461079424
gdp_pc,GRD,2015,8694.12438005692
gdp_pc,GRD,2014,7986.33421210788
gdp_pc,GUM,2025,NA
gdp_pc,GUM,2024,NA
gdp_pc,GUM,2023,NA
gdp_pc,GUM,2022,41833.1517132825
gdp_pc,GUM,2021,38074.8793745801
gdp_pc,GUM,2020,36482.9363953675
gdp_pc,GUM,2019,39274.9431424899
gdp_pc,GUM,2018,37195.9503070464
gdp_pc,GUM,2017,36779.0078903909
gdp_pc,GUM,2016,35930.6594898711
gdp_pc,GUM,2015,35165.7014644795
gdp_pc,GUM,2014,33900.1486530583
gdp_pc,GTM,2025,6598.18032988711
gdp_pc,GTM,2024,6150.89465281457
gdp_pc,GTM,2023,5754.42833909847
gdp_pc,GTM,2022,5356.92435887895
gdp_pc,GTM,2021,4912.62240414681
gdp_pc,GTM,2020,4477.61785000665
gdp_pc,GTM,2019,4511.99839552697
gdp_pc,GTM,2018,4352.94593289707
gdp_pc,GTM,2017,4324.99768915601
gdp_pc,GTM,2016,4060.13784737643
gdp_pc,GTM,2015,3893.50533299068
gdp_pc,GTM,2014,3689.14510410202
gdp_pc,GIN,2025,1877.2541220972
gdp_pc,GIN,2024,1694.95375862185
gdp_pc,GIN,2023,1555.49375806861
gdp_pc,GIN,2022,1416.59612011764
gdp_pc,GIN,2021,1244.96550477914
gdp_pc,GIN,2020,1053.66097696415
gdp_pc,GIN,2019,1031.34146480732
gdp_pc,GIN,2018,933.273615633705
gdp_pc,GIN,2017,833.598621691121
gdp_pc,GIN,2016,711.996509782316
gdp_pc,GIN,2015,747.356966759448
gdp_pc,GIN,2014,765.146999389279
gdp_pc,GNB,2025,1123.76679992349
gdp_pc,GNB,2024,998.376093392688
gdp_pc,GNB,2023,964.431832665395
gdp_pc,GNB,2022,881.602654162231
gdp_pc,GNB,2021,926.54619187706
gdp_pc,GNB,2020,846.918134967613
gdp_pc,GNB,2019,811.210004050041
gdp_pc,GNB,2018,808.531613218504
gdp_pc,GNB,2017,783.123186602022
gdp_pc,GNB,2016,679.665386626818
gdp_pc,GNB,2015,645.066837207039
gdp_pc,GNB,2014,652.022501029449
gdp_pc,GUY,2025,32413.7930757518
gdp_pc,GUY,2024,29675.2501582835
gdp_pc,GUY,2023,20473.7002190617
gdp_pc,GUY,2022,17913.4928066879
gdp_pc,GUY,2021,9860.87014834386
gdp_pc,GUY,2020,6775.70939096303
gdp_pc,GUY,2019,6405.82443444562
gdp_pc,GUY,2018,6048.38697180418
gdp_pc,GUY,2017,6178.6650437298
gdp_pc,GUY,2016,5870.87823759835
gdp_pc,GUY,2015,5640.41560569466
gdp_pc,GUY,2014,5472.68820452237
gdp_pc,HTI,2025,2694.18969101404
gdp_pc,HTI,2024,2060.35591768638
gdp_pc,HTI,2023,1681.84407667059
gdp_pc,HTI,2022,1748.40890116803
gdp_pc,HTI,2021,1824.6798742577
gdp_pc,HTI,2020,1290.32538667383
gdp_pc,HTI,2019,1352.17204191532
gdp_pc,HTI,2018,1496.38048970156
gdp_pc,HTI,2017,1395.23945184461
gdp_pc,HTI,2016,1318.40268167953
gdp_pc,HTI,2015,1411.12684746796
gdp_pc,HTI,2014,1460.18898613914
gdp_pc,HND,2025,3598.21450440452
gdp_pc,HND,2024,3415.96027916712
gdp_pc,HND,2023,3227.45762509776
gdp_pc,HND,2022,3003.28996826399
gdp_pc,HND,2021,2735.14751503977
gdp_pc,HND,2020,2307.61494319511
gdp_pc,HND,2019,2502.32744328073
gdp_pc,HND,2018,2464.64241531918
gdp_pc,HND,2017,2413.0076562942
gdp_pc,HND,2016,2307.34468351082
gdp_pc,HND,2015,2271.20265980349
gdp_pc,HND,2014,2179.88171977271
gdp_pc,HKG,2025,56983.0663059906
gdp_pc,HKG,2024,54274.7547767073
gdp_pc,HKG,2023,50525.1119312663
gdp_pc,HKG,2022,48825.0272275805
gdp_pc,HKG,2021,49770.564237473904
gdp_pc,HKG,2020,46109.2299946609
gdp_pc,HKG,2019,48359.0011950597
gdp_pc,HKG,2018,48537.5668888343
gdp_pc,HKG,2017,46160.429791493
gdp_pc,HKG,2016,43734.1980702999
gdp_pc,HKG,2015,42432.1619740441
gdp_pc,HKG,2014,40315.3739510191
gdp_pc,HUN,2025,25907.4743259406
gdp_pc,HUN,2024,23305.4482514359
gdp_pc,HUN,2023,22208.6509820466
gdp_pc,HUN,2022,18428.028825614
gdp_pc,HUN,2021,19030.628130329
gdp_pc,HUN,2020,16386.9308821258
gdp_pc,HUN,2019,17012.8598553199
gdp_pc,HUN,2018,16605.0570511887
gdp_pc,HUN,2017,14736.1668157258
gdp_pc,HUN,2016,13215.8605277789
gdp_pc,HUN,2015,12782.9412577973
gdp_pc,HUN,2014,14352.501883174
gdp_pc,ISL,2025,98323.4849517418
gdp_pc,ISL,2024,85863.1479330343
gdp_pc,ISL,2023,82201.2908518078
gdp_pc,ISL,2022,76376.9599334915
gdp_pc,ISL,2021,70425.4064277273
gdp_pc,ISL,2020,60127.9393575616
gdp_pc,ISL,2019,69296.3144361601
gdp_pc,ISL,2018,75633.8651351915
gdp_pc,ISL,2017,72976.3729990975
gdp_pc,ISL,2016,62854.0906407932
gdp_pc,ISL,2015,53505.6964079339
gdp_pc,ISL,2014,55140.364935793
gdp_pc,IND,2025,2702.47987141553
gdp_pc,IND,2024,2591.9916607122
gdp_pc,IND,2023,2434.44826340989
gdp_pc,IND,2022,2279.98145719369
gdp_pc,IND,2021,2239.61384367482
gdp_pc,IND,2020,1907.04251637669
gdp_pc,IND,2019,2041.42863698585
gdp_pc,IND,2018,1966.25455171679
gdp_pc,IND,2017,1950.10468280866
gdp_pc,IND,2016,1707.50892912243
gdp_pc,IND,2015,1583.99815907985
gdp_pc,IND,2014,1553.88396075118
gdp_pc,IDN,2025,5059.62596411213
gdp_pc,IDN,2024,4925.43644992666
gdp_pc,IDN,2023,4876.2992959843
gdp_pc,IDN,2022,4730.83484836107
gdp_pc,IDN,2021,4287.17313995098
gdp_pc,IDN,2020,3853.70288774146
gdp_pc,IDN,2019,4106.94856160358
gdp_pc,IDN,2018,3860.95353090726
gdp_pc,IDN,2017,3798.88326174526
gdp_pc,IDN,2016,3521.46943457574
gdp_pc,IDN,2015,3288.22269725538
gdp_pc,IDN,2014,3441.06808464008
gdp_pc,IRN,2025,3924.38017821898
gdp_pc,IRN,2024,5190.16959024821
gdp_pc,IRN,2023,5049.29931642754
gdp_pc,IRN,2022,4721.20437099984
gdp_pc,IRN,2021,4605.14881318992
gdp_pc,IRN,2020,3202.50003502169
gdp_pc,IRN,2019,3997.4935449585
gdp_pc,IRN,2018,4783.01067340237
gdp_pc,IRN,2017,6000.93346404409
gdp_pc,IRN,2016,5710.59947089104
gdp_pc,IRN,2015,4952.73355532178
gdp_pc,IRN,2014,5672.06372896319
gdp_pc,IRQ,2025,5409.67899716967
gdp_pc,IRQ,2024,6073.61032342708
gdp_pc,IRQ,2023,5965.31835077761
gdp_pc,IRQ,2022,6520.73154560584
gdp_pc,IRQ,2021,4868.49431080783
gdp_pc,IRQ,2020,4295.18945121228
gdp_pc,IRQ,2019,5671.8568632942
gdp_pc,IRQ,2018,5646.68932074742
gdp_pc,IRQ,2017,4759.2846435467
gdp_pc,IRQ,2016,4334.42096404188
gdp_pc,IRQ,2015,4440.14189252367
gdp_pc,IRQ,2014,6249.39226978969
gdp_pc,IRL,2025,131592.462547877
gdp_pc,IRL,2024,112894.953240805
gdp_pc,IRL,2023,106818.917130804
gdp_pc,IRL,2022,105190.685952731
gdp_pc,IRL,2021,103783.446284479
gdp_pc,IRL,2020,86514.0706108754
gdp_pc,IRL,2019,81827.6688873996
gdp_pc,IRL,2018,80804.1123164826
gdp_pc,IRL,2017,72161.4047531385
gdp_pc,IRL,2016,64129.5571542383
gdp_pc,IRL,2015,64250.1385181257
gdp_pc,IRL,2014,57214.5379785709
gdp_pc,IMN,2025,NA
gdp_pc,IMN,2024,NA
gdp_pc,IMN,2023,90015.2074234398
gdp_pc,IMN,2022,88328.548125887
gdp_pc,IMN,2021,94299.969348965
gdp_pc,IMN,2020,79513.5330346598
gdp_pc,IMN,2019,87127.5517977404
gdp_pc,IMN,2018,89393.8244248812
gdp_pc,IMN,2017,83481.3038489014
gdp_pc,IMN,2016,82025.9454509241
gdp_pc,IMN,2015,84753.5187422732
gdp_pc,IMN,2014,91885.4528718026
gdp_pc,ISR,2025,60336.8477964194
gdp_pc,ISR,2024,54216.5218142787
gdp_pc,ISR,2023,52126.4489280033
gdp_pc,ISR,2022,54947.2091250715
gdp_pc,ISR,2021,52258.4693499398
gdp_pc,ISR,2020,44590.8237253282
gdp_pc,ISR,2019,44091.8678022544
gdp_pc,ISR,2018,42269.3770257585
gdp_pc,ISR,2017,41013.2575323519
gdp_pc,ISR,2016,37571.2561196275
gdp_pc,ISR,2015,36138.13561386
gdp_pc,ISR,2014,38265.3651949373
gdp_pc,ITA,2025,43308.6403060733
gdp_pc,ITA,2024,40429.6224047352
gdp_pc,ITA,2023,39279.699782164
gdp_pc,ITA,2022,35653.9042103495
gdp_pc,ITA,2021,36852.5425414951
gdp_pc,ITA,2020,32091.4866621366
gdp_pc,ITA,2019,33812.788724868
gdp_pc,ITA,2018,35062.3364176949
gdp_pc,ITA,2017,32844.115660604
gdp_pc,ITA,2016,31391.5692898108
gdp_pc,ITA,2015,30639.8829751432
gdp_pc,ITA,2014,36028.3494022349
gdp_pc,JAM,2025,8002.92104076242
gdp_pc,JAM,2024,7753.8119527678
gdp_pc,JAM,2023,7542.39855849054
gdp_pc,JAM,2022,6626.47502388538
gdp_pc,JAM,2021,5625.67806271236
gdp_pc,JAM,2020,5299.04530804283
gdp_pc,JAM,2019,6030.68896415921
gdp_pc,JAM,2018,5976.90362644337
gdp_pc,JAM,2017,5605.43541173019
gdp_pc,JAM,2016,5302.29553353854
gdp_pc,JAM,2015,5339.30718256806
gdp_pc,JAM,2014,4975.11325459872
gdp_pc,JPN,2025,35951.0449549304
gdp_pc,JPN,2024,33797.1014287876
gdp_pc,JPN,2023,35215.003535366
gdp_pc,JPN,2022,35548.2645222433
gdp_pc,JPN,2021,41580.739040705
gdp_pc,JPN,2020,41098.9739004553
gdp_pc,JPN,2019,41424.8655601543
gdp_pc,JPN,2018,40645.478086519
gdp_pc,JPN,2017,39679.8635262948
gdp_pc,JPN,2016,40214.9688631562
gdp_pc,JPN,2015,35664.6446110613
gdp_pc,JPN,2014,39172.8471161948
gdp_pc,JOR,2025,5347.77731384797
gdp_pc,JOR,2024,5073.92103605892
gdp_pc,JOR,2023,4906.23543006639
gdp_pc,JOR,2022,4754.41362207378
gdp_pc,JOR,2021,4581.71967230365
gdp_pc,JOR,2020,4411.48321838396
gdp_pc,JOR,2019,4557.79334729121
gdp_pc,JOR,2018,4533.97658437205
gdp_pc,JOR,2017,4449.34618076611
gdp_pc,JOR,2016,4366.06999647268
gdp_pc,JOR,2015,4441.61896013754
gdp_pc,JOR,2014,4610.60460269382
gdp_pc,KAZ,2025,14692.1331757237
gdp_pc,KAZ,2024,14154.6324958076
gdp_pc,KAZ,2023,12879.4275257974
gdp_pc,KAZ,2022,11255.3396437881
gdp_pc,KAZ,2021,9983.60103576902
gdp_pc,KAZ,2020,8781.50797787648
gdp_pc,KAZ,2019,9457.12614657136
gdp_pc,KAZ,2018,9472.48527327758
gdp_pc,KAZ,2017,8943.08416791984
gdp_pc,KAZ,2016,7475.56688689424
gdp_pc,KAZ,2015,10196.1226255982
gdp_pc,KAZ,2014,12427.7094576939
gdp_pc,KEN,2025,2362.86091198611
gdp_pc,KEN,2024,2133.46193404026
gdp_pc,KEN,2023,1942.58802756191
gdp_pc,KEN,2022,2109.56288513137
gdp_pc,KEN,2021,2061.35622089594
gdp_pc,KEN,2020,1927.66459027849
gdp_pc,KEN,2019,1960.40808854893
gdp_pc,KEN,2018,1836.45275528993
gdp_pc,KEN,2017,1667.48447230835
gdp_pc,KEN,2016,1554.12610314423
gdp_pc,KEN,2015,1489.11959777284
gdp_pc,KEN,2014,1482.81566253497
gdp_pc,KIR,2025,2558.66636011102
gdp_pc,KIR,2024,2550.98377226188
gdp_pc,KIR,2023,2200.68918614289
gdp_pc,KIR,2022,2078.7648751855
gdp_pc,KIR,2021,2223.54147866465
gdp_pc,KIR,2020,1751.87199542272
gdp_pc,KIR,2019,1750.24040333237
gdp_pc,KIR,2018,1915.56002581991
gdp_pc,KIR,2017,1854.3326920967
gdp_pc,KIR,2016,1742.66799324117
gdp_pc,KIR,2015,1639.85274740652
gdp_pc,KIR,2014,1736.70535682101
gdp_pc,PRK,2025,NA
gdp_pc,PRK,2024,NA
gdp_pc,PRK,2023,NA
gdp_pc,PRK,2022,NA
gdp_pc,PRK,2021,NA
gdp_pc,PRK,2020,NA
gdp_pc,PRK,2019,NA
gdp_pc,PRK,2018,NA
gdp_pc,PRK,2017,NA
gdp_pc,PRK,2016,NA
gdp_pc,PRK,2015,NA
gdp_pc,PRK,2014,NA
gdp_pc,KOR,2025,36226.9663637512
gdp_pc,KOR,2024,36238.639908315
gdp_pc,KOR,2023,35674.095995632
gdp_pc,KOR,2022,34822.4048404971
gdp_pc,KOR,2021,37518.4635305697
gdp_pc,KOR,2020,33645.7719545073
gdp_pc,KOR,2019,33826.9443301597
gdp_pc,KOR,2018,35363.9508228687
gdp_pc,KOR,2017,33296.9845439195
gdp_pc,KOR,2016,30832.0628072516
gdp_pc,KOR,2015,30171.7906545222
gdp_pc,KOR,2014,30667.0912467447
gdp_pc,XKX,2025,7899.41841135202
gdp_pc,XKX,2024,7026.6988128325
gdp_pc,XKX,2023,6220.33213919344
gdp_pc,XKX,2022,5298.1473871027
gdp_pc,XKX,2021,5269.69946181439
gdp_pc,XKX,2020,4320.58382547288
gdp_pc,XKX,2019,4415.6992744623
gdp_pc,XKX,2018,4384.18796440547
gdp_pc,XKX,2017,4009.32022064732
gdp_pc,XKX,2016,3759.44777525332
gdp_pc,XKX,2015,3520.62685324451
gdp_pc,XKX,2014,3902.49322261901
gdp_pc,KWT,2025,32312.3119953634
gdp_pc,KWT,2024,32855.7209688827
gdp_pc,KWT,2023,34091.9714813002
gdp_pc,KWT,2022,39981.7691035833
gdp_pc,KWT,2021,34018.6342592913
gdp_pc,KWT,2020,25236.0755848941
gdp_pc,KWT,2019,31707.8737443551
gdp_pc,KWT,2018,32067.9623756889
gdp_pc,KWT,2017,29047.6536135703
gdp_pc,KWT,2016,27323.6890735517
gdp_pc,KWT,2015,29882.2126495698
gdp_pc,KWT,2014,44368.7813457751
gdp_pc,KGZ,2025,3080.96893823359
gdp_pc,KGZ,2024,2514.81066933171
gdp_pc,KGZ,2023,2138.2221021147798
gdp_pc,KGZ,2022,1739.72018344174
gdp_pc,KGZ,2021,1349.99730650542
gdp_pc,KGZ,2020,1229.51766602907
gdp_pc,KGZ,2019,1421.99927504102
gdp_pc,KGZ,2018,1283.5203037417
gdp_pc,KGZ,2017,1221.39046807082
gdp_pc,KGZ,2016,1103.27489428412
gdp_pc,KGZ,2015,1105.65193844261
gdp_pc,KGZ,2014,1264.52668823891
gdp_pc,LAO,2025,2324.76353098791
gdp_pc,LAO,2024,2123.97909415109
gdp_pc,LAO,2023,2066.94979776957
gdp_pc,LAO,2022,2046.40440255621
gdp_pc,LAO,2021,2526.05105018529
gdp_pc,LAO,2020,2583.77730696131
gdp_pc,LAO,2019,2589.32081035237
gdp_pc,LAO,2018,2545.1075420815
gdp_pc,LAO,2017,2432.43059478511
gdp_pc,LAO,2016,2303.22156035363
gdp_pc,LAO,2015,2121.01339097363
gdp_pc,LAO,2014,1981.03910900473
gdp_pc,LVA,2025,26311.9730706362
gdp_pc,LVA,2024,23578.9663562625
gdp_pc,LVA,2023,22710.2637544197
gdp_pc,LVA,2022,20221.103686109
gdp_pc,LVA,2021,20261.8887788916
gdp_pc,LVA,2020,17564.2321549354
gdp_pc,LVA,2019,17294.9751600969
gdp_pc,LVA,2018,17252.1710428626
gdp_pc,LVA,2017,15132.4958333982
gdp_pc,LVA,2016,13838.5266823272
gdp_pc,LVA,2015,13321.9753140616
gdp_pc,LVA,2014,15185.814581236
gdp_pc,LBN,2025,NA
gdp_pc,LBN,2024,4473.27134441128
gdp_pc,LBN,2023,3477.72489842684
gdp_pc,LBN,2022,3654.35845534878
gdp_pc,LBN,2021,4045.37391066234
gdp_pc,LBN,2020,5561.19166950397
gdp_pc,LBN,2019,8905.88005497437
gdp_pc,LBN,2018,9174.53666204759
gdp_pc,LBN,2017,8608.21084982387
gdp_pc,LBN,2016,8089.012088155
gdp_pc,LBN,2015,7714.1099998804
gdp_pc,LBN,2014,7577.6413302369
gdp_pc,LSO,2025,1088.96276223185
gdp_pc,LSO,2024,1023.04227681523
gdp_pc,LSO,2023,921.435141557056
gdp_pc,LSO,2022,1030.12582947757
gdp_pc,LSO,2021,1066.58645143823
gdp_pc,LSO,2020,918.582574704447
gdp_pc,LSO,2019,1082.05706777516
gdp_pc,LSO,2018,1170.65569702819
gdp_pc,LSO,2017,1069.36673247542
gdp_pc,LSO,2016,992.491840678465
gdp_pc,LSO,2015,1121.19851342518
gdp_pc,LSO,2014,1173.5377928819
gdp_pc,LBR,2025,915.328972645548
gdp_pc,LBR,2024,851.497723870206
gdp_pc,LBR,2023,799.194470229642
gdp_pc,LBR,2022,744.617175237387
gdp_pc,LBR,2021,667.96610514319
gdp_pc,LBR,2020,616.787867006715
gdp_pc,LBR,2019,658.164180770507
gdp_pc,LBR,2018,692.203127129794
gdp_pc,LBR,2017,699.269095727404
gdp_pc,LBR,2016,714.613063145659
gdp_pc,LBR,2015,692.590082351257
gdp_pc,LBR,2014,706.714490064507
gdp_pc,LBY,2025,6448.82415074121
gdp_pc,LBY,2024,6569.16408678648
gdp_pc,LBY,2023,6026.51518708812
gdp_pc,LBY,2022,5986.63694851258
gdp_pc,LBY,2021,4935.82787349801
gdp_pc,LBY,2020,6650.33810585348
gdp_pc,LBY,2019,9963.19489084483
gdp_pc,LBY,2018,11196.5854810844
gdp_pc,LBY,2017,9965.83236729757
gdp_pc,LBY,2016,7525.80299308216
gdp_pc,LBY,2015,7458.48917756374
gdp_pc,LBY,2014,8926.42074591474
gdp_pc,LIE,2025,NA
gdp_pc,LIE,2024,220167.225473557
gdp_pc,LIE,2023,206780.590353385
gdp_pc,LIE,2022,188055.003235348
gdp_pc,LIE,2021,201944.830335076
gdp_pc,LIE,2020,164671.093553454
gdp_pc,LIE,2019,166907.839305016
gdp_pc,LIE,2018,174988.775083446
gdp_pc,LIE,2017,170547.092298954
gdp_pc,LIE,2016,165375.491396259
gdp_pc,LIE,2015,167187.15730982
gdp_pc,LIE,2014,178735.153020908
gdp_pc,LTU,2025,32958.6706396386
gdp_pc,LTU,2024,29603.7772588256
gdp_pc,LTU,2023,27983.3658256887
gdp_pc,LTU,2022,24946.5724005188
gdp_pc,LTU,2021,23882.8668916753
gdp_pc,LTU,2020,20428.6478157394
gdp_pc,LTU,2019,19608.7943945553
gdp_pc,LTU,2018,19247.2315367967
gdp_pc,LTU,2017,16800.1510246099
gdp_pc,LTU,2016,14934.2702840428
gdp_pc,LTU,2015,14269.8039878287
gdp_pc,LTU,2014,16446.1647181663
gdp_pc,LUX,2025,147252.179121515
gdp_pc,LUX,2024,137781.681659123
gdp_pc,LUX,2023,133230.619178899
gdp_pc,LUX,2022,123719.658915996
gdp_pc,LUX,2021,134965.815442152
gdp_pc,LUX,2020,116860.02817236
gdp_pc,LUX,2019,112696.649059674
gdp_pc,LUX,2018,116926.759593905
gdp_pc,LUX,2017,110193.213797228
gdp_pc,LUX,2016,106899.293549552
gdp_pc,LUX,2015,105462.012584423
gdp_pc,LUX,2014,123678.706919314
gdp_pc,MAC,2025,75901.7461294198
gdp_pc,MAC,2024,72004.7437020733
gdp_pc,MAC,2023,67216.3631112124
gdp_pc,MAC,2022,36806.891255461
gdp_pc,MAC,2021,44884.8961602393
gdp_pc,MAC,2020,36883.6652578543
gdp_pc,MAC,2019,81882.6964523869
gdp_pc,MAC,2018,83588.2875009014
gdp_pc,MAC,2017,77570.9876166977
gdp_pc,MAC,2016,68911.6755919628
gdp_pc,MAC,2015,69902.9605741233
gdp_pc,MAC,2014,88355.3181764446
gdp_pc,MDG,2025,599.265294255357
gdp_pc,MDG,2024,550.37875528856
gdp_pc,MDG,2023,514.064076551927
gdp_pc,MDG,2022,504.059106969168
gdp_pc,MDG,2021,483.469463351195
gdp_pc,MDG,2020,450.771615205157
gdp_pc,MDG,2019,499.818837622534
gdp_pc,MDG,2018,500.45718552916
gdp_pc,MDG,2017,491.866848718929
gdp_pc,MDG,2016,453.970714522463
gdp_pc,MDG,2015,445.320069480568
gdp_pc,MDG,2014,505.684922503435
gdp_pc,MWI,2025,671.506847203876
gdp_pc,MWI,2024,522.365366146003
gdp_pc,MWI,2023,633.214767978695
gdp_pc,MWI,2022,604.269740360317
gdp_pc,MWI,2021,617.446994451007
gdp_pc,MWI,2020,602.507478176106
gdp_pc,MWI,2019,580.889139762475
gdp_pc,MWI,2018,533.202567189331
gdp_pc,MWI,2017,495.769683367165
gdp_pc,MWI,2016,450.506105510719
gdp_pc,MWI,2015,539.605363240686
gdp_pc,MWI,2014,529.5133440206
gdp_pc,MYS,2025,13124.5554178269
gdp_pc,MYS,2024,11874.4273684245
gdp_pc,MYS,2023,11386.0395636528
gdp_pc,MYS,2022,11754.5678336248
gdp_pc,MYS,2021,10903.1037480772
gdp_pc,MYS,2020,9957.52626697613
gdp_pc,MYS,2019,10920.191763972
gdp_pc,MYS,2018,10901.8019954421
gdp_pc,MYS,2017,9862.54806612235
gdp_pc,MYS,2016,9476.53409809923
gdp_pc,MYS,2015,9648.6797937523
gdp_pc,MYS,2014,11013.3107334403
gdp_pc,MDV,2025,14614.7208116541
gdp_pc,MDV,2024,13379.3513577224
gdp_pc,MDV,2023,12587.6126038651
gdp_pc,MDV,2022,11786.0191492983
gdp_pc,MDV,2021,10176.143882547
gdp_pc,MDV,2020,7393.8886543933
gdp_pc,MDV,2019,11740.2724029785
gdp_pc,MDV,2018,11423.2838427029
gdp_pc,MDV,2017,10509.628805812
gdp_pc,MDV,2016,9947.80744731739
gdp_pc,MDV,2015,9644.90655028145
gdp_pc,MDV,2014,8939.07416571472
gdp_pc,MLI,2025,1193.27601004701
gdp_pc,MLI,2024,1093.2523323649
gdp_pc,MLI,2023,1042.44223444837
gdp_pc,MLI,2022,976.914116406452
gdp_pc,MLI,2021,1027.27345365357
gdp_pc,MLI,2020,953.242943290974
gdp_pc,MLI,2019,971.949318638092
gdp_pc,MLI,2018,996.379292136901
gdp_pc,MLI,2017,924.057531692284
gdp_pc,MLI,2016,872.468587171653
gdp_pc,MLI,2015,838.11986940103
gdp_pc,MLI,2014,947.915033293219
gdp_pc,MLT,2025,47906.9000057635
gdp_pc,MLT,2024,44023.6341078148
gdp_pc,MLT,2023,40932.5238774461
gdp_pc,MLT,2022,35658.8318250199
gdp_pc,MLT,2021,38078.0064279067
gdp_pc,MLT,2020,31823.422001724
gdp_pc,MLT,2019,32421.9087471186
gdp_pc,MLT,2018,33382.280781103
gdp_pc,MLT,2017,30317.2611769875
gdp_pc,MLT,2016,26459.0644285369
gdp_pc,MLT,2015,25529.6693210673
gdp_pc,MLT,2014,27424.5693619702
gdp_pc,MHL,2025,8489.05793506422
gdp_pc,MHL,2024,7590.28443592202
gdp_pc,MHL,2023,6799.39217554794
gdp_pc,MHL,2022,6455.6603538189
gdp_pc,MHL,2021,6315.31172190393
gdp_pc,MHL,2020,5661.96787336674
gdp_pc,MHL,2019,5292.33985502306
gdp_pc,MHL,2018,4858.12079054875
gdp_pc,MHL,2017,4592.83457628576
gdp_pc,MHL,2016,4229.80988911945
gdp_pc,MHL,2015,3764.34426229508
gdp_pc,MHL,2014,3735.23977829545
gdp_pc,MRT,2025,2197.51046251309
gdp_pc,MRT,2024,2104.54260769051
gdp_pc,MRT,2023,2127.9576285973
gdp_pc,MRT,2022,1961.28166648869
gdp_pc,MRT,2021,1947.47413907209
gdp_pc,MRT,2020,1795.72437324423
gdp_pc,MRT,2019,1767.072710621
gdp_pc,MRT,2018,1723.37809442655
gdp_pc,MRT,2017,1617.93401542267
gdp_pc,MRT,2016,1568.00551190332
gdp_pc,MRT,2015,1558.84205473416
gdp_pc,MRT,2014,1718.97089374709
gdp_pc,MUS,2025,12991.2935987166
gdp_pc,MUS,2024,11990.9355434317
gdp_pc,MUS,2023,11269.9684462139
gdp_pc,MUS,2022,10246.5017455553
gdp_pc,MUS,2021,9177.71195973013
gdp_pc,MUS,2020,9135.84773751062
gdp_pc,MUS,2019,11568.2533399824
gdp_pc,MUS,2018,11818.7480619272
gdp_pc,MUS,2017,10986.7034093005
gdp_pc,MUS,2016,10095.1225574156
gdp_pc,MUS,2015,9630.5437837507
gdp_pc,MUS,2014,10490.3315563853
gdp_pc,MEX,2025,13889.2339628708
gdp_pc,MEX,2024,13988.0423745241
gdp_pc,MEX,2023,13830.843848864
gdp_pc,MEX,2022,11405.7940469896
gdp_pc,MEX,2021,10314.0506733708
gdp_pc,MEX,2020,8841.27074929751
gdp_pc,MEX,2019,10369.5553593527
gdp_pc,MEX,2018,10084.7937570364
gdp_pc,MEX,2017,9649.27816729586
gdp_pc,MEX,2016,9097.92397674769
gdp_pc,MEX,2015,10021.2386113616
gdp_pc,MEX,2014,11391.3773503964
gdp_pc,FSM,2025,4414.00737137479
gdp_pc,FSM,2024,4251.69052668788
gdp_pc,FSM,2023,3933.01607031874
gdp_pc,FSM,2022,3703.66680343222
gdp_pc,FSM,2021,3508.22314197664
gdp_pc,FSM,2020,3362.02802120524
gdp_pc,FSM,2019,3581.72684572278
gdp_pc,FSM,2018,3584.78377566896
gdp_pc,FSM,2017,3297.37580036719
gdp_pc,FSM,2016,2997.93719917488
gdp_pc,FSM,2015,2869.86276169101
gdp_pc,FSM,2014,2915.23672460238
gdp_pc,MDA,2025,8621.71721623786
gdp_pc,MDA,2024,7578.90216348853
gdp_pc,MDA,2023,6799.58594644576
gdp_pc,MDA,2022,5744.29618434435
gdp_pc,MDA,2021,5274.60582195352
gdp_pc,MDA,2020,4375.7788930524
gdp_pc,MDA,2019,4405.33418162155
gdp_pc,MDA,2018,4156.44981956646
gdp_pc,MDA,2017,3453.26727720294
gdp_pc,MDA,2016,2847.08794770479
gdp_pc,MDA,2015,2749.55137054338
gdp_pc,MDA,2014,3289.95758568777
gdp_pc,MCO,2025,NA
gdp_pc,MCO,2024,288001.574856495
gdp_pc,MCO,2023,256799.911212051
gdp_pc,MCO,2022,226052.060664649
gdp_pc,MCO,2021,223823.327192464
gdp_pc,MCO,2020,176891.806328966
gdp_pc,MCO,2019,193746.729890885
gdp_pc,MCO,2018,188298.389694191
gdp_pc,MCO,2017,170663.470051177
gdp_pc,MCO,2016,173604.669723126
gdp_pc,MCO,2015,170437.021128628
gdp_pc,MCO,2014,195693.519540544
gdp_pc,MNG,2025,7108.22743246244
gdp_pc,MNG,2024,6750.6301157724
gdp_pc,MNG,2023,5838.63108083902
gdp_pc,MNG,2022,4993.51487463495
gdp_pc,MNG,2021,4517.61578018785
gdp_pc,MNG,2020,4001.25193077703
gdp_pc,MNG,2019,4347.54610314873
gdp_pc,MNG,2018,4107.64288528468
gdp_pc,MNG,2017,3645.96708669551
gdp_pc,MNG,2016,3619.90026383792
gdp_pc,MNG,2015,3838.92126989984
gdp_pc,MNG,2014,4126.23975800524
gdp_pc,MNE,2025,14816.8380299947
gdp_pc,MNE,2024,13270.1824401005
gdp_pc,MNE,2023,12258.1600477339
gdp_pc,MNE,2022,10038.1849482517
gdp_pc,MNE,2021,9315.86435643142
gdp_pc,MNE,2020,7555.48699036321
gdp_pc,MNE,2019,8749.25629734676
gdp_pc,MNE,2018,8673.59469069858
gdp_pc,MNE,2017,7674.2856571219
gdp_pc,MNE,2016,6968.01202883651
gdp_pc,MNE,2015,6421.00005731419
gdp_pc,MNE,2014,7342.17147363741
gdp_pc,MAR,2025,4672.46826171875
gdp_pc,MAR,2024,4153.1943359375
gdp_pc,MAR,2023,3813.72607421875
gdp_pc,MAR,2022,3463.1376953125
gdp_pc,MAR,2021,3785.93627929688
gdp_pc,MAR,2020,3268.0302734375
gdp_pc,MAR,2019,3508.09765625
gdp_pc,MAR,2018,3501.69799804688
gdp_pc,MAR,2017,3296.52661132813
gdp_pc,MAR,2016,3140.85546875
gdp_pc,MAR,2015,3146.24780273438
gdp_pc,MAR,2014,3435.40698242188
gdp_pc,MOZ,2025,626.914419215727
gdp_pc,MOZ,2024,656.976148587772
gdp_pc,MOZ,2023,622.191133245967
gdp_pc,MOZ,2022,578.273222184503
gdp_pc,MOZ,2021,509.907829475551
gdp_pc,MOZ,2020,462.433876479921
gdp_pc,MOZ,2019,519.09255091362
gdp_pc,MOZ,2018,517.507260258101
gdp_pc,MOZ,2017,470.93856305196
gdp_pc,MOZ,2016,441.489734819071
gdp_pc,MOZ,2015,610.563774706589
gdp_pc,MOZ,2014,697.142680444123
gdp_pc,MMR,2025,1488.87527836542
gdp_pc,MMR,2024,1359.05001560107
gdp_pc,MMR,2023,1233.19666209269
gdp_pc,MMR,2022,1158.05005034332
gdp_pc,MMR,2021,1242.72134419599
gdp_pc,MMR,2020,1490.21683548367
gdp_pc,MMR,2019,1425.98954211903
gdp_pc,MMR,2018,1298.21310320785
gdp_pc,MMR,2017,1272.82241830603
gdp_pc,MMR,2016,1229.19713515893
gdp_pc,MMR,2015,1166.73305546337
gdp_pc,MMR,2014,1293.00042298688
gdp_pc,NAM,2025,4875.92558158247
gdp_pc,NAM,2024,4501.84849548225
gdp_pc,NAM,2023,4225.99102418102
gdp_pc,NAM,2022,4349.79908493314
gdp_pc,NAM,2021,4412.8355693052
gdp_pc,NAM,2020,3878.58982993966
gdp_pc,NAM,2019,4731.9210318831
gdp_pc,NAM,2018,5308.60813408705
gdp_pc,NAM,2017,5143.96072323076
gdp_pc,NAM,2016,4395.68776162376
gdp_pc,NAM,2015,4774.10650865775
gdp_pc,NAM,2014,5378.32326241205
gdp_pc,NRU,2025,14639.5046929186
gdp_pc,NRU,2024,14048.163961344
gdp_pc,NRU,2023,13602.6372112893
gdp_pc,NRU,2022,15309.8345351924
gdp_pc,NRU,2021,12748.1701249353
gdp_pc,NRU,2020,10709.068810538
gdp_pc,NRU,2019,10801.7705659635
gdp_pc,NRU,2018,11413.7463016389
gdp_pc,NRU,2017,9656.97976571484
gdp_pc,NRU,2016,8748.15632605428
gdp_pc,NRU,2015,7747.25584993607
gdp_pc,NRU,2014,9230.05440328927
gdp_pc,NPL,2025,1535.87781246307
gdp_pc,NPL,2024,1460.28237984149
gdp_pc,NPL,2023,1382.38300895424
gdp_pc,NPL,2022,1385.91066002922
gdp_pc,NPL,2021,1252.75076731986
gdp_pc,NPL,2020,1154.21517578318
gdp_pc,NPL,2019,1203.14294706401
gdp_pc,NPL,2018,1179.19843190389
gdp_pc,NPL,2017,1034.28374906846
gdp_pc,NPL,2016,877.256454696737
gdp_pc,NPL,2015,875.543635474862
gdp_pc,NPL,2014,821.455224911731
gdp_pc,NLD,2025,73683.917132794
gdp_pc,NLD,2024,67465.3208126875
gdp_pc,NLD,2023,63515.6030780019
gdp_pc,NLD,2022,59123.318556487
gdp_pc,NLD,2021,60141.9880911492
gdp_pc,NLD,2020,53467.9277413737
gdp_pc,NLD,2019,53554.9007491475
gdp_pc,NLD,2018,53955.0770024266
gdp_pc,NLD,2017,49513.6817346384
gdp_pc,NLD,2016,46808.5291492503
gdp_pc,NLD,2015,45793.8135434697
gdp_pc,NLD,2014,53457.2234864322
gdp_pc,NCL,2025,NA
gdp_pc,NCL,2024,29213.1923192946
gdp_pc,NCL,2023,33701.8923322781
gdp_pc,NCL,2022,33516.363085906
gdp_pc,NCL,2021,35311.5543551452
gdp_pc,NCL,2020,33270.330597637
gdp_pc,NCL,2019,33411.3358835672
gdp_pc,NCL,2018,34902.8968780031
gdp_pc,NCL,2017,32354.7102832901
gdp_pc,NCL,2016,30782.8544433514
gdp_pc,NCL,2015,30858.7237060533
gdp_pc,NCL,2014,37816.9558599295
gdp_pc,NZL,2025,49591.0405731713
gdp_pc,NZL,2024,49432.3626396797
gdp_pc,NZL,2023,49302.341876493
gdp_pc,NZL,2022,49141.6316294227
gdp_pc,NZL,2021,49902.154346032
gdp_pc,NZL,2020,42054.6743136586
gdp_pc,NZL,2019,42872.2681243427
gdp_pc,NZL,2018,43204.1305124872
gdp_pc,NZL,2017,42912.1537002148
gdp_pc,NZL,2016,40088.3205470499
gdp_pc,NZL,2015,38648.7302562109
gdp_pc,NZL,2014,44599.8992733675
gdp_pc,NIC,2025,3173.33724815085
gdp_pc,NIC,2024,2847.87639497305
gdp_pc,NIC,2023,2609.44491147975
gdp_pc,NIC,2022,2322.89069619459
gdp_pc,NIC,2021,2138.38573878237
gdp_pc,NIC,2020,1938.44704754382
gdp_pc,NIC,2019,1958.62051528095
gdp_pc,NIC,2018,2035.16549390507
gdp_pc,NIC,2017,2182.61380995674
gdp_pc,NIC,2016,2131.68704828322
gdp_pc,NIC,2015,2074.45620634731
gdp_pc,NIC,2014,1958.37047579547
gdp_pc,NER,2025,775.353622143879
gdp_pc,NER,2024,729.856664168989
gdp_pc,NER,2023,647.930108509567
gdp_pc,NER,2022,613.614736429298
gdp_pc,NER,2021,609.585703670137
gdp_pc,NER,2020,575.451340306915
gdp_pc,NER,2019,541.265819870273
gdp_pc,NER,2018,576.927536415462
gdp_pc,NER,2017,529.929418934868
gdp_pc,NER,2016,499.910520068193
gdp_pc,NER,2015,485.662574175279
gdp_pc,NER,2014,565.30989731175
gdp_pc,NGA,2025,1224.25410237743
gdp_pc,NGA,2024,1084.16041805058
gdp_pc,NGA,2023,2138.76383718757
gdp_pc,NGA,2022,2899.16047469267
gdp_pc,NGA,2021,2787.48779220991
gdp_pc,NGA,2020,2797.184580679
gdp_pc,NGA,2019,3189.81286496183
gdp_pc,NGA,2018,2057.87944554011
gdp_pc,NGA,2017,1876.34027111773
gdp_pc,NGA,2016,2070.4127339595
gdp_pc,NGA,2015,2585.73360671797
gdp_pc,NGA,2014,3088.72131316169
gdp_pc,MKD,2025,10489.9255355525
gdp_pc,MKD,2024,9291.8566035502
gdp_pc,MKD,2023,8674.35846327485
gdp_pc,MKD,2022,7606.2375253797
gdp_pc,MKD,2021,7620.80296977508
gdp_pc,MKD,2020,6659.59651070776
gdp_pc,MKD,2019,6718.85826635458
gdp_pc,MKD,2018,6713.98925398989
gdp_pc,MKD,2017,5955.2973863451
gdp_pc,MKD,2016,5598.48622617967
gdp_pc,MKD,2015,5262.68671928674
gdp_pc,MKD,2014,5925.38592218015
gdp_pc,MNP,2025,NA
gdp_pc,MNP,2024,NA
gdp_pc,MNP,2023,NA
gdp_pc,MNP,2022,23785.754590043
gdp_pc,MNP,2021,19455.50139424
gdp_pc,MNP,2020,18220.8382427201
gdp_pc,MNP,2019,24496.6652122421
gdp_pc,MNP,2018,26509.3628379893
gdp_pc,MNP,2017,31225.6049960968
gdp_pc,MNP,2016,24225.474169342
gdp_pc,MNP,2015,17665.1007493109
gdp_pc,MNP,2014,15945.417608954
gdp_pc,NOR,2025,94594.1929573987
gdp_pc,NOR,2024,89888.9535204758
gdp_pc,NOR,2023,90984.4087141111
gdp_pc,NOR,2022,113122.130765691
gdp_pc,NOR,2021,96442.5552173002
gdp_pc,NOR,2020,71057.5879471399
gdp_pc,NOR,2019,79329.3075190012
gdp_pc,NOR,2018,85579.0776455494
gdp_pc,NOR,2017,78771.2151264554
gdp_pc,NOR,2016,73222.4006864905
gdp_pc,NOR,2015,77220.9524311414
gdp_pc,NOR,2014,100410.020200979
gdp_pc,OMN,2025,19947.3966227092
gdp_pc,OMN,2024,20285.2272765262
gdp_pc,OMN,2023,21027.7384572657
gdp_pc,OMN,2022,23223.5829405935
gdp_pc,OMN,2021,19403.4600160211
gdp_pc,OMN,2020,16784.8630630058
gdp_pc,OMN,2019,19180.1864152801
gdp_pc,OMN,2018,19901.7615642016
gdp_pc,OMN,2017,17820.0661809335
gdp_pc,OMN,2016,17110.1897460545
gdp_pc,OMN,2015,18808.3077921839
gdp_pc,OMN,2014,23160.6502252547
gdp_pc,PAK,2025,1595.90912252837
gdp_pc,PAK,2024,1479.47755241191
gdp_pc,PAK,2023,1360.32417758419
gdp_pc,PAK,2022,1538.3228133171
gdp_pc,PAK,2021,1455.31922370186
gdp_pc,PAK,2020,1278.39735206896
gdp_pc,PAK,2019,1390.41690981745
gdp_pc,PAK,2018,1569.33814626355
gdp_pc,PAK,2017,1519.23459514248
gdp_pc,PAK,2016,1424.69161195897
gdp_pc,PAK,2015,1380.47020838317
gdp_pc,PAK,2014,1266.61340849959
gdp_pc,PLW,2025,19532.3557719527
gdp_pc,PLW,2024,18169.0767165866
gdp_pc,PLW,2023,15578.3497630733
gdp_pc,PLW,2022,13934.951996171
gdp_pc,PLW,2021,13267.4877340719
gdp_pc,PLW,2020,14556.30954221
gdp_pc,PLW,2019,15841.8923474548
gdp_pc,PLW,2018,16179.877834849
gdp_pc,PLW,2017,16280.241199753
gdp_pc,PLW,2016,17043.6660673147
gdp_pc,PLW,2015,15938.3652222848
gdp_pc,PLW,2014,13854.730278013
gdp_pc,PAN,2025,19789.7308555826
gdp_pc,PAN,2024,19161.218843129
gdp_pc,PAN,2023,18797.1933894611
gdp_pc,PAN,2022,17378.6070083597
gdp_pc,PAN,2021,15509.8069109784
gdp_pc,PAN,2020,13290.5608347594
gdp_pc,PAN,2019,16477.9066285687
gdp_pc,PAN,2018,16151.3273478476
gdp_pc,PAN,2017,15694.6297454295
gdp_pc,PAN,2016,14832.3611608191
gdp_pc,PAN,2015,14082.6548502728
gdp_pc,PAN,2014,13213.1989637473
gdp_pc,PNG,2025,3019.5309140573
gdp_pc,PNG,2024,2912.4914068385
gdp_pc,PNG,2023,2966.06455045333
gdp_pc,PNG,2022,3102.29409730005
gdp_pc,PNG,2021,2607.97769973161
gdp_pc,PNG,2020,2429.61134585269
gdp_pc,PNG,2019,2575.77274140393
gdp_pc,PNG,2018,2566.36833735041
gdp_pc,PNG,2017,2477.76530986323
gdp_pc,PNG,2016,2316.39479758492
gdp_pc,PNG,2015,2484.5963398603
gdp_pc,PNG,2014,2723.17529825196
gdp_pc,PRY,2025,7026.61906146401
gdp_pc,PRY,2024,6456.60723068562
gdp_pc,PRY,2023,6303.26495017292
gdp_pc,PRY,2022,6189.10205375331
gdp_pc,PRY,2021,5974.9057185863
gdp_pc,PRY,2020,5365.47220721191
gdp_pc,PRY,2019,5821.18199548637
gdp_pc,PRY,2018,6258.44991640954
gdp_pc,PRY,2017,6152.26711537703
gdp_pc,PRY,2016,5775.1596339946
gdp_pc,PRY,2015,5879.33792308671
gdp_pc,PRY,2014,6652.25478942291
gdp_pc,PER,2025,9684.41170314988
gdp_pc,PER,2024,8526.29665719783
gdp_pc,PER,2023,7919.04634828547
gdp_pc,PER,2022,7353.74598721667
gdp_pc,PER,2021,6828.53422535638
gdp_pc,PER,2020,6133.32552410183
gdp_pc,PER,2019,7037.00803692604
gdp_pc,PER,2018,6978.49121548627
gdp_pc,PER,2017,6736.16693725487
gdp_pc,PER,2016,6217.03599995447
gdp_pc,PER,2015,6231.71150338894
gdp_pc,PER,2014,6667.13410360861
gdp_pc,PHL,2025,4170.72347271451
gdp_pc,PHL,2024,3985.29464669706
gdp_pc,PHL,2023,3804.08274131718
gdp_pc,PHL,2022,3548.06930572116
gdp_pc,PHL,2021,3484.38593882819
gdp_pc,PHL,2020,3227.57910235199
gdp_pc,PHL,2019,3400.78949767074
gdp_pc,PHL,2018,3168.51036609727
gdp_pc,PHL,2017,3038.12124959289
gdp_pc,PHL,2016,2985.19564024046
gdp_pc,PHL,2015,2909.85818010301
gdp_pc,PHL,2014,2866.83803761407
gdp_pc,POL,2025,28419.5777395638
gdp_pc,POL,2024,25103.565661423
gdp_pc,POL,2023,22145.2660647429
gdp_pc,POL,2022,18891.2121169279
gdp_pc,POL,2021,18635.5104895754
gdp_pc,POL,2020,16150.9304813473
gdp_pc,POL,2019,15874.5220531254
gdp_pc,POL,2018,15658.210586693
gdp_pc,POL,2017,13913.3415190124
gdp_pc,POL,2016,12464.0121044827
gdp_pc,POL,2015,12637.5220324406
gdp_pc,POL,2014,14262.2841914116
gdp_pc,PRT,2025,32081.8106150292
gdp_pc,PRT,2024,29328.3067415343
gdp_pc,PRT,2023,27634.6183139773
gdp_pc,PRT,2022,24620.5197587181
gdp_pc,PRT,2021,24711.4510062111
gdp_pc,PRT,2020,22299.4044062173
gdp_pc,PRT,2019,23343.3628970034
gdp_pc,PRT,2018,23541.1401075289
gdp_pc,PRT,2017,21442.3842768879
gdp_pc,PRT,2016,19980.2808866516
gdp_pc,PRT,2015,19215.7813014347
gdp_pc,PRT,2014,22120.6850127107
gdp_pc,PRI,2025,40620.1526923687
gdp_pc,PRI,2024,39353.2242360643
gdp_pc,PRI,2023,36980.7653928068
gdp_pc,PRI,2022,35353.5613891039
gdp_pc,PRI,2021,32618.8705106244
gdp_pc,PRI,2020,31427.1034994916
gdp_pc,PRI,2019,31830.5284993358
gdp_pc,PRI,2018,30679.9181934488
gdp_pc,PRI,2017,30328.479490518
gdp_pc,PRI,2016,29978.0889268918
gdp_pc,PRI,2015,29242.041465085
gdp_pc,PRI,2014,28576.0988023209
gdp_pc,QAT,2025,72524.9066385222
gdp_pc,QAT,2024,75685.0865779973
gdp_pc,QAT,2023,80195.8746508549
gdp_pc,QAT,2022,88701.463352273
gdp_pc,QAT,2021,71751.8831257169
gdp_pc,QAT,2020,51683.5054376677
gdp_pc,QAT,2019,66841.3013484919
gdp_pc,QAT,2018,71039.8490579352
gdp_pc,QAT,2017,63279.8556949332
gdp_pc,QAT,2016,61253.6375482797
gdp_pc,QAT,2015,68985.2946961507
gdp_pc,QAT,2014,95840.6310094498
gdp_pc,ROU,2025,22537.9532108047
gdp_pc,ROU,2024,20080.2096215595
gdp_pc,ROU,2023,18244.4186876321
gdp_pc,ROU,2022,15503.4691366242
gdp_pc,ROU,2021,14908.0412813921
gdp_pc,ROU,2020,13009.1525348396
gdp_pc,ROU,2019,12909.6104013244
gdp_pc,ROU,2018,12416.134317959
gdp_pc,ROU,2017,10727.9822007426
gdp_pc,ROU,2016,9404.54005870715
gdp_pc,ROU,2015,8977.01748158196
gdp_pc,ROU,2014,10031.7710755404
gdp_pc,RUS,2025,17546.609375
gdp_pc,RUS,2024,14961.8974609375
gdp_pc,RUS,2023,13986.9951171875
gdp_pc,RUS,2022,15625.6328125
gdp_pc,RUS,2021,12425.029296875
gdp_pc,RUS,2020,10108.3271484375
gdp_pc,RUS,2019,11447.701171875
gdp_pc,RUS,2018,11211.8876953125
gdp_pc,RUS,2017,10658.9130859375
gdp_pc,RUS,2016,8663.158203125
gdp_pc,RUS,2015,9277.7138671875
gdp_pc,RUS,2014,14055.47265625
gdp_pc,RWA,2025,1123.73874633225
gdp_pc,RWA,2024,1059.93709298801
gdp_pc,RWA,2023,1061.05788154076
gdp_pc,RWA,2022,1007.05989322914
gdp_pc,RWA,2021,842.581492947672
gdp_pc,RWA,2020,802.638686936204
gdp_pc,RWA,2019,823.355304065304
gdp_pc,RWA,2018,772.754982959354
gdp_pc,RWA,2017,751.049039527547
gdp_pc,RWA,2016,721.258515833094
gdp_pc,RWA,2015,725.691418696952
gdp_pc,RWA,2014,715.36808783393
gdp_pc,WSM,2025,5872.78333308796
gdp_pc,WSM,2024,5392.87761915762
gdp_pc,WSM,2023,4822.74084650019
gdp_pc,WSM,2022,4132.44717734444
gdp_pc,WSM,2021,4021.55934894283
gdp_pc,WSM,2020,4099.59660548583
gdp_pc,WSM,2019,4351.94234943706
gdp_pc,WSM,2018,4231.81409469194
gdp_pc,WSM,2017,4307.59381964907
gdp_pc,WSM,2016,4147.07097674888
gdp_pc,WSM,2015,4084.36083819933
gdp_pc,WSM,2014,3982.68080202084
gdp_pc,SMR,2025,NA
gdp_pc,SMR,2024,NA
gdp_pc,SMR,2023,59871.3288101478
gdp_pc,SMR,2022,54264.5837022908
gdp_pc,SMR,2021,54168.9744311193
gdp_pc,SMR,2020,44426.6259613672
gdp_pc,SMR,2019,46626.9998571568
gdp_pc,SMR,2018,47950.7076296808
gdp_pc,SMR,2017,45192.0530047599
gdp_pc,SMR,2016,44359.4574206971
gdp_pc,SMR,2015,43146.8035302005
gdp_pc,SMR,2014,51260.4804236805
gdp_pc,STP,2025,4084.40062145233
gdp_pc,STP,2024,3502.6176807171
gdp_pc,STP,2023,2990.6606143535
gdp_pc,STP,2022,2389.73729784737
gdp_pc,STP,2021,2362.58827248102
gdp_pc,STP,2020,2167.22001796925
gdp_pc,STP,2019,1935.2931816596
gdp_pc,STP,2018,1825.59971753966
gdp_pc,STP,2017,1555.79477812888
gdp_pc,STP,2016,1434.87018050521
gdp_pc,STP,2015,1298.10946596396
gdp_pc,STP,2014,1489.67633417608
gdp_pc,SAU,2025,34536.6555456551
gdp_pc,SAU,2024,35527.786181866
gdp_pc,SAU,2023,36156.8562500172
gdp_pc,SAU,2022,38510.2276211037
gdp_pc,SAU,2021,31920.7653655643
gdp_pc,SAU,2020,24338.8307301067
gdp_pc,SAU,2019,29566.7933827436
gdp_pc,SAU,2018,29360.0658968566
gdp_pc,SAU,2017,23929.2907135982
gdp_pc,SAU,2016,22267.7217050387
gdp_pc,SAU,2015,23256.1549553531
gdp_pc,SAU,2014,27805.4850319422
gdp_pc,SEN,2025,1954.71174194867
gdp_pc,SEN,2024,1738.73223822106
gdp_pc,SEN,2023,1698.03387300843
gdp_pc,SEN,2022,1574.0281059306
gdp_pc,SEN,2021,1598.10676952274
gdp_pc,SEN,2020,1461.08720350553
gdp_pc,SEN,2019,1431.18128932159
gdp_pc,SEN,2018,1452.55612562445
gdp_pc,SEN,2017,1354.77007193387
gdp_pc,SEN,2016,1266.43957151587
gdp_pc,SEN,2015,1218.00613555438
gdp_pc,SEN,2014,1398.89137601382
gdp_pc,SRB,2025,15262.0464193413
gdp_pc,SRB,2024,13677.7794863909
gdp_pc,SRB,2023,12281.707946167
gdp_pc,SRB,2022,10024.8191112596
gdp_pc,SRB,2021,9680.52798074468
gdp_pc,SRB,2020,8098.70955668849
gdp_pc,SRB,2019,7755.632986437
gdp_pc,SRB,2018,7559.86165747394
gdp_pc,SRB,2017,6548.03653824187
gdp_pc,SRB,2016,5982.37030126471
gdp_pc,SRB,2015,5820.3215576888
gdp_pc,SRB,2014,6886.67809068704
gdp_pc,SYC,2025,19449.3836346926
gdp_pc,SYC,2024,18364.5259678223
gdp_pc,SYC,2023,18130.5297135548
gdp_pc,SYC,2022,16682.6990711785
gdp_pc,SYC,2021,14982.9111487767
gdp_pc,SYC,2020,14041.4754074575
gdp_pc,SYC,2019,19141.5118743615
gdp_pc,SYC,2018,18440.2340460932
gdp_pc,SYC,2017,17480.3651911372
gdp_pc,SYC,2016,16566.9946042294
gdp_pc,SYC,2015,15333.1051727105
gdp_pc,SYC,2014,15188.1902175113
gdp_pc,SLE,2025,846.296172499617
gdp_pc,SLE,2024,806.654650274255
gdp_pc,SLE,2023,758.329137301888
gdp_pc,SLE,2022,860.371067874555
gdp_pc,SLE,2021,885.396401613729
gdp_pc,SLE,2020,845.277558236182
gdp_pc,SLE,2019,843.71251730417
gdp_pc,SLE,2018,845.914540460932
gdp_pc,SLE,2017,779.186007841728
gdp_pc,SLE,2016,844.416411175476
gdp_pc,SLE,2015,964.575980888989
gdp_pc,SLE,2014,1117.7586465721
gdp_pc,SGP,2025,98813.9788172877
gdp_pc,SGP,2024,94896.5621495988
gdp_pc,SGP,2023,86382.5900499252
gdp_pc,SGP,2022,91227.6970426492
gdp_pc,SGP,2021,80884.8565369236
gdp_pc,SGP,2020,61772.5036492256
gdp_pc,SGP,2019,66068.7003106378
gdp_pc,SGP,2018,67032.8225769734
gdp_pc,SGP,2017,61436.1325502558
gdp_pc,SGP,2016,57204.0340105222
gdp_pc,SGP,2015,55645.6068614606
gdp_pc,SGP,2014,57564.8023114977
gdp_pc,SXM,2025,42978.1317407037
gdp_pc,SXM,2024,41472.5870367865
gdp_pc,SXM,2023,39451.822911732
gdp_pc,SXM,2022,37793.1283815826
gdp_pc,SXM,2021,32548.4366854902
gdp_pc,SXM,2020,30150.8998380477
gdp_pc,SXM,2019,34861.469528968
gdp_pc,SXM,2018,31708.3110124742
gdp_pc,SXM,2017,34701.3058494468
gdp_pc,SXM,2016,37308.6147795736
gdp_pc,SXM,2015,37839.6283815163
gdp_pc,SXM,2014,37134.912423099
gdp_pc,SVK,2025,28543.6653439813
gdp_pc,SVK,2024,25992.6748502048
gdp_pc,SVK,2023,24614.8734642794
gdp_pc,SVK,2022,21317.7943982363
gdp_pc,SVK,2021,22123.3342114545
gdp_pc,SVK,2020,19735.4858280801
gdp_pc,SVK,2019,19406.0589683582
gdp_pc,SVK,2018,19573.3717031314
gdp_pc,SVK,2017,17645.5298716761
gdp_pc,SVK,2016,16636.0769133073
gdp_pc,SVK,2015,16442.0760860018
gdp_pc,SVK,2014,18770.9289896545
gdp_pc,SVN,2025,37376.2216079138
gdp_pc,SVN,2024,34301.0318686594
gdp_pc,SVN,2023,32660.4753581346
gdp_pc,SVN,2022,28360.3041467268
gdp_pc,SVN,2021,29192.8401933019
gdp_pc,SVN,2020,25392.0651093612
gdp_pc,SVN,2019,25814.1687167572
gdp_pc,SVN,2018,25888.0481065655
gdp_pc,SVN,2017,23303.077705959
gdp_pc,SVN,2016,21447.8377796036
gdp_pc,SVN,2015,20697.2748530619
gdp_pc,SVN,2014,24013.0682060959
gdp_pc,SLB,2025,2086.18955928928
gdp_pc,SLB,2024,1933.55538435227
gdp_pc,SLB,2023,1882.64394148042
gdp_pc,SLB,2022,1877.78104490956
gdp_pc,SLB,2021,2043.44413170658
gdp_pc,SLB,2020,2063.32780991967
gdp_pc,SLB,2019,2223.65890942466
gdp_pc,SLB,2018,2278.19908624102
gdp_pc,SLB,2017,2143.57670489272
gdp_pc,SLB,2016,2082.62383124213
gdp_pc,SLB,2015,2045.47721526649
gdp_pc,SLB,2014,2164.95289873002
gdp_pc,SOM,2025,661.173877723116
gdp_pc,SOM,2024,629.538899449007
gdp_pc,SOM,2023,596.885985135589
gdp_pc,SOM,2022,573.141165798229
gdp_pc,SOM,2021,549.056994756254
gdp_pc,SOM,2020,518.16113333875
gdp_pc,SOM,2019,539.954816211694
gdp_pc,SOM,2018,509.497273804534
gdp_pc,SOM,2017,510.939952317726
gdp_pc,SOM,2016,460.928490585175
gdp_pc,SOM,2015,445.583080073396
gdp_pc,SOM,2014,429.431656725102
gdp_pc,ZAF,2025,6597.71450918774
gdp_pc,ZAF,2024,6267.186814093
gdp_pc,ZAF,2023,6034.27208964673
gdp_pc,ZAF,2022,6534.24867783397
gdp_pc,ZAF,2021,6828.75624590017
gdp_pc,ZAF,2020,5580.60383075189
gdp_pc,ZAF,2019,6533.71121032856
gdp_pc,ZAF,2018,6914.1780318076
gdp_pc,ZAF,2017,6618.33508255701
gdp_pc,ZAF,2016,5651.20585165749
gdp_pc,ZAF,2015,6112.27382485974
gdp_pc,ZAF,2014,6856.73137092522
gdp_pc,SSD,2025,NA
gdp_pc,SSD,2024,NA
gdp_pc,SSD,2023,NA
gdp_pc,SSD,2022,NA
gdp_pc,SSD,2021,NA
gdp_pc,SSD,2020,NA
gdp_pc,SSD,2019,NA
gdp_pc,SSD,2018,NA
gdp_pc,SSD,2017,NA
gdp_pc,SSD,2016,NA
gdp_pc,SSD,2015,1080.14718624765
gdp_pc,SSD,2014,1242.73450181032
gdp_pc,ESP,2025,38627.2472148623
gdp_pc,ESP,2024,35326.7683069278
gdp_pc,ESP,2023,33493.2225409111
gdp_pc,ESP,2022,30319.4987196616
gdp_pc,ESP,2021,30799.4775937775
gdp_pc,ESP,2020,27233.942646160802
gdp_pc,ESP,2019,29786.5245689007
gdp_pc,ESP,2018,30602.4212881113
gdp_pc,ESP,2017,28381.3425596906
gdp_pc,ESP,2016,26755.6061149398
gdp_pc,ESP,2015,25982.4416197775
gdp_pc,ESP,2014,29707.765509467
gdp_pc,LKA,2025,5002.07904353724
gdp_pc,LKA,2024,4545.36006870612
gdp_pc,LKA,2023,3815.41531767474
gdp_pc,LKA,2022,3342.63650438046
gdp_pc,LKA,2021,3996.96240531688
gdp_pc,LKA,2020,3847.60136741182
gdp_pc,LKA,2019,4081.94772178134
gdp_pc,LKA,2018,4358.56095905888
gdp_pc,LKA,2017,4398.88828786059
gdp_pc,LKA,2016,4149.19189391879
gdp_pc,LKA,2015,4057.71582716521
gdp_pc,LKA,2014,3972.04377042271
gdp_pc,KNA,2025,25223.0257622185
gdp_pc,KNA,2024,23960.6534357084
gdp_pc,KNA,2023,22576.9248439166
gdp_pc,KNA,2022,21011.5744209816
gdp_pc,KNA,2021,18361.1449697886
gdp_pc,KNA,2020,18859.0190361046
gdp_pc,KNA,2019,23595.4923231291
gdp_pc,KNA,2018,22901.3816403197
gdp_pc,KNA,2017,22464.9899633959
gdp_pc,KNA,2016,21387.5415511103
gdp_pc,KNA,2015,20328.8003530109
gdp_pc,KNA,2014,20219.3954237956
gdp_pc,LCA,2025,14745.8184305461
gdp_pc,LCA,2024,14493.658470648
gdp_pc,LCA,2023,13616.6397593734
gdp_pc,LCA,2022,12976.1489693474
gdp_pc,LCA,2021,10481.1233971786
gdp_pc,LCA,2020,8537.11495506727
gdp_pc,LCA,2019,11764.3944032403
gdp_pc,LCA,2018,11642.6984727769
gdp_pc,LCA,2017,11333.1123822102
gdp_pc,LCA,2016,10638.1269396653
gdp_pc,LCA,2015,10334.9860823918
gdp_pc,LCA,2014,10044.8218377677
gdp_pc,MAF,2025,NA
gdp_pc,MAF,2024,NA
gdp_pc,MAF,2023,NA
gdp_pc,MAF,2022,NA
gdp_pc,MAF,2021,21668.3776525323
gdp_pc,MAF,2020,NA
gdp_pc,MAF,2019,19033.0649634889
gdp_pc,MAF,2018,NA
gdp_pc,MAF,2017,NA
gdp_pc,MAF,2016,NA
gdp_pc,MAF,2015,NA
gdp_pc,MAF,2014,20638.7705882379
gdp_pc,VCT,2025,12561.769166789
gdp_pc,VCT,2024,11501.2265187188
gdp_pc,VCT,2023,10582.3656725229
gdp_pc,VCT,2022,9693.55867833025
gdp_pc,VCT,2021,8641.27904024443
gdp_pc,VCT,2020,8351.20324040982
gdp_pc,VCT,2019,8740.59425232061
gdp_pc,VCT,2018,8428.12677153069
gdp_pc,VCT,2017,7988.04445019298
gdp_pc,VCT,2016,7656.90042881178
gdp_pc,VCT,2015,7353.73556054184
gdp_pc,VCT,2014,7168.82875342911
gdp_pc,SDN,2025,1164.53991699219
gdp_pc,SDN,2024,984.607666015625
gdp_pc,SDN,2023,797.283447265625
gdp_pc,SDN,2022,1046.24084472656
gdp_pc,SDN,2021,712.122009277344
gdp_pc,SDN,2020,577.795227050781
gdp_pc,SDN,2019,709.975280761719
gdp_pc,SDN,2018,731.027465820313
gdp_pc,SDN,2017,966.505676269531
gdp_pc,SDN,2016,1033.21594238281
gdp_pc,SDN,2015,1292.37963867188
gdp_pc,SDN,2014,1275.43835449219
gdp_pc,SUR,2025,7069.87230892274
gdp_pc,SUR,2024,6961.78956060258
gdp_pc,SUR,2023,5521.97602122638
gdp_pc,SUR,2022,6084.43876736445
gdp_pc,SUR,2021,5029.84838543953
gdp_pc,SUR,2020,4755.39221710693
gdp_pc,SUR,2019,6629.66775248603
gdp_pc,SUR,2018,6665.74180472239
gdp_pc,SUR,2017,6049.52128553675
gdp_pc,SUR,2016,5644.2061057532
gdp_pc,SUR,2015,8813.61705392067
gdp_pc,SUR,2014,9108.18905406764
gdp_pc,SWE,2025,63133.2126736715
gdp_pc,SWE,2024,57222.7100565003
gdp_pc,SWE,2023,54950.2834725622
gdp_pc,SWE,2022,54836.8907235124
gdp_pc,SWE,2021,60647.5416365347
gdp_pc,SWE,2020,52568.5726980146
gdp_pc,SWE,2019,51648.9892820514
gdp_pc,SWE,2018,54018.4554391861
gdp_pc,SWE,2017,53210.2233318965
gdp_pc,SWE,2016,51703.5088332851
gdp_pc,SWE,2015,51188.1652120493
gdp_pc,SWE,2014,59583.4584491714
gdp_pc,CHE,2025,114769.012314293
gdp_pc,CHE,2024,107702.065940312
gdp_pc,CHE,2023,104449.75451772
gdp_pc,CHE,2022,97809.095567203
gdp_pc,CHE,2021,96582.8687080693
gdp_pc,CHE,2020,87529.7016394892
gdp_pc,CHE,2019,85872.9702303454
gdp_pc,CHE,2018,87002.3382293532
gdp_pc,CHE,2017,83610.248611484
gdp_pc,CHE,2016,83432.4111596314
gdp_pc,CHE,2015,85265.06205193
gdp_pc,CHE,2014,90511.6484558843
gdp_pc,SYR,2025,NA
gdp_pc,SYR,2024,NA
gdp_pc,SYR,2023,NA
gdp_pc,SYR,2022,1056.78264718197
gdp_pc,SYR,2021,688.566109726934
gdp_pc,SYR,2020,593.911771822527
gdp_pc,SYR,2019,1109.53933821464
gdp_pc,SYR,2018,1098.06667935023
gdp_pc,SYR,2017,851.501972646386
gdp_pc,SYR,2016,656.349017520952
gdp_pc,SYR,2015,847.731545352582
gdp_pc,SYR,2014,1060.59105887433
gdp_pc,TJK,2025,1637.2542942547
gdp_pc,TJK,2024,1362.02559981695
gdp_pc,TJK,2023,1178.47990060249
gdp_pc,TJK,2022,1052.17949484894
gdp_pc,TJK,2021,896.748053372182
gdp_pc,TJK,2020,834.311715460625
gdp_pc,TJK,2019,871.022372934846
gdp_pc,TJK,2018,834.288404578801
gdp_pc,TJK,2017,829.45714764957
gdp_pc,TJK,2016,788.710481734485
gdp_pc,TJK,2015,956.916310930656
gdp_pc,TJK,2014,1081.54402932039
gdp_pc,TZA,2025,1318.81921386719
gdp_pc,TZA,2024,1192.60668945313
gdp_pc,TZA,2023,1224.00219726563
gdp_pc,TZA,2022,1207.52062988281
gdp_pc,TZA,2021,1159.85656738281
gdp_pc,TZA,2020,1117.41528320313
gdp_pc,TZA,2019,1063.32250976563
gdp_pc,TZA,2018,1023.10626220703
gdp_pc,TZA,2017,986.674011230469
gdp_pc,TZA,2016,953.0107421875
gdp_pc,TZA,2015,939.127319335938
gdp_pc,TZA,2014,1022.74841308594
gdp_pc,THA,2025,8056.56359761558
gdp_pc,THA,2024,7386.63615126055
gdp_pc,THA,2023,7210.54130832685
gdp_pc,THA,2022,6910.00995211206
gdp_pc,THA,2021,7055.18760721422
gdp_pc,THA,2020,6983.03412836245
gdp_pc,THA,2019,7605.69657797759
gdp_pc,THA,2018,7099.77650081458
gdp_pc,THA,2017,6413.09182530343
gdp_pc,THA,2016,5833.57715617098
gdp_pc,THA,2015,5688.85335397884
gdp_pc,THA,2014,5801.1978916205
gdp_pc,TLS,2025,1340.9640193437
gdp_pc,TLS,2024,1331.9705130185
gdp_pc,TLS,2023,1502.4114958903
gdp_pc,TLS,2022,2343.24955542816
gdp_pc,TLS,2021,2684.92673717299
gdp_pc,TLS,2020,1630.86935439232
gdp_pc,TLS,2019,1562.36458881813
gdp_pc,TLS,2018,1219.46598597604
gdp_pc,TLS,2017,1266.17767952941
gdp_pc,TLS,2016,1335.54390089814
gdp_pc,TLS,2015,1319.59297370991
gdp_pc,TLS,2014,1224.74957758801
gdp_pc,TGO,2025,1383.89974929887
gdp_pc,TGO,2024,1266.08777721447
gdp_pc,TGO,2023,1182.32951436696
gdp_pc,TGO,2022,1071.61539220759
gdp_pc,TGO,2021,1076.29520076949
gdp_pc,TGO,2020,961.219781201934
gdp_pc,TGO,2019,917.718016777619
gdp_pc,TGO,2018,942.480774393154
gdp_pc,TGO,2017,872.076408845752
gdp_pc,TGO,2016,843.114204338675
gdp_pc,TGO,2015,813.894676975085
gdp_pc,TGO,2014,921.539748631461
gdp_pc,TON,2025,6547.18646814228
gdp_pc,TON,2024,6215.38990974121
gdp_pc,TON,2023,5651.59357939286
gdp_pc,TON,2022,5298.01942454298
gdp_pc,TON,2021,4922.8015864044
gdp_pc,TON,2020,4792.35872413906
gdp_pc,TON,2019,4788.83350468584
gdp_pc,TON,2018,4675.04776047973
gdp_pc,TON,2017,4365.92929788648
gdp_pc,TON,2016,3987.9861883704302
gdp_pc,TON,2015,4123.90347238813
gdp_pc,TON,2014,4136.59010898445
gdp_pc,TTO,2025,18967.2704636681
gdp_pc,TTO,2024,18733.4110406494
gdp_pc,TTO,2023,18308.4536298575
gdp_pc,TTO,2022,20750.5202434652
gdp_pc,TTO,2021,17712.5674104655
gdp_pc,TTO,2020,15283.6270531554
gdp_pc,TTO,2019,17212.6128892163
gdp_pc,TTO,2018,17571.498737278
gdp_pc,TTO,2017,17566.0999700656
gdp_pc,TTO,2016,17449.1538801956
gdp_pc,TTO,2015,19887.2327716498
gdp_pc,TTO,2014,21908.3014555644
gdp_pc,TUN,2025,4656.63818386852
gdp_pc,TUN,2024,4187.64079392362
gdp_pc,TUN,2023,3951.11683376921
gdp_pc,TUN,2022,3707.29283414381
gdp_pc,TUN,2021,3906.93926319391
gdp_pc,TUN,2020,3548.65363663803
gdp_pc,TUN,2019,3528.87213306798
gdp_pc,TUN,2018,3628.10366464236
gdp_pc,TUN,2017,3619.03247319953
gdp_pc,TUN,2016,3847.80354448809
gdp_pc,TUN,2015,4014.94773686432
gdp_pc,TUN,2014,4458.97895464547
gdp_pc,TUR,2025,18599.4420922378
gdp_pc,TUR,2024,15892.7157287241
gdp_pc,TUR,2023,13375.0947282864
gdp_pc,TUR,2022,10897.8397861365
gdp_pc,TUR,2021,9981.76398411336
gdp_pc,TUR,2020,8798.11791709313
gdp_pc,TUR,2019,9395.23378001368
gdp_pc,TUR,2018,9684.11819884721
gdp_pc,TUR,2017,10756.3877677883
gdp_pc,TUR,2016,10984.3643169061
gdp_pc,TUR,2015,11064.6494504662
gdp_pc,TUR,2014,12209.3862327674
gdp_pc,TKM,2025,6540.17876401136
gdp_pc,TKM,2024,5904.25772576512
gdp_pc,TKM,2023,5298.46421949276
gdp_pc,TKM,2022,5198.18947409551
gdp_pc,TKM,2021,3713.20113171765
gdp_pc,TKM,2020,3935.37749365223
gdp_pc,TKM,2019,4365.1152919542
gdp_pc,TKM,2018,3911.98557297865
gdp_pc,TKM,2017,5125.54920055808
gdp_pc,TKM,2016,5238.00827202546
gdp_pc,TKM,2015,5759.497903834
gdp_pc,TKM,2014,7164.14536184006
gdp_pc,TCA,2025,NA
gdp_pc,TCA,2024,37506.7798431288
gdp_pc,TCA,2023,35470.2151608295
gdp_pc,TCA,2022,31280.5418020808
gdp_pc,TCA,2021,27329.2885087196
gdp_pc,TCA,2020,20690.9160546118
gdp_pc,TCA,2019,31780.5217068989
gdp_pc,TCA,2018,31625.616593277002
gdp_pc,TCA,2017,30014.2309523213
gdp_pc,TCA,2016,31373.5612684327
gdp_pc,TCA,2015,29457.0140691162
gdp_pc,TCA,2014,27292.5820256776
gdp_pc,TUV,2025,6041.44908591428
gdp_pc,TUV,2024,5883.50257114002
gdp_pc,TUV,2023,5143.8397437226
gdp_pc,TUV,2022,5414.74642912412
gdp_pc,TUV,2021,6042.51983141155
gdp_pc,TUV,2020,5029.57159284173
gdp_pc,TUV,2019,5058.85266607659
gdp_pc,TUV,2018,4467.21144027065
gdp_pc,TUV,2017,4166.79162422818
gdp_pc,TUV,2016,3779.15293916285
gdp_pc,TUV,2015,3352.66722400181
gdp_pc,TUV,2014,3518.13249227107
gdp_pc,UGA,2025,1206.30450825002
gdp_pc,UGA,2024,1077.91278438613
gdp_pc,UGA,2023,1002.30913917142
gdp_pc,UGA,2022,963.067314117178
gdp_pc,UGA,2021,882.791717542504
gdp_pc,UGA,2020,845.766463890124
gdp_pc,UGA,2019,822.171150036357
gdp_pc,UGA,2018,792.16570022814
gdp_pc,UGA,2017,765.218332297361
gdp_pc,UGA,2016,752.696571725656
gdp_pc,UGA,2015,862.934610355811
gdp_pc,UGA,2014,896.054795546394
gdp_pc,UKR,2025,5865.884765625
gdp_pc,UKR,2024,5391.62255859375
gdp_pc,UKR,2023,5139.59814453125
gdp_pc,UKR,2022,4199.6708984375
gdp_pc,UKR,2021,4775.94580078125
gdp_pc,UKR,2020,3709.76928710938
gdp_pc,UKR,2019,3619.86157226563
gdp_pc,UKR,2018,3059.0517578125
gdp_pc,UKR,2017,2604.28759765625
gdp_pc,UKR,2016,2158.46118164063
gdp_pc,UKR,2015,2094.47387695313
gdp_pc,UKR,2014,3054.908203125
gdp_pc,ARE,2025,NA
gdp_pc,ARE,2024,50273.5126243239
gdp_pc,ARE,2023,49850.6945082084
gdp_pc,ARE,2022,50759.7590190204
gdp_pc,ARE,2021,44118.4936214315
gdp_pc,ARE,2020,37991.738387966
gdp_pc,ARE,2019,45938.6084572227
gdp_pc,ARE,2018,47135.3478795605
gdp_pc,ARE,2017,43733.6242018215
gdp_pc,ARE,2016,42721.1136110991
gdp_pc,ARE,2015,44910.3458860776
gdp_pc,ARE,2014,52725.2307981936
gdp_pc,GBR,2025,57601.9621201954
gdp_pc,GBR,2024,53341.3131094262
gdp_pc,GBR,2023,49919.6896621586
gdp_pc,GBR,2022,47034.7795621476
gdp_pc,GBR,2021,47695.6491523474
gdp_pc,GBR,2020,40815.1255364787
gdp_pc,GBR,2019,43160.6843971799
gdp_pc,GBR,2018,43704.3162296687
gdp_pc,GBR,2017,40918.0520870944
gdp_pc,GBR,2016,41258.5374285695
gdp_pc,GBR,2015,45256.040227057
gdp_pc,GBR,2014,47746.9810645521
gdp_pc,USA,2025,90026.5163005744
gdp_pc,USA,2024,86169.6641581917
gdp_pc,USA,2023,82586.7847707894
gdp_pc,USA,2022,78008.6895811877
gdp_pc,USA,2021,71441.2319805947
gdp_pc,USA,2020,64465.2971415748
gdp_pc,USA,2019,65227.9565911038
gdp_pc,USA,2018,62875.6661382728
gdp_pc,USA,2017,60047.7190728307
gdp_pc,USA,2016,57976.628204291
gdp_pc,USA,2015,56849.4697923159
gdp_pc,USA,2014,55153.3940182967
gdp_pc,URY,2025,25215.8238152781
gdp_pc,URY,2024,24308.4954958447
gdp_pc,URY,2023,23378.6399733516
gdp_pc,URY,2022,21009.2883798725
gdp_pc,URY,2021,17881.8119616753
gdp_pc,URY,2020,15757.5341990356
gdp_pc,URY,2019,18315.7350377437
gdp_pc,URY,2018,19249.9404677501
gdp_pc,URY,2017,19184.6626114272
gdp_pc,URY,2016,17009.7584207276
gdp_pc,URY,2015,17125.9016800298
gdp_pc,URY,2014,18322.4276767157
gdp_pc,UZB,2025,3968.2720079072
gdp_pc,UZB,2024,3337.45492058664
gdp_pc,UZB,2023,3015.97705069457
gdp_pc,UZB,2022,2698.60262953369
gdp_pc,UZB,2021,2370.36480555669
gdp_pc,UZB,2020,2087.96374711792
gdp_pc,UZB,2019,2128.66067138334
gdp_pc,UZB,2018,1894.09088741408
gdp_pc,UZB,2017,2271.4730109511
gdp_pc,UZB,2016,3128.42307170099
gdp_pc,UZB,2015,3172.89899391083
gdp_pc,UZB,2014,3021.00331668049
gdp_pc,VUT,2025,4038.73520713411
gdp_pc,VUT,2024,3959.87703462363
gdp_pc,VUT,2023,3708.18942411253
gdp_pc,VUT,2022,3679.53524327491
gdp_pc,VUT,2021,3576.13770954363
gdp_pc,VUT,2020,3404.30359167624
gdp_pc,VUT,2019,3635.62344878185
gdp_pc,VUT,2018,3626.18862522473
gdp_pc,VUT,2017,3585.31798081216
gdp_pc,VUT,2016,3339.83436471043
gdp_pc,VUT,2015,3214.41948587141
gdp_pc,VUT,2014,3378.36411965135
gdp_pc,VEN,2025,3494.8138870244
gdp_pc,VEN,2024,4244.45723136019
gdp_pc,VEN,2023,3617.47038396528
gdp_pc,VEN,2022,3155.04190923584
gdp_pc,VEN,2021,2004.93572921136
gdp_pc,VEN,2020,1506.04169391285
gdp_pc,VEN,2019,2523.11527549578
gdp_pc,VEN,2018,3421.51341607593
gdp_pc,VEN,2017,3791.63262049576
gdp_pc,VEN,2016,3671.23004093383
gdp_pc,VEN,2015,4096.61989137473
gdp_pc,VEN,2014,7101.15006382986
gdp_pc,VNM,2025,5065.99091899299
gdp_pc,VNM,2024,4716.6599379632
gdp_pc,VNM,2023,4322.82572261566
gdp_pc,VNM,2022,4147.69777213621
gdp_pc,VNM,2021,3704.1935590038
gdp_pc,VNM,2020,3534.03953482647
gdp_pc,VNM,2019,3440.90025375434
gdp_pc,VNM,2018,3222.31003125366
gdp_pc,VNM,2017,2956.10992127753
gdp_pc,VNM,2016,2735.0604380416
gdp_pc,VNM,2015,2577.56885340113
gdp_pc,VNM,2014,2546.38464459903
gdp_pc,VIR,2025,NA
gdp_pc,VIR,2024,NA
gdp_pc,VIR,2023,NA
gdp_pc,VIR,2022,44320.909185774
gdp_pc,VIR,2021,42571.0777368471
gdp_pc,VIR,2020,39787.3741650202
gdp_pc,VIR,2019,38633.5298915336
gdp_pc,VIR,2018,36663.2087550584
gdp_pc,VIR,2017,35365.0693039774
gdp_pc,VIR,2016,35324.9748874586
gdp_pc,VIR,2015,34007.3529411765
gdp_pc,VIR,2014,33045.3643795999
gdp_pc,PSE,2025,3171.10844621579
gdp_pc,PSE,2024,3028.25481286981
gdp_pc,PSE,2023,3607.41611858821
gdp_pc,PSE,2022,3799.95527015163
gdp_pc,PSE,2021,3678.63565662194
gdp_pc,PSE,2020,3233.56863835858
gdp_pc,PSE,2019,3656.85827137011
gdp_pc,PSE,2018,3562.33094270256
gdp_pc,PSE,2017,3620.36048715937
gdp_pc,PSE,2016,3527.61382413178
gdp_pc,PSE,2015,3272.15432360708
gdp_pc,PSE,2014,3352.11259506043
gdp_pc,YEM,2025,NA
gdp_pc,YEM,2024,NA
gdp_pc,YEM,2023,NA
gdp_pc,YEM,2022,NA
gdp_pc,YEM,2021,NA
gdp_pc,YEM,2020,NA
gdp_pc,YEM,2019,NA
gdp_pc,YEM,2018,633.887202451545
gdp_pc,YEM,2017,811.165970405745
gdp_pc,YEM,2016,975.359417003225
gdp_pc,YEM,2015,1362.1738120601
gdp_pc,YEM,2014,1430.16420964026
gdp_pc,ZMB,2025,1317.87771619597
gdp_pc,ZMB,2024,1187.10943350064
gdp_pc,ZMB,2023,1330.72780576709
gdp_pc,ZMB,2022,1447.12310138035
gdp_pc,ZMB,2021,1127.16077872857
gdp_pc,ZMB,2020,951.644316655957
gdp_pc,ZMB,2019,1258.98619844462
gdp_pc,ZMB,2018,1463.89997855593
gdp_pc,ZMB,2017,1483.46577328065
gdp_pc,ZMB,2016,1239.08527877713
gdp_pc,ZMB,2015,1295.87788680068
gdp_pc,ZMB,2014,1707.48573136694
gdp_pc,ZWE,2025,3021.43019873632
gdp_pc,ZWE,2024,2496.15514995576
gdp_pc,ZWE,2023,2195.22502010174
gdp_pc,ZWE,2022,2536.40197087505
gdp_pc,ZWE,2021,2613.6167414057
gdp_pc,ZWE,2020,2059.63704025274
gdp_pc,ZWE,2019,2184.52155388801
gdp_pc,ZWE,2018,2270.89531874302
gdp_pc,ZWE,2017,3445.44941020134
gdp_pc,ZWE,2016,1408.13945253431
gdp_pc,ZWE,2015,1387.12632595026
gdp_pc,ZWE,2014,1372.91526173161
population,AFE,2025,788844284
population,AFE,2024,769280888
population,AFE,2023,750491370
population,AFE,2022,731821393
population,AFE,2021,713090928
population,AFE,2020,694446100
population,AFE,2019,675950189
population,AFE,2018,657801085
population,AFE,2017,640058741
population,AFE,2016,623369401
population,AFE,2015,607123269
population,AFE,2014,590968990
population,AFW,2025,532809933
population,AFW,2024,520655398
population,AFW,2023,508318102
population,AFW,2022,496366058
population,AFW,2021,484978794
population,AFW,2020,473687685
population,AFW,2019,462522286
population,AFW,2018,451395343
population,AFW,2017,440150152
population,AFW,2016,428797338
population,AFW,2015,417536152
population,AFW,2014,406457241
population,ARB,2025,503356133
population,ARB,2024,492612632
population,ARB,2023,482105978
population,ARB,2022,471352066
population,ARB,2021,460646603
population,ARB,2020,453723239
population,ARB,2019,444281315
population,ARB,2018,435998060
population,ARB,2017,428315886
population,ARB,2016,419808341
population,ARB,2015,410190679
population,ARB,2014,400231008
population,CSS,2025,4556558
population,CSS,2024,4539060
population,CSS,2023,4519904
population,CSS,2022,4497310
population,CSS,2021,4479167
population,CSS,2020,4459302
population,CSS,2019,4443134
population,CSS,2018,4407658
population,CSS,2017,4366140
population,CSS,2016,4341333
population,CSS,2015,4314191
population,CSS,2014,4286546
population,CEB,2025,99814596
population,CEB,2024,100061963
population,CEB,2023,100183707
population,CEB,2022,100071871
population,CEB,2021,100205732
population,CEB,2020,101215763
population,CEB,2019,101864274
population,CEB,2018,102074201
population,CEB,2017,102337501
population,CEB,2016,102647939
population,CEB,2015,102973167
population,CEB,2014,103280478
population,EAR,2025,3592750579
population,EAR,2024,3552306404
population,EAR,2023,3511607650
population,EAR,2022,3470644834
population,EAR,2021,3432026092
population,EAR,2020,3396051187
population,EAR,2019,3355014793
population,EAR,2018,3314245247
population,EAR,2017,3274060446
population,EAR,2016,3233033717
population,EAR,2015,3190318707
population,EAR,2014,3146800078
population,EAS,2025,2390873921
population,EAS,2024,2388319468
population,EAS,2023,2384441485
population,EAS,2022,2379617118
population,EAS,2021,2375117716
population,EAS,2020,2369420882
population,EAS,2019,2359762190
population,EAS,2018,2347576325
population,EAS,2017,2333475520
population,EAS,2016,2317076058
population,EAS,2015,2300844269
population,EAS,2014,2284385542
population,EAP,2025,2143908411
population,EAP,2024,2141122258
population,EAP,2023,2137527754
population,EAP,2022,2133560408
population,EAP,2021,2128553744
population,EAP,2020,2121866294
population,EAP,2019,2112289891
population,EAP,2018,2100698838
population,EAP,2017,2087238522
population,EAP,2016,2071486140
population,EAP,2015,2056050896
population,EAP,2014,2040383789
population,TEA,2025,2117367063
population,TEA,2024,2114653077
population,TEA,2023,2111139152
population,TEA,2022,2107261123
population,TEA,2021,2102350702
population,TEA,2020,2095759417
population,TEA,2019,2086281644
population,TEA,2018,2074796982
population,TEA,2017,2061449949
population,TEA,2016,2045816761
population,TEA,2015,2030504270
population,TEA,2014,2014960984
population,EMU,2025,358664361
population,EMU,2024,357603357
population,EMU,2023,356209318
population,EMU,2022,354666175
population,EMU,2021,353715415
population,EMU,2020,353536838
population,EMU,2019,353113327
population,EMU,2018,352303991
population,EMU,2017,351613647
population,EMU,2016,351027116
population,EMU,2015,350164707
population,EMU,2014,349302135
population,ECS,2025,932525035
population,ECS,2024,928566925
population,ECS,2023,924805070
population,ECS,2022,924267385
population,ECS,2021,924375980
population,ECS,2020,923660463
population,ECS,2019,921929161
population,ECS,2018,918415818
population,ECS,2017,915063823
population,ECS,2016,911578015
population,ECS,2015,907526485
population,ECS,2014,903560070
population,ECA,2025,253280471
population,ECA,2024,250394482
population,ECA,2023,248718948
population,ECA,2022,250514347
population,ECA,2021,251867727
population,ECA,2020,250351240
population,ECA,2019,248576676
population,ECA,2018,246400484
population,ECA,2017,244308649
population,ECA,2016,242224182
population,ECA,2015,240083379
population,ECA,2014,237999321
population,TEC,2025,462559433
population,TEC,2024,459982788
population,TEC,2023,458599775
population,TEC,2022,460942269
population,TEC,2021,463104389
population,TEC,2020,462842288
population,TEC,2019,461933206
population,TEC,2018,459946883
population,TEC,2017,458010325
population,TEC,2016,455913002
population,TEC,2015,453662073
population,TEC,2014,451432428
population,EUU,2025,451127411
population,EUU,2024,450228188
population,EUU,2023,448897545
population,EUU,2022,447203596
population,EUU,2021,446228281
population,EUU,2020,446870959
population,EUU,2019,446910453
population,EUU,2018,446058453
population,EUU,2017,445321060
population,EUU,2016,444676652
population,EUU,2015,443793218
population,EUU,2014,442920819
population,HPC,2025,965148593
population,HPC,2024,940304348
population,HPC,2023,916223767
population,HPC,2022,892885172
population,HPC,2021,869987833
population,HPC,2020,846861642
population,HPC,2019,823805910
population,HPC,2018,801220102
population,HPC,2017,778657210
population,HPC,2016,756237630
population,HPC,2015,734837721
population,HPC,2014,714234635
population,IBD,2025,5006926951
population,IBD,2024,4979670326
population,IBD,2023,4952209753
population,IBD,2022,4928196300
population,IBD,2021,4905212516
population,IBD,2020,4878296727
population,IBD,2019,4845075024
population,IBD,2018,4806981820
population,IBD,2017,4765773411
population,IBD,2016,4721566970
population,IBD,2015,4676773551
population,IBD,2014,4630607878
population,IBT,2025,6993790788
population,IBT,2024,6925362193
population,IBT,2023,6857438587
population,IBT,2022,6793703268
population,IBT,2021,6731708832
population,IBT,2020,6665588686
population,IBT,2019,6593373309
population,IBT,2018,6517257782
population,IBT,2017,6439279067
population,IBT,2016,6359496256
population,IBT,2015,6280370137
population,IBT,2014,6201072972
population,IDB,2025,689783382
population,IDB,2024,676957651
population,IDB,2023,664395892
population,IDB,2022,651895919
population,IDB,2021,639196319
population,IDB,2020,626440308
population,IDB,2019,614017319
population,IDB,2018,601951913
population,IDB,2017,590024074
population,IDB,2016,578463670
population,IDB,2015,567234056
population,IDB,2014,555868551
population,IDX,2025,1297080455
population,IDX,2024,1268734216
population,IDX,2023,1240832942
population,IDX,2022,1213611049
population,IDX,2021,1187299997
population,IDX,2020,1160851651
population,IDX,2019,1134280966
population,IDX,2018,1108324049
population,IDX,2017,1083481582
population,IDX,2016,1059465616
population,IDX,2015,1036362530
population,IDX,2014,1014596543
population,IDA,2025,1986863837
population,IDA,2024,1945691867
population,IDA,2023,1905228834
population,IDA,2022,1865506968
population,IDA,2021,1826496316
population,IDA,2020,1787291959
population,IDA,2019,1748298285
population,IDA,2018,1710275962
population,IDA,2017,1673505656
population,IDA,2016,1637929286
population,IDA,2015,1603596586
population,IDA,2014,1570465094
population,LTE,2025,2330425681
population,LTE,2024,2328876323
population,LTE,2023,2326294294
population,LTE,2022,2323799602
population,LTE,2021,2320127658
population,LTE,2020,2316152452
population,LTE,2019,2308878047
population,LTE,2018,2298394042
population,LTE,2017,2285870134
population,LTE,2016,2270841806
population,LTE,2015,2256126712
population,LTE,2014,2241122152
population,LCN,2025,666592570
population,LCN,2024,662185614
population,LCN,2023,657616519
population,LCN,2022,653108131
population,LCN,2021,649236092
population,LCN,2020,645498187
population,LCN,2019,640962372
population,LCN,2018,635778081
population,LCN,2017,630414986
population,LCN,2016,624737786
population,LCN,2015,618868462
population,LCN,2014,612849401
population,LAC,2025,626808315
population,LAC,2024,622564181
population,LAC,2023,618190397
population,LAC,2022,613861839
population,LAC,2021,610122057
population,LAC,2020,606535582
population,LAC,2019,602249777
population,LAC,2018,597518751
population,LAC,2017,592522502
population,LAC,2016,587206002
population,LAC,2015,581649117
population,LAC,2014,575915671
population,TLA,2025,651467364
population,TLA,2024,647003746
population,TLA,2023,642397939
population,TLA,2022,637837815
population,TLA,2021,633862610
population,TLA,2020,630051021
population,TLA,2019,625467307
population,TLA,2018,620274430
population,TLA,2017,614776664
population,TLA,2016,609017063
population,TLA,2015,603091701
population,TLA,2014,597023419
population,LDC,2025,1214167506
population,LDC,2024,1186668913
population,LDC,2023,1159744187
population,LDC,2022,1133564482
population,LDC,2021,1108233065
population,LDC,2020,1082754466
population,LDC,2019,1057170371
population,LDC,2018,1032309742
population,LDC,2017,1008260714
population,LDC,2016,984757534
population,LDC,2015,961916563
population,LDC,2014,939749332
population,LMY,2025,6791684991
population,LMY,2024,6722971301
population,LMY,2023,6654784822
population,LMY,2022,6590522389
population,LMY,2021,6527758150
population,LMY,2020,6460393883
population,LMY,2019,6387395177
population,LMY,2018,6311329885
population,LMY,2017,6233470764
population,LMY,2016,6153938165
population,LMY,2015,6075072158
population,LMY,2014,5996036961
population,MEA,2025,828025185
population,MEA,2024,813173936
population,MEA,2023,797801454
population,MEA,2022,782349366
population,MEA,2021,767578451
population,MEA,2020,756405281
population,MEA,2019,742714463
population,MEA,2018,730362334
population,MEA,2017,718887744
population,MEA,2016,707023525
population,MEA,2015,694232973
population,MEA,2014,680716578
population,MNA,2025,753903407
population,MNA,2024,741690916
population,MNA,2023,729077445
population,MNA,2022,716508657
population,MNA,2021,704458802
population,MNA,2020,692532027
population,MNA,2019,680490997
population,MNA,2018,668447432
population,MNA,2017,656767614
population,MNA,2016,645837915
population,MNA,2015,635352686
population,MNA,2014,624564062
population,TMN,2025,748489811
population,TMN,2024,736401764
population,TMN,2023,723911670
population,TMN,2022,711465045
population,TMN,2021,699536053
population,TMN,2020,687728758
population,TMN,2019,675805691
population,TMN,2018,663878345
population,TMN,2017,652312809
population,TMN,2016,641470827
population,TMN,2015,631082594
population,TMN,2014,620390664
population,MIC,2025,6024194822
population,MIC,2024,5975818672
population,MIC,2023,5927622764
population,MIC,2022,5882746344
population,MIC,2021,5838421323
population,MIC,2020,5789502859
population,MIC,2019,5735139879
population,MIC,2018,5677402468
population,MIC,2017,5616970904
population,MIC,2016,5553928978
population,MIC,2015,5490559951
population,MIC,2014,5425923034
population,NAC,2025,383501065
population,NAC,2024,381330762
population,NAC,2023,376868838
population,NAC,2022,373011185
population,NAC,2021,370404678
population,NAC,2020,369671124
population,NAC,2019,367908829
population,NAC,2018,365666028
population,NAC,2017,363217262
population,NAC,2016,360527592
population,NAC,2015,357583083
population,NAC,2014,354755155
population,OED,2025,1402243571
population,OED,2024,1396826761
population,OED,2023,1387846131
population,OED,2022,1378591781
population,OED,2021,1371780402
population,OED,2020,1369306579
population,OED,2019,1364143219
population,OED,2018,1356197538
population,OED,2017,1348125258
population,OED,2016,1340141055
population,OED,2015,1331674197
population,OED,2014,1323458714
population,OSS,2025,13034928
population,OSS,2024,12931878
population,OSS,2023,12822134
population,OSS,2022,12699005
population,OSS,2021,12541889
population,OSS,2020,12417333
population,OSS,2019,12281907
population,OSS,2018,12135267
population,OSS,2017,11989367
population,OSS,2016,11851918
population,OSS,2015,11722398
population,OSS,2014,11591200
population,PSS,2025,2755649
population,PSS,2024,2722467
population,PSS,2023,2689224
population,PSS,2022,2656049
population,PSS,2021,2625493
population,PSS,2020,2595522
population,PSS,2019,2568656
population,PSS,2018,2542009
population,PSS,2017,2509999
population,PSS,2016,2477794
population,PSS,2015,2445989
population,PSS,2014,2414338
population,PST,2025,1132621782
population,PST,2024,1128299339
population,PST,2023,1121263972
population,PST,2022,1117420833
population,PST,2021,1116578102
population,PST,2020,1117003860
population,PST,2019,1114895817
population,PST,2018,1111104033
population,PST,2017,1107159559
population,PST,2016,1102965925
population,PST,2015,1097889139
population,PST,2014,1093024476
population,PRE,2025,1133132223
population,PRE,2024,1104843110
population,PRE,2023,1077143557
population,PRE,2022,1050180429
population,PRE,2021,1024018110
population,PRE,2020,997742595
population,PRE,2019,971459360
population,PRE,2018,945516605
population,PRE,2017,919835947
population,PRE,2016,894582467
population,PRE,2015,869996107
population,PRE,2014,845885930
population,SST,2025,20347135
population,SST,2024,20193405
population,SST,2023,20031262
population,SST,2022,19852364
population,SST,2021,19646549
population,SST,2020,19472157
population,SST,2019,19293697
population,SST,2018,19084934
population,SST,2017,18865506
population,SST,2016,18671045
population,SST,2015,18482578
population,SST,2014,18292084
population,SAS,2025,1692252900
population,SAS,2024,1677384532
population,SAS,2023,1662580579
population,SAS,2022,1648009565
population,SAS,2021,1634785356
population,SAS,2020,1621073417
population,SAS,2019,1605412986
population,SAS,2018,1589164714
population,SAS,2017,1572520427
population,SAS,2016,1555111864
population,SAS,2015,1537370078
population,SAS,2014,1519839246
population,TSA,2025,1692252900
population,TSA,2024,1677384532
population,TSA,2023,1662580579
population,TSA,2022,1648009565
population,TSA,2021,1634785356
population,TSA,2020,1621073417
population,TSA,2019,1605412986
population,TSA,2018,1589164714
population,TSA,2017,1572520427
population,TSA,2016,1555111864
population,TSA,2015,1537370078
population,TSA,2014,1519839246
population,SSF,2025,1321654217
population,SSF,2024,1289936286
population,SSF,2023,1258809472
population,SSF,2022,1228187451
population,SSF,2021,1198069722
population,SSF,2020,1168133785
population,SSF,2019,1138472475
population,SSF,2018,1109196428
population,SSF,2017,1080208893
population,SSF,2016,1052166739
population,SSF,2015,1024659421
population,SSF,2014,997426231
population,SSA,2025,1321531487
population,SSA,2024,1289814932
population,SSA,2023,1258689699
population,SSA,2022,1228067573
population,SSA,2021,1197970464
population,SSA,2020,1168035323
population,SSA,2019,1138374850
population,SSA,2018,1109099666
population,SSA,2017,1080113050
population,SSA,2016,1052072062
population,SSA,2015,1024566002
population,SSA,2014,997334872
population,TSS,2025,1321654217
population,TSS,2024,1289936286
population,TSS,2023,1258809472
population,TSS,2022,1228187451
population,TSS,2021,1198069722
population,TSS,2020,1168133785
population,TSS,2019,1138472475
population,TSS,2018,1109196428
population,TSS,2017,1080208893
population,TSS,2016,1052166739
population,TSS,2015,1024659421
population,TSS,2014,997426231
population,WLD,2025,8215424893
population,WLD,2024,8140897523
population,WLD,2023,8062923417
population,WLD,2022,7988550201
population,WLD,2021,7919567995
population,WLD,2020,7853863139
population,WLD,2019,7777162476
population,WLD,2018,7696159728
population,WLD,2017,7613788655
population,WLD,2016,7528221579
population,WLD,2015,7441084771
population,WLD,2014,7353532223
population,AFG,2025,43844111
population,AFG,2024,42647492
population,AFG,2023,41454761
population,AFG,2022,40578842
population,AFG,2021,40000412
population,AFG,2020,39068979
population,AFG,2019,37856121
population,AFG,2018,36743039
population,AFG,2017,35688935
population,AFG,2016,34700612
population,AFG,2015,33831764
population,AFG,2014,32792523
population,ALB,2025,2349580
population,ALB,2024,2377128
population,ALB,2023,2411658
population,ALB,2022,2451636
population,ALB,2021,2489762
population,ALB,2020,2528480
population,ALB,2019,2567801
population,ALB,2018,2607733
population,ALB,2017,2648285
population,ALB,2016,2689469
population,ALB,2015,2731293
population,ALB,2014,2773767
population,DZA,2025,47435312
population,DZA,2024,46814308
population,DZA,2023,46164219
population,DZA,2022,45477389
population,DZA,2021,44761099
population,DZA,2020,44042091
population,DZA,2019,43294546
population,DZA,2018,42505035
population,DZA,2017,41689299
population,DZA,2016,40850721
population,DZA,2015,40019529
population,DZA,2014,39205031
population,ASM,2025,46029
population,ASM,2024,46765
population,ASM,2023,47521
population,ASM,2022,48342
population,ASM,2021,49225
population,ASM,2020,49761
population,ASM,2019,50209
population,ASM,2018,50908
population,ASM,2017,51586
population,ASM,2016,52245
population,ASM,2015,52878
population,ASM,2014,53466
population,AND,2025,82904
population,AND,2024,81938
population,AND,2023,80856
population,AND,2022,79705
population,AND,2021,78364
population,AND,2020,77380
population,AND,2019,76474
population,AND,2018,75162
population,AND,2017,73763
population,AND,2016,72181
population,AND,2015,72174
population,AND,2014,73737
population,AGO,2025,39040039
population,AGO,2024,37885849
population,AGO,2023,36749906
population,AGO,2022,35635029
population,AGO,2021,34532429
population,AGO,2020,33451132
population,AGO,2019,32375632
population,AGO,2018,31297155
population,AGO,2017,30234839
population,AGO,2016,29183070
population,AGO,2015,28157798
population,AGO,2014,27160769
population,ATG,2025,94209
population,ATG,2024,93772
population,ATG,2023,93316
population,ATG,2022,92840
population,ATG,2021,92349
population,ATG,2020,91846
population,ATG,2019,91364
population,ATG,2018,90926
population,ATG,2017,90468
population,ATG,2016,89969
population,ATG,2015,89409
population,ATG,2014,88765
population,ARG,2025,45851378
population,ARG,2024,45696159
population,ARG,2023,45538401
population,ARG,2022,45407904
population,ARG,2021,45312281
population,ARG,2020,45191965
population,ARG,2019,44973465
population,ARG,2018,44654882
population,ARG,2017,44288894
population,ARG,2016,43900313
population,ARG,2015,43477012
population,ARG,2014,43024071
population,ARM,2025,3086700
population,ARM,2024,3033500
population,ARM,2023,2964300
population,ARM,2022,2969200
population,ARM,2021,2962300
population,ARM,2020,2961500
population,ARM,2019,2962500
population,ARM,2018,2969000
population,ARM,2017,2979400
population,ARM,2016,2992300
population,ARM,2015,3004600
population,ARM,2014,3013800
population,ABW,2025,108785
population,ABW,2024,107995
population,ABW,2023,107359
population,ABW,2022,107310
population,ABW,2021,107700
population,ABW,2020,108587
population,ABW,2019,109203
population,ABW,2018,108908
population,ABW,2017,108735
population,ABW,2016,108727
population,ABW,2015,107906
population,ABW,2014,106807
population,AUS,2025,27614411
population,AUS,2024,27194286
population,AUS,2023,26659922
population,AUS,2022,26018721
population,AUS,2021,25685412
population,AUS,2020,25649248
population,AUS,2019,25334826
population,AUS,2018,24963258
population,AUS,2017,24592588
population,AUS,2016,24190907
population,AUS,2015,23815995
population,AUS,2014,23475686
population,AUT,2025,9208163
population,AUT,2024,9177982
population,AUT,2023,9131761
population,AUT,2022,9041851
population,AUT,2021,8955797
population,AUT,2020,8916864
population,AUT,2019,8879920
population,AUT,2018,8840521
population,AUT,2017,8797566
population,AUT,2016,8736668
population,AUT,2015,8642699
population,AUT,2014,8546356
population,AZE,2025,10246996
population,AZE,2024,10202830
population,AZE,2023,10153958
population,AZE,2022,10141756
population,AZE,2021,10137750
population,AZE,2020,10093121
population,AZE,2019,10024283
population,AZE,2018,9939771
population,AZE,2017,9854033
population,AZE,2016,9757812
population,AZE,2015,9649341
population,AZE,2014,9535079
population,BHS,2025,403033
population,BHS,2024,401283
population,BHS,2023,399440
population,BHS,2022,397538
population,BHS,2021,396373
population,BHS,2020,395863
population,BHS,2019,394675
population,BHS,2018,392717
population,BHS,2017,390485
population,BHS,2016,388055
population,BHS,2015,385346
population,BHS,2014,382298
population,BHR,2025,1600366
population,BHR,2024,1588670
population,BHR,2023,1577059
population,BHR,2022,1524693
population,BHR,2021,1504365
population,BHR,2020,1472204
population,BHR,2019,1483756
population,BHR,2018,1503091
population,BHR,2017,1501116
population,BHR,2016,1423726
population,BHR,2015,1370322
population,BHR,2014,1314562
population,BGD,2025,175686899
population,BGD,2024,173562364
population,BGD,2023,171466990
population,BGD,2022,169384897
population,BGD,2021,167658854
population,BGD,2020,166298024
population,BGD,2019,164913055
population,BGD,2018,163523103
population,BGD,2017,162186147
population,BGD,2016,160811932
population,BGD,2015,159383179
population,BGD,2014,157964929
population,BRB,2025,282623
population,BRB,2024,282467
population,BRB,2023,282336
population,BRB,2022,282318
population,BRB,2021,282147
population,BRB,2020,281698
population,BRB,2019,281207
population,BRB,2018,280711
population,BRB,2017,280171
population,BRB,2016,279598
population,BRB,2015,278990
population,BRB,2014,278348
population,BLR,2025,9085991
population,BLR,2024,9132629
population,BLR,2023,9178298
population,BLR,2022,9228071
population,BLR,2021,9302585
population,BLR,2020,9379952
population,BLR,2019,9419758
population,BLR,2018,9438785
population,BLR,2017,9458989
population,BLR,2016,9469379
population,BLR,2015,9461076
population,BLR,2014,9448515
population,BEL,2025,11941781
population,BEL,2024,11858610
population,BEL,2023,11779946
population,BEL,2022,11680210
population,BEL,2021,11586195
population,BEL,2020,11538604
population,BEL,2019,11488980
population,BEL,2018,11427054
population,BEL,2017,11375158
population,BEL,2016,11331422
population,BEL,2015,11274196
population,BEL,2014,11209057
population,BLZ,2025,422924
population,BLZ,2024,417072
population,BLZ,2023,411106
population,BLZ,2022,402733
population,BLZ,2021,395346
population,BLZ,2020,390812
population,BLZ,2019,385829
population,BLZ,2018,380226
population,BLZ,2017,373202
population,BLZ,2016,364705
population,BLZ,2015,356333
population,BLZ,2014,348923
population,BEN,2025,14814460
population,BEN,2024,14462724
population,BEN,2023,14111034
population,BEN,2022,13759501
population,BEN,2021,13413417
population,BEN,2020,13070169
population,BEN,2019,12726755
population,BEN,2018,12383347
population,BEN,2017,12039780
population,BEN,2016,11697842
population,BEN,2015,11360681
population,BEN,2014,11030004
population,BMU,2025,64555
population,BMU,2024,64636
population,BMU,2023,64698
population,BMU,2022,64749
population,BMU,2021,64648
population,BMU,2020,64382
population,BMU,2019,64107
population,BMU,2018,63831
population,BMU,2017,63578
population,BMU,2016,63449
population,BMU,2015,63464
population,BMU,2014,63529
population,BTN,2025,796682
population,BTN,2024,791524
population,BTN,2023,786385
population,BTN,2022,780914
population,BTN,2021,775442
population,BTN,2020,770006
population,BTN,2019,764824
population,BTN,2018,759759
population,BTN,2017,754335
population,BTN,2016,747866
population,BTN,2015,740618
population,BTN,2014,733139
population,BOL,2025,12581843
population,BOL,2024,12413315
population,BOL,2023,12244159
population,BOL,2022,12077154
population,BOL,2021,11937360
population,BOL,2020,11816299
population,BOL,2019,11671386
population,BOL,2018,11508368
population,BOL,2017,11344587
population,BOL,2016,11180020
population,BOL,2015,11014705
population,BOL,2014,10848888
population,BIH,2025,3140095
population,BIH,2024,3164253
population,BIH,2023,3185073
population,BIH,2022,3204802
population,BIH,2021,3244907
population,BIH,2020,3299349
population,BIH,2019,3345533
population,BIH,2018,3387000
population,BIH,2017,3428682
population,BIH,2016,3473003
population,BIH,2015,3518541
population,BIH,2014,3564829
population,BWA,2025,2562122
population,BWA,2024,2521139
population,BWA,2023,2480244
population,BWA,2022,2439892
population,BWA,2021,2401441
population,BWA,2020,2365894
population,BWA,2019,2332083
population,BWA,2018,2299141
population,BWA,2017,2266747
population,BWA,2016,2234776
population,BWA,2015,2203273
population,BWA,2014,2172044
population,BRA,2025,212812405
population,BRA,2024,211998573
population,BRA,2023,211140729
population,BRA,2022,210306415
population,BRA,2021,209550294
population,BRA,2020,208660842
population,BRA,2019,207455459
population,BRA,2018,206107261
population,BRA,2017,204703445
population,BRA,2016,203218114
population,BRA,2015,201675532
population,BRA,2014,200085127
population,VGB,2025,39732
population,VGB,2024,39471
population,VGB,2023,38985
population,VGB,2022,38319
population,VGB,2021,37809
population,VGB,2020,37135
population,VGB,2019,36395
population,VGB,2018,34657
population,VGB,2017,32699
population,VGB,2016,33878
population,VGB,2015,34498
population,VGB,2014,32962
population,BRN,2025,466330
population,BRN,2024,462721
population,BRN,2023,458949
population,BRN,2022,455370
population,BRN,2021,451721
population,BRN,2020,447404
population,BRN,2019,442680
population,BRN,2018,437810
population,BRN,2017,432772
population,BRN,2016,427564
population,BRN,2015,422212
population,BRN,2014,416750
population,BGR,2025,6433302
population,BGR,2024,6441421
population,BGR,2023,6446596
population,BGR,2022,6465097
population,BGR,2021,6507301
population,BGR,2020,6550696
population,BGR,2019,6616726
population,BGR,2018,6710798
population,BGR,2017,6803468
population,BGR,2016,6894139
population,BGR,2015,6984225
population,BGR,2014,7073572
population,BFA,2025,24074580
population,BFA,2024,23548781
population,BFA,2023,23025776
population,BFA,2022,22509038
population,BFA,2021,21995243
population,BFA,2020,21478690
population,BFA,2019,20961952
population,BFA,2018,20438288
population,BFA,2017,19894407
population,BFA,2016,19334856
population,BFA,2015,18777487
population,BFA,2014,18229461
population,BDI,2025,14390003
population,BDI,2024,14047786
population,BDI,2023,13689450
population,BDI,2022,13321097
population,BDI,2021,12965481
population,BDI,2020,12617036
population,BDI,2019,12255336
population,BDI,2018,11859446
population,BDI,2017,11506762
population,BDI,2016,11239451
population,BDI,2015,11047580
population,BDI,2014,10799785
population,CPV,2025,527326
population,CPV,2024,524877
population,CPV,2023,522331
population,CPV,2022,519741
population,CPV,2021,516649
population,CPV,2020,514679
population,CPV,2019,514104
population,CPV,2018,513415
population,CPV,2017,512893
population,CPV,2016,512554
population,CPV,2015,512394
population,CPV,2014,512326
population,KHM,2025,17847982
population,KHM,2024,17638801
population,KHM,2023,17423880
population,KHM,2022,17201724
population,KHM,2021,16974305
population,KHM,2020,16725474
population,KHM,2019,16481304
population,KHM,2018,16274522
population,KHM,2017,16073372
population,KHM,2016,15852803
population,KHM,2015,15623251
population,KHM,2014,15396772
population,CMR,2025,29879337
population,CMR,2024,29123744
population,CMR,2023,28372687
population,CMR,2022,27632771
population,CMR,2021,26915758
population,CMR,2020,26210558
population,CMR,2019,25506095
population,CMR,2018,24806383
population,CMR,2017,24128601
population,CMR,2016,23454161
population,CMR,2015,22763414
population,CMR,2014,22059893
population,CAN,2025,41651653
population,CAN,2024,41262329
population,CAN,2023,40049088
population,CAN,2022,38950132
population,CAN,2021,38239864
population,CAN,2020,38028638
population,CAN,2019,37618495
population,CAN,2018,37072620
population,CAN,2017,36545075
population,CAN,2016,36110803
population,CAN,2015,35704498
population,CAN,2014,35434066
population,CYM,2025,75844
population,CYM,2024,74457
population,CYM,2023,73038
population,CYM,2022,71591
population,CYM,2021,70108
population,CYM,2020,68684
population,CYM,2019,67327
population,CYM,2018,65941
population,CYM,2017,64535
population,CYM,2016,63100
population,CYM,2015,61642
population,CYM,2014,60160
population,CAF,2025,5513282
population,CAF,2024,5330690
population,CAF,2023,5152421
population,CAF,2022,5098039
population,CAF,2021,5112100
population,CAF,2020,5026628
population,CAF,2019,4944703
population,CAF,2018,4878657
population,CAF,2017,4793511
population,CAF,2016,4713663
population,CAF,2015,4629320
population,CAF,2014,4623182
population,TCD,2025,21003705
population,TCD,2024,20299123
population,TCD,2023,19319064
population,TCD,2022,18455316
population,TCD,2021,17828273
population,TCD,2020,17224679
population,TCD,2019,16685223
population,TCD,2018,16156531
population,TCD,2017,15622759
population,TCD,2016,15114655
population,TCD,2015,14647621
population,TCD,2014,14188678
population,CHI,2025,168466
population,CHI,2024,168126
population,CHI,2023,167691
population,CHI,2022,167215
population,CHI,2021,166741
population,CHI,2020,166235
population,CHI,2019,165639
population,CHI,2018,164949
population,CHI,2017,164319
population,CHI,2016,163883
population,CHI,2015,163454
population,CHI,2014,162726
population,CHL,2025,19859921
population,CHL,2024,19764771
population,CHL,2023,19658835
population,CHL,2022,19553036
population,CHL,2021,19456334
population,CHL,2020,19370624
population,CHL,2019,19197744
population,CHL,2018,18893191
population,CHL,2017,18558868
population,CHL,2016,18267221
population,CHL,2015,18047625
population,CHL,2014,17864195
population,CHN,2025,1406585000
population,CHN,2024,1408975000
population,CHN,2023,1410710000
population,CHN,2022,1412175000
population,CHN,2021,1412360000
population,CHN,2020,1411100000
population,CHN,2019,1407745000
population,CHN,2018,1402760000
population,CHN,2017,1396215000
population,CHN,2016,1387790000
population,CHN,2015,1379860000
population,CHN,2014,1371860000
population,COL,2025,53425635
population,COL,2024,52886363
population,COL,2023,52321152
population,COL,2022,51737944
population,COL,2021,51188173
population,COL,2020,50629997
population,COL,2019,49907985
population,COL,2018,49024465
population,COL,2017,48131078
population,COL,2016,47437512
population,COL,2015,46969940
population,COL,2014,46565429
population,COM,2025,882847
population,COM,2024,866628
population,COM,2023,850387
population,COM,2022,834188
population,COM,2021,818174
population,COM,2020,802163
population,COM,2019,786578
population,COM,2018,771590
population,COM,2017,756669
population,COM,2016,741741
population,COM,2015,726682
population,COM,2014,711503
population,COD,2025,112832473
population,COD,2024,109276265
population,COD,2023,105789731
population,COD,2022,102396968
population,COD,2021,99148932
population,COD,2020,95989998
population,COD,2019,92947442
population,COD,2018,90047644
population,COD,2017,87083398
population,COD,2016,83956415
population,COD,2015,81035531
population,COD,2014,78403242
population,COG,2025,6484437
population,COG,2024,6332961
population,COG,2023,6182885
population,COG,2022,6035104
population,COG,2021,5892183
population,COG,2020,5752791
population,COG,2019,5616661
population,COG,2018,5483118
population,COG,2017,5351011
population,COG,2016,5222536
population,COG,2015,5097581
population,COG,2014,4975880
population,CRI,2025,5152950
population,CRI,2024,5129910
population,CRI,2023,5105525
population,CRI,2022,5081765
population,CRI,2021,5059988
population,CRI,2020,5034320
population,CRI,2019,4999553
population,CRI,2018,4957818
population,CRI,2017,4913177
population,CRI,2016,4866998
population,CRI,2015,4818038
population,CRI,2014,4767119
population,CIV,2025,32711547
population,CIV,2024,31934230
population,CIV,2023,31165654
population,CIV,2022,30395002
population,CIV,2021,29639736
population,CIV,2020,28915449
population,CIV,2019,28193009
population,CIV,2018,27464173
population,CIV,2017,26733372
population,CIV,2016,25989405
population,CIV,2015,25246342
population,CIV,2014,24527395
population,HRV,2025,3876200
population,HRV,2024,3866200
population,HRV,2023,3859686
population,HRV,2022,3855641
population,HRV,2021,3878981
population,HRV,2020,3914206
population,HRV,2019,3949390
population,HRV,2018,3988775
population,HRV,2017,4041407
population,HRV,2016,4106867
population,HRV,2015,4151725
population,HRV,2014,4201598
population,CUB,2025,10937203
population,CUB,2024,10979783
population,CUB,2023,11019931
population,CUB,2022,11059820
population,CUB,2021,11122168
population,CUB,2020,11176354
population,CUB,2019,11202846
population,CUB,2018,11227118
population,CUB,2017,11247829
population,CUB,2016,11265612
population,CUB,2015,11275065
population,CUB,2014,11285775
population,CUW,2025,156263
population,CUW,2024,155967
population,CUW,2023,154654
population,CUW,2022,153321
population,CUW,2021,153948
population,CUW,2020,155482
population,CUW,2019,157441
population,CUW,2018,159336
population,CUW,2017,160175
population,CUW,2016,159664
population,CUW,2015,157980
population,CUW,2014,155909
population,CYP,2025,1370754
population,CYP,2024,1358282
population,CYP,2023,1344976
population,CYP,2022,1331370
population,CYP,2021,1317309
population,CYP,2020,1302247
population,CYP,2019,1286671
population,CYP,2018,1270737
population,CYP,2017,1254275
population,CYP,2016,1237112
population,CYP,2015,1219502
population,CYP,2014,1201801
population,CZE,2025,10886878
population,CZE,2024,10905028
population,CZE,2023,10864042
population,CZE,2022,10672118
population,CZE,2021,10505772
population,CZE,2020,10697858
population,CZE,2019,10671870
population,CZE,2018,10629928
population,CZE,2017,10594438
population,CZE,2016,10566332
population,CZE,2015,10546059
population,CZE,2014,10525347
population,DNK,2025,6009169
population,DNK,2024,5976992
population,DNK,2023,5946952
population,DNK,2022,5903037
population,DNK,2021,5856733
population,DNK,2020,5831404
population,DNK,2019,5814422
population,DNK,2018,5793636
population,DNK,2017,5764980
population,DNK,2016,5728010
population,DNK,2015,5683483
population,DNK,2014,5643475
population,DJI,2025,1184076
population,DJI,2024,1168722
population,DJI,2023,1152944
population,DJI,2022,1137096
population,DJI,2021,1121248
population,DJI,2020,1105188
population,DJI,2019,1088709
population,DJI,2018,1071882
population,DJI,2017,1054841
population,DJI,2016,1037653
population,DJI,2015,1020313
population,DJI,2014,1002717
population,DMA,2025,65871
population,DMA,2024,66205
population,DMA,2023,66510
population,DMA,2022,66826
population,DMA,2021,67202
population,DMA,2020,67573
population,DMA,2019,67880
population,DMA,2018,68174
population,DMA,2017,68496
population,DMA,2016,69606
population,DMA,2015,70410
population,DMA,2014,70373
population,DOM,2025,11520487
population,DOM,2024,11427557
population,DOM,2023,11331265
population,DOM,2022,11230734
population,DOM,2021,11123476
population,DOM,2020,11008300
population,DOM,2019,10894043
population,DOM,2018,10782053
population,DOM,2017,10666843
population,DOM,2016,10551430
population,DOM,2015,10434829
population,DOM,2014,10315528
population,ECU,2025,18289896
population,ECU,2024,18135478
population,ECU,2023,17980083
population,ECU,2022,17823897
population,ECU,2021,17682454
population,ECU,2020,17546065
population,ECU,2019,17340021
population,ECU,2018,17049547
population,ECU,2017,16759519
population,ECU,2016,16505139
population,ECU,2015,16266225
population,ECU,2014,16035124
population,EGY,2025,118365995
population,EGY,2024,116538258
population,EGY,2023,114535772
population,EGY,2022,112618250
population,EGY,2021,110957008
population,EGY,2020,109315124
population,EGY,2019,107553158
population,EGY,2018,105682094
population,EGY,2017,103696057
population,EGY,2016,101644589
population,EGY,2015,99597342
population,EGY,2014,97528654
population,SLV,2025,6365503
population,SLV,2024,6338193
population,SLV,2023,6309624
population,SLV,2022,6280319
population,SLV,2021,6255782
population,SLV,2020,6234673
population,SLV,2019,6222318
population,SLV,2018,6219807
population,SLV,2017,6213533
population,SLV,2016,6200800
population,SLV,2015,6183676
population,SLV,2014,6162955
population,GNQ,2025,1938431
population,GNQ,2024,1892516
population,GNQ,2023,1847549
population,GNQ,2022,1803545
population,GNQ,2021,1758786
population,GNQ,2020,1716468
population,GNQ,2019,1670177
population,GNQ,2018,1616422
population,GNQ,2017,1562396
population,GNQ,2016,1508186
population,GNQ,2015,1453923
population,GNQ,2014,1399828
population,ERI,2025,3607003
population,ERI,2024,3535603
population,ERI,2023,3470390
population,ERI,2022,3409447
population,ERI,2021,3350183
population,ERI,2020,3291271
population,ERI,2019,3240194
population,ERI,2018,3192760
population,ERI,2017,3150347
population,ERI,2016,3124698
population,ERI,2015,3105546
population,ERI,2014,3095173
population,EST,2025,1366475
population,EST,2024,1372341
population,EST,2023,1370286
population,EST,2022,1348840
population,EST,2021,1330932
population,EST,2020,1329522
population,EST,2019,1326898
population,EST,2018,1321977
population,EST,2017,1317384
population,EST,2016,1315790
population,EST,2015,1315407
population,EST,2014,1314545
population,SWZ,2025,1256174
population,SWZ,2024,1242822
population,SWZ,2023,1230506
population,SWZ,2022,1218917
population,SWZ,2021,1206593
population,SWZ,2020,1192729
population,SWZ,2019,1179874
population,SWZ,2018,1168929
population,SWZ,2017,1158195
population,SWZ,2016,1149507
population,SWZ,2015,1142813
population,SWZ,2014,1136299
population,ETH,2025,135472051
population,ETH,2024,132059767
population,ETH,2023,128691692
population,ETH,2022,125384287
population,ETH,2021,122138588
population,ETH,2020,118917671
population,ETH,2019,115737383
population,ETH,2018,112664152
population,ETH,2017,109666481
population,ETH,2016,106718162
population,ETH,2015,103867135
population,ETH,2014,101115610
population,FRO,2025,54900
population,FRO,2024,54640
population,FRO,2023,54398
population,FRO,2022,53903
population,FRO,2021,53291
population,FRO,2020,52561
population,FRO,2019,51790
population,FRO,2018,50997
population,FRO,2017,50179
population,FRO,2016,49463
population,FRO,2015,48898
population,FRO,2014,48427
population,FJI,2025,933154
population,FJI,2024,928784
population,FJI,2023,924145
population,FJI,2022,919422
population,FJI,2021,916711
population,FJI,2020,914963
population,FJI,2019,914899
population,FJI,2018,917180
population,FJI,2017,918759
population,FJI,2016,919166
population,FJI,2015,918578
population,FJI,2014,917585
population,FIN,2025,5646436
population,FIN,2024,5619911
population,FIN,2023,5583911
population,FIN,2022,5556106
population,FIN,2021,5541017
population,FIN,2020,5529543
population,FIN,2019,5521606
population,FIN,2018,5515525
population,FIN,2017,5508214
population,FIN,2016,5495303
population,FIN,2015,5479531
population,FIN,2014,5461512
population,FRA,2025,68720337
population,FRA,2024,68551653
population,FRA,2023,68372286
population,FRA,2022,68184457
population,FRA,2021,67842811
population,FRA,2020,67601110
population,FRA,2019,67382061
population,FRA,2018,67158348
population,FRA,2017,66918020
population,FRA,2016,66724104
population,FRA,2015,66548272
population,FRA,2014,66312067
population,PYF,2025,282465
population,PYF,2024,281807
population,PYF,2023,281118
population,PYF,2022,280378
population,PYF,2021,279792
population,PYF,2020,279209
population,PYF,2019,279034
population,PYF,2018,279815
population,PYF,2017,280087
population,PYF,2016,279178
population,PYF,2015,277866
population,PYF,2014,276387
population,GAB,2025,2593130
population,GAB,2024,2538952
population,GAB,2023,2484789
population,GAB,2022,2430747
population,GAB,2021,2376722
population,GAB,2020,2322539
population,GAB,2019,2267706
population,GAB,2018,2212318
population,GAB,2017,2156900
population,GAB,2016,2100306
population,GAB,2015,2040989
population,GAB,2014,1978399
population,GMB,2025,2822093
population,GMB,2024,2759988
population,GMB,2023,2697845
population,GMB,2022,2636470
population,GMB,2021,2576010
population,GMB,2020,2515733
population,GMB,2019,2456844
population,GMB,2018,2399632
population,GMB,2017,2342189
population,GMB,2016,2283769
population,GMB,2015,2224529
population,GMB,2014,2164528
population,GEO,2025,3935766
population,GEO,2024,3812518
population,GEO,2023,3715483
population,GEO,2022,3712502
population,GEO,2021,3708610
population,GEO,2020,3722716
population,GEO,2019,3720161
population,GEO,2018,3726549
population,GEO,2017,3728004
population,GEO,2016,3727505
population,GEO,2015,3725276
population,GEO,2014,3719414
population,DEU,2025,83491249
population,DEU,2024,83516593
population,DEU,2023,83287273
population,DEU,2022,83177813
population,DEU,2021,83196078
population,DEU,2020,83160871
population,DEU,2019,83092962
population,DEU,2018,82905782
population,DEU,2017,82657002
population,DEU,2016,82348669
population,DEU,2015,81686611
population,DEU,2014,80982500
population,GHA,2025,35064272
population,GHA,2024,34427414
population,GHA,2023,33787914
population,GHA,2022,33149152
population,GHA,2021,32518665
population,GHA,2020,31887809
population,GHA,2019,31258945
population,GHA,2018,30637585
population,GHA,2017,30008354
population,GHA,2016,29356742
population,GHA,2015,28696068
population,GHA,2014,28041592
population,GIB,2025,40126
population,GIB,2024,39329
population,GIB,2023,38471
population,GIB,2022,37609
population,GIB,2021,36858
population,GIB,2020,36173
population,GIB,2019,35494
population,GIB,2018,34854
population,GIB,2017,34245
population,GIB,2016,33658
population,GIB,2015,33193
population,GIB,2014,32813
population,GRC,2025,10413962
population,GRC,2024,10405134
population,GRC,2023,10407351
population,GRC,2022,10437805
population,GRC,2021,10570130
population,GRC,2020,10698599
population,GRC,2019,10721582
population,GRC,2018,10732882
population,GRC,2017,10754679
population,GRC,2016,10775971
population,GRC,2015,10820883
population,GRC,2014,10892413
population,GRL,2025,56831
population,GRL,2024,56836
population,GRL,2023,56865
population,GRL,2022,56661
population,GRL,2021,56653
population,GRL,2020,56367
population,GRL,2019,56225
population,GRL,2018,56023
population,GRL,2017,56172
population,GRL,2016,56186
population,GRL,2015,56114
population,GRL,2014,56295
population,GRD,2025,117303
population,GRD,2024,117207
population,GRD,2023,117081
population,GRD,2022,116913
population,GRD,2021,116688
population,GRD,2020,116341
population,GRD,2019,115981
population,GRD,2018,115691
population,GRD,2017,115438
population,GRD,2016,115130
population,GRD,2015,114676
population,GRD,2014,114132
population,GUM,2025,168999
population,GUM,2024,167777
population,GUM,2023,166506
population,GUM,2022,165180
population,GUM,2021,163730
population,GUM,2020,162158
population,GUM,2019,161808
population,GUM,2018,162679
population,GUM,2017,163490
population,GUM,2016,164233
population,GUM,2015,164905
population,GUM,2014,165486
population,GTM,2025,18687881
population,GTM,2024,18406359
population,GTM,2023,18124838
population,GTM,2022,17847877
population,GTM,2021,17598650
population,GTM,2020,17357325
population,GTM,2019,17103803
population,GTM,2018,16845685
population,GTM,2017,16567357
population,GTM,2016,16268760
population,GTM,2015,15971743
population,GTM,2014,15681725
population,GIN,2025,15099727
population,GIN,2024,14754785
population,GIN,2023,14405468
population,GIN,2022,14055137
population,GIN,2021,13710513
population,GIN,2020,13371183
population,GIN,2019,13034346
population,GIN,2018,12704774
population,GIN,2017,12385659
population,GIN,2016,12073030
population,GIN,2015,11767070
population,GIN,2014,11472924
population,GNB,2025,2249515
population,GNB,2024,2201352
population,GNB,2023,2153339
population,GNB,2022,2105529
population,GNB,2021,2058841
population,GNB,2020,2013255
population,GNB,2019,1967696
population,GNB,2018,1922168
population,GNB,2017,1877072
population,GNB,2016,1831893
population,GNB,2015,1786457
population,GNB,2014,1741122
population,GUY,2025,835986
population,GUY,2024,831087
population,GUY,2023,826353
population,GUY,2022,821637
population,GUY,2021,815482
population,GUY,2020,807481
population,GUY,2019,807665
population,GUY,2018,791556
population,GUY,2017,768479
population,GUY,2016,763548
population,GUY,2015,758781
population,GUY,2014,754229
population,HTI,2025,11906095
population,HTI,2024,11772557
population,HTI,2023,11637398
population,HTI,2022,11503606
population,HTI,2021,11374586
population,HTI,2020,11243848
population,HTI,2019,11105163
population,HTI,2018,10962362
population,HTI,2017,10817754
population,HTI,2016,10671457
population,HTI,2015,10523242
population,HTI,2014,10373235
population,HND,2025,11005850
population,HND,2024,10825703
population,HND,2023,10644851
population,HND,2022,10463872
population,HND,2021,10289877
population,HND,2020,10119640
population,HND,2019,9943633
population,HND,2018,9765210
population,HND,2017,9588137
population,HND,2016,9412380
population,HND,2015,9237305
population,HND,2014,9063122
population,HKG,2025,7498900
population,HKG,2024,7524100
population,HKG,2023,7536100
population,HKG,2022,7346100
population,HKG,2021,7413100
population,HKG,2020,7481000
population,HKG,2019,7507900
population,HKG,2018,7452600
population,HKG,2017,7393200
population,HKG,2016,7336600
population,HKG,2015,7291300
population,HKG,2014,7229500
population,HUN,2025,9514251
population,HUN,2024,9562065
population,HUN,2023,9592186
population,HUN,2022,9605074
population,HUN,2021,9630932
population,HUN,2020,9670419
population,HUN,2019,9694824
population,HUN,2018,9706964
population,HUN,2017,9726756
population,HUN,2016,9759755
population,HUN,2015,9797755
population,HUN,2014,9833038
population,ISL,2025,392404
population,ISL,2024,386506
population,ISL,2023,385663
population,ISL,2022,382003
population,ISL,2021,372520
population,ISL,2020,366463
population,ISL,2019,360563
population,ISL,2018,352721
population,ISL,2017,343400
population,ISL,2016,335439
population,ISL,2015,330815
population,ISL,2014,327386
population,IND,2025,1463865525
population,IND,2024,1450935791
population,IND,2023,1438069596
population,IND,2022,1425423212
population,IND,2021,1414203896
population,IND,2020,1402617695
population,IND,2019,1389030312
population,IND,2018,1374659064
population,IND,2017,1359657400
population,IND,2016,1343944296
population,IND,2015,1328024498
population,IND,2014,1312277191
population,IDN,2025,285721236
population,IDN,2024,283487931
population,IDN,2023,281190067
population,IDN,2022,278830529
population,IDN,2021,276758053
population,IDN,2020,274814866
population,IDN,2019,272489381
population,IDN,2018,269951846
population,IDN,2017,267346658
population,IDN,2016,264627418
population,IDN,2015,261799249
population,IDN,2014,258877399
population,IRN,2025,92417681
population,IRN,2024,91567738
population,IRN,2023,90608707
population,IRN,2022,89524246
population,IRN,2021,88455488
population,IRN,2020,87723443
population,IRN,2019,87051648
population,IRN,2018,86117998
population,IRN,2017,85026754
population,IRN,2016,83812228
population,IRN,2015,82619362
population,IRN,2014,81502045
population,IRQ,2025,47020774
population,IRQ,2024,46042015
population,IRQ,2023,45074049
population,IRQ,2022,44070551
population,IRQ,2021,43071211
population,IRQ,2020,42116605
population,IRQ,2019,41192171
population,IRQ,2018,40265624
population,IRQ,2017,39337353
population,IRQ,2016,38469627
population,IRQ,2015,37560535
population,IRQ,2014,36550059
population,IRL,2025,5484367
population,IRL,2024,5395790
population,IRL,2023,5311538
population,IRL,2022,5212836
population,IRL,2021,5110585
population,IRL,2020,5039747
population,IRL,2019,4976456
population,IRL,2018,4898022
population,IRL,2017,4827445
population,IRL,2016,4762722
population,IRL,2015,4701957
population,IRL,2014,4657740
population,IMN,2025,84118
population,IMN,2024,84160
population,IMN,2023,84165
population,IMN,2022,84132
population,IMN,2021,84106
population,IMN,2020,84064
population,IMN,2019,83957
population,IMN,2018,83805
population,IMN,2017,83609
population,IMN,2016,83466
population,IMN,2015,83593
population,IMN,2014,83892
population,ISR,2025,10122800
population,ISR,2024,10002200
population,ISR,2023,9849000
population,ISR,2022,9557500
population,ISR,2021,9371400
population,ISR,2020,9215100
population,ISR,2019,9054000
population,ISR,2018,8882800
population,ISR,2017,8713300
population,ISR,2016,8546000
population,ISR,2015,8380100
population,ISR,2014,8215700
population,ITA,2025,58915656
population,ITA,2024,58952704
population,ITA,2023,58984216
population,ITA,2022,59013667
population,ITA,2021,59133173
population,ITA,2020,59438851
population,ITA,2019,59729081
population,ITA,2018,59877221
population,ITA,2017,60002252
population,ITA,2016,60115223
population,ITA,2015,60229605
population,ITA,2014,60320707
population,JAM,2025,2837077
population,JAM,2024,2839175
population,JAM,2023,2839786
population,JAM,2022,2839144
population,JAM,2021,2837682
population,JAM,2020,2830739
population,JAM,2019,2823271
population,JAM,2018,2820097
population,JAM,2017,2815764
population,JAM,2016,2809915
population,JAM,2015,2802534
population,JAM,2014,2793749
population,JPN,2025,123366734
population,JPN,2024,123975371
population,JPN,2023,124516650
population,JPN,2022,125124989
population,JPN,2021,125681593
population,JPN,2020,126261000
population,JPN,2019,126633000
population,JPN,2018,126811000
population,JPN,2017,126972000
population,JPN,2016,127076000
population,JPN,2015,127141000
population,JPN,2014,127276000
population,JOR,2025,11520684
population,JOR,2024,11552876
population,JOR,2023,11439213
population,JOR,2022,11256263
population,JOR,2021,11066356
population,JOR,2020,10865228
population,JOR,2019,10671891
population,JOR,2018,10462306
population,JOR,2017,10234226
population,JOR,2016,10006367
population,JOR,2015,9544729
population,JOR,2014,8791710
population,KAZ,2025,20843754
population,KAZ,2024,20592571
population,KAZ,2023,20330104
population,KAZ,2022,20034609
population,KAZ,2021,19743603
population,KAZ,2020,19482117
population,KAZ,2019,19209555
population,KAZ,2018,18932727
population,KAZ,2017,18651931
population,KAZ,2016,18363600
population,KAZ,2015,18084169
population,KAZ,2014,17816285
population,KEN,2025,57532493
population,KEN,2024,56432944
population,KEN,2023,55339003
population,KEN,2022,54252461
population,KEN,2021,53219166
population,KEN,2020,52217334
population,KEN,2019,51202827
population,KEN,2018,50207107
population,KEN,2017,49197766
population,KEN,2016,48139687
population,KEN,2015,47088526
population,KEN,2014,46051440
population,KIR,2025,136488
population,KIR,2024,134518
population,KIR,2023,132530
population,KIR,2022,130469
population,KIR,2021,128377
population,KIR,2020,126099
population,KIR,2019,123921
population,KIR,2018,122084
population,KIR,2017,120275
population,KIR,2016,118478
population,KIR,2015,116815
population,KIR,2014,115326
population,PRK,2025,26571036
population,PRK,2024,26498823
population,PRK,2023,26418204
population,PRK,2022,26328845
population,PRK,2021,26232534
population,PRK,2020,26136312
population,PRK,2019,26037632
population,PRK,2018,25931147
population,PRK,2017,25817709
population,PRK,2016,25698326
population,PRK,2015,25575350
population,PRK,2014,25451262
population,KOR,2025,51684564
population,KOR,2024,51751065
population,KOR,2023,51712619
population,KOR,2022,51672569
population,KOR,2021,51769539
population,KOR,2020,51836239
population,KOR,2019,51764822
population,KOR,2018,51585058
population,KOR,2017,51361911
population,KOR,2016,51217803
population,KOR,2015,51014947
population,KOR,2014,50746659
population,XKX,2025,1576876
population,XKX,2024,1594353
population,XKX,2023,1682668
population,XKX,2022,1768096
population,XKX,2021,1786079
population,XKX,2020,1790151
population,XKX,2019,1788891
population,XKX,2018,1797086
population,XKX,2017,1791019
population,XKX,2016,1777568
population,XKX,2015,1788274
population,XKX,2014,1812788
population,KWT,2025,4865298
population,KWT,2024,4897263
population,KWT,2023,4853420
population,KWT,2022,4589643
population,KWT,2021,4360865
population,KWT,2020,4400267
population,KWT,2019,4442316
population,KWT,2018,4323515
population,KWT,2017,4154812
population,KWT,2016,4004096
population,KWT,2015,3834574
population,KWT,2014,3665876
population,KGZ,2025,7343064
population,KGZ,2024,7221868
population,KGZ,2023,7099750
population,KGZ,2022,6975220
population,KGZ,2021,6851224
population,KGZ,2020,6726596
population,KGZ,2019,6590211
population,KGZ,2018,6444079
population,KGZ,2017,6306696
population,KGZ,2016,6175338
population,KGZ,2015,6040036
population,KGZ,2014,5905848
population,LAO,2025,7873046
population,LAO,2024,7769819
population,LAO,2023,7664993
population,LAO,2022,7559007
population,LAO,2021,7453194
population,LAO,2020,7346533
population,LAO,2019,7237636
population,LAO,2018,7128045
population,LAO,2017,7018147
population,LAO,2016,6908802
population,LAO,2015,6801645
population,LAO,2014,6703172
population,LVA,2025,1847785
population,LVA,2024,1866124
population,LVA,2023,1883710
population,LVA,2022,1879383
population,LVA,2021,1884490
population,LVA,2020,1900449
population,LVA,2019,1913822
population,LVA,2018,1927174
population,LVA,2017,1942248
population,LVA,2016,1959537
population,LVA,2015,1977527
population,LVA,2014,1993782
population,LBN,2025,5849421
population,LBN,2024,5805962
population,LBN,2023,5773493
population,LBN,2022,5744489
population,LBN,2021,5718122
population,LBN,2020,5702398
population,LBN,2019,5794594
population,LBN,2018,5984119
population,LBN,2017,6160128
population,LBN,2016,6323060
population,LBN,2015,6472469
population,LBN,2014,6346990
population,LSO,2025,2363325
population,LSO,2024,2337423
population,LSO,2023,2311472
population,LSO,2022,2286110
population,LSO,2021,2261542
population,LSO,2020,2235727
population,LSO,2019,2209405
population,LSO,2018,2183603
population,LSO,2017,2157110
population,LSO,2016,2130422
population,LSO,2015,2104611
population,LSO,2014,2080089
population,LBR,2025,5731206
population,LBR,2024,5612817
population,LBR,2023,5493031
population,LBR,2022,5373294
population,LBR,2021,5259323
population,LBR,2020,5149463
population,LBR,2019,5043721
population,LBR,2018,4944726
population,LBR,2017,4848925
population,LBR,2016,4755608
population,LBR,2015,4659431
population,LBR,2014,4564293
population,LBY,2025,7458555
population,LBY,2024,7381023
population,LBY,2023,7305659
population,LBY,2022,7223805
population,LBY,2021,7135175
population,LBY,2020,7045399
population,LBY,2019,6951033
population,LBY,2018,6849055
population,LBY,2017,6738770
population,LBY,2016,6632126
population,LBY,2015,6531819
population,LBY,2014,6427252
population,LIE,2025,41024
population,LIE,2024,40450
population,LIE,2023,39846
population,LIE,2022,39493
population,LIE,2021,39182
population,LIE,2020,38901
population,LIE,2019,38563
population,LIE,2018,38246
population,LIE,2017,37962
population,LIE,2016,37716
population,LIE,2015,37494
population,LIE,2014,37248
population,LTU,2025,2888774
population,LTU,2024,2888278
population,LTU,2023,2871585
population,LTU,2022,2831639
population,LTU,2021,2808380
population,LTU,2020,2810369
population,LTU,2019,2811089
population,LTU,2018,2819200
population,LTU,2017,2842639
population,LTU,2016,2877325
population,LTU,2015,2911109
population,LTU,2014,2937253
population,LUX,2025,686970
population,LUX,2024,677012
population,LUX,2023,666430
population,LUX,2022,653103
population,LUX,2021,640064
population,LUX,2020,630419
population,LUX,2019,620001
population,LUX,2018,607950
population,LUX,2017,596336
population,LUX,2016,582014
population,LUX,2015,569604
population,LUX,2014,556319
population,MAC,2025,685900
population,MAC,2024,687000
population,MAC,2023,678800
population,MAC,2022,677300
population,MAC,2021,682500
population,MAC,2020,685400
population,MAC,2019,672000
population,MAC,2018,658900
population,MAC,2017,648400
population,MAC,2016,652500
population,MAC,2015,642900
population,MAC,2014,621700
population,MDG,2025,32740678
population,MDG,2024,31964956
population,MDG,2023,31195932
population,MDG,2022,30437261
population,MDG,2021,29691083
population,MDG,2020,28953556
population,MDG,2019,28219554
population,MDG,2018,27494926
population,MDG,2017,26788375
population,MDG,2016,26099952
population,MDG,2015,25426702
population,MDG,2014,24764348
population,MWI,2025,22216120
population,MWI,2024,21655286
population,MWI,2023,21104482
population,MWI,2022,20568728
population,MWI,2021,20047258
population,MWI,2020,19533888
population,MWI,2019,19025752
population,MWI,2018,18528081
population,MWI,2017,18039715
population,MWI,2016,17557739
population,MWI,2015,17085587
population,MWI,2014,16621538
population,MYS,2025,35977838
population,MYS,2024,35557673
population,MYS,2023,35126298
population,MYS,2022,34695493
population,MYS,2021,34282399
population,MYS,2020,33889558
population,MYS,2019,33440596
population,MYS,2018,32910967
population,MYS,2017,32355644
population,MYS,2016,31789685
population,MYS,2015,31232798
population,MYS,2014,30696137
population,MDV,2025,529676
population,MDV,2024,527799
population,MDV,2023,525994
population,MDV,2022,524106
population,MDV,2021,516154
population,MDV,2020,502118
population,MDV,2019,487731
population,MDV,2018,473099
population,MDV,2017,458287
population,MDV,2016,443308
population,MDV,2015,428154
population,MDV,2014,413617
population,MLI,2025,25198821
population,MLI,2024,24478595
population,MLI,2023,23769127
population,MLI,2022,23072640
population,MLI,2021,22388630
population,MLI,2020,21713836
population,MLI,2019,21068405
population,MLI,2018,20442030
population,MLI,2017,19813011
population,MLI,2016,19191289
population,MLI,2015,18593022
population,MLI,2014,18020267
population,MLT,2025,579704
population,MLT,2024,568847
population,MLT,2023,552747
population,MLT,2022,531113
population,MLT,2021,518150
population,MLT,2020,515490
population,MLT,2019,503912
population,MLT,2018,483903
population,MLT,2017,467106
population,MLT,2016,454505
population,MLT,2015,444220
population,MLT,2014,433481
population,MHL,2025,36282
population,MHL,2024,37548
population,MHL,2023,38827
population,MHL,2022,40077
population,MHL,2021,41367
population,MHL,2020,42706
population,MHL,2019,44007
population,MHL,2018,45285
population,MHL,2017,46529
population,MHL,2016,47709
population,MHL,2015,48800
population,MHL,2014,49796
population,MRT,2025,5315065
population,MRT,2024,5169395
population,MRT,2023,5022441
population,MRT,2022,4875637
population,MRT,2021,4734874
population,MRT,2020,4600131
population,MRT,2019,4467708
population,MRT,2018,4337685
population,MRT,2017,4210600
population,MRT,2016,4086657
population,MRT,2015,3965959
population,MRT,2014,3848514
population,MUS,2025,1243741
population,MUS,2024,1245779
population,MUS,2023,1248647
population,MUS,2022,1262523
population,MUS,2021,1266334
population,MUS,2020,1266014
population,MUS,2019,1265985
population,MUS,2018,1265577
population,MUS,2017,1264887
population,MUS,2016,1263747
population,MUS,2015,1262879
population,MUS,2014,1261208
population,MEX,2025,131946900
population,MEX,2024,130861007
population,MEX,2023,129739759
population,MEX,2022,128613117
population,MEX,2021,127648148
population,MEX,2020,126799054
population,MEX,2019,125762982
population,MEX,2018,124573711
population,MEX,2017,123400057
population,MEX,2016,122251351
population,MEX,2015,121072306
population,MEX,2014,119784261
population,FSM,2025,113683
population,FSM,2024,113160
population,FSM,2023,112630
population,FSM,2022,112114
population,FSM,2021,111624
population,FSM,2020,110916
population,FSM,2019,110282
population,FSM,2018,109909
population,FSM,2017,109481
population,FSM,2016,109075
population,FSM,2015,108716
population,FSM,2014,108396
population,MDA,2025,2360527
population,MDA,2024,2402306
population,MDA,2023,2457783
population,MDA,2022,2528654
population,MDA,2021,2595809
population,MDA,2020,2635130
population,MDA,2019,2664224
population,MDA,2018,2707203
population,MDA,2017,2755189
population,MDA,2016,2803186
population,MDA,2015,2835978
population,MDA,2014,2857815
population,MCO,2025,38341
population,MCO,2024,38631
population,MCO,2023,38956
population,MCO,2022,38931
population,MCO,2021,38527
population,MCO,2020,38050
population,MCO,2019,38109
population,MCO,2018,38154
population,MCO,2017,37678
population,MCO,2016,37276
population,MCO,2015,36757
population,MCO,2014,36128
population,MNG,2025,3568978
population,MNG,2024,3524788
population,MNG,2023,3481145
population,MNG,2022,3433748
population,MNG,2021,3383741
population,MNG,2020,3327204
population,MNG,2019,3267673
population,MNG,2018,3208189
population,MNG,2017,3148917
population,MNG,2016,3088856
population,MNG,2015,3026864
population,MNG,2014,2963113
population,MNE,2025,623129
population,MNE,2024,623525
population,MNE,2023,623529
population,MNE,2022,623591
population,MNE,2021,625053
population,MNE,2020,626590
population,MNE,2019,626753
population,MNE,2018,626438
population,MNE,2017,625982
population,MNE,2016,625353
population,MNE,2015,624651
population,MNE,2014,623744
population,MAR,2025,38430770
population,MAR,2024,38081173
population,MAR,2023,37712505
population,MAR,2022,37329064
population,MAR,2021,36954442
population,MAR,2020,36584208
population,MAR,2019,36210898
population,MAR,2018,35839760
population,MAR,2017,35446392
population,MAR,2016,35023457
population,MAR,2015,34607588
population,MAR,2014,34204780
population,MOZ,2025,35631653
population,MOZ,2024,34631766
population,MOZ,2023,33635160
population,MOZ,2022,32656246
population,MOZ,2021,31707800
population,MOZ,2020,30783688
population,MOZ,2019,29884380
population,MOZ,2018,29018644
population,MOZ,2017,28166393
population,MOZ,2016,27337105
population,MOZ,2015,26547572
population,MOZ,2014,25788475
population,MMR,2025,54850648
population,MMR,2024,54500091
population,MMR,2023,54133798
population,MMR,2022,53756787
population,MMR,2021,53387102
population,MMR,2020,53016522
population,MMR,2019,52640713
population,MMR,2018,52272247
population,MMR,2017,51894938
population,MMR,2016,51495696
population,MMR,2015,51089056
population,MMR,2014,50681634
population,NAM,2025,3092816
population,NAM,2024,3030131
population,NAM,2023,2963095
population,NAM,2022,2889662
population,NAM,2021,2810548
population,NAM,2020,2728762
population,NAM,2019,2650494
population,NAM,2018,2577327
population,NAM,2017,2506853
population,NAM,2016,2439213
population,NAM,2015,2374300
population,NAM,2014,2312139
population,NRU,2025,12025
population,NRU,2024,11947
population,NRU,2023,11875
population,NRU,2022,11801
population,NRU,2021,11709
population,NRU,2020,11643
population,NRU,2019,11587
population,NRU,2018,11477
population,NRU,2017,11324
population,NRU,2016,11150
population,NRU,2015,10954
population,NRU,2014,10742
population,NPL,2025,29618118
population,NPL,2024,29651054
population,NPL,2023,29694614
population,NPL,2022,29715436
population,NPL,2021,29475010
population,NPL,2020,28966574
population,NPL,2019,28414064
population,NPL,2018,28079689
population,NPL,2017,28011258
population,NPL,2016,27955462
population,NPL,2015,27823629
population,NPL,2014,27672370
population,NLD,2025,18087633
population,NLD,2024,17993485
population,NLD,2023,17877117
population,NLD,2022,17700982
population,NLD,2021,17533044
population,NLD,2020,17441500
population,NLD,2019,17344874
population,NLD,2018,17231624
population,NLD,2017,17131296
population,NLD,2016,17030314
population,NLD,2015,16939923
population,NLD,2014,16865008
population,NCL,2025,295333
population,NCL,2024,292639
population,NCL,2023,289870
population,NCL,2022,287123
population,NCL,2021,285214
population,NCL,2020,284176
population,NCL,2019,283606
population,NCL,2018,283541
population,NCL,2017,283546
population,NCL,2016,283423
population,NCL,2015,283168
population,NCL,2014,281224
population,NZL,2025,5324700
population,NZL,2024,5290000
population,NZL,2023,5200000
population,NZL,2022,5081700
population,NZL,2021,5084600
population,NZL,2020,5072400
population,NZL,2019,4970300
population,NZL,2018,4900600
population,NZL,2017,4813600
population,NZL,2016,4714100
population,NZL,2015,4609400
population,NZL,2014,4516500
population,NIC,2025,7007502
population,NIC,2024,6916140
population,NIC,2023,6823613
population,NIC,2022,6730654
population,NIC,2021,6644741
population,NIC,2020,6565267
population,NIC,2019,6483657
population,NIC,2018,6400080
population,NIC,2017,6316231
population,NIC,2016,6232666
population,NIC,2015,6149417
population,NIC,2014,6066492
population,NER,2025,27917831
population,NER,2024,27032412
population,NER,2023,26159867
population,NER,2022,25311973
population,NER,2021,24502140
population,NER,2020,23717613
population,NER,2019,22947757
population,NER,2018,22188069
population,NER,2017,21435446
population,NER,2016,20685753
population,NER,2015,19939498
population,NER,2014,19215909
population,NGA,2025,237527782
population,NGA,2024,232679478
population,NGA,2023,227882945
population,NGA,2022,223150896
population,NGA,2021,218529286
population,NGA,2020,213996181
population,NGA,2019,209485641
population,NGA,2018,204938755
population,NGA,2017,200254579
population,NGA,2016,195443700
population,NGA,2015,190671878
population,NGA,2014,185896915
population,MKD,2025,1820909
population,MKD,2024,1824359
population,MKD,2023,1827816
population,MKD,2022,1831712
population,MKD,2021,1837114
population,MKD,2020,1856124
population,MKD,2019,1876262
population,MKD,2018,1889051
population,MKD,2017,1898657
population,MKD,2016,1906313
population,MKD,2015,1912430
population,MKD,2014,1917557
population,MNP,2025,43541
population,MNP,2024,44278
population,MNP,2023,45143
population,MNP,2022,46078
population,MNP,2021,46979
population,MNP,2020,47528
population,MNP,2019,48129
population,MNP,2018,49077
population,MNP,2017,49959
population,MNP,2016,50773
population,MNP,2015,51514
population,MNP,2014,52178
population,NOR,2025,5610870
population,NOR,2024,5572279
population,NOR,2023,5519601
population,NOR,2022,5457127
population,NOR,2021,5408320
population,NOR,2020,5379475
population,NOR,2019,5347896
population,NOR,2018,5311916
population,NOR,2017,5276968
population,NOR,2016,5234519
population,NOR,2015,5188607
population,NOR,2014,5137232
population,OMN,2025,5494691
population,OMN,2024,5281538
population,OMN,2023,5049269
population,OMN,2022,4730226
population,OMN,2021,4500424
population,OMN,2020,4522497
population,OMN,2019,4591241
population,OMN,2018,4597877
population,OMN,2017,4537396
population,OMN,2016,4390877
population,OMN,2015,4184895
population,OMN,2014,4002439
population,PAK,2025,255219554
population,PAK,2024,251269164
population,PAK,2023,247504495
population,PAK,2022,243700667
population,PAK,2021,239477801
population,PAK,2020,235001746
population,PAK,2019,230800899
population,PAK,2018,226928892
population,PAK,2017,223273967
population,PAK,2016,220138869
population,PAK,2015,217290883
population,PAK,2014,214264647
population,PLW,2025,17663
population,PLW,2024,17695
population,PLW,2023,17727
population,PLW,2022,17759
population,PLW,2021,17783
population,PLW,2020,17792
population,PLW,2019,17798
population,PLW,2018,17814
population,PLW,2017,17812
population,PLW,2016,17797
population,PLW,2015,17770
population,PLW,2014,17715
population,PAN,2025,4571189
population,PAN,2024,4515577
population,PAN,2023,4458759
population,PAN,2022,4400773
population,PAN,2021,4345405
population,PAN,2020,4293261
population,PAN,2019,4234700
population,PAN,2018,4167860
population,PAN,2017,4098707
population,PAN,2016,4029086
population,PAN,2015,3960035
population,PAN,2014,3892101
population,PNG,2025,10762817
population,PNG,2024,10576502
population,PNG,2023,10389635
population,PNG,2022,10203169
population,PNG,2021,10012896
population,PNG,2020,9815746
population,PNG,2019,9609010
population,PNG,2018,9394513
population,PNG,2017,9178714
population,PNG,2016,8961718
population,PNG,2015,8743246
population,PNG,2014,8523441
population,PRY,2025,7013078
population,PRY,2024,6929153
population,PRY,2023,6844146
population,PRY,2022,6760464
population,PRY,2021,6684182
population,PRY,2020,6603739
population,PRY,2019,6515058
population,PRY,2018,6427382
population,PRY,2017,6338660
population,PRY,2016,6249126
population,PRY,2015,6159103
population,PRY,2014,6069811
population,PER,2025,34576665
population,PER,2024,34217848
population,PER,2023,33845617
population,PER,2022,33475438
population,PER,2021,33155882
population,PER,2020,32838579
population,PER,2019,32449303
population,PER,2018,31897584
population,PER,2017,31324637
population,PER,2016,30866494
population,PER,2015,30457600
population,PER,2014,30115826
population,PHL,2025,116786962
population,PHL,2024,115843670
population,PHL,2023,114891199
population,PHL,2022,113964338
population,PHL,2021,113100950
population,PHL,2020,112081264
population,PHL,2019,110804683
population,PHL,2018,109465287
population,PHL,2017,108119693
population,PHL,2016,106735719
population,PHL,2015,105312992
population,PHL,2014,103767130
population,POL,2025,36435861
population,POL,2024,36559233
population,POL,2023,36687353
population,POL,2022,36821749
population,POL,2021,36981559
population,POL,2020,37515748
population,POL,2019,37965475
population,POL,2018,37974750
population,POL,2017,37974826
population,POL,2016,37970087
population,POL,2015,37986412
population,POL,2014,38011735
population,PRT,2025,10804871
population,PRT,2024,10694681
population,PRT,2023,10578174
population,PRT,2022,10434332
population,PRT,2021,10361831
population,PRT,2020,10297081
population,PRT,2019,10286263
population,PRT,2018,10283822
population,PRT,2017,10300300
population,PRT,2016,10325452
population,PRT,2015,10358076
population,PRT,2014,10401062
population,PRI,2025,3184835
population,PRI,2024,3202521
population,PRI,2023,3203794
population,PRI,2022,3220148
population,PRI,2021,3262731
population,PRI,2020,3281591
population,PRI,2019,3302691
population,PRI,2018,3290690
population,PRI,2017,3410837
population,PRI,2016,3480432
population,PRI,2015,3535167
population,PRI,2014,3585017
population,QAT,2025,2972215
population,QAT,2024,2857822
population,QAT,2023,2656032
population,QAT,2022,2657333
population,QAT,2021,2504910
population,QAT,2020,2794148
population,QAT,2019,2638657
population,QAT,2018,2580734
population,QAT,2017,2545820
population,QAT,2016,2477113
population,QAT,2015,2344557
population,QAT,2014,2151745
population,ROU,2025,19020271
population,ROU,2024,19051804
population,ROU,2023,19061062
population,ROU,2022,19048502
population,ROU,2021,19122059
population,ROU,2020,19265250
population,ROU,2019,19371648
population,ROU,2018,19473970
population,ROU,2017,19588715
population,ROU,2016,19702267
population,ROU,2015,19815616
population,ROU,2014,19908979
population,RUS,2025,143513328
population,RUS,2024,143669648
population,RUS,2023,143826130
population,RUS,2022,144236933
population,RUS,2021,144746762
population,RUS,2020,145245148
population,RUS,2019,145453291
population,RUS,2018,145398106
population,RUS,2017,145293260
population,RUS,2016,145015460
population,RUS,2015,144640716
population,RUS,2014,144237223
population,RWA,2025,14569341
population,RWA,2024,14256567
population,RWA,2023,13954471
population,RWA,2022,13651030
population,RWA,2021,13355260
population,RWA,2020,13065837
population,RWA,2019,12776103
population,RWA,2018,12487996
population,RWA,2017,12202060
population,RWA,2016,11919183
population,RWA,2015,11640022
population,RWA,2014,11364757
population,WSM,2025,219306
population,WSM,2024,218019
population,WSM,2023,216663
population,WSM,2022,215261
population,WSM,2021,213779
population,WSM,2020,211944
population,WSM,2019,209780
population,WSM,2018,207582
population,WSM,2017,205415
population,WSM,2016,203499
population,WSM,2015,201782
population,WSM,2014,200037
population,SMR,2025,34109
population,SMR,2024,33977
population,SMR,2023,33860
population,SMR,2022,33755
population,SMR,2021,34252
population,SMR,2020,34770
population,SMR,2019,34663
population,SMR,2018,34522
population,SMR,2017,33825
population,SMR,2016,33101
population,SMR,2015,32897
population,SMR,2014,32655
population,STP,2025,240254
population,STP,2024,235536
population,STP,2023,230871
population,STP,2022,226305
population,STP,2021,221961
population,STP,2020,217435
population,STP,2019,213392
population,STP,2018,210187
population,STP,2017,206970
population,STP,2016,203689
population,STP,2015,200291
population,STP,2014,196767
population,SAU,2025,36973555
population,SAU,2024,35300280
population,SAU,2023,33702731
population,SAU,2022,32175224
population,SAU,2021,30784383
population,SAU,2020,31552510
population,SAU,2019,30063799
population,SAU,2018,30196281
population,SAU,2017,30977355
population,SAU,2016,30954198
population,SAU,2015,29816382
population,SAU,2014,28309273
population,SEN,2025,18931966
population,SEN,2024,18501984
population,SEN,2023,18077573
population,SEN,2022,17651103
population,SEN,2021,17220867
population,SEN,2020,16789219
population,SEN,2019,16352922
population,SEN,2018,15914498
population,SEN,2017,15475002
population,SEN,2016,15034521
population,SEN,2015,14593331
population,SEN,2014,14152102
population,SRB,2025,6549143
population,SRB,2024,6586476
population,SRB,2023,6623183
population,SRB,2022,6664449
population,SRB,2021,6834326
population,SRB,2020,6899126
population,SRB,2019,6945235
population,SRB,2018,6982604
population,SRB,2017,7020858
population,SRB,2016,7058322
population,SRB,2015,7095383
population,SRB,2014,7131787
population,SYC,2025,122730
population,SYC,2024,121354
population,SYC,2023,119773
population,SYC,2022,119878
population,SYC,2021,99258
population,SYC,2020,98462
population,SYC,2019,97625
population,SYC,2018,96762
population,SYC,2017,95843
population,SYC,2016,94677
population,SYC,2015,93419
population,SYC,2014,91359
population,SLE,2025,8819794
population,SLE,2024,8642022
population,SLE,2023,8460512
population,SLE,2022,8276807
population,SLE,2021,8094602
population,SLE,2020,7912558
population,SLE,2019,7731991
population,SLE,2018,7554563
population,SLE,2017,7379299
population,SLE,2016,7205328
population,SLE,2015,7037655
population,SLE,2014,6876385
population,SGP,2025,6111175
population,SGP,2024,6036860
population,SGP,2023,5917648
population,SGP,2022,5637022
population,SGP,2021,5453566
population,SGP,2020,5685807
population,SGP,2019,5703569
population,SGP,2018,5638676
population,SGP,2017,5612253
population,SGP,2016,5607283
population,SGP,2015,5535002
population,SGP,2014,5469724
population,SXM,2025,43923
population,SXM,2024,43350
population,SXM,2023,42749
population,SXM,2022,42139
population,SXM,2021,41571
population,SXM,2020,41008
population,SXM,2019,40385
population,SXM,2018,39712
population,SXM,2017,38996
population,SXM,2016,38249
population,SXM,2015,37471
population,SXM,2014,36672
population,SVK,2025,5413813
population,SVK,2024,5422069
population,SVK,2023,5426740
population,SVK,2022,5431752
population,SVK,2021,5447247
population,SVK,2020,5458827
population,SVK,2019,5454147
population,SVK,2018,5446771
population,SVK,2017,5439232
population,SVK,2016,5430798
population,SVK,2015,5423801
population,SVK,2014,5418649
population,SVN,2025,2130986
population,SVN,2024,2127400
population,SVN,2023,2120461
population,SVN,2022,2112076
population,SVN,2021,2108079
population,SVN,2020,2102419
population,SVN,2019,2088385
population,SVN,2018,2073894
population,SVN,2017,2066388
population,SVN,2016,2065042
population,SVN,2015,2063531
population,SVN,2014,2061980
population,SLB,2025,838645
population,SLB,2024,819198
population,SLB,2023,800005
population,SLB,2022,781066
population,SLB,2021,762591
population,SLB,2020,744498
population,SLB,2019,728147
population,SLB,2018,709101
population,SLB,2017,685672
population,SLB,2016,662379
population,SLB,2015,639415
population,SLB,2014,616908
population,SOM,2025,19654739
population,SOM,2024,19009151
population,SOM,2023,18358615
population,SOM,2022,17801897
population,SOM,2021,17271431
population,SOM,2020,16651191
population,SOM,2019,16030971
population,SOM,2018,15452487
population,SOM,2017,14916629
population,SOM,2016,14348740
population,SOM,2015,13806963
population,SOM,2014,13339491
population,ZAF,2025,64747319
population,ZAF,2024,64007187
population,ZAF,2023,63212384
population,ZAF,2022,62378410
population,ZAF,2021,61502603
population,ZAF,2020,60562381
population,ZAF,2019,59587885
population,ZAF,2018,58613001
population,ZAF,2017,57635162
population,ZAF,2016,57259551
population,ZAF,2015,56723537
population,ZAF,2014,55594838
population,SSD,2025,12188788
population,SSD,2024,11943408
population,SSD,2023,11483374
population,SSD,2022,11021177
population,SSD,2021,10865780
population,SSD,2020,10698467
population,SSD,2019,10423384
population,SSD,2018,10122977
population,SSD,2017,10259154
population,SSD,2016,10830102
population,SSD,2015,11107561
population,SSD,2014,11235073
population,ESP,2025,49355143
population,ESP,2024,48848840
population,ESP,2023,48352528
population,ESP,2022,47786102
population,ESP,2021,47443821
population,ESP,2020,47359424
population,ESP,2019,47118501
population,ESP,2018,46782011
population,ESP,2017,46571232
population,ESP,2016,46458139
population,ESP,2015,46422303
population,ESP,2014,46460733
population,LKA,2025,21756000
population,LKA,2024,21916000
population,LKA,2023,22037000
population,LKA,2022,22181000
population,LKA,2021,22156000
population,LKA,2020,21919000
population,LKA,2019,21803000
population,LKA,2018,21670000
population,LKA,2017,21453000
population,LKA,2016,21209000
population,LKA,2015,20970000
population,LKA,2014,20778000
population,KNA,2025,46922
population,KNA,2024,46843
population,KNA,2023,46758
population,KNA,2022,46709
population,KNA,2021,46763
population,KNA,2020,46870
population,KNA,2019,46952
population,KNA,2018,47008
population,KNA,2017,47050
population,KNA,2016,47075
population,KNA,2015,47087
population,KNA,2014,47089
population,LCA,2025,180149
population,LCA,2024,179744
population,LCA,2023,179285
population,LCA,2022,178781
population,LCA,2021,178522
population,LCA,2020,178250
population,LCA,2019,177661
population,LCA,2018,177017
population,LCA,2017,176342
population,LCA,2016,175646
population,LCA,2015,174905
population,LCA,2014,174138
population,MAF,2025,24941
population,MAF,2024,26129
population,MAF,2023,27515
population,MAF,2022,28870
population,MAF,2021,29961
population,MAF,2020,31786
population,MAF,2019,34267
population,MAF,2018,36012
population,MAF,2017,36837
population,MAF,2016,37175
population,MAF,2015,37369
population,MAF,2014,37450
population,VCT,2025,99924
population,VCT,2024,100616
population,VCT,2023,101323
population,VCT,2022,102046
population,VCT,2021,102841
population,VCT,2020,103526
population,VCT,2019,104167
population,VCT,2018,104926
population,VCT,2017,105663
population,VCT,2016,106349
population,VCT,2015,106960
population,VCT,2014,107535
population,SDN,2025,51662147
population,SDN,2024,50448963
population,SDN,2023,50042791
population,SDN,2022,49383346
population,SDN,2021,48066924
population,SDN,2020,46789231
population,SDN,2019,45548175
population,SDN,2018,44230596
population,SDN,2017,42714306
population,SDN,2016,41259892
population,SDN,2015,40024431
population,SDN,2014,38823318
population,SUR,2025,639850
population,SUR,2024,634431
population,SUR,2023,628886
population,SUR,2022,623164
population,SUR,2021,617896
population,SUR,2020,612317
population,SUR,2019,605768
population,SUR,2018,599513
population,SUR,2017,593713
population,SUR,2016,587757
population,SUR,2015,581627
population,SUR,2014,575373
population,SWE,2025,10596620
population,SWE,2024,10569709
population,SWE,2023,10536632
population,SWE,2022,10486941
population,SWE,2021,10415811
population,SWE,2020,10353442
population,SWE,2019,10278887
population,SWE,2018,10175214
population,SWE,2017,10057698
population,SWE,2016,9923085
population,SWE,2015,9799186
population,SWE,2014,9696110
population,CHE,2025,9092436
population,CHE,2024,9005582
population,CHE,2023,8888822
population,CHE,2022,8777088
population,CHE,2021,8704546
population,CHE,2020,8638167
population,CHE,2019,8575280
population,CHE,2018,8514329
population,CHE,2017,8451840
population,CHE,2016,8373338
population,CHE,2015,8282396
population,CHE,2014,8188649
population,SYR,2025,25620427
population,SYR,2024,24672760
population,SYR,2023,23594623
population,SYR,2022,22462173
population,SYR,2021,21628839
population,SYR,2020,21049429
population,SYR,2019,20353534
population,SYR,2018,19577845
population,SYR,2017,19224668
population,SYR,2016,19193834
population,SYR,2015,19424618
population,SYR,2014,20273659
population,TJK,2025,10786734
population,TJK,2024,10590927
population,TJK,2023,10389799
population,TJK,2022,10182222
population,TJK,2021,9966908
population,TJK,2020,9749310
population,TJK,2019,9529966
population,TJK,2018,9307333
population,TJK,2017,9085946
population,TJK,2016,8865631
population,TJK,2015,8643840
population,TJK,2014,8425552
population,TZA,2025,70545865
population,TZA,2024,68560157
population,TZA,2023,66617606
population,TZA,2022,64711821
population,TZA,2021,62830412
population,TZA,2020,60972798
population,TZA,2019,59174891
population,TZA,2018,57437145
population,TZA,2017,55652890
population,TZA,2016,53824013
population,TZA,2015,52020962
population,TZA,2014,50351512
population,THA,2025,71619863
population,THA,2024,71668011
population,THA,2023,71702435
population,THA,2022,71735329
population,THA,2021,71727332
population,THA,2020,71641484
population,THA,2019,71522271
population,THA,2018,71376079
population,THA,2017,71160187
population,THA,2016,70859841
population,THA,2015,70540795
population,THA,2014,70216367
population,TLS,2025,1418517
population,TLS,2024,1400638
population,TLS,2023,1384286
population,TLS,2022,1369295
population,TLS,2021,1350139
population,TLS,2020,1326053
population,TLS,2019,1300945
population,TLS,2018,1275959
population,TLS,2017,1251703
population,TLS,2016,1228312
population,TLS,2015,1205131
population,TLS,2014,1181903
population,TGO,2025,8591626
population,TGO,2024,8406558
population,TGO,2023,8223850
population,TGO,2022,8068616
population,TGO,2021,7936176
population,TGO,2020,7788054
population,TGO,2019,7619925
population,TGO,2018,7458206
population,TGO,2017,7324386
population,TGO,2016,7200884
population,TGO,2015,7071502
population,TGO,2014,6937644
population,TON,2025,103742
population,TON,2024,104175
population,TON,2023,104597
population,TON,2022,105042
population,TON,2021,105490
population,TON,2020,105704
population,TON,2019,105669
population,TON,2018,105567
population,TON,2017,105356
population,TON,2016,105524
population,TON,2015,106095
population,TON,2014,106609
population,TTO,2025,1367764
population,TTO,2024,1368333
population,TTO,2023,1367510
population,TTO,2022,1365805
population,TTO,2021,1367558
population,TTO,2020,1366725
population,TTO,2019,1363985
population,TTO,2018,1359193
population,TTO,2017,1356633
population,TTO,2016,1353895
population,TTO,2015,1349667
population,TTO,2014,1345343
population,TUN,2025,12348573
population,TUN,2024,12277109
population,TUN,2023,12200431
population,TUN,2022,12119334
population,TUN,2021,12048622
population,TUN,2020,11974057
population,TUN,2019,11875081
population,TUN,2018,11765514
population,TUN,2017,11650498
population,TUN,2016,11528674
population,TUN,2015,11402264
population,TUN,2014,11274288
population,TUR,2025,85878556
population,TUR,2024,85518661
population,TUR,2023,85325965
population,TUR,2022,84979913
population,TUR,2021,84147318
population,TUR,2020,83384680
population,TUR,2019,82579440
population,TUR,2018,81407204
population,TUR,2017,80312698
population,TUR,2016,79277962
population,TUR,2015,78218479
population,TUR,2014,77181884
population,TKM,2025,7618847
population,TKM,2024,7494498
population,TKM,2023,7364438
population,TKM,2022,7230193
population,TKM,2021,7092043
population,TKM,2020,6949912
population,TKM,2019,6803944
population,TKM,2018,6655524
population,TKM,2017,6507061
population,TKM,2016,6360041
population,TKM,2015,6215770
population,TKM,2014,6075283
population,TCA,2025,46855
population,TCA,2024,46535
population,TCA,2023,46198
population,TCA,2022,45847
population,TCA,2021,45243
population,TCA,2020,44386
population,TCA,2019,43166
population,TCA,2018,41559
population,TCA,2017,39913
population,TCA,2016,38315
population,TCA,2015,36605
population,TCA,2014,35050
population,TUV,2025,9492
population,TUV,2024,9646
population,TUV,2023,9816
population,TUV,2022,9992
population,TUV,2021,10194
population,TUV,2020,10399
population,TUV,2019,10581
population,TUV,2018,10751
population,TUV,2017,10869
population,TUV,2016,10930
population,TUV,2015,10963
population,TUV,2014,10984
population,UGA,2025,51384894
population,UGA,2024,50015092
population,UGA,2023,48656601
population,UGA,2022,47312719
population,UGA,2021,45910930
population,UGA,2020,44457152
population,UGA,2019,42999637
population,UGA,2018,41565831
population,UGA,2017,40177388
population,UGA,2016,38799152
population,UGA,2015,37531446
population,UGA,2014,36395539
population,UKR,2025,38980376
population,UKR,2024,37860221
population,UKR,2023,37732836
population,UKR,2022,41048766
population,UKR,2021,44298640
population,UKR,2020,44680014
population,UKR,2019,44957458
population,UKR,2018,45208907
population,UKR,2017,45436041
population,UKR,2016,45616832
population,UKR,2015,45784896
population,UKR,2014,45972380
population,ARE,2025,11513149
population,ARE,2024,10986400
population,ARE,2023,10483751
population,ARE,2022,10074977
population,ARE,2021,9575152
population,ARE,2020,9401038
population,ARE,2019,9445785
population,ARE,2018,9346701
population,ARE,2017,9223225
population,ARE,2016,8935095
population,ARE,2015,8505237
population,ARE,2014,8059440
population,GBR,2025,69487000
population,GBR,2024,69281000
population,GBR,2023,68526000
population,GBR,2022,67636000
population,GBR,2021,66978000
population,GBR,2020,66740000
population,GBR,2019,66628000
population,GBR,2018,66287000
population,GBR,2017,65964000
population,GBR,2016,65606000
population,GBR,2015,65087000
population,GBR,2014,64619000
population,USA,2025,341784857
population,USA,2024,340003797
population,USA,2023,336755052
population,USA,2022,333996304
population,USA,2021,332100166
population,USA,2020,331578104
population,USA,2019,330226227
population,USA,2018,328529577
population,USA,2017,326608609
population,USA,2016,324353340
population,USA,2015,321815121
population,USA,2014,319257560
population,URY,2025,3384688
population,URY,2024,3386588
population,URY,2023,3388081
population,URY,2022,3390913
population,URY,2021,3396695
population,URY,2020,3398968
population,URY,2019,3397206
population,URY,2018,3394534
population,URY,2017,3388438
population,URY,2016,3379283
population,URY,2015,3368017
population,URY,2014,3356334
population,UZB,2025,37053428
population,UZB,2024,36361859
population,UZB,2023,35652307
population,UZB,2022,34938955
population,UZB,2021,34243696
population,UZB,2020,33586372
population,UZB,2019,32964701
population,UZB,2018,32373490
population,UZB,2017,31819178
population,UZB,2016,31284568
population,UZB,2015,30749346
population,UZB,2014,30222994
population,VUT,2025,335169
population,VUT,2024,327777
population,VUT,2023,320409
population,VUT,2022,313046
population,VUT,2021,305868
population,VUT,2020,298858
population,VUT,2019,291985
population,VUT,2018,285259
population,VUT,2017,278507
population,VUT,2016,272087
population,VUT,2015,266101
population,VUT,2014,260240
population,VEN,2025,28516896
population,VEN,2024,28405543
population,VEN,2023,28300854
population,VEN,2022,28213017
population,VEN,2021,28237826
population,VEN,2020,28444077
population,VEN,2019,28938098
population,VEN,2018,29807592
population,VEN,2017,30565323
population,VEN,2016,30765720
population,VEN,2015,30573972
population,VEN,2014,30254079
population,VNM,2025,101598527
population,VNM,2024,100987686
population,VNM,2023,100352192
population,VNM,2022,99680655
population,VNM,2021,98935098
population,VNM,2020,98079191
population,VNM,2019,97173776
population,VNM,2018,96237319
population,VNM,2017,95176977
population,VNM,2016,94000117
population,VNM,2015,92823254
population,VNM,2014,91679578
population,VIR,2025,103792
population,VIR,2024,104377
population,VIR,2023,104917
population,VIR,2022,105413
population,VIR,2021,105870
population,VIR,2020,106290
population,VIR,2019,106669
population,VIR,2018,107001
population,VIR,2017,107281
population,VIR,2016,107516
population,VIR,2015,107712
population,VIR,2014,107882
population,PSE,2025,5413596
population,PSE,2024,5289152
population,PSE,2023,5165775
population,PSE,2022,5043612
population,PSE,2021,4922749
population,PSE,2020,4803269
population,PSE,2019,4685306
population,PSE,2018,4569087
population,PSE,2017,4454805
population,PSE,2016,4367088
population,PSE,2015,4270092
population,PSE,2014,4173398
population,YEM,2025,41773878
population,YEM,2024,40583164
population,YEM,2023,39390799
population,YEM,2022,38222876
population,YEM,2021,37140230
population,YEM,2020,36134863
population,YEM,2019,35111408
population,YEM,2018,34085182
population,YEM,2017,33090921
population,YEM,2016,32109010
population,YEM,2015,31159379
population,YEM,2014,30226309
population,ZMB,2025,21913874
population,ZMB,2024,21314956
population,ZMB,2023,20723965
population,ZMB,2022,20152938
population,ZMB,2021,19603607
population,ZMB,2020,19059395
population,ZMB,2019,18513839
population,ZMB,2018,17973569
population,ZMB,2017,17441320
population,ZMB,2016,16914423
population,ZMB,2015,16399089
population,ZMB,2014,15895315
population,ZWE,2025,16950795
population,ZWE,2024,16634373
population,ZWE,2023,16340822
population,ZWE,2022,16069056
population,ZWE,2021,15797210
population,ZWE,2020,15526888
population,ZWE,2019,15271368
population,ZWE,2018,15034452
population,ZWE,2017,14812482
population,ZWE,2016,14600294
population,ZWE,2015,14399013
population,ZWE,2014,14207359
